Protocol,Benchmark,Algorithm,Instance,Seed,Iteration_Limit,Completed_Iterations,Reward,BKS,BKS_Gap_Percent,Total_Distance,Visited_Customers,Runtime_Seconds,Feasible,Batch_Workers,Source_Record
Fixed iteration,Chao,Ejection OFF,p4.2.a,0,2500,2500,206.0,206.0,0.0,49.62527483598225,,1.0674372000003132,True,2,02_fixed_2500_ejection_on_off/runs.csv
Fixed iteration,Chao,Ejection OFF,p4.2.a,1,2500,2500,206.0,206.0,0.0,49.62527483598225,,1.0689494999996896,True,2,02_fixed_2500_ejection_on_off/runs.csv
Fixed iteration,Chao,Ejection OFF,p4.2.a,2,2500,2500,206.0,206.0,0.0,49.62527483598225,,1.0649585999999545,True,2,02_fixed_2500_ejection_on_off/runs.csv
Fixed iteration,Chao,Ejection OFF,p4.2.a,3,2500,2500,206.0,206.0,0.0,49.62527483598225,,1.0704560999993191,True,2,02_fixed_2500_ejection_on_off/runs.csv
Fixed iteration,Chao,Ejection OFF,p4.2.b,0,2500,2500,341.0,341.0,0.0,59.37836875107186,,1.800416099999893,True,2,02_fixed_2500_ejection_on_off/runs.csv
Fixed iteration,Chao,Ejection OFF,p4.2.b,1,2500,2500,341.0,341.0,0.0,59.37836875107186,,1.7705728999999335,True,2,02_fixed_2500_ejection_on_off/runs.csv
Fixed iteration,Chao,Ejection OFF,p4.2.b,2,2500,2500,341.0,341.0,0.0,59.37836875107186,,1.7997831999991831,True,2,02_fixed_2500_ejection_on_off/runs.csv
Fixed iteration,Chao,Ejection OFF,p4.2.b,3,2500,2500,341.0,341.0,0.0,59.37836875107186,,1.7862919999997755,True,2,02_fixed_2500_ejection_on_off/runs.csv
Fixed iteration,Chao,Ejection OFF,p4.2.c,0,2500,2500,452.0,452.0,0.0,69.75857279532721,,2.475517500000024,True,2,02_fixed_2500_ejection_on_off/runs.csv
Fixed iteration,Chao,Ejection OFF,p4.2.c,1,2500,2500,452.0,452.0,0.0,69.75857279532721,,2.491789899999276,True,2,02_fixed_2500_ejection_on_off/runs.csv
Fixed iteration,Chao,Ejection OFF,p4.2.c,2,2500,2500,448.0,452.0,0.8849557522123894,69.73294882517067,,2.2845840999998472,True,2,02_fixed_2500_ejection_on_off/runs.csv
Fixed iteration,Chao,Ejection OFF,p4.2.c,3,2500,2500,448.0,452.0,0.8849557522123894,69.73294882517067,,2.3621712000003754,True,2,02_fixed_2500_ejection_on_off/runs.csv
Fixed iteration,Chao,Ejection OFF,p4.2.d,0,2500,2500,531.0,531.0,0.0,79.39430302627494,,3.118091800000002,True,2,02_fixed_2500_ejection_on_off/runs.csv
Fixed iteration,Chao,Ejection OFF,p4.2.d,1,2500,2500,514.0,531.0,3.2015065913371,79.27629350636285,,2.9815864000001966,True,2,02_fixed_2500_ejection_on_off/runs.csv
Fixed iteration,Chao,Ejection OFF,p4.2.d,2,2500,2500,528.0,531.0,0.5649717514124294,79.08627884403043,,3.038516200000231,True,2,02_fixed_2500_ejection_on_off/runs.csv
Fixed iteration,Chao,Ejection OFF,p4.2.d,3,2500,2500,529.0,531.0,0.3766478342749529,79.57429916209217,,3.169326700000056,True,2,02_fixed_2500_ejection_on_off/runs.csv
Fixed iteration,Chao,Ejection OFF,p4.2.e,0,2500,2500,602.0,618.0,2.588996763754045,89.90143634496326,,4.347277200000463,True,2,02_fixed_2500_ejection_on_off/runs.csv
Fixed iteration,Chao,Ejection OFF,p4.2.e,1,2500,2500,600.0,618.0,2.912621359223301,89.67160985798468,,4.260115000000042,True,2,02_fixed_2500_ejection_on_off/runs.csv
Fixed iteration,Chao,Ejection OFF,p4.2.e,2,2500,2500,602.0,618.0,2.588996763754045,89.90143634496326,,4.155102700000498,True,2,02_fixed_2500_ejection_on_off/runs.csv
Fixed iteration,Chao,Ejection OFF,p4.2.e,3,2500,2500,600.0,618.0,2.912621359223301,89.6790777787939,,4.10464520000005,True,2,02_fixed_2500_ejection_on_off/runs.csv
Fixed iteration,Chao,Ejection OFF,p4.2.f,0,2500,2500,678.0,687.0,1.3100436681222707,99.25817399176636,,4.288084699999672,True,2,02_fixed_2500_ejection_on_off/runs.csv
Fixed iteration,Chao,Ejection OFF,p4.2.f,1,2500,2500,676.0,687.0,1.6011644832605532,99.93760009395297,,4.316160000000309,True,2,02_fixed_2500_ejection_on_off/runs.csv
Fixed iteration,Chao,Ejection OFF,p4.2.f,2,2500,2500,675.0,687.0,1.7467248908296944,99.85641658312264,,4.731810999999652,True,2,02_fixed_2500_ejection_on_off/runs.csv
Fixed iteration,Chao,Ejection OFF,p4.2.f,3,2500,2500,678.0,687.0,1.3100436681222707,99.25817399176636,,4.30363269999998,True,2,02_fixed_2500_ejection_on_off/runs.csv
Fixed iteration,Chao,Ejection OFF,p4.2.g,0,2500,2500,745.0,757.0,1.5852047556142668,109.1333500834546,,5.106202299999495,True,2,02_fixed_2500_ejection_on_off/runs.csv
Fixed iteration,Chao,Ejection OFF,p4.2.g,1,2500,2500,736.0,757.0,2.774108322324967,108.89650221309483,,5.614704200000233,True,2,02_fixed_2500_ejection_on_off/runs.csv
Fixed iteration,Chao,Ejection OFF,p4.2.g,2,2500,2500,736.0,757.0,2.774108322324967,108.89650221309483,,5.982443900000362,True,2,02_fixed_2500_ejection_on_off/runs.csv
Fixed iteration,Chao,Ejection OFF,p4.2.g,3,2500,2500,729.0,757.0,3.6988110964332894,109.29857899953056,,5.228796399999737,True,2,02_fixed_2500_ejection_on_off/runs.csv
Fixed iteration,Chao,Ejection OFF,p4.2.h,0,2500,2500,795.0,835.0,4.790419161676646,119.67986318548962,,6.954250800000409,True,2,02_fixed_2500_ejection_on_off/runs.csv
Fixed iteration,Chao,Ejection OFF,p4.2.h,1,2500,2500,803.0,835.0,3.8323353293413174,119.93217552104798,,6.763176299999941,True,2,02_fixed_2500_ejection_on_off/runs.csv
Fixed iteration,Chao,Ejection OFF,p4.2.h,2,2500,2500,807.0,835.0,3.3532934131736525,119.9561609072116,,6.83024850000038,True,2,02_fixed_2500_ejection_on_off/runs.csv
Fixed iteration,Chao,Ejection OFF,p4.2.h,3,2500,2500,807.0,835.0,3.3532934131736525,119.9561609072116,,6.462433699999565,True,2,02_fixed_2500_ejection_on_off/runs.csv
Fixed iteration,Chao,Ejection OFF,p4.2.i,0,2500,2500,828.0,918.0,9.803921568627452,129.69161172558844,,7.101411200000257,True,2,02_fixed_2500_ejection_on_off/runs.csv
Fixed iteration,Chao,Ejection OFF,p4.2.i,1,2500,2500,892.0,918.0,2.832244008714597,129.07417963233905,,6.659735100000034,True,2,02_fixed_2500_ejection_on_off/runs.csv
Fixed iteration,Chao,Ejection OFF,p4.2.i,2,2500,2500,850.0,918.0,7.407407407407407,129.63917429353083,,7.192556199999672,True,2,02_fixed_2500_ejection_on_off/runs.csv
Fixed iteration,Chao,Ejection OFF,p4.2.i,3,2500,2500,845.0,918.0,7.952069716775599,129.54745001409043,,6.482672099999945,True,2,02_fixed_2500_ejection_on_off/runs.csv
Fixed iteration,Chao,Ejection OFF,p4.2.j,0,2500,2500,915.0,965.0,5.181347150259067,139.1423648672985,,8.439665999999306,True,2,02_fixed_2500_ejection_on_off/runs.csv
Fixed iteration,Chao,Ejection OFF,p4.2.j,1,2500,2500,915.0,965.0,5.181347150259067,139.30026690300903,,6.183591999999408,True,2,02_fixed_2500_ejection_on_off/runs.csv
Fixed iteration,Chao,Ejection OFF,p4.2.j,2,2500,2500,892.0,965.0,7.564766839378239,138.6958080867472,,7.262793399999282,True,2,02_fixed_2500_ejection_on_off/runs.csv
Fixed iteration,Chao,Ejection OFF,p4.2.j,3,2500,2500,916.0,965.0,5.077720207253886,139.70590375747952,,6.836645899999894,True,2,02_fixed_2500_ejection_on_off/runs.csv
Fixed iteration,Chao,Ejection OFF,p4.2.k,0,2500,2500,953.0,1022.0,6.75146771037182,148.95799156719937,,8.8508068000001,True,2,02_fixed_2500_ejection_on_off/runs.csv
Fixed iteration,Chao,Ejection OFF,p4.2.k,1,2500,2500,965.0,1022.0,5.577299412915851,149.68551109359953,,7.261419999999816,True,2,02_fixed_2500_ejection_on_off/runs.csv
Fixed iteration,Chao,Ejection OFF,p4.2.k,2,2500,2500,972.0,1022.0,4.892367906066537,149.43650717293957,,7.0249927999993815,True,2,02_fixed_2500_ejection_on_off/runs.csv
Fixed iteration,Chao,Ejection OFF,p4.2.k,3,2500,2500,945.0,1022.0,7.534246575342466,149.33944144913704,,6.733842500000719,True,2,02_fixed_2500_ejection_on_off/runs.csv
Fixed iteration,Chao,Ejection OFF,p4.2.l,0,2500,2500,1034.0,1074.0,3.7243947858473,158.5920756128878,,7.152461399999993,True,2,02_fixed_2500_ejection_on_off/runs.csv
Fixed iteration,Chao,Ejection OFF,p4.2.l,1,2500,2500,1041.0,1074.0,3.0726256983240225,159.5387737733766,,6.6348595999998,True,2,02_fixed_2500_ejection_on_off/runs.csv
Fixed iteration,Chao,Ejection OFF,p4.2.l,2,2500,2500,1035.0,1074.0,3.631284916201117,159.66786700214664,,7.7784789999996065,True,2,02_fixed_2500_ejection_on_off/runs.csv
Fixed iteration,Chao,Ejection OFF,p4.2.l,3,2500,2500,1034.0,1074.0,3.7243947858473,158.88063559327833,,7.510753100000329,True,2,02_fixed_2500_ejection_on_off/runs.csv
Fixed iteration,Chao,Ejection OFF,p4.2.m,0,2500,2500,1078.0,1132.0,4.770318021201414,169.2536337874349,,7.498692899999696,True,2,02_fixed_2500_ejection_on_off/runs.csv
Fixed iteration,Chao,Ejection OFF,p4.2.m,1,2500,2500,1095.0,1132.0,3.2685512367491167,169.62951196770666,,7.079771499999879,True,2,02_fixed_2500_ejection_on_off/runs.csv
Fixed iteration,Chao,Ejection OFF,p4.2.m,2,2500,2500,1029.0,1132.0,9.098939929328623,169.75207695647674,,9.464753399999609,True,2,02_fixed_2500_ejection_on_off/runs.csv
Fixed iteration,Chao,Ejection OFF,p4.2.m,3,2500,2500,1082.0,1132.0,4.41696113074205,169.6422450456983,,7.311445599999388,True,2,02_fixed_2500_ejection_on_off/runs.csv
Fixed iteration,Chao,Ejection OFF,p4.2.n,0,2500,2500,1128.0,1174.0,3.918228279386712,179.41552011455735,,8.571034300000065,True,2,02_fixed_2500_ejection_on_off/runs.csv
Fixed iteration,Chao,Ejection OFF,p4.2.n,1,2500,2500,1116.0,1174.0,4.940374787052811,178.93086400928908,,9.95119270000032,True,2,02_fixed_2500_ejection_on_off/runs.csv
Fixed iteration,Chao,Ejection OFF,p4.2.n,2,2500,2500,1080.0,1174.0,8.006814310051107,178.87243474394086,,7.722899499999585,True,2,02_fixed_2500_ejection_on_off/runs.csv
Fixed iteration,Chao,Ejection OFF,p4.2.n,3,2500,2500,1132.0,1174.0,3.577512776831346,179.41375537064715,,7.03729039999962,True,2,02_fixed_2500_ejection_on_off/runs.csv
Fixed iteration,Chao,Ejection OFF,p4.2.o,0,2500,2500,1150.0,1218.0,5.582922824302135,189.63144211283668,,9.158341600000313,True,2,02_fixed_2500_ejection_on_off/runs.csv
Fixed iteration,Chao,Ejection OFF,p4.2.o,1,2500,2500,1165.0,1218.0,4.351395730706075,189.17053956629772,,8.083682899999985,True,2,02_fixed_2500_ejection_on_off/runs.csv
Fixed iteration,Chao,Ejection OFF,p4.2.o,2,2500,2500,1197.0,1218.0,1.7241379310344827,189.13488416479856,,6.041420099999414,True,2,02_fixed_2500_ejection_on_off/runs.csv
Fixed iteration,Chao,Ejection OFF,p4.2.o,3,2500,2500,1200.0,1218.0,1.477832512315271,188.690067263908,,6.328603099999782,True,2,02_fixed_2500_ejection_on_off/runs.csv
Fixed iteration,Chao,Ejection OFF,p4.2.p,0,2500,2500,1216.0,1242.0,2.0933977455716586,199.6699374989045,,6.417696099999375,True,2,02_fixed_2500_ejection_on_off/runs.csv
Fixed iteration,Chao,Ejection OFF,p4.2.p,1,2500,2500,1209.0,1242.0,2.657004830917874,199.1822631598244,,6.666336399999636,True,2,02_fixed_2500_ejection_on_off/runs.csv
Fixed iteration,Chao,Ejection OFF,p4.2.p,2,2500,2500,1215.0,1242.0,2.1739130434782608,199.7911101160061,,6.317432400000143,True,2,02_fixed_2500_ejection_on_off/runs.csv
Fixed iteration,Chao,Ejection OFF,p4.2.p,3,2500,2500,1235.0,1242.0,0.5636070853462157,198.35820073895889,,5.979737200000272,True,2,02_fixed_2500_ejection_on_off/runs.csv
Fixed iteration,Chao,Ejection OFF,p4.2.q,0,2500,2500,1253.0,1268.0,1.1829652996845426,209.3915034010679,,6.00886200000059,True,2,02_fixed_2500_ejection_on_off/runs.csv
Fixed iteration,Chao,Ejection OFF,p4.2.q,1,2500,2500,1255.0,1268.0,1.025236593059937,209.6711062114765,,6.311450400000467,True,2,02_fixed_2500_ejection_on_off/runs.csv
Fixed iteration,Chao,Ejection OFF,p4.2.q,2,2500,2500,1242.0,1268.0,2.050473186119874,209.40812533184996,,6.275370499999553,True,2,02_fixed_2500_ejection_on_off/runs.csv
Fixed iteration,Chao,Ejection OFF,p4.2.q,3,2500,2500,1251.0,1268.0,1.3406940063091484,209.60116627427865,,6.233813900000314,True,2,02_fixed_2500_ejection_on_off/runs.csv
Fixed iteration,Chao,Ejection OFF,p4.2.r,0,2500,2500,1280.0,1292.0,0.9287925696594427,219.49758314237533,,5.701602199999797,True,2,02_fixed_2500_ejection_on_off/runs.csv
Fixed iteration,Chao,Ejection OFF,p4.2.r,1,2500,2500,1280.0,1292.0,0.9287925696594427,219.56299272163525,,5.328632800000378,True,2,02_fixed_2500_ejection_on_off/runs.csv
Fixed iteration,Chao,Ejection OFF,p4.2.r,2,2500,2500,1267.0,1292.0,1.934984520123839,219.38602102747572,,5.845827299999655,True,2,02_fixed_2500_ejection_on_off/runs.csv
Fixed iteration,Chao,Ejection OFF,p4.2.r,3,2500,2500,1280.0,1292.0,0.9287925696594427,219.5483522994562,,5.747383599999921,True,2,02_fixed_2500_ejection_on_off/runs.csv
Fixed iteration,Chao,Ejection OFF,p4.2.s,0,2500,2500,1296.0,1304.0,0.6134969325153374,228.75781893318964,,5.308219200000167,True,2,02_fixed_2500_ejection_on_off/runs.csv
Fixed iteration,Chao,Ejection OFF,p4.2.s,1,2500,2500,1293.0,1304.0,0.843558282208589,229.1588344497399,,5.884686700000202,True,2,02_fixed_2500_ejection_on_off/runs.csv
Fixed iteration,Chao,Ejection OFF,p4.2.s,2,2500,2500,1295.0,1304.0,0.6901840490797546,229.1361982094993,,5.59052949999932,True,2,02_fixed_2500_ejection_on_off/runs.csv
Fixed iteration,Chao,Ejection OFF,p4.2.s,3,2500,2500,1295.0,1304.0,0.6901840490797546,229.3915155726629,,5.5561952000007295,True,2,02_fixed_2500_ejection_on_off/runs.csv
Fixed iteration,Chao,Ejection OFF,p4.2.t,0,2500,2500,1306.0,1306.0,0.0,238.1718123917894,,5.176257199998872,True,2,02_fixed_2500_ejection_on_off/runs.csv
Fixed iteration,Chao,Ejection OFF,p4.2.t,1,2500,2500,1305.0,1306.0,0.07656967840735068,237.9974213011236,,5.083038400000078,True,2,02_fixed_2500_ejection_on_off/runs.csv
Fixed iteration,Chao,Ejection OFF,p4.2.t,2,2500,2500,1306.0,1306.0,0.0,238.1718123917894,,5.113758999999845,True,2,02_fixed_2500_ejection_on_off/runs.csv
Fixed iteration,Chao,Ejection OFF,p4.2.t,3,2500,2500,1303.0,1306.0,0.22970903522205208,237.54589656694145,,5.5008097000009,True,2,02_fixed_2500_ejection_on_off/runs.csv
Fixed iteration,Chao,Ejection OFF,p4.3.c,0,2500,2500,193.0,193.0,0.0,68.84769108851907,,1.2138414999990346,True,2,02_fixed_2500_ejection_on_off/runs.csv
Fixed iteration,Chao,Ejection OFF,p4.3.c,1,2500,2500,193.0,193.0,0.0,68.84769108851907,,1.2200926000004984,True,2,02_fixed_2500_ejection_on_off/runs.csv
Fixed iteration,Chao,Ejection OFF,p4.3.c,2,2500,2500,193.0,193.0,0.0,68.84769108851907,,1.2043606999995973,True,2,02_fixed_2500_ejection_on_off/runs.csv
Fixed iteration,Chao,Ejection OFF,p4.3.c,3,2500,2500,193.0,193.0,0.0,68.84769108851907,,1.211171299999478,True,2,02_fixed_2500_ejection_on_off/runs.csv
Fixed iteration,Chao,Ejection OFF,p4.3.d,0,2500,2500,332.0,335.0,0.8955223880597015,78.96082271233931,,1.8525341999993543,True,2,02_fixed_2500_ejection_on_off/runs.csv
Fixed iteration,Chao,Ejection OFF,p4.3.d,1,2500,2500,332.0,335.0,0.8955223880597015,78.96082271233931,,1.8230712000004128,True,2,02_fixed_2500_ejection_on_off/runs.csv
Fixed iteration,Chao,Ejection OFF,p4.3.d,2,2500,2500,332.0,335.0,0.8955223880597015,78.96082271233931,,1.7977264000001014,True,2,02_fixed_2500_ejection_on_off/runs.csv
Fixed iteration,Chao,Ejection OFF,p4.3.d,3,2500,2500,332.0,335.0,0.8955223880597015,78.96082271233931,,1.811867299998994,True,2,02_fixed_2500_ejection_on_off/runs.csv
Fixed iteration,Chao,Ejection OFF,p4.3.e,0,2500,2500,468.0,468.0,0.0,89.07741705061667,,2.2264391999997315,True,2,02_fixed_2500_ejection_on_off/runs.csv
Fixed iteration,Chao,Ejection OFF,p4.3.e,1,2500,2500,460.0,468.0,1.7094017094017093,88.98236396181687,,2.369222899998931,True,2,02_fixed_2500_ejection_on_off/runs.csv
Fixed iteration,Chao,Ejection OFF,p4.3.e,2,2500,2500,468.0,468.0,0.0,89.07741705061667,,2.2852781000001414,True,2,02_fixed_2500_ejection_on_off/runs.csv
Fixed iteration,Chao,Ejection OFF,p4.3.e,3,2500,2500,468.0,468.0,0.0,89.07741705061667,,2.2789637000005314,True,2,02_fixed_2500_ejection_on_off/runs.csv
Fixed iteration,Chao,Ejection OFF,p4.3.f,0,2500,2500,567.0,579.0,2.0725388601036268,98.69468845817735,,2.9842733000004955,True,2,02_fixed_2500_ejection_on_off/runs.csv
Fixed iteration,Chao,Ejection OFF,p4.3.f,1,2500,2500,570.0,579.0,1.5544041450777202,99.71352353701856,,2.9599940000007336,True,2,02_fixed_2500_ejection_on_off/runs.csv
Fixed iteration,Chao,Ejection OFF,p4.3.f,2,2500,2500,579.0,579.0,0.0,99.51880704888684,,2.825935699998809,True,2,02_fixed_2500_ejection_on_off/runs.csv
Fixed iteration,Chao,Ejection OFF,p4.3.f,3,2500,2500,579.0,579.0,0.0,99.51880704888684,,2.7549029999991035,True,2,02_fixed_2500_ejection_on_off/runs.csv
Fixed iteration,Chao,Ejection OFF,p4.3.g,0,2500,2500,644.0,653.0,1.3782542113323124,108.96307270074344,,3.6595497999987856,True,2,02_fixed_2500_ejection_on_off/runs.csv
Fixed iteration,Chao,Ejection OFF,p4.3.g,1,2500,2500,645.0,653.0,1.225114854517611,109.64202758815404,,3.2231644000003143,True,2,02_fixed_2500_ejection_on_off/runs.csv
Fixed iteration,Chao,Ejection OFF,p4.3.g,2,2500,2500,617.0,653.0,5.51301684532925,109.39594156428392,,3.7115594999995674,True,2,02_fixed_2500_ejection_on_off/runs.csv
Fixed iteration,Chao,Ejection OFF,p4.3.g,3,2500,2500,645.0,653.0,1.225114854517611,109.64202758815404,,3.239889399999811,True,2,02_fixed_2500_ejection_on_off/runs.csv
Fixed iteration,Chao,Ejection OFF,p4.3.h,0,2500,2500,723.0,729.0,0.823045267489712,119.53072146209196,,4.056112999998732,True,2,02_fixed_2500_ejection_on_off/runs.csv
Fixed iteration,Chao,Ejection OFF,p4.3.h,1,2500,2500,717.0,729.0,1.646090534979424,119.72435435776988,,3.79222049999953,True,2,02_fixed_2500_ejection_on_off/runs.csv
Fixed iteration,Chao,Ejection OFF,p4.3.h,2,2500,2500,713.0,729.0,2.1947873799725652,118.24408959984903,,4.522859700000481,True,2,02_fixed_2500_ejection_on_off/runs.csv
Fixed iteration,Chao,Ejection OFF,p4.3.h,3,2500,2500,695.0,729.0,4.663923182441701,119.7038702509574,,4.181645599999683,True,2,02_fixed_2500_ejection_on_off/runs.csv
Fixed iteration,Chao,Ejection OFF,p4.3.i,0,2500,2500,768.0,809.0,5.067985166872682,127.95189243530324,,4.158790699999372,True,2,02_fixed_2500_ejection_on_off/runs.csv
Fixed iteration,Chao,Ejection OFF,p4.3.i,1,2500,2500,799.0,809.0,1.2360939431396787,129.43099564946186,,4.542003300000943,True,2,02_fixed_2500_ejection_on_off/runs.csv
Fixed iteration,Chao,Ejection OFF,p4.3.i,2,2500,2500,790.0,809.0,2.348578491965389,129.1334039316552,,4.491640700000062,True,2,02_fixed_2500_ejection_on_off/runs.csv
Fixed iteration,Chao,Ejection OFF,p4.3.i,3,2500,2500,778.0,809.0,3.831891223733004,128.67966842846002,,4.00467099999878,True,2,02_fixed_2500_ejection_on_off/runs.csv
Fixed iteration,Chao,Ejection OFF,p4.3.j,0,2500,2500,850.0,861.0,1.2775842044134726,138.93490876090675,,5.096125999998549,True,2,02_fixed_2500_ejection_on_off/runs.csv
Fixed iteration,Chao,Ejection OFF,p4.3.j,1,2500,2500,854.0,861.0,0.8130081300813008,139.85318157186958,,5.0413673000002746,True,2,02_fixed_2500_ejection_on_off/runs.csv
Fixed iteration,Chao,Ejection OFF,p4.3.j,2,2500,2500,809.0,861.0,6.039488966318235,139.37906878947018,,5.131862300000648,True,2,02_fixed_2500_ejection_on_off/runs.csv
Fixed iteration,Chao,Ejection OFF,p4.3.j,3,2500,2500,847.0,861.0,1.6260162601626016,138.5103965625383,,4.703186200000346,True,2,02_fixed_2500_ejection_on_off/runs.csv
Fixed iteration,Chao,Ejection OFF,p4.3.k,0,2500,2500,884.0,919.0,3.808487486398259,149.21940538140342,,6.250391100000343,True,2,02_fixed_2500_ejection_on_off/runs.csv
Fixed iteration,Chao,Ejection OFF,p4.3.k,1,2500,2500,908.0,919.0,1.1969532100108813,149.2361858382222,,5.414723500000036,True,2,02_fixed_2500_ejection_on_off/runs.csv
Fixed iteration,Chao,Ejection OFF,p4.3.k,2,2500,2500,904.0,919.0,1.632208922742111,148.9825592729497,,5.5427334000014525,True,2,02_fixed_2500_ejection_on_off/runs.csv
Fixed iteration,Chao,Ejection OFF,p4.3.k,3,2500,2500,908.0,919.0,1.1969532100108813,149.2361858382222,,5.646696800000427,True,2,02_fixed_2500_ejection_on_off/runs.csv
Fixed iteration,Chao,Ejection OFF,p4.3.l,0,2500,2500,958.0,979.0,2.1450459652706844,159.5362393318784,,5.0925893999992695,True,2,02_fixed_2500_ejection_on_off/runs.csv
Fixed iteration,Chao,Ejection OFF,p4.3.l,1,2500,2500,953.0,979.0,2.6557711950970377,158.44184751135666,,5.571815900000729,True,2,02_fixed_2500_ejection_on_off/runs.csv
Fixed iteration,Chao,Ejection OFF,p4.3.l,2,2500,2500,960.0,979.0,1.940755873340143,159.17761660404764,,5.378384100000403,True,2,02_fixed_2500_ejection_on_off/runs.csv
Fixed iteration,Chao,Ejection OFF,p4.3.l,3,2500,2500,968.0,979.0,1.1235955056179776,158.18089700166388,,5.234321500000078,True,2,02_fixed_2500_ejection_on_off/runs.csv
Fixed iteration,Chao,Ejection OFF,p4.3.m,0,2500,2500,1063.0,1063.0,0.0,169.40728322271747,,5.04404379999869,True,2,02_fixed_2500_ejection_on_off/runs.csv
Fixed iteration,Chao,Ejection OFF,p4.3.m,1,2500,2500,973.0,1063.0,8.466603951081844,169.44762733559924,,5.672083600000406,True,2,02_fixed_2500_ejection_on_off/runs.csv
Fixed iteration,Chao,Ejection OFF,p4.3.m,2,2500,2500,1007.0,1063.0,5.268109125117592,169.35640422074636,,5.683929499999067,True,2,02_fixed_2500_ejection_on_off/runs.csv
Fixed iteration,Chao,Ejection OFF,p4.3.m,3,2500,2500,996.0,1063.0,6.302916274694262,169.377153868022,,4.897027999999409,True,2,02_fixed_2500_ejection_on_off/runs.csv
Fixed iteration,Chao,Ejection OFF,p4.3.n,0,2500,2500,1043.0,1121.0,6.9580731489741305,178.72622596974912,,6.024456099999952,True,2,02_fixed_2500_ejection_on_off/runs.csv
Fixed iteration,Chao,Ejection OFF,p4.3.n,1,2500,2500,1083.0,1121.0,3.389830508474576,179.55273969784696,,5.589785699999993,True,2,02_fixed_2500_ejection_on_off/runs.csv
Fixed iteration,Chao,Ejection OFF,p4.3.n,2,2500,2500,1074.0,1121.0,4.192685102586976,179.55320323153512,,5.196907400000782,True,2,02_fixed_2500_ejection_on_off/runs.csv
Fixed iteration,Chao,Ejection OFF,p4.3.n,3,2500,2500,1037.0,1121.0,7.493309545049064,178.6072005974193,,5.442761599999358,True,2,02_fixed_2500_ejection_on_off/runs.csv
Fixed iteration,Chao,Ejection OFF,p4.3.o,0,2500,2500,1126.0,1172.0,3.9249146757679183,188.3468445739332,,5.232156400001259,True,2,02_fixed_2500_ejection_on_off/runs.csv
Fixed iteration,Chao,Ejection OFF,p4.3.o,1,2500,2500,1071.0,1172.0,8.617747440273037,188.6401974560996,,6.586339900000894,True,2,02_fixed_2500_ejection_on_off/runs.csv
Fixed iteration,Chao,Ejection OFF,p4.3.o,2,2500,2500,1136.0,1172.0,3.0716723549488054,189.34292201608028,,5.7361110000001645,True,2,02_fixed_2500_ejection_on_off/runs.csv
Fixed iteration,Chao,Ejection OFF,p4.3.o,3,2500,2500,1137.0,1172.0,2.986348122866894,189.4824296987777,,5.164319299999988,True,2,02_fixed_2500_ejection_on_off/runs.csv
Fixed iteration,Chao,Ejection OFF,p4.3.p,0,2500,2500,1202.0,1222.0,1.6366612111292962,199.15679290402767,,5.294994600000791,True,2,02_fixed_2500_ejection_on_off/runs.csv
Fixed iteration,Chao,Ejection OFF,p4.3.p,1,2500,2500,1171.0,1222.0,4.173486088379706,198.0451703815471,,5.272161999999298,True,2,02_fixed_2500_ejection_on_off/runs.csv
Fixed iteration,Chao,Ejection OFF,p4.3.p,2,2500,2500,1189.0,1222.0,2.700490998363339,199.61358396327785,,5.353437499999927,True,2,02_fixed_2500_ejection_on_off/runs.csv
Fixed iteration,Chao,Ejection OFF,p4.3.p,3,2500,2500,1123.0,1222.0,8.101472995090017,199.4326194729117,,6.125891499999852,True,2,02_fixed_2500_ejection_on_off/runs.csv
Fixed iteration,Chao,Ejection OFF,p4.3.q,0,2500,2500,1178.0,1253.0,5.985634477254589,209.0452868012635,,6.6515503999999055,True,2,02_fixed_2500_ejection_on_off/runs.csv
Fixed iteration,Chao,Ejection OFF,p4.3.q,1,2500,2500,1230.0,1253.0,1.8355945730247407,208.4223708762648,,5.223396100000173,True,2,02_fixed_2500_ejection_on_off/runs.csv
Fixed iteration,Chao,Ejection OFF,p4.3.q,2,2500,2500,1244.0,1253.0,0.7182761372705507,209.12658082796997,,4.887505999999121,True,2,02_fixed_2500_ejection_on_off/runs.csv
Fixed iteration,Chao,Ejection OFF,p4.3.q,3,2500,2500,1242.0,1253.0,0.8778930566640064,208.18851443090227,,5.3434135999996215,True,2,02_fixed_2500_ejection_on_off/runs.csv
Fixed iteration,Chao,Ejection OFF,p4.3.r,0,2500,2500,1220.0,1273.0,4.163393558523174,219.6836260522512,,5.537801599999511,True,2,02_fixed_2500_ejection_on_off/runs.csv
Fixed iteration,Chao,Ejection OFF,p4.3.r,1,2500,2500,1208.0,1273.0,5.106048703849175,219.423051730988,,6.4546154999989085,True,2,02_fixed_2500_ejection_on_off/runs.csv
Fixed iteration,Chao,Ejection OFF,p4.3.r,2,2500,2500,1263.0,1273.0,0.7855459544383346,217.77607889617943,,4.700755500000014,True,2,02_fixed_2500_ejection_on_off/runs.csv
Fixed iteration,Chao,Ejection OFF,p4.3.r,3,2500,2500,1218.0,1273.0,4.32050274941084,219.62225082018085,,5.440199399999983,True,2,02_fixed_2500_ejection_on_off/runs.csv
Fixed iteration,Chao,Ejection OFF,p4.3.s,0,2500,2500,1216.0,1295.0,6.100386100386101,228.88799808145075,,6.165848000000551,True,2,02_fixed_2500_ejection_on_off/runs.csv
Fixed iteration,Chao,Ejection OFF,p4.3.s,1,2500,2500,1252.0,1295.0,3.3204633204633205,228.0945333599069,,5.122347399999853,True,2,02_fixed_2500_ejection_on_off/runs.csv
Fixed iteration,Chao,Ejection OFF,p4.3.s,2,2500,2500,1285.0,1295.0,0.7722007722007722,228.903043129774,,4.400559799998518,True,2,02_fixed_2500_ejection_on_off/runs.csv
Fixed iteration,Chao,Ejection OFF,p4.3.s,3,2500,2500,1268.0,1295.0,2.0849420849420848,229.32902221324247,,4.757758099998682,True,2,02_fixed_2500_ejection_on_off/runs.csv
Fixed iteration,Chao,Ejection OFF,p4.3.t,0,2500,2500,1290.0,1305.0,1.1494252873563218,239.00487066782492,,4.895232099999703,True,2,02_fixed_2500_ejection_on_off/runs.csv
Fixed iteration,Chao,Ejection OFF,p4.3.t,1,2500,2500,1299.0,1305.0,0.45977011494252873,239.1219091703998,,4.536746200001289,True,2,02_fixed_2500_ejection_on_off/runs.csv
Fixed iteration,Chao,Ejection OFF,p4.3.t,2,2500,2500,1297.0,1305.0,0.6130268199233716,239.68949651250097,,4.428404500000397,True,2,02_fixed_2500_ejection_on_off/runs.csv
Fixed iteration,Chao,Ejection OFF,p4.3.t,3,2500,2500,1298.0,1305.0,0.5363984674329502,235.1706203218666,,4.3152429999991,True,2,02_fixed_2500_ejection_on_off/runs.csv
Fixed iteration,Chao,Ejection OFF,p4.4.e,0,2500,2500,183.0,183.0,0.0,88.4034580996323,,1.29604769999969,True,2,02_fixed_2500_ejection_on_off/runs.csv
Fixed iteration,Chao,Ejection OFF,p4.4.e,1,2500,2500,183.0,183.0,0.0,88.4034580996323,,1.3059883000005357,True,2,02_fixed_2500_ejection_on_off/runs.csv
Fixed iteration,Chao,Ejection OFF,p4.4.e,2,2500,2500,183.0,183.0,0.0,88.4034580996323,,1.332800899999711,True,2,02_fixed_2500_ejection_on_off/runs.csv
Fixed iteration,Chao,Ejection OFF,p4.4.e,3,2500,2500,183.0,183.0,0.0,88.4034580996323,,1.30685799999992,True,2,02_fixed_2500_ejection_on_off/runs.csv
Fixed iteration,Chao,Ejection OFF,p4.4.f,0,2500,2500,324.0,324.0,0.0,99.11536384578312,,1.9302311000010377,True,2,02_fixed_2500_ejection_on_off/runs.csv
Fixed iteration,Chao,Ejection OFF,p4.4.f,1,2500,2500,324.0,324.0,0.0,99.11536384578312,,1.8346756999999343,True,2,02_fixed_2500_ejection_on_off/runs.csv
Fixed iteration,Chao,Ejection OFF,p4.4.f,2,2500,2500,315.0,324.0,2.7777777777777777,98.52761682606216,,1.80259389999992,True,2,02_fixed_2500_ejection_on_off/runs.csv
Fixed iteration,Chao,Ejection OFF,p4.4.f,3,2500,2500,319.0,324.0,1.5432098765432098,99.40257910057508,,1.7974964999993972,True,2,02_fixed_2500_ejection_on_off/runs.csv
Fixed iteration,Chao,Ejection OFF,p4.4.g,0,2500,2500,461.0,461.0,0.0,109.5577907405125,,2.386604299999817,True,2,02_fixed_2500_ejection_on_off/runs.csv
Fixed iteration,Chao,Ejection OFF,p4.4.g,1,2500,2500,461.0,461.0,0.0,109.5577907405125,,2.429212700000789,True,2,02_fixed_2500_ejection_on_off/runs.csv
Fixed iteration,Chao,Ejection OFF,p4.4.g,2,2500,2500,461.0,461.0,0.0,109.5577907405125,,2.3703861000012694,True,2,02_fixed_2500_ejection_on_off/runs.csv
Fixed iteration,Chao,Ejection OFF,p4.4.g,3,2500,2500,461.0,461.0,0.0,109.5577907405125,,2.345932799998991,True,2,02_fixed_2500_ejection_on_off/runs.csv
Fixed iteration,Chao,Ejection OFF,p4.4.h,0,2500,2500,544.0,571.0,4.728546409807356,118.38331347478608,,3.011104900000646,True,2,02_fixed_2500_ejection_on_off/runs.csv
Fixed iteration,Chao,Ejection OFF,p4.4.h,1,2500,2500,558.0,571.0,2.276707530647986,117.99731301319196,,2.837128799999846,True,2,02_fixed_2500_ejection_on_off/runs.csv
Fixed iteration,Chao,Ejection OFF,p4.4.h,2,2500,2500,554.0,571.0,2.9772329246935203,119.199445649591,,2.9584952000004705,True,2,02_fixed_2500_ejection_on_off/runs.csv
Fixed iteration,Chao,Ejection OFF,p4.4.h,3,2500,2500,554.0,571.0,2.9772329246935203,119.199445649591,,2.783251900000323,True,2,02_fixed_2500_ejection_on_off/runs.csv
Fixed iteration,Chao,Ejection OFF,p4.4.i,0,2500,2500,657.0,657.0,0.0,129.34436864908335,,3.3156368999989354,True,2,02_fixed_2500_ejection_on_off/runs.csv
Fixed iteration,Chao,Ejection OFF,p4.4.i,1,2500,2500,630.0,657.0,4.109589041095891,128.13319370920237,,3.5690875000000237,True,2,02_fixed_2500_ejection_on_off/runs.csv
Fixed iteration,Chao,Ejection OFF,p4.4.i,2,2500,2500,628.0,657.0,4.41400304414003,129.14541673381558,,3.475654800000484,True,2,02_fixed_2500_ejection_on_off/runs.csv
Fixed iteration,Chao,Ejection OFF,p4.4.i,3,2500,2500,632.0,657.0,3.8051750380517504,128.94777256274065,,3.4944550999989588,True,2,02_fixed_2500_ejection_on_off/runs.csv
Fixed iteration,Chao,Ejection OFF,p4.4.j,0,2500,2500,730.0,732.0,0.273224043715847,138.5375601615932,,3.605013300000792,True,2,02_fixed_2500_ejection_on_off/runs.csv
Fixed iteration,Chao,Ejection OFF,p4.4.j,1,2500,2500,706.0,732.0,3.551912568306011,138.55574586441782,,3.731352200000402,True,2,02_fixed_2500_ejection_on_off/runs.csv
Fixed iteration,Chao,Ejection OFF,p4.4.j,2,2500,2500,732.0,732.0,0.0,138.09918574445643,,3.5602386999999,True,2,02_fixed_2500_ejection_on_off/runs.csv
Fixed iteration,Chao,Ejection OFF,p4.4.j,3,2500,2500,704.0,732.0,3.8251366120218577,138.63178057380802,,4.1055341999999655,True,2,02_fixed_2500_ejection_on_off/runs.csv
Fixed iteration,Chao,Ejection OFF,p4.4.k,0,2500,2500,797.0,821.0,2.92326431181486,149.04736957480085,,3.9196205000007462,True,2,02_fixed_2500_ejection_on_off/runs.csv
Fixed iteration,Chao,Ejection OFF,p4.4.k,1,2500,2500,782.0,821.0,4.750304506699147,149.4763099170263,,4.10832610000034,True,2,02_fixed_2500_ejection_on_off/runs.csv
Fixed iteration,Chao,Ejection OFF,p4.4.k,2,2500,2500,820.0,821.0,0.1218026796589525,149.67563301604918,,4.069005199999083,True,2,02_fixed_2500_ejection_on_off/runs.csv
Fixed iteration,Chao,Ejection OFF,p4.4.k,3,2500,2500,779.0,821.0,5.115712545676005,148.7744177106345,,3.929001499998776,True,2,02_fixed_2500_ejection_on_off/runs.csv
Fixed iteration,Chao,Ejection OFF,p4.4.l,0,2500,2500,826.0,880.0,6.136363636363637,158.69913734093927,,4.479766700000255,True,2,02_fixed_2500_ejection_on_off/runs.csv
Fixed iteration,Chao,Ejection OFF,p4.4.l,1,2500,2500,879.0,880.0,0.11363636363636363,159.12622360742682,,4.25715929999933,True,2,02_fixed_2500_ejection_on_off/runs.csv
Fixed iteration,Chao,Ejection OFF,p4.4.l,2,2500,2500,877.0,880.0,0.3409090909090909,158.70343331584655,,4.750452700000096,True,2,02_fixed_2500_ejection_on_off/runs.csv
Fixed iteration,Chao,Ejection OFF,p4.4.l,3,2500,2500,829.0,880.0,5.795454545454546,158.44450994669862,,4.569468499999857,True,2,02_fixed_2500_ejection_on_off/runs.csv
Fixed iteration,Chao,Ejection OFF,p4.4.m,0,2500,2500,906.0,919.0,1.4145810663764962,169.3380659180674,,5.258775300000707,True,2,02_fixed_2500_ejection_on_off/runs.csv
Fixed iteration,Chao,Ejection OFF,p4.4.m,1,2500,2500,902.0,919.0,1.8498367791077257,168.23021878190997,,5.487684300000183,True,2,02_fixed_2500_ejection_on_off/runs.csv
Fixed iteration,Chao,Ejection OFF,p4.4.m,2,2500,2500,893.0,919.0,2.8291621327529923,168.46717300711975,,4.5318630999991,True,2,02_fixed_2500_ejection_on_off/runs.csv
Fixed iteration,Chao,Ejection OFF,p4.4.m,3,2500,2500,888.0,919.0,3.373231773667029,168.65834173993335,,4.566219399999682,True,2,02_fixed_2500_ejection_on_off/runs.csv
Fixed iteration,Chao,Ejection OFF,p4.4.n,0,2500,2500,942.0,976.0,3.4836065573770494,177.0633201619966,,5.087439000000813,True,2,02_fixed_2500_ejection_on_off/runs.csv
Fixed iteration,Chao,Ejection OFF,p4.4.n,1,2500,2500,937.0,976.0,3.9959016393442623,177.24352870881057,,5.217864599999302,True,2,02_fixed_2500_ejection_on_off/runs.csv
Fixed iteration,Chao,Ejection OFF,p4.4.n,2,2500,2500,940.0,976.0,3.6885245901639343,179.30746690617042,,5.2270730000000185,True,2,02_fixed_2500_ejection_on_off/runs.csv
Fixed iteration,Chao,Ejection OFF,p4.4.n,3,2500,2500,960.0,976.0,1.639344262295082,179.13634063188778,,5.477444699999978,True,2,02_fixed_2500_ejection_on_off/runs.csv
Fixed iteration,Chao,Ejection OFF,p4.4.o,0,2500,2500,1010.0,1061.0,4.806786050895382,188.75592127600044,,4.829876399999193,True,2,02_fixed_2500_ejection_on_off/runs.csv
Fixed iteration,Chao,Ejection OFF,p4.4.o,1,2500,2500,989.0,1061.0,6.786050895381716,188.60802900389533,,4.525549699999829,True,2,02_fixed_2500_ejection_on_off/runs.csv
Fixed iteration,Chao,Ejection OFF,p4.4.o,2,2500,2500,1008.0,1061.0,4.995287464655985,188.5090520461709,,5.303698100000474,True,2,02_fixed_2500_ejection_on_off/runs.csv
Fixed iteration,Chao,Ejection OFF,p4.4.o,3,2500,2500,988.0,1061.0,6.880301602262017,188.46248757986407,,6.212071399999331,True,2,02_fixed_2500_ejection_on_off/runs.csv
Fixed iteration,Chao,Ejection OFF,p4.4.p,0,2500,2500,1046.0,1124.0,6.93950177935943,197.57875961417125,,4.967889699999432,True,2,02_fixed_2500_ejection_on_off/runs.csv
Fixed iteration,Chao,Ejection OFF,p4.4.p,1,2500,2500,1081.0,1124.0,3.8256227758007118,197.8893804772363,,5.201705200001015,True,2,02_fixed_2500_ejection_on_off/runs.csv
Fixed iteration,Chao,Ejection OFF,p4.4.p,2,2500,2500,1032.0,1124.0,8.185053380782918,199.32159300192785,,5.481391099998291,True,2,02_fixed_2500_ejection_on_off/runs.csv
Fixed iteration,Chao,Ejection OFF,p4.4.p,3,2500,2500,1049.0,1124.0,6.672597864768683,198.7819621334565,,5.064775400000144,True,2,02_fixed_2500_ejection_on_off/runs.csv
Fixed iteration,Chao,Ejection OFF,p4.4.q,0,2500,2500,1076.0,1161.0,7.321274763135229,208.8745252219263,,4.713973599999008,True,2,02_fixed_2500_ejection_on_off/runs.csv
Fixed iteration,Chao,Ejection OFF,p4.4.q,1,2500,2500,1104.0,1161.0,4.909560723514212,208.80658752157908,,4.751930499998707,True,2,02_fixed_2500_ejection_on_off/runs.csv
Fixed iteration,Chao,Ejection OFF,p4.4.q,2,2500,2500,1096.0,1161.0,5.598621877691645,209.22429655784416,,4.624339699999837,True,2,02_fixed_2500_ejection_on_off/runs.csv
Fixed iteration,Chao,Ejection OFF,p4.4.q,3,2500,2500,1112.0,1161.0,4.220499569336779,209.1172514183804,,5.258961599998656,True,2,02_fixed_2500_ejection_on_off/runs.csv
Fixed iteration,Chao,Ejection OFF,p4.4.r,0,2500,2500,1173.0,1216.0,3.536184210526316,216.9751383705812,,4.60140440000032,True,2,02_fixed_2500_ejection_on_off/runs.csv
Fixed iteration,Chao,Ejection OFF,p4.4.r,1,2500,2500,1185.0,1216.0,2.549342105263158,218.6312618539463,,4.544284099998549,True,2,02_fixed_2500_ejection_on_off/runs.csv
Fixed iteration,Chao,Ejection OFF,p4.4.r,2,2500,2500,1151.0,1216.0,5.345394736842105,217.66470874690867,,5.089355600000999,True,2,02_fixed_2500_ejection_on_off/runs.csv
Fixed iteration,Chao,Ejection OFF,p4.4.r,3,2500,2500,1158.0,1216.0,4.769736842105263,218.4412839208453,,4.783687400000417,True,2,02_fixed_2500_ejection_on_off/runs.csv
Fixed iteration,Chao,Ejection OFF,p4.4.s,0,2500,2500,1213.0,1260.0,3.7301587301587302,227.32185511734,,4.403134099999079,True,2,02_fixed_2500_ejection_on_off/runs.csv
Fixed iteration,Chao,Ejection OFF,p4.4.s,1,2500,2500,1208.0,1260.0,4.126984126984127,228.97035941440507,,4.547737999999299,True,2,02_fixed_2500_ejection_on_off/runs.csv
Fixed iteration,Chao,Ejection OFF,p4.4.s,2,2500,2500,1244.0,1260.0,1.2698412698412698,229.22159567687945,,4.4374437000005855,True,2,02_fixed_2500_ejection_on_off/runs.csv
Fixed iteration,Chao,Ejection OFF,p4.4.s,3,2500,2500,1242.0,1260.0,1.4285714285714286,228.7625138034325,,4.452518199999759,True,2,02_fixed_2500_ejection_on_off/runs.csv
Fixed iteration,Chao,Ejection OFF,p4.4.t,0,2500,2500,1264.0,1285.0,1.6342412451361867,237.83381770289785,,4.193931600000724,True,2,02_fixed_2500_ejection_on_off/runs.csv
Fixed iteration,Chao,Ejection OFF,p4.4.t,1,2500,2500,1239.0,1285.0,3.5797665369649807,238.5101677937988,,4.5930371999984345,True,2,02_fixed_2500_ejection_on_off/runs.csv
Fixed iteration,Chao,Ejection OFF,p4.4.t,2,2500,2500,1264.0,1285.0,1.6342412451361867,238.20679488780465,,4.328714900000705,True,2,02_fixed_2500_ejection_on_off/runs.csv
Fixed iteration,Chao,Ejection OFF,p4.4.t,3,2500,2500,1267.0,1285.0,1.4007782101167314,237.97990578051972,,4.349456300000384,True,2,02_fixed_2500_ejection_on_off/runs.csv
Fixed iteration,Chao,Ejection OFF,p5.2.h,0,2500,2500,395.0,410.0,3.658536585365854,39.13440155836258,,1.191091900000174,True,2,02_fixed_2500_ejection_on_off/runs.csv
Fixed iteration,Chao,Ejection OFF,p5.2.h,1,2500,2500,395.0,410.0,3.658536585365854,39.13440155836258,,1.211725099999967,True,2,02_fixed_2500_ejection_on_off/runs.csv
Fixed iteration,Chao,Ejection OFF,p5.2.h,2,2500,2500,395.0,410.0,3.658536585365854,39.13440155836258,,1.2213871000003564,True,2,02_fixed_2500_ejection_on_off/runs.csv
Fixed iteration,Chao,Ejection OFF,p5.2.h,3,2500,2500,395.0,410.0,3.658536585365854,39.13440155836258,,1.2419671000006929,True,2,02_fixed_2500_ejection_on_off/runs.csv
Fixed iteration,Chao,Ejection OFF,p5.2.j,0,2500,2500,560.0,580.0,3.4482758620689653,49.84161925296378,,1.6862745999987965,True,2,02_fixed_2500_ejection_on_off/runs.csv
Fixed iteration,Chao,Ejection OFF,p5.2.j,1,2500,2500,560.0,580.0,3.4482758620689653,49.84161925296378,,1.697776300001351,True,2,02_fixed_2500_ejection_on_off/runs.csv
Fixed iteration,Chao,Ejection OFF,p5.2.j,2,2500,2500,580.0,580.0,0.0,49.75022298912626,,1.3472139000004972,True,2,02_fixed_2500_ejection_on_off/runs.csv
Fixed iteration,Chao,Ejection OFF,p5.2.j,3,2500,2500,560.0,580.0,3.4482758620689653,49.84161925296378,,1.690053899999839,True,2,02_fixed_2500_ejection_on_off/runs.csv
Fixed iteration,Chao,Ejection OFF,p5.2.k,0,2500,2500,665.0,670.0,0.746268656716418,54.36505818199176,,1.5909444999997504,True,2,02_fixed_2500_ejection_on_off/runs.csv
Fixed iteration,Chao,Ejection OFF,p5.2.k,1,2500,2500,670.0,670.0,0.0,54.12899020449196,,1.6449487999998382,True,2,02_fixed_2500_ejection_on_off/runs.csv
Fixed iteration,Chao,Ejection OFF,p5.2.k,2,2500,2500,670.0,670.0,0.0,54.12899020449196,,1.6671468000004095,True,2,02_fixed_2500_ejection_on_off/runs.csv
Fixed iteration,Chao,Ejection OFF,p5.2.k,3,2500,2500,670.0,670.0,0.0,54.12899020449196,,1.6215455000001384,True,2,02_fixed_2500_ejection_on_off/runs.csv
Fixed iteration,Chao,Ejection OFF,p5.2.l,0,2500,2500,800.0,800.0,0.0,59.62123278463429,,1.7469780999999784,True,2,02_fixed_2500_ejection_on_off/runs.csv
Fixed iteration,Chao,Ejection OFF,p5.2.l,1,2500,2500,740.0,800.0,7.5,57.84161925296378,,1.8423743000003012,True,2,02_fixed_2500_ejection_on_off/runs.csv
Fixed iteration,Chao,Ejection OFF,p5.2.l,2,2500,2500,750.0,800.0,6.25,59.62123278463429,,1.7936208000010083,True,2,02_fixed_2500_ejection_on_off/runs.csv
Fixed iteration,Chao,Ejection OFF,p5.2.l,3,2500,2500,740.0,800.0,7.5,57.84161925296378,,1.8124305000001184,True,2,02_fixed_2500_ejection_on_off/runs.csv
Fixed iteration,Chao,Ejection OFF,p5.2.m,0,2500,2500,835.0,860.0,2.9069767441860463,64.73142601879903,,1.9225090999989332,True,2,02_fixed_2500_ejection_on_off/runs.csv
Fixed iteration,Chao,Ejection OFF,p5.2.m,1,2500,2500,860.0,860.0,0.0,64.47213595499957,,2.037322099999073,True,2,02_fixed_2500_ejection_on_off/runs.csv
Fixed iteration,Chao,Ejection OFF,p5.2.m,2,2500,2500,850.0,860.0,1.1627906976744187,64.94427190999916,,1.825802900000781,True,2,02_fixed_2500_ejection_on_off/runs.csv
Fixed iteration,Chao,Ejection OFF,p5.2.m,3,2500,2500,835.0,860.0,2.9069767441860463,64.73142601879903,,1.9375080000008893,True,2,02_fixed_2500_ejection_on_off/runs.csv
Fixed iteration,Chao,Ejection OFF,p5.2.n,0,2500,2500,925.0,925.0,0.0,69.22391035614498,,2.09428459999981,True,2,02_fixed_2500_ejection_on_off/runs.csv
Fixed iteration,Chao,Ejection OFF,p5.2.n,1,2500,2500,900.0,925.0,2.7027027027027026,68.94427190999916,,2.096322000001237,True,2,02_fixed_2500_ejection_on_off/runs.csv
Fixed iteration,Chao,Ejection OFF,p5.2.n,2,2500,2500,900.0,925.0,2.7027027027027026,69.11117947206291,,2.0159253000001627,True,2,02_fixed_2500_ejection_on_off/runs.csv
Fixed iteration,Chao,Ejection OFF,p5.2.n,3,2500,2500,925.0,925.0,0.0,69.22391035614498,,2.0492022999987967,True,2,02_fixed_2500_ejection_on_off/runs.csv
Fixed iteration,Chao,Ejection OFF,p5.2.o,0,2500,2500,980.0,1020.0,3.9215686274509802,73.84161925296378,,2.3085996999998315,True,2,02_fixed_2500_ejection_on_off/runs.csv
Fixed iteration,Chao,Ejection OFF,p5.2.o,1,2500,2500,985.0,1020.0,3.4313725490196076,73.55985314354523,,2.194369899998492,True,2,02_fixed_2500_ejection_on_off/runs.csv
Fixed iteration,Chao,Ejection OFF,p5.2.o,2,2500,2500,1020.0,1020.0,0.0,74.85263544894403,,1.9978551999993213,True,2,02_fixed_2500_ejection_on_off/runs.csv
Fixed iteration,Chao,Ejection OFF,p5.2.o,3,2500,2500,985.0,1020.0,3.4313725490196076,73.55985314354523,,2.2001861999997345,True,2,02_fixed_2500_ejection_on_off/runs.csv
Fixed iteration,Chao,Ejection OFF,p5.2.p,0,2500,2500,1090.0,1150.0,5.217391304347826,79.49847350245616,,2.281442999999854,True,2,02_fixed_2500_ejection_on_off/runs.csv
Fixed iteration,Chao,Ejection OFF,p5.2.p,1,2500,2500,1090.0,1150.0,5.217391304347826,79.49847350245616,,2.251895299999888,True,2,02_fixed_2500_ejection_on_off/runs.csv
Fixed iteration,Chao,Ejection OFF,p5.2.p,2,2500,2500,1090.0,1150.0,5.217391304347826,79.49847350245616,,2.177537499999744,True,2,02_fixed_2500_ejection_on_off/runs.csv
Fixed iteration,Chao,Ejection OFF,p5.2.p,3,2500,2500,1080.0,1150.0,6.086956521739131,79.72335205033967,,2.117123600000923,True,2,02_fixed_2500_ejection_on_off/runs.csv
Fixed iteration,Chao,Ejection OFF,p5.2.q,0,2500,2500,1195.0,1195.0,0.0,84.70820393249937,,2.275709199999256,True,2,02_fixed_2500_ejection_on_off/runs.csv
Fixed iteration,Chao,Ejection OFF,p5.2.q,1,2500,2500,1195.0,1195.0,0.0,84.70820393249937,,2.250658300001305,True,2,02_fixed_2500_ejection_on_off/runs.csv
Fixed iteration,Chao,Ejection OFF,p5.2.q,2,2500,2500,1195.0,1195.0,0.0,84.70820393249937,,2.2446252000008826,True,2,02_fixed_2500_ejection_on_off/runs.csv
Fixed iteration,Chao,Ejection OFF,p5.2.q,3,2500,2500,1185.0,1195.0,0.8368200836820083,84.47213595499957,,2.219318299999941,True,2,02_fixed_2500_ejection_on_off/runs.csv
Fixed iteration,Chao,Ejection OFF,p5.2.r,0,2500,2500,1260.0,1260.0,0.0,89.84161925296378,,2.329601499999626,True,2,02_fixed_2500_ejection_on_off/runs.csv
Fixed iteration,Chao,Ejection OFF,p5.2.r,1,2500,2500,1260.0,1260.0,0.0,89.84161925296378,,2.299724400001651,True,2,02_fixed_2500_ejection_on_off/runs.csv
Fixed iteration,Chao,Ejection OFF,p5.2.r,2,2500,2500,1260.0,1260.0,0.0,89.84161925296378,,2.389390599999388,True,2,02_fixed_2500_ejection_on_off/runs.csv
Fixed iteration,Chao,Ejection OFF,p5.2.r,3,2500,2500,1260.0,1260.0,0.0,89.84161925296378,,2.413806399999885,True,2,02_fixed_2500_ejection_on_off/runs.csv
Fixed iteration,Chao,Ejection OFF,p5.2.s,0,2500,2500,1310.0,1340.0,2.2388059701492535,94.12899020449196,,2.426890900000217,True,2,02_fixed_2500_ejection_on_off/runs.csv
Fixed iteration,Chao,Ejection OFF,p5.2.s,1,2500,2500,1310.0,1340.0,2.2388059701492535,94.12899020449196,,2.472974100001011,True,2,02_fixed_2500_ejection_on_off/runs.csv
Fixed iteration,Chao,Ejection OFF,p5.2.s,2,2500,2500,1305.0,1340.0,2.611940298507463,94.36505818199174,,2.4043283999999403,True,2,02_fixed_2500_ejection_on_off/runs.csv
Fixed iteration,Chao,Ejection OFF,p5.2.s,3,2500,2500,1305.0,1340.0,2.611940298507463,92.70820393249936,,2.4366049000000203,True,2,02_fixed_2500_ejection_on_off/runs.csv
Fixed iteration,Chao,Ejection OFF,p5.2.t,0,2500,2500,1400.0,1400.0,0.0,99.62123278463427,,2.403594500001418,True,2,02_fixed_2500_ejection_on_off/runs.csv
Fixed iteration,Chao,Ejection OFF,p5.2.t,1,2500,2500,1400.0,1400.0,0.0,99.62123278463427,,2.423246199999994,True,2,02_fixed_2500_ejection_on_off/runs.csv
Fixed iteration,Chao,Ejection OFF,p5.2.t,2,2500,2500,1355.0,1400.0,3.2142857142857144,98.5319657440555,,2.3919259999984206,True,2,02_fixed_2500_ejection_on_off/runs.csv
Fixed iteration,Chao,Ejection OFF,p5.2.t,3,2500,2500,1360.0,1400.0,2.857142857142857,97.84161925296378,,2.4969901999993454,True,2,02_fixed_2500_ejection_on_off/runs.csv
Fixed iteration,Chao,Ejection OFF,p5.2.u,0,2500,2500,1460.0,1460.0,0.0,104.47213595499956,,2.3675698000006378,True,2,02_fixed_2500_ejection_on_off/runs.csv
Fixed iteration,Chao,Ejection OFF,p5.2.u,1,2500,2500,1450.0,1460.0,0.684931506849315,104.96749399629884,,2.3485342000003584,True,2,02_fixed_2500_ejection_on_off/runs.csv
Fixed iteration,Chao,Ejection OFF,p5.2.u,2,2500,2500,1450.0,1460.0,0.684931506849315,104.96749399629884,,2.390171199998804,True,2,02_fixed_2500_ejection_on_off/runs.csv
Fixed iteration,Chao,Ejection OFF,p5.2.u,3,2500,2500,1440.0,1460.0,1.36986301369863,104.47213595499956,,2.523037300001306,True,2,02_fixed_2500_ejection_on_off/runs.csv
Fixed iteration,Chao,Ejection OFF,p5.2.v,0,2500,2500,1495.0,1505.0,0.6644518272425249,108.70820393249936,,2.483136099999683,True,2,02_fixed_2500_ejection_on_off/runs.csv
Fixed iteration,Chao,Ejection OFF,p5.2.v,1,2500,2500,1500.0,1505.0,0.33222591362126247,108.94427190999916,,2.45867829999952,True,2,02_fixed_2500_ejection_on_off/runs.csv
Fixed iteration,Chao,Ejection OFF,p5.2.v,2,2500,2500,1505.0,1505.0,0.0,108.70820393249936,,2.4381933999993635,True,2,02_fixed_2500_ejection_on_off/runs.csv
Fixed iteration,Chao,Ejection OFF,p5.2.v,3,2500,2500,1505.0,1505.0,0.0,108.70820393249936,,2.4068968999999925,True,2,02_fixed_2500_ejection_on_off/runs.csv
Fixed iteration,Chao,Ejection OFF,p5.2.w,0,2500,2500,1560.0,1565.0,0.3194888178913738,112.47213595499956,,2.460492700000032,True,2,02_fixed_2500_ejection_on_off/runs.csv
Fixed iteration,Chao,Ejection OFF,p5.2.w,1,2500,2500,1560.0,1565.0,0.3194888178913738,113.84161925296378,,2.441673700001047,True,2,02_fixed_2500_ejection_on_off/runs.csv
Fixed iteration,Chao,Ejection OFF,p5.2.w,2,2500,2500,1560.0,1565.0,0.3194888178913738,113.84161925296378,,2.414292800000112,True,2,02_fixed_2500_ejection_on_off/runs.csv
Fixed iteration,Chao,Ejection OFF,p5.2.w,3,2500,2500,1560.0,1565.0,0.3194888178913738,113.84161925296378,,2.535343000001376,True,2,02_fixed_2500_ejection_on_off/runs.csv
Fixed iteration,Chao,Ejection OFF,p5.2.x,0,2500,2500,1610.0,1610.0,0.0,119.62123278463427,,2.505720699999074,True,2,02_fixed_2500_ejection_on_off/runs.csv
Fixed iteration,Chao,Ejection OFF,p5.2.x,1,2500,2500,1610.0,1610.0,0.0,119.62123278463427,,2.418089599999803,True,2,02_fixed_2500_ejection_on_off/runs.csv
Fixed iteration,Chao,Ejection OFF,p5.2.x,2,2500,2500,1610.0,1610.0,0.0,119.62123278463427,,2.375965899998846,True,2,02_fixed_2500_ejection_on_off/runs.csv
Fixed iteration,Chao,Ejection OFF,p5.2.x,3,2500,2500,1610.0,1610.0,0.0,119.62123278463427,,2.31073219999962,True,2,02_fixed_2500_ejection_on_off/runs.csv
Fixed iteration,Chao,Ejection OFF,p5.2.y,0,2500,2500,1645.0,1645.0,0.0,124.70820393249936,,2.331380800000261,True,2,02_fixed_2500_ejection_on_off/runs.csv
Fixed iteration,Chao,Ejection OFF,p5.2.y,1,2500,2500,1635.0,1645.0,0.60790273556231,124.04668436981692,,2.32823290000124,True,2,02_fixed_2500_ejection_on_off/runs.csv
Fixed iteration,Chao,Ejection OFF,p5.2.y,2,2500,2500,1645.0,1645.0,0.0,124.70820393249936,,2.360644599999432,True,2,02_fixed_2500_ejection_on_off/runs.csv
Fixed iteration,Chao,Ejection OFF,p5.2.y,3,2500,2500,1645.0,1645.0,0.0,124.70820393249936,,2.2541326999999,True,2,02_fixed_2500_ejection_on_off/runs.csv
Fixed iteration,Chao,Ejection OFF,p5.2.z,0,2500,2500,1680.0,1680.0,0.0,128.47213595499957,,2.1270588000006683,True,2,02_fixed_2500_ejection_on_off/runs.csv
Fixed iteration,Chao,Ejection OFF,p5.2.z,1,2500,2500,1680.0,1680.0,0.0,128.47213595499957,,2.170961899999384,True,2,02_fixed_2500_ejection_on_off/runs.csv
Fixed iteration,Chao,Ejection OFF,p5.2.z,2,2500,2500,1680.0,1680.0,0.0,128.47213595499957,,2.173891000000367,True,2,02_fixed_2500_ejection_on_off/runs.csv
Fixed iteration,Chao,Ejection OFF,p5.2.z,3,2500,2500,1680.0,1680.0,0.0,128.47213595499957,,2.172071999999389,True,2,02_fixed_2500_ejection_on_off/runs.csv
Fixed iteration,Chao,Ejection OFF,p5.3.k,0,2500,2500,495.0,495.0,0.0,54.32943671713366,,1.4392057999993997,True,2,02_fixed_2500_ejection_on_off/runs.csv
Fixed iteration,Chao,Ejection OFF,p5.3.k,1,2500,2500,470.0,495.0,5.05050505050505,48.80477330320709,,1.587157699999807,True,2,02_fixed_2500_ejection_on_off/runs.csv
Fixed iteration,Chao,Ejection OFF,p5.3.k,2,2500,2500,485.0,495.0,2.0202020202020203,52.093368739633874,,1.5392126999995526,True,2,02_fixed_2500_ejection_on_off/runs.csv
Fixed iteration,Chao,Ejection OFF,p5.3.k,3,2500,2500,470.0,495.0,5.05050505050505,48.80477330320709,,1.59474500000033,True,2,02_fixed_2500_ejection_on_off/runs.csv
Fixed iteration,Chao,Ejection OFF,p5.3.l,0,2500,2500,575.0,595.0,3.361344537815126,57.29005467744567,,1.6048200000004726,True,2,02_fixed_2500_ejection_on_off/runs.csv
Fixed iteration,Chao,Ejection OFF,p5.3.l,1,2500,2500,575.0,595.0,3.361344537815126,57.29005467744567,,1.6071875000016007,True,2,02_fixed_2500_ejection_on_off/runs.csv
Fixed iteration,Chao,Ejection OFF,p5.3.l,2,2500,2500,575.0,595.0,3.361344537815126,57.71206543433685,,1.5888436999994155,True,2,02_fixed_2500_ejection_on_off/runs.csv
Fixed iteration,Chao,Ejection OFF,p5.3.l,3,2500,2500,585.0,595.0,1.680672268907563,58.036175967516826,,1.5939139000001887,True,2,02_fixed_2500_ejection_on_off/runs.csv
Fixed iteration,Chao,Ejection OFF,p5.3.n,0,2500,2500,755.0,755.0,0.0,69.29005467744567,,1.8689801000000443,True,2,02_fixed_2500_ejection_on_off/runs.csv
Fixed iteration,Chao,Ejection OFF,p5.3.n,1,2500,2500,755.0,755.0,0.0,69.29005467744567,,1.876091900001484,True,2,02_fixed_2500_ejection_on_off/runs.csv
Fixed iteration,Chao,Ejection OFF,p5.3.n,2,2500,2500,745.0,755.0,1.3245033112582782,69.29005467744567,,1.869819000001371,True,2,02_fixed_2500_ejection_on_off/runs.csv
Fixed iteration,Chao,Ejection OFF,p5.3.n,3,2500,2500,755.0,755.0,0.0,69.29005467744567,,1.8639896000004228,True,2,02_fixed_2500_ejection_on_off/runs.csv
Fixed iteration,Chao,Ejection OFF,p5.3.o,0,2500,2500,850.0,870.0,2.2988505747126435,73.98629096662604,,2.0078033000008872,True,2,02_fixed_2500_ejection_on_off/runs.csv
Fixed iteration,Chao,Ejection OFF,p5.3.o,1,2500,2500,830.0,870.0,4.597701149425287,73.22678406009828,,1.990985399999772,True,2,02_fixed_2500_ejection_on_off/runs.csv
Fixed iteration,Chao,Ejection OFF,p5.3.o,2,2500,2500,870.0,870.0,0.0,74.62533448368939,,1.8239685999997164,True,2,02_fixed_2500_ejection_on_off/runs.csv
Fixed iteration,Chao,Ejection OFF,p5.3.o,3,2500,2500,830.0,870.0,4.597701149425287,72.8047733032071,,2.0368178999997326,True,2,02_fixed_2500_ejection_on_off/runs.csv
Fixed iteration,Chao,Ejection OFF,p5.3.q,0,2500,2500,1065.0,1070.0,0.4672897196261682,83.71926839744424,,2.088786500000424,True,2,02_fixed_2500_ejection_on_off/runs.csv
Fixed iteration,Chao,Ejection OFF,p5.3.q,1,2500,2500,1065.0,1070.0,0.4672897196261682,83.71926839744424,,2.0060597000010603,True,2,02_fixed_2500_ejection_on_off/runs.csv
Fixed iteration,Chao,Ejection OFF,p5.3.q,2,2500,2500,1065.0,1070.0,0.4672897196261682,83.71926839744424,,2.061731600000712,True,2,02_fixed_2500_ejection_on_off/runs.csv
Fixed iteration,Chao,Ejection OFF,p5.3.q,3,2500,2500,1065.0,1070.0,0.4672897196261682,83.71926839744424,,2.009083200000532,True,2,02_fixed_2500_ejection_on_off/runs.csv
Fixed iteration,Chao,Ejection OFF,p5.3.r,0,2500,2500,1125.0,1125.0,0.0,89.51415501162646,,2.125842699999339,True,2,02_fixed_2500_ejection_on_off/runs.csv
Fixed iteration,Chao,Ejection OFF,p5.3.r,1,2500,2500,1120.0,1125.0,0.4444444444444444,89.69303021700921,,2.138565799999924,True,2,02_fixed_2500_ejection_on_off/runs.csv
Fixed iteration,Chao,Ejection OFF,p5.3.r,2,2500,2500,1115.0,1125.0,0.8888888888888888,89.43750228802568,,2.1036938999986887,True,2,02_fixed_2500_ejection_on_off/runs.csv
Fixed iteration,Chao,Ejection OFF,p5.3.r,3,2500,2500,1115.0,1125.0,0.8888888888888888,89.43750228802568,,2.15717339999901,True,2,02_fixed_2500_ejection_on_off/runs.csv
Fixed iteration,Chao,Ejection OFF,p5.3.s,0,2500,2500,1185.0,1190.0,0.42016806722689076,92.860416223291,,2.280483700000332,True,2,02_fixed_2500_ejection_on_off/runs.csv
Fixed iteration,Chao,Ejection OFF,p5.3.s,1,2500,2500,1185.0,1190.0,0.42016806722689076,92.860416223291,,2.226495099999738,True,2,02_fixed_2500_ejection_on_off/runs.csv
Fixed iteration,Chao,Ejection OFF,p5.3.s,2,2500,2500,1190.0,1190.0,0.0,94.03943376208696,,2.1867975000004662,True,2,02_fixed_2500_ejection_on_off/runs.csv
Fixed iteration,Chao,Ejection OFF,p5.3.s,3,2500,2500,1185.0,1190.0,0.42016806722689076,92.860416223291,,2.167699099998572,True,2,02_fixed_2500_ejection_on_off/runs.csv
Fixed iteration,Chao,Ejection OFF,p5.3.t,0,2500,2500,1260.0,1260.0,0.0,97.22678406009828,,2.240450900000724,True,2,02_fixed_2500_ejection_on_off/runs.csv
Fixed iteration,Chao,Ejection OFF,p5.3.t,1,2500,2500,1260.0,1260.0,0.0,97.22678406009828,,2.2256312999998045,True,2,02_fixed_2500_ejection_on_off/runs.csv
Fixed iteration,Chao,Ejection OFF,p5.3.t,2,2500,2500,1240.0,1260.0,1.5873015873015872,97.22678406009828,,2.2685263000003038,True,2,02_fixed_2500_ejection_on_off/runs.csv
Fixed iteration,Chao,Ejection OFF,p5.3.t,3,2500,2500,1260.0,1260.0,0.0,96.80477330320709,,2.384314699998868,True,2,02_fixed_2500_ejection_on_off/runs.csv
Fixed iteration,Chao,Ejection OFF,p5.3.u,0,2500,2500,1330.0,1345.0,1.1152416356877324,104.55334863326466,,2.3032203999991907,True,2,02_fixed_2500_ejection_on_off/runs.csv
Fixed iteration,Chao,Ejection OFF,p5.3.u,1,2500,2500,1340.0,1345.0,0.37174721189591076,103.5833154270625,,2.283834300000308,True,2,02_fixed_2500_ejection_on_off/runs.csv
Fixed iteration,Chao,Ejection OFF,p5.3.u,2,2500,2500,1345.0,1345.0,0.0,103.98629096662604,,2.2716698000003817,True,2,02_fixed_2500_ejection_on_off/runs.csv
Fixed iteration,Chao,Ejection OFF,p5.3.u,3,2500,2500,1335.0,1345.0,0.7434944237918215,103.98629096662604,,2.152249900000242,True,2,02_fixed_2500_ejection_on_off/runs.csv
Fixed iteration,Chao,Ejection OFF,p5.3.v,0,2500,2500,1425.0,1425.0,0.0,109.20774884277064,,2.2009269000009226,True,2,02_fixed_2500_ejection_on_off/runs.csv
Fixed iteration,Chao,Ejection OFF,p5.3.v,1,2500,2500,1420.0,1425.0,0.3508771929824561,108.80477330320709,,2.2618678999988333,True,2,02_fixed_2500_ejection_on_off/runs.csv
Fixed iteration,Chao,Ejection OFF,p5.3.v,2,2500,2500,1410.0,1425.0,1.0526315789473684,108.80477330320709,,2.173117899999852,True,2,02_fixed_2500_ejection_on_off/runs.csv
Fixed iteration,Chao,Ejection OFF,p5.3.v,3,2500,2500,1425.0,1425.0,0.0,109.20774884277064,,2.209687499998836,True,2,02_fixed_2500_ejection_on_off/runs.csv
Fixed iteration,Chao,Ejection OFF,p5.3.w,0,2500,2500,1465.0,1485.0,1.3468013468013469,114.0361759675168,,2.2237278999982664,True,2,02_fixed_2500_ejection_on_off/runs.csv
Fixed iteration,Chao,Ejection OFF,p5.3.w,1,2500,2500,1465.0,1485.0,1.3468013468013469,114.25278399353289,,2.1855670000004466,True,2,02_fixed_2500_ejection_on_off/runs.csv
Fixed iteration,Chao,Ejection OFF,p5.3.w,2,2500,2500,1480.0,1485.0,0.3367003367003367,113.98629096662604,,2.195082399999592,True,2,02_fixed_2500_ejection_on_off/runs.csv
Fixed iteration,Chao,Ejection OFF,p5.3.w,3,2500,2500,1480.0,1485.0,0.3367003367003367,113.98629096662604,,2.1910189999998693,True,2,02_fixed_2500_ejection_on_off/runs.csv
Fixed iteration,Chao,Ejection OFF,p5.3.x,0,2500,2500,1525.0,1555.0,1.9292604501607717,119.5339684426568,,2.093977200000154,True,2,02_fixed_2500_ejection_on_off/runs.csv
Fixed iteration,Chao,Ejection OFF,p5.3.x,1,2500,2500,1535.0,1555.0,1.2861736334405145,118.782297257588,,2.147818400000688,True,2,02_fixed_2500_ejection_on_off/runs.csv
Fixed iteration,Chao,Ejection OFF,p5.3.x,2,2500,2500,1520.0,1555.0,2.2508038585209005,119.51980812270072,,2.066813400000683,True,2,02_fixed_2500_ejection_on_off/runs.csv
Fixed iteration,Chao,Ejection OFF,p5.3.x,3,2500,2500,1535.0,1555.0,1.2861736334405145,118.86836522707895,,2.053910999999061,True,2,02_fixed_2500_ejection_on_off/runs.csv
Fixed iteration,Chao,Ejection OFF,p5.3.y,0,2500,2500,1590.0,1595.0,0.31347962382445144,122.0319890985448,,2.101438700001381,True,2,02_fixed_2500_ejection_on_off/runs.csv
Fixed iteration,Chao,Ejection OFF,p5.3.y,1,2500,2500,1590.0,1595.0,0.31347962382445144,122.34258213637264,,2.0313826000001427,True,2,02_fixed_2500_ejection_on_off/runs.csv
Fixed iteration,Chao,Ejection OFF,p5.3.y,2,2500,2500,1590.0,1595.0,0.31347962382445144,123.54515787227312,,2.1017361000012897,True,2,02_fixed_2500_ejection_on_off/runs.csv
Fixed iteration,Chao,Ejection OFF,p5.3.y,3,2500,2500,1565.0,1595.0,1.8808777429467085,123.90168923923731,,2.0450112000016816,True,2,02_fixed_2500_ejection_on_off/runs.csv
Fixed iteration,Chao,Ejection OFF,p5.3.z,0,2500,2500,1625.0,1635.0,0.6116207951070336,129.35290056063695,,1.948614299999463,True,2,02_fixed_2500_ejection_on_off/runs.csv
Fixed iteration,Chao,Ejection OFF,p5.3.z,1,2500,2500,1635.0,1635.0,0.0,128.00876701224513,,1.9121063000002323,True,2,02_fixed_2500_ejection_on_off/runs.csv
Fixed iteration,Chao,Ejection OFF,p5.3.z,2,2500,2500,1625.0,1635.0,0.6116207951070336,129.00410169905507,,1.862076499999603,True,2,02_fixed_2500_ejection_on_off/runs.csv
Fixed iteration,Chao,Ejection OFF,p5.3.z,3,2500,2500,1625.0,1635.0,0.6116207951070336,128.00876701224513,,1.9514793000016653,True,2,02_fixed_2500_ejection_on_off/runs.csv
Fixed iteration,Chao,Ejection OFF,p5.4.m,0,2500,2500,550.0,555.0,0.9009009009009009,62.96640083988888,,1.6863424999992276,True,2,02_fixed_2500_ejection_on_off/runs.csv
Fixed iteration,Chao,Ejection OFF,p5.4.m,1,2500,2500,550.0,555.0,0.9009009009009009,62.96640083988888,,1.6914319999996223,True,2,02_fixed_2500_ejection_on_off/runs.csv
Fixed iteration,Chao,Ejection OFF,p5.4.m,2,2500,2500,555.0,555.0,0.0,64.26800943142202,,1.641267099999823,True,2,02_fixed_2500_ejection_on_off/runs.csv
Fixed iteration,Chao,Ejection OFF,p5.4.m,3,2500,2500,550.0,555.0,0.9009009009009009,62.96640083988888,,1.6973725999996532,True,2,02_fixed_2500_ejection_on_off/runs.csv
Fixed iteration,Chao,Ejection OFF,p5.4.o,0,2500,2500,685.0,690.0,0.7246376811594203,73.69916021231546,,1.7265967000003002,True,2,02_fixed_2500_ejection_on_off/runs.csv
Fixed iteration,Chao,Ejection OFF,p5.4.o,1,2500,2500,680.0,690.0,1.4492753623188406,73.88854381999832,,1.745501499999591,True,2,02_fixed_2500_ejection_on_off/runs.csv
Fixed iteration,Chao,Ejection OFF,p5.4.o,2,2500,2500,675.0,690.0,2.1739130434782608,72.71022467726033,,1.7541388999998162,True,2,02_fixed_2500_ejection_on_off/runs.csv
Fixed iteration,Chao,Ejection OFF,p5.4.o,3,2500,2500,670.0,690.0,2.898550724637681,71.72238229861513,,1.7620084999998653,True,2,02_fixed_2500_ejection_on_off/runs.csv
Fixed iteration,Chao,Ejection OFF,p5.4.p,0,2500,2500,760.0,765.0,0.6535947712418301,76.45111915039936,,1.911533499998768,True,2,02_fixed_2500_ejection_on_off/runs.csv
Fixed iteration,Chao,Ejection OFF,p5.4.p,1,2500,2500,760.0,765.0,0.6535947712418301,76.45111915039936,,1.9446232000009327,True,2,02_fixed_2500_ejection_on_off/runs.csv
Fixed iteration,Chao,Ejection OFF,p5.4.p,2,2500,2500,760.0,765.0,0.6535947712418301,76.45111915039936,,1.9677069000008487,True,2,02_fixed_2500_ejection_on_off/runs.csv
Fixed iteration,Chao,Ejection OFF,p5.4.p,3,2500,2500,760.0,765.0,0.6535947712418301,76.45111915039936,,1.949583800000255,True,2,02_fixed_2500_ejection_on_off/runs.csv
Fixed iteration,Chao,Ejection OFF,p5.4.q,0,2500,2500,860.0,860.0,0.0,81.1374106514146,,2.043494199999259,True,2,02_fixed_2500_ejection_on_off/runs.csv
Fixed iteration,Chao,Ejection OFF,p5.4.q,1,2500,2500,860.0,860.0,0.0,81.1374106514146,,2.0514925999996194,True,2,02_fixed_2500_ejection_on_off/runs.csv
Fixed iteration,Chao,Ejection OFF,p5.4.q,2,2500,2500,860.0,860.0,0.0,81.1374106514146,,2.02648070000032,True,2,02_fixed_2500_ejection_on_off/runs.csv
Fixed iteration,Chao,Ejection OFF,p5.4.q,3,2500,2500,860.0,860.0,0.0,81.1374106514146,,2.0508486000017,True,2,02_fixed_2500_ejection_on_off/runs.csv
Fixed iteration,Chao,Ejection OFF,p5.4.r,0,2500,2500,960.0,960.0,0.0,89.88854381999832,,2.0070801000001666,True,2,02_fixed_2500_ejection_on_off/runs.csv
Fixed iteration,Chao,Ejection OFF,p5.4.r,1,2500,2500,900.0,960.0,6.25,87.76482764938413,,2.119811599999593,True,2,02_fixed_2500_ejection_on_off/runs.csv
Fixed iteration,Chao,Ejection OFF,p5.4.r,2,2500,2500,900.0,960.0,6.25,87.76482764938413,,2.118262300000424,True,2,02_fixed_2500_ejection_on_off/runs.csv
Fixed iteration,Chao,Ejection OFF,p5.4.r,3,2500,2500,900.0,960.0,6.25,87.76482764938413,,2.073743499999182,True,2,02_fixed_2500_ejection_on_off/runs.csv
Fixed iteration,Chao,Ejection OFF,p5.4.s,0,2500,2500,1000.0,1030.0,2.912621359223301,92.45111915039936,,2.159292700000151,True,2,02_fixed_2500_ejection_on_off/runs.csv
Fixed iteration,Chao,Ejection OFF,p5.4.s,1,2500,2500,1000.0,1030.0,2.912621359223301,92.45111915039936,,2.238459100000909,True,2,02_fixed_2500_ejection_on_off/runs.csv
Fixed iteration,Chao,Ejection OFF,p5.4.s,2,2500,2500,1000.0,1030.0,2.912621359223301,92.45111915039936,,2.246532099999968,True,2,02_fixed_2500_ejection_on_off/runs.csv
Fixed iteration,Chao,Ejection OFF,p5.4.s,3,2500,2500,1015.0,1030.0,1.4563106796116505,93.74653127318808,,2.095615500000349,True,2,02_fixed_2500_ejection_on_off/runs.csv
Fixed iteration,Chao,Ejection OFF,p5.4.t,0,2500,2500,1125.0,1160.0,3.0172413793103448,99.18985294042466,,2.0734135000002425,True,2,02_fixed_2500_ejection_on_off/runs.csv
Fixed iteration,Chao,Ejection OFF,p5.4.t,1,2500,2500,1100.0,1160.0,5.172413793103448,97.1374106514146,,2.2641715000008844,True,2,02_fixed_2500_ejection_on_off/runs.csv
Fixed iteration,Chao,Ejection OFF,p5.4.t,2,2500,2500,1100.0,1160.0,5.172413793103448,97.1374106514146,,2.269310800000312,True,2,02_fixed_2500_ejection_on_off/runs.csv
Fixed iteration,Chao,Ejection OFF,p5.4.t,3,2500,2500,1100.0,1160.0,5.172413793103448,97.1374106514146,,2.2730333999988943,True,2,02_fixed_2500_ejection_on_off/runs.csv
Fixed iteration,Chao,Ejection OFF,p5.4.u,0,2500,2500,1300.0,1300.0,0.0,104.18673747926776,,2.129609800000253,True,2,02_fixed_2500_ejection_on_off/runs.csv
Fixed iteration,Chao,Ejection OFF,p5.4.u,1,2500,2500,1300.0,1300.0,0.0,104.18673747926776,,2.098985000000539,True,2,02_fixed_2500_ejection_on_off/runs.csv
Fixed iteration,Chao,Ejection OFF,p5.4.u,2,2500,2500,1300.0,1300.0,0.0,104.18673747926776,,2.1199648000001616,True,2,02_fixed_2500_ejection_on_off/runs.csv
Fixed iteration,Chao,Ejection OFF,p5.4.u,3,2500,2500,1300.0,1300.0,0.0,104.18673747926776,,2.073392700000113,True,2,02_fixed_2500_ejection_on_off/runs.csv
Fixed iteration,Chao,Ejection OFF,p5.4.v,0,2500,2500,1310.0,1320.0,0.7575757575757576,108.53718711989032,,2.1389782000005653,True,2,02_fixed_2500_ejection_on_off/runs.csv
Fixed iteration,Chao,Ejection OFF,p5.4.v,1,2500,2500,1310.0,1320.0,0.7575757575757576,108.53718711989032,,2.1736517999997886,True,2,02_fixed_2500_ejection_on_off/runs.csv
Fixed iteration,Chao,Ejection OFF,p5.4.v,2,2500,2500,1320.0,1320.0,0.0,108.62325508938126,,2.152821599998788,True,2,02_fixed_2500_ejection_on_off/runs.csv
Fixed iteration,Chao,Ejection OFF,p5.4.v,3,2500,2500,1320.0,1320.0,0.0,108.62325508938126,,2.165593900001113,True,2,02_fixed_2500_ejection_on_off/runs.csv
Fixed iteration,Chao,Ejection OFF,p5.4.w,0,2500,2500,1380.0,1390.0,0.7194244604316546,113.1374106514146,,2.124876399999266,True,2,02_fixed_2500_ejection_on_off/runs.csv
Fixed iteration,Chao,Ejection OFF,p5.4.w,1,2500,2500,1380.0,1390.0,0.7194244604316546,113.1374106514146,,2.211940400000458,True,2,02_fixed_2500_ejection_on_off/runs.csv
Fixed iteration,Chao,Ejection OFF,p5.4.w,2,2500,2500,1380.0,1390.0,0.7194244604316546,113.1374106514146,,2.1527362000015278,True,2,02_fixed_2500_ejection_on_off/runs.csv
Fixed iteration,Chao,Ejection OFF,p5.4.w,3,2500,2500,1380.0,1390.0,0.7194244604316546,113.1374106514146,,2.131583800000953,True,2,02_fixed_2500_ejection_on_off/runs.csv
Fixed iteration,Chao,Ejection OFF,p5.4.x,0,2500,2500,1420.0,1450.0,2.0689655172413794,116.45111915039936,,2.221489700001257,True,2,02_fixed_2500_ejection_on_off/runs.csv
Fixed iteration,Chao,Ejection OFF,p5.4.x,1,2500,2500,1420.0,1450.0,2.0689655172413794,116.82668573469122,,2.1757678000012675,True,2,02_fixed_2500_ejection_on_off/runs.csv
Fixed iteration,Chao,Ejection OFF,p5.4.x,2,2500,2500,1430.0,1450.0,1.3793103448275863,118.03121746021438,,2.135259299999234,True,2,02_fixed_2500_ejection_on_off/runs.csv
Fixed iteration,Chao,Ejection OFF,p5.4.x,3,2500,2500,1430.0,1450.0,1.3793103448275863,118.03121746021438,,2.1578010000012,True,2,02_fixed_2500_ejection_on_off/runs.csv
Fixed iteration,Chao,Ejection OFF,p5.4.y,0,2500,2500,1510.0,1520.0,0.6578947368421053,121.88854381999832,,2.0942169000009017,True,2,02_fixed_2500_ejection_on_off/runs.csv
Fixed iteration,Chao,Ejection OFF,p5.4.y,1,2500,2500,1510.0,1520.0,0.6578947368421053,124.1651661720088,,2.0378676999989693,True,2,02_fixed_2500_ejection_on_off/runs.csv
Fixed iteration,Chao,Ejection OFF,p5.4.y,2,2500,2500,1510.0,1520.0,0.6578947368421053,124.1651661720088,,1.9270497999987128,True,2,02_fixed_2500_ejection_on_off/runs.csv
Fixed iteration,Chao,Ejection OFF,p5.4.y,3,2500,2500,1520.0,1520.0,0.0,124.45111915039936,,2.0432342999993125,True,2,02_fixed_2500_ejection_on_off/runs.csv
Fixed iteration,Chao,Ejection OFF,p5.4.z,0,2500,2500,1620.0,1620.0,0.0,129.1374106514146,,1.825075599999764,True,2,02_fixed_2500_ejection_on_off/runs.csv
Fixed iteration,Chao,Ejection OFF,p5.4.z,1,2500,2500,1620.0,1620.0,0.0,129.1374106514146,,1.8771116000007169,True,2,02_fixed_2500_ejection_on_off/runs.csv
Fixed iteration,Chao,Ejection OFF,p5.4.z,2,2500,2500,1620.0,1620.0,0.0,129.1374106514146,,1.8500734999997803,True,2,02_fixed_2500_ejection_on_off/runs.csv
Fixed iteration,Chao,Ejection OFF,p5.4.z,3,2500,2500,1620.0,1620.0,0.0,129.1374106514146,,1.903329799999483,True,2,02_fixed_2500_ejection_on_off/runs.csv
Fixed iteration,Chao,Ejection OFF,p6.2.d,0,2500,2500,192.0,192.0,0.0,29.65685424949238,,0.9960198000007948,True,2,02_fixed_2500_ejection_on_off/runs.csv
Fixed iteration,Chao,Ejection OFF,p6.2.d,1,2500,2500,192.0,192.0,0.0,29.65685424949238,,1.00643669999954,True,2,02_fixed_2500_ejection_on_off/runs.csv
Fixed iteration,Chao,Ejection OFF,p6.2.d,2,2500,2500,192.0,192.0,0.0,29.65685424949238,,0.9915593000005174,True,2,02_fixed_2500_ejection_on_off/runs.csv
Fixed iteration,Chao,Ejection OFF,p6.2.d,3,2500,2500,192.0,192.0,0.0,29.65685424949238,,0.9939755000013974,True,2,02_fixed_2500_ejection_on_off/runs.csv
Fixed iteration,Chao,Ejection OFF,p6.2.j,0,2500,2500,942.0,948.0,0.6329113924050633,59.38382420043101,,2.3259152000009635,True,2,02_fixed_2500_ejection_on_off/runs.csv
Fixed iteration,Chao,Ejection OFF,p6.2.j,1,2500,2500,942.0,948.0,0.6329113924050633,58.21225132517719,,2.2855759000012768,True,2,02_fixed_2500_ejection_on_off/runs.csv
Fixed iteration,Chao,Ejection OFF,p6.2.j,2,2500,2500,936.0,948.0,1.2658227848101267,56.56854249492381,,2.297252500000468,True,2,02_fixed_2500_ejection_on_off/runs.csv
Fixed iteration,Chao,Ejection OFF,p6.2.j,3,2500,2500,942.0,948.0,0.6329113924050633,59.38382420043101,,2.312423200000921,True,2,02_fixed_2500_ejection_on_off/runs.csv
Fixed iteration,Chao,Ejection OFF,p6.2.l,0,2500,2500,1116.0,1116.0,0.0,67.88225099390857,,2.420180499999333,True,2,02_fixed_2500_ejection_on_off/runs.csv
Fixed iteration,Chao,Ejection OFF,p6.2.l,1,2500,2500,1116.0,1116.0,0.0,67.88225099390857,,2.416090999999142,True,2,02_fixed_2500_ejection_on_off/runs.csv
Fixed iteration,Chao,Ejection OFF,p6.2.l,2,2500,2500,1116.0,1116.0,0.0,67.88225099390857,,2.354925400000866,True,2,02_fixed_2500_ejection_on_off/runs.csv
Fixed iteration,Chao,Ejection OFF,p6.2.l,3,2500,2500,1116.0,1116.0,0.0,67.88225099390857,,2.3795293000002857,True,2,02_fixed_2500_ejection_on_off/runs.csv
Fixed iteration,Chao,Ejection OFF,p6.2.m,0,2500,2500,1188.0,1188.0,0.0,73.53910524340095,,2.3001213999996253,True,2,02_fixed_2500_ejection_on_off/runs.csv
Fixed iteration,Chao,Ejection OFF,p6.2.m,1,2500,2500,1188.0,1188.0,0.0,73.53910524340095,,2.333014199999525,True,2,02_fixed_2500_ejection_on_off/runs.csv
Fixed iteration,Chao,Ejection OFF,p6.2.m,2,2500,2500,1188.0,1188.0,0.0,73.53910524340095,,2.378222499999538,True,2,02_fixed_2500_ejection_on_off/runs.csv
Fixed iteration,Chao,Ejection OFF,p6.2.m,3,2500,2500,1188.0,1188.0,0.0,73.53910524340095,,2.344138600001316,True,2,02_fixed_2500_ejection_on_off/runs.csv
Fixed iteration,Chao,Ejection OFF,p6.2.n,0,2500,2500,1260.0,1260.0,0.0,79.19595949289332,,2.2774536999986594,True,2,02_fixed_2500_ejection_on_off/runs.csv
Fixed iteration,Chao,Ejection OFF,p6.2.n,1,2500,2500,1260.0,1260.0,0.0,79.19595949289332,,2.3138612000002468,True,2,02_fixed_2500_ejection_on_off/runs.csv
Fixed iteration,Chao,Ejection OFF,p6.2.n,2,2500,2500,1260.0,1260.0,0.0,79.19595949289332,,2.2754480999992666,True,2,02_fixed_2500_ejection_on_off/runs.csv
Fixed iteration,Chao,Ejection OFF,p6.2.n,3,2500,2500,1260.0,1260.0,0.0,79.19595949289332,,2.3006833999988885,True,2,02_fixed_2500_ejection_on_off/runs.csv
Fixed iteration,Chao,Ejection OFF,p6.3.g,0,2500,2500,282.0,282.0,0.0,44.55790079237062,,1.210708300000988,True,2,02_fixed_2500_ejection_on_off/runs.csv
Fixed iteration,Chao,Ejection OFF,p6.3.g,1,2500,2500,282.0,282.0,0.0,44.55790079237062,,1.2056589999992866,True,2,02_fixed_2500_ejection_on_off/runs.csv
Fixed iteration,Chao,Ejection OFF,p6.3.g,2,2500,2500,282.0,282.0,0.0,44.55790079237062,,1.1909883999996964,True,2,02_fixed_2500_ejection_on_off/runs.csv
Fixed iteration,Chao,Ejection OFF,p6.3.g,3,2500,2500,282.0,282.0,0.0,44.55790079237062,,1.172625600000174,True,2,02_fixed_2500_ejection_on_off/runs.csv
Fixed iteration,Chao,Ejection OFF,p6.3.h,0,2500,2500,444.0,444.0,0.0,49.45584412271572,,1.6252960999991046,True,2,02_fixed_2500_ejection_on_off/runs.csv
Fixed iteration,Chao,Ejection OFF,p6.3.h,1,2500,2500,444.0,444.0,0.0,49.45584412271572,,1.6799306000011711,True,2,02_fixed_2500_ejection_on_off/runs.csv
Fixed iteration,Chao,Ejection OFF,p6.3.h,2,2500,2500,444.0,444.0,0.0,49.45584412271572,,1.6613815000000614,True,2,02_fixed_2500_ejection_on_off/runs.csv
Fixed iteration,Chao,Ejection OFF,p6.3.h,3,2500,2500,444.0,444.0,0.0,49.45584412271572,,1.6466474999997445,True,2,02_fixed_2500_ejection_on_off/runs.csv
Fixed iteration,Chao,Ejection OFF,p6.3.i,0,2500,2500,642.0,642.0,0.0,54.42640687119285,,1.807992600000944,True,2,02_fixed_2500_ejection_on_off/runs.csv
Fixed iteration,Chao,Ejection OFF,p6.3.i,1,2500,2500,642.0,642.0,0.0,54.42640687119285,,1.8089628000016087,True,2,02_fixed_2500_ejection_on_off/runs.csv
Fixed iteration,Chao,Ejection OFF,p6.3.i,2,2500,2500,642.0,642.0,0.0,54.42640687119285,,1.8841549000007944,True,2,02_fixed_2500_ejection_on_off/runs.csv
Fixed iteration,Chao,Ejection OFF,p6.3.i,3,2500,2500,642.0,642.0,0.0,54.42640687119285,,1.8475827000002027,True,2,02_fixed_2500_ejection_on_off/runs.csv
Fixed iteration,Chao,Ejection OFF,p6.3.k,0,2500,2500,888.0,894.0,0.6711409395973155,62.31660659271909,,1.959454800000458,True,2,02_fixed_2500_ejection_on_off/runs.csv
Fixed iteration,Chao,Ejection OFF,p6.3.k,1,2500,2500,894.0,894.0,0.0,64.64116191305585,,1.9696084999995944,True,2,02_fixed_2500_ejection_on_off/runs.csv
Fixed iteration,Chao,Ejection OFF,p6.3.k,2,2500,2500,888.0,894.0,0.6711409395973155,62.31660659271909,,1.9107592000000293,True,2,02_fixed_2500_ejection_on_off/runs.csv
Fixed iteration,Chao,Ejection OFF,p6.3.k,3,2500,2500,894.0,894.0,0.0,64.64116191305585,,1.940921999999773,True,2,02_fixed_2500_ejection_on_off/runs.csv
Fixed iteration,Chao,Ejection OFF,p6.3.l,0,2500,2500,996.0,1002.0,0.5988023952095808,68.54995206475294,,2.1190896999996767,True,2,02_fixed_2500_ejection_on_off/runs.csv
Fixed iteration,Chao,Ejection OFF,p6.3.l,1,2500,2500,996.0,1002.0,0.5988023952095808,68.54995206475294,,2.127795200000037,True,2,02_fixed_2500_ejection_on_off/runs.csv
Fixed iteration,Chao,Ejection OFF,p6.3.l,2,2500,2500,1002.0,1002.0,0.0,68.54995206475294,,2.09993669999858,True,2,02_fixed_2500_ejection_on_off/runs.csv
Fixed iteration,Chao,Ejection OFF,p6.3.l,3,2500,2500,972.0,1002.0,2.9940119760479043,68.5685424949238,,2.1666564000006474,True,2,02_fixed_2500_ejection_on_off/runs.csv
Fixed iteration,Chao,Ejection OFF,p6.3.m,0,2500,2500,1080.0,1080.0,0.0,74.22539674441619,,2.0643184000000474,True,2,02_fixed_2500_ejection_on_off/runs.csv
Fixed iteration,Chao,Ejection OFF,p6.3.m,1,2500,2500,1080.0,1080.0,0.0,74.22539674441619,,2.1333129000013287,True,2,02_fixed_2500_ejection_on_off/runs.csv
Fixed iteration,Chao,Ejection OFF,p6.3.m,2,2500,2500,1080.0,1080.0,0.0,74.22539674441619,,2.129687600001489,True,2,02_fixed_2500_ejection_on_off/runs.csv
Fixed iteration,Chao,Ejection OFF,p6.3.m,3,2500,2500,1080.0,1080.0,0.0,74.22539674441619,,2.109086500000558,True,2,02_fixed_2500_ejection_on_off/runs.csv
Fixed iteration,Chao,Ejection OFF,p6.3.n,0,2500,2500,1170.0,1170.0,0.0,78.71067811865476,,2.030633399999715,True,2,02_fixed_2500_ejection_on_off/runs.csv
Fixed iteration,Chao,Ejection OFF,p6.3.n,1,2500,2500,1170.0,1170.0,0.0,78.71067811865476,,2.0401579000008496,True,2,02_fixed_2500_ejection_on_off/runs.csv
Fixed iteration,Chao,Ejection OFF,p6.3.n,2,2500,2500,1158.0,1170.0,1.0256410256410255,78.71067811865476,,1.9294623999994656,True,2,02_fixed_2500_ejection_on_off/runs.csv
Fixed iteration,Chao,Ejection OFF,p6.3.n,3,2500,2500,1152.0,1170.0,1.5384615384615385,77.53910524340095,,2.1299066999999923,True,2,02_fixed_2500_ejection_on_off/runs.csv
Fixed iteration,Chao,Ejection OFF,p6.4.j,0,2500,2500,366.0,366.0,0.0,59.502172702369776,,1.3468147000003228,True,2,02_fixed_2500_ejection_on_off/runs.csv
Fixed iteration,Chao,Ejection OFF,p6.4.j,1,2500,2500,366.0,366.0,0.0,59.502172702369776,,1.349062600000252,True,2,02_fixed_2500_ejection_on_off/runs.csv
Fixed iteration,Chao,Ejection OFF,p6.4.j,2,2500,2500,366.0,366.0,0.0,59.502172702369776,,1.358147299999473,True,2,02_fixed_2500_ejection_on_off/runs.csv
Fixed iteration,Chao,Ejection OFF,p6.4.j,3,2500,2500,366.0,366.0,0.0,59.502172702369776,,1.3538444000005256,True,2,02_fixed_2500_ejection_on_off/runs.csv
Fixed iteration,Chao,Ejection OFF,p6.4.k,0,2500,2500,528.0,528.0,0.0,64.22079954864219,,1.6892415000002077,True,2,02_fixed_2500_ejection_on_off/runs.csv
Fixed iteration,Chao,Ejection OFF,p6.4.k,1,2500,2500,522.0,528.0,1.1363636363636365,63.74866359364262,,1.6837140000006912,True,2,02_fixed_2500_ejection_on_off/runs.csv
Fixed iteration,Chao,Ejection OFF,p6.4.k,2,2500,2500,528.0,528.0,0.0,64.22079954864219,,1.677924699999494,True,2,02_fixed_2500_ejection_on_off/runs.csv
Fixed iteration,Chao,Ejection OFF,p6.4.k,3,2500,2500,528.0,528.0,0.0,64.22079954864219,,1.6626310000010562,True,2,02_fixed_2500_ejection_on_off/runs.csv
Fixed iteration,Chao,Ejection OFF,p6.4.l,0,2500,2500,696.0,696.0,0.0,68.75096219152961,,2.051720200001,True,2,02_fixed_2500_ejection_on_off/runs.csv
Fixed iteration,Chao,Ejection OFF,p6.4.l,1,2500,2500,696.0,696.0,0.0,68.75096219152961,,2.053430700001627,True,2,02_fixed_2500_ejection_on_off/runs.csv
Fixed iteration,Chao,Ejection OFF,p6.4.l,2,2500,2500,696.0,696.0,0.0,68.75096219152961,,2.0102093999994395,True,2,02_fixed_2500_ejection_on_off/runs.csv
Fixed iteration,Chao,Ejection OFF,p6.4.l,3,2500,2500,696.0,696.0,0.0,68.75096219152961,,1.998519099999612,True,2,02_fixed_2500_ejection_on_off/runs.csv
Fixed iteration,Chao,Ejection OFF,p7.2.d,0,2500,2500,190.0,190.0,0.0,78.6737065912388,,1.0825162999990423,True,2,02_fixed_2500_ejection_on_off/runs.csv
Fixed iteration,Chao,Ejection OFF,p7.2.d,1,2500,2500,190.0,190.0,0.0,78.6737065912388,,1.068136500000037,True,2,02_fixed_2500_ejection_on_off/runs.csv
Fixed iteration,Chao,Ejection OFF,p7.2.d,2,2500,2500,190.0,190.0,0.0,78.6737065912388,,1.0535362999999052,True,2,02_fixed_2500_ejection_on_off/runs.csv
Fixed iteration,Chao,Ejection OFF,p7.2.d,3,2500,2500,190.0,190.0,0.0,78.6737065912388,,1.0832193000005643,True,2,02_fixed_2500_ejection_on_off/runs.csv
Fixed iteration,Chao,Ejection OFF,p7.2.e,0,2500,2500,290.0,290.0,0.0,98.36318612174394,,1.416520999999193,True,2,02_fixed_2500_ejection_on_off/runs.csv
Fixed iteration,Chao,Ejection OFF,p7.2.e,1,2500,2500,290.0,290.0,0.0,98.36318612174394,,1.4180785000007743,True,2,02_fixed_2500_ejection_on_off/runs.csv
Fixed iteration,Chao,Ejection OFF,p7.2.e,2,2500,2500,290.0,290.0,0.0,98.36318612174394,,1.4305208999994647,True,2,02_fixed_2500_ejection_on_off/runs.csv
Fixed iteration,Chao,Ejection OFF,p7.2.e,3,2500,2500,290.0,290.0,0.0,98.36318612174394,,1.4104781999994884,True,2,02_fixed_2500_ejection_on_off/runs.csv
Fixed iteration,Chao,Ejection OFF,p7.2.f,0,2500,2500,387.0,387.0,0.0,119.40959650266612,,1.902802599999632,True,2,02_fixed_2500_ejection_on_off/runs.csv
Fixed iteration,Chao,Ejection OFF,p7.2.f,1,2500,2500,387.0,387.0,0.0,119.40959650266612,,1.924013700001524,True,2,02_fixed_2500_ejection_on_off/runs.csv
Fixed iteration,Chao,Ejection OFF,p7.2.f,2,2500,2500,387.0,387.0,0.0,119.40959650266612,,1.8911349000009068,True,2,02_fixed_2500_ejection_on_off/runs.csv
Fixed iteration,Chao,Ejection OFF,p7.2.f,3,2500,2500,387.0,387.0,0.0,119.40959650266612,,1.945783900000606,True,2,02_fixed_2500_ejection_on_off/runs.csv
Fixed iteration,Chao,Ejection OFF,p7.2.g,0,2500,2500,459.0,459.0,0.0,139.38253187114003,,2.886795999998867,True,2,02_fixed_2500_ejection_on_off/runs.csv
Fixed iteration,Chao,Ejection OFF,p7.2.g,1,2500,2500,453.0,459.0,1.3071895424836601,137.30050410519442,,2.941405300000042,True,2,02_fixed_2500_ejection_on_off/runs.csv
Fixed iteration,Chao,Ejection OFF,p7.2.g,2,2500,2500,453.0,459.0,1.3071895424836601,137.30050410519442,,2.8794564999989234,True,2,02_fixed_2500_ejection_on_off/runs.csv
Fixed iteration,Chao,Ejection OFF,p7.2.g,3,2500,2500,459.0,459.0,0.0,139.38253187114003,,2.9637508999985585,True,2,02_fixed_2500_ejection_on_off/runs.csv
Fixed iteration,Chao,Ejection OFF,p7.2.h,0,2500,2500,521.0,521.0,0.0,158.24260160323507,,3.349516500000391,True,2,02_fixed_2500_ejection_on_off/runs.csv
Fixed iteration,Chao,Ejection OFF,p7.2.h,1,2500,2500,521.0,521.0,0.0,158.9805539412851,,3.236735399999816,True,2,02_fixed_2500_ejection_on_off/runs.csv
Fixed iteration,Chao,Ejection OFF,p7.2.h,2,2500,2500,521.0,521.0,0.0,158.24260160323507,,3.480393300000287,True,2,02_fixed_2500_ejection_on_off/runs.csv
Fixed iteration,Chao,Ejection OFF,p7.2.h,3,2500,2500,521.0,521.0,0.0,158.280956871243,,3.1844247999997606,True,2,02_fixed_2500_ejection_on_off/runs.csv
Fixed iteration,Chao,Ejection OFF,p7.2.i,0,2500,2500,578.0,580.0,0.3448275862068966,177.9115388854371,,3.816328899998553,True,2,02_fixed_2500_ejection_on_off/runs.csv
Fixed iteration,Chao,Ejection OFF,p7.2.i,1,2500,2500,578.0,580.0,0.3448275862068966,177.9115388854371,,3.761528700000781,True,2,02_fixed_2500_ejection_on_off/runs.csv
Fixed iteration,Chao,Ejection OFF,p7.2.i,2,2500,2500,578.0,580.0,0.3448275862068966,177.9115388854371,,3.6514222000005248,True,2,02_fixed_2500_ejection_on_off/runs.csv
Fixed iteration,Chao,Ejection OFF,p7.2.i,3,2500,2500,578.0,580.0,0.3448275862068966,177.9115388854371,,3.5245025000003807,True,2,02_fixed_2500_ejection_on_off/runs.csv
Fixed iteration,Chao,Ejection OFF,p7.2.j,0,2500,2500,643.0,646.0,0.46439628482972134,198.87683949061383,,3.4926252999994176,True,2,02_fixed_2500_ejection_on_off/runs.csv
Fixed iteration,Chao,Ejection OFF,p7.2.j,1,2500,2500,632.0,646.0,2.1671826625387,196.82804287783043,,3.515940500001306,True,2,02_fixed_2500_ejection_on_off/runs.csv
Fixed iteration,Chao,Ejection OFF,p7.2.j,2,2500,2500,634.0,646.0,1.8575851393188854,198.87127902200905,,3.6445452999996633,True,2,02_fixed_2500_ejection_on_off/runs.csv
Fixed iteration,Chao,Ejection OFF,p7.2.j,3,2500,2500,636.0,646.0,1.5479876160990713,198.3867939533168,,3.828698899998926,True,2,02_fixed_2500_ejection_on_off/runs.csv
Fixed iteration,Chao,Ejection OFF,p7.2.k,0,2500,2500,695.0,705.0,1.4184397163120568,219.87205200821307,,4.027116400000523,True,2,02_fixed_2500_ejection_on_off/runs.csv
Fixed iteration,Chao,Ejection OFF,p7.2.k,1,2500,2500,702.0,705.0,0.425531914893617,218.74931395206528,,3.929195499998968,True,2,02_fixed_2500_ejection_on_off/runs.csv
Fixed iteration,Chao,Ejection OFF,p7.2.k,2,2500,2500,635.0,705.0,9.929078014184396,219.15989985798765,,4.220214000000851,True,2,02_fixed_2500_ejection_on_off/runs.csv
Fixed iteration,Chao,Ejection OFF,p7.2.k,3,2500,2500,702.0,705.0,0.425531914893617,218.9262540952585,,3.851000499998918,True,2,02_fixed_2500_ejection_on_off/runs.csv
Fixed iteration,Chao,Ejection OFF,p7.2.l,0,2500,2500,702.0,767.0,8.474576271186441,239.4780299742713,,4.161458200000197,True,2,02_fixed_2500_ejection_on_off/runs.csv
Fixed iteration,Chao,Ejection OFF,p7.2.l,1,2500,2500,719.0,767.0,6.258148631029987,238.2866950510263,,4.451300299999275,True,2,02_fixed_2500_ejection_on_off/runs.csv
Fixed iteration,Chao,Ejection OFF,p7.2.l,2,2500,2500,719.0,767.0,6.258148631029987,238.2866950510263,,4.483673600001566,True,2,02_fixed_2500_ejection_on_off/runs.csv
Fixed iteration,Chao,Ejection OFF,p7.2.l,3,2500,2500,704.0,767.0,8.213820078226858,239.20835014861973,,5.078921700000137,True,2,02_fixed_2500_ejection_on_off/runs.csv
Fixed iteration,Chao,Ejection OFF,p7.2.m,0,2500,2500,766.0,827.0,7.376058041112454,259.31111090162744,,4.595849799999996,True,2,02_fixed_2500_ejection_on_off/runs.csv
Fixed iteration,Chao,Ejection OFF,p7.2.m,1,2500,2500,781.0,827.0,5.562273276904474,258.2962333250606,,4.469735799999398,True,2,02_fixed_2500_ejection_on_off/runs.csv
Fixed iteration,Chao,Ejection OFF,p7.2.m,2,2500,2500,779.0,827.0,5.804111245465538,259.00864784658336,,4.995361999999659,True,2,02_fixed_2500_ejection_on_off/runs.csv
Fixed iteration,Chao,Ejection OFF,p7.2.m,3,2500,2500,818.0,827.0,1.0882708585247884,258.49697548529537,,4.213724100000036,True,2,02_fixed_2500_ejection_on_off/runs.csv
Fixed iteration,Chao,Ejection OFF,p7.2.n,0,2500,2500,801.0,888.0,9.797297297297296,277.50193026370266,,5.364819799999168,True,2,02_fixed_2500_ejection_on_off/runs.csv
Fixed iteration,Chao,Ejection OFF,p7.2.n,1,2500,2500,841.0,888.0,5.292792792792793,279.51283005831567,,4.8488453999998455,True,2,02_fixed_2500_ejection_on_off/runs.csv
Fixed iteration,Chao,Ejection OFF,p7.2.n,2,2500,2500,864.0,888.0,2.7027027027027026,279.3611489883826,,4.933582099998603,True,2,02_fixed_2500_ejection_on_off/runs.csv
Fixed iteration,Chao,Ejection OFF,p7.2.n,3,2500,2500,831.0,888.0,6.418918918918919,278.31637789526,,4.841451199999938,True,2,02_fixed_2500_ejection_on_off/runs.csv
Fixed iteration,Chao,Ejection OFF,p7.2.o,0,2500,2500,860.0,945.0,8.994708994708995,299.1167599682378,,5.720763699999225,True,2,02_fixed_2500_ejection_on_off/runs.csv
Fixed iteration,Chao,Ejection OFF,p7.2.o,1,2500,2500,920.0,945.0,2.6455026455026456,299.36796413784805,,5.585234999998647,True,2,02_fixed_2500_ejection_on_off/runs.csv
Fixed iteration,Chao,Ejection OFF,p7.2.o,2,2500,2500,866.0,945.0,8.359788359788359,297.90864006993684,,5.317786599998726,True,2,02_fixed_2500_ejection_on_off/runs.csv
Fixed iteration,Chao,Ejection OFF,p7.2.o,3,2500,2500,875.0,945.0,7.407407407407407,298.7684915493942,,8.81790540000111,True,2,02_fixed_2500_ejection_on_off/runs.csv
Fixed iteration,Chao,Ejection OFF,p7.2.p,0,2500,2500,969.0,1002.0,3.2934131736526946,319.0149679692171,,6.016003900000214,True,2,02_fixed_2500_ejection_on_off/runs.csv
Fixed iteration,Chao,Ejection OFF,p7.2.p,1,2500,2500,967.0,1002.0,3.493013972055888,319.7180835230896,,5.899426399999356,True,2,02_fixed_2500_ejection_on_off/runs.csv
Fixed iteration,Chao,Ejection OFF,p7.2.p,2,2500,2500,1000.0,1002.0,0.1996007984031936,319.78260780199736,,4.801703200000702,True,2,02_fixed_2500_ejection_on_off/runs.csv
Fixed iteration,Chao,Ejection OFF,p7.2.p,3,2500,2500,936.0,1002.0,6.586826347305389,319.85663498249176,,6.13526180000008,True,2,02_fixed_2500_ejection_on_off/runs.csv
Fixed iteration,Chao,Ejection OFF,p7.2.q,0,2500,2500,1043.0,1044.0,0.09578544061302682,338.66956305486895,,4.926845699999831,True,2,02_fixed_2500_ejection_on_off/runs.csv
Fixed iteration,Chao,Ejection OFF,p7.2.q,1,2500,2500,1005.0,1044.0,3.735632183908046,338.37033868603794,,6.481056600001466,True,2,02_fixed_2500_ejection_on_off/runs.csv
Fixed iteration,Chao,Ejection OFF,p7.2.q,2,2500,2500,1043.0,1044.0,0.09578544061302682,338.1333201343698,,5.2786228000004485,True,2,02_fixed_2500_ejection_on_off/runs.csv
Fixed iteration,Chao,Ejection OFF,p7.2.q,3,2500,2500,963.0,1044.0,7.758620689655173,339.60701495655724,,5.900955899998735,True,2,02_fixed_2500_ejection_on_off/runs.csv
Fixed iteration,Chao,Ejection OFF,p7.2.r,0,2500,2500,1059.0,1094.0,3.19926873857404,358.991468343282,,6.03272669999933,True,2,02_fixed_2500_ejection_on_off/runs.csv
Fixed iteration,Chao,Ejection OFF,p7.2.r,1,2500,2500,1031.0,1094.0,5.7586837294332724,359.49483002338326,,6.401792999999088,True,2,02_fixed_2500_ejection_on_off/runs.csv
Fixed iteration,Chao,Ejection OFF,p7.2.r,2,2500,2500,1052.0,1094.0,3.8391224862888484,359.1742628874404,,6.116919000000053,True,2,02_fixed_2500_ejection_on_off/runs.csv
Fixed iteration,Chao,Ejection OFF,p7.2.r,3,2500,2500,1085.0,1094.0,0.8226691042047533,358.80930907727657,,5.67866949999916,True,2,02_fixed_2500_ejection_on_off/runs.csv
Fixed iteration,Chao,Ejection OFF,p7.2.s,0,2500,2500,1084.0,1136.0,4.577464788732394,378.64513433296446,,5.626845400000093,True,2,02_fixed_2500_ejection_on_off/runs.csv
Fixed iteration,Chao,Ejection OFF,p7.2.s,1,2500,2500,1070.0,1136.0,5.809859154929577,377.117429590676,,6.945407900000646,True,2,02_fixed_2500_ejection_on_off/runs.csv
Fixed iteration,Chao,Ejection OFF,p7.2.s,2,2500,2500,1067.0,1136.0,6.073943661971831,378.2741203557723,,6.5814033999995445,True,2,02_fixed_2500_ejection_on_off/runs.csv
Fixed iteration,Chao,Ejection OFF,p7.2.s,3,2500,2500,1074.0,1136.0,5.457746478873239,377.7442887899308,,7.026112399998965,True,2,02_fixed_2500_ejection_on_off/runs.csv
Fixed iteration,Chao,Ejection OFF,p7.2.t,0,2500,2500,1166.0,1179.0,1.1026293469041561,398.7393712838111,,5.901717500000814,True,2,02_fixed_2500_ejection_on_off/runs.csv
Fixed iteration,Chao,Ejection OFF,p7.2.t,1,2500,2500,1151.0,1179.0,2.374893977947413,399.2796925183627,,6.802904000000126,True,2,02_fixed_2500_ejection_on_off/runs.csv
Fixed iteration,Chao,Ejection OFF,p7.2.t,2,2500,2500,1122.0,1179.0,4.8346055979643765,399.2119533292967,,6.214374000001044,True,2,02_fixed_2500_ejection_on_off/runs.csv
Fixed iteration,Chao,Ejection OFF,p7.2.t,3,2500,2500,1122.0,1179.0,4.8346055979643765,398.3755015426908,,6.078719699999056,True,2,02_fixed_2500_ejection_on_off/runs.csv
Fixed iteration,Chao,Ejection OFF,p7.3.h,0,2500,2500,425.0,425.0,0.0,155.33992998874575,,2.048570599999948,True,2,02_fixed_2500_ejection_on_off/runs.csv
Fixed iteration,Chao,Ejection OFF,p7.3.h,1,2500,2500,425.0,425.0,0.0,155.33992998874575,,2.022290500000963,True,2,02_fixed_2500_ejection_on_off/runs.csv
Fixed iteration,Chao,Ejection OFF,p7.3.h,2,2500,2500,417.0,425.0,1.8823529411764706,154.40348494752556,,2.0354172000006656,True,2,02_fixed_2500_ejection_on_off/runs.csv
Fixed iteration,Chao,Ejection OFF,p7.3.h,3,2500,2500,425.0,425.0,0.0,155.33992998874575,,2.004287799998565,True,2,02_fixed_2500_ejection_on_off/runs.csv
Fixed iteration,Chao,Ejection OFF,p7.3.i,0,2500,2500,485.0,487.0,0.4106776180698152,177.58603884578935,,2.3752125000009983,True,2,02_fixed_2500_ejection_on_off/runs.csv
Fixed iteration,Chao,Ejection OFF,p7.3.i,1,2500,2500,484.0,487.0,0.6160164271047228,176.62430084977004,,2.482359600000564,True,2,02_fixed_2500_ejection_on_off/runs.csv
Fixed iteration,Chao,Ejection OFF,p7.3.i,2,2500,2500,482.0,487.0,1.0266940451745379,178.05445294343338,,2.551912099999754,True,2,02_fixed_2500_ejection_on_off/runs.csv
Fixed iteration,Chao,Ejection OFF,p7.3.i,3,2500,2500,485.0,487.0,0.4106776180698152,177.84574240834957,,2.425330299998677,True,2,02_fixed_2500_ejection_on_off/runs.csv
Fixed iteration,Chao,Ejection OFF,p7.3.j,0,2500,2500,560.0,564.0,0.7092198581560284,197.9984473229488,,2.8556439999993017,True,2,02_fixed_2500_ejection_on_off/runs.csv
Fixed iteration,Chao,Ejection OFF,p7.3.j,1,2500,2500,560.0,564.0,0.7092198581560284,197.9984473229488,,2.810239100001126,True,2,02_fixed_2500_ejection_on_off/runs.csv
Fixed iteration,Chao,Ejection OFF,p7.3.j,2,2500,2500,560.0,564.0,0.7092198581560284,197.9984473229488,,2.828415199999654,True,2,02_fixed_2500_ejection_on_off/runs.csv
Fixed iteration,Chao,Ejection OFF,p7.3.j,3,2500,2500,560.0,564.0,0.7092198581560284,197.9984473229488,,2.85665119999976,True,2,02_fixed_2500_ejection_on_off/runs.csv
Fixed iteration,Chao,Ejection OFF,p7.3.k,0,2500,2500,632.0,633.0,0.1579778830963665,217.2240789917358,,3.293520100000024,True,2,02_fixed_2500_ejection_on_off/runs.csv
Fixed iteration,Chao,Ejection OFF,p7.3.k,1,2500,2500,610.0,633.0,3.6334913112164298,217.5340216002437,,3.3282558000009885,True,2,02_fixed_2500_ejection_on_off/runs.csv
Fixed iteration,Chao,Ejection OFF,p7.3.k,2,2500,2500,608.0,633.0,3.949447077409163,215.4762682182644,,3.339269500000228,True,2,02_fixed_2500_ejection_on_off/runs.csv
Fixed iteration,Chao,Ejection OFF,p7.3.k,3,2500,2500,631.0,633.0,0.315955766192733,218.1848130857512,,3.247464800000671,True,2,02_fixed_2500_ejection_on_off/runs.csv
Fixed iteration,Chao,Ejection OFF,p7.3.l,0,2500,2500,683.0,684.0,0.14619883040935672,235.39098119344965,,3.250511399999596,True,2,02_fixed_2500_ejection_on_off/runs.csv
Fixed iteration,Chao,Ejection OFF,p7.3.l,1,2500,2500,683.0,684.0,0.14619883040935672,235.39098119344965,,3.5419115999993664,True,2,02_fixed_2500_ejection_on_off/runs.csv
Fixed iteration,Chao,Ejection OFF,p7.3.l,2,2500,2500,679.0,684.0,0.7309941520467836,234.71810694400563,,3.778607000000193,True,2,02_fixed_2500_ejection_on_off/runs.csv
Fixed iteration,Chao,Ejection OFF,p7.3.l,3,2500,2500,683.0,684.0,0.14619883040935672,235.39098119344965,,3.430051899998944,True,2,02_fixed_2500_ejection_on_off/runs.csv
Fixed iteration,Chao,Ejection OFF,p7.3.m,0,2500,2500,762.0,762.0,0.0,258.91082424411934,,3.4158057999993616,True,2,02_fixed_2500_ejection_on_off/runs.csv
Fixed iteration,Chao,Ejection OFF,p7.3.m,1,2500,2500,762.0,762.0,0.0,258.91082424411934,,3.4260152999995626,True,2,02_fixed_2500_ejection_on_off/runs.csv
Fixed iteration,Chao,Ejection OFF,p7.3.m,2,2500,2500,755.0,762.0,0.9186351706036745,258.8391045074942,,3.5436025999988487,True,2,02_fixed_2500_ejection_on_off/runs.csv
Fixed iteration,Chao,Ejection OFF,p7.3.m,3,2500,2500,761.0,762.0,0.13123359580052493,258.28981542033443,,3.686234700000568,True,2,02_fixed_2500_ejection_on_off/runs.csv
Fixed iteration,Chao,Ejection OFF,p7.3.n,0,2500,2500,797.0,820.0,2.8048780487804876,276.62005984299424,,3.898622700000488,True,2,02_fixed_2500_ejection_on_off/runs.csv
Fixed iteration,Chao,Ejection OFF,p7.3.n,1,2500,2500,787.0,820.0,4.024390243902439,277.5533269768445,,4.065091000000393,True,2,02_fixed_2500_ejection_on_off/runs.csv
Fixed iteration,Chao,Ejection OFF,p7.3.n,2,2500,2500,798.0,820.0,2.682926829268293,277.77898505685755,,3.5850425000007817,True,2,02_fixed_2500_ejection_on_off/runs.csv
Fixed iteration,Chao,Ejection OFF,p7.3.n,3,2500,2500,796.0,820.0,2.926829268292683,278.21358210119246,,3.8545921000004455,True,2,02_fixed_2500_ejection_on_off/runs.csv
Fixed iteration,Chao,Ejection OFF,p7.3.o,0,2500,2500,859.0,874.0,1.7162471395881007,297.7489350631459,,3.939567599998554,True,2,02_fixed_2500_ejection_on_off/runs.csv
Fixed iteration,Chao,Ejection OFF,p7.3.o,1,2500,2500,858.0,874.0,1.8306636155606408,296.81133597856734,,4.00821360000009,True,2,02_fixed_2500_ejection_on_off/runs.csv
Fixed iteration,Chao,Ejection OFF,p7.3.o,2,2500,2500,858.0,874.0,1.8306636155606408,297.4512139521596,,3.892342299999655,True,2,02_fixed_2500_ejection_on_off/runs.csv
Fixed iteration,Chao,Ejection OFF,p7.3.o,3,2500,2500,874.0,874.0,0.0,296.6824305751905,,4.302529900000081,True,2,02_fixed_2500_ejection_on_off/runs.csv
Fixed iteration,Chao,Ejection OFF,p7.3.p,0,2500,2500,903.0,929.0,2.798708288482239,318.34865554724786,,4.242863699999361,True,2,02_fixed_2500_ejection_on_off/runs.csv
Fixed iteration,Chao,Ejection OFF,p7.3.p,1,2500,2500,903.0,929.0,2.798708288482239,317.94752594941383,,4.291296499999589,True,2,02_fixed_2500_ejection_on_off/runs.csv
Fixed iteration,Chao,Ejection OFF,p7.3.p,2,2500,2500,901.0,929.0,3.013993541442411,317.5689641338149,,4.146453700001075,True,2,02_fixed_2500_ejection_on_off/runs.csv
Fixed iteration,Chao,Ejection OFF,p7.3.p,3,2500,2500,888.0,929.0,4.41334768568353,317.446439888121,,5.03302320000148,True,2,02_fixed_2500_ejection_on_off/runs.csv
Fixed iteration,Chao,Ejection OFF,p7.3.q,0,2500,2500,965.0,987.0,2.2289766970618032,337.0943824828963,,4.371081799999956,True,2,02_fixed_2500_ejection_on_off/runs.csv
Fixed iteration,Chao,Ejection OFF,p7.3.q,1,2500,2500,929.0,987.0,5.8763931104356635,338.7350656836924,,4.990294500001255,True,2,02_fixed_2500_ejection_on_off/runs.csv
Fixed iteration,Chao,Ejection OFF,p7.3.q,2,2500,2500,918.0,987.0,6.990881458966565,338.13373339345515,,4.296061400000326,True,2,02_fixed_2500_ejection_on_off/runs.csv
Fixed iteration,Chao,Ejection OFF,p7.3.q,3,2500,2500,987.0,987.0,0.0,336.56079901122894,,4.499170999999478,True,2,02_fixed_2500_ejection_on_off/runs.csv
Fixed iteration,Chao,Ejection OFF,p7.3.r,0,2500,2500,970.0,1026.0,5.458089668615984,357.91602934556994,,4.280766199999562,True,2,02_fixed_2500_ejection_on_off/runs.csv
Fixed iteration,Chao,Ejection OFF,p7.3.r,1,2500,2500,1011.0,1026.0,1.4619883040935673,356.5016896546007,,4.710618699999031,True,2,02_fixed_2500_ejection_on_off/runs.csv
Fixed iteration,Chao,Ejection OFF,p7.3.r,2,2500,2500,1013.0,1026.0,1.267056530214425,356.14758500583457,,5.05762440000035,True,2,02_fixed_2500_ejection_on_off/runs.csv
Fixed iteration,Chao,Ejection OFF,p7.3.r,3,2500,2500,906.0,1026.0,11.695906432748538,355.80235532968493,,5.164768799999365,True,2,02_fixed_2500_ejection_on_off/runs.csv
Fixed iteration,Chao,Ejection OFF,p7.3.s,0,2500,2500,1063.0,1081.0,1.6651248843663276,378.7503079254043,,4.8592840999990585,True,2,02_fixed_2500_ejection_on_off/runs.csv
Fixed iteration,Chao,Ejection OFF,p7.3.s,1,2500,2500,1059.0,1081.0,2.0351526364477337,378.5592707360421,,4.714792200000375,True,2,02_fixed_2500_ejection_on_off/runs.csv
Fixed iteration,Chao,Ejection OFF,p7.3.s,2,2500,2500,1063.0,1081.0,1.6651248843663276,376.9330163427107,,4.958359099999143,True,2,02_fixed_2500_ejection_on_off/runs.csv
Fixed iteration,Chao,Ejection OFF,p7.3.s,3,2500,2500,1055.0,1081.0,2.4051803885291396,377.8308882924698,,5.055190999999468,True,2,02_fixed_2500_ejection_on_off/runs.csv
Fixed iteration,Chao,Ejection OFF,p7.3.t,0,2500,2500,1054.0,1120.0,5.892857142857143,397.3237988082982,,5.343743999999788,True,2,02_fixed_2500_ejection_on_off/runs.csv
Fixed iteration,Chao,Ejection OFF,p7.3.t,1,2500,2500,1053.0,1120.0,5.982142857142857,398.7447709183812,,5.226847400001134,True,2,02_fixed_2500_ejection_on_off/runs.csv
Fixed iteration,Chao,Ejection OFF,p7.3.t,2,2500,2500,1056.0,1120.0,5.714285714285714,398.3205952043139,,5.520377499999086,True,2,02_fixed_2500_ejection_on_off/runs.csv
Fixed iteration,Chao,Ejection OFF,p7.3.t,3,2500,2500,1110.0,1120.0,0.8928571428571429,397.84212319952513,,4.952543299999888,True,2,02_fixed_2500_ejection_on_off/runs.csv
Fixed iteration,Chao,Ejection OFF,p7.4.g,0,2500,2500,217.0,217.0,0.0,131.83781040222212,,1.3777745999996114,True,2,02_fixed_2500_ejection_on_off/runs.csv
Fixed iteration,Chao,Ejection OFF,p7.4.g,1,2500,2500,217.0,217.0,0.0,131.83781040222212,,1.3782840999992914,True,2,02_fixed_2500_ejection_on_off/runs.csv
Fixed iteration,Chao,Ejection OFF,p7.4.g,2,2500,2500,217.0,217.0,0.0,131.83781040222212,,1.3868578000001437,True,2,02_fixed_2500_ejection_on_off/runs.csv
Fixed iteration,Chao,Ejection OFF,p7.4.g,3,2500,2500,217.0,217.0,0.0,131.83781040222212,,1.3886987999994744,True,2,02_fixed_2500_ejection_on_off/runs.csv
Fixed iteration,Chao,Ejection OFF,p7.4.h,0,2500,2500,285.0,285.0,0.0,152.1288982683614,,1.662530899999183,True,2,02_fixed_2500_ejection_on_off/runs.csv
Fixed iteration,Chao,Ejection OFF,p7.4.h,1,2500,2500,285.0,285.0,0.0,152.1288982683614,,1.641167099998711,True,2,02_fixed_2500_ejection_on_off/runs.csv
Fixed iteration,Chao,Ejection OFF,p7.4.h,2,2500,2500,285.0,285.0,0.0,152.1288982683614,,1.6399094000007608,True,2,02_fixed_2500_ejection_on_off/runs.csv
Fixed iteration,Chao,Ejection OFF,p7.4.h,3,2500,2500,285.0,285.0,0.0,152.1288982683614,,1.6502852999983588,True,2,02_fixed_2500_ejection_on_off/runs.csv
Fixed iteration,Chao,Ejection OFF,p7.4.i,0,2500,2500,366.0,366.0,0.0,176.48562670127455,,1.8555909000006068,True,2,02_fixed_2500_ejection_on_off/runs.csv
Fixed iteration,Chao,Ejection OFF,p7.4.i,1,2500,2500,352.0,366.0,3.8251366120218577,175.0143906968116,,1.877772699999696,True,2,02_fixed_2500_ejection_on_off/runs.csv
Fixed iteration,Chao,Ejection OFF,p7.4.i,2,2500,2500,366.0,366.0,0.0,176.48562670127455,,1.8214587000002207,True,2,02_fixed_2500_ejection_on_off/runs.csv
Fixed iteration,Chao,Ejection OFF,p7.4.i,3,2500,2500,366.0,366.0,0.0,176.48562670127455,,1.826204200000575,True,2,02_fixed_2500_ejection_on_off/runs.csv
Fixed iteration,Chao,Ejection OFF,p7.4.k,0,2500,2500,518.0,520.0,0.38461538461538464,215.4860999404388,,2.6730545999998867,True,2,02_fixed_2500_ejection_on_off/runs.csv
Fixed iteration,Chao,Ejection OFF,p7.4.k,1,2500,2500,518.0,520.0,0.38461538461538464,215.4860999404388,,2.618327100000897,True,2,02_fixed_2500_ejection_on_off/runs.csv
Fixed iteration,Chao,Ejection OFF,p7.4.k,2,2500,2500,518.0,520.0,0.38461538461538464,215.4860999404388,,2.624356899999839,True,2,02_fixed_2500_ejection_on_off/runs.csv
Fixed iteration,Chao,Ejection OFF,p7.4.k,3,2500,2500,516.0,520.0,0.7692307692307693,216.95538495480972,,2.5706188999993174,True,2,02_fixed_2500_ejection_on_off/runs.csv
Fixed iteration,Chao,Ejection OFF,p7.4.l,0,2500,2500,576.0,590.0,2.3728813559322033,235.82332820838627,,2.971642000000429,True,2,02_fixed_2500_ejection_on_off/runs.csv
Fixed iteration,Chao,Ejection OFF,p7.4.l,1,2500,2500,574.0,590.0,2.711864406779661,236.9860221897245,,2.9201284000009764,True,2,02_fixed_2500_ejection_on_off/runs.csv
Fixed iteration,Chao,Ejection OFF,p7.4.l,2,2500,2500,578.0,590.0,2.0338983050847457,234.6061495882593,,2.769464799999696,True,2,02_fixed_2500_ejection_on_off/runs.csv
Fixed iteration,Chao,Ejection OFF,p7.4.l,3,2500,2500,576.0,590.0,2.3728813559322033,237.2797902745023,,2.764195000001564,True,2,02_fixed_2500_ejection_on_off/runs.csv
Fixed iteration,Chao,Ejection OFF,p7.4.m,0,2500,2500,646.0,646.0,0.0,252.5118941169985,,3.334199000000808,True,2,02_fixed_2500_ejection_on_off/runs.csv
Fixed iteration,Chao,Ejection OFF,p7.4.m,1,2500,2500,637.0,646.0,1.3931888544891642,252.2598839856534,,3.08492859999933,True,2,02_fixed_2500_ejection_on_off/runs.csv
Fixed iteration,Chao,Ejection OFF,p7.4.m,2,2500,2500,635.0,646.0,1.7027863777089782,248.68562112081364,,3.223819900000308,True,2,02_fixed_2500_ejection_on_off/runs.csv
Fixed iteration,Chao,Ejection OFF,p7.4.m,3,2500,2500,646.0,646.0,0.0,252.5118941169985,,3.3737811999999394,True,2,02_fixed_2500_ejection_on_off/runs.csv
Fixed iteration,Chao,Ejection OFF,p7.4.n,0,2500,2500,726.0,730.0,0.547945205479452,278.5165567932532,,3.449867000001177,True,2,02_fixed_2500_ejection_on_off/runs.csv
Fixed iteration,Chao,Ejection OFF,p7.4.n,1,2500,2500,697.0,730.0,4.52054794520548,277.50315081944564,,3.293163800000912,True,2,02_fixed_2500_ejection_on_off/runs.csv
Fixed iteration,Chao,Ejection OFF,p7.4.n,2,2500,2500,726.0,730.0,0.547945205479452,278.5165567932532,,3.616709599999013,True,2,02_fixed_2500_ejection_on_off/runs.csv
Fixed iteration,Chao,Ejection OFF,p7.4.n,3,2500,2500,726.0,730.0,0.547945205479452,278.5165567932532,,3.594911199999842,True,2,02_fixed_2500_ejection_on_off/runs.csv
Fixed iteration,Chao,Ejection OFF,p7.4.o,0,2500,2500,777.0,781.0,0.5121638924455826,296.2376937642079,,3.727616999998645,True,2,02_fixed_2500_ejection_on_off/runs.csv
Fixed iteration,Chao,Ejection OFF,p7.4.o,1,2500,2500,779.0,781.0,0.2560819462227913,295.5262823239141,,3.5979627999986405,True,2,02_fixed_2500_ejection_on_off/runs.csv
Fixed iteration,Chao,Ejection OFF,p7.4.o,2,2500,2500,777.0,781.0,0.5121638924455826,297.1808225001299,,3.519398000000365,True,2,02_fixed_2500_ejection_on_off/runs.csv
Fixed iteration,Chao,Ejection OFF,p7.4.o,3,2500,2500,739.0,781.0,5.377720870678617,296.80252328511244,,3.7002810000012687,True,2,02_fixed_2500_ejection_on_off/runs.csv
Fixed iteration,Chao,Ejection OFF,p7.4.p,0,2500,2500,838.0,846.0,0.9456264775413712,317.2692534152605,,3.809022899999036,True,2,02_fixed_2500_ejection_on_off/runs.csv
Fixed iteration,Chao,Ejection OFF,p7.4.p,1,2500,2500,832.0,846.0,1.6548463356973995,313.957685073232,,3.838966299999811,True,2,02_fixed_2500_ejection_on_off/runs.csv
Fixed iteration,Chao,Ejection OFF,p7.4.p,2,2500,2500,816.0,846.0,3.5460992907801416,316.81222496871203,,3.5649302000001626,True,2,02_fixed_2500_ejection_on_off/runs.csv
Fixed iteration,Chao,Ejection OFF,p7.4.p,3,2500,2500,829.0,846.0,2.0094562647754137,312.6295658701114,,3.5642074000006687,True,2,02_fixed_2500_ejection_on_off/runs.csv
Fixed iteration,Chao,Ejection OFF,p7.4.q,0,2500,2500,897.0,909.0,1.3201320132013201,337.8679071731924,,3.8827227000001594,True,2,02_fixed_2500_ejection_on_off/runs.csv
Fixed iteration,Chao,Ejection OFF,p7.4.q,1,2500,2500,901.0,909.0,0.8800880088008801,333.315682067794,,4.048672999999326,True,2,02_fixed_2500_ejection_on_off/runs.csv
Fixed iteration,Chao,Ejection OFF,p7.4.q,2,2500,2500,899.0,909.0,1.1001100110011002,337.0395719321889,,3.957680699999401,True,2,02_fixed_2500_ejection_on_off/runs.csv
Fixed iteration,Chao,Ejection OFF,p7.4.q,3,2500,2500,903.0,909.0,0.6600660066006601,338.37589309500885,,3.783854600000268,True,2,02_fixed_2500_ejection_on_off/runs.csv
Fixed iteration,Chao,Ejection OFF,p7.4.r,0,2500,2500,966.0,970.0,0.41237113402061853,356.1429691674929,,4.394372400000066,True,2,02_fixed_2500_ejection_on_off/runs.csv
Fixed iteration,Chao,Ejection OFF,p7.4.r,1,2500,2500,961.0,970.0,0.9278350515463918,354.365609830281,,4.142419699999664,True,2,02_fixed_2500_ejection_on_off/runs.csv
Fixed iteration,Chao,Ejection OFF,p7.4.r,2,2500,2500,965.0,970.0,0.5154639175257731,355.5937416058067,,4.402807899999971,True,2,02_fixed_2500_ejection_on_off/runs.csv
Fixed iteration,Chao,Ejection OFF,p7.4.r,3,2500,2500,967.0,970.0,0.30927835051546393,355.732694737434,,4.150705900001412,True,2,02_fixed_2500_ejection_on_off/runs.csv
Fixed iteration,Chao,Ejection OFF,p7.4.s,0,2500,2500,1022.0,1022.0,0.0,376.46544738645065,,4.28394710000066,True,2,02_fixed_2500_ejection_on_off/runs.csv
Fixed iteration,Chao,Ejection OFF,p7.4.s,1,2500,2500,1016.0,1022.0,0.5870841487279843,373.9876131010924,,4.220208699998693,True,2,02_fixed_2500_ejection_on_off/runs.csv
Fixed iteration,Chao,Ejection OFF,p7.4.s,2,2500,2500,1016.0,1022.0,0.5870841487279843,373.9876131010924,,4.3221123999992415,True,2,02_fixed_2500_ejection_on_off/runs.csv
Fixed iteration,Chao,Ejection OFF,p7.4.s,3,2500,2500,1022.0,1022.0,0.0,376.4270921184427,,4.114236100000198,True,2,02_fixed_2500_ejection_on_off/runs.csv
Fixed iteration,Chao,Ejection OFF,p7.4.t,0,2500,2500,1077.0,1077.0,0.0,398.57190277313447,,4.288542399999642,True,2,02_fixed_2500_ejection_on_off/runs.csv
Fixed iteration,Chao,Ejection OFF,p7.4.t,1,2500,2500,1077.0,1077.0,0.0,398.57190277313447,,4.386406400000851,True,2,02_fixed_2500_ejection_on_off/runs.csv
Fixed iteration,Chao,Ejection OFF,p7.4.t,2,2500,2500,1077.0,1077.0,0.0,398.57190277313447,,4.665070200000628,True,2,02_fixed_2500_ejection_on_off/runs.csv
Fixed iteration,Chao,Ejection OFF,p7.4.t,3,2500,2500,1023.0,1077.0,5.013927576601671,396.33249240694585,,4.122703600000023,True,2,02_fixed_2500_ejection_on_off/runs.csv
Fixed iteration,Chao,Ejection ON,p4.2.a,0,2500,2500,206.0,206.0,0.0,49.62527483598225,,2.1711884999995164,True,2,02_fixed_2500_ejection_on_off/runs.csv
Fixed iteration,Chao,Ejection ON,p4.2.a,1,2500,2500,206.0,206.0,0.0,49.62527483598225,,2.1428851000000577,True,2,02_fixed_2500_ejection_on_off/runs.csv
Fixed iteration,Chao,Ejection ON,p4.2.a,2,2500,2500,206.0,206.0,0.0,49.62527483598225,,1.998937399999704,True,2,02_fixed_2500_ejection_on_off/runs.csv
Fixed iteration,Chao,Ejection ON,p4.2.a,3,2500,2500,206.0,206.0,0.0,49.62527483598225,,2.074608700000681,True,2,02_fixed_2500_ejection_on_off/runs.csv
Fixed iteration,Chao,Ejection ON,p4.2.b,0,2500,2500,341.0,341.0,0.0,59.37836875107186,,3.4923391000002084,True,2,02_fixed_2500_ejection_on_off/runs.csv
Fixed iteration,Chao,Ejection ON,p4.2.b,1,2500,2500,341.0,341.0,0.0,59.37836875107186,,3.549783800000114,True,2,02_fixed_2500_ejection_on_off/runs.csv
Fixed iteration,Chao,Ejection ON,p4.2.b,2,2500,2500,341.0,341.0,0.0,59.37836875107186,,3.443634199999906,True,2,02_fixed_2500_ejection_on_off/runs.csv
Fixed iteration,Chao,Ejection ON,p4.2.b,3,2500,2500,341.0,341.0,0.0,59.37836875107186,,3.462547799999811,True,2,02_fixed_2500_ejection_on_off/runs.csv
Fixed iteration,Chao,Ejection ON,p4.2.c,0,2500,2500,452.0,452.0,0.0,69.75857279532721,,4.790213899999799,True,2,02_fixed_2500_ejection_on_off/runs.csv
Fixed iteration,Chao,Ejection ON,p4.2.c,1,2500,2500,452.0,452.0,0.0,69.75857279532721,,4.777845999999954,True,2,02_fixed_2500_ejection_on_off/runs.csv
Fixed iteration,Chao,Ejection ON,p4.2.c,2,2500,2500,452.0,452.0,0.0,69.75857279532721,,4.642896800000017,True,2,02_fixed_2500_ejection_on_off/runs.csv
Fixed iteration,Chao,Ejection ON,p4.2.c,3,2500,2500,452.0,452.0,0.0,69.75857279532721,,4.88589040000079,True,2,02_fixed_2500_ejection_on_off/runs.csv
Fixed iteration,Chao,Ejection ON,p4.2.d,0,2500,2500,528.0,531.0,0.5649717514124294,79.08627884403043,,6.202663799999755,True,2,02_fixed_2500_ejection_on_off/runs.csv
Fixed iteration,Chao,Ejection ON,p4.2.d,1,2500,2500,527.0,531.0,0.7532956685499058,79.15738441667133,,5.880844400000569,True,2,02_fixed_2500_ejection_on_off/runs.csv
Fixed iteration,Chao,Ejection ON,p4.2.d,2,2500,2500,529.0,531.0,0.3766478342749529,79.57429916209217,,6.337864600000103,True,2,02_fixed_2500_ejection_on_off/runs.csv
Fixed iteration,Chao,Ejection ON,p4.2.d,3,2500,2500,526.0,531.0,0.9416195856873822,79.73552415376966,,6.749046599999929,True,2,02_fixed_2500_ejection_on_off/runs.csv
Fixed iteration,Chao,Ejection ON,p4.2.e,0,2500,2500,595.0,618.0,3.72168284789644,89.75367197994058,,6.615074899999854,True,2,02_fixed_2500_ejection_on_off/runs.csv
Fixed iteration,Chao,Ejection ON,p4.2.e,1,2500,2500,597.0,618.0,3.3980582524271843,89.72496669591877,,7.630022100000133,True,2,02_fixed_2500_ejection_on_off/runs.csv
Fixed iteration,Chao,Ejection ON,p4.2.e,2,2500,2500,600.0,618.0,2.912621359223301,89.6790777787939,,7.680324699999801,True,2,02_fixed_2500_ejection_on_off/runs.csv
Fixed iteration,Chao,Ejection ON,p4.2.e,3,2500,2500,602.0,618.0,2.588996763754045,89.90143634496326,,7.828993600000103,True,2,02_fixed_2500_ejection_on_off/runs.csv
Fixed iteration,Chao,Ejection ON,p4.2.f,0,2500,2500,676.0,687.0,1.6011644832605532,99.93760009395297,,8.102351700000327,True,2,02_fixed_2500_ejection_on_off/runs.csv
Fixed iteration,Chao,Ejection ON,p4.2.f,1,2500,2500,678.0,687.0,1.3100436681222707,99.25817399176636,,7.96540719999939,True,2,02_fixed_2500_ejection_on_off/runs.csv
Fixed iteration,Chao,Ejection ON,p4.2.f,2,2500,2500,678.0,687.0,1.3100436681222707,99.25817399176636,,9.64681819999987,True,2,02_fixed_2500_ejection_on_off/runs.csv
Fixed iteration,Chao,Ejection ON,p4.2.f,3,2500,2500,671.0,687.0,2.328966521106259,99.67456035261516,,9.443665700000563,True,2,02_fixed_2500_ejection_on_off/runs.csv
Fixed iteration,Chao,Ejection ON,p4.2.g,0,2500,2500,745.0,757.0,1.5852047556142668,109.1333500834546,,9.399268199999824,True,2,02_fixed_2500_ejection_on_off/runs.csv
Fixed iteration,Chao,Ejection ON,p4.2.g,1,2500,2500,745.0,757.0,1.5852047556142668,109.1333500834546,,11.45533400000022,True,2,02_fixed_2500_ejection_on_off/runs.csv
Fixed iteration,Chao,Ejection ON,p4.2.g,2,2500,2500,745.0,757.0,1.5852047556142668,109.94030487506036,,9.005269399999634,True,2,02_fixed_2500_ejection_on_off/runs.csv
Fixed iteration,Chao,Ejection ON,p4.2.g,3,2500,2500,747.0,757.0,1.321003963011889,109.78927596150942,,10.46351820000018,True,2,02_fixed_2500_ejection_on_off/runs.csv
Fixed iteration,Chao,Ejection ON,p4.2.h,0,2500,2500,814.0,835.0,2.5149700598802394,119.84430977918194,,12.414998900000684,True,2,02_fixed_2500_ejection_on_off/runs.csv
Fixed iteration,Chao,Ejection ON,p4.2.h,1,2500,2500,805.0,835.0,3.592814371257485,119.72556741664232,,12.783071399999244,True,2,02_fixed_2500_ejection_on_off/runs.csv
Fixed iteration,Chao,Ejection ON,p4.2.h,2,2500,2500,807.0,835.0,3.3532934131736525,119.7552976820875,,12.625807399999758,True,2,02_fixed_2500_ejection_on_off/runs.csv
Fixed iteration,Chao,Ejection ON,p4.2.h,3,2500,2500,789.0,835.0,5.508982035928144,119.4638410293786,,10.61710149999999,True,2,02_fixed_2500_ejection_on_off/runs.csv
Fixed iteration,Chao,Ejection ON,p4.2.i,0,2500,2500,867.0,918.0,5.555555555555555,129.78473988323972,,11.728560800000196,True,2,02_fixed_2500_ejection_on_off/runs.csv
Fixed iteration,Chao,Ejection ON,p4.2.i,1,2500,2500,895.0,918.0,2.505446623093682,129.73766924686072,,11.904411900000014,True,2,02_fixed_2500_ejection_on_off/runs.csv
Fixed iteration,Chao,Ejection ON,p4.2.i,2,2500,2500,874.0,918.0,4.793028322440088,129.73238640787696,,12.44623319999937,True,2,02_fixed_2500_ejection_on_off/runs.csv
Fixed iteration,Chao,Ejection ON,p4.2.i,3,2500,2500,866.0,918.0,5.664488017429194,129.65676033981396,,14.080053399999995,True,2,02_fixed_2500_ejection_on_off/runs.csv
Fixed iteration,Chao,Ejection ON,p4.2.j,0,2500,2500,937.0,965.0,2.901554404145078,139.84598394481645,,11.606774500000029,True,2,02_fixed_2500_ejection_on_off/runs.csv
Fixed iteration,Chao,Ejection ON,p4.2.j,1,2500,2500,937.0,965.0,2.901554404145078,139.84598394481645,,11.657795199999782,True,2,02_fixed_2500_ejection_on_off/runs.csv
Fixed iteration,Chao,Ejection ON,p4.2.j,2,2500,2500,937.0,965.0,2.901554404145078,139.84598394481645,,11.669523900000058,True,2,02_fixed_2500_ejection_on_off/runs.csv
Fixed iteration,Chao,Ejection ON,p4.2.j,3,2500,2500,952.0,965.0,1.3471502590673574,139.6478700299629,,11.365209700000378,True,2,02_fixed_2500_ejection_on_off/runs.csv
Fixed iteration,Chao,Ejection ON,p4.2.k,0,2500,2500,978.0,1022.0,4.305283757338552,149.62940864969835,,13.172930099999576,True,2,02_fixed_2500_ejection_on_off/runs.csv
Fixed iteration,Chao,Ejection ON,p4.2.k,1,2500,2500,973.0,1022.0,4.794520547945205,149.1297549479018,,12.574560899999597,True,2,02_fixed_2500_ejection_on_off/runs.csv
Fixed iteration,Chao,Ejection ON,p4.2.k,2,2500,2500,975.0,1022.0,4.598825831702544,149.29956106493097,,11.816692100000182,True,2,02_fixed_2500_ejection_on_off/runs.csv
Fixed iteration,Chao,Ejection ON,p4.2.k,3,2500,2500,994.0,1022.0,2.73972602739726,149.43149583954133,,11.259273600000595,True,2,02_fixed_2500_ejection_on_off/runs.csv
Fixed iteration,Chao,Ejection ON,p4.2.l,0,2500,2500,1036.0,1074.0,3.538175046554935,159.44943318897236,,12.626832199999626,True,2,02_fixed_2500_ejection_on_off/runs.csv
Fixed iteration,Chao,Ejection ON,p4.2.l,1,2500,2500,1064.0,1074.0,0.931098696461825,159.11770713594467,,12.850237800000286,True,2,02_fixed_2500_ejection_on_off/runs.csv
Fixed iteration,Chao,Ejection ON,p4.2.l,2,2500,2500,1052.0,1074.0,2.0484171322160147,159.85089942771643,,10.942928999999822,True,2,02_fixed_2500_ejection_on_off/runs.csv
Fixed iteration,Chao,Ejection ON,p4.2.l,3,2500,2500,1065.0,1074.0,0.8379888268156425,159.4047397800859,,12.30623040000046,True,2,02_fixed_2500_ejection_on_off/runs.csv
Fixed iteration,Chao,Ejection ON,p4.2.m,0,2500,2500,1103.0,1132.0,2.5618374558303887,169.75591072224506,,11.324394599999325,True,2,02_fixed_2500_ejection_on_off/runs.csv
Fixed iteration,Chao,Ejection ON,p4.2.m,1,2500,2500,1098.0,1132.0,3.0035335689045937,169.73401282720388,,13.912137100000107,True,2,02_fixed_2500_ejection_on_off/runs.csv
Fixed iteration,Chao,Ejection ON,p4.2.m,2,2500,2500,1103.0,1132.0,2.5618374558303887,169.767057054438,,12.066978899999413,True,2,02_fixed_2500_ejection_on_off/runs.csv
Fixed iteration,Chao,Ejection ON,p4.2.m,3,2500,2500,1100.0,1132.0,2.8268551236749118,169.65613944302936,,12.467923100000007,True,2,02_fixed_2500_ejection_on_off/runs.csv
Fixed iteration,Chao,Ejection ON,p4.2.n,0,2500,2500,1166.0,1174.0,0.6814310051107325,179.04878052275075,,11.83492120000028,True,2,02_fixed_2500_ejection_on_off/runs.csv
Fixed iteration,Chao,Ejection ON,p4.2.n,1,2500,2500,1155.0,1174.0,1.6183986371379897,179.5415578689957,,11.219221300000754,True,2,02_fixed_2500_ejection_on_off/runs.csv
Fixed iteration,Chao,Ejection ON,p4.2.n,2,2500,2500,1170.0,1174.0,0.34071550255536626,179.64236700930195,,11.615587200000846,True,2,02_fixed_2500_ejection_on_off/runs.csv
Fixed iteration,Chao,Ejection ON,p4.2.n,3,2500,2500,1170.0,1174.0,0.34071550255536626,179.64236700930195,,11.244021700000305,True,2,02_fixed_2500_ejection_on_off/runs.csv
Fixed iteration,Chao,Ejection ON,p4.2.o,0,2500,2500,1198.0,1218.0,1.6420361247947455,189.84028828297647,,10.942144800000278,True,2,02_fixed_2500_ejection_on_off/runs.csv
Fixed iteration,Chao,Ejection ON,p4.2.o,1,2500,2500,1207.0,1218.0,0.90311986863711,189.7572895267911,,11.99673139999959,True,2,02_fixed_2500_ejection_on_off/runs.csv
Fixed iteration,Chao,Ejection ON,p4.2.o,2,2500,2500,1207.0,1218.0,0.90311986863711,189.7572895267911,,12.088329000000158,True,2,02_fixed_2500_ejection_on_off/runs.csv
Fixed iteration,Chao,Ejection ON,p4.2.o,3,2500,2500,1182.0,1218.0,2.955665024630542,189.57940864240817,,13.483325800000785,True,2,02_fixed_2500_ejection_on_off/runs.csv
Fixed iteration,Chao,Ejection ON,p4.2.p,0,2500,2500,1228.0,1242.0,1.1272141706924315,198.65607098846743,,11.159250800000336,True,2,02_fixed_2500_ejection_on_off/runs.csv
Fixed iteration,Chao,Ejection ON,p4.2.p,1,2500,2500,1237.0,1242.0,0.4025764895330113,199.57729734267608,,10.695308600000317,True,2,02_fixed_2500_ejection_on_off/runs.csv
Fixed iteration,Chao,Ejection ON,p4.2.p,2,2500,2500,1229.0,1242.0,1.0466988727858293,199.12831168506068,,10.949097599999732,True,2,02_fixed_2500_ejection_on_off/runs.csv
Fixed iteration,Chao,Ejection ON,p4.2.p,3,2500,2500,1230.0,1242.0,0.966183574879227,199.72089860239203,,11.110552000000098,True,2,02_fixed_2500_ejection_on_off/runs.csv
Fixed iteration,Chao,Ejection ON,p4.2.q,0,2500,2500,1254.0,1268.0,1.1041009463722398,209.28104856184444,,9.719812199999978,True,2,02_fixed_2500_ejection_on_off/runs.csv
Fixed iteration,Chao,Ejection ON,p4.2.q,1,2500,2500,1255.0,1268.0,1.025236593059937,209.38170396290852,,9.618597800000316,True,2,02_fixed_2500_ejection_on_off/runs.csv
Fixed iteration,Chao,Ejection ON,p4.2.q,2,2500,2500,1261.0,1268.0,0.5520504731861199,209.17301373798009,,10.223654299999907,True,2,02_fixed_2500_ejection_on_off/runs.csv
Fixed iteration,Chao,Ejection ON,p4.2.q,3,2500,2500,1256.0,1268.0,0.9463722397476341,209.2474171341312,,10.269315200000165,True,2,02_fixed_2500_ejection_on_off/runs.csv
Fixed iteration,Chao,Ejection ON,p4.2.r,0,2500,2500,1280.0,1292.0,0.9287925696594427,219.49758314237533,,8.965867800000524,True,2,02_fixed_2500_ejection_on_off/runs.csv
Fixed iteration,Chao,Ejection ON,p4.2.r,1,2500,2500,1280.0,1292.0,0.9287925696594427,219.740817211899,,8.874168800000007,True,2,02_fixed_2500_ejection_on_off/runs.csv
Fixed iteration,Chao,Ejection ON,p4.2.r,2,2500,2500,1278.0,1292.0,1.08359133126935,219.5467432033664,,8.92144720000033,True,2,02_fixed_2500_ejection_on_off/runs.csv
Fixed iteration,Chao,Ejection ON,p4.2.r,3,2500,2500,1284.0,1292.0,0.6191950464396285,219.4930365872121,,9.344262799999342,True,2,02_fixed_2500_ejection_on_off/runs.csv
Fixed iteration,Chao,Ejection ON,p4.2.s,0,2500,2500,1296.0,1304.0,0.6134969325153374,228.638477735213,,8.379600100000062,True,2,02_fixed_2500_ejection_on_off/runs.csv
Fixed iteration,Chao,Ejection ON,p4.2.s,1,2500,2500,1298.0,1304.0,0.4601226993865031,229.562252440652,,7.124385299999631,True,2,02_fixed_2500_ejection_on_off/runs.csv
Fixed iteration,Chao,Ejection ON,p4.2.s,2,2500,2500,1296.0,1304.0,0.6134969325153374,229.3338041551889,,7.844454900001438,True,2,02_fixed_2500_ejection_on_off/runs.csv
Fixed iteration,Chao,Ejection ON,p4.2.s,3,2500,2500,1295.0,1304.0,0.6901840490797546,228.4038747970566,,7.651665600000342,True,2,02_fixed_2500_ejection_on_off/runs.csv
Fixed iteration,Chao,Ejection ON,p4.2.t,0,2500,2500,1306.0,1306.0,0.0,237.9608908734735,,6.81834119999985,True,2,02_fixed_2500_ejection_on_off/runs.csv
Fixed iteration,Chao,Ejection ON,p4.2.t,1,2500,2500,1292.0,1306.0,1.0719754977029097,238.89575366929935,,8.202946500001417,True,2,02_fixed_2500_ejection_on_off/runs.csv
Fixed iteration,Chao,Ejection ON,p4.2.t,2,2500,2500,1306.0,1306.0,0.0,239.3960321095143,,6.520606200001566,True,2,02_fixed_2500_ejection_on_off/runs.csv
Fixed iteration,Chao,Ejection ON,p4.2.t,3,2500,2500,1306.0,1306.0,0.0,238.17402008554728,,6.890719700000773,True,2,02_fixed_2500_ejection_on_off/runs.csv
Fixed iteration,Chao,Ejection ON,p4.3.c,0,2500,2500,193.0,193.0,0.0,68.84769108851907,,2.0646273999991536,True,2,02_fixed_2500_ejection_on_off/runs.csv
Fixed iteration,Chao,Ejection ON,p4.3.c,1,2500,2500,193.0,193.0,0.0,68.84769108851907,,2.0973048000014387,True,2,02_fixed_2500_ejection_on_off/runs.csv
Fixed iteration,Chao,Ejection ON,p4.3.c,2,2500,2500,193.0,193.0,0.0,68.84769108851907,,2.104711199999656,True,2,02_fixed_2500_ejection_on_off/runs.csv
Fixed iteration,Chao,Ejection ON,p4.3.c,3,2500,2500,193.0,193.0,0.0,68.84769108851907,,2.0243101000014576,True,2,02_fixed_2500_ejection_on_off/runs.csv
Fixed iteration,Chao,Ejection ON,p4.3.d,0,2500,2500,335.0,335.0,0.0,79.8780120203946,,3.344153100000767,True,2,02_fixed_2500_ejection_on_off/runs.csv
Fixed iteration,Chao,Ejection ON,p4.3.d,1,2500,2500,335.0,335.0,0.0,79.8780120203946,,3.397015000000465,True,2,02_fixed_2500_ejection_on_off/runs.csv
Fixed iteration,Chao,Ejection ON,p4.3.d,2,2500,2500,335.0,335.0,0.0,79.8780120203946,,3.1475602999998955,True,2,02_fixed_2500_ejection_on_off/runs.csv
Fixed iteration,Chao,Ejection ON,p4.3.d,3,2500,2500,332.0,335.0,0.8955223880597015,79.58526694305925,,3.008930199999668,True,2,02_fixed_2500_ejection_on_off/runs.csv
Fixed iteration,Chao,Ejection ON,p4.3.e,0,2500,2500,465.0,468.0,0.6410256410256411,89.14745464650059,,4.52634450000005,True,2,02_fixed_2500_ejection_on_off/runs.csv
Fixed iteration,Chao,Ejection ON,p4.3.e,1,2500,2500,444.0,468.0,5.128205128205129,89.04975838005367,,5.002896600000895,True,2,02_fixed_2500_ejection_on_off/runs.csv
Fixed iteration,Chao,Ejection ON,p4.3.e,2,2500,2500,468.0,468.0,0.0,89.07741705061667,,4.542076100000486,True,2,02_fixed_2500_ejection_on_off/runs.csv
Fixed iteration,Chao,Ejection ON,p4.3.e,3,2500,2500,468.0,468.0,0.0,89.07741705061667,,4.542654599999878,True,2,02_fixed_2500_ejection_on_off/runs.csv
Fixed iteration,Chao,Ejection ON,p4.3.f,0,2500,2500,567.0,579.0,2.0725388601036268,99.41812703064625,,5.426517900001272,True,2,02_fixed_2500_ejection_on_off/runs.csv
Fixed iteration,Chao,Ejection ON,p4.3.f,1,2500,2500,559.0,579.0,3.454231433506045,99.42552770999998,,5.290744400001131,True,2,02_fixed_2500_ejection_on_off/runs.csv
Fixed iteration,Chao,Ejection ON,p4.3.f,2,2500,2500,579.0,579.0,0.0,99.51880704888684,,5.334824699999444,True,2,02_fixed_2500_ejection_on_off/runs.csv
Fixed iteration,Chao,Ejection ON,p4.3.f,3,2500,2500,556.0,579.0,3.9723661485319517,99.15088974768229,,5.189664500001527,True,2,02_fixed_2500_ejection_on_off/runs.csv
Fixed iteration,Chao,Ejection ON,p4.3.g,0,2500,2500,648.0,653.0,0.7656967840735069,109.46505096125289,,6.16893170000003,True,2,02_fixed_2500_ejection_on_off/runs.csv
Fixed iteration,Chao,Ejection ON,p4.3.g,1,2500,2500,653.0,653.0,0.0,109.33943321923384,,6.027024499999243,True,2,02_fixed_2500_ejection_on_off/runs.csv
Fixed iteration,Chao,Ejection ON,p4.3.g,2,2500,2500,653.0,653.0,0.0,109.33943321923384,,6.03742549999879,True,2,02_fixed_2500_ejection_on_off/runs.csv
Fixed iteration,Chao,Ejection ON,p4.3.g,3,2500,2500,639.0,653.0,2.1439509954058193,109.62188420709174,,6.6050301999985095,True,2,02_fixed_2500_ejection_on_off/runs.csv
Fixed iteration,Chao,Ejection ON,p4.3.h,0,2500,2500,717.0,729.0,1.646090534979424,119.72435435776988,,7.204904599999281,True,2,02_fixed_2500_ejection_on_off/runs.csv
Fixed iteration,Chao,Ejection ON,p4.3.h,1,2500,2500,725.0,729.0,0.5486968449931413,118.31273607446629,,7.4283516999985295,True,2,02_fixed_2500_ejection_on_off/runs.csv
Fixed iteration,Chao,Ejection ON,p4.3.h,2,2500,2500,717.0,729.0,1.646090534979424,119.72435435776988,,7.131074999999328,True,2,02_fixed_2500_ejection_on_off/runs.csv
Fixed iteration,Chao,Ejection ON,p4.3.h,3,2500,2500,725.0,729.0,0.5486968449931413,118.31273607446629,,7.4108355999997,True,2,02_fixed_2500_ejection_on_off/runs.csv
Fixed iteration,Chao,Ejection ON,p4.3.i,0,2500,2500,809.0,809.0,0.0,129.68545519047558,,9.007148900000175,True,2,02_fixed_2500_ejection_on_off/runs.csv
Fixed iteration,Chao,Ejection ON,p4.3.i,1,2500,2500,809.0,809.0,0.0,129.68545519047558,,8.990914699999848,True,2,02_fixed_2500_ejection_on_off/runs.csv
Fixed iteration,Chao,Ejection ON,p4.3.i,2,2500,2500,809.0,809.0,0.0,129.68545519047558,,8.272635799999989,True,2,02_fixed_2500_ejection_on_off/runs.csv
Fixed iteration,Chao,Ejection ON,p4.3.i,3,2500,2500,809.0,809.0,0.0,129.68545519047558,,8.83522930000072,True,2,02_fixed_2500_ejection_on_off/runs.csv
Fixed iteration,Chao,Ejection ON,p4.3.j,0,2500,2500,854.0,861.0,0.8130081300813008,139.7322106263673,,10.25176730000021,True,2,02_fixed_2500_ejection_on_off/runs.csv
Fixed iteration,Chao,Ejection ON,p4.3.j,1,2500,2500,854.0,861.0,0.8130081300813008,139.172349923598,,10.299817900000562,True,2,02_fixed_2500_ejection_on_off/runs.csv
Fixed iteration,Chao,Ejection ON,p4.3.j,2,2500,2500,856.0,861.0,0.5807200929152149,139.48257038419712,,9.561875699999293,True,2,02_fixed_2500_ejection_on_off/runs.csv
Fixed iteration,Chao,Ejection ON,p4.3.j,3,2500,2500,857.0,861.0,0.4645760743321719,139.69849814683894,,9.318795299999692,True,2,02_fixed_2500_ejection_on_off/runs.csv
Fixed iteration,Chao,Ejection ON,p4.3.k,0,2500,2500,912.0,919.0,0.7616974972796517,149.8975615252233,,9.37809990000096,True,2,02_fixed_2500_ejection_on_off/runs.csv
Fixed iteration,Chao,Ejection ON,p4.3.k,1,2500,2500,908.0,919.0,1.1969532100108813,149.2361858382222,,10.305363800000125,True,2,02_fixed_2500_ejection_on_off/runs.csv
Fixed iteration,Chao,Ejection ON,p4.3.k,2,2500,2500,915.0,919.0,0.4352557127312296,149.33896076795844,,10.245408400000088,True,2,02_fixed_2500_ejection_on_off/runs.csv
Fixed iteration,Chao,Ejection ON,p4.3.k,3,2500,2500,908.0,919.0,1.1969532100108813,149.2361858382222,,10.09926649999943,True,2,02_fixed_2500_ejection_on_off/runs.csv
Fixed iteration,Chao,Ejection ON,p4.3.l,0,2500,2500,969.0,979.0,1.0214504596527068,159.3091192472162,,9.509562699999153,True,2,02_fixed_2500_ejection_on_off/runs.csv
Fixed iteration,Chao,Ejection ON,p4.3.l,1,2500,2500,974.0,979.0,0.5107252298263534,159.760707242963,,9.608936200000244,True,2,02_fixed_2500_ejection_on_off/runs.csv
Fixed iteration,Chao,Ejection ON,p4.3.l,2,2500,2500,979.0,979.0,0.0,158.92817048550927,,8.91944059999878,True,2,02_fixed_2500_ejection_on_off/runs.csv
Fixed iteration,Chao,Ejection ON,p4.3.l,3,2500,2500,958.0,979.0,2.1450459652706844,159.5362393318784,,9.93083999999908,True,2,02_fixed_2500_ejection_on_off/runs.csv
Fixed iteration,Chao,Ejection ON,p4.3.m,0,2500,2500,1038.0,1063.0,2.351834430856068,169.5635460407005,,9.30948730000091,True,2,02_fixed_2500_ejection_on_off/runs.csv
Fixed iteration,Chao,Ejection ON,p4.3.m,1,2500,2500,1053.0,1063.0,0.940733772342427,169.45212245248973,,9.118978399999833,True,2,02_fixed_2500_ejection_on_off/runs.csv
Fixed iteration,Chao,Ejection ON,p4.3.m,2,2500,2500,1053.0,1063.0,0.940733772342427,169.45212245248973,,9.61943760000031,True,2,02_fixed_2500_ejection_on_off/runs.csv
Fixed iteration,Chao,Ejection ON,p4.3.m,3,2500,2500,1063.0,1063.0,0.0,169.40728322271747,,9.784688300000198,True,2,02_fixed_2500_ejection_on_off/runs.csv
Fixed iteration,Chao,Ejection ON,p4.3.n,0,2500,2500,1101.0,1121.0,1.784121320249777,179.90849775920185,,9.888951599999928,True,2,02_fixed_2500_ejection_on_off/runs.csv
Fixed iteration,Chao,Ejection ON,p4.3.n,1,2500,2500,1060.0,1121.0,5.44157002676182,179.45686043865237,,8.98839930000031,True,2,02_fixed_2500_ejection_on_off/runs.csv
Fixed iteration,Chao,Ejection ON,p4.3.n,2,2500,2500,1100.0,1121.0,1.873327386262266,179.7571373377366,,9.700580299999274,True,2,02_fixed_2500_ejection_on_off/runs.csv
Fixed iteration,Chao,Ejection ON,p4.3.n,3,2500,2500,1109.0,1121.0,1.0704727921498662,179.74950248870766,,9.611629200000609,True,2,02_fixed_2500_ejection_on_off/runs.csv
Fixed iteration,Chao,Ejection ON,p4.3.o,0,2500,2500,1136.0,1172.0,3.0716723549488054,188.1167617544503,,9.75915730000088,True,2,02_fixed_2500_ejection_on_off/runs.csv
Fixed iteration,Chao,Ejection ON,p4.3.o,1,2500,2500,1170.0,1172.0,0.17064846416382254,188.85548644053355,,9.5278169000012,True,2,02_fixed_2500_ejection_on_off/runs.csv
Fixed iteration,Chao,Ejection ON,p4.3.o,2,2500,2500,1154.0,1172.0,1.5358361774744027,189.47281603813207,,9.43548919999921,True,2,02_fixed_2500_ejection_on_off/runs.csv
Fixed iteration,Chao,Ejection ON,p4.3.o,3,2500,2500,1169.0,1172.0,0.25597269624573377,188.8752207027048,,9.67855000000054,True,2,02_fixed_2500_ejection_on_off/runs.csv
Fixed iteration,Chao,Ejection ON,p4.3.p,0,2500,2500,1205.0,1222.0,1.3911620294599019,199.78955970997964,,9.626052300000085,True,2,02_fixed_2500_ejection_on_off/runs.csv
Fixed iteration,Chao,Ejection ON,p4.3.p,1,2500,2500,1222.0,1222.0,0.0,199.3114427178803,,8.547334899998532,True,2,02_fixed_2500_ejection_on_off/runs.csv
Fixed iteration,Chao,Ejection ON,p4.3.p,2,2500,2500,1143.0,1222.0,6.46481178396072,199.44281758209308,,9.800065999999788,True,2,02_fixed_2500_ejection_on_off/runs.csv
Fixed iteration,Chao,Ejection ON,p4.3.p,3,2500,2500,1190.0,1222.0,2.618657937806874,198.86848948133692,,8.323706799999854,True,2,02_fixed_2500_ejection_on_off/runs.csv
Fixed iteration,Chao,Ejection ON,p4.3.q,0,2500,2500,1225.0,1253.0,2.2346368715083798,209.48853714474117,,9.087025800001356,True,2,02_fixed_2500_ejection_on_off/runs.csv
Fixed iteration,Chao,Ejection ON,p4.3.q,1,2500,2500,1189.0,1253.0,5.107741420590583,209.4025179177505,,9.568056800000704,True,2,02_fixed_2500_ejection_on_off/runs.csv
Fixed iteration,Chao,Ejection ON,p4.3.q,2,2500,2500,1226.0,1253.0,2.154828411811652,209.1647369328646,,8.84422799999993,True,2,02_fixed_2500_ejection_on_off/runs.csv
Fixed iteration,Chao,Ejection ON,p4.3.q,3,2500,2500,1208.0,1253.0,3.5913806863527533,208.3742209605824,,8.94636840000021,True,2,02_fixed_2500_ejection_on_off/runs.csv
Fixed iteration,Chao,Ejection ON,p4.3.r,0,2500,2500,1269.0,1273.0,0.31421838177533384,217.631429315305,,7.335822999999436,True,2,02_fixed_2500_ejection_on_off/runs.csv
Fixed iteration,Chao,Ejection ON,p4.3.r,1,2500,2500,1272.0,1273.0,0.07855459544383346,219.5069970487935,,7.922773100000995,True,2,02_fixed_2500_ejection_on_off/runs.csv
Fixed iteration,Chao,Ejection ON,p4.3.r,2,2500,2500,1262.0,1273.0,0.8641005498821681,219.2982132544542,,8.12899280000056,True,2,02_fixed_2500_ejection_on_off/runs.csv
Fixed iteration,Chao,Ejection ON,p4.3.r,3,2500,2500,1269.0,1273.0,0.31421838177533384,217.631429315305,,7.278857600000265,True,2,02_fixed_2500_ejection_on_off/runs.csv
Fixed iteration,Chao,Ejection ON,p4.3.s,0,2500,2500,1280.0,1295.0,1.1583011583011582,228.0439554676832,,7.700983400000041,True,2,02_fixed_2500_ejection_on_off/runs.csv
Fixed iteration,Chao,Ejection ON,p4.3.s,1,2500,2500,1292.0,1295.0,0.23166023166023167,229.1166287376333,,7.110613999999259,True,2,02_fixed_2500_ejection_on_off/runs.csv
Fixed iteration,Chao,Ejection ON,p4.3.s,2,2500,2500,1287.0,1295.0,0.6177606177606177,229.9391326754942,,6.963879299999462,True,2,02_fixed_2500_ejection_on_off/runs.csv
Fixed iteration,Chao,Ejection ON,p4.3.s,3,2500,2500,1280.0,1295.0,1.1583011583011582,229.1478193358971,,7.533610000000408,True,2,02_fixed_2500_ejection_on_off/runs.csv
Fixed iteration,Chao,Ejection ON,p4.3.t,0,2500,2500,1298.0,1305.0,0.5363984674329502,235.1706203218666,,5.886346599998433,True,2,02_fixed_2500_ejection_on_off/runs.csv
Fixed iteration,Chao,Ejection ON,p4.3.t,1,2500,2500,1289.0,1305.0,1.2260536398467432,238.2473456526722,,6.833009399999355,True,2,02_fixed_2500_ejection_on_off/runs.csv
Fixed iteration,Chao,Ejection ON,p4.3.t,2,2500,2500,1289.0,1305.0,1.2260536398467432,238.2473456526722,,7.185042999999496,True,2,02_fixed_2500_ejection_on_off/runs.csv
Fixed iteration,Chao,Ejection ON,p4.3.t,3,2500,2500,1298.0,1305.0,0.5363984674329502,235.1706203218666,,5.8510714000003645,True,2,02_fixed_2500_ejection_on_off/runs.csv
Fixed iteration,Chao,Ejection ON,p4.4.e,0,2500,2500,183.0,183.0,0.0,88.4034580996323,,1.9343843000006016,True,2,02_fixed_2500_ejection_on_off/runs.csv
Fixed iteration,Chao,Ejection ON,p4.4.e,1,2500,2500,183.0,183.0,0.0,88.4034580996323,,1.9269388000011527,True,2,02_fixed_2500_ejection_on_off/runs.csv
Fixed iteration,Chao,Ejection ON,p4.4.e,2,2500,2500,183.0,183.0,0.0,88.4034580996323,,1.9661789999991013,True,2,02_fixed_2500_ejection_on_off/runs.csv
Fixed iteration,Chao,Ejection ON,p4.4.e,3,2500,2500,183.0,183.0,0.0,88.4034580996323,,2.04582069999924,True,2,02_fixed_2500_ejection_on_off/runs.csv
Fixed iteration,Chao,Ejection ON,p4.4.f,0,2500,2500,324.0,324.0,0.0,99.11536384578312,,3.2084028999997827,True,2,02_fixed_2500_ejection_on_off/runs.csv
Fixed iteration,Chao,Ejection ON,p4.4.f,1,2500,2500,319.0,324.0,1.5432098765432098,99.40257910057508,,3.225821500000165,True,2,02_fixed_2500_ejection_on_off/runs.csv
Fixed iteration,Chao,Ejection ON,p4.4.f,2,2500,2500,324.0,324.0,0.0,99.11536384578312,,3.1068672999990667,True,2,02_fixed_2500_ejection_on_off/runs.csv
Fixed iteration,Chao,Ejection ON,p4.4.f,3,2500,2500,324.0,324.0,0.0,99.11536384578312,,3.2208766999992804,True,2,02_fixed_2500_ejection_on_off/runs.csv
Fixed iteration,Chao,Ejection ON,p4.4.g,0,2500,2500,461.0,461.0,0.0,109.5577907405125,,4.31252140000106,True,2,02_fixed_2500_ejection_on_off/runs.csv
Fixed iteration,Chao,Ejection ON,p4.4.g,1,2500,2500,461.0,461.0,0.0,109.5577907405125,,4.3025686999990285,True,2,02_fixed_2500_ejection_on_off/runs.csv
Fixed iteration,Chao,Ejection ON,p4.4.g,2,2500,2500,461.0,461.0,0.0,109.5577907405125,,4.30943649999972,True,2,02_fixed_2500_ejection_on_off/runs.csv
Fixed iteration,Chao,Ejection ON,p4.4.g,3,2500,2500,461.0,461.0,0.0,109.5577907405125,,4.225697899999432,True,2,02_fixed_2500_ejection_on_off/runs.csv
Fixed iteration,Chao,Ejection ON,p4.4.h,0,2500,2500,571.0,571.0,0.0,118.69777517519027,,4.779610200001116,True,2,02_fixed_2500_ejection_on_off/runs.csv
Fixed iteration,Chao,Ejection ON,p4.4.h,1,2500,2500,571.0,571.0,0.0,118.69777517519027,,4.799863299998833,True,2,02_fixed_2500_ejection_on_off/runs.csv
Fixed iteration,Chao,Ejection ON,p4.4.h,2,2500,2500,544.0,571.0,4.728546409807356,118.38331347478608,,5.724956099998963,True,2,02_fixed_2500_ejection_on_off/runs.csv
Fixed iteration,Chao,Ejection ON,p4.4.h,3,2500,2500,543.0,571.0,4.903677758318739,117.5813510354762,,5.357196199998725,True,2,02_fixed_2500_ejection_on_off/runs.csv
Fixed iteration,Chao,Ejection ON,p4.4.i,0,2500,2500,657.0,657.0,0.0,129.34436864908335,,5.889484799999991,True,2,02_fixed_2500_ejection_on_off/runs.csv
Fixed iteration,Chao,Ejection ON,p4.4.i,1,2500,2500,657.0,657.0,0.0,129.34436864908335,,5.779071100001602,True,2,02_fixed_2500_ejection_on_off/runs.csv
Fixed iteration,Chao,Ejection ON,p4.4.i,2,2500,2500,640.0,657.0,2.5875190258751903,128.99602202647696,,5.839721800000916,True,2,02_fixed_2500_ejection_on_off/runs.csv
Fixed iteration,Chao,Ejection ON,p4.4.i,3,2500,2500,641.0,657.0,2.43531202435312,128.37205212269953,,6.276188199999524,True,2,02_fixed_2500_ejection_on_off/runs.csv
Fixed iteration,Chao,Ejection ON,p4.4.j,0,2500,2500,711.0,732.0,2.8688524590163933,138.60019707881585,,7.04308779999883,True,2,02_fixed_2500_ejection_on_off/runs.csv
Fixed iteration,Chao,Ejection ON,p4.4.j,1,2500,2500,732.0,732.0,0.0,138.09918574445643,,6.79705069999909,True,2,02_fixed_2500_ejection_on_off/runs.csv
Fixed iteration,Chao,Ejection ON,p4.4.j,2,2500,2500,732.0,732.0,0.0,138.09918574445643,,6.622448600001007,True,2,02_fixed_2500_ejection_on_off/runs.csv
Fixed iteration,Chao,Ejection ON,p4.4.j,3,2500,2500,732.0,732.0,0.0,138.09918574445643,,6.72269039999992,True,2,02_fixed_2500_ejection_on_off/runs.csv
Fixed iteration,Chao,Ejection ON,p4.4.k,0,2500,2500,818.0,821.0,0.3654080389768575,149.27931998905447,,8.28608659999918,True,2,02_fixed_2500_ejection_on_off/runs.csv
Fixed iteration,Chao,Ejection ON,p4.4.k,1,2500,2500,820.0,821.0,0.1218026796589525,149.67563301604918,,8.064998099998775,True,2,02_fixed_2500_ejection_on_off/runs.csv
Fixed iteration,Chao,Ejection ON,p4.4.k,2,2500,2500,820.0,821.0,0.1218026796589525,149.67563301604918,,8.148449000000255,True,2,02_fixed_2500_ejection_on_off/runs.csv
Fixed iteration,Chao,Ejection ON,p4.4.k,3,2500,2500,820.0,821.0,0.1218026796589525,149.67563301604918,,8.125806899999588,True,2,02_fixed_2500_ejection_on_off/runs.csv
Fixed iteration,Chao,Ejection ON,p4.4.l,0,2500,2500,879.0,880.0,0.11363636363636363,159.12622360742682,,9.009531800000332,True,2,02_fixed_2500_ejection_on_off/runs.csv
Fixed iteration,Chao,Ejection ON,p4.4.l,1,2500,2500,879.0,880.0,0.11363636363636363,159.12622360742682,,8.90613950000079,True,2,02_fixed_2500_ejection_on_off/runs.csv
Fixed iteration,Chao,Ejection ON,p4.4.l,2,2500,2500,858.0,880.0,2.5,158.58233656788036,,7.776574499999697,True,2,02_fixed_2500_ejection_on_off/runs.csv
Fixed iteration,Chao,Ejection ON,p4.4.l,3,2500,2500,853.0,880.0,3.0681818181818183,159.14030212783751,,7.890746399998534,True,2,02_fixed_2500_ejection_on_off/runs.csv
Fixed iteration,Chao,Ejection ON,p4.4.m,0,2500,2500,907.0,919.0,1.3057671381936888,168.03824013132797,,9.581418899999337,True,2,02_fixed_2500_ejection_on_off/runs.csv
Fixed iteration,Chao,Ejection ON,p4.4.m,1,2500,2500,907.0,919.0,1.3057671381936888,168.92702898650927,,9.31181369999831,True,2,02_fixed_2500_ejection_on_off/runs.csv
Fixed iteration,Chao,Ejection ON,p4.4.m,2,2500,2500,912.0,919.0,0.7616974972796517,169.08642880327662,,8.242692900001202,True,2,02_fixed_2500_ejection_on_off/runs.csv
Fixed iteration,Chao,Ejection ON,p4.4.m,3,2500,2500,916.0,919.0,0.3264417845484222,169.06407746886433,,9.073608999999124,True,2,02_fixed_2500_ejection_on_off/runs.csv
Fixed iteration,Chao,Ejection ON,p4.4.n,0,2500,2500,971.0,976.0,0.5122950819672131,178.54070252917097,,8.441173199998957,True,2,02_fixed_2500_ejection_on_off/runs.csv
Fixed iteration,Chao,Ejection ON,p4.4.n,1,2500,2500,958.0,976.0,1.8442622950819672,178.05791644532383,,9.839831299999789,True,2,02_fixed_2500_ejection_on_off/runs.csv
Fixed iteration,Chao,Ejection ON,p4.4.n,2,2500,2500,960.0,976.0,1.639344262295082,179.13634063188778,,10.551341600001251,True,2,02_fixed_2500_ejection_on_off/runs.csv
Fixed iteration,Chao,Ejection ON,p4.4.n,3,2500,2500,948.0,976.0,2.8688524590163933,178.64188805694909,,9.05884960000003,True,2,02_fixed_2500_ejection_on_off/runs.csv
Fixed iteration,Chao,Ejection ON,p4.4.o,0,2500,2500,1031.0,1061.0,2.827521206409048,188.8815047051441,,8.81671980000101,True,2,02_fixed_2500_ejection_on_off/runs.csv
Fixed iteration,Chao,Ejection ON,p4.4.o,1,2500,2500,1031.0,1061.0,2.827521206409048,189.1343755383064,,8.766689199999746,True,2,02_fixed_2500_ejection_on_off/runs.csv
Fixed iteration,Chao,Ejection ON,p4.4.o,2,2500,2500,1061.0,1061.0,0.0,189.53228787132983,,7.973966999999902,True,2,02_fixed_2500_ejection_on_off/runs.csv
Fixed iteration,Chao,Ejection ON,p4.4.o,3,2500,2500,986.0,1061.0,7.0688030160226205,189.2403577295333,,9.480464700000084,True,2,02_fixed_2500_ejection_on_off/runs.csv
Fixed iteration,Chao,Ejection ON,p4.4.p,0,2500,2500,1102.0,1124.0,1.9572953736654803,199.3349776031704,,9.134801199999856,True,2,02_fixed_2500_ejection_on_off/runs.csv
Fixed iteration,Chao,Ejection ON,p4.4.p,1,2500,2500,1071.0,1124.0,4.715302491103203,199.07355681409436,,9.488144900000409,True,2,02_fixed_2500_ejection_on_off/runs.csv
Fixed iteration,Chao,Ejection ON,p4.4.p,2,2500,2500,1110.0,1124.0,1.2455516014234875,198.89980503047565,,9.074978099999498,True,2,02_fixed_2500_ejection_on_off/runs.csv
Fixed iteration,Chao,Ejection ON,p4.4.p,3,2500,2500,1056.0,1124.0,6.049822064056939,198.2658516041399,,8.733917200001088,True,2,02_fixed_2500_ejection_on_off/runs.csv
Fixed iteration,Chao,Ejection ON,p4.4.q,0,2500,2500,1118.0,1161.0,3.7037037037037037,208.4307458040792,,8.441945200000191,True,2,02_fixed_2500_ejection_on_off/runs.csv
Fixed iteration,Chao,Ejection ON,p4.4.q,1,2500,2500,1156.0,1161.0,0.4306632213608958,208.84063443671727,,7.9603122000007716,True,2,02_fixed_2500_ejection_on_off/runs.csv
Fixed iteration,Chao,Ejection ON,p4.4.q,2,2500,2500,1158.0,1161.0,0.25839793281653745,208.8782846603901,,7.906064400000105,True,2,02_fixed_2500_ejection_on_off/runs.csv
Fixed iteration,Chao,Ejection ON,p4.4.q,3,2500,2500,1151.0,1161.0,0.8613264427217916,208.9058860744323,,7.921210099999371,True,2,02_fixed_2500_ejection_on_off/runs.csv
Fixed iteration,Chao,Ejection ON,p4.4.r,0,2500,2500,1201.0,1216.0,1.2335526315789473,217.9543258295925,,8.07410229999914,True,2,02_fixed_2500_ejection_on_off/runs.csv
Fixed iteration,Chao,Ejection ON,p4.4.r,1,2500,2500,1185.0,1216.0,2.549342105263158,219.45572183708884,,7.8481381999990845,True,2,02_fixed_2500_ejection_on_off/runs.csv
Fixed iteration,Chao,Ejection ON,p4.4.r,2,2500,2500,1189.0,1216.0,2.2203947368421053,218.99546104645748,,7.966685600000346,True,2,02_fixed_2500_ejection_on_off/runs.csv
Fixed iteration,Chao,Ejection ON,p4.4.r,3,2500,2500,1193.0,1216.0,1.8914473684210527,218.9419671964581,,7.857918699999573,True,2,02_fixed_2500_ejection_on_off/runs.csv
Fixed iteration,Chao,Ejection ON,p4.4.s,0,2500,2500,1225.0,1260.0,2.7777777777777777,228.99351153373595,,7.001980700000786,True,2,02_fixed_2500_ejection_on_off/runs.csv
Fixed iteration,Chao,Ejection ON,p4.4.s,1,2500,2500,1246.0,1260.0,1.1111111111111112,228.97189042460545,,7.482565599999361,True,2,02_fixed_2500_ejection_on_off/runs.csv
Fixed iteration,Chao,Ejection ON,p4.4.s,2,2500,2500,1255.0,1260.0,0.3968253968253968,229.17148709138104,,7.235036600000967,True,2,02_fixed_2500_ejection_on_off/runs.csv
Fixed iteration,Chao,Ejection ON,p4.4.s,3,2500,2500,1213.0,1260.0,3.7301587301587302,227.32185511734,,7.349944200001119,True,2,02_fixed_2500_ejection_on_off/runs.csv
Fixed iteration,Chao,Ejection ON,p4.4.t,0,2500,2500,1265.0,1285.0,1.556420233463035,237.7701734070306,,6.941322200000286,True,2,02_fixed_2500_ejection_on_off/runs.csv
Fixed iteration,Chao,Ejection ON,p4.4.t,1,2500,2500,1256.0,1285.0,2.2568093385214008,238.3168111272778,,6.980079299999488,True,2,02_fixed_2500_ejection_on_off/runs.csv
Fixed iteration,Chao,Ejection ON,p4.4.t,2,2500,2500,1265.0,1285.0,1.556420233463035,238.58104964763837,,7.132152199999837,True,2,02_fixed_2500_ejection_on_off/runs.csv
Fixed iteration,Chao,Ejection ON,p4.4.t,3,2500,2500,1280.0,1285.0,0.38910505836575876,238.45224472549927,,6.52499379999972,True,2,02_fixed_2500_ejection_on_off/runs.csv
Fixed iteration,Chao,Ejection ON,p5.2.h,0,2500,2500,395.0,410.0,3.658536585365854,39.13440155836258,,2.212545800000953,True,2,02_fixed_2500_ejection_on_off/runs.csv
Fixed iteration,Chao,Ejection ON,p5.2.h,1,2500,2500,390.0,410.0,4.878048780487805,39.49847350245616,,2.621410499999911,True,2,02_fixed_2500_ejection_on_off/runs.csv
Fixed iteration,Chao,Ejection ON,p5.2.h,2,2500,2500,390.0,410.0,4.878048780487805,39.49847350245616,,2.5637874999993078,True,2,02_fixed_2500_ejection_on_off/runs.csv
Fixed iteration,Chao,Ejection ON,p5.2.h,3,2500,2500,390.0,410.0,4.878048780487805,39.49847350245616,,2.6213572999986354,True,2,02_fixed_2500_ejection_on_off/runs.csv
Fixed iteration,Chao,Ejection ON,p5.2.j,0,2500,2500,580.0,580.0,0.0,49.75022298912626,,2.6162027999998827,True,2,02_fixed_2500_ejection_on_off/runs.csv
Fixed iteration,Chao,Ejection ON,p5.2.j,1,2500,2500,580.0,580.0,0.0,49.75022298912626,,2.86813919999986,True,2,02_fixed_2500_ejection_on_off/runs.csv
Fixed iteration,Chao,Ejection ON,p5.2.j,2,2500,2500,580.0,580.0,0.0,49.75022298912626,,2.550426600000719,True,2,02_fixed_2500_ejection_on_off/runs.csv
Fixed iteration,Chao,Ejection ON,p5.2.j,3,2500,2500,580.0,580.0,0.0,49.75022298912626,,2.656326499998613,True,2,02_fixed_2500_ejection_on_off/runs.csv
Fixed iteration,Chao,Ejection ON,p5.2.k,0,2500,2500,670.0,670.0,0.0,54.12899020449196,,3.492314700000861,True,2,02_fixed_2500_ejection_on_off/runs.csv
Fixed iteration,Chao,Ejection ON,p5.2.k,1,2500,2500,670.0,670.0,0.0,54.12899020449196,,3.517247399999178,True,2,02_fixed_2500_ejection_on_off/runs.csv
Fixed iteration,Chao,Ejection ON,p5.2.k,2,2500,2500,670.0,670.0,0.0,54.12899020449196,,3.4000215000014578,True,2,02_fixed_2500_ejection_on_off/runs.csv
Fixed iteration,Chao,Ejection ON,p5.2.k,3,2500,2500,670.0,670.0,0.0,54.12899020449196,,3.5314813000004506,True,2,02_fixed_2500_ejection_on_off/runs.csv
Fixed iteration,Chao,Ejection ON,p5.2.l,0,2500,2500,800.0,800.0,0.0,59.62123278463429,,3.2636926999985008,True,2,02_fixed_2500_ejection_on_off/runs.csv
Fixed iteration,Chao,Ejection ON,p5.2.l,1,2500,2500,800.0,800.0,0.0,59.62123278463429,,3.271647300000041,True,2,02_fixed_2500_ejection_on_off/runs.csv
Fixed iteration,Chao,Ejection ON,p5.2.l,2,2500,2500,770.0,800.0,3.75,59.70353861930931,,3.38498620000064,True,2,02_fixed_2500_ejection_on_off/runs.csv
Fixed iteration,Chao,Ejection ON,p5.2.l,3,2500,2500,800.0,800.0,0.0,59.62123278463429,,3.227969999999914,True,2,02_fixed_2500_ejection_on_off/runs.csv
Fixed iteration,Chao,Ejection ON,p5.2.m,0,2500,2500,860.0,860.0,0.0,64.47213595499957,,4.34883550000086,True,2,02_fixed_2500_ejection_on_off/runs.csv
Fixed iteration,Chao,Ejection ON,p5.2.m,1,2500,2500,860.0,860.0,0.0,64.47213595499957,,4.416493200000332,True,2,02_fixed_2500_ejection_on_off/runs.csv
Fixed iteration,Chao,Ejection ON,p5.2.m,2,2500,2500,850.0,860.0,1.1627906976744187,64.94427190999916,,4.197950199999468,True,2,02_fixed_2500_ejection_on_off/runs.csv
Fixed iteration,Chao,Ejection ON,p5.2.m,3,2500,2500,860.0,860.0,0.0,64.47213595499957,,4.357548399999359,True,2,02_fixed_2500_ejection_on_off/runs.csv
Fixed iteration,Chao,Ejection ON,p5.2.n,0,2500,2500,925.0,925.0,0.0,69.22391035614498,,4.290460899999744,True,2,02_fixed_2500_ejection_on_off/runs.csv
Fixed iteration,Chao,Ejection ON,p5.2.n,1,2500,2500,910.0,925.0,1.6216216216216217,69.75022298912626,,3.769335999999385,True,2,02_fixed_2500_ejection_on_off/runs.csv
Fixed iteration,Chao,Ejection ON,p5.2.n,2,2500,2500,925.0,925.0,0.0,69.22391035614498,,4.272451799999544,True,2,02_fixed_2500_ejection_on_off/runs.csv
Fixed iteration,Chao,Ejection ON,p5.2.n,3,2500,2500,925.0,925.0,0.0,69.22391035614498,,4.259426099999473,True,2,02_fixed_2500_ejection_on_off/runs.csv
Fixed iteration,Chao,Ejection ON,p5.2.o,0,2500,2500,1020.0,1020.0,0.0,74.85263544894403,,4.015523399999438,True,2,02_fixed_2500_ejection_on_off/runs.csv
Fixed iteration,Chao,Ejection ON,p5.2.o,1,2500,2500,1010.0,1020.0,0.9803921568627451,74.85263544894403,,4.057593100000304,True,2,02_fixed_2500_ejection_on_off/runs.csv
Fixed iteration,Chao,Ejection ON,p5.2.o,2,2500,2500,1020.0,1020.0,0.0,74.85263544894403,,4.009188500000164,True,2,02_fixed_2500_ejection_on_off/runs.csv
Fixed iteration,Chao,Ejection ON,p5.2.o,3,2500,2500,1010.0,1020.0,0.9803921568627451,74.85263544894403,,4.13974319999943,True,2,02_fixed_2500_ejection_on_off/runs.csv
Fixed iteration,Chao,Ejection ON,p5.2.p,0,2500,2500,1090.0,1150.0,5.217391304347826,79.49847350245616,,4.518636799999513,True,2,02_fixed_2500_ejection_on_off/runs.csv
Fixed iteration,Chao,Ejection ON,p5.2.p,1,2500,2500,1090.0,1150.0,5.217391304347826,79.49847350245616,,4.692326899999898,True,2,02_fixed_2500_ejection_on_off/runs.csv
Fixed iteration,Chao,Ejection ON,p5.2.p,2,2500,2500,1090.0,1150.0,5.217391304347826,79.49847350245616,,4.651356799999121,True,2,02_fixed_2500_ejection_on_off/runs.csv
Fixed iteration,Chao,Ejection ON,p5.2.p,3,2500,2500,1150.0,1150.0,0.0,79.62123278463429,,4.422768399999768,True,2,02_fixed_2500_ejection_on_off/runs.csv
Fixed iteration,Chao,Ejection ON,p5.2.q,0,2500,2500,1195.0,1195.0,0.0,84.70820393249937,,4.4297697999991215,True,2,02_fixed_2500_ejection_on_off/runs.csv
Fixed iteration,Chao,Ejection ON,p5.2.q,1,2500,2500,1185.0,1195.0,0.8368200836820083,84.47213595499957,,4.28056910000123,True,2,02_fixed_2500_ejection_on_off/runs.csv
Fixed iteration,Chao,Ejection ON,p5.2.q,2,2500,2500,1180.0,1195.0,1.2552301255230125,83.62123278463429,,4.293581199999608,True,2,02_fixed_2500_ejection_on_off/runs.csv
Fixed iteration,Chao,Ejection ON,p5.2.q,3,2500,2500,1195.0,1195.0,0.0,84.70820393249937,,4.672056900000825,True,2,02_fixed_2500_ejection_on_off/runs.csv
Fixed iteration,Chao,Ejection ON,p5.2.r,0,2500,2500,1260.0,1260.0,0.0,89.84161925296378,,4.7312427000015305,True,2,02_fixed_2500_ejection_on_off/runs.csv
Fixed iteration,Chao,Ejection ON,p5.2.r,1,2500,2500,1260.0,1260.0,0.0,89.84161925296378,,4.738785999999891,True,2,02_fixed_2500_ejection_on_off/runs.csv
Fixed iteration,Chao,Ejection ON,p5.2.r,2,2500,2500,1260.0,1260.0,0.0,89.84161925296378,,4.892626899998504,True,2,02_fixed_2500_ejection_on_off/runs.csv
Fixed iteration,Chao,Ejection ON,p5.2.r,3,2500,2500,1260.0,1260.0,0.0,89.84161925296378,,5.125033899999835,True,2,02_fixed_2500_ejection_on_off/runs.csv
Fixed iteration,Chao,Ejection ON,p5.2.s,0,2500,2500,1315.0,1340.0,1.8656716417910448,94.44965990938049,,4.773222699999678,True,2,02_fixed_2500_ejection_on_off/runs.csv
Fixed iteration,Chao,Ejection ON,p5.2.s,1,2500,2500,1310.0,1340.0,2.2388059701492535,94.12899020449196,,4.672854300000836,True,2,02_fixed_2500_ejection_on_off/runs.csv
Fixed iteration,Chao,Ejection ON,p5.2.s,2,2500,2500,1305.0,1340.0,2.611940298507463,92.70820393249936,,4.664322900000116,True,2,02_fixed_2500_ejection_on_off/runs.csv
Fixed iteration,Chao,Ejection ON,p5.2.s,3,2500,2500,1310.0,1340.0,2.2388059701492535,94.12899020449196,,4.763734000000113,True,2,02_fixed_2500_ejection_on_off/runs.csv
Fixed iteration,Chao,Ejection ON,p5.2.t,0,2500,2500,1400.0,1400.0,0.0,99.62123278463427,,4.400899000000209,True,2,02_fixed_2500_ejection_on_off/runs.csv
Fixed iteration,Chao,Ejection ON,p5.2.t,1,2500,2500,1400.0,1400.0,0.0,99.62123278463427,,4.4202666000001045,True,2,02_fixed_2500_ejection_on_off/runs.csv
Fixed iteration,Chao,Ejection ON,p5.2.t,2,2500,2500,1400.0,1400.0,0.0,99.62123278463427,,4.429994500000248,True,2,02_fixed_2500_ejection_on_off/runs.csv
Fixed iteration,Chao,Ejection ON,p5.2.t,3,2500,2500,1400.0,1400.0,0.0,99.62123278463427,,5.132826799999748,True,2,02_fixed_2500_ejection_on_off/runs.csv
Fixed iteration,Chao,Ejection ON,p5.2.u,0,2500,2500,1460.0,1460.0,0.0,104.47213595499956,,4.730039500000203,True,2,02_fixed_2500_ejection_on_off/runs.csv
Fixed iteration,Chao,Ejection ON,p5.2.u,1,2500,2500,1455.0,1460.0,0.3424657534246575,104.73142601879904,,4.840774599999349,True,2,02_fixed_2500_ejection_on_off/runs.csv
Fixed iteration,Chao,Ejection ON,p5.2.u,2,2500,2500,1460.0,1460.0,0.0,104.47213595499956,,4.626062999999704,True,2,02_fixed_2500_ejection_on_off/runs.csv
Fixed iteration,Chao,Ejection ON,p5.2.u,3,2500,2500,1460.0,1460.0,0.0,104.47213595499956,,4.652973400001429,True,2,02_fixed_2500_ejection_on_off/runs.csv
Fixed iteration,Chao,Ejection ON,p5.2.v,0,2500,2500,1495.0,1505.0,0.6644518272425249,108.70820393249936,,4.227577399999063,True,2,02_fixed_2500_ejection_on_off/runs.csv
Fixed iteration,Chao,Ejection ON,p5.2.v,1,2500,2500,1505.0,1505.0,0.0,108.70820393249936,,4.326278500000626,True,2,02_fixed_2500_ejection_on_off/runs.csv
Fixed iteration,Chao,Ejection ON,p5.2.v,2,2500,2500,1505.0,1505.0,0.0,108.70820393249936,,4.3883525999990525,True,2,02_fixed_2500_ejection_on_off/runs.csv
Fixed iteration,Chao,Ejection ON,p5.2.v,3,2500,2500,1505.0,1505.0,0.0,109.22391035614498,,4.409521600000517,True,2,02_fixed_2500_ejection_on_off/runs.csv
Fixed iteration,Chao,Ejection ON,p5.2.w,0,2500,2500,1560.0,1565.0,0.3194888178913738,112.47213595499956,,3.913320899999235,True,2,02_fixed_2500_ejection_on_off/runs.csv
Fixed iteration,Chao,Ejection ON,p5.2.w,1,2500,2500,1560.0,1565.0,0.3194888178913738,113.84161925296378,,4.266076899999462,True,2,02_fixed_2500_ejection_on_off/runs.csv
Fixed iteration,Chao,Ejection ON,p5.2.w,2,2500,2500,1560.0,1565.0,0.3194888178913738,112.47213595499956,,4.178844000000026,True,2,02_fixed_2500_ejection_on_off/runs.csv
Fixed iteration,Chao,Ejection ON,p5.2.w,3,2500,2500,1560.0,1565.0,0.3194888178913738,112.47213595499956,,4.09900480000033,True,2,02_fixed_2500_ejection_on_off/runs.csv
Fixed iteration,Chao,Ejection ON,p5.2.x,0,2500,2500,1610.0,1610.0,0.0,119.62123278463427,,3.562891799998397,True,2,02_fixed_2500_ejection_on_off/runs.csv
Fixed iteration,Chao,Ejection ON,p5.2.x,1,2500,2500,1610.0,1610.0,0.0,119.62123278463427,,3.478842299999087,True,2,02_fixed_2500_ejection_on_off/runs.csv
Fixed iteration,Chao,Ejection ON,p5.2.x,2,2500,2500,1610.0,1610.0,0.0,119.62123278463427,,3.3782458000005136,True,2,02_fixed_2500_ejection_on_off/runs.csv
Fixed iteration,Chao,Ejection ON,p5.2.x,3,2500,2500,1610.0,1610.0,0.0,119.62123278463427,,3.479038899999068,True,2,02_fixed_2500_ejection_on_off/runs.csv
Fixed iteration,Chao,Ejection ON,p5.2.y,0,2500,2500,1645.0,1645.0,0.0,124.70820393249936,,3.302019599999767,True,2,02_fixed_2500_ejection_on_off/runs.csv
Fixed iteration,Chao,Ejection ON,p5.2.y,1,2500,2500,1645.0,1645.0,0.0,124.70820393249936,,3.227463200000784,True,2,02_fixed_2500_ejection_on_off/runs.csv
Fixed iteration,Chao,Ejection ON,p5.2.y,2,2500,2500,1645.0,1645.0,0.0,124.70820393249936,,3.1565301999999065,True,2,02_fixed_2500_ejection_on_off/runs.csv
Fixed iteration,Chao,Ejection ON,p5.2.y,3,2500,2500,1640.0,1645.0,0.303951367781155,123.62123278463427,,3.2519379000004847,True,2,02_fixed_2500_ejection_on_off/runs.csv
Fixed iteration,Chao,Ejection ON,p5.2.z,0,2500,2500,1680.0,1680.0,0.0,128.47213595499957,,2.604073499998776,True,2,02_fixed_2500_ejection_on_off/runs.csv
Fixed iteration,Chao,Ejection ON,p5.2.z,1,2500,2500,1680.0,1680.0,0.0,128.47213595499957,,2.5763805999995384,True,2,02_fixed_2500_ejection_on_off/runs.csv
Fixed iteration,Chao,Ejection ON,p5.2.z,2,2500,2500,1680.0,1680.0,0.0,128.47213595499957,,2.4404384000008577,True,2,02_fixed_2500_ejection_on_off/runs.csv
Fixed iteration,Chao,Ejection ON,p5.2.z,3,2500,2500,1680.0,1680.0,0.0,128.47213595499957,,2.5263020000002143,True,2,02_fixed_2500_ejection_on_off/runs.csv
Fixed iteration,Chao,Ejection ON,p5.3.k,0,2500,2500,485.0,495.0,2.0202020202020203,52.77811038861597,,2.7772183000015502,True,2,02_fixed_2500_ejection_on_off/runs.csv
Fixed iteration,Chao,Ejection ON,p5.3.k,1,2500,2500,495.0,495.0,0.0,54.32943671713366,,2.819509000000835,True,2,02_fixed_2500_ejection_on_off/runs.csv
Fixed iteration,Chao,Ejection ON,p5.3.k,2,2500,2500,485.0,495.0,2.0202020202020203,52.093368739633874,,2.7089960999983305,True,2,02_fixed_2500_ejection_on_off/runs.csv
Fixed iteration,Chao,Ejection ON,p5.3.k,3,2500,2500,495.0,495.0,0.0,54.32943671713366,,2.75021039999956,True,2,02_fixed_2500_ejection_on_off/runs.csv
Fixed iteration,Chao,Ejection ON,p5.3.l,0,2500,2500,595.0,595.0,0.0,58.782297257588,,2.889301000001069,True,2,02_fixed_2500_ejection_on_off/runs.csv
Fixed iteration,Chao,Ejection ON,p5.3.l,1,2500,2500,575.0,595.0,3.361344537815126,57.29005467744567,,2.8302508999986458,True,2,02_fixed_2500_ejection_on_off/runs.csv
Fixed iteration,Chao,Ejection ON,p5.3.l,2,2500,2500,585.0,595.0,1.680672268907563,58.036175967516826,,2.8242587999993702,True,2,02_fixed_2500_ejection_on_off/runs.csv
Fixed iteration,Chao,Ejection ON,p5.3.l,3,2500,2500,595.0,595.0,0.0,58.782297257588,,2.834243200000856,True,2,02_fixed_2500_ejection_on_off/runs.csv
Fixed iteration,Chao,Ejection ON,p5.3.n,0,2500,2500,755.0,755.0,0.0,69.29005467744567,,3.5249242999998387,True,2,02_fixed_2500_ejection_on_off/runs.csv
Fixed iteration,Chao,Ejection ON,p5.3.n,1,2500,2500,755.0,755.0,0.0,69.29005467744567,,3.3910981999997603,True,2,02_fixed_2500_ejection_on_off/runs.csv
Fixed iteration,Chao,Ejection ON,p5.3.n,2,2500,2500,755.0,755.0,0.0,69.29005467744567,,3.478377899999032,True,2,02_fixed_2500_ejection_on_off/runs.csv
Fixed iteration,Chao,Ejection ON,p5.3.n,3,2500,2500,755.0,755.0,0.0,69.29005467744567,,3.4719438000011,True,2,02_fixed_2500_ejection_on_off/runs.csv
Fixed iteration,Chao,Ejection ON,p5.3.o,0,2500,2500,830.0,870.0,4.597701149425287,72.8047733032071,,3.840021899999556,True,2,02_fixed_2500_ejection_on_off/runs.csv
Fixed iteration,Chao,Ejection ON,p5.3.o,1,2500,2500,870.0,870.0,0.0,74.62533448368939,,3.4287512000009883,True,2,02_fixed_2500_ejection_on_off/runs.csv
Fixed iteration,Chao,Ejection ON,p5.3.o,2,2500,2500,870.0,870.0,0.0,74.62533448368939,,3.4996360000004643,True,2,02_fixed_2500_ejection_on_off/runs.csv
Fixed iteration,Chao,Ejection ON,p5.3.o,3,2500,2500,870.0,870.0,0.0,74.62533448368939,,3.492997600000308,True,2,02_fixed_2500_ejection_on_off/runs.csv
Fixed iteration,Chao,Ejection ON,p5.3.q,0,2500,2500,1065.0,1070.0,0.4672897196261682,83.71926839744424,,4.144966100000602,True,2,02_fixed_2500_ejection_on_off/runs.csv
Fixed iteration,Chao,Ejection ON,p5.3.q,1,2500,2500,1065.0,1070.0,0.4672897196261682,83.3472474495627,,4.068101200000456,True,2,02_fixed_2500_ejection_on_off/runs.csv
Fixed iteration,Chao,Ejection ON,p5.3.q,2,2500,2500,1065.0,1070.0,0.4672897196261682,83.3472474495627,,4.165952299999844,True,2,02_fixed_2500_ejection_on_off/runs.csv
Fixed iteration,Chao,Ejection ON,p5.3.q,3,2500,2500,1070.0,1070.0,0.0,84.32943671713366,,3.8605373999998847,True,2,02_fixed_2500_ejection_on_off/runs.csv
Fixed iteration,Chao,Ejection ON,p5.3.r,0,2500,2500,1125.0,1125.0,0.0,89.51415501162646,,3.980842400000256,True,2,02_fixed_2500_ejection_on_off/runs.csv
Fixed iteration,Chao,Ejection ON,p5.3.r,1,2500,2500,1125.0,1125.0,0.0,89.51415501162646,,3.908413400000427,True,2,02_fixed_2500_ejection_on_off/runs.csv
Fixed iteration,Chao,Ejection ON,p5.3.r,2,2500,2500,1125.0,1125.0,0.0,89.51415501162646,,4.0127608999991935,True,2,02_fixed_2500_ejection_on_off/runs.csv
Fixed iteration,Chao,Ejection ON,p5.3.r,3,2500,2500,1125.0,1125.0,0.0,89.51415501162646,,3.877300599999217,True,2,02_fixed_2500_ejection_on_off/runs.csv
Fixed iteration,Chao,Ejection ON,p5.3.s,0,2500,2500,1185.0,1190.0,0.42016806722689076,92.860416223291,,4.424383100000341,True,2,02_fixed_2500_ejection_on_off/runs.csv
Fixed iteration,Chao,Ejection ON,p5.3.s,1,2500,2500,1185.0,1190.0,0.42016806722689076,93.29005467744568,,4.509922499999448,True,2,02_fixed_2500_ejection_on_off/runs.csv
Fixed iteration,Chao,Ejection ON,p5.3.s,2,2500,2500,1185.0,1190.0,0.42016806722689076,92.860416223291,,4.451446200000646,True,2,02_fixed_2500_ejection_on_off/runs.csv
Fixed iteration,Chao,Ejection ON,p5.3.s,3,2500,2500,1185.0,1190.0,0.42016806722689076,92.860416223291,,4.448892200000046,True,2,02_fixed_2500_ejection_on_off/runs.csv
Fixed iteration,Chao,Ejection ON,p5.3.t,0,2500,2500,1260.0,1260.0,0.0,96.80477330320709,,4.68297050000001,True,2,02_fixed_2500_ejection_on_off/runs.csv
Fixed iteration,Chao,Ejection ON,p5.3.t,1,2500,2500,1245.0,1260.0,1.1904761904761905,97.20774884277064,,4.223635299998932,True,2,02_fixed_2500_ejection_on_off/runs.csv
Fixed iteration,Chao,Ejection ON,p5.3.t,2,2500,2500,1255.0,1260.0,0.3968253968253968,97.91713055119,,4.277894599999854,True,2,02_fixed_2500_ejection_on_off/runs.csv
Fixed iteration,Chao,Ejection ON,p5.3.t,3,2500,2500,1260.0,1260.0,0.0,96.80477330320709,,4.685432099999161,True,2,02_fixed_2500_ejection_on_off/runs.csv
Fixed iteration,Chao,Ejection ON,p5.3.u,0,2500,2500,1345.0,1345.0,0.0,104.33508982820793,,4.067147000001569,True,2,02_fixed_2500_ejection_on_off/runs.csv
Fixed iteration,Chao,Ejection ON,p5.3.u,1,2500,2500,1345.0,1345.0,0.0,104.33508982820793,,4.19980520000172,True,2,02_fixed_2500_ejection_on_off/runs.csv
Fixed iteration,Chao,Ejection ON,p5.3.u,2,2500,2500,1345.0,1345.0,0.0,103.98629096662604,,4.15039859999888,True,2,02_fixed_2500_ejection_on_off/runs.csv
Fixed iteration,Chao,Ejection ON,p5.3.u,3,2500,2500,1345.0,1345.0,0.0,103.98629096662604,,4.1949966000011045,True,2,02_fixed_2500_ejection_on_off/runs.csv
Fixed iteration,Chao,Ejection ON,p5.3.v,0,2500,2500,1425.0,1425.0,0.0,109.20774884277064,,3.850474499999109,True,2,02_fixed_2500_ejection_on_off/runs.csv
Fixed iteration,Chao,Ejection ON,p5.3.v,1,2500,2500,1420.0,1425.0,0.3508771929824561,108.80477330320709,,4.109227999999348,True,2,02_fixed_2500_ejection_on_off/runs.csv
Fixed iteration,Chao,Ejection ON,p5.3.v,2,2500,2500,1425.0,1425.0,0.0,109.20774884277064,,3.947103299999071,True,2,02_fixed_2500_ejection_on_off/runs.csv
Fixed iteration,Chao,Ejection ON,p5.3.v,3,2500,2500,1425.0,1425.0,0.0,109.20774884277064,,3.7980869000002713,True,2,02_fixed_2500_ejection_on_off/runs.csv
Fixed iteration,Chao,Ejection ON,p5.3.w,0,2500,2500,1475.0,1485.0,0.6734006734006734,114.2455810304255,,3.7670178999997006,True,2,02_fixed_2500_ejection_on_off/runs.csv
Fixed iteration,Chao,Ejection ON,p5.3.w,1,2500,2500,1480.0,1485.0,0.3367003367003367,113.98629096662604,,3.7897436000002926,True,2,02_fixed_2500_ejection_on_off/runs.csv
Fixed iteration,Chao,Ejection ON,p5.3.w,2,2500,2500,1460.0,1485.0,1.6835016835016836,113.40707723861864,,3.726715000000695,True,2,02_fixed_2500_ejection_on_off/runs.csv
Fixed iteration,Chao,Ejection ON,p5.3.w,3,2500,2500,1475.0,1485.0,0.6734006734006734,114.30696067151456,,3.807697500000359,True,2,02_fixed_2500_ejection_on_off/runs.csv
Fixed iteration,Chao,Ejection ON,p5.3.x,0,2500,2500,1535.0,1555.0,1.2861736334405145,118.782297257588,,3.5135477000003448,True,2,02_fixed_2500_ejection_on_off/runs.csv
Fixed iteration,Chao,Ejection ON,p5.3.x,1,2500,2500,1555.0,1555.0,0.0,118.782297257588,,3.4723420000009355,True,2,02_fixed_2500_ejection_on_off/runs.csv
Fixed iteration,Chao,Ejection ON,p5.3.x,2,2500,2500,1535.0,1555.0,1.2861736334405145,117.75022298912626,,3.4937043999998423,True,2,02_fixed_2500_ejection_on_off/runs.csv
Fixed iteration,Chao,Ejection ON,p5.3.x,3,2500,2500,1550.0,1555.0,0.3215434083601286,119.43184917695145,,3.4412960999998177,True,2,02_fixed_2500_ejection_on_off/runs.csv
Fixed iteration,Chao,Ejection ON,p5.3.y,0,2500,2500,1590.0,1595.0,0.31347962382445144,122.34258213637264,,3.249302899999748,True,2,02_fixed_2500_ejection_on_off/runs.csv
Fixed iteration,Chao,Ejection ON,p5.3.y,1,2500,2500,1580.0,1595.0,0.9404388714733543,122.54769552219042,,3.3034944999999425,True,2,02_fixed_2500_ejection_on_off/runs.csv
Fixed iteration,Chao,Ejection ON,p5.3.y,2,2500,2500,1590.0,1595.0,0.31347962382445144,120.80477330320709,,3.2471124999992758,True,2,02_fixed_2500_ejection_on_off/runs.csv
Fixed iteration,Chao,Ejection ON,p5.3.y,3,2500,2500,1590.0,1595.0,0.31347962382445144,122.0319890985448,,3.332868100000269,True,2,02_fixed_2500_ejection_on_off/runs.csv
Fixed iteration,Chao,Ejection ON,p5.3.z,0,2500,2500,1605.0,1635.0,1.834862385321101,128.60376317643042,,2.927809800001341,True,2,02_fixed_2500_ejection_on_off/runs.csv
Fixed iteration,Chao,Ejection ON,p5.3.z,1,2500,2500,1635.0,1635.0,0.0,129.35290056063695,,2.880531599999813,True,2,02_fixed_2500_ejection_on_off/runs.csv
Fixed iteration,Chao,Ejection ON,p5.3.z,2,2500,2500,1635.0,1635.0,0.0,128.00876701224513,,2.6725248000002466,True,2,02_fixed_2500_ejection_on_off/runs.csv
Fixed iteration,Chao,Ejection ON,p5.3.z,3,2500,2500,1635.0,1635.0,0.0,128.00876701224513,,2.702075799999875,True,2,02_fixed_2500_ejection_on_off/runs.csv
Fixed iteration,Chao,Ejection ON,p5.4.m,0,2500,2500,550.0,555.0,0.9009009009009009,62.96640083988888,,2.939470299999812,True,2,02_fixed_2500_ejection_on_off/runs.csv
Fixed iteration,Chao,Ejection ON,p5.4.m,1,2500,2500,550.0,555.0,0.9009009009009009,62.96640083988888,,2.9192407000009557,True,2,02_fixed_2500_ejection_on_off/runs.csv
Fixed iteration,Chao,Ejection ON,p5.4.m,2,2500,2500,550.0,555.0,0.9009009009009009,62.96640083988888,,2.8283510000001115,True,2,02_fixed_2500_ejection_on_off/runs.csv
Fixed iteration,Chao,Ejection ON,p5.4.m,3,2500,2500,555.0,555.0,0.0,64.26800943142202,,2.9732457999998587,True,2,02_fixed_2500_ejection_on_off/runs.csv
Fixed iteration,Chao,Ejection ON,p5.4.o,0,2500,2500,675.0,690.0,2.1739130434782608,72.22118116820583,,3.3823081999998976,True,2,02_fixed_2500_ejection_on_off/runs.csv
Fixed iteration,Chao,Ejection ON,p5.4.o,1,2500,2500,675.0,690.0,2.1739130434782608,71.79572958302319,,3.282525299999179,True,2,02_fixed_2500_ejection_on_off/runs.csv
Fixed iteration,Chao,Ejection ON,p5.4.o,2,2500,2500,685.0,690.0,0.7246376811594203,73.69916021231546,,3.402487100000144,True,2,02_fixed_2500_ejection_on_off/runs.csv
Fixed iteration,Chao,Ejection ON,p5.4.o,3,2500,2500,690.0,690.0,0.0,73.5097766046326,,3.268970299999637,True,2,02_fixed_2500_ejection_on_off/runs.csv
Fixed iteration,Chao,Ejection ON,p5.4.p,0,2500,2500,760.0,765.0,0.6535947712418301,76.45111915039936,,3.4320039999984147,True,2,02_fixed_2500_ejection_on_off/runs.csv
Fixed iteration,Chao,Ejection ON,p5.4.p,1,2500,2500,760.0,765.0,0.6535947712418301,76.45111915039936,,3.462100599999758,True,2,02_fixed_2500_ejection_on_off/runs.csv
Fixed iteration,Chao,Ejection ON,p5.4.p,2,2500,2500,760.0,765.0,0.6535947712418301,76.45111915039936,,3.4817175999996834,True,2,02_fixed_2500_ejection_on_off/runs.csv
Fixed iteration,Chao,Ejection ON,p5.4.p,3,2500,2500,760.0,765.0,0.6535947712418301,76.45111915039936,,3.4499883000007685,True,2,02_fixed_2500_ejection_on_off/runs.csv
Fixed iteration,Chao,Ejection ON,p5.4.q,0,2500,2500,860.0,860.0,0.0,81.1374106514146,,3.8310202000011486,True,2,02_fixed_2500_ejection_on_off/runs.csv
Fixed iteration,Chao,Ejection ON,p5.4.q,1,2500,2500,860.0,860.0,0.0,81.1374106514146,,3.8983838000003743,True,2,02_fixed_2500_ejection_on_off/runs.csv
Fixed iteration,Chao,Ejection ON,p5.4.q,2,2500,2500,860.0,860.0,0.0,81.1374106514146,,3.781268299999283,True,2,02_fixed_2500_ejection_on_off/runs.csv
Fixed iteration,Chao,Ejection ON,p5.4.q,3,2500,2500,860.0,860.0,0.0,81.1374106514146,,3.799190800000361,True,2,02_fixed_2500_ejection_on_off/runs.csv
Fixed iteration,Chao,Ejection ON,p5.4.r,0,2500,2500,910.0,960.0,5.208333333333333,88.64705498692052,,3.7915171000004193,True,2,02_fixed_2500_ejection_on_off/runs.csv
Fixed iteration,Chao,Ejection ON,p5.4.r,1,2500,2500,910.0,960.0,5.208333333333333,88.64705498692052,,3.818189999999959,True,2,02_fixed_2500_ejection_on_off/runs.csv
Fixed iteration,Chao,Ejection ON,p5.4.r,2,2500,2500,960.0,960.0,0.0,89.88854381999832,,4.423783700000058,True,2,02_fixed_2500_ejection_on_off/runs.csv
Fixed iteration,Chao,Ejection ON,p5.4.r,3,2500,2500,905.0,960.0,5.729166666666667,87.81962510499707,,3.8630152000005182,True,2,02_fixed_2500_ejection_on_off/runs.csv
Fixed iteration,Chao,Ejection ON,p5.4.s,0,2500,2500,1000.0,1030.0,2.912621359223301,92.45111915039936,,4.079452600000877,True,2,02_fixed_2500_ejection_on_off/runs.csv
Fixed iteration,Chao,Ejection ON,p5.4.s,1,2500,2500,1005.0,1030.0,2.4271844660194173,94.50356143940942,,4.130245899999864,True,2,02_fixed_2500_ejection_on_off/runs.csv
Fixed iteration,Chao,Ejection ON,p5.4.s,2,2500,2500,1005.0,1030.0,2.4271844660194173,94.50356143940942,,3.9978446000004624,True,2,02_fixed_2500_ejection_on_off/runs.csv
Fixed iteration,Chao,Ejection ON,p5.4.s,3,2500,2500,1020.0,1030.0,0.970873786407767,94.53398648881648,,3.934517899999264,True,2,02_fixed_2500_ejection_on_off/runs.csv
Fixed iteration,Chao,Ejection ON,p5.4.t,0,2500,2500,1105.0,1160.0,4.741379310344827,97.98921293954396,,4.185334600000715,True,2,02_fixed_2500_ejection_on_off/runs.csv
Fixed iteration,Chao,Ejection ON,p5.4.t,1,2500,2500,1125.0,1160.0,3.0172413793103448,99.18985294042466,,4.013028999999733,True,2,02_fixed_2500_ejection_on_off/runs.csv
Fixed iteration,Chao,Ejection ON,p5.4.t,2,2500,2500,1120.0,1160.0,3.4482758620689653,98.40239772479627,,4.161243500000637,True,2,02_fixed_2500_ejection_on_off/runs.csv
Fixed iteration,Chao,Ejection ON,p5.4.t,3,2500,2500,1160.0,1160.0,0.0,99.50044597825251,,3.811139900000853,True,2,02_fixed_2500_ejection_on_off/runs.csv
Fixed iteration,Chao,Ejection ON,p5.4.u,0,2500,2500,1300.0,1300.0,0.0,104.18673747926776,,3.7393791000013152,True,2,02_fixed_2500_ejection_on_off/runs.csv
Fixed iteration,Chao,Ejection ON,p5.4.u,1,2500,2500,1300.0,1300.0,0.0,104.18673747926776,,3.700987499998519,True,2,02_fixed_2500_ejection_on_off/runs.csv
Fixed iteration,Chao,Ejection ON,p5.4.u,2,2500,2500,1300.0,1300.0,0.0,104.18673747926776,,3.712518199999977,True,2,02_fixed_2500_ejection_on_off/runs.csv
Fixed iteration,Chao,Ejection ON,p5.4.u,3,2500,2500,1300.0,1300.0,0.0,104.18673747926776,,3.694814800001041,True,2,02_fixed_2500_ejection_on_off/runs.csv
Fixed iteration,Chao,Ejection ON,p5.4.v,0,2500,2500,1320.0,1320.0,0.0,108.62325508938126,,3.5842399000011937,True,2,02_fixed_2500_ejection_on_off/runs.csv
Fixed iteration,Chao,Ejection ON,p5.4.v,1,2500,2500,1320.0,1320.0,0.0,108.62325508938126,,3.557158300000083,True,2,02_fixed_2500_ejection_on_off/runs.csv
Fixed iteration,Chao,Ejection ON,p5.4.v,2,2500,2500,1320.0,1320.0,0.0,108.62325508938126,,3.5649429999994027,True,2,02_fixed_2500_ejection_on_off/runs.csv
Fixed iteration,Chao,Ejection ON,p5.4.v,3,2500,2500,1320.0,1320.0,0.0,108.62325508938126,,3.573772199999439,True,2,02_fixed_2500_ejection_on_off/runs.csv
Fixed iteration,Chao,Ejection ON,p5.4.w,0,2500,2500,1380.0,1390.0,0.7194244604316546,113.1374106514146,,3.86562480000066,True,2,02_fixed_2500_ejection_on_off/runs.csv
Fixed iteration,Chao,Ejection ON,p5.4.w,1,2500,2500,1380.0,1390.0,0.7194244604316546,113.1374106514146,,3.9658085999999457,True,2,02_fixed_2500_ejection_on_off/runs.csv
Fixed iteration,Chao,Ejection ON,p5.4.w,2,2500,2500,1385.0,1390.0,0.3597122302158273,113.6006335146412,,3.753247599999668,True,2,02_fixed_2500_ejection_on_off/runs.csv
Fixed iteration,Chao,Ejection ON,p5.4.w,3,2500,2500,1380.0,1390.0,0.7194244604316546,113.1374106514146,,3.899218099999416,True,2,02_fixed_2500_ejection_on_off/runs.csv
Fixed iteration,Chao,Ejection ON,p5.4.x,0,2500,2500,1450.0,1450.0,0.0,119.58014847222798,,3.6191100999985792,True,2,02_fixed_2500_ejection_on_off/runs.csv
Fixed iteration,Chao,Ejection ON,p5.4.x,1,2500,2500,1440.0,1450.0,0.6896551724137931,118.9145452566501,,3.759942500000762,True,2,02_fixed_2500_ejection_on_off/runs.csv
Fixed iteration,Chao,Ejection ON,p5.4.x,2,2500,2500,1440.0,1450.0,0.6896551724137931,118.9145452566501,,3.6491759000000457,True,2,02_fixed_2500_ejection_on_off/runs.csv
Fixed iteration,Chao,Ejection ON,p5.4.x,3,2500,2500,1430.0,1450.0,1.3793103448275863,118.03121746021438,,3.602784400000018,True,2,02_fixed_2500_ejection_on_off/runs.csv
Fixed iteration,Chao,Ejection ON,p5.4.y,0,2500,2500,1520.0,1520.0,0.0,124.45111915039936,,3.130178000001252,True,2,02_fixed_2500_ejection_on_off/runs.csv
Fixed iteration,Chao,Ejection ON,p5.4.y,1,2500,2500,1520.0,1520.0,0.0,124.45111915039936,,3.111535799998819,True,2,02_fixed_2500_ejection_on_off/runs.csv
Fixed iteration,Chao,Ejection ON,p5.4.y,2,2500,2500,1520.0,1520.0,0.0,124.45111915039936,,3.1184872000012547,True,2,02_fixed_2500_ejection_on_off/runs.csv
Fixed iteration,Chao,Ejection ON,p5.4.y,3,2500,2500,1520.0,1520.0,0.0,124.45111915039936,,3.127572699999291,True,2,02_fixed_2500_ejection_on_off/runs.csv
Fixed iteration,Chao,Ejection ON,p5.4.z,0,2500,2500,1620.0,1620.0,0.0,129.1374106514146,,2.5694727999998577,True,2,02_fixed_2500_ejection_on_off/runs.csv
Fixed iteration,Chao,Ejection ON,p5.4.z,1,2500,2500,1620.0,1620.0,0.0,129.1374106514146,,2.6278916000010213,True,2,02_fixed_2500_ejection_on_off/runs.csv
Fixed iteration,Chao,Ejection ON,p5.4.z,2,2500,2500,1620.0,1620.0,0.0,129.1374106514146,,2.5735447999995813,True,2,02_fixed_2500_ejection_on_off/runs.csv
Fixed iteration,Chao,Ejection ON,p5.4.z,3,2500,2500,1620.0,1620.0,0.0,129.1374106514146,,2.573312199998327,True,2,02_fixed_2500_ejection_on_off/runs.csv
Fixed iteration,Chao,Ejection ON,p6.2.d,0,2500,2500,192.0,192.0,0.0,29.65685424949238,,2.1432150000000547,True,2,02_fixed_2500_ejection_on_off/runs.csv
Fixed iteration,Chao,Ejection ON,p6.2.d,1,2500,2500,192.0,192.0,0.0,29.65685424949238,,2.1410899000002246,True,2,02_fixed_2500_ejection_on_off/runs.csv
Fixed iteration,Chao,Ejection ON,p6.2.d,2,2500,2500,192.0,192.0,0.0,29.65685424949238,,2.1726527999999234,True,2,02_fixed_2500_ejection_on_off/runs.csv
Fixed iteration,Chao,Ejection ON,p6.2.d,3,2500,2500,192.0,192.0,0.0,29.65685424949238,,2.1818306999994093,True,2,02_fixed_2500_ejection_on_off/runs.csv
Fixed iteration,Chao,Ejection ON,p6.2.j,0,2500,2500,942.0,948.0,0.6329113924050633,58.21225132517719,,4.118387000000439,True,2,02_fixed_2500_ejection_on_off/runs.csv
Fixed iteration,Chao,Ejection ON,p6.2.j,1,2500,2500,942.0,948.0,0.6329113924050633,58.21225132517719,,4.035734199998842,True,2,02_fixed_2500_ejection_on_off/runs.csv
Fixed iteration,Chao,Ejection ON,p6.2.j,2,2500,2500,942.0,948.0,0.6329113924050633,58.21225132517719,,4.059697500000766,True,2,02_fixed_2500_ejection_on_off/runs.csv
Fixed iteration,Chao,Ejection ON,p6.2.j,3,2500,2500,948.0,948.0,0.0,59.85596015543059,,4.087383399999453,True,2,02_fixed_2500_ejection_on_off/runs.csv
Fixed iteration,Chao,Ejection ON,p6.2.l,0,2500,2500,1116.0,1116.0,0.0,67.88225099390857,,4.224406299999828,True,2,02_fixed_2500_ejection_on_off/runs.csv
Fixed iteration,Chao,Ejection ON,p6.2.l,1,2500,2500,1116.0,1116.0,0.0,67.88225099390857,,4.287873499999478,True,2,02_fixed_2500_ejection_on_off/runs.csv
Fixed iteration,Chao,Ejection ON,p6.2.l,2,2500,2500,1116.0,1116.0,0.0,67.88225099390857,,4.217764400000306,True,2,02_fixed_2500_ejection_on_off/runs.csv
Fixed iteration,Chao,Ejection ON,p6.2.l,3,2500,2500,1116.0,1116.0,0.0,67.88225099390857,,4.2836231000001135,True,2,02_fixed_2500_ejection_on_off/runs.csv
Fixed iteration,Chao,Ejection ON,p6.2.m,0,2500,2500,1188.0,1188.0,0.0,73.53910524340095,,3.975040200000876,True,2,02_fixed_2500_ejection_on_off/runs.csv
Fixed iteration,Chao,Ejection ON,p6.2.m,1,2500,2500,1188.0,1188.0,0.0,73.53910524340095,,3.9421689999999217,True,2,02_fixed_2500_ejection_on_off/runs.csv
Fixed iteration,Chao,Ejection ON,p6.2.m,2,2500,2500,1188.0,1188.0,0.0,73.53910524340095,,3.8749612999999954,True,2,02_fixed_2500_ejection_on_off/runs.csv
Fixed iteration,Chao,Ejection ON,p6.2.m,3,2500,2500,1188.0,1188.0,0.0,73.53910524340095,,3.902295599998979,True,2,02_fixed_2500_ejection_on_off/runs.csv
Fixed iteration,Chao,Ejection ON,p6.2.n,0,2500,2500,1260.0,1260.0,0.0,79.19595949289332,,3.604615100000956,True,2,02_fixed_2500_ejection_on_off/runs.csv
Fixed iteration,Chao,Ejection ON,p6.2.n,1,2500,2500,1260.0,1260.0,0.0,79.19595949289332,,3.607905300001221,True,2,02_fixed_2500_ejection_on_off/runs.csv
Fixed iteration,Chao,Ejection ON,p6.2.n,2,2500,2500,1260.0,1260.0,0.0,79.19595949289332,,3.629632899999706,True,2,02_fixed_2500_ejection_on_off/runs.csv
Fixed iteration,Chao,Ejection ON,p6.2.n,3,2500,2500,1260.0,1260.0,0.0,79.19595949289332,,3.6110242000013386,True,2,02_fixed_2500_ejection_on_off/runs.csv
Fixed iteration,Chao,Ejection ON,p6.3.g,0,2500,2500,282.0,282.0,0.0,44.55790079237062,,2.5232481000002736,True,2,02_fixed_2500_ejection_on_off/runs.csv
Fixed iteration,Chao,Ejection ON,p6.3.g,1,2500,2500,282.0,282.0,0.0,44.55790079237062,,2.533802800000558,True,2,02_fixed_2500_ejection_on_off/runs.csv
Fixed iteration,Chao,Ejection ON,p6.3.g,2,2500,2500,282.0,282.0,0.0,44.55790079237062,,2.461357899999712,True,2,02_fixed_2500_ejection_on_off/runs.csv
Fixed iteration,Chao,Ejection ON,p6.3.g,3,2500,2500,282.0,282.0,0.0,44.55790079237062,,2.5061949999999342,True,2,02_fixed_2500_ejection_on_off/runs.csv
Fixed iteration,Chao,Ejection ON,p6.3.h,0,2500,2500,444.0,444.0,0.0,49.45584412271572,,3.6153558000005432,True,2,02_fixed_2500_ejection_on_off/runs.csv
Fixed iteration,Chao,Ejection ON,p6.3.h,1,2500,2500,444.0,444.0,0.0,49.45584412271572,,3.608906899999056,True,2,02_fixed_2500_ejection_on_off/runs.csv
Fixed iteration,Chao,Ejection ON,p6.3.h,2,2500,2500,444.0,444.0,0.0,49.45584412271572,,3.584732500001337,True,2,02_fixed_2500_ejection_on_off/runs.csv
Fixed iteration,Chao,Ejection ON,p6.3.h,3,2500,2500,444.0,444.0,0.0,49.45584412271572,,3.630348100001356,True,2,02_fixed_2500_ejection_on_off/runs.csv
Fixed iteration,Chao,Ejection ON,p6.3.i,0,2500,2500,642.0,642.0,0.0,54.42640687119285,,3.8719552000002295,True,2,02_fixed_2500_ejection_on_off/runs.csv
Fixed iteration,Chao,Ejection ON,p6.3.i,1,2500,2500,642.0,642.0,0.0,54.42640687119285,,3.916514799999277,True,2,02_fixed_2500_ejection_on_off/runs.csv
Fixed iteration,Chao,Ejection ON,p6.3.i,2,2500,2500,642.0,642.0,0.0,54.42640687119285,,3.859920000000784,True,2,02_fixed_2500_ejection_on_off/runs.csv
Fixed iteration,Chao,Ejection ON,p6.3.i,3,2500,2500,642.0,642.0,0.0,54.42640687119285,,3.894018299999516,True,2,02_fixed_2500_ejection_on_off/runs.csv
Fixed iteration,Chao,Ejection ON,p6.3.k,0,2500,2500,888.0,894.0,0.6711409395973155,62.31660659271909,,3.8316147000005,True,2,02_fixed_2500_ejection_on_off/runs.csv
Fixed iteration,Chao,Ejection ON,p6.3.k,1,2500,2500,888.0,894.0,0.6711409395973155,62.31660659271909,,3.696201499999006,True,2,02_fixed_2500_ejection_on_off/runs.csv
Fixed iteration,Chao,Ejection ON,p6.3.k,2,2500,2500,894.0,894.0,0.0,64.06467069051438,,3.6780156000004354,True,2,02_fixed_2500_ejection_on_off/runs.csv
Fixed iteration,Chao,Ejection ON,p6.3.k,3,2500,2500,888.0,894.0,0.6711409395973155,62.31660659271909,,3.701826200000141,True,2,02_fixed_2500_ejection_on_off/runs.csv
Fixed iteration,Chao,Ejection ON,p6.3.l,0,2500,2500,1002.0,1002.0,0.0,68.54995206475294,,3.786327399999209,True,2,02_fixed_2500_ejection_on_off/runs.csv
Fixed iteration,Chao,Ejection ON,p6.3.l,1,2500,2500,1002.0,1002.0,0.0,68.54995206475294,,3.7399518999991415,True,2,02_fixed_2500_ejection_on_off/runs.csv
Fixed iteration,Chao,Ejection ON,p6.3.l,2,2500,2500,1002.0,1002.0,0.0,68.54995206475294,,3.7230390999993688,True,2,02_fixed_2500_ejection_on_off/runs.csv
Fixed iteration,Chao,Ejection ON,p6.3.l,3,2500,2500,1002.0,1002.0,0.0,68.54995206475294,,3.7600052999987374,True,2,02_fixed_2500_ejection_on_off/runs.csv
Fixed iteration,Chao,Ejection ON,p6.3.m,0,2500,2500,1080.0,1080.0,0.0,74.22539674441619,,3.918179599999348,True,2,02_fixed_2500_ejection_on_off/runs.csv
Fixed iteration,Chao,Ejection ON,p6.3.m,1,2500,2500,1080.0,1080.0,0.0,74.22539674441619,,3.9490690999991775,True,2,02_fixed_2500_ejection_on_off/runs.csv
Fixed iteration,Chao,Ejection ON,p6.3.m,2,2500,2500,1080.0,1080.0,0.0,74.22539674441619,,3.867871500000547,True,2,02_fixed_2500_ejection_on_off/runs.csv
Fixed iteration,Chao,Ejection ON,p6.3.m,3,2500,2500,1080.0,1080.0,0.0,74.22539674441619,,3.8792097000005015,True,2,02_fixed_2500_ejection_on_off/runs.csv
Fixed iteration,Chao,Ejection ON,p6.3.n,0,2500,2500,1170.0,1170.0,0.0,77.53910524340095,,3.402773400001024,True,2,02_fixed_2500_ejection_on_off/runs.csv
Fixed iteration,Chao,Ejection ON,p6.3.n,1,2500,2500,1170.0,1170.0,0.0,77.53910524340095,,3.4697933999996167,True,2,02_fixed_2500_ejection_on_off/runs.csv
Fixed iteration,Chao,Ejection ON,p6.3.n,2,2500,2500,1170.0,1170.0,0.0,78.71067811865476,,3.5094736000010016,True,2,02_fixed_2500_ejection_on_off/runs.csv
Fixed iteration,Chao,Ejection ON,p6.3.n,3,2500,2500,1170.0,1170.0,0.0,78.71067811865476,,3.567699399998673,True,2,02_fixed_2500_ejection_on_off/runs.csv
Fixed iteration,Chao,Ejection ON,p6.4.j,0,2500,2500,366.0,366.0,0.0,59.502172702369776,,2.683314199999586,True,2,02_fixed_2500_ejection_on_off/runs.csv
Fixed iteration,Chao,Ejection ON,p6.4.j,1,2500,2500,366.0,366.0,0.0,59.502172702369776,,2.6808018000010634,True,2,02_fixed_2500_ejection_on_off/runs.csv
Fixed iteration,Chao,Ejection ON,p6.4.j,2,2500,2500,366.0,366.0,0.0,59.502172702369776,,2.6526540000013483,True,2,02_fixed_2500_ejection_on_off/runs.csv
Fixed iteration,Chao,Ejection ON,p6.4.j,3,2500,2500,366.0,366.0,0.0,59.502172702369776,,2.628756300000532,True,2,02_fixed_2500_ejection_on_off/runs.csv
Fixed iteration,Chao,Ejection ON,p6.4.k,0,2500,2500,528.0,528.0,0.0,64.22079954864219,,3.4102594000014506,True,2,02_fixed_2500_ejection_on_off/runs.csv
Fixed iteration,Chao,Ejection ON,p6.4.k,1,2500,2500,528.0,528.0,0.0,64.22079954864219,,3.4522471000000223,True,2,02_fixed_2500_ejection_on_off/runs.csv
Fixed iteration,Chao,Ejection ON,p6.4.k,2,2500,2500,528.0,528.0,0.0,64.22079954864219,,3.505710600000384,True,2,02_fixed_2500_ejection_on_off/runs.csv
Fixed iteration,Chao,Ejection ON,p6.4.k,3,2500,2500,528.0,528.0,0.0,64.22079954864219,,3.458076099999744,True,2,02_fixed_2500_ejection_on_off/runs.csv
Fixed iteration,Chao,Ejection ON,p6.4.l,0,2500,2500,696.0,696.0,0.0,68.75096219152961,,4.150520099999994,True,2,02_fixed_2500_ejection_on_off/runs.csv
Fixed iteration,Chao,Ejection ON,p6.4.l,1,2500,2500,696.0,696.0,0.0,68.75096219152961,,4.161561499999152,True,2,02_fixed_2500_ejection_on_off/runs.csv
Fixed iteration,Chao,Ejection ON,p6.4.l,2,2500,2500,696.0,696.0,0.0,68.75096219152961,,4.034293099999559,True,2,02_fixed_2500_ejection_on_off/runs.csv
Fixed iteration,Chao,Ejection ON,p6.4.l,3,2500,2500,696.0,696.0,0.0,68.75096219152961,,4.0413014000005205,True,2,02_fixed_2500_ejection_on_off/runs.csv
Fixed iteration,Chao,Ejection ON,p7.2.d,0,2500,2500,190.0,190.0,0.0,78.6737065912388,,1.9583098000002792,True,2,02_fixed_2500_ejection_on_off/runs.csv
Fixed iteration,Chao,Ejection ON,p7.2.d,1,2500,2500,190.0,190.0,0.0,78.6737065912388,,1.9414089000001693,True,2,02_fixed_2500_ejection_on_off/runs.csv
Fixed iteration,Chao,Ejection ON,p7.2.d,2,2500,2500,190.0,190.0,0.0,78.6737065912388,,1.9120984000001044,True,2,02_fixed_2500_ejection_on_off/runs.csv
Fixed iteration,Chao,Ejection ON,p7.2.d,3,2500,2500,190.0,190.0,0.0,78.6737065912388,,1.951086099999884,True,2,02_fixed_2500_ejection_on_off/runs.csv
Fixed iteration,Chao,Ejection ON,p7.2.e,0,2500,2500,290.0,290.0,0.0,98.36318612174394,,2.447950499999933,True,2,02_fixed_2500_ejection_on_off/runs.csv
Fixed iteration,Chao,Ejection ON,p7.2.e,1,2500,2500,290.0,290.0,0.0,98.36318612174394,,2.473868400000356,True,2,02_fixed_2500_ejection_on_off/runs.csv
Fixed iteration,Chao,Ejection ON,p7.2.e,2,2500,2500,290.0,290.0,0.0,98.36318612174394,,2.455375199999253,True,2,02_fixed_2500_ejection_on_off/runs.csv
Fixed iteration,Chao,Ejection ON,p7.2.e,3,2500,2500,290.0,290.0,0.0,98.36318612174394,,2.41373349999958,True,2,02_fixed_2500_ejection_on_off/runs.csv
Fixed iteration,Chao,Ejection ON,p7.2.f,0,2500,2500,387.0,387.0,0.0,119.40959650266612,,3.576065400000516,True,2,02_fixed_2500_ejection_on_off/runs.csv
Fixed iteration,Chao,Ejection ON,p7.2.f,1,2500,2500,387.0,387.0,0.0,119.40959650266612,,3.5725086000002197,True,2,02_fixed_2500_ejection_on_off/runs.csv
Fixed iteration,Chao,Ejection ON,p7.2.f,2,2500,2500,387.0,387.0,0.0,119.40959650266612,,3.538083600000391,True,2,02_fixed_2500_ejection_on_off/runs.csv
Fixed iteration,Chao,Ejection ON,p7.2.f,3,2500,2500,387.0,387.0,0.0,119.40959650266612,,3.592795700000352,True,2,02_fixed_2500_ejection_on_off/runs.csv
Fixed iteration,Chao,Ejection ON,p7.2.g,0,2500,2500,459.0,459.0,0.0,139.38253187114003,,5.25811910000084,True,2,02_fixed_2500_ejection_on_off/runs.csv
Fixed iteration,Chao,Ejection ON,p7.2.g,1,2500,2500,459.0,459.0,0.0,139.38253187114003,,5.29150269999991,True,2,02_fixed_2500_ejection_on_off/runs.csv
Fixed iteration,Chao,Ejection ON,p7.2.g,2,2500,2500,459.0,459.0,0.0,139.38253187114003,,5.222659799999747,True,2,02_fixed_2500_ejection_on_off/runs.csv
Fixed iteration,Chao,Ejection ON,p7.2.g,3,2500,2500,459.0,459.0,0.0,139.38253187114003,,5.001116700001148,True,2,02_fixed_2500_ejection_on_off/runs.csv
Fixed iteration,Chao,Ejection ON,p7.2.h,0,2500,2500,521.0,521.0,0.0,158.24260160323507,,5.912052400000903,True,2,02_fixed_2500_ejection_on_off/runs.csv
Fixed iteration,Chao,Ejection ON,p7.2.h,1,2500,2500,521.0,521.0,0.0,158.24260160323507,,5.872131699999954,True,2,02_fixed_2500_ejection_on_off/runs.csv
Fixed iteration,Chao,Ejection ON,p7.2.h,2,2500,2500,521.0,521.0,0.0,158.24260160323507,,5.915708299999096,True,2,02_fixed_2500_ejection_on_off/runs.csv
Fixed iteration,Chao,Ejection ON,p7.2.h,3,2500,2500,521.0,521.0,0.0,158.24260160323507,,6.066163299999971,True,2,02_fixed_2500_ejection_on_off/runs.csv
Fixed iteration,Chao,Ejection ON,p7.2.i,0,2500,2500,579.0,580.0,0.1724137931034483,176.94684897197487,,6.412557300000117,True,2,02_fixed_2500_ejection_on_off/runs.csv
Fixed iteration,Chao,Ejection ON,p7.2.i,1,2500,2500,578.0,580.0,0.3448275862068966,177.9115388854371,,6.616924100000688,True,2,02_fixed_2500_ejection_on_off/runs.csv
Fixed iteration,Chao,Ejection ON,p7.2.i,2,2500,2500,579.0,580.0,0.1724137931034483,176.94684897197487,,6.41882219999934,True,2,02_fixed_2500_ejection_on_off/runs.csv
Fixed iteration,Chao,Ejection ON,p7.2.i,3,2500,2500,579.0,580.0,0.1724137931034483,179.74982581015595,,5.926564800000051,True,2,02_fixed_2500_ejection_on_off/runs.csv
Fixed iteration,Chao,Ejection ON,p7.2.j,0,2500,2500,643.0,646.0,0.46439628482972134,198.87683949061383,,6.765039300000353,True,2,02_fixed_2500_ejection_on_off/runs.csv
Fixed iteration,Chao,Ejection ON,p7.2.j,1,2500,2500,646.0,646.0,0.0,199.94526225100628,,6.62593360000028,True,2,02_fixed_2500_ejection_on_off/runs.csv
Fixed iteration,Chao,Ejection ON,p7.2.j,2,2500,2500,643.0,646.0,0.46439628482972134,198.87683949061383,,6.724920300001031,True,2,02_fixed_2500_ejection_on_off/runs.csv
Fixed iteration,Chao,Ejection ON,p7.2.j,3,2500,2500,644.0,646.0,0.30959752321981426,199.9414665813473,,6.6499712000004365,True,2,02_fixed_2500_ejection_on_off/runs.csv
Fixed iteration,Chao,Ejection ON,p7.2.k,0,2500,2500,705.0,705.0,0.0,218.8609596877049,,6.773142800000642,True,2,02_fixed_2500_ejection_on_off/runs.csv
Fixed iteration,Chao,Ejection ON,p7.2.k,1,2500,2500,702.0,705.0,0.425531914893617,218.10943597847304,,7.02987309999844,True,2,02_fixed_2500_ejection_on_off/runs.csv
Fixed iteration,Chao,Ejection ON,p7.2.k,2,2500,2500,704.0,705.0,0.14184397163120568,219.34666150417075,,7.051118900000802,True,2,02_fixed_2500_ejection_on_off/runs.csv
Fixed iteration,Chao,Ejection ON,p7.2.k,3,2500,2500,704.0,705.0,0.14184397163120568,219.34666150417075,,7.183046100000865,True,2,02_fixed_2500_ejection_on_off/runs.csv
Fixed iteration,Chao,Ejection ON,p7.2.l,0,2500,2500,767.0,767.0,0.0,237.6125071842121,,7.504719100001239,True,2,02_fixed_2500_ejection_on_off/runs.csv
Fixed iteration,Chao,Ejection ON,p7.2.l,1,2500,2500,767.0,767.0,0.0,237.6125071842121,,7.633239200000389,True,2,02_fixed_2500_ejection_on_off/runs.csv
Fixed iteration,Chao,Ejection ON,p7.2.l,2,2500,2500,767.0,767.0,0.0,237.6125071842121,,7.343439000000217,True,2,02_fixed_2500_ejection_on_off/runs.csv
Fixed iteration,Chao,Ejection ON,p7.2.l,3,2500,2500,751.0,767.0,2.0860495436766624,238.3099967422147,,7.848402100000385,True,2,02_fixed_2500_ejection_on_off/runs.csv
Fixed iteration,Chao,Ejection ON,p7.2.m,0,2500,2500,774.0,827.0,6.408706166868198,258.6461572111251,,8.447915799999464,True,2,02_fixed_2500_ejection_on_off/runs.csv
Fixed iteration,Chao,Ejection ON,p7.2.m,1,2500,2500,795.0,827.0,3.8694074969770256,258.7101515985456,,8.083551699999589,True,2,02_fixed_2500_ejection_on_off/runs.csv
Fixed iteration,Chao,Ejection ON,p7.2.m,2,2500,2500,827.0,827.0,0.0,258.59232567607967,,8.065661299999192,True,2,02_fixed_2500_ejection_on_off/runs.csv
Fixed iteration,Chao,Ejection ON,p7.2.m,3,2500,2500,806.0,827.0,2.539298669891173,258.73872802071,,8.53247409999858,True,2,02_fixed_2500_ejection_on_off/runs.csv
Fixed iteration,Chao,Ejection ON,p7.2.n,0,2500,2500,888.0,888.0,0.0,278.2980769821337,,8.74394890000076,True,2,02_fixed_2500_ejection_on_off/runs.csv
Fixed iteration,Chao,Ejection ON,p7.2.n,1,2500,2500,888.0,888.0,0.0,278.2980769821337,,8.88233610000134,True,2,02_fixed_2500_ejection_on_off/runs.csv
Fixed iteration,Chao,Ejection ON,p7.2.n,2,2500,2500,888.0,888.0,0.0,278.2980769821337,,8.603557700000238,True,2,02_fixed_2500_ejection_on_off/runs.csv
Fixed iteration,Chao,Ejection ON,p7.2.n,3,2500,2500,888.0,888.0,0.0,278.2980769821337,,8.653747399999702,True,2,02_fixed_2500_ejection_on_off/runs.csv
Fixed iteration,Chao,Ejection ON,p7.2.o,0,2500,2500,945.0,945.0,0.0,297.66893790511244,,8.886855700000524,True,2,02_fixed_2500_ejection_on_off/runs.csv
Fixed iteration,Chao,Ejection ON,p7.2.o,1,2500,2500,936.0,945.0,0.9523809523809523,299.2682430073835,,9.214140300000508,True,2,02_fixed_2500_ejection_on_off/runs.csv
Fixed iteration,Chao,Ejection ON,p7.2.o,2,2500,2500,933.0,945.0,1.2698412698412698,299.0582272000787,,9.1948883999994,True,2,02_fixed_2500_ejection_on_off/runs.csv
Fixed iteration,Chao,Ejection ON,p7.2.o,3,2500,2500,936.0,945.0,0.9523809523809523,299.2682430073835,,8.7781801000001,True,2,02_fixed_2500_ejection_on_off/runs.csv
Fixed iteration,Chao,Ejection ON,p7.2.p,0,2500,2500,1000.0,1002.0,0.1996007984031936,319.78260780199736,,9.2373134999998,True,2,02_fixed_2500_ejection_on_off/runs.csv
Fixed iteration,Chao,Ejection ON,p7.2.p,1,2500,2500,966.0,1002.0,3.592814371257485,318.075782009368,,10.820977900000798,True,2,02_fixed_2500_ejection_on_off/runs.csv
Fixed iteration,Chao,Ejection ON,p7.2.p,2,2500,2500,1002.0,1002.0,0.0,318.3143897412544,,8.55344200000036,True,2,02_fixed_2500_ejection_on_off/runs.csv
Fixed iteration,Chao,Ejection ON,p7.2.p,3,2500,2500,976.0,1002.0,2.594810379241517,319.4151607140842,,10.036628500000006,True,2,02_fixed_2500_ejection_on_off/runs.csv
Fixed iteration,Chao,Ejection ON,p7.2.q,0,2500,2500,1020.0,1044.0,2.2988505747126435,339.6769820321062,,10.59873460000017,True,2,02_fixed_2500_ejection_on_off/runs.csv
Fixed iteration,Chao,Ejection ON,p7.2.q,1,2500,2500,1023.0,1044.0,2.0114942528735633,339.5761818153961,,10.474265800001376,True,2,02_fixed_2500_ejection_on_off/runs.csv
Fixed iteration,Chao,Ejection ON,p7.2.q,2,2500,2500,1020.0,1044.0,2.2988505747126435,339.7080687150403,,10.354966500000955,True,2,02_fixed_2500_ejection_on_off/runs.csv
Fixed iteration,Chao,Ejection ON,p7.2.q,3,2500,2500,1023.0,1044.0,2.0114942528735633,339.5761818153961,,10.595795199998976,True,2,02_fixed_2500_ejection_on_off/runs.csv
Fixed iteration,Chao,Ejection ON,p7.2.r,0,2500,2500,1042.0,1094.0,4.753199268738574,358.5109154743734,,9.849176700001408,True,2,02_fixed_2500_ejection_on_off/runs.csv
Fixed iteration,Chao,Ejection ON,p7.2.r,1,2500,2500,1038.0,1094.0,5.118829981718465,358.09438186589455,,10.516828199999509,True,2,02_fixed_2500_ejection_on_off/runs.csv
Fixed iteration,Chao,Ejection ON,p7.2.r,2,2500,2500,1038.0,1094.0,5.118829981718465,358.09438186589455,,10.36842919999981,True,2,02_fixed_2500_ejection_on_off/runs.csv
Fixed iteration,Chao,Ejection ON,p7.2.r,3,2500,2500,1085.0,1094.0,0.8226691042047533,358.80930907727657,,10.544792700000473,True,2,02_fixed_2500_ejection_on_off/runs.csv
Fixed iteration,Chao,Ejection ON,p7.2.s,0,2500,2500,1085.0,1136.0,4.48943661971831,378.1307273799701,,10.19226300000082,True,2,02_fixed_2500_ejection_on_off/runs.csv
Fixed iteration,Chao,Ejection ON,p7.2.s,1,2500,2500,1127.0,1136.0,0.7922535211267606,378.6481333988245,,10.40193939999881,True,2,02_fixed_2500_ejection_on_off/runs.csv
Fixed iteration,Chao,Ejection ON,p7.2.s,2,2500,2500,1136.0,1136.0,0.0,379.2882775863054,,10.297584299998562,True,2,02_fixed_2500_ejection_on_off/runs.csv
Fixed iteration,Chao,Ejection ON,p7.2.s,3,2500,2500,1084.0,1136.0,4.577464788732394,378.64513433296446,,11.543591899999228,True,2,02_fixed_2500_ejection_on_off/runs.csv
Fixed iteration,Chao,Ejection ON,p7.2.t,0,2500,2500,1125.0,1179.0,4.580152671755725,397.2010580975892,,10.256959899999856,True,2,02_fixed_2500_ejection_on_off/runs.csv
Fixed iteration,Chao,Ejection ON,p7.2.t,1,2500,2500,1156.0,1179.0,1.9508057675996606,398.1709617927699,,10.991629300000568,True,2,02_fixed_2500_ejection_on_off/runs.csv
Fixed iteration,Chao,Ejection ON,p7.2.t,2,2500,2500,1122.0,1179.0,4.8346055979643765,399.2119533292967,,11.35705600000074,True,2,02_fixed_2500_ejection_on_off/runs.csv
Fixed iteration,Chao,Ejection ON,p7.2.t,3,2500,2500,1126.0,1179.0,4.495335029686175,398.4122533119758,,10.768266799999765,True,2,02_fixed_2500_ejection_on_off/runs.csv
Fixed iteration,Chao,Ejection ON,p7.3.h,0,2500,2500,425.0,425.0,0.0,155.33992998874575,,3.677929800000129,True,2,02_fixed_2500_ejection_on_off/runs.csv
Fixed iteration,Chao,Ejection ON,p7.3.h,1,2500,2500,425.0,425.0,0.0,155.33992998874575,,3.5910768000012467,True,2,02_fixed_2500_ejection_on_off/runs.csv
Fixed iteration,Chao,Ejection ON,p7.3.h,2,2500,2500,425.0,425.0,0.0,155.33992998874575,,3.668249399999695,True,2,02_fixed_2500_ejection_on_off/runs.csv
Fixed iteration,Chao,Ejection ON,p7.3.h,3,2500,2500,425.0,425.0,0.0,155.33992998874575,,3.610875099999248,True,2,02_fixed_2500_ejection_on_off/runs.csv
Fixed iteration,Chao,Ejection ON,p7.3.i,0,2500,2500,487.0,487.0,0.0,177.8798069305671,,4.444623200000933,True,2,02_fixed_2500_ejection_on_off/runs.csv
Fixed iteration,Chao,Ejection ON,p7.3.i,1,2500,2500,484.0,487.0,0.6160164271047228,178.9968157464261,,4.398537499999293,True,2,02_fixed_2500_ejection_on_off/runs.csv
Fixed iteration,Chao,Ejection ON,p7.3.i,2,2500,2500,487.0,487.0,0.0,177.8798069305671,,4.394567900000766,True,2,02_fixed_2500_ejection_on_off/runs.csv
Fixed iteration,Chao,Ejection ON,p7.3.i,3,2500,2500,486.0,487.0,0.2053388090349076,177.5089514050699,,4.13004920000094,True,2,02_fixed_2500_ejection_on_off/runs.csv
Fixed iteration,Chao,Ejection ON,p7.3.j,0,2500,2500,560.0,564.0,0.7092198581560284,197.9984473229488,,4.886876600001415,True,2,02_fixed_2500_ejection_on_off/runs.csv
Fixed iteration,Chao,Ejection ON,p7.3.j,1,2500,2500,560.0,564.0,0.7092198581560284,197.35856934935651,,4.857888800001092,True,2,02_fixed_2500_ejection_on_off/runs.csv
Fixed iteration,Chao,Ejection ON,p7.3.j,2,2500,2500,560.0,564.0,0.7092198581560284,197.9984473229488,,5.001589500001501,True,2,02_fixed_2500_ejection_on_off/runs.csv
Fixed iteration,Chao,Ejection ON,p7.3.j,3,2500,2500,560.0,564.0,0.7092198581560284,197.9984473229488,,4.893968099999256,True,2,02_fixed_2500_ejection_on_off/runs.csv
Fixed iteration,Chao,Ejection ON,p7.3.k,0,2500,2500,632.0,633.0,0.1579778830963665,217.2240789917358,,6.234871599999678,True,2,02_fixed_2500_ejection_on_off/runs.csv
Fixed iteration,Chao,Ejection ON,p7.3.k,1,2500,2500,632.0,633.0,0.1579778830963665,217.2240789917358,,6.307350000000952,True,2,02_fixed_2500_ejection_on_off/runs.csv
Fixed iteration,Chao,Ejection ON,p7.3.k,2,2500,2500,628.0,633.0,0.7898894154818326,217.8270781682865,,6.453886100000091,True,2,02_fixed_2500_ejection_on_off/runs.csv
Fixed iteration,Chao,Ejection ON,p7.3.k,3,2500,2500,633.0,633.0,0.0,217.9935387156968,,6.059484499999599,True,2,02_fixed_2500_ejection_on_off/runs.csv
Fixed iteration,Chao,Ejection ON,p7.3.l,0,2500,2500,684.0,684.0,0.0,235.4293364614576,,6.460718500000439,True,2,02_fixed_2500_ejection_on_off/runs.csv
Fixed iteration,Chao,Ejection ON,p7.3.l,1,2500,2500,683.0,684.0,0.14619883040935672,235.39098119344965,,6.621107299999494,True,2,02_fixed_2500_ejection_on_off/runs.csv
Fixed iteration,Chao,Ejection ON,p7.3.l,2,2500,2500,682.0,684.0,0.29239766081871343,237.41310263418035,,6.310664500000712,True,2,02_fixed_2500_ejection_on_off/runs.csv
Fixed iteration,Chao,Ejection ON,p7.3.l,3,2500,2500,683.0,684.0,0.14619883040935672,235.39098119344965,,6.564523500001087,True,2,02_fixed_2500_ejection_on_off/runs.csv
Fixed iteration,Chao,Ejection ON,p7.3.m,0,2500,2500,762.0,762.0,0.0,258.91082424411934,,6.318887399998857,True,2,02_fixed_2500_ejection_on_off/runs.csv
Fixed iteration,Chao,Ejection ON,p7.3.m,1,2500,2500,762.0,762.0,0.0,258.91082424411934,,6.335407399999895,True,2,02_fixed_2500_ejection_on_off/runs.csv
Fixed iteration,Chao,Ejection ON,p7.3.m,2,2500,2500,762.0,762.0,0.0,258.91082424411934,,6.534451300000001,True,2,02_fixed_2500_ejection_on_off/runs.csv
Fixed iteration,Chao,Ejection ON,p7.3.m,3,2500,2500,762.0,762.0,0.0,258.91082424411934,,6.076821099999506,True,2,02_fixed_2500_ejection_on_off/runs.csv
Fixed iteration,Chao,Ejection ON,p7.3.n,0,2500,2500,804.0,820.0,1.951219512195122,277.82915624684864,,6.900885000000926,True,2,02_fixed_2500_ejection_on_off/runs.csv
Fixed iteration,Chao,Ejection ON,p7.3.n,1,2500,2500,804.0,820.0,1.951219512195122,277.82915624684864,,6.917302799998652,True,2,02_fixed_2500_ejection_on_off/runs.csv
Fixed iteration,Chao,Ejection ON,p7.3.n,2,2500,2500,794.0,820.0,3.1707317073170733,278.3750850910702,,6.958364199999778,True,2,02_fixed_2500_ejection_on_off/runs.csv
Fixed iteration,Chao,Ejection ON,p7.3.n,3,2500,2500,803.0,820.0,2.073170731707317,276.6702310329853,,7.039520399999674,True,2,02_fixed_2500_ejection_on_off/runs.csv
Fixed iteration,Chao,Ejection ON,p7.3.o,0,2500,2500,859.0,874.0,1.7162471395881007,298.6770485985936,,6.989371499999834,True,2,02_fixed_2500_ejection_on_off/runs.csv
Fixed iteration,Chao,Ejection ON,p7.3.o,1,2500,2500,859.0,874.0,1.7162471395881007,297.10905708955363,,7.197249499999089,True,2,02_fixed_2500_ejection_on_off/runs.csv
Fixed iteration,Chao,Ejection ON,p7.3.o,2,2500,2500,859.0,874.0,1.7162471395881007,299.3169265721859,,6.935635399999228,True,2,02_fixed_2500_ejection_on_off/runs.csv
Fixed iteration,Chao,Ejection ON,p7.3.o,3,2500,2500,859.0,874.0,1.7162471395881007,297.10905708955363,,6.936407600000166,True,2,02_fixed_2500_ejection_on_off/runs.csv
Fixed iteration,Chao,Ejection ON,p7.3.p,0,2500,2500,919.0,929.0,1.0764262648008611,319.039167859304,,6.8077322999997705,True,2,02_fixed_2500_ejection_on_off/runs.csv
Fixed iteration,Chao,Ejection ON,p7.3.p,1,2500,2500,918.0,929.0,1.1840688912809472,319.0553523302561,,7.402524099999937,True,2,02_fixed_2500_ejection_on_off/runs.csv
Fixed iteration,Chao,Ejection ON,p7.3.p,2,2500,2500,918.0,929.0,1.1840688912809472,317.50570885152507,,7.482141599999522,True,2,02_fixed_2500_ejection_on_off/runs.csv
Fixed iteration,Chao,Ejection ON,p7.3.p,3,2500,2500,922.0,929.0,0.7534983853606028,316.594058011,,7.865758200001437,True,2,02_fixed_2500_ejection_on_off/runs.csv
Fixed iteration,Chao,Ejection ON,p7.3.q,0,2500,2500,971.0,987.0,1.6210739614994933,337.5275311383062,,7.589357799999561,True,2,02_fixed_2500_ejection_on_off/runs.csv
Fixed iteration,Chao,Ejection ON,p7.3.q,1,2500,2500,971.0,987.0,1.6210739614994933,337.8764169097558,,8.002739100000326,True,2,02_fixed_2500_ejection_on_off/runs.csv
Fixed iteration,Chao,Ejection ON,p7.3.q,2,2500,2500,971.0,987.0,1.6210739614994933,337.8764169097558,,7.765735399998448,True,2,02_fixed_2500_ejection_on_off/runs.csv
Fixed iteration,Chao,Ejection ON,p7.3.q,3,2500,2500,971.0,987.0,1.6210739614994933,336.91385827066654,,7.616741100000581,True,2,02_fixed_2500_ejection_on_off/runs.csv
Fixed iteration,Chao,Ejection ON,p7.3.r,0,2500,2500,1023.0,1026.0,0.29239766081871343,359.299948284185,,8.490000200001305,True,2,02_fixed_2500_ejection_on_off/runs.csv
Fixed iteration,Chao,Ejection ON,p7.3.r,1,2500,2500,1020.0,1026.0,0.5847953216374269,357.9149463885896,,8.626290500000323,True,2,02_fixed_2500_ejection_on_off/runs.csv
Fixed iteration,Chao,Ejection ON,p7.3.r,2,2500,2500,1021.0,1026.0,0.4873294346978557,358.6328015688757,,7.93633090000003,True,2,02_fixed_2500_ejection_on_off/runs.csv
Fixed iteration,Chao,Ejection ON,p7.3.r,3,2500,2500,1009.0,1026.0,1.6569200779727096,358.3270578736043,,8.02713969999968,True,2,02_fixed_2500_ejection_on_off/runs.csv
Fixed iteration,Chao,Ejection ON,p7.3.s,0,2500,2500,1057.0,1081.0,2.2201665124884364,377.6464348422713,,8.94190189999972,True,2,02_fixed_2500_ejection_on_off/runs.csv
Fixed iteration,Chao,Ejection ON,p7.3.s,1,2500,2500,1012.0,1081.0,6.382978723404255,377.580823106416,,8.658241300001464,True,2,02_fixed_2500_ejection_on_off/runs.csv
Fixed iteration,Chao,Ejection ON,p7.3.s,2,2500,2500,1057.0,1081.0,2.2201665124884364,377.6464348422713,,9.168214000001171,True,2,02_fixed_2500_ejection_on_off/runs.csv
Fixed iteration,Chao,Ejection ON,p7.3.s,3,2500,2500,1079.0,1081.0,0.18501387604070305,377.5469044985385,,8.81953009999961,True,2,02_fixed_2500_ejection_on_off/runs.csv
Fixed iteration,Chao,Ejection ON,p7.3.t,0,2500,2500,1115.0,1120.0,0.44642857142857145,398.3855324930678,,8.940161599999556,True,2,02_fixed_2500_ejection_on_off/runs.csv
Fixed iteration,Chao,Ejection ON,p7.3.t,1,2500,2500,1112.0,1120.0,0.7142857142857143,397.6157982503752,,8.8908193999996,True,2,02_fixed_2500_ejection_on_off/runs.csv
Fixed iteration,Chao,Ejection ON,p7.3.t,2,2500,2500,1118.0,1120.0,0.17857142857142858,397.3546555116928,,8.756077600000935,True,2,02_fixed_2500_ejection_on_off/runs.csv
Fixed iteration,Chao,Ejection ON,p7.3.t,3,2500,2500,1054.0,1120.0,5.892857142857143,396.5339798094415,,10.212511299998368,True,2,02_fixed_2500_ejection_on_off/runs.csv
Fixed iteration,Chao,Ejection ON,p7.4.g,0,2500,2500,217.0,217.0,0.0,131.83781040222212,,2.2381315999991784,True,2,02_fixed_2500_ejection_on_off/runs.csv
Fixed iteration,Chao,Ejection ON,p7.4.g,1,2500,2500,217.0,217.0,0.0,131.83781040222212,,2.2087618000005023,True,2,02_fixed_2500_ejection_on_off/runs.csv
Fixed iteration,Chao,Ejection ON,p7.4.g,2,2500,2500,217.0,217.0,0.0,131.83781040222212,,2.225104899998769,True,2,02_fixed_2500_ejection_on_off/runs.csv
Fixed iteration,Chao,Ejection ON,p7.4.g,3,2500,2500,217.0,217.0,0.0,131.83781040222212,,2.2496108999985154,True,2,02_fixed_2500_ejection_on_off/runs.csv
Fixed iteration,Chao,Ejection ON,p7.4.h,0,2500,2500,285.0,285.0,0.0,152.1288982683614,,2.6992886000007275,True,2,02_fixed_2500_ejection_on_off/runs.csv
Fixed iteration,Chao,Ejection ON,p7.4.h,1,2500,2500,285.0,285.0,0.0,152.1288982683614,,2.704772700000831,True,2,02_fixed_2500_ejection_on_off/runs.csv
Fixed iteration,Chao,Ejection ON,p7.4.h,2,2500,2500,285.0,285.0,0.0,152.1288982683614,,2.722061500000564,True,2,02_fixed_2500_ejection_on_off/runs.csv
Fixed iteration,Chao,Ejection ON,p7.4.h,3,2500,2500,285.0,285.0,0.0,152.1288982683614,,2.721854599998551,True,2,02_fixed_2500_ejection_on_off/runs.csv
Fixed iteration,Chao,Ejection ON,p7.4.i,0,2500,2500,366.0,366.0,0.0,176.48562670127455,,3.1897068999987823,True,2,02_fixed_2500_ejection_on_off/runs.csv
Fixed iteration,Chao,Ejection ON,p7.4.i,1,2500,2500,366.0,366.0,0.0,176.48562670127455,,3.133028000000195,True,2,02_fixed_2500_ejection_on_off/runs.csv
Fixed iteration,Chao,Ejection ON,p7.4.i,2,2500,2500,366.0,366.0,0.0,176.48562670127455,,3.247530300001017,True,2,02_fixed_2500_ejection_on_off/runs.csv
Fixed iteration,Chao,Ejection ON,p7.4.i,3,2500,2500,366.0,366.0,0.0,176.48562670127455,,3.1717814000003277,True,2,02_fixed_2500_ejection_on_off/runs.csv
Fixed iteration,Chao,Ejection ON,p7.4.k,0,2500,2500,518.0,520.0,0.38461538461538464,215.4860999404388,,5.025413899998966,True,2,02_fixed_2500_ejection_on_off/runs.csv
Fixed iteration,Chao,Ejection ON,p7.4.k,1,2500,2500,518.0,520.0,0.38461538461538464,215.4860999404388,,4.791741999999431,True,2,02_fixed_2500_ejection_on_off/runs.csv
Fixed iteration,Chao,Ejection ON,p7.4.k,2,2500,2500,518.0,520.0,0.38461538461538464,215.4860999404388,,4.813769099999263,True,2,02_fixed_2500_ejection_on_off/runs.csv
Fixed iteration,Chao,Ejection ON,p7.4.k,3,2500,2500,518.0,520.0,0.38461538461538464,215.4860999404388,,4.743136799999775,True,2,02_fixed_2500_ejection_on_off/runs.csv
Fixed iteration,Chao,Ejection ON,p7.4.l,0,2500,2500,577.0,590.0,2.2033898305084745,236.4471573579017,,5.219347399999606,True,2,02_fixed_2500_ejection_on_off/runs.csv
Fixed iteration,Chao,Ejection ON,p7.4.l,1,2500,2500,577.0,590.0,2.2033898305084745,236.4471573579017,,5.214789999999994,True,2,02_fixed_2500_ejection_on_off/runs.csv
Fixed iteration,Chao,Ejection ON,p7.4.l,2,2500,2500,577.0,590.0,2.2033898305084745,236.4471573579017,,5.127708100000746,True,2,02_fixed_2500_ejection_on_off/runs.csv
Fixed iteration,Chao,Ejection ON,p7.4.l,3,2500,2500,577.0,590.0,2.2033898305084745,235.9153539247308,,4.865453200000047,True,2,02_fixed_2500_ejection_on_off/runs.csv
Fixed iteration,Chao,Ejection ON,p7.4.m,0,2500,2500,646.0,646.0,0.0,252.5118941169985,,5.6395056000001205,True,2,02_fixed_2500_ejection_on_off/runs.csv
Fixed iteration,Chao,Ejection ON,p7.4.m,1,2500,2500,646.0,646.0,0.0,252.5118941169985,,5.797596999998859,True,2,02_fixed_2500_ejection_on_off/runs.csv
Fixed iteration,Chao,Ejection ON,p7.4.m,2,2500,2500,646.0,646.0,0.0,252.5118941169985,,5.785859099998561,True,2,02_fixed_2500_ejection_on_off/runs.csv
Fixed iteration,Chao,Ejection ON,p7.4.m,3,2500,2500,646.0,646.0,0.0,252.5118941169985,,5.4663401000016165,True,2,02_fixed_2500_ejection_on_off/runs.csv
Fixed iteration,Chao,Ejection ON,p7.4.n,0,2500,2500,726.0,730.0,0.547945205479452,278.5165567932532,,6.802662000000055,True,2,02_fixed_2500_ejection_on_off/runs.csv
Fixed iteration,Chao,Ejection ON,p7.4.n,1,2500,2500,726.0,730.0,0.547945205479452,278.5165567932532,,6.867990599999757,True,2,02_fixed_2500_ejection_on_off/runs.csv
Fixed iteration,Chao,Ejection ON,p7.4.n,2,2500,2500,726.0,730.0,0.547945205479452,278.5165567932532,,6.889644999999291,True,2,02_fixed_2500_ejection_on_off/runs.csv
Fixed iteration,Chao,Ejection ON,p7.4.n,3,2500,2500,726.0,730.0,0.547945205479452,278.5165567932532,,6.407232700001259,True,2,02_fixed_2500_ejection_on_off/runs.csv
Fixed iteration,Chao,Ejection ON,p7.4.o,0,2500,2500,781.0,781.0,0.0,295.5151929989738,,6.807586499999161,True,2,02_fixed_2500_ejection_on_off/runs.csv
Fixed iteration,Chao,Ejection ON,p7.4.o,1,2500,2500,781.0,781.0,0.0,295.5151929989738,,6.794384499999069,True,2,02_fixed_2500_ejection_on_off/runs.csv
Fixed iteration,Chao,Ejection ON,p7.4.o,2,2500,2500,781.0,781.0,0.0,295.5151929989738,,6.980405899999823,True,2,02_fixed_2500_ejection_on_off/runs.csv
Fixed iteration,Chao,Ejection ON,p7.4.o,3,2500,2500,781.0,781.0,0.0,295.5151929989738,,6.655440800001088,True,2,02_fixed_2500_ejection_on_off/runs.csv
Fixed iteration,Chao,Ejection ON,p7.4.p,0,2500,2500,840.0,846.0,0.7092198581560284,314.5109807982733,,7.207334500000798,True,2,02_fixed_2500_ejection_on_off/runs.csv
Fixed iteration,Chao,Ejection ON,p7.4.p,1,2500,2500,846.0,846.0,0.0,314.0214253123023,,6.902962200001639,True,2,02_fixed_2500_ejection_on_off/runs.csv
Fixed iteration,Chao,Ejection ON,p7.4.p,2,2500,2500,839.0,846.0,0.8274231678486997,317.55444720441506,,7.205134300000282,True,2,02_fixed_2500_ejection_on_off/runs.csv
Fixed iteration,Chao,Ejection ON,p7.4.p,3,2500,2500,842.0,846.0,0.4728132387706856,314.22413982303533,,7.315415600000051,True,2,02_fixed_2500_ejection_on_off/runs.csv
Fixed iteration,Chao,Ejection ON,p7.4.q,0,2500,2500,907.0,909.0,0.22002200220022003,333.3452150874157,,7.701812700001028,True,2,02_fixed_2500_ejection_on_off/runs.csv
Fixed iteration,Chao,Ejection ON,p7.4.q,1,2500,2500,897.0,909.0,1.3201320132013201,337.13574989246405,,7.604083500000343,True,2,02_fixed_2500_ejection_on_off/runs.csv
Fixed iteration,Chao,Ejection ON,p7.4.q,2,2500,2500,909.0,909.0,0.0,335.2712450025707,,7.60348840000006,True,2,02_fixed_2500_ejection_on_off/runs.csv
Fixed iteration,Chao,Ejection ON,p7.4.q,3,2500,2500,908.0,909.0,0.11001100110011001,335.63846000661005,,7.487141100000372,True,2,02_fixed_2500_ejection_on_off/runs.csv
Fixed iteration,Chao,Ejection ON,p7.4.r,0,2500,2500,970.0,970.0,0.0,355.9297874080087,,7.446989899999608,True,2,02_fixed_2500_ejection_on_off/runs.csv
Fixed iteration,Chao,Ejection ON,p7.4.r,1,2500,2500,970.0,970.0,0.0,355.9297874080087,,7.446388899999874,True,2,02_fixed_2500_ejection_on_off/runs.csv
Fixed iteration,Chao,Ejection ON,p7.4.r,2,2500,2500,967.0,970.0,0.30927835051546393,355.732694737434,,7.520728400000735,True,2,02_fixed_2500_ejection_on_off/runs.csv
Fixed iteration,Chao,Ejection ON,p7.4.r,3,2500,2500,967.0,970.0,0.30927835051546393,355.732694737434,,7.441368899999361,True,2,02_fixed_2500_ejection_on_off/runs.csv
Fixed iteration,Chao,Ejection ON,p7.4.s,0,2500,2500,1022.0,1022.0,0.0,376.4270921184427,,7.495400799998606,True,2,02_fixed_2500_ejection_on_off/runs.csv
Fixed iteration,Chao,Ejection ON,p7.4.s,1,2500,2500,1022.0,1022.0,0.0,376.4270921184427,,7.844636399999217,True,2,02_fixed_2500_ejection_on_off/runs.csv
Fixed iteration,Chao,Ejection ON,p7.4.s,2,2500,2500,1022.0,1022.0,0.0,376.4270921184427,,7.615955699999176,True,2,02_fixed_2500_ejection_on_off/runs.csv
Fixed iteration,Chao,Ejection ON,p7.4.s,3,2500,2500,1022.0,1022.0,0.0,376.4270921184427,,7.470056599999225,True,2,02_fixed_2500_ejection_on_off/runs.csv
Fixed iteration,Chao,Ejection ON,p7.4.t,0,2500,2500,1077.0,1077.0,0.0,397.9320247995422,,7.673512899998968,True,2,02_fixed_2500_ejection_on_off/runs.csv
Fixed iteration,Chao,Ejection ON,p7.4.t,1,2500,2500,1077.0,1077.0,0.0,398.57190277313447,,7.852991899999324,True,2,02_fixed_2500_ejection_on_off/runs.csv
Fixed iteration,Chao,Ejection ON,p7.4.t,2,2500,2500,1077.0,1077.0,0.0,397.9320247995422,,7.727876699998887,True,2,02_fixed_2500_ejection_on_off/runs.csv
Fixed iteration,Chao,Ejection ON,p7.4.t,3,2500,2500,1077.0,1077.0,0.0,397.9320247995422,,7.695073900000352,True,2,02_fixed_2500_ejection_on_off/runs.csv
Fixed iteration,Chao,GRASP,p4.2.a,0,2500,2500,206.0,206.0,0.0,49.62527483598225,10,0.3000963999984378,True,2,03_fixed_2500_baselines/raw_runs.csv
Fixed iteration,Chao,GRASP,p4.2.a,1,2500,2500,202.0,206.0,1.941747572815534,49.46734694082221,11,0.298429299999043,True,2,03_fixed_2500_baselines/raw_runs.csv
Fixed iteration,Chao,GRASP,p4.2.a,2,2500,2500,202.0,206.0,1.941747572815534,49.46734694082221,11,0.2946632999992289,True,2,03_fixed_2500_baselines/raw_runs.csv
Fixed iteration,Chao,GRASP,p4.2.a,3,2500,2500,202.0,206.0,1.941747572815534,49.46734694082221,11,0.2896474999997735,True,2,03_fixed_2500_baselines/raw_runs.csv
Fixed iteration,Chao,GRASP,p4.2.b,0,2500,2500,323.0,341.0,5.278592375366569,58.3946126674837,20,0.3362852999998722,True,2,03_fixed_2500_baselines/raw_runs.csv
Fixed iteration,Chao,GRASP,p4.2.b,1,2500,2500,321.0,341.0,5.865102639296188,58.64705249311645,19,0.3410370000001421,True,2,03_fixed_2500_baselines/raw_runs.csv
Fixed iteration,Chao,GRASP,p4.2.b,2,2500,2500,321.0,341.0,5.865102639296188,58.64705249311645,19,0.3396952000002784,True,2,03_fixed_2500_baselines/raw_runs.csv
Fixed iteration,Chao,GRASP,p4.2.b,3,2500,2500,318.0,341.0,6.744868035190616,58.7572756216582,19,0.3432028000006539,True,2,03_fixed_2500_baselines/raw_runs.csv
Fixed iteration,Chao,GRASP,p4.2.c,0,2500,2500,412.0,452.0,8.849557522123893,69.33510934972622,27,0.3850998999987496,True,2,03_fixed_2500_baselines/raw_runs.csv
Fixed iteration,Chao,GRASP,p4.2.c,1,2500,2500,412.0,452.0,8.849557522123893,69.39535068236674,27,0.3787058999987494,True,2,03_fixed_2500_baselines/raw_runs.csv
Fixed iteration,Chao,GRASP,p4.2.c,2,2500,2500,399.0,452.0,11.725663716814159,69.87239954784653,22,0.3781367999999929,True,2,03_fixed_2500_baselines/raw_runs.csv
Fixed iteration,Chao,GRASP,p4.2.c,3,2500,2500,432.0,452.0,4.424778761061947,69.84717293261758,27,0.3902407000005041,True,2,03_fixed_2500_baselines/raw_runs.csv
Fixed iteration,Chao,GRASP,p4.2.d,0,2500,2500,491.0,531.0,7.532956685499058,78.87443548572676,29,0.4494097999995574,True,2,03_fixed_2500_baselines/raw_runs.csv
Fixed iteration,Chao,GRASP,p4.2.d,1,2500,2500,481.0,531.0,9.416195856873824,78.47959975852379,33,0.4440267999998468,True,2,03_fixed_2500_baselines/raw_runs.csv
Fixed iteration,Chao,GRASP,p4.2.d,2,2500,2500,480.0,531.0,9.6045197740113,79.7743444212935,30,0.4332420999999158,True,2,03_fixed_2500_baselines/raw_runs.csv
Fixed iteration,Chao,GRASP,p4.2.d,3,2500,2500,482.0,531.0,9.227871939736346,78.95193081799269,34,0.4379523999996308,True,2,03_fixed_2500_baselines/raw_runs.csv
Fixed iteration,Chao,GRASP,p4.2.e,0,2500,2500,547.0,618.0,11.488673139158577,87.96441600622015,36,0.4888792000001558,True,2,03_fixed_2500_baselines/raw_runs.csv
Fixed iteration,Chao,GRASP,p4.2.e,1,2500,2500,541.0,618.0,12.459546925566343,88.44440571054326,34,0.4850133999989339,True,2,03_fixed_2500_baselines/raw_runs.csv
Fixed iteration,Chao,GRASP,p4.2.e,2,2500,2500,557.0,618.0,9.870550161812298,88.50902497357514,34,0.4900997000004281,True,2,03_fixed_2500_baselines/raw_runs.csv
Fixed iteration,Chao,GRASP,p4.2.e,3,2500,2500,560.0,618.0,9.385113268608414,88.7373355030899,39,0.4931984000013472,True,2,03_fixed_2500_baselines/raw_runs.csv
Fixed iteration,Chao,GRASP,p4.2.f,0,2500,2500,611.0,687.0,11.06259097525473,98.84451297626732,40,0.559869400000025,True,2,03_fixed_2500_baselines/raw_runs.csv
Fixed iteration,Chao,GRASP,p4.2.f,1,2500,2500,624.0,687.0,9.170305676855895,98.58942384655128,42,0.5721721999998408,True,2,03_fixed_2500_baselines/raw_runs.csv
Fixed iteration,Chao,GRASP,p4.2.f,2,2500,2500,615.0,687.0,10.480349344978166,98.69188683628474,41,0.56486330000007,True,2,03_fixed_2500_baselines/raw_runs.csv
Fixed iteration,Chao,GRASP,p4.2.f,3,2500,2500,627.0,687.0,8.733624454148472,98.8594767639392,42,0.5808574000002409,True,2,03_fixed_2500_baselines/raw_runs.csv
Fixed iteration,Chao,GRASP,p4.2.g,0,2500,2500,671.0,757.0,11.360634081902246,105.96448930796991,47,0.6194746999990457,True,2,03_fixed_2500_baselines/raw_runs.csv
Fixed iteration,Chao,GRASP,p4.2.g,1,2500,2500,679.0,757.0,10.303830911492735,107.9698806516437,45,0.616353600000366,True,2,03_fixed_2500_baselines/raw_runs.csv
Fixed iteration,Chao,GRASP,p4.2.g,2,2500,2500,678.0,757.0,10.435931307793924,108.05957877422472,44,0.5994355999991967,True,2,03_fixed_2500_baselines/raw_runs.csv
Fixed iteration,Chao,GRASP,p4.2.g,3,2500,2500,680.0,757.0,10.171730515191545,107.28185552393656,48,0.5976090999993176,True,2,03_fixed_2500_baselines/raw_runs.csv
Fixed iteration,Chao,GRASP,p4.2.h,0,2500,2500,728.0,835.0,12.81437125748503,118.55759814617169,50,0.6682817000000796,True,2,03_fixed_2500_baselines/raw_runs.csv
Fixed iteration,Chao,GRASP,p4.2.h,1,2500,2500,727.0,835.0,12.934131736526947,118.20945206351055,49,0.6715727999999217,True,2,03_fixed_2500_baselines/raw_runs.csv
Fixed iteration,Chao,GRASP,p4.2.h,2,2500,2500,721.0,835.0,13.652694610778443,118.45130313185749,48,0.6536317999998573,True,2,03_fixed_2500_baselines/raw_runs.csv
Fixed iteration,Chao,GRASP,p4.2.h,3,2500,2500,709.0,835.0,15.089820359281438,116.95152174090389,46,0.664527499999167,True,2,03_fixed_2500_baselines/raw_runs.csv
Fixed iteration,Chao,GRASP,p4.2.i,0,2500,2500,782.0,918.0,14.814814814814815,128.30148428314675,48,0.7243020999994769,True,2,03_fixed_2500_baselines/raw_runs.csv
Fixed iteration,Chao,GRASP,p4.2.i,1,2500,2500,778.0,918.0,15.250544662309368,127.45189479137088,56,0.7178801999998541,True,2,03_fixed_2500_baselines/raw_runs.csv
Fixed iteration,Chao,GRASP,p4.2.i,2,2500,2500,771.0,918.0,16.013071895424837,126.88155303645873,53,0.7228201999987505,True,2,03_fixed_2500_baselines/raw_runs.csv
Fixed iteration,Chao,GRASP,p4.2.i,3,2500,2500,765.0,918.0,16.666666666666668,127.40762654776285,54,0.7346569999990606,True,2,03_fixed_2500_baselines/raw_runs.csv
Fixed iteration,Chao,GRASP,p4.2.j,0,2500,2500,808.0,965.0,16.269430051813472,136.66668338568348,54,0.7850108000002365,True,2,03_fixed_2500_baselines/raw_runs.csv
Fixed iteration,Chao,GRASP,p4.2.j,1,2500,2500,857.0,965.0,11.191709844559586,137.82759163986574,54,0.7854947000014363,True,2,03_fixed_2500_baselines/raw_runs.csv
Fixed iteration,Chao,GRASP,p4.2.j,2,2500,2500,836.0,965.0,13.367875647668393,138.52821393043786,56,0.7926155000004655,True,2,03_fixed_2500_baselines/raw_runs.csv
Fixed iteration,Chao,GRASP,p4.2.j,3,2500,2500,856.0,965.0,11.295336787564766,137.23784701979983,58,0.7908943000002182,True,2,03_fixed_2500_baselines/raw_runs.csv
Fixed iteration,Chao,GRASP,p4.2.k,0,2500,2500,910.0,1022.0,10.95890410958904,147.00055465159582,59,0.8139121999993222,True,2,03_fixed_2500_baselines/raw_runs.csv
Fixed iteration,Chao,GRASP,p4.2.k,1,2500,2500,867.0,1022.0,15.166340508806263,148.48605426546408,62,0.8119133000000147,True,2,03_fixed_2500_baselines/raw_runs.csv
Fixed iteration,Chao,GRASP,p4.2.k,2,2500,2500,912.0,1022.0,10.76320939334638,146.88413192941653,61,0.8165202000000136,True,2,03_fixed_2500_baselines/raw_runs.csv
Fixed iteration,Chao,GRASP,p4.2.k,3,2500,2500,869.0,1022.0,14.970645792563602,145.40433750272783,56,0.8160258999996586,True,2,03_fixed_2500_baselines/raw_runs.csv
Fixed iteration,Chao,GRASP,p4.2.l,0,2500,2500,940.0,1074.0,12.476722532588454,157.91248398338638,61,0.8794491999997263,True,2,03_fixed_2500_baselines/raw_runs.csv
Fixed iteration,Chao,GRASP,p4.2.l,1,2500,2500,914.0,1074.0,14.8975791433892,157.24171687571942,64,0.9049084999987826,True,2,03_fixed_2500_baselines/raw_runs.csv
Fixed iteration,Chao,GRASP,p4.2.l,2,2500,2500,961.0,1074.0,10.521415270018622,158.2257882474185,61,0.8899268000004668,True,2,03_fixed_2500_baselines/raw_runs.csv
Fixed iteration,Chao,GRASP,p4.2.l,3,2500,2500,922.0,1074.0,14.15270018621974,158.52364992778283,63,0.8771481000003405,True,2,03_fixed_2500_baselines/raw_runs.csv
Fixed iteration,Chao,GRASP,p4.2.m,0,2500,2500,1004.0,1132.0,11.307420494699647,168.73841909222187,69,0.9361746999984462,True,2,03_fixed_2500_baselines/raw_runs.csv
Fixed iteration,Chao,GRASP,p4.2.m,1,2500,2500,981.0,1132.0,13.33922261484099,168.62010196138334,66,0.9368739999990794,True,2,03_fixed_2500_baselines/raw_runs.csv
Fixed iteration,Chao,GRASP,p4.2.m,2,2500,2500,971.0,1132.0,14.222614840989399,167.52112436295874,64,0.9349806999998692,True,2,03_fixed_2500_baselines/raw_runs.csv
Fixed iteration,Chao,GRASP,p4.2.m,3,2500,2500,1013.0,1132.0,10.512367491166078,168.13505225921622,68,0.9281767000011314,True,2,03_fixed_2500_baselines/raw_runs.csv
Fixed iteration,Chao,GRASP,p4.2.n,0,2500,2500,1039.0,1174.0,11.499148211243611,176.05167098998805,71,0.9877513999999792,True,2,03_fixed_2500_baselines/raw_runs.csv
Fixed iteration,Chao,GRASP,p4.2.n,1,2500,2500,1038.0,1174.0,11.584327086882453,175.2700584636657,70,0.9816262999993342,True,2,03_fixed_2500_baselines/raw_runs.csv
Fixed iteration,Chao,GRASP,p4.2.n,2,2500,2500,1045.0,1174.0,10.988074957410563,177.97283655269504,68,0.9770418999996764,True,2,03_fixed_2500_baselines/raw_runs.csv
Fixed iteration,Chao,GRASP,p4.2.n,3,2500,2500,1019.0,1174.0,13.202725724020443,175.06115812171498,71,0.987719200000356,True,2,03_fixed_2500_baselines/raw_runs.csv
Fixed iteration,Chao,GRASP,p4.2.o,0,2500,2500,1076.0,1218.0,11.658456486042693,187.43696377628237,72,1.0308082999999897,True,2,03_fixed_2500_baselines/raw_runs.csv
Fixed iteration,Chao,GRASP,p4.2.o,1,2500,2500,1071.0,1218.0,12.068965517241379,185.65295554509956,76,1.0343361000013829,True,2,03_fixed_2500_baselines/raw_runs.csv
Fixed iteration,Chao,GRASP,p4.2.o,2,2500,2500,1060.0,1218.0,12.97208538587849,185.42620234904933,76,1.027219999999943,True,2,03_fixed_2500_baselines/raw_runs.csv
Fixed iteration,Chao,GRASP,p4.2.o,3,2500,2500,1061.0,1218.0,12.889983579638752,184.56987600769423,72,1.029003300000113,True,2,03_fixed_2500_baselines/raw_runs.csv
Fixed iteration,Chao,GRASP,p4.2.p,0,2500,2500,1140.0,1242.0,8.21256038647343,196.67094199823453,78,1.0904549000006227,True,2,03_fixed_2500_baselines/raw_runs.csv
Fixed iteration,Chao,GRASP,p4.2.p,1,2500,2500,1127.0,1242.0,9.25925925925926,196.9454222454489,76,1.0968150999997306,True,2,03_fixed_2500_baselines/raw_runs.csv
Fixed iteration,Chao,GRASP,p4.2.p,2,2500,2500,1122.0,1242.0,9.66183574879227,197.25461525907303,78,1.0836405999998533,True,2,03_fixed_2500_baselines/raw_runs.csv
Fixed iteration,Chao,GRASP,p4.2.p,3,2500,2500,1114.0,1242.0,10.305958132045088,195.1827850941032,77,1.079755299999306,True,2,03_fixed_2500_baselines/raw_runs.csv
Fixed iteration,Chao,GRASP,p4.2.q,0,2500,2500,1158.0,1268.0,8.675078864353312,208.26339696259072,81,1.1251650000012887,True,2,03_fixed_2500_baselines/raw_runs.csv
Fixed iteration,Chao,GRASP,p4.2.q,1,2500,2500,1167.0,1268.0,7.965299684542587,207.97050027956584,80,1.1203347999999096,True,2,03_fixed_2500_baselines/raw_runs.csv
Fixed iteration,Chao,GRASP,p4.2.q,2,2500,2500,1157.0,1268.0,8.753943217665615,205.4636895833717,80,1.1140064999999597,True,2,03_fixed_2500_baselines/raw_runs.csv
Fixed iteration,Chao,GRASP,p4.2.q,3,2500,2500,1169.0,1268.0,7.807570977917981,206.60694448576533,82,1.123330000000351,True,2,03_fixed_2500_baselines/raw_runs.csv
Fixed iteration,Chao,GRASP,p4.2.r,0,2500,2500,1163.0,1292.0,9.98452012383901,215.4032193184335,83,1.167912899998555,True,2,03_fixed_2500_baselines/raw_runs.csv
Fixed iteration,Chao,GRASP,p4.2.r,1,2500,2500,1199.0,1292.0,7.198142414860681,215.24491897802383,87,1.1670448999993823,True,2,03_fixed_2500_baselines/raw_runs.csv
Fixed iteration,Chao,GRASP,p4.2.r,2,2500,2500,1179.0,1292.0,8.746130030959753,215.1441080657234,84,1.1709580999995524,True,2,03_fixed_2500_baselines/raw_runs.csv
Fixed iteration,Chao,GRASP,p4.2.r,3,2500,2500,1189.0,1292.0,7.972136222910216,217.58549743767296,84,1.1802883000000293,True,2,03_fixed_2500_baselines/raw_runs.csv
Fixed iteration,Chao,GRASP,p4.2.s,0,2500,2500,1218.0,1304.0,6.595092024539877,223.9569442483742,85,1.2069523000009212,True,2,03_fixed_2500_baselines/raw_runs.csv
Fixed iteration,Chao,GRASP,p4.2.s,1,2500,2500,1254.0,1304.0,3.834355828220859,223.3317081855924,88,1.2017594999997527,True,2,03_fixed_2500_baselines/raw_runs.csv
Fixed iteration,Chao,GRASP,p4.2.s,2,2500,2500,1209.0,1304.0,7.285276073619632,223.01111017278103,88,1.195459500000652,True,2,03_fixed_2500_baselines/raw_runs.csv
Fixed iteration,Chao,GRASP,p4.2.s,3,2500,2500,1237.0,1304.0,5.138036809815951,228.52195510796432,87,1.1945815999988554,True,2,03_fixed_2500_baselines/raw_runs.csv
Fixed iteration,Chao,GRASP,p4.2.t,0,2500,2500,1257.0,1306.0,3.7519142419601836,234.44190855494023,87,1.2289201999992656,True,2,03_fixed_2500_baselines/raw_runs.csv
Fixed iteration,Chao,GRASP,p4.2.t,1,2500,2500,1258.0,1306.0,3.6753445635528332,234.5134197128476,88,1.2229497999996966,True,2,03_fixed_2500_baselines/raw_runs.csv
Fixed iteration,Chao,GRASP,p4.2.t,2,2500,2500,1227.0,1306.0,6.049004594180705,233.1420500262323,91,1.228694200000973,True,2,03_fixed_2500_baselines/raw_runs.csv
Fixed iteration,Chao,GRASP,p4.2.t,3,2500,2500,1276.0,1306.0,2.2970903522205206,234.0756143646852,90,1.207948100000067,True,2,03_fixed_2500_baselines/raw_runs.csv
Fixed iteration,Chao,GRASP,p4.3.c,0,2500,2500,191.0,193.0,1.0362694300518134,68.71936584970783,14,0.3313952999997127,True,2,03_fixed_2500_baselines/raw_runs.csv
Fixed iteration,Chao,GRASP,p4.3.c,1,2500,2500,193.0,193.0,0.0,68.84769108851907,12,0.3127370000001974,True,2,03_fixed_2500_baselines/raw_runs.csv
Fixed iteration,Chao,GRASP,p4.3.c,2,2500,2500,191.0,193.0,1.0362694300518134,68.71936584970783,14,0.3185930999989068,True,2,03_fixed_2500_baselines/raw_runs.csv
Fixed iteration,Chao,GRASP,p4.3.c,3,2500,2500,193.0,193.0,0.0,68.84769108851907,12,0.3224146000011387,True,2,03_fixed_2500_baselines/raw_runs.csv
Fixed iteration,Chao,GRASP,p4.3.d,0,2500,2500,315.0,335.0,5.970149253731344,79.41738358113273,20,0.3689701999992394,True,2,03_fixed_2500_baselines/raw_runs.csv
Fixed iteration,Chao,GRASP,p4.3.d,1,2500,2500,320.0,335.0,4.477611940298507,79.03684931092802,22,0.3809049999999843,True,2,03_fixed_2500_baselines/raw_runs.csv
Fixed iteration,Chao,GRASP,p4.3.d,2,2500,2500,324.0,335.0,3.283582089552239,79.61439680398787,24,0.383850700000039,True,2,03_fixed_2500_baselines/raw_runs.csv
Fixed iteration,Chao,GRASP,p4.3.d,3,2500,2500,315.0,335.0,5.970149253731344,79.41738358113273,20,0.3729414999997971,True,2,03_fixed_2500_baselines/raw_runs.csv
Fixed iteration,Chao,GRASP,p4.3.e,0,2500,2500,429.0,468.0,8.333333333333334,89.12211265500501,28,0.4267641999995248,True,2,03_fixed_2500_baselines/raw_runs.csv
Fixed iteration,Chao,GRASP,p4.3.e,1,2500,2500,441.0,468.0,5.769230769230769,89.26714632027881,26,0.4222205000005488,True,2,03_fixed_2500_baselines/raw_runs.csv
Fixed iteration,Chao,GRASP,p4.3.e,2,2500,2500,419.0,468.0,10.47008547008547,88.52951869478714,26,0.4098656000005576,True,2,03_fixed_2500_baselines/raw_runs.csv
Fixed iteration,Chao,GRASP,p4.3.e,3,2500,2500,429.0,468.0,8.333333333333334,89.12211265500501,28,0.4136594000010518,True,2,03_fixed_2500_baselines/raw_runs.csv
Fixed iteration,Chao,GRASP,p4.3.f,0,2500,2500,508.0,579.0,12.26252158894646,98.45973716397732,33,0.4582002000006469,True,2,03_fixed_2500_baselines/raw_runs.csv
Fixed iteration,Chao,GRASP,p4.3.f,1,2500,2500,513.0,579.0,11.398963730569948,98.17795932902398,33,0.4561044999991281,True,2,03_fixed_2500_baselines/raw_runs.csv
Fixed iteration,Chao,GRASP,p4.3.f,2,2500,2500,497.0,579.0,14.162348877374784,99.206429281898,34,0.4589151000000129,True,2,03_fixed_2500_baselines/raw_runs.csv
Fixed iteration,Chao,GRASP,p4.3.f,3,2500,2500,508.0,579.0,12.26252158894646,98.17575940924536,35,0.4617574000003515,True,2,03_fixed_2500_baselines/raw_runs.csv
Fixed iteration,Chao,GRASP,p4.3.g,0,2500,2500,597.0,653.0,8.575803981623277,109.59434498413492,40,0.5013705999990634,True,2,03_fixed_2500_baselines/raw_runs.csv
Fixed iteration,Chao,GRASP,p4.3.g,1,2500,2500,599.0,653.0,8.269525267993874,109.18852082375548,40,0.5066315999993094,True,2,03_fixed_2500_baselines/raw_runs.csv
Fixed iteration,Chao,GRASP,p4.3.g,2,2500,2500,579.0,653.0,11.332312404287903,106.98921087381989,39,0.5067763999995805,True,2,03_fixed_2500_baselines/raw_runs.csv
Fixed iteration,Chao,GRASP,p4.3.g,3,2500,2500,592.0,653.0,9.341500765696784,108.272831312232,41,0.51571580000018,True,2,03_fixed_2500_baselines/raw_runs.csv
Fixed iteration,Chao,GRASP,p4.3.h,0,2500,2500,647.0,729.0,11.248285322359397,119.14569016947368,44,0.5767835000006016,True,2,03_fixed_2500_baselines/raw_runs.csv
Fixed iteration,Chao,GRASP,p4.3.h,1,2500,2500,655.0,729.0,10.150891632373114,119.0014450801305,45,0.5617433999996138,True,2,03_fixed_2500_baselines/raw_runs.csv
Fixed iteration,Chao,GRASP,p4.3.h,2,2500,2500,635.0,729.0,12.89437585733882,115.64748336944264,44,0.5633604999984527,True,2,03_fixed_2500_baselines/raw_runs.csv
Fixed iteration,Chao,GRASP,p4.3.h,3,2500,2500,633.0,729.0,13.168724279835391,117.20850060419436,44,0.5705292999991798,True,2,03_fixed_2500_baselines/raw_runs.csv
Fixed iteration,Chao,GRASP,p4.3.i,0,2500,2500,686.0,809.0,15.203955500618047,126.70715845880846,50,0.603291999999783,True,2,03_fixed_2500_baselines/raw_runs.csv
Fixed iteration,Chao,GRASP,p4.3.i,1,2500,2500,736.0,809.0,9.023485784919654,127.15816947586848,51,0.6017450999988796,True,2,03_fixed_2500_baselines/raw_runs.csv
Fixed iteration,Chao,GRASP,p4.3.i,2,2500,2500,704.0,809.0,12.978986402966626,128.24085029525264,49,0.600177000000258,True,2,03_fixed_2500_baselines/raw_runs.csv
Fixed iteration,Chao,GRASP,p4.3.i,3,2500,2500,696.0,809.0,13.967861557478368,126.92048105141708,49,0.5935159000000567,True,2,03_fixed_2500_baselines/raw_runs.csv
Fixed iteration,Chao,GRASP,p4.3.j,0,2500,2500,750.0,861.0,12.89198606271777,136.6863874534801,50,0.6424418999995396,True,2,03_fixed_2500_baselines/raw_runs.csv
Fixed iteration,Chao,GRASP,p4.3.j,1,2500,2500,771.0,861.0,10.452961672473867,138.1297019901915,54,0.6428740999999718,True,2,03_fixed_2500_baselines/raw_runs.csv
Fixed iteration,Chao,GRASP,p4.3.j,2,2500,2500,773.0,861.0,10.220673635307781,137.67479539013607,56,0.6414384999989124,True,2,03_fixed_2500_baselines/raw_runs.csv
Fixed iteration,Chao,GRASP,p4.3.j,3,2500,2500,768.0,861.0,10.801393728222996,138.0226099139569,52,0.6448094000006677,True,2,03_fixed_2500_baselines/raw_runs.csv
Fixed iteration,Chao,GRASP,p4.3.k,0,2500,2500,827.0,919.0,10.01088139281828,148.305984900851,60,0.6824701000005007,True,2,03_fixed_2500_baselines/raw_runs.csv
Fixed iteration,Chao,GRASP,p4.3.k,1,2500,2500,817.0,919.0,11.099020674646354,147.54189141399422,57,0.6838745999993989,True,2,03_fixed_2500_baselines/raw_runs.csv
Fixed iteration,Chao,GRASP,p4.3.k,2,2500,2500,873.0,919.0,5.00544069640914,148.27978546133917,61,0.6893371999994997,True,2,03_fixed_2500_baselines/raw_runs.csv
Fixed iteration,Chao,GRASP,p4.3.k,3,2500,2500,835.0,919.0,9.140369967355822,142.83228552628873,61,0.6928310999992391,True,2,03_fixed_2500_baselines/raw_runs.csv
Fixed iteration,Chao,GRASP,p4.3.l,0,2500,2500,873.0,979.0,10.827374872318693,156.5834334678058,59,0.7463341999991826,True,2,03_fixed_2500_baselines/raw_runs.csv
Fixed iteration,Chao,GRASP,p4.3.l,1,2500,2500,849.0,979.0,13.27885597548519,154.96582308625997,62,0.7396806999986438,True,2,03_fixed_2500_baselines/raw_runs.csv
Fixed iteration,Chao,GRASP,p4.3.l,2,2500,2500,854.0,979.0,12.768130745658835,153.33070253484226,60,0.7399026000002777,True,2,03_fixed_2500_baselines/raw_runs.csv
Fixed iteration,Chao,GRASP,p4.3.l,3,2500,2500,846.0,979.0,13.585291113381,154.87224027516328,62,0.7301403000001301,True,2,03_fixed_2500_baselines/raw_runs.csv
Fixed iteration,Chao,GRASP,p4.3.m,0,2500,2500,923.0,1063.0,13.170272812793979,165.70146076324,65,0.7997219000008045,True,2,03_fixed_2500_baselines/raw_runs.csv
Fixed iteration,Chao,GRASP,p4.3.m,1,2500,2500,951.0,1063.0,10.536218250235184,164.14404139963025,66,0.7837300000010146,True,2,03_fixed_2500_baselines/raw_runs.csv
Fixed iteration,Chao,GRASP,p4.3.m,2,2500,2500,938.0,1063.0,11.75917215428034,166.92188436297744,64,0.7915286000006745,True,2,03_fixed_2500_baselines/raw_runs.csv
Fixed iteration,Chao,GRASP,p4.3.m,3,2500,2500,943.0,1063.0,11.288805268109126,167.24383866445152,65,0.7940922000016144,True,2,03_fixed_2500_baselines/raw_runs.csv
Fixed iteration,Chao,GRASP,p4.3.n,0,2500,2500,1000.0,1121.0,10.793933987511151,178.0742141553422,70,0.8530151000013575,True,2,03_fixed_2500_baselines/raw_runs.csv
Fixed iteration,Chao,GRASP,p4.3.n,1,2500,2500,985.0,1121.0,12.132024977698483,176.33275260373074,67,0.8434747999999672,True,2,03_fixed_2500_baselines/raw_runs.csv
Fixed iteration,Chao,GRASP,p4.3.n,2,2500,2500,1009.0,1121.0,9.991079393398751,175.12872561181172,69,0.8315533000004507,True,2,03_fixed_2500_baselines/raw_runs.csv
Fixed iteration,Chao,GRASP,p4.3.n,3,2500,2500,1024.0,1121.0,8.652988403211419,177.39571352851738,70,0.8342250000005151,True,2,03_fixed_2500_baselines/raw_runs.csv
Fixed iteration,Chao,GRASP,p4.3.o,0,2500,2500,1009.0,1172.0,13.907849829351536,187.08328216466035,71,0.8773261999995157,True,2,03_fixed_2500_baselines/raw_runs.csv
Fixed iteration,Chao,GRASP,p4.3.o,1,2500,2500,1013.0,1172.0,13.566552901023892,186.62566359419984,71,0.8808091000009881,True,2,03_fixed_2500_baselines/raw_runs.csv
Fixed iteration,Chao,GRASP,p4.3.o,2,2500,2500,966.0,1172.0,17.576791808873722,186.31465359466043,69,0.8724772000005032,True,2,03_fixed_2500_baselines/raw_runs.csv
Fixed iteration,Chao,GRASP,p4.3.o,3,2500,2500,1047.0,1172.0,10.665529010238908,184.58125222376435,75,0.8661465999994107,True,2,03_fixed_2500_baselines/raw_runs.csv
Fixed iteration,Chao,GRASP,p4.3.p,0,2500,2500,1027.0,1222.0,15.957446808510639,194.85418110972213,74,0.921458299999358,True,2,03_fixed_2500_baselines/raw_runs.csv
Fixed iteration,Chao,GRASP,p4.3.p,1,2500,2500,1145.0,1222.0,6.301145662847791,194.71017644452243,81,0.9316643000001932,True,2,03_fixed_2500_baselines/raw_runs.csv
Fixed iteration,Chao,GRASP,p4.3.p,2,2500,2500,1022.0,1222.0,16.366612111292962,196.27618307285252,69,0.9399090999995678,True,2,03_fixed_2500_baselines/raw_runs.csv
Fixed iteration,Chao,GRASP,p4.3.p,3,2500,2500,1059.0,1222.0,13.338788870703764,196.7607621959436,74,0.9110722999994324,True,2,03_fixed_2500_baselines/raw_runs.csv
Fixed iteration,Chao,GRASP,p4.3.q,0,2500,2500,1092.0,1253.0,12.849162011173185,203.89170415927816,79,0.9653252000007342,True,2,03_fixed_2500_baselines/raw_runs.csv
Fixed iteration,Chao,GRASP,p4.3.q,1,2500,2500,1081.0,1253.0,13.72705506783719,203.80556802816895,79,0.9740480999989812,True,2,03_fixed_2500_baselines/raw_runs.csv
Fixed iteration,Chao,GRASP,p4.3.q,2,2500,2500,1076.0,1253.0,14.12609736632083,205.8149198622916,76,0.98595110000133,True,2,03_fixed_2500_baselines/raw_runs.csv
Fixed iteration,Chao,GRASP,p4.3.q,3,2500,2500,1081.0,1253.0,13.72705506783719,207.06994168165184,75,0.9688456000003498,True,2,03_fixed_2500_baselines/raw_runs.csv
Fixed iteration,Chao,GRASP,p4.3.r,0,2500,2500,1119.0,1273.0,12.097407698350354,217.48864432055387,77,1.0090374999999767,True,2,03_fixed_2500_baselines/raw_runs.csv
Fixed iteration,Chao,GRASP,p4.3.r,1,2500,2500,1170.0,1273.0,8.091123330714847,209.5422022451385,83,1.0096066999994946,True,2,03_fixed_2500_baselines/raw_runs.csv
Fixed iteration,Chao,GRASP,p4.3.r,2,2500,2500,1163.0,1273.0,8.64100549882168,215.63425356740413,80,1.037185799999861,True,2,03_fixed_2500_baselines/raw_runs.csv
Fixed iteration,Chao,GRASP,p4.3.r,3,2500,2500,1135.0,1273.0,10.840534171249018,215.0540659918204,79,1.0310320000007778,True,2,03_fixed_2500_baselines/raw_runs.csv
Fixed iteration,Chao,GRASP,p4.3.s,0,2500,2500,1182.0,1295.0,8.725868725868725,222.58330608486983,87,1.055752799999027,True,2,03_fixed_2500_baselines/raw_runs.csv
Fixed iteration,Chao,GRASP,p4.3.s,1,2500,2500,1183.0,1295.0,8.64864864864865,226.67455095257492,83,1.081482200001119,True,2,03_fixed_2500_baselines/raw_runs.csv
Fixed iteration,Chao,GRASP,p4.3.s,2,2500,2500,1181.0,1295.0,8.803088803088803,223.8328864592156,81,1.0762928999993164,True,2,03_fixed_2500_baselines/raw_runs.csv
Fixed iteration,Chao,GRASP,p4.3.s,3,2500,2500,1208.0,1295.0,6.718146718146718,220.93975783299945,88,1.0477135000001,True,2,03_fixed_2500_baselines/raw_runs.csv
Fixed iteration,Chao,GRASP,p4.3.t,0,2500,2500,1200.0,1305.0,8.045977011494253,231.28878063439072,87,1.1601716999994096,True,2,03_fixed_2500_baselines/raw_runs.csv
Fixed iteration,Chao,GRASP,p4.3.t,1,2500,2500,1221.0,1305.0,6.436781609195402,231.74716442260345,86,1.1642083000006096,True,2,03_fixed_2500_baselines/raw_runs.csv
Fixed iteration,Chao,GRASP,p4.3.t,2,2500,2500,1200.0,1305.0,8.045977011494253,235.98752710223843,86,1.1445073000013508,True,2,03_fixed_2500_baselines/raw_runs.csv
Fixed iteration,Chao,GRASP,p4.3.t,3,2500,2500,1196.0,1305.0,8.352490421455938,234.31763198370484,85,1.1057292999994388,True,2,03_fixed_2500_baselines/raw_runs.csv
Fixed iteration,Chao,GRASP,p4.4.e,0,2500,2500,182.0,183.0,0.546448087431694,87.61383579008415,12,0.4047272999996494,True,2,03_fixed_2500_baselines/raw_runs.csv
Fixed iteration,Chao,GRASP,p4.4.e,1,2500,2500,183.0,183.0,0.0,88.56615175241828,13,0.4021802000006573,True,2,03_fixed_2500_baselines/raw_runs.csv
Fixed iteration,Chao,GRASP,p4.4.e,2,2500,2500,183.0,183.0,0.0,88.56615175241828,13,0.3991832000010618,True,2,03_fixed_2500_baselines/raw_runs.csv
Fixed iteration,Chao,GRASP,p4.4.e,3,2500,2500,183.0,183.0,0.0,88.56615175241828,13,0.3924051999983931,True,2,03_fixed_2500_baselines/raw_runs.csv
Fixed iteration,Chao,GRASP,p4.4.f,0,2500,2500,308.0,324.0,4.938271604938271,98.42211501965303,21,0.4239610000004177,True,2,03_fixed_2500_baselines/raw_runs.csv
Fixed iteration,Chao,GRASP,p4.4.f,1,2500,2500,306.0,324.0,5.555555555555555,99.55655333119536,21,0.4238617999999405,True,2,03_fixed_2500_baselines/raw_runs.csv
Fixed iteration,Chao,GRASP,p4.4.f,2,2500,2500,304.0,324.0,6.172839506172839,97.19487104869064,21,0.4285144000004948,True,2,03_fixed_2500_baselines/raw_runs.csv
Fixed iteration,Chao,GRASP,p4.4.f,3,2500,2500,308.0,324.0,4.938271604938271,98.42211501965303,21,0.4491945000008854,True,2,03_fixed_2500_baselines/raw_runs.csv
Fixed iteration,Chao,GRASP,p4.4.g,0,2500,2500,436.0,461.0,5.422993492407809,109.54789181778376,30,0.4544521999996505,True,2,03_fixed_2500_baselines/raw_runs.csv
Fixed iteration,Chao,GRASP,p4.4.g,1,2500,2500,436.0,461.0,5.422993492407809,109.54789181778376,30,0.4537258000000292,True,2,03_fixed_2500_baselines/raw_runs.csv
Fixed iteration,Chao,GRASP,p4.4.g,2,2500,2500,436.0,461.0,5.422993492407809,108.575323137476,30,0.4595091999999567,True,2,03_fixed_2500_baselines/raw_runs.csv
Fixed iteration,Chao,GRASP,p4.4.g,3,2500,2500,436.0,461.0,5.422993492407809,109.39118123588791,30,0.449937500001397,True,2,03_fixed_2500_baselines/raw_runs.csv
Fixed iteration,Chao,GRASP,p4.4.h,0,2500,2500,502.0,571.0,12.084063047285465,116.86964280318554,34,0.4958203000005596,True,2,03_fixed_2500_baselines/raw_runs.csv
Fixed iteration,Chao,GRASP,p4.4.h,1,2500,2500,503.0,571.0,11.908931698774081,118.4192670121165,33,0.4898033999998006,True,2,03_fixed_2500_baselines/raw_runs.csv
Fixed iteration,Chao,GRASP,p4.4.h,2,2500,2500,498.0,571.0,12.784588441330998,116.63837186359652,34,0.494319400000677,True,2,03_fixed_2500_baselines/raw_runs.csv
Fixed iteration,Chao,GRASP,p4.4.h,3,2500,2500,522.0,571.0,8.581436077057793,118.82457341835712,34,0.4943625000014435,True,2,03_fixed_2500_baselines/raw_runs.csv
Fixed iteration,Chao,GRASP,p4.4.i,0,2500,2500,592.0,657.0,9.89345509893455,129.38436037008097,40,0.5272356999994372,True,2,03_fixed_2500_baselines/raw_runs.csv
Fixed iteration,Chao,GRASP,p4.4.i,1,2500,2500,594.0,657.0,9.58904109589041,127.23769804040494,40,0.5305088999994041,True,2,03_fixed_2500_baselines/raw_runs.csv
Fixed iteration,Chao,GRASP,p4.4.i,2,2500,2500,587.0,657.0,10.654490106544902,127.6597137054236,39,0.5416848999993817,True,2,03_fixed_2500_baselines/raw_runs.csv
Fixed iteration,Chao,GRASP,p4.4.i,3,2500,2500,596.0,657.0,9.284627092846272,127.53354583290484,39,0.5304194999989704,True,2,03_fixed_2500_baselines/raw_runs.csv
Fixed iteration,Chao,GRASP,p4.4.j,0,2500,2500,645.0,732.0,11.885245901639344,137.6650655156144,45,0.5703365999997914,True,2,03_fixed_2500_baselines/raw_runs.csv
Fixed iteration,Chao,GRASP,p4.4.j,1,2500,2500,660.0,732.0,9.836065573770492,137.88203128131315,47,0.5823634999997012,True,2,03_fixed_2500_baselines/raw_runs.csv
Fixed iteration,Chao,GRASP,p4.4.j,2,2500,2500,664.0,732.0,9.289617486338798,137.40259505514004,47,0.5780520999996952,True,2,03_fixed_2500_baselines/raw_runs.csv
Fixed iteration,Chao,GRASP,p4.4.j,3,2500,2500,660.0,732.0,9.836065573770492,137.27488044913747,47,0.5729068000000552,True,2,03_fixed_2500_baselines/raw_runs.csv
Fixed iteration,Chao,GRASP,p4.4.k,0,2500,2500,719.0,821.0,12.423873325213155,148.73361419499338,50,0.6096094999993511,True,2,03_fixed_2500_baselines/raw_runs.csv
Fixed iteration,Chao,GRASP,p4.4.k,1,2500,2500,736.0,821.0,10.353227771010962,148.23320276456224,50,0.6198797999986709,True,2,03_fixed_2500_baselines/raw_runs.csv
Fixed iteration,Chao,GRASP,p4.4.k,2,2500,2500,710.0,821.0,13.520097442143728,146.01931499044446,53,0.604804000000513,True,2,03_fixed_2500_baselines/raw_runs.csv
Fixed iteration,Chao,GRASP,p4.4.k,3,2500,2500,715.0,821.0,12.911084043848964,144.2802757782572,52,0.6072813999999198,True,2,03_fixed_2500_baselines/raw_runs.csv
Fixed iteration,Chao,GRASP,p4.4.l,0,2500,2500,764.0,880.0,13.181818181818182,156.37570170644864,56,0.6521598000017548,True,2,03_fixed_2500_baselines/raw_runs.csv
Fixed iteration,Chao,GRASP,p4.4.l,1,2500,2500,768.0,880.0,12.727272727272727,158.74024719517806,54,0.6608529000004637,True,2,03_fixed_2500_baselines/raw_runs.csv
Fixed iteration,Chao,GRASP,p4.4.l,2,2500,2500,771.0,880.0,12.386363636363637,156.77143328069712,58,0.6559151999990718,True,2,03_fixed_2500_baselines/raw_runs.csv
Fixed iteration,Chao,GRASP,p4.4.l,3,2500,2500,768.0,880.0,12.727272727272727,158.59230323183823,54,0.6584732999999687,True,2,03_fixed_2500_baselines/raw_runs.csv
Fixed iteration,Chao,GRASP,p4.4.m,0,2500,2500,847.0,919.0,7.834602829162133,167.78821082046042,61,0.7033007000009093,True,2,03_fixed_2500_baselines/raw_runs.csv
Fixed iteration,Chao,GRASP,p4.4.m,1,2500,2500,811.0,919.0,11.7519042437432,167.06886087434094,60,0.7032469000005221,True,2,03_fixed_2500_baselines/raw_runs.csv
Fixed iteration,Chao,GRASP,p4.4.m,2,2500,2500,831.0,919.0,9.57562568008705,167.2550328532397,60,0.7013741000009759,True,2,03_fixed_2500_baselines/raw_runs.csv
Fixed iteration,Chao,GRASP,p4.4.m,3,2500,2500,816.0,919.0,11.207834602829163,164.64514856769983,57,0.6994278000001941,True,2,03_fixed_2500_baselines/raw_runs.csv
Fixed iteration,Chao,GRASP,p4.4.n,0,2500,2500,859.0,976.0,11.987704918032787,177.7642645768409,64,0.7364918000002945,True,2,03_fixed_2500_baselines/raw_runs.csv
Fixed iteration,Chao,GRASP,p4.4.n,1,2500,2500,871.0,976.0,10.758196721311476,175.91455480750653,64,0.73485299999993,True,2,03_fixed_2500_baselines/raw_runs.csv
Fixed iteration,Chao,GRASP,p4.4.n,2,2500,2500,888.0,976.0,9.01639344262295,176.70095568964396,67,0.7320046999993792,True,2,03_fixed_2500_baselines/raw_runs.csv
Fixed iteration,Chao,GRASP,p4.4.n,3,2500,2500,877.0,976.0,10.14344262295082,176.54066530519026,63,0.7358191000002989,True,2,03_fixed_2500_baselines/raw_runs.csv
Fixed iteration,Chao,GRASP,p4.4.o,0,2500,2500,892.0,1061.0,15.92836946277097,186.3394670421476,66,0.7755067999987659,True,2,03_fixed_2500_baselines/raw_runs.csv
Fixed iteration,Chao,GRASP,p4.4.o,1,2500,2500,900.0,1061.0,15.174363807728557,181.8571475796434,69,0.7719293000009202,True,2,03_fixed_2500_baselines/raw_runs.csv
Fixed iteration,Chao,GRASP,p4.4.o,2,2500,2500,917.0,1061.0,13.572101790763432,185.2500110822016,71,0.7714436000005662,True,2,03_fixed_2500_baselines/raw_runs.csv
Fixed iteration,Chao,GRASP,p4.4.o,3,2500,2500,915.0,1061.0,13.760603204524035,185.91175382269725,67,0.7754473999993934,True,2,03_fixed_2500_baselines/raw_runs.csv
Fixed iteration,Chao,GRASP,p4.4.p,0,2500,2500,976.0,1124.0,13.167259786476869,197.6114350882613,70,0.791273299999375,True,2,03_fixed_2500_baselines/raw_runs.csv
Fixed iteration,Chao,GRASP,p4.4.p,1,2500,2500,963.0,1124.0,14.323843416370106,198.3666976886952,72,0.8037100999990798,True,2,03_fixed_2500_baselines/raw_runs.csv
Fixed iteration,Chao,GRASP,p4.4.p,2,2500,2500,969.0,1124.0,13.790035587188612,193.03967281436908,72,0.7960186000000249,True,2,03_fixed_2500_baselines/raw_runs.csv
Fixed iteration,Chao,GRASP,p4.4.p,3,2500,2500,944.0,1124.0,16.01423487544484,197.0783506529957,67,0.8054307999991579,True,2,03_fixed_2500_baselines/raw_runs.csv
Fixed iteration,Chao,GRASP,p4.4.q,0,2500,2500,1005.0,1161.0,13.436692506459949,205.01037598002583,73,0.8448494000003848,True,2,03_fixed_2500_baselines/raw_runs.csv
Fixed iteration,Chao,GRASP,p4.4.q,1,2500,2500,1025.0,1161.0,11.714039621016365,206.94190171959812,73,0.8484821999991254,True,2,03_fixed_2500_baselines/raw_runs.csv
Fixed iteration,Chao,GRASP,p4.4.q,2,2500,2500,1003.0,1161.0,13.608957795004306,201.48041737236176,73,0.8517307000001892,True,2,03_fixed_2500_baselines/raw_runs.csv
Fixed iteration,Chao,GRASP,p4.4.q,3,2500,2500,991.0,1161.0,14.642549526270457,207.03196186182723,73,0.8492242000011174,True,2,03_fixed_2500_baselines/raw_runs.csv
Fixed iteration,Chao,GRASP,p4.4.r,0,2500,2500,1103.0,1216.0,9.292763157894736,216.8482613899532,78,0.869052099998953,True,2,03_fixed_2500_baselines/raw_runs.csv
Fixed iteration,Chao,GRASP,p4.4.r,1,2500,2500,1073.0,1216.0,11.759868421052632,216.97505201972825,72,0.8877778000005492,True,2,03_fixed_2500_baselines/raw_runs.csv
Fixed iteration,Chao,GRASP,p4.4.r,2,2500,2500,1092.0,1216.0,10.197368421052632,215.58458012689647,77,0.8884692000010546,True,2,03_fixed_2500_baselines/raw_runs.csv
Fixed iteration,Chao,GRASP,p4.4.r,3,2500,2500,1076.0,1216.0,11.513157894736842,216.307813616368,76,0.8661680999994132,True,2,03_fixed_2500_baselines/raw_runs.csv
Fixed iteration,Chao,GRASP,p4.4.s,0,2500,2500,1133.0,1260.0,10.079365079365079,223.73992050851115,82,0.9058464000008826,True,2,03_fixed_2500_baselines/raw_runs.csv
Fixed iteration,Chao,GRASP,p4.4.s,1,2500,2500,1114.0,1260.0,11.587301587301587,222.68529361230583,75,0.9049404000015784,True,2,03_fixed_2500_baselines/raw_runs.csv
Fixed iteration,Chao,GRASP,p4.4.s,2,2500,2500,1136.0,1260.0,9.841269841269842,226.46235827609425,82,0.9047796999984712,True,2,03_fixed_2500_baselines/raw_runs.csv
Fixed iteration,Chao,GRASP,p4.4.s,3,2500,2500,1127.0,1260.0,10.555555555555555,226.294887921981,77,0.8994363000001613,True,2,03_fixed_2500_baselines/raw_runs.csv
Fixed iteration,Chao,GRASP,p4.4.t,0,2500,2500,1191.0,1285.0,7.315175097276264,236.3457650776266,85,0.9181824999996024,True,2,03_fixed_2500_baselines/raw_runs.csv
Fixed iteration,Chao,GRASP,p4.4.t,1,2500,2500,1166.0,1285.0,9.26070038910506,231.01405698852344,87,0.926868000000468,True,2,03_fixed_2500_baselines/raw_runs.csv
Fixed iteration,Chao,GRASP,p4.4.t,2,2500,2500,1158.0,1285.0,9.883268482490273,236.40447761340428,81,0.9262018999997964,True,2,03_fixed_2500_baselines/raw_runs.csv
Fixed iteration,Chao,GRASP,p4.4.t,3,2500,2500,1166.0,1285.0,9.26070038910506,233.59132962132128,87,0.9331137999997736,True,2,03_fixed_2500_baselines/raw_runs.csv
Fixed iteration,Chao,GRASP,p5.2.h,0,2500,2500,390.0,410.0,4.878048780487805,38.12899020449196,18,0.2962640000005194,True,2,03_fixed_2500_baselines/raw_runs.csv
Fixed iteration,Chao,GRASP,p5.2.h,1,2500,2500,390.0,410.0,4.878048780487805,38.12899020449196,18,0.2901834999993298,True,2,03_fixed_2500_baselines/raw_runs.csv
Fixed iteration,Chao,GRASP,p5.2.h,2,2500,2500,390.0,410.0,4.878048780487805,38.12899020449196,18,0.2901412999999593,True,2,03_fixed_2500_baselines/raw_runs.csv
Fixed iteration,Chao,GRASP,p5.2.h,3,2500,2500,390.0,410.0,4.878048780487805,38.12899020449196,18,0.300549300000057,True,2,03_fixed_2500_baselines/raw_runs.csv
Fixed iteration,Chao,GRASP,p5.2.j,0,2500,2500,560.0,580.0,3.4482758620689653,48.47213595499958,24,0.3468697000007523,True,2,03_fixed_2500_baselines/raw_runs.csv
Fixed iteration,Chao,GRASP,p5.2.j,1,2500,2500,560.0,580.0,3.4482758620689653,48.47213595499958,24,0.352393099999972,True,2,03_fixed_2500_baselines/raw_runs.csv
Fixed iteration,Chao,GRASP,p5.2.j,2,2500,2500,560.0,580.0,3.4482758620689653,48.47213595499958,24,0.353589300000749,True,2,03_fixed_2500_baselines/raw_runs.csv
Fixed iteration,Chao,GRASP,p5.2.j,3,2500,2500,560.0,580.0,3.4482758620689653,48.47213595499958,24,0.3485407000007399,True,2,03_fixed_2500_baselines/raw_runs.csv
Fixed iteration,Chao,GRASP,p5.2.k,0,2500,2500,630.0,670.0,5.970149253731344,54.12899020449196,26,0.370068899999751,True,2,03_fixed_2500_baselines/raw_runs.csv
Fixed iteration,Chao,GRASP,p5.2.k,1,2500,2500,630.0,670.0,5.970149253731344,54.12899020449196,26,0.3711993999986589,True,2,03_fixed_2500_baselines/raw_runs.csv
Fixed iteration,Chao,GRASP,p5.2.k,2,2500,2500,630.0,670.0,5.970149253731344,54.12899020449196,26,0.3691106000005675,True,2,03_fixed_2500_baselines/raw_runs.csv
Fixed iteration,Chao,GRASP,p5.2.k,3,2500,2500,630.0,670.0,5.970149253731344,54.12899020449196,26,0.3789317999999184,True,2,03_fixed_2500_baselines/raw_runs.csv
Fixed iteration,Chao,GRASP,p5.2.l,0,2500,2500,700.0,800.0,12.5,58.04668436981694,28,0.3998693999983516,True,2,03_fixed_2500_baselines/raw_runs.csv
Fixed iteration,Chao,GRASP,p5.2.l,1,2500,2500,700.0,800.0,12.5,58.04668436981694,28,0.4002307999999175,True,2,03_fixed_2500_baselines/raw_runs.csv
Fixed iteration,Chao,GRASP,p5.2.l,2,2500,2500,700.0,800.0,12.5,59.70353861930931,28,0.3942429999988235,True,2,03_fixed_2500_baselines/raw_runs.csv
Fixed iteration,Chao,GRASP,p5.2.l,3,2500,2500,710.0,800.0,11.25,59.70353861930931,28,0.4038084000003437,True,2,03_fixed_2500_baselines/raw_runs.csv
Fixed iteration,Chao,GRASP,p5.2.m,0,2500,2500,820.0,860.0,4.651162790697675,64.47213595499957,32,0.4231655000003229,True,2,03_fixed_2500_baselines/raw_runs.csv
Fixed iteration,Chao,GRASP,p5.2.m,1,2500,2500,820.0,860.0,4.651162790697675,64.47213595499957,32,0.4397262999991653,True,2,03_fixed_2500_baselines/raw_runs.csv
Fixed iteration,Chao,GRASP,p5.2.m,2,2500,2500,820.0,860.0,4.651162790697675,64.47213595499957,32,0.4481042999996134,True,2,03_fixed_2500_baselines/raw_runs.csv
Fixed iteration,Chao,GRASP,p5.2.m,3,2500,2500,820.0,860.0,4.651162790697675,64.47213595499957,32,0.4331709999987652,True,2,03_fixed_2500_baselines/raw_runs.csv
Fixed iteration,Chao,GRASP,p5.2.n,0,2500,2500,860.0,925.0,7.027027027027027,69.56550625461946,32,0.4435312999994494,True,2,03_fixed_2500_baselines/raw_runs.csv
Fixed iteration,Chao,GRASP,p5.2.n,1,2500,2500,855.0,925.0,7.5675675675675675,69.22391035614498,33,0.436366399999315,True,2,03_fixed_2500_baselines/raw_runs.csv
Fixed iteration,Chao,GRASP,p5.2.n,2,2500,2500,855.0,925.0,7.5675675675675675,69.22391035614498,33,0.4340016999994986,True,2,03_fixed_2500_baselines/raw_runs.csv
Fixed iteration,Chao,GRASP,p5.2.n,3,2500,2500,860.0,925.0,7.027027027027027,69.56550625461946,32,0.4354923000009876,True,2,03_fixed_2500_baselines/raw_runs.csv
Fixed iteration,Chao,GRASP,p5.2.o,0,2500,2500,940.0,1020.0,7.8431372549019605,72.47213595499957,36,0.4598602000005485,True,2,03_fixed_2500_baselines/raw_runs.csv
Fixed iteration,Chao,GRASP,p5.2.o,1,2500,2500,940.0,1020.0,7.8431372549019605,72.47213595499957,36,0.4604677999996056,True,2,03_fixed_2500_baselines/raw_runs.csv
Fixed iteration,Chao,GRASP,p5.2.o,2,2500,2500,940.0,1020.0,7.8431372549019605,72.47213595499957,36,0.4599675000008574,True,2,03_fixed_2500_baselines/raw_runs.csv
Fixed iteration,Chao,GRASP,p5.2.o,3,2500,2500,940.0,1020.0,7.8431372549019605,72.47213595499957,36,0.4662824999995791,True,2,03_fixed_2500_baselines/raw_runs.csv
Fixed iteration,Chao,GRASP,p5.2.p,0,2500,2500,1010.0,1150.0,12.173913043478262,78.12899020449196,38,0.4848134000003483,True,2,03_fixed_2500_baselines/raw_runs.csv
Fixed iteration,Chao,GRASP,p5.2.p,1,2500,2500,1010.0,1150.0,12.173913043478262,78.12899020449196,38,0.476301799999419,True,2,03_fixed_2500_baselines/raw_runs.csv
Fixed iteration,Chao,GRASP,p5.2.p,2,2500,2500,1010.0,1150.0,12.173913043478262,78.12899020449196,38,0.4791266000011092,True,2,03_fixed_2500_baselines/raw_runs.csv
Fixed iteration,Chao,GRASP,p5.2.p,3,2500,2500,1010.0,1150.0,12.173913043478262,78.12899020449196,38,0.482821800000238,True,2,03_fixed_2500_baselines/raw_runs.csv
Fixed iteration,Chao,GRASP,p5.2.q,0,2500,2500,1085.0,1195.0,9.205020920502092,84.70820393249937,41,0.4996300999991945,True,2,03_fixed_2500_baselines/raw_runs.csv
Fixed iteration,Chao,GRASP,p5.2.q,1,2500,2500,1075.0,1195.0,10.0418410041841,84.0451345177838,39,0.5033752999988792,True,2,03_fixed_2500_baselines/raw_runs.csv
Fixed iteration,Chao,GRASP,p5.2.q,2,2500,2500,1080.0,1195.0,9.623430962343097,81.84161925296378,40,0.4951646000008622,True,2,03_fixed_2500_baselines/raw_runs.csv
Fixed iteration,Chao,GRASP,p5.2.q,3,2500,2500,1080.0,1195.0,9.623430962343097,81.84161925296378,40,0.5080517999995209,True,2,03_fixed_2500_baselines/raw_runs.csv
Fixed iteration,Chao,GRASP,p5.2.r,0,2500,2500,1190.0,1260.0,5.555555555555555,88.47213595499957,44,0.5135940000000119,True,2,03_fixed_2500_baselines/raw_runs.csv
Fixed iteration,Chao,GRASP,p5.2.r,1,2500,2500,1200.0,1260.0,4.761904761904762,88.47213595499957,44,0.5194494000006671,True,2,03_fixed_2500_baselines/raw_runs.csv
Fixed iteration,Chao,GRASP,p5.2.r,2,2500,2500,1200.0,1260.0,4.761904761904762,88.47213595499957,44,0.5114648999988276,True,2,03_fixed_2500_baselines/raw_runs.csv
Fixed iteration,Chao,GRASP,p5.2.r,3,2500,2500,1200.0,1260.0,4.761904761904762,88.47213595499957,44,0.5151308999993489,True,2,03_fixed_2500_baselines/raw_runs.csv
Fixed iteration,Chao,GRASP,p5.2.s,0,2500,2500,1270.0,1340.0,5.223880597014926,94.12899020449196,46,0.5356363999999303,True,2,03_fixed_2500_baselines/raw_runs.csv
Fixed iteration,Chao,GRASP,p5.2.s,1,2500,2500,1270.0,1340.0,5.223880597014926,94.12899020449196,46,0.5377685000003112,True,2,03_fixed_2500_baselines/raw_runs.csv
Fixed iteration,Chao,GRASP,p5.2.s,2,2500,2500,1270.0,1340.0,5.223880597014926,94.12899020449196,46,0.5261795000005804,True,2,03_fixed_2500_baselines/raw_runs.csv
Fixed iteration,Chao,GRASP,p5.2.s,3,2500,2500,1270.0,1340.0,5.223880597014926,94.12899020449196,46,0.528127300000051,True,2,03_fixed_2500_baselines/raw_runs.csv
Fixed iteration,Chao,GRASP,p5.2.t,0,2500,2500,1320.0,1400.0,5.714285714285714,96.47213595499956,48,0.545493899999201,True,2,03_fixed_2500_baselines/raw_runs.csv
Fixed iteration,Chao,GRASP,p5.2.t,1,2500,2500,1330.0,1400.0,5.0,98.12899020449196,48,0.5455607000003511,True,2,03_fixed_2500_baselines/raw_runs.csv
Fixed iteration,Chao,GRASP,p5.2.t,2,2500,2500,1320.0,1400.0,5.714285714285714,97.84161925296378,48,0.5371966999991855,True,2,03_fixed_2500_baselines/raw_runs.csv
Fixed iteration,Chao,GRASP,p5.2.t,3,2500,2500,1320.0,1400.0,5.714285714285714,96.47213595499956,48,0.5380982000006043,True,2,03_fixed_2500_baselines/raw_runs.csv
Fixed iteration,Chao,GRASP,p5.2.u,0,2500,2500,1440.0,1460.0,1.36986301369863,104.47213595499956,52,0.5688755999999557,True,2,03_fixed_2500_baselines/raw_runs.csv
Fixed iteration,Chao,GRASP,p5.2.u,1,2500,2500,1440.0,1460.0,1.36986301369863,104.47213595499956,52,0.5435725999996066,True,2,03_fixed_2500_baselines/raw_runs.csv
Fixed iteration,Chao,GRASP,p5.2.u,2,2500,2500,1440.0,1460.0,1.36986301369863,104.47213595499956,52,0.5431663999988814,True,2,03_fixed_2500_baselines/raw_runs.csv
Fixed iteration,Chao,GRASP,p5.2.u,3,2500,2500,1440.0,1460.0,1.36986301369863,104.47213595499956,52,0.5458612000002177,True,2,03_fixed_2500_baselines/raw_runs.csv
Fixed iteration,Chao,GRASP,p5.2.v,0,2500,2500,1470.0,1505.0,2.3255813953488373,107.9086520051271,52,0.5543623999983538,True,2,03_fixed_2500_baselines/raw_runs.csv
Fixed iteration,Chao,GRASP,p5.2.v,1,2500,2500,1475.0,1505.0,1.9933554817275747,109.22391035614498,53,0.5518457999987731,True,2,03_fixed_2500_baselines/raw_runs.csv
Fixed iteration,Chao,GRASP,p5.2.v,2,2500,2500,1475.0,1505.0,1.9933554817275747,109.22391035614498,53,0.55708229999982,True,2,03_fixed_2500_baselines/raw_runs.csv
Fixed iteration,Chao,GRASP,p5.2.v,3,2500,2500,1475.0,1505.0,1.9933554817275747,109.22391035614498,53,0.5617148999990604,True,2,03_fixed_2500_baselines/raw_runs.csv
Fixed iteration,Chao,GRASP,p5.2.w,0,2500,2500,1560.0,1565.0,0.3194888178913738,112.47213595499956,56,0.549165800000992,True,2,03_fixed_2500_baselines/raw_runs.csv
Fixed iteration,Chao,GRASP,p5.2.w,1,2500,2500,1560.0,1565.0,0.3194888178913738,112.47213595499956,56,0.5483841999994183,True,2,03_fixed_2500_baselines/raw_runs.csv
Fixed iteration,Chao,GRASP,p5.2.w,2,2500,2500,1560.0,1565.0,0.3194888178913738,112.47213595499956,56,0.5675215999999637,True,2,03_fixed_2500_baselines/raw_runs.csv
Fixed iteration,Chao,GRASP,p5.2.w,3,2500,2500,1560.0,1565.0,0.3194888178913738,112.47213595499956,56,0.5626648999987083,True,2,03_fixed_2500_baselines/raw_runs.csv
Fixed iteration,Chao,GRASP,p5.2.x,0,2500,2500,1590.0,1610.0,1.2422360248447204,118.12899020449196,58,0.5469038000010187,True,2,03_fixed_2500_baselines/raw_runs.csv
Fixed iteration,Chao,GRASP,p5.2.x,1,2500,2500,1590.0,1610.0,1.2422360248447204,118.12899020449196,58,0.5860185000001366,True,2,03_fixed_2500_baselines/raw_runs.csv
Fixed iteration,Chao,GRASP,p5.2.x,2,2500,2500,1590.0,1610.0,1.2422360248447204,118.12899020449196,58,0.5937849999991158,True,2,03_fixed_2500_baselines/raw_runs.csv
Fixed iteration,Chao,GRASP,p5.2.x,3,2500,2500,1590.0,1610.0,1.2422360248447204,118.12899020449196,58,0.561635899999601,True,2,03_fixed_2500_baselines/raw_runs.csv
Fixed iteration,Chao,GRASP,p5.2.y,0,2500,2500,1635.0,1645.0,0.60790273556231,124.3954832313988,61,0.5480972999994265,True,2,03_fixed_2500_baselines/raw_runs.csv
Fixed iteration,Chao,GRASP,p5.2.y,1,2500,2500,1635.0,1645.0,0.60790273556231,124.3954832313988,61,0.5536417000002984,True,2,03_fixed_2500_baselines/raw_runs.csv
Fixed iteration,Chao,GRASP,p5.2.y,2,2500,2500,1635.0,1645.0,0.60790273556231,124.3954832313988,61,0.5520670000005339,True,2,03_fixed_2500_baselines/raw_runs.csv
Fixed iteration,Chao,GRASP,p5.2.y,3,2500,2500,1620.0,1645.0,1.5197568389057752,120.47213595499956,60,0.5468651000010141,True,2,03_fixed_2500_baselines/raw_runs.csv
Fixed iteration,Chao,GRASP,p5.2.z,0,2500,2500,1680.0,1680.0,0.0,128.47213595499957,64,0.5575414000013552,True,2,03_fixed_2500_baselines/raw_runs.csv
Fixed iteration,Chao,GRASP,p5.2.z,1,2500,2500,1665.0,1680.0,0.8928571428571429,128.95741732923813,63,0.5604970000003959,True,2,03_fixed_2500_baselines/raw_runs.csv
Fixed iteration,Chao,GRASP,p5.2.z,2,2500,2500,1665.0,1680.0,0.8928571428571429,127.30056307974576,63,0.548103799999808,True,2,03_fixed_2500_baselines/raw_runs.csv
Fixed iteration,Chao,GRASP,p5.2.z,3,2500,2500,1665.0,1680.0,0.8928571428571429,128.67004637770998,63,0.5378822999991826,True,2,03_fixed_2500_baselines/raw_runs.csv
Fixed iteration,Chao,GRASP,p5.3.k,0,2500,2500,470.0,495.0,5.05050505050505,48.80477330320709,22,0.351857800000289,True,2,03_fixed_2500_baselines/raw_runs.csv
Fixed iteration,Chao,GRASP,p5.3.k,1,2500,2500,470.0,495.0,5.05050505050505,48.80477330320709,22,0.3593419000007998,True,2,03_fixed_2500_baselines/raw_runs.csv
Fixed iteration,Chao,GRASP,p5.3.k,2,2500,2500,480.0,495.0,3.0303030303030303,52.78376349969021,22,0.3576429999993706,True,2,03_fixed_2500_baselines/raw_runs.csv
Fixed iteration,Chao,GRASP,p5.3.k,3,2500,2500,475.0,495.0,4.040404040404041,53.75022298912626,23,0.3471905999995215,True,2,03_fixed_2500_baselines/raw_runs.csv
Fixed iteration,Chao,GRASP,p5.3.l,0,2500,2500,575.0,595.0,3.361344537815126,57.29005467744567,25,0.3969541000005847,True,2,03_fixed_2500_baselines/raw_runs.csv
Fixed iteration,Chao,GRASP,p5.3.l,1,2500,2500,575.0,595.0,3.361344537815126,57.29005467744567,25,0.3723678999995172,True,2,03_fixed_2500_baselines/raw_runs.csv
Fixed iteration,Chao,GRASP,p5.3.l,2,2500,2500,575.0,595.0,3.361344537815126,57.29005467744567,25,0.3778277999990678,True,2,03_fixed_2500_baselines/raw_runs.csv
Fixed iteration,Chao,GRASP,p5.3.l,3,2500,2500,575.0,595.0,3.361344537815126,57.29005467744567,25,0.391936899999564,True,2,03_fixed_2500_baselines/raw_runs.csv
Fixed iteration,Chao,GRASP,p5.3.n,0,2500,2500,755.0,755.0,0.0,69.29005467744567,31,0.4606886000001395,True,2,03_fixed_2500_baselines/raw_runs.csv
Fixed iteration,Chao,GRASP,p5.3.n,1,2500,2500,755.0,755.0,0.0,69.29005467744567,31,0.4708872999999585,True,2,03_fixed_2500_baselines/raw_runs.csv
Fixed iteration,Chao,GRASP,p5.3.n,2,2500,2500,755.0,755.0,0.0,69.29005467744567,31,0.4767167999998492,True,2,03_fixed_2500_baselines/raw_runs.csv
Fixed iteration,Chao,GRASP,p5.3.n,3,2500,2500,755.0,755.0,0.0,69.29005467744567,31,0.4510214999991149,True,2,03_fixed_2500_baselines/raw_runs.csv
Fixed iteration,Chao,GRASP,p5.3.o,0,2500,2500,830.0,870.0,4.597701149425287,72.8047733032071,34,0.4384561000006215,True,2,03_fixed_2500_baselines/raw_runs.csv
Fixed iteration,Chao,GRASP,p5.3.o,1,2500,2500,830.0,870.0,4.597701149425287,72.8047733032071,34,0.4339134999991074,True,2,03_fixed_2500_baselines/raw_runs.csv
Fixed iteration,Chao,GRASP,p5.3.o,2,2500,2500,830.0,870.0,4.597701149425287,72.8047733032071,34,0.4377739000010479,True,2,03_fixed_2500_baselines/raw_runs.csv
Fixed iteration,Chao,GRASP,p5.3.o,3,2500,2500,830.0,870.0,4.597701149425287,72.8047733032071,34,0.4343912999993335,True,2,03_fixed_2500_baselines/raw_runs.csv
Fixed iteration,Chao,GRASP,p5.3.q,0,2500,2500,995.0,1070.0,7.009345794392523,83.63320042795328,39,0.499920000000202,True,2,03_fixed_2500_baselines/raw_runs.csv
Fixed iteration,Chao,GRASP,p5.3.q,1,2500,2500,995.0,1070.0,7.009345794392523,83.63320042795328,39,0.4946830000008049,True,2,03_fixed_2500_baselines/raw_runs.csv
Fixed iteration,Chao,GRASP,p5.3.q,2,2500,2500,995.0,1070.0,7.009345794392523,83.63320042795328,39,0.4692694000004849,True,2,03_fixed_2500_baselines/raw_runs.csv
Fixed iteration,Chao,GRASP,p5.3.q,3,2500,2500,995.0,1070.0,7.009345794392523,83.63320042795328,39,0.4912444999990839,True,2,03_fixed_2500_baselines/raw_runs.csv
Fixed iteration,Chao,GRASP,p5.3.r,0,2500,2500,1040.0,1125.0,7.555555555555555,85.92438178326199,40,0.4838648000004468,True,2,03_fixed_2500_baselines/raw_runs.csv
Fixed iteration,Chao,GRASP,p5.3.r,1,2500,2500,1030.0,1125.0,8.444444444444445,85.23964013427991,40,0.487631699999838,True,2,03_fixed_2500_baselines/raw_runs.csv
Fixed iteration,Chao,GRASP,p5.3.r,2,2500,2500,1030.0,1125.0,8.444444444444445,86.46162755269947,40,0.4843480999988969,True,2,03_fixed_2500_baselines/raw_runs.csv
Fixed iteration,Chao,GRASP,p5.3.r,3,2500,2500,1030.0,1125.0,8.444444444444445,86.89649438377228,40,0.484225599999263,True,2,03_fixed_2500_baselines/raw_runs.csv
Fixed iteration,Chao,GRASP,p5.3.s,0,2500,2500,1145.0,1190.0,3.7815126050420167,93.29005467744568,43,0.4918268000001262,True,2,03_fixed_2500_baselines/raw_runs.csv
Fixed iteration,Chao,GRASP,p5.3.s,1,2500,2500,1125.0,1190.0,5.46218487394958,93.29005467744568,43,0.4927856999984215,True,2,03_fixed_2500_baselines/raw_runs.csv
Fixed iteration,Chao,GRASP,p5.3.s,2,2500,2500,1135.0,1190.0,4.621848739495798,93.29005467744568,43,0.4939499000010983,True,2,03_fixed_2500_baselines/raw_runs.csv
Fixed iteration,Chao,GRASP,p5.3.s,3,2500,2500,1135.0,1190.0,4.621848739495798,93.3761226469366,43,0.4976455999985774,True,2,03_fixed_2500_baselines/raw_runs.csv
Fixed iteration,Chao,GRASP,p5.3.t,0,2500,2500,1220.0,1260.0,3.1746031746031744,96.80477330320709,46,0.5071595999997953,True,2,03_fixed_2500_baselines/raw_runs.csv
Fixed iteration,Chao,GRASP,p5.3.t,1,2500,2500,1220.0,1260.0,3.1746031746031744,96.80477330320709,46,0.4979937000007339,True,2,03_fixed_2500_baselines/raw_runs.csv
Fixed iteration,Chao,GRASP,p5.3.t,2,2500,2500,1220.0,1260.0,3.1746031746031744,96.80477330320709,46,0.5022374999989552,True,2,03_fixed_2500_baselines/raw_runs.csv
Fixed iteration,Chao,GRASP,p5.3.t,3,2500,2500,1220.0,1260.0,3.1746031746031744,96.80477330320709,46,0.5110112000002118,True,2,03_fixed_2500_baselines/raw_runs.csv
Fixed iteration,Chao,GRASP,p5.3.u,0,2500,2500,1290.0,1345.0,4.089219330855019,104.1351000111894,48,0.5282026999993832,True,2,03_fixed_2500_baselines/raw_runs.csv
Fixed iteration,Chao,GRASP,p5.3.u,1,2500,2500,1290.0,1345.0,4.089219330855019,104.1351000111894,48,0.528351200000543,True,2,03_fixed_2500_baselines/raw_runs.csv
Fixed iteration,Chao,GRASP,p5.3.u,2,2500,2500,1280.0,1345.0,4.83271375464684,104.1351000111894,48,0.5280568999987736,True,2,03_fixed_2500_baselines/raw_runs.csv
Fixed iteration,Chao,GRASP,p5.3.u,3,2500,2500,1290.0,1345.0,4.089219330855019,104.1351000111894,48,0.5166260999994847,True,2,03_fixed_2500_baselines/raw_runs.csv
Fixed iteration,Chao,GRASP,p5.3.v,0,2500,2500,1400.0,1425.0,1.7543859649122806,108.89084127269804,52,0.515946299999996,True,2,03_fixed_2500_baselines/raw_runs.csv
Fixed iteration,Chao,GRASP,p5.3.v,1,2500,2500,1400.0,1425.0,1.7543859649122806,108.89084127269804,52,0.5165156000002753,True,2,03_fixed_2500_baselines/raw_runs.csv
Fixed iteration,Chao,GRASP,p5.3.v,2,2500,2500,1400.0,1425.0,1.7543859649122806,108.89084127269804,52,0.5192691000011109,True,2,03_fixed_2500_baselines/raw_runs.csv
Fixed iteration,Chao,GRASP,p5.3.v,3,2500,2500,1400.0,1425.0,1.7543859649122806,108.80477330320709,52,0.5166262000002462,True,2,03_fixed_2500_baselines/raw_runs.csv
Fixed iteration,Chao,GRASP,p5.3.w,0,2500,2500,1410.0,1485.0,5.05050505050505,110.88363830959068,52,0.5329342999993969,True,2,03_fixed_2500_baselines/raw_runs.csv
Fixed iteration,Chao,GRASP,p5.3.w,1,2500,2500,1420.0,1485.0,4.377104377104377,113.86140402117518,52,0.518737800000963,True,2,03_fixed_2500_baselines/raw_runs.csv
Fixed iteration,Chao,GRASP,p5.3.w,2,2500,2500,1420.0,1485.0,4.377104377104377,114.19734680857542,52,0.5225206000013713,True,2,03_fixed_2500_baselines/raw_runs.csv
Fixed iteration,Chao,GRASP,p5.3.w,3,2500,2500,1410.0,1485.0,5.05050505050505,110.54769552219042,52,0.5231795999989117,True,2,03_fixed_2500_baselines/raw_runs.csv
Fixed iteration,Chao,GRASP,p5.3.x,0,2500,2500,1505.0,1555.0,3.215434083601286,117.71206543433686,55,0.5222733999999036,True,2,03_fixed_2500_baselines/raw_runs.csv
Fixed iteration,Chao,GRASP,p5.3.x,1,2500,2500,1505.0,1555.0,3.215434083601286,117.3761226469366,55,0.5200960999991366,True,2,03_fixed_2500_baselines/raw_runs.csv
Fixed iteration,Chao,GRASP,p5.3.x,2,2500,2500,1505.0,1555.0,3.215434083601286,117.71206543433686,55,0.5219113000002835,True,2,03_fixed_2500_baselines/raw_runs.csv
Fixed iteration,Chao,GRASP,p5.3.x,3,2500,2500,1505.0,1555.0,3.215434083601286,117.29005467744564,55,0.5218401999991329,True,2,03_fixed_2500_baselines/raw_runs.csv
Fixed iteration,Chao,GRASP,p5.3.y,0,2500,2500,1590.0,1595.0,0.31347962382445144,121.22678406009828,58,0.5270153999990725,True,2,03_fixed_2500_baselines/raw_runs.csv
Fixed iteration,Chao,GRASP,p5.3.y,1,2500,2500,1590.0,1595.0,0.31347962382445144,121.22678406009828,58,0.515274600000339,True,2,03_fixed_2500_baselines/raw_runs.csv
Fixed iteration,Chao,GRASP,p5.3.y,2,2500,2500,1590.0,1595.0,0.31347962382445144,121.23964013427992,58,0.5162073999999848,True,2,03_fixed_2500_baselines/raw_runs.csv
Fixed iteration,Chao,GRASP,p5.3.y,3,2500,2500,1590.0,1595.0,0.31347962382445144,121.23964013427992,58,0.5180816000010964,True,2,03_fixed_2500_baselines/raw_runs.csv
Fixed iteration,Chao,GRASP,p5.3.z,0,2500,2500,1620.0,1635.0,0.9174311926605505,127.78630114960754,60,0.516396099999838,True,2,03_fixed_2500_baselines/raw_runs.csv
Fixed iteration,Chao,GRASP,p5.3.z,1,2500,2500,1620.0,1635.0,0.9174311926605505,127.78630114960754,60,0.5155061000004935,True,2,03_fixed_2500_baselines/raw_runs.csv
Fixed iteration,Chao,GRASP,p5.3.z,2,2500,2500,1620.0,1635.0,0.9174311926605505,127.75022298912626,60,0.523235200000272,True,2,03_fixed_2500_baselines/raw_runs.csv
Fixed iteration,Chao,GRASP,p5.3.z,3,2500,2500,1635.0,1635.0,0.0,128.0319890985448,61,0.5219066999998176,True,2,03_fixed_2500_baselines/raw_runs.csv
Fixed iteration,Chao,GRASP,p5.4.m,0,2500,2500,550.0,555.0,0.9009009009009009,62.96640083988888,26,0.3965077000011661,True,2,03_fixed_2500_baselines/raw_runs.csv
Fixed iteration,Chao,GRASP,p5.4.m,1,2500,2500,550.0,555.0,0.9009009009009009,63.22913173197979,26,0.3998190000002068,True,2,03_fixed_2500_baselines/raw_runs.csv
Fixed iteration,Chao,GRASP,p5.4.m,2,2500,2500,550.0,555.0,0.9009009009009009,62.96640083988888,26,0.4003023000004759,True,2,03_fixed_2500_baselines/raw_runs.csv
Fixed iteration,Chao,GRASP,p5.4.m,3,2500,2500,550.0,555.0,0.9009009009009009,63.22913173197979,26,0.3964995999995153,True,2,03_fixed_2500_baselines/raw_runs.csv
Fixed iteration,Chao,GRASP,p5.4.o,0,2500,2500,645.0,690.0,6.521739130434782,71.8639883800711,29,0.4321170999992318,True,2,03_fixed_2500_baselines/raw_runs.csv
Fixed iteration,Chao,GRASP,p5.4.o,1,2500,2500,660.0,690.0,4.3478260869565215,73.57656915957831,30,0.4326485000001412,True,2,03_fixed_2500_baselines/raw_runs.csv
Fixed iteration,Chao,GRASP,p5.4.o,2,2500,2500,645.0,690.0,6.521739130434782,70.68676239374307,29,0.4313756999999896,True,2,03_fixed_2500_baselines/raw_runs.csv
Fixed iteration,Chao,GRASP,p5.4.o,3,2500,2500,645.0,690.0,6.521739130434782,72.67955943063568,29,0.4311804000008123,True,2,03_fixed_2500_baselines/raw_runs.csv
Fixed iteration,Chao,GRASP,p5.4.p,0,2500,2500,760.0,765.0,0.6535947712418301,76.45111915039936,32,0.4478596999997535,True,2,03_fixed_2500_baselines/raw_runs.csv
Fixed iteration,Chao,GRASP,p5.4.p,1,2500,2500,760.0,765.0,0.6535947712418301,76.45111915039936,32,0.4527059000010922,True,2,03_fixed_2500_baselines/raw_runs.csv
Fixed iteration,Chao,GRASP,p5.4.p,2,2500,2500,760.0,765.0,0.6535947712418301,76.45111915039936,32,0.4536270000007789,True,2,03_fixed_2500_baselines/raw_runs.csv
Fixed iteration,Chao,GRASP,p5.4.p,3,2500,2500,760.0,765.0,0.6535947712418301,76.45111915039936,32,0.454862000000503,True,2,03_fixed_2500_baselines/raw_runs.csv
Fixed iteration,Chao,GRASP,p5.4.q,0,2500,2500,860.0,860.0,0.0,81.1374106514146,36,0.4761488000003737,True,2,03_fixed_2500_baselines/raw_runs.csv
Fixed iteration,Chao,GRASP,p5.4.q,1,2500,2500,860.0,860.0,0.0,81.1374106514146,36,0.4677693999983603,True,2,03_fixed_2500_baselines/raw_runs.csv
Fixed iteration,Chao,GRASP,p5.4.q,2,2500,2500,860.0,860.0,0.0,81.1374106514146,36,0.4667320999997173,True,2,03_fixed_2500_baselines/raw_runs.csv
Fixed iteration,Chao,GRASP,p5.4.q,3,2500,2500,860.0,860.0,0.0,81.1374106514146,36,0.4690528999999515,True,2,03_fixed_2500_baselines/raw_runs.csv
Fixed iteration,Chao,GRASP,p5.4.r,0,2500,2500,880.0,960.0,8.333333333333334,84.45111915039936,36,0.4846173000005365,True,2,03_fixed_2500_baselines/raw_runs.csv
Fixed iteration,Chao,GRASP,p5.4.r,1,2500,2500,880.0,960.0,8.333333333333334,84.45111915039936,36,0.4821032999989256,True,2,03_fixed_2500_baselines/raw_runs.csv
Fixed iteration,Chao,GRASP,p5.4.r,2,2500,2500,880.0,960.0,8.333333333333334,84.45111915039936,36,0.4759745000010298,True,2,03_fixed_2500_baselines/raw_runs.csv
Fixed iteration,Chao,GRASP,p5.4.r,3,2500,2500,880.0,960.0,8.333333333333334,86.10797339989175,36,0.4870051999987481,True,2,03_fixed_2500_baselines/raw_runs.csv
Fixed iteration,Chao,GRASP,p5.4.s,0,2500,2500,1000.0,1030.0,2.912621359223301,92.45111915039936,40,0.4985303000012209,True,2,03_fixed_2500_baselines/raw_runs.csv
Fixed iteration,Chao,GRASP,p5.4.s,1,2500,2500,1000.0,1030.0,2.912621359223301,92.45111915039936,40,0.5080796999991435,True,2,03_fixed_2500_baselines/raw_runs.csv
Fixed iteration,Chao,GRASP,p5.4.s,2,2500,2500,1000.0,1030.0,2.912621359223301,92.45111915039936,40,0.5079681999995955,True,2,03_fixed_2500_baselines/raw_runs.csv
Fixed iteration,Chao,GRASP,p5.4.s,3,2500,2500,1000.0,1030.0,2.912621359223301,92.45111915039936,40,0.5047759000008227,True,2,03_fixed_2500_baselines/raw_runs.csv
Fixed iteration,Chao,GRASP,p5.4.t,0,2500,2500,1100.0,1160.0,5.172413793103448,97.1374106514146,44,0.5074035999987245,True,2,03_fixed_2500_baselines/raw_runs.csv
Fixed iteration,Chao,GRASP,p5.4.t,1,2500,2500,1100.0,1160.0,5.172413793103448,97.1374106514146,44,0.505378899999414,True,2,03_fixed_2500_baselines/raw_runs.csv
Fixed iteration,Chao,GRASP,p5.4.t,2,2500,2500,1100.0,1160.0,5.172413793103448,97.1374106514146,44,0.5079160000004777,True,2,03_fixed_2500_baselines/raw_runs.csv
Fixed iteration,Chao,GRASP,p5.4.t,3,2500,2500,1100.0,1160.0,5.172413793103448,97.1374106514146,44,0.5107565000016621,True,2,03_fixed_2500_baselines/raw_runs.csv
Fixed iteration,Chao,GRASP,p5.4.u,0,2500,2500,1120.0,1300.0,13.846153846153847,100.53718711989032,44,0.5131605999995372,True,2,03_fixed_2500_baselines/raw_runs.csv
Fixed iteration,Chao,GRASP,p5.4.u,1,2500,2500,1120.0,1300.0,13.846153846153847,100.45111915039936,44,0.5129510000006121,True,2,03_fixed_2500_baselines/raw_runs.csv
Fixed iteration,Chao,GRASP,p5.4.u,2,2500,2500,1120.0,1300.0,13.846153846153847,100.53718711989032,44,0.5147044000004826,True,2,03_fixed_2500_baselines/raw_runs.csv
Fixed iteration,Chao,GRASP,p5.4.u,3,2500,2500,1120.0,1300.0,13.846153846153847,100.45111915039936,44,0.5299458000008599,True,2,03_fixed_2500_baselines/raw_runs.csv
Fixed iteration,Chao,GRASP,p5.4.v,0,2500,2500,1240.0,1320.0,6.0606060606060606,108.45111915039936,48,0.5210174999992887,True,2,03_fixed_2500_baselines/raw_runs.csv
Fixed iteration,Chao,GRASP,p5.4.v,1,2500,2500,1240.0,1320.0,6.0606060606060606,108.45111915039936,48,0.523642000000109,True,2,03_fixed_2500_baselines/raw_runs.csv
Fixed iteration,Chao,GRASP,p5.4.v,2,2500,2500,1240.0,1320.0,6.0606060606060606,108.45111915039936,48,0.5257929999988846,True,2,03_fixed_2500_baselines/raw_runs.csv
Fixed iteration,Chao,GRASP,p5.4.v,3,2500,2500,1240.0,1320.0,6.0606060606060606,108.45111915039936,48,0.556660300000658,True,2,03_fixed_2500_baselines/raw_runs.csv
Fixed iteration,Chao,GRASP,p5.4.w,0,2500,2500,1360.0,1390.0,2.158273381294964,113.22347862090557,52,0.5254918999999063,True,2,03_fixed_2500_baselines/raw_runs.csv
Fixed iteration,Chao,GRASP,p5.4.w,1,2500,2500,1335.0,1390.0,3.9568345323741005,111.9658377761608,51,0.5354853999997431,True,2,03_fixed_2500_baselines/raw_runs.csv
Fixed iteration,Chao,GRASP,p5.4.w,2,2500,2500,1360.0,1390.0,2.158273381294964,113.22347862090557,52,0.5408826999992016,True,2,03_fixed_2500_baselines/raw_runs.csv
Fixed iteration,Chao,GRASP,p5.4.w,3,2500,2500,1360.0,1390.0,2.158273381294964,113.1374106514146,52,0.5351358999996592,True,2,03_fixed_2500_baselines/raw_runs.csv
Fixed iteration,Chao,GRASP,p5.4.x,0,2500,2500,1370.0,1450.0,5.517241379310345,117.77579274730743,52,0.5270235000007233,True,2,03_fixed_2500_baselines/raw_runs.csv
Fixed iteration,Chao,GRASP,p5.4.x,1,2500,2500,1370.0,1450.0,5.517241379310345,116.45111915039936,52,0.5258508999995684,True,2,03_fixed_2500_baselines/raw_runs.csv
Fixed iteration,Chao,GRASP,p5.4.x,2,2500,2500,1370.0,1450.0,5.517241379310345,116.45111915039936,52,0.5305855999995401,True,2,03_fixed_2500_baselines/raw_runs.csv
Fixed iteration,Chao,GRASP,p5.4.x,3,2500,2500,1370.0,1450.0,5.517241379310345,114.88033287039794,52,0.5318513000001985,True,2,03_fixed_2500_baselines/raw_runs.csv
Fixed iteration,Chao,GRASP,p5.4.y,0,2500,2500,1490.0,1520.0,1.9736842105263157,124.45111915039936,56,0.5573034999997617,True,2,03_fixed_2500_baselines/raw_runs.csv
Fixed iteration,Chao,GRASP,p5.4.y,1,2500,2500,1500.0,1520.0,1.3157894736842106,124.45111915039936,56,0.5355915000000095,True,2,03_fixed_2500_baselines/raw_runs.csv
Fixed iteration,Chao,GRASP,p5.4.y,2,2500,2500,1490.0,1520.0,1.9736842105263157,124.45111915039936,56,0.5216779000002134,True,2,03_fixed_2500_baselines/raw_runs.csv
Fixed iteration,Chao,GRASP,p5.4.y,3,2500,2500,1480.0,1520.0,2.6315789473684212,124.45111915039936,56,0.5281906999989587,True,2,03_fixed_2500_baselines/raw_runs.csv
Fixed iteration,Chao,GRASP,p5.4.z,0,2500,2500,1620.0,1620.0,0.0,129.22347862090555,60,0.5267765999997209,True,2,03_fixed_2500_baselines/raw_runs.csv
Fixed iteration,Chao,GRASP,p5.4.z,1,2500,2500,1620.0,1620.0,0.0,129.1374106514146,60,0.5198015999994823,True,2,03_fixed_2500_baselines/raw_runs.csv
Fixed iteration,Chao,GRASP,p5.4.z,2,2500,2500,1620.0,1620.0,0.0,129.22347862090555,60,0.5192090000000462,True,2,03_fixed_2500_baselines/raw_runs.csv
Fixed iteration,Chao,GRASP,p5.4.z,3,2500,2500,1620.0,1620.0,0.0,129.22347862090555,60,0.5250790999998571,True,2,03_fixed_2500_baselines/raw_runs.csv
Fixed iteration,Chao,GRASP,p6.2.d,0,2500,2500,192.0,192.0,0.0,29.65685424949238,14,0.2595240999999078,True,2,03_fixed_2500_baselines/raw_runs.csv
Fixed iteration,Chao,GRASP,p6.2.d,1,2500,2500,192.0,192.0,0.0,29.65685424949238,14,0.2514934999999241,True,2,03_fixed_2500_baselines/raw_runs.csv
Fixed iteration,Chao,GRASP,p6.2.d,2,2500,2500,192.0,192.0,0.0,29.65685424949238,14,0.2519440000014583,True,2,03_fixed_2500_baselines/raw_runs.csv
Fixed iteration,Chao,GRASP,p6.2.d,3,2500,2500,192.0,192.0,0.0,29.65685424949238,14,0.2532439999995404,True,2,03_fixed_2500_baselines/raw_runs.csv
Fixed iteration,Chao,GRASP,p6.2.j,0,2500,2500,804.0,948.0,15.189873417721518,58.91168824543143,38,0.5794210999993084,True,2,03_fixed_2500_baselines/raw_runs.csv
Fixed iteration,Chao,GRASP,p6.2.j,1,2500,2500,816.0,948.0,13.924050632911392,58.91168824543143,38,0.5865013000002364,True,2,03_fixed_2500_baselines/raw_runs.csv
Fixed iteration,Chao,GRASP,p6.2.j,2,2500,2500,816.0,948.0,13.924050632911392,58.91168824543143,38,0.5800431999996363,True,2,03_fixed_2500_baselines/raw_runs.csv
Fixed iteration,Chao,GRASP,p6.2.j,3,2500,2500,828.0,948.0,12.658227848101266,58.91168824543143,38,0.5736844000002748,True,2,03_fixed_2500_baselines/raw_runs.csv
Fixed iteration,Chao,GRASP,p6.2.l,0,2500,2500,1014.0,1116.0,9.13978494623656,68.5685424949238,44,0.6525917999988451,True,2,03_fixed_2500_baselines/raw_runs.csv
Fixed iteration,Chao,GRASP,p6.2.l,1,2500,2500,1032.0,1116.0,7.526881720430108,68.22539674441619,45,0.654529100000218,True,2,03_fixed_2500_baselines/raw_runs.csv
Fixed iteration,Chao,GRASP,p6.2.l,2,2500,2500,1014.0,1116.0,9.13978494623656,68.5685424949238,44,0.6413083999996161,True,2,03_fixed_2500_baselines/raw_runs.csv
Fixed iteration,Chao,GRASP,p6.2.l,3,2500,2500,1032.0,1116.0,7.526881720430108,68.22539674441619,45,0.6405689000002894,True,2,03_fixed_2500_baselines/raw_runs.csv
Fixed iteration,Chao,GRASP,p6.2.m,0,2500,2500,1104.0,1188.0,7.070707070707071,74.22539674441619,48,0.6527831000003061,True,2,03_fixed_2500_baselines/raw_runs.csv
Fixed iteration,Chao,GRASP,p6.2.m,1,2500,2500,1104.0,1188.0,7.070707070707071,73.05382386916239,48,0.6557346000008692,True,2,03_fixed_2500_baselines/raw_runs.csv
Fixed iteration,Chao,GRASP,p6.2.m,2,2500,2500,1104.0,1188.0,7.070707070707071,73.05382386916239,48,0.657802100000481,True,2,03_fixed_2500_baselines/raw_runs.csv
Fixed iteration,Chao,GRASP,p6.2.m,3,2500,2500,1110.0,1188.0,6.565656565656566,74.22539674441619,48,0.655018100000234,True,2,03_fixed_2500_baselines/raw_runs.csv
Fixed iteration,Chao,GRASP,p6.2.n,0,2500,2500,1200.0,1260.0,4.761904761904762,78.71067811865476,52,0.6643137000010029,True,2,03_fixed_2500_baselines/raw_runs.csv
Fixed iteration,Chao,GRASP,p6.2.n,1,2500,2500,1200.0,1260.0,4.761904761904762,79.88225099390857,52,0.6614296000007016,True,2,03_fixed_2500_baselines/raw_runs.csv
Fixed iteration,Chao,GRASP,p6.2.n,2,2500,2500,1200.0,1260.0,4.761904761904762,78.71067811865476,52,0.6595644999997603,True,2,03_fixed_2500_baselines/raw_runs.csv
Fixed iteration,Chao,GRASP,p6.2.n,3,2500,2500,1194.0,1260.0,5.238095238095238,78.71067811865476,52,0.6597769999989396,True,2,03_fixed_2500_baselines/raw_runs.csv
Fixed iteration,Chao,GRASP,p6.3.g,0,2500,2500,276.0,282.0,2.127659574468085,44.55790079237062,19,0.3211446000004798,True,2,03_fixed_2500_baselines/raw_runs.csv
Fixed iteration,Chao,GRASP,p6.3.g,1,2500,2500,276.0,282.0,2.127659574468085,44.55790079237062,19,0.3208319000004849,True,2,03_fixed_2500_baselines/raw_runs.csv
Fixed iteration,Chao,GRASP,p6.3.g,2,2500,2500,276.0,282.0,2.127659574468085,44.55790079237062,19,0.3220195000012609,True,2,03_fixed_2500_baselines/raw_runs.csv
Fixed iteration,Chao,GRASP,p6.3.g,3,2500,2500,276.0,282.0,2.127659574468085,44.55790079237062,19,0.3186470000000554,True,2,03_fixed_2500_baselines/raw_runs.csv
Fixed iteration,Chao,GRASP,p6.3.h,0,2500,2500,390.0,444.0,12.162162162162161,47.79898987322333,25,0.3628692999991472,True,2,03_fixed_2500_baselines/raw_runs.csv
Fixed iteration,Chao,GRASP,p6.3.h,1,2500,2500,378.0,444.0,14.864864864864865,47.79898987322333,25,0.361201899999287,True,2,03_fixed_2500_baselines/raw_runs.csv
Fixed iteration,Chao,GRASP,p6.3.h,2,2500,2500,378.0,444.0,14.864864864864865,47.79898987322333,25,0.358979000000545,True,2,03_fixed_2500_baselines/raw_runs.csv
Fixed iteration,Chao,GRASP,p6.3.h,3,2500,2500,378.0,444.0,14.864864864864865,47.79898987322333,25,0.3580931999986205,True,2,03_fixed_2500_baselines/raw_runs.csv
Fixed iteration,Chao,GRASP,p6.3.i,0,2500,2500,456.0,642.0,28.97196261682243,54.2842712474619,30,0.4050822999997763,True,2,03_fixed_2500_baselines/raw_runs.csv
Fixed iteration,Chao,GRASP,p6.3.i,1,2500,2500,486.0,642.0,24.299065420560748,51.941125496954285,30,0.4056706999999733,True,2,03_fixed_2500_baselines/raw_runs.csv
Fixed iteration,Chao,GRASP,p6.3.i,2,2500,2500,474.0,642.0,26.16822429906542,53.941125496954285,30,0.4046923000005336,True,2,03_fixed_2500_baselines/raw_runs.csv
Fixed iteration,Chao,GRASP,p6.3.i,3,2500,2500,468.0,642.0,27.102803738317757,53.941125496954285,30,0.4032169999991311,True,2,03_fixed_2500_baselines/raw_runs.csv
Fixed iteration,Chao,GRASP,p6.3.k,0,2500,2500,582.0,894.0,34.899328859060404,61.92253506678343,35,0.4787457999991602,True,2,03_fixed_2500_baselines/raw_runs.csv
Fixed iteration,Chao,GRASP,p6.3.k,1,2500,2500,612.0,894.0,31.543624161073826,63.34604384424195,35,0.4773287000007258,True,2,03_fixed_2500_baselines/raw_runs.csv
Fixed iteration,Chao,GRASP,p6.3.k,2,2500,2500,582.0,894.0,34.899328859060404,61.92253506678343,35,0.4833238999999594,True,2,03_fixed_2500_baselines/raw_runs.csv
Fixed iteration,Chao,GRASP,p6.3.k,3,2500,2500,582.0,894.0,34.899328859060404,61.92253506678343,35,0.4854271000003791,True,2,03_fixed_2500_baselines/raw_runs.csv
Fixed iteration,Chao,GRASP,p6.3.l,0,2500,2500,684.0,1002.0,31.736526946107784,68.51761671949576,37,0.5387939000011102,True,2,03_fixed_2500_baselines/raw_runs.csv
Fixed iteration,Chao,GRASP,p6.3.l,1,2500,2500,690.0,1002.0,31.137724550898202,67.92253506678342,38,0.5354456000004575,True,2,03_fixed_2500_baselines/raw_runs.csv
Fixed iteration,Chao,GRASP,p6.3.l,2,2500,2500,702.0,1002.0,29.940119760479043,68.64660692398772,37,0.5340490000016871,True,2,03_fixed_2500_baselines/raw_runs.csv
Fixed iteration,Chao,GRASP,p6.3.l,3,2500,2500,684.0,1002.0,31.736526946107784,68.51761671949576,37,0.5329504999990604,True,2,03_fixed_2500_baselines/raw_runs.csv
Fixed iteration,Chao,GRASP,p6.3.m,0,2500,2500,798.0,1080.0,26.11111111111111,73.23624356576818,43,0.5737105000007432,True,2,03_fixed_2500_baselines/raw_runs.csv
Fixed iteration,Chao,GRASP,p6.3.m,1,2500,2500,810.0,1080.0,25.0,73.4881794679729,43,0.5858921999988524,True,2,03_fixed_2500_baselines/raw_runs.csv
Fixed iteration,Chao,GRASP,p6.3.m,2,2500,2500,768.0,1080.0,28.88888888888889,73.00289809373433,41,0.5844068000005791,True,2,03_fixed_2500_baselines/raw_runs.csv
Fixed iteration,Chao,GRASP,p6.3.m,3,2500,2500,798.0,1080.0,26.11111111111111,73.23624356576818,43,0.5741589999997814,True,2,03_fixed_2500_baselines/raw_runs.csv
Fixed iteration,Chao,GRASP,p6.3.n,0,2500,2500,906.0,1170.0,22.564102564102566,79.81273478830965,46,0.6105094999984431,True,2,03_fixed_2500_baselines/raw_runs.csv
Fixed iteration,Chao,GRASP,p6.3.n,1,2500,2500,888.0,1170.0,24.102564102564102,78.98430766356347,45,0.60972430000038,True,2,03_fixed_2500_baselines/raw_runs.csv
Fixed iteration,Chao,GRASP,p6.3.n,2,2500,2500,888.0,1170.0,24.102564102564102,78.98430766356347,45,0.6085949000007531,True,2,03_fixed_2500_baselines/raw_runs.csv
Fixed iteration,Chao,GRASP,p6.3.n,3,2500,2500,924.0,1170.0,21.025641025641026,79.81273478830965,46,0.6135541999992711,True,2,03_fixed_2500_baselines/raw_runs.csv
Fixed iteration,Chao,GRASP,p6.4.j,0,2500,2500,348.0,366.0,4.918032786885246,58.60112615949154,24,0.3770987000007153,True,2,03_fixed_2500_baselines/raw_runs.csv
Fixed iteration,Chao,GRASP,p6.4.j,1,2500,2500,348.0,366.0,4.918032786885246,58.60112615949154,24,0.3908807999996497,True,2,03_fixed_2500_baselines/raw_runs.csv
Fixed iteration,Chao,GRASP,p6.4.j,2,2500,2500,348.0,366.0,4.918032786885246,58.60112615949154,24,0.3921387999998842,True,2,03_fixed_2500_baselines/raw_runs.csv
Fixed iteration,Chao,GRASP,p6.4.j,3,2500,2500,348.0,366.0,4.918032786885246,58.60112615949154,24,0.3740069000014046,True,2,03_fixed_2500_baselines/raw_runs.csv
Fixed iteration,Chao,GRASP,p6.4.k,0,2500,2500,462.0,528.0,12.5,63.17217237110114,29,0.4132355000001553,True,2,03_fixed_2500_baselines/raw_runs.csv
Fixed iteration,Chao,GRASP,p6.4.k,1,2500,2500,450.0,528.0,14.772727272727273,63.17217237110114,29,0.4198817000014969,True,2,03_fixed_2500_baselines/raw_runs.csv
Fixed iteration,Chao,GRASP,p6.4.k,2,2500,2500,450.0,528.0,14.772727272727273,62.77265583423361,28,0.419235800000024,True,2,03_fixed_2500_baselines/raw_runs.csv
Fixed iteration,Chao,GRASP,p6.4.k,3,2500,2500,456.0,528.0,13.636363636363637,63.6010829589798,29,0.4129232000013871,True,2,03_fixed_2500_baselines/raw_runs.csv
Fixed iteration,Chao,GRASP,p6.4.l,0,2500,2500,552.0,696.0,20.689655172413794,68.86076247000338,34,0.4628546999992977,True,2,03_fixed_2500_baselines/raw_runs.csv
Fixed iteration,Chao,GRASP,p6.4.l,1,2500,2500,558.0,696.0,19.82758620689655,68.51761671949575,34,0.4652483999998367,True,2,03_fixed_2500_baselines/raw_runs.csv
Fixed iteration,Chao,GRASP,p6.4.l,2,2500,2500,552.0,696.0,20.689655172413794,68.26568081729104,34,0.4606151999996655,True,2,03_fixed_2500_baselines/raw_runs.csv
Fixed iteration,Chao,GRASP,p6.4.l,3,2500,2500,552.0,696.0,20.689655172413794,68.86076247000338,34,0.4485325000005105,True,2,03_fixed_2500_baselines/raw_runs.csv
Fixed iteration,Chao,GRASP,p7.2.d,0,2500,2500,190.0,190.0,0.0,78.6737065912388,10,0.2707243999993807,True,2,03_fixed_2500_baselines/raw_runs.csv
Fixed iteration,Chao,GRASP,p7.2.d,1,2500,2500,190.0,190.0,0.0,78.6737065912388,10,0.2762582000013935,True,2,03_fixed_2500_baselines/raw_runs.csv
Fixed iteration,Chao,GRASP,p7.2.d,2,2500,2500,190.0,190.0,0.0,78.6737065912388,10,0.2759248999991541,True,2,03_fixed_2500_baselines/raw_runs.csv
Fixed iteration,Chao,GRASP,p7.2.d,3,2500,2500,190.0,190.0,0.0,78.6737065912388,10,0.2737625999998272,True,2,03_fixed_2500_baselines/raw_runs.csv
Fixed iteration,Chao,GRASP,p7.2.e,0,2500,2500,290.0,290.0,0.0,98.36318612174394,15,0.3119815000009112,True,2,03_fixed_2500_baselines/raw_runs.csv
Fixed iteration,Chao,GRASP,p7.2.e,1,2500,2500,290.0,290.0,0.0,98.36318612174394,15,0.3125515000010637,True,2,03_fixed_2500_baselines/raw_runs.csv
Fixed iteration,Chao,GRASP,p7.2.e,2,2500,2500,290.0,290.0,0.0,98.36318612174394,15,0.3238778000013553,True,2,03_fixed_2500_baselines/raw_runs.csv
Fixed iteration,Chao,GRASP,p7.2.e,3,2500,2500,290.0,290.0,0.0,98.36318612174394,15,0.3071977000017796,True,2,03_fixed_2500_baselines/raw_runs.csv
Fixed iteration,Chao,GRASP,p7.2.f,0,2500,2500,378.0,387.0,2.3255813953488373,117.9702801726142,21,0.3369902999984333,True,2,03_fixed_2500_baselines/raw_runs.csv
Fixed iteration,Chao,GRASP,p7.2.f,1,2500,2500,378.0,387.0,2.3255813953488373,117.9702801726142,21,0.3340473999996902,True,2,03_fixed_2500_baselines/raw_runs.csv
Fixed iteration,Chao,GRASP,p7.2.f,2,2500,2500,377.0,387.0,2.5839793281653747,116.7686729187746,20,0.340510500000164,True,2,03_fixed_2500_baselines/raw_runs.csv
Fixed iteration,Chao,GRASP,p7.2.f,3,2500,2500,377.0,387.0,2.5839793281653747,117.96743123856572,21,0.3301114999994752,True,2,03_fixed_2500_baselines/raw_runs.csv
Fixed iteration,Chao,GRASP,p7.2.g,0,2500,2500,439.0,459.0,4.357298474945534,139.0485117877153,27,0.3861403999999311,True,2,03_fixed_2500_baselines/raw_runs.csv
Fixed iteration,Chao,GRASP,p7.2.g,1,2500,2500,444.0,459.0,3.2679738562091503,138.02658886153887,26,0.390230099999826,True,2,03_fixed_2500_baselines/raw_runs.csv
Fixed iteration,Chao,GRASP,p7.2.g,2,2500,2500,444.0,459.0,3.2679738562091503,135.33355395709006,25,0.370298299998467,True,2,03_fixed_2500_baselines/raw_runs.csv
Fixed iteration,Chao,GRASP,p7.2.g,3,2500,2500,453.0,459.0,1.3071895424836601,138.41048833058045,27,0.3684400000001915,True,2,03_fixed_2500_baselines/raw_runs.csv
Fixed iteration,Chao,GRASP,p7.2.h,0,2500,2500,514.0,521.0,1.3435700575815739,157.11255199917483,31,0.4027755000006436,True,2,03_fixed_2500_baselines/raw_runs.csv
Fixed iteration,Chao,GRASP,p7.2.h,1,2500,2500,511.0,521.0,1.9193857965451055,159.55103419874575,31,0.3999741000006906,True,2,03_fixed_2500_baselines/raw_runs.csv
Fixed iteration,Chao,GRASP,p7.2.h,2,2500,2500,512.0,521.0,1.727447216890595,155.384379242247,30,0.4017537999989145,True,2,03_fixed_2500_baselines/raw_runs.csv
Fixed iteration,Chao,GRASP,p7.2.h,3,2500,2500,509.0,521.0,2.3032629558541267,157.63002217848202,32,0.3959018000005017,True,2,03_fixed_2500_baselines/raw_runs.csv
Fixed iteration,Chao,GRASP,p7.2.i,0,2500,2500,571.0,580.0,1.5517241379310345,176.85490275142814,34,0.4246254000008775,True,2,03_fixed_2500_baselines/raw_runs.csv
Fixed iteration,Chao,GRASP,p7.2.i,1,2500,2500,564.0,580.0,2.7586206896551726,178.99648051532358,33,0.4274293999988003,True,2,03_fixed_2500_baselines/raw_runs.csv
Fixed iteration,Chao,GRASP,p7.2.i,2,2500,2500,573.0,580.0,1.206896551724138,178.70034273140462,32,0.4299669000010908,True,2,03_fixed_2500_baselines/raw_runs.csv
Fixed iteration,Chao,GRASP,p7.2.i,3,2500,2500,557.0,580.0,3.9655172413793105,178.17506803287236,31,0.4275343999997858,True,2,03_fixed_2500_baselines/raw_runs.csv
Fixed iteration,Chao,GRASP,p7.2.j,0,2500,2500,605.0,646.0,6.3467492260061915,199.21848447336507,35,0.4733863000001292,True,2,03_fixed_2500_baselines/raw_runs.csv
Fixed iteration,Chao,GRASP,p7.2.j,1,2500,2500,600.0,646.0,7.120743034055727,198.8488041996904,37,0.4747827999999572,True,2,03_fixed_2500_baselines/raw_runs.csv
Fixed iteration,Chao,GRASP,p7.2.j,2,2500,2500,603.0,646.0,6.656346749226006,197.59217597060376,33,0.466754299999593,True,2,03_fixed_2500_baselines/raw_runs.csv
Fixed iteration,Chao,GRASP,p7.2.j,3,2500,2500,617.0,646.0,4.489164086687307,197.3457034464261,35,0.4623790999994526,True,2,03_fixed_2500_baselines/raw_runs.csv
Fixed iteration,Chao,GRASP,p7.2.k,0,2500,2500,651.0,705.0,7.659574468085107,216.93192718304255,39,0.4883810999999696,True,2,03_fixed_2500_baselines/raw_runs.csv
Fixed iteration,Chao,GRASP,p7.2.k,1,2500,2500,658.0,705.0,6.666666666666667,217.75970510817572,40,0.4990171000008558,True,2,03_fixed_2500_baselines/raw_runs.csv
Fixed iteration,Chao,GRASP,p7.2.k,2,2500,2500,663.0,705.0,5.957446808510638,216.39742598640345,40,0.4997839000006934,True,2,03_fixed_2500_baselines/raw_runs.csv
Fixed iteration,Chao,GRASP,p7.2.k,3,2500,2500,664.0,705.0,5.815602836879433,217.0619894061931,38,0.5098428999990574,True,2,03_fixed_2500_baselines/raw_runs.csv
Fixed iteration,Chao,GRASP,p7.2.l,0,2500,2500,713.0,767.0,7.040417209908735,236.3582860331091,41,0.5542089999999007,True,2,03_fixed_2500_baselines/raw_runs.csv
Fixed iteration,Chao,GRASP,p7.2.l,1,2500,2500,729.0,767.0,4.954367666232073,239.029989348274,42,0.5452041999997164,True,2,03_fixed_2500_baselines/raw_runs.csv
Fixed iteration,Chao,GRASP,p7.2.l,2,2500,2500,710.0,767.0,7.431551499348109,234.7209405208792,42,0.5289544000006572,True,2,03_fixed_2500_baselines/raw_runs.csv
Fixed iteration,Chao,GRASP,p7.2.l,3,2500,2500,733.0,767.0,4.432855280312907,238.24797007865072,41,0.5274434000002657,True,2,03_fixed_2500_baselines/raw_runs.csv
Fixed iteration,Chao,GRASP,p7.2.m,0,2500,2500,747.0,827.0,9.673518742442564,257.99875070661074,44,0.5680749999992258,True,2,03_fixed_2500_baselines/raw_runs.csv
Fixed iteration,Chao,GRASP,p7.2.m,1,2500,2500,789.0,827.0,4.594921402660217,257.6213591788826,46,0.564496599999984,True,2,03_fixed_2500_baselines/raw_runs.csv
Fixed iteration,Chao,GRASP,p7.2.m,2,2500,2500,774.0,827.0,6.408706166868198,255.87199716545496,45,0.5619384000001446,True,2,03_fixed_2500_baselines/raw_runs.csv
Fixed iteration,Chao,GRASP,p7.2.m,3,2500,2500,756.0,827.0,8.585247883917775,256.75442545848625,44,0.5556441999997332,True,2,03_fixed_2500_baselines/raw_runs.csv
Fixed iteration,Chao,GRASP,p7.2.n,0,2500,2500,783.0,888.0,11.824324324324325,276.2701822030547,44,0.5894367999990209,True,2,03_fixed_2500_baselines/raw_runs.csv
Fixed iteration,Chao,GRASP,p7.2.n,1,2500,2500,822.0,888.0,7.4324324324324325,275.3288720667606,47,0.5897487000002002,True,2,03_fixed_2500_baselines/raw_runs.csv
Fixed iteration,Chao,GRASP,p7.2.n,2,2500,2500,810.0,888.0,8.783783783783784,275.57857790129367,46,0.596132899998338,True,2,03_fixed_2500_baselines/raw_runs.csv
Fixed iteration,Chao,GRASP,p7.2.n,3,2500,2500,813.0,888.0,8.445945945945946,271.0022838236044,48,0.592312499999025,True,2,03_fixed_2500_baselines/raw_runs.csv
Fixed iteration,Chao,GRASP,p7.2.o,0,2500,2500,835.0,945.0,11.640211640211641,297.80951587096376,51,0.6219801000006555,True,2,03_fixed_2500_baselines/raw_runs.csv
Fixed iteration,Chao,GRASP,p7.2.o,1,2500,2500,858.0,945.0,9.206349206349206,298.7033976138778,51,0.6174205999996047,True,2,03_fixed_2500_baselines/raw_runs.csv
Fixed iteration,Chao,GRASP,p7.2.o,2,2500,2500,862.0,945.0,8.783068783068783,287.7414170470403,50,0.6307312000008096,True,2,03_fixed_2500_baselines/raw_runs.csv
Fixed iteration,Chao,GRASP,p7.2.o,3,2500,2500,841.0,945.0,11.005291005291005,296.36633402891914,47,0.6353584000007686,True,2,03_fixed_2500_baselines/raw_runs.csv
Fixed iteration,Chao,GRASP,p7.2.p,0,2500,2500,896.0,1002.0,10.578842315369261,316.53193075434774,54,0.6648540000005596,True,2,03_fixed_2500_baselines/raw_runs.csv
Fixed iteration,Chao,GRASP,p7.2.p,1,2500,2500,902.0,1002.0,9.980039920159681,314.2850750031263,52,0.6609991000004811,True,2,03_fixed_2500_baselines/raw_runs.csv
Fixed iteration,Chao,GRASP,p7.2.p,2,2500,2500,923.0,1002.0,7.884231536926148,319.0242438575052,53,0.6482705999987957,True,2,03_fixed_2500_baselines/raw_runs.csv
Fixed iteration,Chao,GRASP,p7.2.p,3,2500,2500,902.0,1002.0,9.980039920159681,314.3321068596059,52,0.6467952000002697,True,2,03_fixed_2500_baselines/raw_runs.csv
Fixed iteration,Chao,GRASP,p7.2.q,0,2500,2500,944.0,1044.0,9.578544061302683,338.4705780173839,56,0.7000710000011168,True,2,03_fixed_2500_baselines/raw_runs.csv
Fixed iteration,Chao,GRASP,p7.2.q,1,2500,2500,930.0,1044.0,10.919540229885058,338.2028976364089,56,0.6912238000004436,True,2,03_fixed_2500_baselines/raw_runs.csv
Fixed iteration,Chao,GRASP,p7.2.q,2,2500,2500,924.0,1044.0,11.494252873563218,330.5903943156953,55,0.6944848000002821,True,2,03_fixed_2500_baselines/raw_runs.csv
Fixed iteration,Chao,GRASP,p7.2.q,3,2500,2500,935.0,1044.0,10.440613026819923,335.08774480603705,54,0.6774003999998968,True,2,03_fixed_2500_baselines/raw_runs.csv
Fixed iteration,Chao,GRASP,p7.2.r,0,2500,2500,965.0,1094.0,11.791590493601463,355.7202958025022,57,0.7126038000005792,True,2,03_fixed_2500_baselines/raw_runs.csv
Fixed iteration,Chao,GRASP,p7.2.r,1,2500,2500,988.0,1094.0,9.689213893967093,358.2731959867764,61,0.7116693000007217,True,2,03_fixed_2500_baselines/raw_runs.csv
Fixed iteration,Chao,GRASP,p7.2.r,2,2500,2500,966.0,1094.0,11.70018281535649,358.84917195756015,58,0.7300341999998636,True,2,03_fixed_2500_baselines/raw_runs.csv
Fixed iteration,Chao,GRASP,p7.2.r,3,2500,2500,998.0,1094.0,8.775137111517367,357.973929770071,57,0.7227858999995078,True,2,03_fixed_2500_baselines/raw_runs.csv
Fixed iteration,Chao,GRASP,p7.2.s,0,2500,2500,1012.0,1136.0,10.915492957746478,369.88773846643903,60,0.7483097999993333,True,2,03_fixed_2500_baselines/raw_runs.csv
Fixed iteration,Chao,GRASP,p7.2.s,1,2500,2500,991.0,1136.0,12.764084507042254,371.8948245415286,58,0.7488388000001578,True,2,03_fixed_2500_baselines/raw_runs.csv
Fixed iteration,Chao,GRASP,p7.2.s,2,2500,2500,1009.0,1136.0,11.179577464788732,374.80583506259205,61,0.7378700999997818,True,2,03_fixed_2500_baselines/raw_runs.csv
Fixed iteration,Chao,GRASP,p7.2.s,3,2500,2500,1068.0,1136.0,5.985915492957746,370.201536886612,62,0.7376157999988209,True,2,03_fixed_2500_baselines/raw_runs.csv
Fixed iteration,Chao,GRASP,p7.2.t,0,2500,2500,1049.0,1179.0,11.02629346904156,383.5269807336626,61,0.7989255000011326,True,2,03_fixed_2500_baselines/raw_runs.csv
Fixed iteration,Chao,GRASP,p7.2.t,1,2500,2500,1063.0,1179.0,9.838846480067854,399.4726352776148,62,0.7900919999992766,True,2,03_fixed_2500_baselines/raw_runs.csv
Fixed iteration,Chao,GRASP,p7.2.t,2,2500,2500,1076.0,1179.0,8.736217133163699,398.1016125072212,63,0.7745884000014485,True,2,03_fixed_2500_baselines/raw_runs.csv
Fixed iteration,Chao,GRASP,p7.2.t,3,2500,2500,1047.0,1179.0,11.195928753180661,388.2363716107769,60,0.766595099999904,True,2,03_fixed_2500_baselines/raw_runs.csv
Fixed iteration,Chao,GRASP,p7.3.h,0,2500,2500,402.0,425.0,5.411764705882353,154.5841535782745,23,0.3936247000001458,True,2,03_fixed_2500_baselines/raw_runs.csv
Fixed iteration,Chao,GRASP,p7.3.h,1,2500,2500,416.0,425.0,2.1176470588235294,156.76103134797708,23,0.3863214000011794,True,2,03_fixed_2500_baselines/raw_runs.csv
Fixed iteration,Chao,GRASP,p7.3.h,2,2500,2500,423.0,425.0,0.47058823529411764,158.51603583414033,24,0.3930380000001605,True,2,03_fixed_2500_baselines/raw_runs.csv
Fixed iteration,Chao,GRASP,p7.3.h,3,2500,2500,425.0,425.0,0.0,155.33992998874575,24,0.3893052000003081,True,2,03_fixed_2500_baselines/raw_runs.csv
Fixed iteration,Chao,GRASP,p7.3.i,0,2500,2500,469.0,487.0,3.696098562628337,176.814127619037,28,0.4052767000011954,True,2,03_fixed_2500_baselines/raw_runs.csv
Fixed iteration,Chao,GRASP,p7.3.i,1,2500,2500,473.0,487.0,2.8747433264887063,178.81590882485173,26,0.4085699999995995,True,2,03_fixed_2500_baselines/raw_runs.csv
Fixed iteration,Chao,GRASP,p7.3.i,2,2500,2500,468.0,487.0,3.9014373716632442,173.81275431382826,28,0.4118796000002476,True,2,03_fixed_2500_baselines/raw_runs.csv
Fixed iteration,Chao,GRASP,p7.3.i,3,2500,2500,467.0,487.0,4.1067761806981515,175.98593567640393,27,0.417179699999906,True,2,03_fixed_2500_baselines/raw_runs.csv
Fixed iteration,Chao,GRASP,p7.3.j,0,2500,2500,540.0,564.0,4.25531914893617,194.92937435400304,33,0.4361410000001342,True,2,03_fixed_2500_baselines/raw_runs.csv
Fixed iteration,Chao,GRASP,p7.3.j,1,2500,2500,521.0,564.0,7.624113475177305,196.5897498415472,31,0.4363704000006692,True,2,03_fixed_2500_baselines/raw_runs.csv
Fixed iteration,Chao,GRASP,p7.3.j,2,2500,2500,542.0,564.0,3.900709219858156,195.0656277057285,29,0.4391052000009949,True,2,03_fixed_2500_baselines/raw_runs.csv
Fixed iteration,Chao,GRASP,p7.3.j,3,2500,2500,536.0,564.0,4.964539007092198,196.654101832555,33,0.4411218999994162,True,2,03_fixed_2500_baselines/raw_runs.csv
Fixed iteration,Chao,GRASP,p7.3.k,0,2500,2500,588.0,633.0,7.109004739336493,213.65786742645275,35,0.4637457000007998,True,2,03_fixed_2500_baselines/raw_runs.csv
Fixed iteration,Chao,GRASP,p7.3.k,1,2500,2500,591.0,633.0,6.6350710900473935,211.4664082615813,34,0.4647220999995625,True,2,03_fixed_2500_baselines/raw_runs.csv
Fixed iteration,Chao,GRASP,p7.3.k,2,2500,2500,573.0,633.0,9.47867298578199,216.25100914861787,35,0.4718781999999919,True,2,03_fixed_2500_baselines/raw_runs.csv
Fixed iteration,Chao,GRASP,p7.3.k,3,2500,2500,593.0,633.0,6.3191153238546605,218.6155526381686,33,0.4717237999993813,True,2,03_fixed_2500_baselines/raw_runs.csv
Fixed iteration,Chao,GRASP,p7.3.l,0,2500,2500,650.0,684.0,4.970760233918129,238.88845616270493,38,0.4909483000010368,True,2,03_fixed_2500_baselines/raw_runs.csv
Fixed iteration,Chao,GRASP,p7.3.l,1,2500,2500,642.0,684.0,6.140350877192983,235.1197077949492,41,0.4854158999987703,True,2,03_fixed_2500_baselines/raw_runs.csv
Fixed iteration,Chao,GRASP,p7.3.l,2,2500,2500,647.0,684.0,5.409356725146199,235.91955978154687,37,0.4822212999988551,True,2,03_fixed_2500_baselines/raw_runs.csv
Fixed iteration,Chao,GRASP,p7.3.l,3,2500,2500,645.0,684.0,5.701754385964913,237.61349928179936,39,0.4940771000001405,True,2,03_fixed_2500_baselines/raw_runs.csv
Fixed iteration,Chao,GRASP,p7.3.m,0,2500,2500,714.0,762.0,6.299212598425197,256.92083961601946,41,0.5314254000004439,True,2,03_fixed_2500_baselines/raw_runs.csv
Fixed iteration,Chao,GRASP,p7.3.m,1,2500,2500,686.0,762.0,9.973753280839896,256.15289974643247,39,0.5250067000015406,True,2,03_fixed_2500_baselines/raw_runs.csv
Fixed iteration,Chao,GRASP,p7.3.m,2,2500,2500,683.0,762.0,10.36745406824147,255.3025450660762,39,0.5268120000000636,True,2,03_fixed_2500_baselines/raw_runs.csv
Fixed iteration,Chao,GRASP,p7.3.m,3,2500,2500,684.0,762.0,10.236220472440944,257.2605700343987,40,0.5202750999997079,True,2,03_fixed_2500_baselines/raw_runs.csv
Fixed iteration,Chao,GRASP,p7.3.n,0,2500,2500,748.0,820.0,8.78048780487805,273.56295215238544,44,0.5401654000015697,True,2,03_fixed_2500_baselines/raw_runs.csv
Fixed iteration,Chao,GRASP,p7.3.n,1,2500,2500,729.0,820.0,11.097560975609756,274.1413929866086,42,0.5689213000005111,True,2,03_fixed_2500_baselines/raw_runs.csv
Fixed iteration,Chao,GRASP,p7.3.n,2,2500,2500,745.0,820.0,9.146341463414634,272.9504493395971,45,0.5750320999995893,True,2,03_fixed_2500_baselines/raw_runs.csv
Fixed iteration,Chao,GRASP,p7.3.n,3,2500,2500,738.0,820.0,10.0,272.3555457776717,44,0.5543904999994993,True,2,03_fixed_2500_baselines/raw_runs.csv
Fixed iteration,Chao,GRASP,p7.3.o,0,2500,2500,806.0,874.0,7.780320366132723,290.29023691313887,47,0.567623700000695,True,2,03_fixed_2500_baselines/raw_runs.csv
Fixed iteration,Chao,GRASP,p7.3.o,1,2500,2500,783.0,874.0,10.411899313501143,295.12768130353527,44,0.5685339999999997,True,2,03_fixed_2500_baselines/raw_runs.csv
Fixed iteration,Chao,GRASP,p7.3.o,2,2500,2500,775.0,874.0,11.327231121281464,296.3425425680797,47,0.5689170000005106,True,2,03_fixed_2500_baselines/raw_runs.csv
Fixed iteration,Chao,GRASP,p7.3.o,3,2500,2500,789.0,874.0,9.725400457665904,297.42371613823406,45,0.5761705999993865,True,2,03_fixed_2500_baselines/raw_runs.csv
Fixed iteration,Chao,GRASP,p7.3.p,0,2500,2500,828.0,929.0,10.871905274488698,318.36846326092336,49,0.5899155000006431,True,2,03_fixed_2500_baselines/raw_runs.csv
Fixed iteration,Chao,GRASP,p7.3.p,1,2500,2500,835.0,929.0,10.118406889128094,312.31760785826884,49,0.5939166999996814,True,2,03_fixed_2500_baselines/raw_runs.csv
Fixed iteration,Chao,GRASP,p7.3.p,2,2500,2500,815.0,929.0,12.271259418729818,312.79522596640544,49,0.6000989000003756,True,2,03_fixed_2500_baselines/raw_runs.csv
Fixed iteration,Chao,GRASP,p7.3.p,3,2500,2500,815.0,929.0,12.271259418729818,315.7167076635604,49,0.5958203999998659,True,2,03_fixed_2500_baselines/raw_runs.csv
Fixed iteration,Chao,GRASP,p7.3.q,0,2500,2500,869.0,987.0,11.955420466058763,333.04476352680246,53,0.6114141000016389,True,2,03_fixed_2500_baselines/raw_runs.csv
Fixed iteration,Chao,GRASP,p7.3.q,1,2500,2500,872.0,987.0,11.651469098277609,330.5579843170601,52,0.6213320000006206,True,2,03_fixed_2500_baselines/raw_runs.csv
Fixed iteration,Chao,GRASP,p7.3.q,2,2500,2500,870.0,987.0,11.854103343465045,331.011669721147,52,0.6174045999996451,True,2,03_fixed_2500_baselines/raw_runs.csv
Fixed iteration,Chao,GRASP,p7.3.q,3,2500,2500,877.0,987.0,11.144883485309018,335.5960446295318,52,0.6137575000011566,True,2,03_fixed_2500_baselines/raw_runs.csv
Fixed iteration,Chao,GRASP,p7.3.r,0,2500,2500,927.0,1026.0,9.649122807017545,356.38580808496954,53,0.6452318999999989,True,2,03_fixed_2500_baselines/raw_runs.csv
Fixed iteration,Chao,GRASP,p7.3.r,1,2500,2500,903.0,1026.0,11.988304093567251,355.5907157739632,54,0.6419512000011309,True,2,03_fixed_2500_baselines/raw_runs.csv
Fixed iteration,Chao,GRASP,p7.3.r,2,2500,2500,928.0,1026.0,9.551656920077972,349.8164627178403,54,0.640620799998942,True,2,03_fixed_2500_baselines/raw_runs.csv
Fixed iteration,Chao,GRASP,p7.3.r,3,2500,2500,936.0,1026.0,8.771929824561404,352.1865971044852,54,0.6550860000006651,True,2,03_fixed_2500_baselines/raw_runs.csv
Fixed iteration,Chao,GRASP,p7.3.s,0,2500,2500,976.0,1081.0,9.71322849213691,373.9020387791689,57,0.6673288000001776,True,2,03_fixed_2500_baselines/raw_runs.csv
Fixed iteration,Chao,GRASP,p7.3.s,1,2500,2500,964.0,1081.0,10.823311748381128,372.4259372146295,56,0.6681394000006549,True,2,03_fixed_2500_baselines/raw_runs.csv
Fixed iteration,Chao,GRASP,p7.3.s,2,2500,2500,977.0,1081.0,9.620721554116558,368.087218877196,55,0.6625497999993968,True,2,03_fixed_2500_baselines/raw_runs.csv
Fixed iteration,Chao,GRASP,p7.3.s,3,2500,2500,947.0,1081.0,12.395929694727105,374.24355266545285,54,0.6603300000006129,True,2,03_fixed_2500_baselines/raw_runs.csv
Fixed iteration,Chao,GRASP,p7.3.t,0,2500,2500,1010.0,1120.0,9.821428571428571,396.2392615792954,58,0.6872068000011495,True,2,03_fixed_2500_baselines/raw_runs.csv
Fixed iteration,Chao,GRASP,p7.3.t,1,2500,2500,1019.0,1120.0,9.017857142857142,389.9882118891519,61,0.6921657000002597,True,2,03_fixed_2500_baselines/raw_runs.csv
Fixed iteration,Chao,GRASP,p7.3.t,2,2500,2500,1028.0,1120.0,8.214285714285714,391.5862725788213,59,0.6906261999993148,True,2,03_fixed_2500_baselines/raw_runs.csv
Fixed iteration,Chao,GRASP,p7.3.t,3,2500,2500,1016.0,1120.0,9.285714285714286,395.8230829889844,58,0.6935632000004261,True,2,03_fixed_2500_baselines/raw_runs.csv
Fixed iteration,Chao,GRASP,p7.4.g,0,2500,2500,208.0,217.0,4.147465437788019,133.0158385247995,13,0.3652947999999014,True,2,03_fixed_2500_baselines/raw_runs.csv
Fixed iteration,Chao,GRASP,p7.4.g,1,2500,2500,211.0,217.0,2.7649769585253456,134.16570369586384,12,0.3548956000013277,True,2,03_fixed_2500_baselines/raw_runs.csv
Fixed iteration,Chao,GRASP,p7.4.g,2,2500,2500,212.0,217.0,2.304147465437788,139.28410437469074,13,0.3568474999992759,True,2,03_fixed_2500_baselines/raw_runs.csv
Fixed iteration,Chao,GRASP,p7.4.g,3,2500,2500,217.0,217.0,0.0,131.83781040222212,14,0.3518571999993582,True,2,03_fixed_2500_baselines/raw_runs.csv
Fixed iteration,Chao,GRASP,p7.4.h,0,2500,2500,283.0,285.0,0.7017543859649122,153.36318988284708,17,0.372770699999819,True,2,03_fixed_2500_baselines/raw_runs.csv
Fixed iteration,Chao,GRASP,p7.4.h,1,2500,2500,276.0,285.0,3.1578947368421053,156.8240202151027,16,0.3666647999998531,True,2,03_fixed_2500_baselines/raw_runs.csv
Fixed iteration,Chao,GRASP,p7.4.h,2,2500,2500,283.0,285.0,0.7017543859649122,156.25027409944562,16,0.3744430000006105,True,2,03_fixed_2500_baselines/raw_runs.csv
Fixed iteration,Chao,GRASP,p7.4.h,3,2500,2500,279.0,285.0,2.1052631578947367,151.55483745088895,16,0.3772229000005609,True,2,03_fixed_2500_baselines/raw_runs.csv
Fixed iteration,Chao,GRASP,p7.4.i,0,2500,2500,351.0,366.0,4.098360655737705,172.78310131511137,21,0.4024028999992879,True,2,03_fixed_2500_baselines/raw_runs.csv
Fixed iteration,Chao,GRASP,p7.4.i,1,2500,2500,363.0,366.0,0.819672131147541,177.58186423772875,22,0.402449199998955,True,2,03_fixed_2500_baselines/raw_runs.csv
Fixed iteration,Chao,GRASP,p7.4.i,2,2500,2500,343.0,366.0,6.284153005464481,175.098385271143,21,0.3932433000009041,True,2,03_fixed_2500_baselines/raw_runs.csv
Fixed iteration,Chao,GRASP,p7.4.i,3,2500,2500,347.0,366.0,5.191256830601093,174.3725492820167,20,0.3940848000002006,True,2,03_fixed_2500_baselines/raw_runs.csv
Fixed iteration,Chao,GRASP,p7.4.k,0,2500,2500,498.0,520.0,4.230769230769231,213.0634805422337,31,0.4539654000000155,True,2,03_fixed_2500_baselines/raw_runs.csv
Fixed iteration,Chao,GRASP,p7.4.k,1,2500,2500,493.0,520.0,5.1923076923076925,213.7648048121946,28,0.4510338000000047,True,2,03_fixed_2500_baselines/raw_runs.csv
Fixed iteration,Chao,GRASP,p7.4.k,2,2500,2500,503.0,520.0,3.269230769230769,214.55678510172305,31,0.4582774000009522,True,2,03_fixed_2500_baselines/raw_runs.csv
Fixed iteration,Chao,GRASP,p7.4.k,3,2500,2500,500.0,520.0,3.8461538461538463,214.7852732029857,30,0.4631683000006887,True,2,03_fixed_2500_baselines/raw_runs.csv
Fixed iteration,Chao,GRASP,p7.4.l,0,2500,2500,548.0,590.0,7.11864406779661,234.79354504294463,33,0.483722700000726,True,2,03_fixed_2500_baselines/raw_runs.csv
Fixed iteration,Chao,GRASP,p7.4.l,1,2500,2500,549.0,590.0,6.9491525423728815,234.4755255158613,34,0.4833180000005086,True,2,03_fixed_2500_baselines/raw_runs.csv
Fixed iteration,Chao,GRASP,p7.4.l,2,2500,2500,545.0,590.0,7.627118644067797,235.14065936974453,34,0.4799588000005315,True,2,03_fixed_2500_baselines/raw_runs.csv
Fixed iteration,Chao,GRASP,p7.4.l,3,2500,2500,551.0,590.0,6.610169491525424,234.0631203327132,32,0.4859031999985745,True,2,03_fixed_2500_baselines/raw_runs.csv
Fixed iteration,Chao,GRASP,p7.4.m,0,2500,2500,602.0,646.0,6.811145510835913,250.9928389138372,38,0.5084583000007115,True,2,03_fixed_2500_baselines/raw_runs.csv
Fixed iteration,Chao,GRASP,p7.4.m,1,2500,2500,587.0,646.0,9.13312693498452,252.79020716302423,35,0.5119455000003654,True,2,03_fixed_2500_baselines/raw_runs.csv
Fixed iteration,Chao,GRASP,p7.4.m,2,2500,2500,600.0,646.0,7.120743034055727,254.08700865721343,36,0.5059588999993139,True,2,03_fixed_2500_baselines/raw_runs.csv
Fixed iteration,Chao,GRASP,p7.4.m,3,2500,2500,602.0,646.0,6.811145510835913,253.98002728458584,36,0.5062195999998949,True,2,03_fixed_2500_baselines/raw_runs.csv
Fixed iteration,Chao,GRASP,p7.4.n,0,2500,2500,665.0,730.0,8.904109589041095,271.78344303060067,42,0.5360533999992185,True,2,03_fixed_2500_baselines/raw_runs.csv
Fixed iteration,Chao,GRASP,p7.4.n,1,2500,2500,650.0,730.0,10.95890410958904,274.46618302634323,39,0.5300360000001092,True,2,03_fixed_2500_baselines/raw_runs.csv
Fixed iteration,Chao,GRASP,p7.4.n,2,2500,2500,665.0,730.0,8.904109589041095,276.6062363500004,40,0.5296051000004809,True,2,03_fixed_2500_baselines/raw_runs.csv
Fixed iteration,Chao,GRASP,p7.4.n,3,2500,2500,649.0,730.0,11.095890410958905,274.7548547992828,42,0.5320274999994581,True,2,03_fixed_2500_baselines/raw_runs.csv
Fixed iteration,Chao,GRASP,p7.4.o,0,2500,2500,728.0,781.0,6.786171574903969,292.1789506448465,42,0.5466474000004382,True,2,03_fixed_2500_baselines/raw_runs.csv
Fixed iteration,Chao,GRASP,p7.4.o,1,2500,2500,698.0,781.0,10.627400768245838,291.4441099077783,43,0.5540378000005148,True,2,03_fixed_2500_baselines/raw_runs.csv
Fixed iteration,Chao,GRASP,p7.4.o,2,2500,2500,710.0,781.0,9.090909090909092,292.0650664259366,43,0.5608618000005663,True,2,03_fixed_2500_baselines/raw_runs.csv
Fixed iteration,Chao,GRASP,p7.4.o,3,2500,2500,720.0,781.0,7.810499359795134,294.3570781919466,44,0.5548328999993828,True,2,03_fixed_2500_baselines/raw_runs.csv
Fixed iteration,Chao,GRASP,p7.4.p,0,2500,2500,782.0,846.0,7.5650118203309695,315.61682191800924,48,0.5772758000002796,True,2,03_fixed_2500_baselines/raw_runs.csv
Fixed iteration,Chao,GRASP,p7.4.p,1,2500,2500,779.0,846.0,7.919621749408983,311.1578798171187,48,0.5787548000007519,True,2,03_fixed_2500_baselines/raw_runs.csv
Fixed iteration,Chao,GRASP,p7.4.p,2,2500,2500,780.0,846.0,7.801418439716312,317.87772104132284,46,0.5914609000010387,True,2,03_fixed_2500_baselines/raw_runs.csv
Fixed iteration,Chao,GRASP,p7.4.p,3,2500,2500,772.0,846.0,8.747044917257684,314.2614788883984,47,0.5841392000002088,True,2,03_fixed_2500_baselines/raw_runs.csv
Fixed iteration,Chao,GRASP,p7.4.q,0,2500,2500,840.0,909.0,7.590759075907591,332.7005748300841,48,0.6080526000005193,True,2,03_fixed_2500_baselines/raw_runs.csv
Fixed iteration,Chao,GRASP,p7.4.q,1,2500,2500,802.0,909.0,11.77117711771177,330.7493060299894,49,0.6008247999998275,True,2,03_fixed_2500_baselines/raw_runs.csv
Fixed iteration,Chao,GRASP,p7.4.q,2,2500,2500,817.0,909.0,10.121012101210122,332.61652028806134,49,0.6017771000006178,True,2,03_fixed_2500_baselines/raw_runs.csv
Fixed iteration,Chao,GRASP,p7.4.q,3,2500,2500,821.0,909.0,9.68096809680968,334.01507534989884,48,0.6009387999984028,True,2,03_fixed_2500_baselines/raw_runs.csv
Fixed iteration,Chao,GRASP,p7.4.r,0,2500,2500,867.0,970.0,10.618556701030927,345.9951377129422,51,0.6203067999995255,True,2,03_fixed_2500_baselines/raw_runs.csv
Fixed iteration,Chao,GRASP,p7.4.r,1,2500,2500,876.0,970.0,9.690721649484535,349.655473953599,52,0.6238209000002826,True,2,03_fixed_2500_baselines/raw_runs.csv
Fixed iteration,Chao,GRASP,p7.4.r,2,2500,2500,874.0,970.0,9.896907216494846,349.1106437473159,49,0.6258646000005683,True,2,03_fixed_2500_baselines/raw_runs.csv
Fixed iteration,Chao,GRASP,p7.4.r,3,2500,2500,896.0,970.0,7.628865979381444,352.5014169861344,56,0.6268503000010242,True,2,03_fixed_2500_baselines/raw_runs.csv
Fixed iteration,Chao,GRASP,p7.4.s,0,2500,2500,948.0,1022.0,7.240704500978474,365.7111354417551,55,0.6515061000009155,True,2,03_fixed_2500_baselines/raw_runs.csv
Fixed iteration,Chao,GRASP,p7.4.s,1,2500,2500,926.0,1022.0,9.393346379647749,372.13803962148495,56,0.6491029000007984,True,2,03_fixed_2500_baselines/raw_runs.csv
Fixed iteration,Chao,GRASP,p7.4.s,2,2500,2500,913.0,1022.0,10.66536203522505,369.1628151525356,55,0.647797100000389,True,2,03_fixed_2500_baselines/raw_runs.csv
Fixed iteration,Chao,GRASP,p7.4.s,3,2500,2500,909.0,1022.0,11.056751467710372,370.7104389384655,53,0.6420491999997466,True,2,03_fixed_2500_baselines/raw_runs.csv
Fixed iteration,Chao,GRASP,p7.4.t,0,2500,2500,976.0,1077.0,9.377901578458681,395.2004095278256,59,0.6819382000012411,True,2,03_fixed_2500_baselines/raw_runs.csv
Fixed iteration,Chao,GRASP,p7.4.t,1,2500,2500,947.0,1077.0,12.070566388115134,397.41231603302015,57,0.6643702000001213,True,2,03_fixed_2500_baselines/raw_runs.csv
Fixed iteration,Chao,GRASP,p7.4.t,2,2500,2500,982.0,1077.0,8.820798514391829,391.38177251669305,59,0.6681511999995564,True,2,03_fixed_2500_baselines/raw_runs.csv
Fixed iteration,Chao,GRASP,p7.4.t,3,2500,2500,955.0,1077.0,11.327762302692665,386.1961719786741,58,0.6731450000006589,True,2,03_fixed_2500_baselines/raw_runs.csv
Fixed iteration,Chao,ILS,p4.2.a,0,2500,2500,162.0,206.0,21.359223300970875,48.366228979073625,11,0.2203100999995513,True,2,03_fixed_2500_baselines/raw_runs.csv
Fixed iteration,Chao,ILS,p4.2.a,1,2500,2500,162.0,206.0,21.359223300970875,48.366228979073625,11,0.2157490999998117,True,2,03_fixed_2500_baselines/raw_runs.csv
Fixed iteration,Chao,ILS,p4.2.a,2,2500,2500,162.0,206.0,21.359223300970875,48.366228979073625,11,0.2294845000014902,True,2,03_fixed_2500_baselines/raw_runs.csv
Fixed iteration,Chao,ILS,p4.2.a,3,2500,2500,162.0,206.0,21.359223300970875,48.366228979073625,11,0.2280461000009381,True,2,03_fixed_2500_baselines/raw_runs.csv
Fixed iteration,Chao,ILS,p4.2.b,0,2500,2500,278.0,341.0,18.475073313782993,58.765067773374696,17,0.3313173000005918,True,2,03_fixed_2500_baselines/raw_runs.csv
Fixed iteration,Chao,ILS,p4.2.b,1,2500,2500,278.0,341.0,18.475073313782993,58.765067773374696,17,0.3312081999993097,True,2,03_fixed_2500_baselines/raw_runs.csv
Fixed iteration,Chao,ILS,p4.2.b,2,2500,2500,278.0,341.0,18.475073313782993,58.765067773374696,17,0.3392951000005269,True,2,03_fixed_2500_baselines/raw_runs.csv
Fixed iteration,Chao,ILS,p4.2.b,3,2500,2500,278.0,341.0,18.475073313782993,58.765067773374696,17,0.3307422000016231,True,2,03_fixed_2500_baselines/raw_runs.csv
Fixed iteration,Chao,ILS,p4.2.c,0,2500,2500,354.0,452.0,21.68141592920354,64.96484248820659,22,0.583001000000877,True,2,03_fixed_2500_baselines/raw_runs.csv
Fixed iteration,Chao,ILS,p4.2.c,1,2500,2500,354.0,452.0,21.68141592920354,64.96484248820659,22,0.5800878999998531,True,2,03_fixed_2500_baselines/raw_runs.csv
Fixed iteration,Chao,ILS,p4.2.c,2,2500,2500,354.0,452.0,21.68141592920354,64.96484248820659,22,0.5775130000001809,True,2,03_fixed_2500_baselines/raw_runs.csv
Fixed iteration,Chao,ILS,p4.2.c,3,2500,2500,354.0,452.0,21.68141592920354,64.96484248820659,22,0.5756018000010954,True,2,03_fixed_2500_baselines/raw_runs.csv
Fixed iteration,Chao,ILS,p4.2.d,0,2500,2500,442.0,531.0,16.760828625235405,76.19437140897914,31,1.036495799999102,True,2,03_fixed_2500_baselines/raw_runs.csv
Fixed iteration,Chao,ILS,p4.2.d,1,2500,2500,442.0,531.0,16.760828625235405,76.19437140897914,31,1.0557537999993656,True,2,03_fixed_2500_baselines/raw_runs.csv
Fixed iteration,Chao,ILS,p4.2.d,2,2500,2500,442.0,531.0,16.760828625235405,76.19437140897914,31,1.0476294000000053,True,2,03_fixed_2500_baselines/raw_runs.csv
Fixed iteration,Chao,ILS,p4.2.d,3,2500,2500,442.0,531.0,16.760828625235405,76.19437140897914,31,1.039032999999108,True,2,03_fixed_2500_baselines/raw_runs.csv
Fixed iteration,Chao,ILS,p4.2.e,0,2500,2500,485.0,618.0,21.521035598705502,86.45110828351028,35,1.1969271000016306,True,2,03_fixed_2500_baselines/raw_runs.csv
Fixed iteration,Chao,ILS,p4.2.e,1,2500,2500,485.0,618.0,21.521035598705502,86.45110828351028,35,1.2096799999999348,True,2,03_fixed_2500_baselines/raw_runs.csv
Fixed iteration,Chao,ILS,p4.2.e,2,2500,2500,485.0,618.0,21.521035598705502,86.45110828351028,35,1.1763996000008774,True,2,03_fixed_2500_baselines/raw_runs.csv
Fixed iteration,Chao,ILS,p4.2.e,3,2500,2500,485.0,618.0,21.521035598705502,86.45110828351028,35,1.1771451000004165,True,2,03_fixed_2500_baselines/raw_runs.csv
Fixed iteration,Chao,ILS,p4.2.f,0,2500,2500,553.0,687.0,19.50509461426492,91.71254827782452,38,1.3666625000005297,True,2,03_fixed_2500_baselines/raw_runs.csv
Fixed iteration,Chao,ILS,p4.2.f,1,2500,2500,553.0,687.0,19.50509461426492,91.71254827782452,38,1.3365080000003218,True,2,03_fixed_2500_baselines/raw_runs.csv
Fixed iteration,Chao,ILS,p4.2.f,2,2500,2500,553.0,687.0,19.50509461426492,91.71254827782452,38,1.2851613000002544,True,2,03_fixed_2500_baselines/raw_runs.csv
Fixed iteration,Chao,ILS,p4.2.f,3,2500,2500,553.0,687.0,19.50509461426492,91.71254827782452,38,1.2918938999991951,True,2,03_fixed_2500_baselines/raw_runs.csv
Fixed iteration,Chao,ILS,p4.2.g,0,2500,2500,635.0,757.0,16.116248348745046,106.4139431046815,44,1.9948733000001084,True,2,03_fixed_2500_baselines/raw_runs.csv
Fixed iteration,Chao,ILS,p4.2.g,1,2500,2500,645.0,757.0,14.795244385733158,107.58152274349804,44,1.999318100000892,True,2,03_fixed_2500_baselines/raw_runs.csv
Fixed iteration,Chao,ILS,p4.2.g,2,2500,2500,645.0,757.0,14.795244385733158,107.43787190168196,44,1.9338820000011765,True,2,03_fixed_2500_baselines/raw_runs.csv
Fixed iteration,Chao,ILS,p4.2.g,3,2500,2500,646.0,757.0,14.663143989431969,108.3718597768578,45,1.9772304000016447,True,2,03_fixed_2500_baselines/raw_runs.csv
Fixed iteration,Chao,ILS,p4.2.h,0,2500,2500,670.0,835.0,19.760479041916167,113.83957894299832,47,2.1276644000008678,True,2,03_fixed_2500_baselines/raw_runs.csv
Fixed iteration,Chao,ILS,p4.2.h,1,2500,2500,670.0,835.0,19.760479041916167,113.83957894299832,47,2.145481700001256,True,2,03_fixed_2500_baselines/raw_runs.csv
Fixed iteration,Chao,ILS,p4.2.h,2,2500,2500,670.0,835.0,19.760479041916167,118.47216534641451,47,2.122911399999793,True,2,03_fixed_2500_baselines/raw_runs.csv
Fixed iteration,Chao,ILS,p4.2.h,3,2500,2500,670.0,835.0,19.760479041916167,118.47216534641451,47,2.113642700000128,True,2,03_fixed_2500_baselines/raw_runs.csv
Fixed iteration,Chao,ILS,p4.2.i,0,2500,2500,698.0,918.0,23.965141612200437,120.4498046175828,50,2.251033999998981,True,2,03_fixed_2500_baselines/raw_runs.csv
Fixed iteration,Chao,ILS,p4.2.i,1,2500,2500,698.0,918.0,23.965141612200437,120.4498046175828,50,2.266107000001284,True,2,03_fixed_2500_baselines/raw_runs.csv
Fixed iteration,Chao,ILS,p4.2.i,2,2500,2500,720.0,918.0,21.568627450980394,127.07311523132364,48,2.1596831000006205,True,2,03_fixed_2500_baselines/raw_runs.csv
Fixed iteration,Chao,ILS,p4.2.i,3,2500,2500,698.0,918.0,23.965141612200437,120.4498046175828,50,2.318398800000068,True,2,03_fixed_2500_baselines/raw_runs.csv
Fixed iteration,Chao,ILS,p4.2.j,0,2500,2500,756.0,965.0,21.6580310880829,136.72202058668304,52,3.050868300000729,True,2,03_fixed_2500_baselines/raw_runs.csv
Fixed iteration,Chao,ILS,p4.2.j,1,2500,2500,748.0,965.0,22.487046632124354,135.63140451795948,52,3.027982300000076,True,2,03_fixed_2500_baselines/raw_runs.csv
Fixed iteration,Chao,ILS,p4.2.j,2,2500,2500,748.0,965.0,22.487046632124354,135.63140451795948,52,3.1246172999999544,True,2,03_fixed_2500_baselines/raw_runs.csv
Fixed iteration,Chao,ILS,p4.2.j,3,2500,2500,747.0,965.0,22.590673575129532,135.55406291145525,51,2.822098200000255,True,2,03_fixed_2500_baselines/raw_runs.csv
Fixed iteration,Chao,ILS,p4.2.k,0,2500,2500,885.0,1022.0,13.405088062622308,147.7555569061769,50,2.330846200000451,True,2,03_fixed_2500_baselines/raw_runs.csv
Fixed iteration,Chao,ILS,p4.2.k,1,2500,2500,871.0,1022.0,14.774951076320939,148.7176832491852,52,2.8755848000000697,True,2,03_fixed_2500_baselines/raw_runs.csv
Fixed iteration,Chao,ILS,p4.2.k,2,2500,2500,899.0,1022.0,12.03522504892368,148.88630303118953,54,2.9812172000001738,True,2,03_fixed_2500_baselines/raw_runs.csv
Fixed iteration,Chao,ILS,p4.2.k,3,2500,2500,903.0,1022.0,11.643835616438356,149.64817324674942,51,2.692136600000594,True,2,03_fixed_2500_baselines/raw_runs.csv
Fixed iteration,Chao,ILS,p4.2.l,0,2500,2500,972.0,1074.0,9.497206703910615,157.7074751761474,57,3.160300699999425,True,2,03_fixed_2500_baselines/raw_runs.csv
Fixed iteration,Chao,ILS,p4.2.l,1,2500,2500,972.0,1074.0,9.497206703910615,157.7074751761474,57,3.1293937000009464,True,2,03_fixed_2500_baselines/raw_runs.csv
Fixed iteration,Chao,ILS,p4.2.l,2,2500,2500,973.0,1074.0,9.404096834264433,158.0858365026998,60,3.2595925999994506,True,2,03_fixed_2500_baselines/raw_runs.csv
Fixed iteration,Chao,ILS,p4.2.l,3,2500,2500,969.0,1074.0,9.776536312849162,156.27554876441332,58,3.1834397000002355,True,2,03_fixed_2500_baselines/raw_runs.csv
Fixed iteration,Chao,ILS,p4.2.m,0,2500,2500,1000.0,1132.0,11.66077738515901,166.39775100080055,61,3.789280699998926,True,2,03_fixed_2500_baselines/raw_runs.csv
Fixed iteration,Chao,ILS,p4.2.m,1,2500,2500,1012.0,1132.0,10.60070671378092,166.46255525049028,64,4.42731509999976,True,2,03_fixed_2500_baselines/raw_runs.csv
Fixed iteration,Chao,ILS,p4.2.m,2,2500,2500,1009.0,1132.0,10.865724381625443,166.74014445018992,64,4.386484299999211,True,2,03_fixed_2500_baselines/raw_runs.csv
Fixed iteration,Chao,ILS,p4.2.m,3,2500,2500,1011.0,1132.0,10.68904593639576,165.30032844476548,63,4.328683900001124,True,2,03_fixed_2500_baselines/raw_runs.csv
Fixed iteration,Chao,ILS,p4.2.n,0,2500,2500,1055.0,1174.0,10.136286201022147,176.59154454125184,68,4.680657200000496,True,2,03_fixed_2500_baselines/raw_runs.csv
Fixed iteration,Chao,ILS,p4.2.n,1,2500,2500,1058.0,1174.0,9.880749574105621,174.30076055528144,67,4.62300200000027,True,2,03_fixed_2500_baselines/raw_runs.csv
Fixed iteration,Chao,ILS,p4.2.n,2,2500,2500,1110.0,1174.0,5.45144804088586,178.5915651847539,71,5.369666900000084,True,2,03_fixed_2500_baselines/raw_runs.csv
Fixed iteration,Chao,ILS,p4.2.n,3,2500,2500,1071.0,1174.0,8.773424190800682,174.90000300763938,69,4.811275300000489,True,2,03_fixed_2500_baselines/raw_runs.csv
Fixed iteration,Chao,ILS,p4.2.o,0,2500,2500,1124.0,1218.0,7.717569786535304,185.2435418020181,71,5.51959270000043,True,2,03_fixed_2500_baselines/raw_runs.csv
Fixed iteration,Chao,ILS,p4.2.o,1,2500,2500,1139.0,1218.0,6.486042692939245,188.53368675750264,75,6.546612900001492,True,2,03_fixed_2500_baselines/raw_runs.csv
Fixed iteration,Chao,ILS,p4.2.o,2,2500,2500,1143.0,1218.0,6.157635467980295,187.6268239047605,75,6.36083250000047,True,2,03_fixed_2500_baselines/raw_runs.csv
Fixed iteration,Chao,ILS,p4.2.o,3,2500,2500,1142.0,1218.0,6.239737274220033,188.3905840579198,74,6.289281699999265,True,2,03_fixed_2500_baselines/raw_runs.csv
Fixed iteration,Chao,ILS,p4.2.p,0,2500,2500,1180.0,1242.0,4.99194847020934,199.55881615896337,80,6.770348500000182,True,2,03_fixed_2500_baselines/raw_runs.csv
Fixed iteration,Chao,ILS,p4.2.p,1,2500,2500,1165.0,1242.0,6.199677938808374,192.88154240904467,78,6.698011599999518,True,2,03_fixed_2500_baselines/raw_runs.csv
Fixed iteration,Chao,ILS,p4.2.p,2,2500,2500,1167.0,1242.0,6.038647342995169,193.2753810234824,79,6.78913140000077,True,2,03_fixed_2500_baselines/raw_runs.csv
Fixed iteration,Chao,ILS,p4.2.p,3,2500,2500,1199.0,1242.0,3.4621578099838968,198.95367743131789,76,6.442856200001188,True,2,03_fixed_2500_baselines/raw_runs.csv
Fixed iteration,Chao,ILS,p4.2.q,0,2500,2500,1252.0,1268.0,1.2618296529968454,209.61434340777092,87,8.452598800000487,True,2,03_fixed_2500_baselines/raw_runs.csv
Fixed iteration,Chao,ILS,p4.2.q,1,2500,2500,1212.0,1268.0,4.416403785488959,207.037080015693,89,9.104222100000698,True,2,03_fixed_2500_baselines/raw_runs.csv
Fixed iteration,Chao,ILS,p4.2.q,2,2500,2500,1205.0,1268.0,4.968454258675079,206.4430367367397,83,8.560273000000961,True,2,03_fixed_2500_baselines/raw_runs.csv
Fixed iteration,Chao,ILS,p4.2.q,3,2500,2500,1212.0,1268.0,4.416403785488959,207.037080015693,89,9.059344799999964,True,2,03_fixed_2500_baselines/raw_runs.csv
Fixed iteration,Chao,ILS,p4.2.r,0,2500,2500,1279.0,1292.0,1.0061919504643964,219.25762173899568,91,8.844466099999408,True,2,03_fixed_2500_baselines/raw_runs.csv
Fixed iteration,Chao,ILS,p4.2.r,1,2500,2500,1279.0,1292.0,1.0061919504643964,219.25762173899568,91,8.781782599999133,True,2,03_fixed_2500_baselines/raw_runs.csv
Fixed iteration,Chao,ILS,p4.2.r,2,2500,2500,1279.0,1292.0,1.0061919504643964,219.25762173899568,91,8.861848100001225,True,2,03_fixed_2500_baselines/raw_runs.csv
Fixed iteration,Chao,ILS,p4.2.r,3,2500,2500,1271.0,1292.0,1.6253869969040247,219.10045104807145,92,8.971704400000817,True,2,03_fixed_2500_baselines/raw_runs.csv
Fixed iteration,Chao,ILS,p4.2.s,0,2500,2500,1237.0,1304.0,5.138036809815951,228.67969505832912,92,9.094272800000908,True,2,03_fixed_2500_baselines/raw_runs.csv
Fixed iteration,Chao,ILS,p4.2.s,1,2500,2500,1287.0,1304.0,1.303680981595092,228.62172172931736,91,8.882965999999215,True,2,03_fixed_2500_baselines/raw_runs.csv
Fixed iteration,Chao,ILS,p4.2.s,2,2500,2500,1271.0,1304.0,2.5306748466257667,224.34602330453805,91,9.052750000000742,True,2,03_fixed_2500_baselines/raw_runs.csv
Fixed iteration,Chao,ILS,p4.2.s,3,2500,2500,1282.0,1304.0,1.687116564417178,229.86938085215476,91,8.709791499999483,True,2,03_fixed_2500_baselines/raw_runs.csv
Fixed iteration,Chao,ILS,p4.2.t,0,2500,2500,1298.0,1306.0,0.6125574272588055,236.98019421467853,96,6.992649799998617,True,2,03_fixed_2500_baselines/raw_runs.csv
Fixed iteration,Chao,ILS,p4.2.t,1,2500,2500,1303.0,1306.0,0.22970903522205208,239.0510034124905,97,6.057370900000024,True,2,03_fixed_2500_baselines/raw_runs.csv
Fixed iteration,Chao,ILS,p4.2.t,2,2500,2500,1297.0,1306.0,0.6891271056661562,239.00667955383852,95,7.265666600000259,True,2,03_fixed_2500_baselines/raw_runs.csv
Fixed iteration,Chao,ILS,p4.2.t,3,2500,2500,1298.0,1306.0,0.6125574272588055,236.98019421467853,96,7.082435500000429,True,2,03_fixed_2500_baselines/raw_runs.csv
Fixed iteration,Chao,ILS,p4.3.c,0,2500,2500,177.0,193.0,8.290155440414507,66.98566153547822,11,0.286676499999885,True,2,03_fixed_2500_baselines/raw_runs.csv
Fixed iteration,Chao,ILS,p4.3.c,1,2500,2500,177.0,193.0,8.290155440414507,66.98566153547822,11,0.2921953999994002,True,2,03_fixed_2500_baselines/raw_runs.csv
Fixed iteration,Chao,ILS,p4.3.c,2,2500,2500,177.0,193.0,8.290155440414507,66.98566153547822,11,0.2892515000003186,True,2,03_fixed_2500_baselines/raw_runs.csv
Fixed iteration,Chao,ILS,p4.3.c,3,2500,2500,177.0,193.0,8.290155440414507,66.98566153547822,11,0.2935011999998096,True,2,03_fixed_2500_baselines/raw_runs.csv
Fixed iteration,Chao,ILS,p4.3.d,0,2500,2500,270.0,335.0,19.402985074626866,75.49626880677617,18,0.3714811999998346,True,2,03_fixed_2500_baselines/raw_runs.csv
Fixed iteration,Chao,ILS,p4.3.d,1,2500,2500,270.0,335.0,19.402985074626866,75.49626880677617,18,0.3720030999993469,True,2,03_fixed_2500_baselines/raw_runs.csv
Fixed iteration,Chao,ILS,p4.3.d,2,2500,2500,270.0,335.0,19.402985074626866,75.49626880677617,18,0.3676661999998032,True,2,03_fixed_2500_baselines/raw_runs.csv
Fixed iteration,Chao,ILS,p4.3.d,3,2500,2500,270.0,335.0,19.402985074626866,75.49626880677617,18,0.373988699999245,True,2,03_fixed_2500_baselines/raw_runs.csv
Fixed iteration,Chao,ILS,p4.3.e,0,2500,2500,369.0,468.0,21.153846153846153,87.7420558925967,25,0.6544002000009641,True,2,03_fixed_2500_baselines/raw_runs.csv
Fixed iteration,Chao,ILS,p4.3.e,1,2500,2500,369.0,468.0,21.153846153846153,85.88178224660962,25,0.6569853000000876,True,2,03_fixed_2500_baselines/raw_runs.csv
Fixed iteration,Chao,ILS,p4.3.e,2,2500,2500,369.0,468.0,21.153846153846153,85.88178224660962,25,0.6526283000002877,True,2,03_fixed_2500_baselines/raw_runs.csv
Fixed iteration,Chao,ILS,p4.3.e,3,2500,2500,369.0,468.0,21.153846153846153,87.7420558925967,25,0.6541113999992376,True,2,03_fixed_2500_baselines/raw_runs.csv
Fixed iteration,Chao,ILS,p4.3.f,0,2500,2500,449.0,579.0,22.45250431778929,94.95237825357516,29,0.7434391000006144,True,2,03_fixed_2500_baselines/raw_runs.csv
Fixed iteration,Chao,ILS,p4.3.f,1,2500,2500,449.0,579.0,22.45250431778929,94.95237825357516,29,0.7463045000004058,True,2,03_fixed_2500_baselines/raw_runs.csv
Fixed iteration,Chao,ILS,p4.3.f,2,2500,2500,449.0,579.0,22.45250431778929,94.95237825357516,29,0.73497640000096,True,2,03_fixed_2500_baselines/raw_runs.csv
Fixed iteration,Chao,ILS,p4.3.f,3,2500,2500,449.0,579.0,22.45250431778929,94.95237825357516,29,0.7424427999994805,True,2,03_fixed_2500_baselines/raw_runs.csv
Fixed iteration,Chao,ILS,p4.3.g,0,2500,2500,563.0,653.0,13.782542113323125,104.5764749812074,37,1.2468336999991152,True,2,03_fixed_2500_baselines/raw_runs.csv
Fixed iteration,Chao,ILS,p4.3.g,1,2500,2500,554.0,653.0,15.160796324655436,102.18919725914462,37,1.250048500000048,True,2,03_fixed_2500_baselines/raw_runs.csv
Fixed iteration,Chao,ILS,p4.3.g,2,2500,2500,564.0,653.0,13.629402756508423,102.2718107480115,37,1.2587008999998943,True,2,03_fixed_2500_baselines/raw_runs.csv
Fixed iteration,Chao,ILS,p4.3.g,3,2500,2500,565.0,653.0,13.476263399693721,103.66119373037289,38,1.2774487999995472,True,2,03_fixed_2500_baselines/raw_runs.csv
Fixed iteration,Chao,ILS,p4.3.h,0,2500,2500,619.0,729.0,15.089163237311386,113.44826462637694,43,1.929563899999266,True,2,03_fixed_2500_baselines/raw_runs.csv
Fixed iteration,Chao,ILS,p4.3.h,1,2500,2500,652.0,729.0,10.562414266117969,117.79387556887433,45,2.002564899999925,True,2,03_fixed_2500_baselines/raw_runs.csv
Fixed iteration,Chao,ILS,p4.3.h,2,2500,2500,648.0,729.0,11.11111111111111,116.1139752025299,43,1.927742699999726,True,2,03_fixed_2500_baselines/raw_runs.csv
Fixed iteration,Chao,ILS,p4.3.h,3,2500,2500,612.0,729.0,16.049382716049383,109.40735821147216,43,1.932448999999906,True,2,03_fixed_2500_baselines/raw_runs.csv
Fixed iteration,Chao,ILS,p4.3.i,0,2500,2500,678.0,809.0,16.19283065512979,125.33486201374282,46,2.054568100000324,True,2,03_fixed_2500_baselines/raw_runs.csv
Fixed iteration,Chao,ILS,p4.3.i,1,2500,2500,697.0,809.0,13.8442521631644,125.7389416354195,47,2.0817337000007683,True,2,03_fixed_2500_baselines/raw_runs.csv
Fixed iteration,Chao,ILS,p4.3.i,2,2500,2500,674.0,809.0,16.687268232385662,123.2162273711566,45,2.014212000000043,True,2,03_fixed_2500_baselines/raw_runs.csv
Fixed iteration,Chao,ILS,p4.3.i,3,2500,2500,684.0,809.0,15.451174289245984,124.42153621580523,45,2.013251999998829,True,2,03_fixed_2500_baselines/raw_runs.csv
Fixed iteration,Chao,ILS,p4.3.j,0,2500,2500,745.0,861.0,13.472706155632984,134.68590720054038,52,2.875177199999598,True,2,03_fixed_2500_baselines/raw_runs.csv
Fixed iteration,Chao,ILS,p4.3.j,1,2500,2500,734.0,861.0,14.750290360046458,131.96367368199924,51,2.5904382999997324,True,2,03_fixed_2500_baselines/raw_runs.csv
Fixed iteration,Chao,ILS,p4.3.j,2,2500,2500,726.0,861.0,15.679442508710801,134.73239527020527,52,2.8950612999997247,True,2,03_fixed_2500_baselines/raw_runs.csv
Fixed iteration,Chao,ILS,p4.3.j,3,2500,2500,722.0,861.0,16.144018583042975,134.9331896134826,51,2.5360670999998547,True,2,03_fixed_2500_baselines/raw_runs.csv
Fixed iteration,Chao,ILS,p4.3.k,0,2500,2500,759.0,919.0,17.410228509249183,131.48124340911366,50,2.221352200000183,True,2,03_fixed_2500_baselines/raw_runs.csv
Fixed iteration,Chao,ILS,p4.3.k,1,2500,2500,759.0,919.0,17.410228509249183,131.48124340911366,50,2.2342992999983835,True,2,03_fixed_2500_baselines/raw_runs.csv
Fixed iteration,Chao,ILS,p4.3.k,2,2500,2500,759.0,919.0,17.410228509249183,131.48124340911366,50,2.219121799998902,True,2,03_fixed_2500_baselines/raw_runs.csv
Fixed iteration,Chao,ILS,p4.3.k,3,2500,2500,759.0,919.0,17.410228509249183,131.48124340911366,50,2.2178679999997257,True,2,03_fixed_2500_baselines/raw_runs.csv
Fixed iteration,Chao,ILS,p4.3.l,0,2500,2500,867.0,979.0,11.440245148110316,156.97153518363336,53,2.985398900000291,True,2,03_fixed_2500_baselines/raw_runs.csv
Fixed iteration,Chao,ILS,p4.3.l,1,2500,2500,838.0,979.0,14.402451481103167,151.3432872134199,54,3.0774951000003057,True,2,03_fixed_2500_baselines/raw_runs.csv
Fixed iteration,Chao,ILS,p4.3.l,2,2500,2500,845.0,979.0,13.687436159346271,149.70641549209455,54,3.1094221000003017,True,2,03_fixed_2500_baselines/raw_runs.csv
Fixed iteration,Chao,ILS,p4.3.l,3,2500,2500,842.0,979.0,13.993871297242084,154.44419473322495,53,3.059869200000321,True,2,03_fixed_2500_baselines/raw_runs.csv
Fixed iteration,Chao,ILS,p4.3.m,0,2500,2500,888.0,1063.0,16.462841015992474,165.20034874403692,59,3.333058699998219,True,2,03_fixed_2500_baselines/raw_runs.csv
Fixed iteration,Chao,ILS,p4.3.m,1,2500,2500,853.0,1063.0,19.75540921919097,158.22882416331228,57,3.233274600001096,True,2,03_fixed_2500_baselines/raw_runs.csv
Fixed iteration,Chao,ILS,p4.3.m,2,2500,2500,874.0,1063.0,17.77986829727187,162.09905925003665,59,3.3185512000000017,True,2,03_fixed_2500_baselines/raw_runs.csv
Fixed iteration,Chao,ILS,p4.3.m,3,2500,2500,875.0,1063.0,17.68579492003763,159.0429922218584,57,3.23031280000032,True,2,03_fixed_2500_baselines/raw_runs.csv
Fixed iteration,Chao,ILS,p4.3.n,0,2500,2500,997.0,1121.0,11.061552185548617,177.3607308461386,65,4.610041899999487,True,2,03_fixed_2500_baselines/raw_runs.csv
Fixed iteration,Chao,ILS,p4.3.n,1,2500,2500,964.0,1121.0,14.00535236396075,170.52330842209187,66,4.651168000000325,True,2,03_fixed_2500_baselines/raw_runs.csv
Fixed iteration,Chao,ILS,p4.3.n,2,2500,2500,961.0,1121.0,14.272970561998216,174.8704614789545,65,4.620998599999439,True,2,03_fixed_2500_baselines/raw_runs.csv
Fixed iteration,Chao,ILS,p4.3.n,3,2500,2500,948.0,1121.0,15.43264942016057,169.3134464184946,64,4.559925800000201,True,2,03_fixed_2500_baselines/raw_runs.csv
Fixed iteration,Chao,ILS,p4.3.o,0,2500,2500,1021.0,1172.0,12.8839590443686,185.12936502689064,67,4.696975200000452,True,2,03_fixed_2500_baselines/raw_runs.csv
Fixed iteration,Chao,ILS,p4.3.o,1,2500,2500,1042.0,1172.0,11.092150170648464,187.64376379849605,66,4.578321500001039,True,2,03_fixed_2500_baselines/raw_runs.csv
Fixed iteration,Chao,ILS,p4.3.o,2,2500,2500,1025.0,1172.0,12.542662116040956,185.88731988505583,66,4.68112999999903,True,2,03_fixed_2500_baselines/raw_runs.csv
Fixed iteration,Chao,ILS,p4.3.o,3,2500,2500,1044.0,1172.0,10.921501706484642,186.7882969014369,67,4.864998099999866,True,2,03_fixed_2500_baselines/raw_runs.csv
Fixed iteration,Chao,ILS,p4.3.p,0,2500,2500,1062.0,1222.0,13.09328968903437,191.9176010115116,70,5.83907790000012,True,2,03_fixed_2500_baselines/raw_runs.csv
Fixed iteration,Chao,ILS,p4.3.p,1,2500,2500,1118.0,1222.0,8.51063829787234,198.7789151136364,73,6.369333000000552,True,2,03_fixed_2500_baselines/raw_runs.csv
Fixed iteration,Chao,ILS,p4.3.p,2,2500,2500,1085.0,1222.0,11.21112929623568,197.8619139316284,74,6.35251419999986,True,2,03_fixed_2500_baselines/raw_runs.csv
Fixed iteration,Chao,ILS,p4.3.p,3,2500,2500,1087.0,1222.0,11.047463175122749,198.8416475623464,71,5.888087799999994,True,2,03_fixed_2500_baselines/raw_runs.csv
Fixed iteration,Chao,ILS,p4.3.q,0,2500,2500,1135.0,1253.0,9.417398244213887,205.7095704513657,74,6.4552439999988565,True,2,03_fixed_2500_baselines/raw_runs.csv
Fixed iteration,Chao,ILS,p4.3.q,1,2500,2500,1114.0,1253.0,11.093375897845172,207.18572443357385,77,6.6716835999995965,True,2,03_fixed_2500_baselines/raw_runs.csv
Fixed iteration,Chao,ILS,p4.3.q,2,2500,2500,1124.0,1253.0,10.295291300877894,207.68294573874093,79,7.08121729999948,True,2,03_fixed_2500_baselines/raw_runs.csv
Fixed iteration,Chao,ILS,p4.3.q,3,2500,2500,1129.0,1253.0,9.896249002394255,208.91897022936143,77,6.926460900000166,True,2,03_fixed_2500_baselines/raw_runs.csv
Fixed iteration,Chao,ILS,p4.3.r,0,2500,2500,1189.0,1273.0,6.598586017282011,215.1465618714484,83,8.32705580000038,True,2,03_fixed_2500_baselines/raw_runs.csv
Fixed iteration,Chao,ILS,p4.3.r,1,2500,2500,1159.0,1273.0,8.955223880597014,215.9142402940936,80,7.026489599998968,True,2,03_fixed_2500_baselines/raw_runs.csv
Fixed iteration,Chao,ILS,p4.3.r,2,2500,2500,1171.0,1273.0,8.012568735271014,214.3342849251303,80,7.01238050000029,True,2,03_fixed_2500_baselines/raw_runs.csv
Fixed iteration,Chao,ILS,p4.3.r,3,2500,2500,1161.0,1273.0,8.798114689709347,216.2793981941582,81,8.24718329999996,True,2,03_fixed_2500_baselines/raw_runs.csv
Fixed iteration,Chao,ILS,p4.3.s,0,2500,2500,1195.0,1295.0,7.722007722007722,224.50019046200148,86,9.12626420000015,True,2,03_fixed_2500_baselines/raw_runs.csv
Fixed iteration,Chao,ILS,p4.3.s,1,2500,2500,1194.0,1295.0,7.7992277992278,223.7098534286417,85,9.054247199999736,True,2,03_fixed_2500_baselines/raw_runs.csv
Fixed iteration,Chao,ILS,p4.3.s,2,2500,2500,1195.0,1295.0,7.722007722007722,225.836092238343,86,9.364430699999502,True,2,03_fixed_2500_baselines/raw_runs.csv
Fixed iteration,Chao,ILS,p4.3.s,3,2500,2500,1196.0,1295.0,7.644787644787645,227.47682618410977,86,9.48730770000111,True,2,03_fixed_2500_baselines/raw_runs.csv
Fixed iteration,Chao,ILS,p4.3.t,0,2500,2500,1277.0,1305.0,2.1455938697318007,238.67407202183196,94,8.810727000000043,True,2,03_fixed_2500_baselines/raw_runs.csv
Fixed iteration,Chao,ILS,p4.3.t,1,2500,2500,1297.0,1305.0,0.6130268199233716,235.5527710793482,95,7.462359099999958,True,2,03_fixed_2500_baselines/raw_runs.csv
Fixed iteration,Chao,ILS,p4.3.t,2,2500,2500,1286.0,1305.0,1.4559386973180077,238.1695000059668,93,8.188982800000304,True,2,03_fixed_2500_baselines/raw_runs.csv
Fixed iteration,Chao,ILS,p4.3.t,3,2500,2500,1277.0,1305.0,2.1455938697318007,237.173612758826,93,8.633099500000753,True,2,03_fixed_2500_baselines/raw_runs.csv
Fixed iteration,Chao,ILS,p4.4.e,0,2500,2500,172.0,183.0,6.0109289617486334,86.14511788549547,12,0.3455983000003471,True,2,03_fixed_2500_baselines/raw_runs.csv
Fixed iteration,Chao,ILS,p4.4.e,1,2500,2500,172.0,183.0,6.0109289617486334,86.14511788549547,12,0.3640261000000464,True,2,03_fixed_2500_baselines/raw_runs.csv
Fixed iteration,Chao,ILS,p4.4.e,2,2500,2500,172.0,183.0,6.0109289617486334,86.14511788549547,12,0.3589747000005445,True,2,03_fixed_2500_baselines/raw_runs.csv
Fixed iteration,Chao,ILS,p4.4.e,3,2500,2500,172.0,183.0,6.0109289617486334,86.14511788549547,12,0.3537790999998833,True,2,03_fixed_2500_baselines/raw_runs.csv
Fixed iteration,Chao,ILS,p4.4.f,0,2500,2500,278.0,324.0,14.197530864197532,95.98006811222884,17,0.4306513999999879,True,2,03_fixed_2500_baselines/raw_runs.csv
Fixed iteration,Chao,ILS,p4.4.f,1,2500,2500,278.0,324.0,14.197530864197532,95.98006811222884,17,0.4185631999989709,True,2,03_fixed_2500_baselines/raw_runs.csv
Fixed iteration,Chao,ILS,p4.4.f,2,2500,2500,278.0,324.0,14.197530864197532,95.98006811222884,17,0.4085300999995525,True,2,03_fixed_2500_baselines/raw_runs.csv
Fixed iteration,Chao,ILS,p4.4.f,3,2500,2500,278.0,324.0,14.197530864197532,95.98006811222884,17,0.4209235999987868,True,2,03_fixed_2500_baselines/raw_runs.csv
Fixed iteration,Chao,ILS,p4.4.g,0,2500,2500,382.0,461.0,17.136659436008678,104.30553152856749,26,0.739337400000295,True,2,03_fixed_2500_baselines/raw_runs.csv
Fixed iteration,Chao,ILS,p4.4.g,1,2500,2500,382.0,461.0,17.136659436008678,104.30553152856749,26,0.7378251000009186,True,2,03_fixed_2500_baselines/raw_runs.csv
Fixed iteration,Chao,ILS,p4.4.g,2,2500,2500,382.0,461.0,17.136659436008678,104.30553152856749,26,0.7383723999992071,True,2,03_fixed_2500_baselines/raw_runs.csv
Fixed iteration,Chao,ILS,p4.4.g,3,2500,2500,382.0,461.0,17.136659436008678,104.30553152856749,26,0.7485153999987233,True,2,03_fixed_2500_baselines/raw_runs.csv
Fixed iteration,Chao,ILS,p4.4.h,0,2500,2500,483.0,571.0,15.411558669001751,112.76155987951172,34,1.2601072999987082,True,2,03_fixed_2500_baselines/raw_runs.csv
Fixed iteration,Chao,ILS,p4.4.h,1,2500,2500,483.0,571.0,15.411558669001751,112.76155987951172,34,1.2571532000001753,True,2,03_fixed_2500_baselines/raw_runs.csv
Fixed iteration,Chao,ILS,p4.4.h,2,2500,2500,483.0,571.0,15.411558669001751,112.76155987951172,34,1.266506500000105,True,2,03_fixed_2500_baselines/raw_runs.csv
Fixed iteration,Chao,ILS,p4.4.h,3,2500,2500,483.0,571.0,15.411558669001751,112.76155987951172,34,1.2594378999983746,True,2,03_fixed_2500_baselines/raw_runs.csv
Fixed iteration,Chao,ILS,p4.4.i,0,2500,2500,544.0,657.0,17.199391171993913,124.10115030618115,38,1.347159200000533,True,2,03_fixed_2500_baselines/raw_runs.csv
Fixed iteration,Chao,ILS,p4.4.i,1,2500,2500,573.0,657.0,12.785388127853881,126.3848635205383,37,1.3357622000003175,True,2,03_fixed_2500_baselines/raw_runs.csv
Fixed iteration,Chao,ILS,p4.4.i,2,2500,2500,573.0,657.0,12.785388127853881,126.3848635205383,37,1.357044100001076,True,2,03_fixed_2500_baselines/raw_runs.csv
Fixed iteration,Chao,ILS,p4.4.i,3,2500,2500,544.0,657.0,17.199391171993913,124.10115030618115,38,1.3572564000005514,True,2,03_fixed_2500_baselines/raw_runs.csv
Fixed iteration,Chao,ILS,p4.4.j,0,2500,2500,651.0,732.0,11.065573770491802,135.2127726317123,43,2.0231906000008166,True,2,03_fixed_2500_baselines/raw_runs.csv
Fixed iteration,Chao,ILS,p4.4.j,1,2500,2500,651.0,732.0,11.065573770491802,135.2127726317123,43,2.020888000000923,True,2,03_fixed_2500_baselines/raw_runs.csv
Fixed iteration,Chao,ILS,p4.4.j,2,2500,2500,651.0,732.0,11.065573770491802,135.2127726317123,43,2.065796999999293,True,2,03_fixed_2500_baselines/raw_runs.csv
Fixed iteration,Chao,ILS,p4.4.j,3,2500,2500,651.0,732.0,11.065573770491802,135.2127726317123,43,2.1263000999988435,True,2,03_fixed_2500_baselines/raw_runs.csv
Fixed iteration,Chao,ILS,p4.4.k,0,2500,2500,703.0,821.0,14.372716199756395,144.464879728565,50,2.26804859999902,True,2,03_fixed_2500_baselines/raw_runs.csv
Fixed iteration,Chao,ILS,p4.4.k,1,2500,2500,686.0,821.0,16.443361753958587,141.9453038130132,49,2.236001200000828,True,2,03_fixed_2500_baselines/raw_runs.csv
Fixed iteration,Chao,ILS,p4.4.k,2,2500,2500,703.0,821.0,14.372716199756395,144.464879728565,50,2.2549090000011347,True,2,03_fixed_2500_baselines/raw_runs.csv
Fixed iteration,Chao,ILS,p4.4.k,3,2500,2500,703.0,821.0,14.372716199756395,144.464879728565,50,2.2542598,True,2,03_fixed_2500_baselines/raw_runs.csv
Fixed iteration,Chao,ILS,p4.4.l,0,2500,2500,745.0,880.0,15.340909090909092,151.81462731723616,53,3.123553000001266,True,2,03_fixed_2500_baselines/raw_runs.csv
Fixed iteration,Chao,ILS,p4.4.l,1,2500,2500,745.0,880.0,15.340909090909092,151.81462731723616,53,3.112658799998826,True,2,03_fixed_2500_baselines/raw_runs.csv
Fixed iteration,Chao,ILS,p4.4.l,2,2500,2500,745.0,880.0,15.340909090909092,153.25371209216613,53,3.113360499999544,True,2,03_fixed_2500_baselines/raw_runs.csv
Fixed iteration,Chao,ILS,p4.4.l,3,2500,2500,745.0,880.0,15.340909090909092,149.4700205346801,53,3.149964300000647,True,2,03_fixed_2500_baselines/raw_runs.csv
Fixed iteration,Chao,ILS,p4.4.m,0,2500,2500,780.0,919.0,15.12513601741023,156.2089819004435,57,3.3391468999998324,True,2,03_fixed_2500_baselines/raw_runs.csv
Fixed iteration,Chao,ILS,p4.4.m,1,2500,2500,774.0,919.0,15.778019586507073,156.38165253455884,56,3.290383600000496,True,2,03_fixed_2500_baselines/raw_runs.csv
Fixed iteration,Chao,ILS,p4.4.m,2,2500,2500,763.0,919.0,16.974972796517953,156.488267911483,56,3.297929899999872,True,2,03_fixed_2500_baselines/raw_runs.csv
Fixed iteration,Chao,ILS,p4.4.m,3,2500,2500,780.0,919.0,15.12513601741023,158.67497499468706,57,3.330406099999891,True,2,03_fixed_2500_baselines/raw_runs.csv
Fixed iteration,Chao,ILS,p4.4.n,0,2500,2500,846.0,976.0,13.319672131147541,165.79588348672064,60,3.505282399999487,True,2,03_fixed_2500_baselines/raw_runs.csv
Fixed iteration,Chao,ILS,p4.4.n,1,2500,2500,846.0,976.0,13.319672131147541,165.79588348672064,60,3.483955399999104,True,2,03_fixed_2500_baselines/raw_runs.csv
Fixed iteration,Chao,ILS,p4.4.n,2,2500,2500,846.0,976.0,13.319672131147541,167.40748178566446,60,3.4786558999985573,True,2,03_fixed_2500_baselines/raw_runs.csv
Fixed iteration,Chao,ILS,p4.4.n,3,2500,2500,846.0,976.0,13.319672131147541,166.12875231906838,60,3.4861051000007137,True,2,03_fixed_2500_baselines/raw_runs.csv
Fixed iteration,Chao,ILS,p4.4.o,0,2500,2500,888.0,1061.0,16.305372290292176,186.03280121268727,61,3.8659368000007817,True,2,03_fixed_2500_baselines/raw_runs.csv
Fixed iteration,Chao,ILS,p4.4.o,1,2500,2500,891.0,1061.0,16.022620169651272,182.68682789302497,62,4.389668600000732,True,2,03_fixed_2500_baselines/raw_runs.csv
Fixed iteration,Chao,ILS,p4.4.o,2,2500,2500,850.0,1061.0,19.886899151743638,175.95877365639043,60,3.5011680999996315,True,2,03_fixed_2500_baselines/raw_runs.csv
Fixed iteration,Chao,ILS,p4.4.o,3,2500,2500,884.0,1061.0,16.682375117813383,185.06196797886008,60,4.034207299999252,True,2,03_fixed_2500_baselines/raw_runs.csv
Fixed iteration,Chao,ILS,p4.4.p,0,2500,2500,997.0,1124.0,11.298932384341636,191.1509651185247,66,4.81841059999897,True,2,03_fixed_2500_baselines/raw_runs.csv
Fixed iteration,Chao,ILS,p4.4.p,1,2500,2500,948.0,1124.0,15.658362989323843,184.1117707958384,65,4.767717099999572,True,2,03_fixed_2500_baselines/raw_runs.csv
Fixed iteration,Chao,ILS,p4.4.p,2,2500,2500,949.0,1124.0,15.569395017793594,184.9645457963364,65,4.761203700001715,True,2,03_fixed_2500_baselines/raw_runs.csv
Fixed iteration,Chao,ILS,p4.4.p,3,2500,2500,956.0,1124.0,14.946619217081851,185.2297926547174,64,4.698037999998633,True,2,03_fixed_2500_baselines/raw_runs.csv
Fixed iteration,Chao,ILS,p4.4.q,0,2500,2500,1024.0,1161.0,11.800172265288545,204.76856977681413,69,5.1158115999987785,True,2,03_fixed_2500_baselines/raw_runs.csv
Fixed iteration,Chao,ILS,p4.4.q,1,2500,2500,975.0,1161.0,16.020671834625322,194.60484321251155,68,5.103414900000644,True,2,03_fixed_2500_baselines/raw_runs.csv
Fixed iteration,Chao,ILS,p4.4.q,2,2500,2500,972.0,1161.0,16.27906976744186,201.3975302136581,67,4.978726499999539,True,2,03_fixed_2500_baselines/raw_runs.csv
Fixed iteration,Chao,ILS,p4.4.q,3,2500,2500,1027.0,1161.0,11.541774332472007,203.91723761081016,67,4.9613907000002655,True,2,03_fixed_2500_baselines/raw_runs.csv
Fixed iteration,Chao,ILS,p4.4.r,0,2500,2500,1155.0,1216.0,5.016447368421052,215.9341998278939,73,6.5655253999993874,True,2,03_fixed_2500_baselines/raw_runs.csv
Fixed iteration,Chao,ILS,p4.4.r,1,2500,2500,1133.0,1216.0,6.8256578947368425,213.7225398233745,77,6.872354099999939,True,2,03_fixed_2500_baselines/raw_runs.csv
Fixed iteration,Chao,ILS,p4.4.r,2,2500,2500,1159.0,1216.0,4.6875,219.43877688281052,73,6.575353000000177,True,2,03_fixed_2500_baselines/raw_runs.csv
Fixed iteration,Chao,ILS,p4.4.r,3,2500,2500,1169.0,1216.0,3.8651315789473686,215.09105755495855,73,6.642055499998605,True,2,03_fixed_2500_baselines/raw_runs.csv
Fixed iteration,Chao,ILS,p4.4.s,0,2500,2500,1240.0,1260.0,1.5873015873015872,227.710310525102,82,8.686026400000628,True,2,03_fixed_2500_baselines/raw_runs.csv
Fixed iteration,Chao,ILS,p4.4.s,1,2500,2500,1208.0,1260.0,4.126984126984127,226.1937115219616,78,6.991990500000611,True,2,03_fixed_2500_baselines/raw_runs.csv
Fixed iteration,Chao,ILS,p4.4.s,2,2500,2500,1227.0,1260.0,2.619047619047619,225.17073441591543,80,7.077428099999452,True,2,03_fixed_2500_baselines/raw_runs.csv
Fixed iteration,Chao,ILS,p4.4.s,3,2500,2500,1202.0,1260.0,4.603174603174603,226.07814048831017,78,6.926480100000845,True,2,03_fixed_2500_baselines/raw_runs.csv
Fixed iteration,Chao,ILS,p4.4.t,0,2500,2500,1251.0,1285.0,2.6459143968871595,234.226583230486,90,9.134715500000311,True,2,03_fixed_2500_baselines/raw_runs.csv
Fixed iteration,Chao,ILS,p4.4.t,1,2500,2500,1257.0,1285.0,2.178988326848249,237.92997541858028,87,9.236184899998989,True,2,03_fixed_2500_baselines/raw_runs.csv
Fixed iteration,Chao,ILS,p4.4.t,2,2500,2500,1263.0,1285.0,1.7120622568093384,237.49883530712307,91,9.42244649999884,True,2,03_fixed_2500_baselines/raw_runs.csv
Fixed iteration,Chao,ILS,p4.4.t,3,2500,2500,1240.0,1285.0,3.501945525291829,237.38003683163697,91,9.400340599999254,True,2,03_fixed_2500_baselines/raw_runs.csv
Fixed iteration,Chao,ILS,p5.2.h,0,2500,2500,390.0,410.0,4.878048780487805,39.49847350245616,18,0.3389078999989579,True,2,03_fixed_2500_baselines/raw_runs.csv
Fixed iteration,Chao,ILS,p5.2.h,1,2500,2500,390.0,410.0,4.878048780487805,39.49847350245616,18,0.3258554999993066,True,2,03_fixed_2500_baselines/raw_runs.csv
Fixed iteration,Chao,ILS,p5.2.h,2,2500,2500,390.0,410.0,4.878048780487805,39.49847350245616,18,0.3244269999995595,True,2,03_fixed_2500_baselines/raw_runs.csv
Fixed iteration,Chao,ILS,p5.2.h,3,2500,2500,390.0,410.0,4.878048780487805,39.49847350245616,18,0.3275675999993837,True,2,03_fixed_2500_baselines/raw_runs.csv
Fixed iteration,Chao,ILS,p5.2.j,0,2500,2500,560.0,580.0,3.4482758620689653,49.84161925296378,24,0.5860413999998855,True,2,03_fixed_2500_baselines/raw_runs.csv
Fixed iteration,Chao,ILS,p5.2.j,1,2500,2500,560.0,580.0,3.4482758620689653,49.84161925296378,24,0.5827054999990651,True,2,03_fixed_2500_baselines/raw_runs.csv
Fixed iteration,Chao,ILS,p5.2.j,2,2500,2500,560.0,580.0,3.4482758620689653,49.84161925296378,24,0.5830559000005451,True,2,03_fixed_2500_baselines/raw_runs.csv
Fixed iteration,Chao,ILS,p5.2.j,3,2500,2500,560.0,580.0,3.4482758620689653,49.84161925296378,24,0.5824616999998398,True,2,03_fixed_2500_baselines/raw_runs.csv
Fixed iteration,Chao,ILS,p5.2.k,0,2500,2500,620.0,670.0,7.462686567164179,54.64757033209087,24,0.6001507000000856,True,2,03_fixed_2500_baselines/raw_runs.csv
Fixed iteration,Chao,ILS,p5.2.k,1,2500,2500,620.0,670.0,7.462686567164179,54.64757033209087,24,0.584968499999377,True,2,03_fixed_2500_baselines/raw_runs.csv
Fixed iteration,Chao,ILS,p5.2.k,2,2500,2500,620.0,670.0,7.462686567164179,54.64757033209087,24,0.5893601000007038,True,2,03_fixed_2500_baselines/raw_runs.csv
Fixed iteration,Chao,ILS,p5.2.k,3,2500,2500,620.0,670.0,7.462686567164179,54.64757033209087,24,0.5867508000010275,True,2,03_fixed_2500_baselines/raw_runs.csv
Fixed iteration,Chao,ILS,p5.2.l,0,2500,2500,700.0,800.0,12.5,57.84161925296378,28,0.6673083000005136,True,2,03_fixed_2500_baselines/raw_runs.csv
Fixed iteration,Chao,ILS,p5.2.l,1,2500,2500,700.0,800.0,12.5,57.84161925296378,28,0.659066599999278,True,2,03_fixed_2500_baselines/raw_runs.csv
Fixed iteration,Chao,ILS,p5.2.l,2,2500,2500,700.0,800.0,12.5,57.84161925296378,28,0.6730766000000585,True,2,03_fixed_2500_baselines/raw_runs.csv
Fixed iteration,Chao,ILS,p5.2.l,3,2500,2500,700.0,800.0,12.5,57.84161925296378,28,0.6619745999996667,True,2,03_fixed_2500_baselines/raw_runs.csv
Fixed iteration,Chao,ILS,p5.2.m,0,2500,2500,770.0,860.0,10.465116279069768,63.49847350245616,30,0.7075783999989653,True,2,03_fixed_2500_baselines/raw_runs.csv
Fixed iteration,Chao,ILS,p5.2.m,1,2500,2500,770.0,860.0,10.465116279069768,63.49847350245616,30,0.7148005999988527,True,2,03_fixed_2500_baselines/raw_runs.csv
Fixed iteration,Chao,ILS,p5.2.m,2,2500,2500,770.0,860.0,10.465116279069768,63.49847350245616,30,0.7137364999998681,True,2,03_fixed_2500_baselines/raw_runs.csv
Fixed iteration,Chao,ILS,p5.2.m,3,2500,2500,770.0,860.0,10.465116279069768,63.49847350245616,30,0.7041191999996954,True,2,03_fixed_2500_baselines/raw_runs.csv
Fixed iteration,Chao,ILS,p5.2.n,0,2500,2500,820.0,925.0,11.35135135135135,65.84161925296378,32,1.0379087999990588,True,2,03_fixed_2500_baselines/raw_runs.csv
Fixed iteration,Chao,ILS,p5.2.n,1,2500,2500,820.0,925.0,11.35135135135135,65.84161925296378,32,1.037501799999518,True,2,03_fixed_2500_baselines/raw_runs.csv
Fixed iteration,Chao,ILS,p5.2.n,2,2500,2500,820.0,925.0,11.35135135135135,65.84161925296378,32,1.0420603999991729,True,2,03_fixed_2500_baselines/raw_runs.csv
Fixed iteration,Chao,ILS,p5.2.n,3,2500,2500,820.0,925.0,11.35135135135135,65.84161925296378,32,1.0434160999993765,True,2,03_fixed_2500_baselines/raw_runs.csv
Fixed iteration,Chao,ILS,p5.2.o,0,2500,2500,940.0,1020.0,7.8431372549019605,73.84161925296378,36,1.1538211999995838,True,2,03_fixed_2500_baselines/raw_runs.csv
Fixed iteration,Chao,ILS,p5.2.o,1,2500,2500,940.0,1020.0,7.8431372549019605,73.84161925296378,36,1.1510827999991309,True,2,03_fixed_2500_baselines/raw_runs.csv
Fixed iteration,Chao,ILS,p5.2.o,2,2500,2500,940.0,1020.0,7.8431372549019605,73.84161925296378,36,1.1473447999997006,True,2,03_fixed_2500_baselines/raw_runs.csv
Fixed iteration,Chao,ILS,p5.2.o,3,2500,2500,940.0,1020.0,7.8431372549019605,73.84161925296378,36,1.1436837000001103,True,2,03_fixed_2500_baselines/raw_runs.csv
Fixed iteration,Chao,ILS,p5.2.p,0,2500,2500,1020.0,1150.0,11.304347826086957,79.49847350245616,38,1.2396733000005042,True,2,03_fixed_2500_baselines/raw_runs.csv
Fixed iteration,Chao,ILS,p5.2.p,1,2500,2500,1020.0,1150.0,11.304347826086957,79.49847350245616,38,1.236157600000297,True,2,03_fixed_2500_baselines/raw_runs.csv
Fixed iteration,Chao,ILS,p5.2.p,2,2500,2500,1020.0,1150.0,11.304347826086957,79.49847350245616,38,1.2171402000003582,True,2,03_fixed_2500_baselines/raw_runs.csv
Fixed iteration,Chao,ILS,p5.2.p,3,2500,2500,1020.0,1150.0,11.304347826086957,79.49847350245616,38,1.2121795000002749,True,2,03_fixed_2500_baselines/raw_runs.csv
Fixed iteration,Chao,ILS,p5.2.q,0,2500,2500,1070.0,1195.0,10.460251046025105,81.84161925296378,40,1.2779124000007869,True,2,03_fixed_2500_baselines/raw_runs.csv
Fixed iteration,Chao,ILS,p5.2.q,1,2500,2500,1070.0,1195.0,10.460251046025105,81.84161925296378,40,1.2813222000004316,True,2,03_fixed_2500_baselines/raw_runs.csv
Fixed iteration,Chao,ILS,p5.2.q,2,2500,2500,1070.0,1195.0,10.460251046025105,81.84161925296378,40,1.2817618999997649,True,2,03_fixed_2500_baselines/raw_runs.csv
Fixed iteration,Chao,ILS,p5.2.q,3,2500,2500,1070.0,1195.0,10.460251046025105,81.84161925296378,40,1.285970000000816,True,2,03_fixed_2500_baselines/raw_runs.csv
Fixed iteration,Chao,ILS,p5.2.r,0,2500,2500,1190.0,1260.0,5.555555555555555,89.84161925296378,44,1.8620372999994288,True,2,03_fixed_2500_baselines/raw_runs.csv
Fixed iteration,Chao,ILS,p5.2.r,1,2500,2500,1190.0,1260.0,5.555555555555555,89.84161925296378,44,1.859796999999162,True,2,03_fixed_2500_baselines/raw_runs.csv
Fixed iteration,Chao,ILS,p5.2.r,2,2500,2500,1190.0,1260.0,5.555555555555555,89.84161925296378,44,1.85064599999896,True,2,03_fixed_2500_baselines/raw_runs.csv
Fixed iteration,Chao,ILS,p5.2.r,3,2500,2500,1190.0,1260.0,5.555555555555555,89.84161925296378,44,1.848785999998654,True,2,03_fixed_2500_baselines/raw_runs.csv
Fixed iteration,Chao,ILS,p5.2.s,0,2500,2500,1250.0,1340.0,6.7164179104477615,94.64757033209088,44,1.8450050999999803,True,2,03_fixed_2500_baselines/raw_runs.csv
Fixed iteration,Chao,ILS,p5.2.s,1,2500,2500,1250.0,1340.0,6.7164179104477615,94.64757033209088,44,1.85229629999958,True,2,03_fixed_2500_baselines/raw_runs.csv
Fixed iteration,Chao,ILS,p5.2.s,2,2500,2500,1250.0,1340.0,6.7164179104477615,94.64757033209088,44,1.8559533999996347,True,2,03_fixed_2500_baselines/raw_runs.csv
Fixed iteration,Chao,ILS,p5.2.s,3,2500,2500,1250.0,1340.0,6.7164179104477615,94.64757033209088,44,1.8660574000005,True,2,03_fixed_2500_baselines/raw_runs.csv
Fixed iteration,Chao,ILS,p5.2.t,0,2500,2500,1310.0,1400.0,6.428571428571429,97.84161925296378,48,2.017086300000301,True,2,03_fixed_2500_baselines/raw_runs.csv
Fixed iteration,Chao,ILS,p5.2.t,1,2500,2500,1310.0,1400.0,6.428571428571429,97.84161925296378,48,2.0261039000015444,True,2,03_fixed_2500_baselines/raw_runs.csv
Fixed iteration,Chao,ILS,p5.2.t,2,2500,2500,1310.0,1400.0,6.428571428571429,97.84161925296378,48,2.0226201999994373,True,2,03_fixed_2500_baselines/raw_runs.csv
Fixed iteration,Chao,ILS,p5.2.t,3,2500,2500,1310.0,1400.0,6.428571428571429,97.84161925296378,48,2.024860199999239,True,2,03_fixed_2500_baselines/raw_runs.csv
Fixed iteration,Chao,ILS,p5.2.u,0,2500,2500,1430.0,1460.0,2.0547945205479454,104.9907160825985,50,2.083054599999741,True,2,03_fixed_2500_baselines/raw_runs.csv
Fixed iteration,Chao,ILS,p5.2.u,1,2500,2500,1430.0,1460.0,2.0547945205479454,104.9907160825985,50,2.101485199998933,True,2,03_fixed_2500_baselines/raw_runs.csv
Fixed iteration,Chao,ILS,p5.2.u,2,2500,2500,1430.0,1460.0,2.0547945205479454,104.9907160825985,50,2.107900299999528,True,2,03_fixed_2500_baselines/raw_runs.csv
Fixed iteration,Chao,ILS,p5.2.u,3,2500,2500,1430.0,1460.0,2.0547945205479454,104.9907160825985,50,2.094783799999277,True,2,03_fixed_2500_baselines/raw_runs.csv
Fixed iteration,Chao,ILS,p5.2.v,0,2500,2500,1440.0,1505.0,4.318936877076412,105.84161925296378,52,2.8974054000009346,True,2,03_fixed_2500_baselines/raw_runs.csv
Fixed iteration,Chao,ILS,p5.2.v,1,2500,2500,1440.0,1505.0,4.318936877076412,105.84161925296378,52,2.90741750000052,True,2,03_fixed_2500_baselines/raw_runs.csv
Fixed iteration,Chao,ILS,p5.2.v,2,2500,2500,1445.0,1505.0,3.9867109634551494,105.84161925296378,51,2.805508600000394,True,2,03_fixed_2500_baselines/raw_runs.csv
Fixed iteration,Chao,ILS,p5.2.v,3,2500,2500,1440.0,1505.0,4.318936877076412,105.84161925296378,52,2.838274600000659,True,2,03_fixed_2500_baselines/raw_runs.csv
Fixed iteration,Chao,ILS,p5.2.w,0,2500,2500,1560.0,1565.0,0.3194888178913738,113.84161925296378,56,3.024923700000727,True,2,03_fixed_2500_baselines/raw_runs.csv
Fixed iteration,Chao,ILS,p5.2.w,1,2500,2500,1560.0,1565.0,0.3194888178913738,113.84161925296378,56,3.022074299999076,True,2,03_fixed_2500_baselines/raw_runs.csv
Fixed iteration,Chao,ILS,p5.2.w,2,2500,2500,1560.0,1565.0,0.3194888178913738,113.84161925296378,56,3.032072900001367,True,2,03_fixed_2500_baselines/raw_runs.csv
Fixed iteration,Chao,ILS,p5.2.w,3,2500,2500,1560.0,1565.0,0.3194888178913738,113.84161925296378,56,3.026294600000256,True,2,03_fixed_2500_baselines/raw_runs.csv
Fixed iteration,Chao,ILS,p5.2.x,0,2500,2500,1590.0,1610.0,1.2422360248447204,119.49847350245616,58,3.150612399998863,True,2,03_fixed_2500_baselines/raw_runs.csv
Fixed iteration,Chao,ILS,p5.2.x,1,2500,2500,1590.0,1610.0,1.2422360248447204,119.49847350245616,58,3.161885199999233,True,2,03_fixed_2500_baselines/raw_runs.csv
Fixed iteration,Chao,ILS,p5.2.x,2,2500,2500,1590.0,1610.0,1.2422360248447204,119.49847350245616,58,3.145939800000633,True,2,03_fixed_2500_baselines/raw_runs.csv
Fixed iteration,Chao,ILS,p5.2.x,3,2500,2500,1590.0,1610.0,1.2422360248447204,119.49847350245616,58,3.1326922999996896,True,2,03_fixed_2500_baselines/raw_runs.csv
Fixed iteration,Chao,ILS,p5.2.y,0,2500,2500,1630.0,1645.0,0.9118541033434651,122.73142601879904,60,2.767750299999534,True,2,03_fixed_2500_baselines/raw_runs.csv
Fixed iteration,Chao,ILS,p5.2.y,1,2500,2500,1630.0,1645.0,0.9118541033434651,122.73142601879904,60,2.7541787999998637,True,2,03_fixed_2500_baselines/raw_runs.csv
Fixed iteration,Chao,ILS,p5.2.y,2,2500,2500,1630.0,1645.0,0.9118541033434651,122.73142601879904,60,2.77322920000006,True,2,03_fixed_2500_baselines/raw_runs.csv
Fixed iteration,Chao,ILS,p5.2.y,3,2500,2500,1630.0,1645.0,0.9118541033434651,122.73142601879904,60,2.766698199999155,True,2,03_fixed_2500_baselines/raw_runs.csv
Fixed iteration,Chao,ILS,p5.2.z,0,2500,2500,1660.0,1680.0,1.1904761904761905,128.3882802682914,62,2.596215499999744,True,2,03_fixed_2500_baselines/raw_runs.csv
Fixed iteration,Chao,ILS,p5.2.z,1,2500,2500,1660.0,1680.0,1.1904761904761905,128.3882802682914,62,2.584801200000584,True,2,03_fixed_2500_baselines/raw_runs.csv
Fixed iteration,Chao,ILS,p5.2.z,2,2500,2500,1660.0,1680.0,1.1904761904761905,128.3882802682914,62,2.5790907999999035,True,2,03_fixed_2500_baselines/raw_runs.csv
Fixed iteration,Chao,ILS,p5.2.z,3,2500,2500,1660.0,1680.0,1.1904761904761905,128.3882802682914,62,2.5825787000012497,True,2,03_fixed_2500_baselines/raw_runs.csv
Fixed iteration,Chao,ILS,p5.3.k,0,2500,2500,470.0,495.0,5.05050505050505,49.22678406009828,22,0.580318399999669,True,2,03_fixed_2500_baselines/raw_runs.csv
Fixed iteration,Chao,ILS,p5.3.k,1,2500,2500,470.0,495.0,5.05050505050505,49.22678406009828,22,0.5792687000011938,True,2,03_fixed_2500_baselines/raw_runs.csv
Fixed iteration,Chao,ILS,p5.3.k,2,2500,2500,470.0,495.0,5.05050505050505,49.22678406009828,22,0.5908370999986801,True,2,03_fixed_2500_baselines/raw_runs.csv
Fixed iteration,Chao,ILS,p5.3.k,3,2500,2500,470.0,495.0,5.05050505050505,49.22678406009828,22,0.5796073999990767,True,2,03_fixed_2500_baselines/raw_runs.csv
Fixed iteration,Chao,ILS,p5.3.l,0,2500,2500,575.0,595.0,3.361344537815126,57.71206543433685,25,0.6512193999988085,True,2,03_fixed_2500_baselines/raw_runs.csv
Fixed iteration,Chao,ILS,p5.3.l,1,2500,2500,575.0,595.0,3.361344537815126,57.71206543433685,25,0.6344874999995227,True,2,03_fixed_2500_baselines/raw_runs.csv
Fixed iteration,Chao,ILS,p5.3.l,2,2500,2500,575.0,595.0,3.361344537815126,57.71206543433685,25,0.6364331999993738,True,2,03_fixed_2500_baselines/raw_runs.csv
Fixed iteration,Chao,ILS,p5.3.l,3,2500,2500,575.0,595.0,3.361344537815126,57.71206543433685,25,0.6336030000002211,True,2,03_fixed_2500_baselines/raw_runs.csv
Fixed iteration,Chao,ILS,p5.3.n,0,2500,2500,720.0,755.0,4.635761589403973,68.03617596751683,30,0.7627861000000848,True,2,03_fixed_2500_baselines/raw_runs.csv
Fixed iteration,Chao,ILS,p5.3.n,1,2500,2500,695.0,755.0,7.947019867549669,65.71206543433686,29,0.72116620000088,True,2,03_fixed_2500_baselines/raw_runs.csv
Fixed iteration,Chao,ILS,p5.3.n,2,2500,2500,685.0,755.0,9.271523178807946,64.05521118484448,29,0.7353614999992715,True,2,03_fixed_2500_baselines/raw_runs.csv
Fixed iteration,Chao,ILS,p5.3.n,3,2500,2500,685.0,755.0,9.271523178807946,64.05521118484448,29,0.736910200001148,True,2,03_fixed_2500_baselines/raw_runs.csv
Fixed iteration,Chao,ILS,p5.3.o,0,2500,2500,805.0,870.0,7.471264367816092,72.05521118484448,33,1.1184086999983265,True,2,03_fixed_2500_baselines/raw_runs.csv
Fixed iteration,Chao,ILS,p5.3.o,1,2500,2500,805.0,870.0,7.471264367816092,72.05521118484448,33,1.1315960000010818,True,2,03_fixed_2500_baselines/raw_runs.csv
Fixed iteration,Chao,ILS,p5.3.o,2,2500,2500,805.0,870.0,7.471264367816092,72.05521118484448,33,1.140844699999434,True,2,03_fixed_2500_baselines/raw_runs.csv
Fixed iteration,Chao,ILS,p5.3.o,3,2500,2500,805.0,870.0,7.471264367816092,72.05521118484448,33,1.1187205000005631,True,2,03_fixed_2500_baselines/raw_runs.csv
Fixed iteration,Chao,ILS,p5.3.q,0,2500,2500,935.0,1070.0,12.616822429906541,81.71206543433685,37,1.2287591000003886,True,2,03_fixed_2500_baselines/raw_runs.csv
Fixed iteration,Chao,ILS,p5.3.q,1,2500,2500,935.0,1070.0,12.616822429906541,81.71206543433685,37,1.2122650000001158,True,2,03_fixed_2500_baselines/raw_runs.csv
Fixed iteration,Chao,ILS,p5.3.q,2,2500,2500,935.0,1070.0,12.616822429906541,81.71206543433685,37,1.2212599000013142,True,2,03_fixed_2500_baselines/raw_runs.csv
Fixed iteration,Chao,ILS,p5.3.q,3,2500,2500,935.0,1070.0,12.616822429906541,81.71206543433685,37,1.2255021000000852,True,2,03_fixed_2500_baselines/raw_runs.csv
Fixed iteration,Chao,ILS,p5.3.r,0,2500,2500,1000.0,1125.0,11.11111111111111,85.22678406009828,40,1.3049193000006198,True,2,03_fixed_2500_baselines/raw_runs.csv
Fixed iteration,Chao,ILS,p5.3.r,1,2500,2500,1000.0,1125.0,11.11111111111111,85.22678406009828,40,1.3081975000004604,True,2,03_fixed_2500_baselines/raw_runs.csv
Fixed iteration,Chao,ILS,p5.3.r,2,2500,2500,1000.0,1125.0,11.11111111111111,85.22678406009828,40,1.303105499999219,True,2,03_fixed_2500_baselines/raw_runs.csv
Fixed iteration,Chao,ILS,p5.3.r,3,2500,2500,1000.0,1125.0,11.11111111111111,86.71673074752691,40,1.2922636000002967,True,2,03_fixed_2500_baselines/raw_runs.csv
Fixed iteration,Chao,ILS,p5.3.s,0,2500,2500,1035.0,1190.0,13.025210084033613,89.71206543433685,41,1.6104192000002513,True,2,03_fixed_2500_baselines/raw_runs.csv
Fixed iteration,Chao,ILS,p5.3.s,1,2500,2500,1035.0,1190.0,13.025210084033613,88.05521118484447,41,1.8009834999993473,True,2,03_fixed_2500_baselines/raw_runs.csv
Fixed iteration,Chao,ILS,p5.3.s,2,2500,2500,1035.0,1190.0,13.025210084033613,88.05521118484447,41,1.7751994999998717,True,2,03_fixed_2500_baselines/raw_runs.csv
Fixed iteration,Chao,ILS,p5.3.s,3,2500,2500,1035.0,1190.0,13.025210084033613,88.05521118484447,41,1.7512693000007855,True,2,03_fixed_2500_baselines/raw_runs.csv
Fixed iteration,Chao,ILS,p5.3.t,0,2500,2500,1095.0,1260.0,13.095238095238095,98.669482763575,43,1.845898699999452,True,2,03_fixed_2500_baselines/raw_runs.csv
Fixed iteration,Chao,ILS,p5.3.t,1,2500,2500,1075.0,1260.0,14.682539682539682,96.37976650518124,43,1.8704539999998813,True,2,03_fixed_2500_baselines/raw_runs.csv
Fixed iteration,Chao,ILS,p5.3.t,2,2500,2500,1075.0,1260.0,14.682539682539682,96.37976650518124,43,1.8809395999996923,True,2,03_fixed_2500_baselines/raw_runs.csv
Fixed iteration,Chao,ILS,p5.3.t,3,2500,2500,1075.0,1260.0,14.682539682539682,96.37976650518124,43,1.8753844999992,True,2,03_fixed_2500_baselines/raw_runs.csv
Fixed iteration,Chao,ILS,p5.3.u,0,2500,2500,1300.0,1345.0,3.345724907063197,103.40589946269864,46,1.9612201999989336,True,2,03_fixed_2500_baselines/raw_runs.csv
Fixed iteration,Chao,ILS,p5.3.u,1,2500,2500,1205.0,1345.0,10.408921933085502,101.3371838344194,43,1.8920704000011028,True,2,03_fixed_2500_baselines/raw_runs.csv
Fixed iteration,Chao,ILS,p5.3.u,2,2500,2500,1300.0,1345.0,3.345724907063197,103.40589946269864,46,1.9624997999999323,True,2,03_fixed_2500_baselines/raw_runs.csv
Fixed iteration,Chao,ILS,p5.3.u,3,2500,2500,1200.0,1345.0,10.780669144981413,101.35577426459024,44,1.9132611000004545,True,2,03_fixed_2500_baselines/raw_runs.csv
Fixed iteration,Chao,ILS,p5.3.v,0,2500,2500,1150.0,1425.0,19.29824561403509,102.05521118484448,46,2.00315640000008,True,2,03_fixed_2500_baselines/raw_runs.csv
Fixed iteration,Chao,ILS,p5.3.v,1,2500,2500,1150.0,1425.0,19.29824561403509,100.860416223291,46,1.9966186000001471,True,2,03_fixed_2500_baselines/raw_runs.csv
Fixed iteration,Chao,ILS,p5.3.v,2,2500,2500,1150.0,1425.0,19.29824561403509,102.2045497716828,46,1.9956464000006235,True,2,03_fixed_2500_baselines/raw_runs.csv
Fixed iteration,Chao,ILS,p5.3.v,3,2500,2500,1190.0,1425.0,16.49122807017544,107.20819362992742,46,1.9806169000003135,True,2,03_fixed_2500_baselines/raw_runs.csv
Fixed iteration,Chao,ILS,p5.3.w,0,2500,2500,1285.0,1485.0,13.468013468013469,113.91529135409948,49,2.081384600000092,True,2,03_fixed_2500_baselines/raw_runs.csv
Fixed iteration,Chao,ILS,p5.3.w,1,2500,2500,1455.0,1485.0,2.0202020202020203,114.48164900792528,51,2.51470049999989,True,2,03_fixed_2500_baselines/raw_runs.csv
Fixed iteration,Chao,ILS,p5.3.w,2,2500,2500,1210.0,1485.0,18.51851851851852,105.35577426459024,48,2.086349400000472,True,2,03_fixed_2500_baselines/raw_runs.csv
Fixed iteration,Chao,ILS,p5.3.w,3,2500,2500,1430.0,1485.0,3.7037037037037037,111.54515787227312,52,2.4567333000013605,True,2,03_fixed_2500_baselines/raw_runs.csv
Fixed iteration,Chao,ILS,p5.3.x,0,2500,2500,1370.0,1555.0,11.897106109324758,117.84670874990306,52,2.592673199998899,True,2,03_fixed_2500_baselines/raw_runs.csv
Fixed iteration,Chao,ILS,p5.3.x,1,2500,2500,1520.0,1555.0,2.2508038585209005,117.95336579259602,54,2.9298411999989185,True,2,03_fixed_2500_baselines/raw_runs.csv
Fixed iteration,Chao,ILS,p5.3.x,2,2500,2500,1505.0,1555.0,3.215434083601286,116.69350866122724,55,3.026526400000876,True,2,03_fixed_2500_baselines/raw_runs.csv
Fixed iteration,Chao,ILS,p5.3.x,3,2500,2500,1495.0,1555.0,3.8585209003215435,116.69350866122724,55,3.0447542000001704,True,2,03_fixed_2500_baselines/raw_runs.csv
Fixed iteration,Chao,ILS,p5.3.y,0,2500,2500,1575.0,1595.0,1.2539184952978057,123.48556978365195,57,3.150720399999045,True,2,03_fixed_2500_baselines/raw_runs.csv
Fixed iteration,Chao,ILS,p5.3.y,1,2500,2500,1590.0,1595.0,0.31347962382445144,123.54515787227312,58,3.2246284000011656,True,2,03_fixed_2500_baselines/raw_runs.csv
Fixed iteration,Chao,ILS,p5.3.y,2,2500,2500,1580.0,1595.0,0.9404388714733543,122.05521118484448,58,3.242530199999237,True,2,03_fixed_2500_baselines/raw_runs.csv
Fixed iteration,Chao,ILS,p5.3.y,3,2500,2500,1590.0,1595.0,0.31347962382445144,123.54515787227312,58,3.2048252999993565,True,2,03_fixed_2500_baselines/raw_runs.csv
Fixed iteration,Chao,ILS,p5.3.z,0,2500,2500,1635.0,1635.0,0.0,128.00876701224513,61,2.878160000000207,True,2,03_fixed_2500_baselines/raw_runs.csv
Fixed iteration,Chao,ILS,p5.3.z,1,2500,2500,1635.0,1635.0,0.0,129.29005467744565,61,3.0237257999997382,True,2,03_fixed_2500_baselines/raw_runs.csv
Fixed iteration,Chao,ILS,p5.3.z,2,2500,2500,1620.0,1635.0,0.9174311926605505,125.86508153648106,60,2.864691999999195,True,2,03_fixed_2500_baselines/raw_runs.csv
Fixed iteration,Chao,ILS,p5.3.z,3,2500,2500,1635.0,1635.0,0.0,128.00876701224513,61,2.8826222000006965,True,2,03_fixed_2500_baselines/raw_runs.csv
Fixed iteration,Chao,ILS,p5.4.m,0,2500,2500,550.0,555.0,0.9009009009009009,63.22913173197979,26,0.6893681000001379,True,2,03_fixed_2500_baselines/raw_runs.csv
Fixed iteration,Chao,ILS,p5.4.m,1,2500,2500,550.0,555.0,0.9009009009009009,62.96640083988888,26,0.6886634000002232,True,2,03_fixed_2500_baselines/raw_runs.csv
Fixed iteration,Chao,ILS,p5.4.m,2,2500,2500,550.0,555.0,0.9009009009009009,63.22913173197979,26,0.6903725000011036,True,2,03_fixed_2500_baselines/raw_runs.csv
Fixed iteration,Chao,ILS,p5.4.m,3,2500,2500,550.0,555.0,0.9009009009009009,62.96640083988888,26,0.6885081999989779,True,2,03_fixed_2500_baselines/raw_runs.csv
Fixed iteration,Chao,ILS,p5.4.o,0,2500,2500,620.0,690.0,10.144927536231885,65.1374106514146,28,0.743028900000354,True,2,03_fixed_2500_baselines/raw_runs.csv
Fixed iteration,Chao,ILS,p5.4.o,1,2500,2500,620.0,690.0,10.144927536231885,65.1374106514146,28,0.7453893000001699,True,2,03_fixed_2500_baselines/raw_runs.csv
Fixed iteration,Chao,ILS,p5.4.o,2,2500,2500,620.0,690.0,10.144927536231885,65.1374106514146,28,0.7585431000006793,True,2,03_fixed_2500_baselines/raw_runs.csv
Fixed iteration,Chao,ILS,p5.4.o,3,2500,2500,620.0,690.0,10.144927536231885,65.1374106514146,28,0.7581398000002082,True,2,03_fixed_2500_baselines/raw_runs.csv
Fixed iteration,Chao,ILS,p5.4.p,0,2500,2500,760.0,765.0,0.6535947712418301,76.45111915039936,32,1.179530299999897,True,2,03_fixed_2500_baselines/raw_runs.csv
Fixed iteration,Chao,ILS,p5.4.p,1,2500,2500,760.0,765.0,0.6535947712418301,76.45111915039936,32,1.1746717999994871,True,2,03_fixed_2500_baselines/raw_runs.csv
Fixed iteration,Chao,ILS,p5.4.p,2,2500,2500,760.0,765.0,0.6535947712418301,76.45111915039936,32,1.161689500000648,True,2,03_fixed_2500_baselines/raw_runs.csv
Fixed iteration,Chao,ILS,p5.4.p,3,2500,2500,760.0,765.0,0.6535947712418301,76.45111915039936,32,1.169441599999118,True,2,03_fixed_2500_baselines/raw_runs.csv
Fixed iteration,Chao,ILS,p5.4.q,0,2500,2500,860.0,860.0,0.0,81.1374106514146,36,1.259648899998865,True,2,03_fixed_2500_baselines/raw_runs.csv
Fixed iteration,Chao,ILS,p5.4.q,1,2500,2500,860.0,860.0,0.0,81.1374106514146,36,1.2525469000011071,True,2,03_fixed_2500_baselines/raw_runs.csv
Fixed iteration,Chao,ILS,p5.4.q,2,2500,2500,860.0,860.0,0.0,81.1374106514146,36,1.2722051999990072,True,2,03_fixed_2500_baselines/raw_runs.csv
Fixed iteration,Chao,ILS,p5.4.q,3,2500,2500,860.0,860.0,0.0,81.1374106514146,36,1.2637847000005422,True,2,03_fixed_2500_baselines/raw_runs.csv
Fixed iteration,Chao,ILS,p5.4.r,0,2500,2500,870.0,960.0,9.375,82.79426490090698,36,1.273613600000317,True,2,03_fixed_2500_baselines/raw_runs.csv
Fixed iteration,Chao,ILS,p5.4.r,1,2500,2500,860.0,960.0,10.416666666666666,81.1374106514146,36,1.2765671000015573,True,2,03_fixed_2500_baselines/raw_runs.csv
Fixed iteration,Chao,ILS,p5.4.r,2,2500,2500,860.0,960.0,10.416666666666666,81.1374106514146,36,1.276239099999657,True,2,03_fixed_2500_baselines/raw_runs.csv
Fixed iteration,Chao,ILS,p5.4.r,3,2500,2500,870.0,960.0,9.375,82.79426490090698,36,1.285107000001517,True,2,03_fixed_2500_baselines/raw_runs.csv
Fixed iteration,Chao,ILS,p5.4.s,0,2500,2500,1000.0,1030.0,2.912621359223301,92.45111915039936,40,1.387101000000257,True,2,03_fixed_2500_baselines/raw_runs.csv
Fixed iteration,Chao,ILS,p5.4.s,1,2500,2500,1000.0,1030.0,2.912621359223301,92.45111915039936,40,1.3672771000001376,True,2,03_fixed_2500_baselines/raw_runs.csv
Fixed iteration,Chao,ILS,p5.4.s,2,2500,2500,1000.0,1030.0,2.912621359223301,92.45111915039936,40,1.361886400000003,True,2,03_fixed_2500_baselines/raw_runs.csv
Fixed iteration,Chao,ILS,p5.4.s,3,2500,2500,1000.0,1030.0,2.912621359223301,92.45111915039936,40,1.3691760000001525,True,2,03_fixed_2500_baselines/raw_runs.csv
Fixed iteration,Chao,ILS,p5.4.t,0,2500,2500,1075.0,1160.0,7.327586206896552,95.9658377761608,43,1.979383100000632,True,2,03_fixed_2500_baselines/raw_runs.csv
Fixed iteration,Chao,ILS,p5.4.t,1,2500,2500,1075.0,1160.0,7.327586206896552,95.9658377761608,43,1.978768000000855,True,2,03_fixed_2500_baselines/raw_runs.csv
Fixed iteration,Chao,ILS,p5.4.t,2,2500,2500,1075.0,1160.0,7.327586206896552,95.9658377761608,43,1.9727708000009443,True,2,03_fixed_2500_baselines/raw_runs.csv
Fixed iteration,Chao,ILS,p5.4.t,3,2500,2500,1075.0,1160.0,7.327586206896552,95.9658377761608,43,1.9751913000000056,True,2,03_fixed_2500_baselines/raw_runs.csv
Fixed iteration,Chao,ILS,p5.4.u,0,2500,2500,1130.0,1300.0,13.076923076923077,102.10797339989176,44,2.0333559999999125,True,2,03_fixed_2500_baselines/raw_runs.csv
Fixed iteration,Chao,ILS,p5.4.u,1,2500,2500,1120.0,1300.0,13.846153846153847,100.45111915039936,44,2.019687599999088,True,2,03_fixed_2500_baselines/raw_runs.csv
Fixed iteration,Chao,ILS,p5.4.u,2,2500,2500,1140.0,1300.0,12.307692307692308,103.76482764938412,44,2.0061498999984906,True,2,03_fixed_2500_baselines/raw_runs.csv
Fixed iteration,Chao,ILS,p5.4.u,3,2500,2500,1130.0,1300.0,13.076923076923077,102.10797339989176,44,2.018986400000358,True,2,03_fixed_2500_baselines/raw_runs.csv
Fixed iteration,Chao,ILS,p5.4.v,0,2500,2500,1260.0,1320.0,4.545454545454546,108.45111915039936,48,2.184149900000193,True,2,03_fixed_2500_baselines/raw_runs.csv
Fixed iteration,Chao,ILS,p5.4.v,1,2500,2500,1260.0,1320.0,4.545454545454546,108.45111915039936,48,2.1665249000016047,True,2,03_fixed_2500_baselines/raw_runs.csv
Fixed iteration,Chao,ILS,p5.4.v,2,2500,2500,1260.0,1320.0,4.545454545454546,108.45111915039936,48,2.1464558000006946,True,2,03_fixed_2500_baselines/raw_runs.csv
Fixed iteration,Chao,ILS,p5.4.v,3,2500,2500,1260.0,1320.0,4.545454545454546,108.45111915039936,48,2.1407621999987896,True,2,03_fixed_2500_baselines/raw_runs.csv
Fixed iteration,Chao,ILS,p5.4.w,0,2500,2500,1310.0,1390.0,5.755395683453237,109.1374106514146,50,2.305891800000609,True,2,03_fixed_2500_baselines/raw_runs.csv
Fixed iteration,Chao,ILS,p5.4.w,1,2500,2500,1310.0,1390.0,5.755395683453237,109.1374106514146,50,2.28440529999898,True,2,03_fixed_2500_baselines/raw_runs.csv
Fixed iteration,Chao,ILS,p5.4.w,2,2500,2500,1285.0,1390.0,7.553956834532374,107.9658377761608,49,2.242886899999576,True,2,03_fixed_2500_baselines/raw_runs.csv
Fixed iteration,Chao,ILS,p5.4.w,3,2500,2500,1310.0,1390.0,5.755395683453237,109.1374106514146,50,2.276974699998391,True,2,03_fixed_2500_baselines/raw_runs.csv
Fixed iteration,Chao,ILS,p5.4.x,0,2500,2500,1340.0,1450.0,7.586206896551724,113.1374106514146,52,3.060244000000239,True,2,03_fixed_2500_baselines/raw_runs.csv
Fixed iteration,Chao,ILS,p5.4.x,1,2500,2500,1350.0,1450.0,6.896551724137931,114.79426490090698,52,3.034425199999532,True,2,03_fixed_2500_baselines/raw_runs.csv
Fixed iteration,Chao,ILS,p5.4.x,2,2500,2500,1350.0,1450.0,6.896551724137931,114.79426490090698,52,3.0368646000006265,True,2,03_fixed_2500_baselines/raw_runs.csv
Fixed iteration,Chao,ILS,p5.4.x,3,2500,2500,1350.0,1450.0,6.896551724137931,116.02148069624472,52,3.0301572999997006,True,2,03_fixed_2500_baselines/raw_runs.csv
Fixed iteration,Chao,ILS,p5.4.y,0,2500,2500,1455.0,1520.0,4.276315789473684,123.27954627514556,55,3.184813900001245,True,2,03_fixed_2500_baselines/raw_runs.csv
Fixed iteration,Chao,ILS,p5.4.y,1,2500,2500,1470.0,1520.0,3.289473684210526,124.45111915039936,56,3.237751099999514,True,2,03_fixed_2500_baselines/raw_runs.csv
Fixed iteration,Chao,ILS,p5.4.y,2,2500,2500,1455.0,1520.0,4.276315789473684,122.99359329675498,55,3.196092199999839,True,2,03_fixed_2500_baselines/raw_runs.csv
Fixed iteration,Chao,ILS,p5.4.y,3,2500,2500,1445.0,1520.0,4.934210526315789,121.62269202565318,55,3.17440870000064,True,2,03_fixed_2500_baselines/raw_runs.csv
Fixed iteration,Chao,ILS,p5.4.z,0,2500,2500,1460.0,1620.0,9.876543209876543,122.79426490090698,56,3.2927856000005704,True,2,03_fixed_2500_baselines/raw_runs.csv
Fixed iteration,Chao,ILS,p5.4.z,1,2500,2500,1460.0,1620.0,9.876543209876543,122.79426490090698,56,3.284155200000896,True,2,03_fixed_2500_baselines/raw_runs.csv
Fixed iteration,Chao,ILS,p5.4.z,2,2500,2500,1520.0,1620.0,6.172839506172839,125.1374106514146,58,3.3467013999998017,True,2,03_fixed_2500_baselines/raw_runs.csv
Fixed iteration,Chao,ILS,p5.4.z,3,2500,2500,1520.0,1620.0,6.172839506172839,125.1374106514146,58,3.350430899999992,True,2,03_fixed_2500_baselines/raw_runs.csv
Fixed iteration,Chao,ILS,p6.2.d,0,2500,2500,192.0,192.0,0.0,29.65685424949238,14,0.2797392000011314,True,2,03_fixed_2500_baselines/raw_runs.csv
Fixed iteration,Chao,ILS,p6.2.d,1,2500,2500,192.0,192.0,0.0,29.65685424949238,14,0.2752158000002964,True,2,03_fixed_2500_baselines/raw_runs.csv
Fixed iteration,Chao,ILS,p6.2.d,2,2500,2500,192.0,192.0,0.0,29.65685424949238,14,0.2722082999989652,True,2,03_fixed_2500_baselines/raw_runs.csv
Fixed iteration,Chao,ILS,p6.2.d,3,2500,2500,192.0,192.0,0.0,29.65685424949238,14,0.2778436999997211,True,2,03_fixed_2500_baselines/raw_runs.csv
Fixed iteration,Chao,ILS,p6.2.j,0,2500,2500,888.0,948.0,6.329113924050633,58.08326112068524,37,1.1933685000003609,True,2,03_fixed_2500_baselines/raw_runs.csv
Fixed iteration,Chao,ILS,p6.2.j,1,2500,2500,864.0,948.0,8.860759493670885,59.254833995939045,36,1.1413988000003883,True,2,03_fixed_2500_baselines/raw_runs.csv
Fixed iteration,Chao,ILS,p6.2.j,2,2500,2500,876.0,948.0,7.594936708860759,58.08326112068524,36,1.1839204000007155,True,2,03_fixed_2500_baselines/raw_runs.csv
Fixed iteration,Chao,ILS,p6.2.j,3,2500,2500,876.0,948.0,7.594936708860759,57.254833995939045,36,1.1922703999989608,True,2,03_fixed_2500_baselines/raw_runs.csv
Fixed iteration,Chao,ILS,p6.2.l,0,2500,2500,1092.0,1116.0,2.150537634408602,69.14503371746528,44,1.8628136999996057,True,2,03_fixed_2500_baselines/raw_runs.csv
Fixed iteration,Chao,ILS,p6.2.l,1,2500,2500,1086.0,1116.0,2.6881720430107525,67.97346084221147,44,1.8656441000002812,True,2,03_fixed_2500_baselines/raw_runs.csv
Fixed iteration,Chao,ILS,p6.2.l,2,2500,2500,1092.0,1116.0,2.150537634408602,69.14503371746528,44,1.8659722000011243,True,2,03_fixed_2500_baselines/raw_runs.csv
Fixed iteration,Chao,ILS,p6.2.l,3,2500,2500,1080.0,1116.0,3.225806451612903,69.14503371746528,44,1.8728250000003757,True,2,03_fixed_2500_baselines/raw_runs.csv
Fixed iteration,Chao,ILS,p6.2.m,0,2500,2500,1152.0,1188.0,3.0303030303030303,73.05382386916239,48,2.0559250000005704,True,2,03_fixed_2500_baselines/raw_runs.csv
Fixed iteration,Chao,ILS,p6.2.m,1,2500,2500,1170.0,1188.0,1.5151515151515151,73.88225099390857,49,2.0649952000003395,True,2,03_fixed_2500_baselines/raw_runs.csv
Fixed iteration,Chao,ILS,p6.2.m,2,2500,2500,1170.0,1188.0,1.5151515151515151,73.88225099390857,49,2.064513100000113,True,2,03_fixed_2500_baselines/raw_runs.csv
Fixed iteration,Chao,ILS,p6.2.m,3,2500,2500,1170.0,1188.0,1.5151515151515151,73.88225099390857,49,2.0603155000007973,True,2,03_fixed_2500_baselines/raw_runs.csv
Fixed iteration,Chao,ILS,p6.2.n,0,2500,2500,1242.0,1260.0,1.4285714285714286,78.36753236814714,53,2.912770699998873,True,2,03_fixed_2500_baselines/raw_runs.csv
Fixed iteration,Chao,ILS,p6.2.n,1,2500,2500,1236.0,1260.0,1.9047619047619047,79.53910524340094,53,2.8634221000011166,True,2,03_fixed_2500_baselines/raw_runs.csv
Fixed iteration,Chao,ILS,p6.2.n,2,2500,2500,1242.0,1260.0,1.4285714285714286,78.36753236814714,53,2.8973636999999144,True,2,03_fixed_2500_baselines/raw_runs.csv
Fixed iteration,Chao,ILS,p6.2.n,3,2500,2500,1242.0,1260.0,1.4285714285714286,79.53910524340094,53,2.8777346999995643,True,2,03_fixed_2500_baselines/raw_runs.csv
Fixed iteration,Chao,ILS,p6.3.g,0,2500,2500,264.0,282.0,6.382978723404255,43.65685424949238,20,0.3759121000002778,True,2,03_fixed_2500_baselines/raw_runs.csv
Fixed iteration,Chao,ILS,p6.3.g,1,2500,2500,264.0,282.0,6.382978723404255,43.65685424949238,20,0.3741038000007393,True,2,03_fixed_2500_baselines/raw_runs.csv
Fixed iteration,Chao,ILS,p6.3.g,2,2500,2500,264.0,282.0,6.382978723404255,43.65685424949238,20,0.3816666000002442,True,2,03_fixed_2500_baselines/raw_runs.csv
Fixed iteration,Chao,ILS,p6.3.g,3,2500,2500,264.0,282.0,6.382978723404255,43.65685424949238,20,0.3820910999984335,True,2,03_fixed_2500_baselines/raw_runs.csv
Fixed iteration,Chao,ILS,p6.3.h,0,2500,2500,360.0,444.0,18.91891891891892,46.97056274847714,24,0.6259692999992694,True,2,03_fixed_2500_baselines/raw_runs.csv
Fixed iteration,Chao,ILS,p6.3.h,1,2500,2500,360.0,444.0,18.91891891891892,46.97056274847714,24,0.6216807000000699,True,2,03_fixed_2500_baselines/raw_runs.csv
Fixed iteration,Chao,ILS,p6.3.h,2,2500,2500,360.0,444.0,18.91891891891892,46.97056274847714,24,0.6266586000001553,True,2,03_fixed_2500_baselines/raw_runs.csv
Fixed iteration,Chao,ILS,p6.3.h,3,2500,2500,360.0,444.0,18.91891891891892,46.97056274847714,24,0.6223196999999345,True,2,03_fixed_2500_baselines/raw_runs.csv
Fixed iteration,Chao,ILS,p6.3.i,0,2500,2500,444.0,642.0,30.8411214953271,51.11269837220809,29,0.7133646000002045,True,2,03_fixed_2500_baselines/raw_runs.csv
Fixed iteration,Chao,ILS,p6.3.i,1,2500,2500,444.0,642.0,30.8411214953271,51.11269837220809,29,0.7177672999987408,True,2,03_fixed_2500_baselines/raw_runs.csv
Fixed iteration,Chao,ILS,p6.3.i,2,2500,2500,444.0,642.0,30.8411214953271,51.112698372208094,29,0.7177608000001783,True,2,03_fixed_2500_baselines/raw_runs.csv
Fixed iteration,Chao,ILS,p6.3.i,3,2500,2500,444.0,642.0,30.8411214953271,51.112698372208094,29,0.7301229000004241,True,2,03_fixed_2500_baselines/raw_runs.csv
Fixed iteration,Chao,ILS,p6.3.k,0,2500,2500,642.0,894.0,28.187919463087248,61.254833995939045,36,1.1832519999989015,True,2,03_fixed_2500_baselines/raw_runs.csv
Fixed iteration,Chao,ILS,p6.3.k,1,2500,2500,570.0,894.0,36.241610738255034,56.42640687119285,34,1.1668365000004997,True,2,03_fixed_2500_baselines/raw_runs.csv
Fixed iteration,Chao,ILS,p6.3.k,2,2500,2500,612.0,894.0,31.543624161073826,60.17447096898814,35,1.1691943999994692,True,2,03_fixed_2500_baselines/raw_runs.csv
Fixed iteration,Chao,ILS,p6.3.k,3,2500,2500,570.0,894.0,36.241610738255034,56.42640687119285,34,1.1621475000010832,True,2,03_fixed_2500_baselines/raw_runs.csv
Fixed iteration,Chao,ILS,p6.3.l,0,2500,2500,900.0,1002.0,10.179640718562874,69.23624356576818,41,1.7833613000002515,True,2,03_fixed_2500_baselines/raw_runs.csv
Fixed iteration,Chao,ILS,p6.3.l,1,2500,2500,894.0,1002.0,10.778443113772456,69.65200873440784,37,1.2427458000001934,True,2,03_fixed_2500_baselines/raw_runs.csv
Fixed iteration,Chao,ILS,p6.3.l,2,2500,2500,876.0,1002.0,12.574850299401197,68.06467069051438,37,1.257242899999255,True,2,03_fixed_2500_baselines/raw_runs.csv
Fixed iteration,Chao,ILS,p6.3.l,3,2500,2500,864.0,1002.0,13.77245508982036,68.98430766356347,40,1.284202599999844,True,2,03_fixed_2500_baselines/raw_runs.csv
Fixed iteration,Chao,ILS,p6.3.m,0,2500,2500,972.0,1080.0,10.0,72.08326112068524,43,1.8832992000006925,True,2,03_fixed_2500_baselines/raw_runs.csv
Fixed iteration,Chao,ILS,p6.3.m,1,2500,2500,1002.0,1080.0,7.222222222222222,74.06467069051438,42,1.8214260000004288,True,2,03_fixed_2500_baselines/raw_runs.csv
Fixed iteration,Chao,ILS,p6.3.m,2,2500,2500,996.0,1080.0,7.777777777777778,72.80188796695765,42,1.8915521999988412,True,2,03_fixed_2500_baselines/raw_runs.csv
Fixed iteration,Chao,ILS,p6.3.m,3,2500,2500,942.0,1080.0,12.777777777777779,72.06467069051438,41,1.8243058000007293,True,2,03_fixed_2500_baselines/raw_runs.csv
Fixed iteration,Chao,ILS,p6.3.n,0,2500,2500,1134.0,1170.0,3.076923076923077,79.05382386916237,49,2.111343700000361,True,2,03_fixed_2500_baselines/raw_runs.csv
Fixed iteration,Chao,ILS,p6.3.n,1,2500,2500,1128.0,1170.0,3.58974358974359,78.71067811865476,48,2.0813950000010664,True,2,03_fixed_2500_baselines/raw_runs.csv
Fixed iteration,Chao,ILS,p6.3.n,2,2500,2500,1104.0,1170.0,5.641025641025641,78.71067811865476,47,2.0029596999993373,True,2,03_fixed_2500_baselines/raw_runs.csv
Fixed iteration,Chao,ILS,p6.3.n,3,2500,2500,1086.0,1170.0,7.17948717948718,78.80188796695766,48,2.0469598999989103,True,2,03_fixed_2500_baselines/raw_runs.csv
Fixed iteration,Chao,ILS,p6.4.j,0,2500,2500,348.0,366.0,4.918032786885246,58.60112615949154,24,0.6570369000000937,True,2,03_fixed_2500_baselines/raw_runs.csv
Fixed iteration,Chao,ILS,p6.4.j,1,2500,2500,348.0,366.0,4.918032786885246,58.60112615949154,24,0.6715624000007665,True,2,03_fixed_2500_baselines/raw_runs.csv
Fixed iteration,Chao,ILS,p6.4.j,2,2500,2500,348.0,366.0,4.918032786885246,58.60112615949154,24,0.6606995000001916,True,2,03_fixed_2500_baselines/raw_runs.csv
Fixed iteration,Chao,ILS,p6.4.j,3,2500,2500,348.0,366.0,4.918032786885246,58.60112615949154,24,0.6683986999996705,True,2,03_fixed_2500_baselines/raw_runs.csv
Fixed iteration,Chao,ILS,p6.4.k,0,2500,2500,420.0,528.0,20.454545454545453,60.46669094406771,28,0.7353449000002001,True,2,03_fixed_2500_baselines/raw_runs.csv
Fixed iteration,Chao,ILS,p6.4.k,1,2500,2500,420.0,528.0,20.454545454545453,60.46669094406771,28,0.7338448999998946,True,2,03_fixed_2500_baselines/raw_runs.csv
Fixed iteration,Chao,ILS,p6.4.k,2,2500,2500,420.0,528.0,20.454545454545453,60.46669094406771,28,0.7276612000005116,True,2,03_fixed_2500_baselines/raw_runs.csv
Fixed iteration,Chao,ILS,p6.4.k,3,2500,2500,420.0,528.0,20.454545454545453,60.46669094406771,28,0.7336458999998285,True,2,03_fixed_2500_baselines/raw_runs.csv
Fixed iteration,Chao,ILS,p6.4.l,0,2500,2500,534.0,696.0,23.275862068965516,64.60882656779866,33,1.1857913999992888,True,2,03_fixed_2500_baselines/raw_runs.csv
Fixed iteration,Chao,ILS,p6.4.l,1,2500,2500,534.0,696.0,23.275862068965516,64.60882656779866,33,1.1827529999991384,True,2,03_fixed_2500_baselines/raw_runs.csv
Fixed iteration,Chao,ILS,p6.4.l,2,2500,2500,534.0,696.0,23.275862068965516,64.60882656779866,33,1.1800481999998738,True,2,03_fixed_2500_baselines/raw_runs.csv
Fixed iteration,Chao,ILS,p6.4.l,3,2500,2500,534.0,696.0,23.275862068965516,64.60882656779866,33,1.1868396999998367,True,2,03_fixed_2500_baselines/raw_runs.csv
Fixed iteration,Chao,ILS,p7.2.d,0,2500,2500,190.0,190.0,0.0,78.6737065912388,10,0.1702173999983642,True,2,03_fixed_2500_baselines/raw_runs.csv
Fixed iteration,Chao,ILS,p7.2.d,1,2500,2500,190.0,190.0,0.0,78.6737065912388,10,0.1739800000013929,True,2,03_fixed_2500_baselines/raw_runs.csv
Fixed iteration,Chao,ILS,p7.2.d,2,2500,2500,190.0,190.0,0.0,78.6737065912388,10,0.1746398999985103,True,2,03_fixed_2500_baselines/raw_runs.csv
Fixed iteration,Chao,ILS,p7.2.d,3,2500,2500,190.0,190.0,0.0,78.6737065912388,10,0.1719814000007318,True,2,03_fixed_2500_baselines/raw_runs.csv
Fixed iteration,Chao,ILS,p7.2.e,0,2500,2500,290.0,290.0,0.0,98.36318612174394,15,0.305250999999771,True,2,03_fixed_2500_baselines/raw_runs.csv
Fixed iteration,Chao,ILS,p7.2.e,1,2500,2500,290.0,290.0,0.0,98.36318612174394,15,0.2985403000002407,True,2,03_fixed_2500_baselines/raw_runs.csv
Fixed iteration,Chao,ILS,p7.2.e,2,2500,2500,290.0,290.0,0.0,98.36318612174394,15,0.3005933999993431,True,2,03_fixed_2500_baselines/raw_runs.csv
Fixed iteration,Chao,ILS,p7.2.e,3,2500,2500,290.0,290.0,0.0,98.36318612174394,15,0.3009145999985776,True,2,03_fixed_2500_baselines/raw_runs.csv
Fixed iteration,Chao,ILS,p7.2.f,0,2500,2500,356.0,387.0,8.010335917312661,118.62936352177957,19,0.35706460000074,True,2,03_fixed_2500_baselines/raw_runs.csv
Fixed iteration,Chao,ILS,p7.2.f,1,2500,2500,345.0,387.0,10.852713178294573,117.39562759804716,18,0.3492906999999832,True,2,03_fixed_2500_baselines/raw_runs.csv
Fixed iteration,Chao,ILS,p7.2.f,2,2500,2500,338.0,387.0,12.661498708010337,114.67155574084286,18,0.3577490999996371,True,2,03_fixed_2500_baselines/raw_runs.csv
Fixed iteration,Chao,ILS,p7.2.f,3,2500,2500,345.0,387.0,10.852713178294573,117.39562759804716,18,0.3676362999995035,True,2,03_fixed_2500_baselines/raw_runs.csv
Fixed iteration,Chao,ILS,p7.2.g,0,2500,2500,427.0,459.0,6.971677559912854,133.7749708393689,27,0.665643700000146,True,2,03_fixed_2500_baselines/raw_runs.csv
Fixed iteration,Chao,ILS,p7.2.g,1,2500,2500,427.0,459.0,6.971677559912854,133.7749708393689,27,0.6731770999995206,True,2,03_fixed_2500_baselines/raw_runs.csv
Fixed iteration,Chao,ILS,p7.2.g,2,2500,2500,427.0,459.0,6.971677559912854,133.7749708393689,27,0.6666999999997643,True,2,03_fixed_2500_baselines/raw_runs.csv
Fixed iteration,Chao,ILS,p7.2.g,3,2500,2500,427.0,459.0,6.971677559912854,133.7749708393689,27,0.6775538000001688,True,2,03_fixed_2500_baselines/raw_runs.csv
Fixed iteration,Chao,ILS,p7.2.h,0,2500,2500,489.0,521.0,6.142034548944338,151.47722665928512,30,0.7351813000004768,True,2,03_fixed_2500_baselines/raw_runs.csv
Fixed iteration,Chao,ILS,p7.2.h,1,2500,2500,489.0,521.0,6.142034548944338,151.47722665928512,30,0.733664299999873,True,2,03_fixed_2500_baselines/raw_runs.csv
Fixed iteration,Chao,ILS,p7.2.h,2,2500,2500,489.0,521.0,6.142034548944338,151.47722665928512,30,0.7385448000004544,True,2,03_fixed_2500_baselines/raw_runs.csv
Fixed iteration,Chao,ILS,p7.2.h,3,2500,2500,489.0,521.0,6.142034548944338,151.47722665928512,30,0.7373576000009052,True,2,03_fixed_2500_baselines/raw_runs.csv
Fixed iteration,Chao,ILS,p7.2.i,0,2500,2500,527.0,580.0,9.137931034482758,164.37984429413353,31,0.9875129000010928,True,2,03_fixed_2500_baselines/raw_runs.csv
Fixed iteration,Chao,ILS,p7.2.i,1,2500,2500,527.0,580.0,9.137931034482758,164.37984429413353,31,0.996224999998958,True,2,03_fixed_2500_baselines/raw_runs.csv
Fixed iteration,Chao,ILS,p7.2.i,2,2500,2500,527.0,580.0,9.137931034482758,164.37984429413353,31,0.9997937000007368,True,2,03_fixed_2500_baselines/raw_runs.csv
Fixed iteration,Chao,ILS,p7.2.i,3,2500,2500,527.0,580.0,9.137931034482758,164.37984429413353,31,1.0042261999988114,True,2,03_fixed_2500_baselines/raw_runs.csv
Fixed iteration,Chao,ILS,p7.2.j,0,2500,2500,587.0,646.0,9.13312693498452,198.82804565698464,34,1.1005494999990333,True,2,03_fixed_2500_baselines/raw_runs.csv
Fixed iteration,Chao,ILS,p7.2.j,1,2500,2500,556.0,646.0,13.93188854489164,174.21065978804586,33,1.1154836999994586,True,2,03_fixed_2500_baselines/raw_runs.csv
Fixed iteration,Chao,ILS,p7.2.j,2,2500,2500,582.0,646.0,9.907120743034056,194.74042178966903,34,1.1220345000001544,True,2,03_fixed_2500_baselines/raw_runs.csv
Fixed iteration,Chao,ILS,p7.2.j,3,2500,2500,581.0,646.0,10.061919504643964,194.447388766498,33,1.0971374999990076,True,2,03_fixed_2500_baselines/raw_runs.csv
Fixed iteration,Chao,ILS,p7.2.k,0,2500,2500,607.0,705.0,13.900709219858156,205.1173271973243,36,1.183045600000696,True,2,03_fixed_2500_baselines/raw_runs.csv
Fixed iteration,Chao,ILS,p7.2.k,1,2500,2500,607.0,705.0,13.900709219858156,205.1173271973243,36,1.17969389999962,True,2,03_fixed_2500_baselines/raw_runs.csv
Fixed iteration,Chao,ILS,p7.2.k,2,2500,2500,607.0,705.0,13.900709219858156,204.76513027823592,36,1.186747400000968,True,2,03_fixed_2500_baselines/raw_runs.csv
Fixed iteration,Chao,ILS,p7.2.k,3,2500,2500,607.0,705.0,13.900709219858156,205.1173271973243,36,1.1730750999995507,True,2,03_fixed_2500_baselines/raw_runs.csv
Fixed iteration,Chao,ILS,p7.2.l,0,2500,2500,623.0,767.0,18.77444589308996,228.1221465858957,36,1.196561799999472,True,2,03_fixed_2500_baselines/raw_runs.csv
Fixed iteration,Chao,ILS,p7.2.l,1,2500,2500,630.0,767.0,17.86179921773142,228.90964530043547,33,1.1334633000005851,True,2,03_fixed_2500_baselines/raw_runs.csv
Fixed iteration,Chao,ILS,p7.2.l,2,2500,2500,623.0,767.0,18.77444589308996,228.1221465858957,36,1.2359440000000177,True,2,03_fixed_2500_baselines/raw_runs.csv
Fixed iteration,Chao,ILS,p7.2.l,3,2500,2500,623.0,767.0,18.77444589308996,228.1221465858957,36,1.2299096000006102,True,2,03_fixed_2500_baselines/raw_runs.csv
Fixed iteration,Chao,ILS,p7.2.m,0,2500,2500,689.0,827.0,16.68681983071342,249.12254188091885,39,1.3033422000007704,True,2,03_fixed_2500_baselines/raw_runs.csv
Fixed iteration,Chao,ILS,p7.2.m,1,2500,2500,670.0,827.0,18.98428053204353,251.79732874437184,40,1.3210020000005898,True,2,03_fixed_2500_baselines/raw_runs.csv
Fixed iteration,Chao,ILS,p7.2.m,2,2500,2500,670.0,827.0,18.98428053204353,251.67340807543263,40,1.3161328000005597,True,2,03_fixed_2500_baselines/raw_runs.csv
Fixed iteration,Chao,ILS,p7.2.m,3,2500,2500,692.0,827.0,16.324062877871825,252.237471337686,40,1.3243500999997195,True,2,03_fixed_2500_baselines/raw_runs.csv
Fixed iteration,Chao,ILS,p7.2.n,0,2500,2500,738.0,888.0,16.89189189189189,262.70487670337485,42,1.848962300000494,True,2,03_fixed_2500_baselines/raw_runs.csv
Fixed iteration,Chao,ILS,p7.2.n,1,2500,2500,738.0,888.0,16.89189189189189,262.70487670337485,42,1.844924499999252,True,2,03_fixed_2500_baselines/raw_runs.csv
Fixed iteration,Chao,ILS,p7.2.n,2,2500,2500,737.0,888.0,17.004504504504503,259.8828265818754,42,1.8643530000008468,True,2,03_fixed_2500_baselines/raw_runs.csv
Fixed iteration,Chao,ILS,p7.2.n,3,2500,2500,749.0,888.0,15.653153153153154,265.7966076847466,43,1.8926880999988496,True,2,03_fixed_2500_baselines/raw_runs.csv
Fixed iteration,Chao,ILS,p7.2.o,0,2500,2500,807.0,945.0,14.603174603174603,297.8932280035983,46,2.01718339999934,True,2,03_fixed_2500_baselines/raw_runs.csv
Fixed iteration,Chao,ILS,p7.2.o,1,2500,2500,807.0,945.0,14.603174603174603,297.8932280035983,46,2.011166199999934,True,2,03_fixed_2500_baselines/raw_runs.csv
Fixed iteration,Chao,ILS,p7.2.o,2,2500,2500,807.0,945.0,14.603174603174603,297.8932280035983,46,1.992382100001123,True,2,03_fixed_2500_baselines/raw_runs.csv
Fixed iteration,Chao,ILS,p7.2.o,3,2500,2500,807.0,945.0,14.603174603174603,297.8932280035983,46,1.9975844000000509,True,2,03_fixed_2500_baselines/raw_runs.csv
Fixed iteration,Chao,ILS,p7.2.p,0,2500,2500,841.0,1002.0,16.067864271457086,307.7173557473404,49,2.1476253000000725,True,2,03_fixed_2500_baselines/raw_runs.csv
Fixed iteration,Chao,ILS,p7.2.p,1,2500,2500,841.0,1002.0,16.067864271457086,307.7173557473404,49,2.1789258000007976,True,2,03_fixed_2500_baselines/raw_runs.csv
Fixed iteration,Chao,ILS,p7.2.p,2,2500,2500,843.0,1002.0,15.868263473053892,307.79687305679147,47,2.10880460000044,True,2,03_fixed_2500_baselines/raw_runs.csv
Fixed iteration,Chao,ILS,p7.2.p,3,2500,2500,841.0,1002.0,16.067864271457086,307.7173557473404,49,2.1188099999999395,True,2,03_fixed_2500_baselines/raw_runs.csv
Fixed iteration,Chao,ILS,p7.2.q,0,2500,2500,876.0,1044.0,16.091954022988507,327.19196070213366,53,2.948588799999925,True,2,03_fixed_2500_baselines/raw_runs.csv
Fixed iteration,Chao,ILS,p7.2.q,1,2500,2500,876.0,1044.0,16.091954022988507,327.19196070213366,53,2.9401500999993004,True,2,03_fixed_2500_baselines/raw_runs.csv
Fixed iteration,Chao,ILS,p7.2.q,2,2500,2500,876.0,1044.0,16.091954022988507,327.19196070213366,53,2.970773699998972,True,2,03_fixed_2500_baselines/raw_runs.csv
Fixed iteration,Chao,ILS,p7.2.q,3,2500,2500,876.0,1044.0,16.091954022988507,327.19196070213366,53,2.958918399999675,True,2,03_fixed_2500_baselines/raw_runs.csv
Fixed iteration,Chao,ILS,p7.2.r,0,2500,2500,941.0,1094.0,13.985374771480805,349.1963621142768,57,3.1698914999997214,True,2,03_fixed_2500_baselines/raw_runs.csv
Fixed iteration,Chao,ILS,p7.2.r,1,2500,2500,941.0,1094.0,13.985374771480805,349.1963621142768,57,3.152289099998597,True,2,03_fixed_2500_baselines/raw_runs.csv
Fixed iteration,Chao,ILS,p7.2.r,2,2500,2500,950.0,1094.0,13.162705667276052,353.8293119725494,55,3.0228738999994675,True,2,03_fixed_2500_baselines/raw_runs.csv
Fixed iteration,Chao,ILS,p7.2.r,3,2500,2500,934.0,1094.0,14.625228519195613,344.71039260929297,56,3.0992310000001453,True,2,03_fixed_2500_baselines/raw_runs.csv
Fixed iteration,Chao,ILS,p7.2.s,0,2500,2500,955.0,1136.0,15.933098591549296,355.7883908686431,57,3.219430700000885,True,2,03_fixed_2500_baselines/raw_runs.csv
Fixed iteration,Chao,ILS,p7.2.s,1,2500,2500,982.0,1136.0,13.556338028169014,370.4688394755348,58,3.22858769999948,True,2,03_fixed_2500_baselines/raw_runs.csv
Fixed iteration,Chao,ILS,p7.2.s,2,2500,2500,972.0,1136.0,14.43661971830986,369.9328937997557,57,3.157472599999892,True,2,03_fixed_2500_baselines/raw_runs.csv
Fixed iteration,Chao,ILS,p7.2.s,3,2500,2500,965.0,1136.0,15.05281690140845,362.5762720804125,58,3.22038529999918,True,2,03_fixed_2500_baselines/raw_runs.csv
Fixed iteration,Chao,ILS,p7.2.t,0,2500,2500,1060.0,1179.0,10.093299406276506,395.4069290377471,59,3.2678091999987373,True,2,03_fixed_2500_baselines/raw_runs.csv
Fixed iteration,Chao,ILS,p7.2.t,1,2500,2500,1060.0,1179.0,10.093299406276506,395.8186690139396,59,3.2717351999999664,True,2,03_fixed_2500_baselines/raw_runs.csv
Fixed iteration,Chao,ILS,p7.2.t,2,2500,2500,1050.0,1179.0,10.94147582697201,393.450497575556,60,3.317295400000148,True,2,03_fixed_2500_baselines/raw_runs.csv
Fixed iteration,Chao,ILS,p7.2.t,3,2500,2500,1018.0,1179.0,13.655640373197626,375.88936136185066,60,3.3660818000007566,True,2,03_fixed_2500_baselines/raw_runs.csv
Fixed iteration,Chao,ILS,p7.3.h,0,2500,2500,390.0,425.0,8.235294117647058,144.93832463823398,22,0.5971773000001122,True,2,03_fixed_2500_baselines/raw_runs.csv
Fixed iteration,Chao,ILS,p7.3.h,1,2500,2500,390.0,425.0,8.235294117647058,144.93832463823398,22,0.5963401999997586,True,2,03_fixed_2500_baselines/raw_runs.csv
Fixed iteration,Chao,ILS,p7.3.h,2,2500,2500,390.0,425.0,8.235294117647058,144.93832463823398,22,0.6000684000009642,True,2,03_fixed_2500_baselines/raw_runs.csv
Fixed iteration,Chao,ILS,p7.3.h,3,2500,2500,390.0,425.0,8.235294117647058,144.93832463823398,22,0.6096933999997418,True,2,03_fixed_2500_baselines/raw_runs.csv
Fixed iteration,Chao,ILS,p7.3.i,0,2500,2500,442.0,487.0,9.240246406570842,158.3721892172655,25,0.6614034999984142,True,2,03_fixed_2500_baselines/raw_runs.csv
Fixed iteration,Chao,ILS,p7.3.i,1,2500,2500,442.0,487.0,9.240246406570842,166.7227324728142,25,0.6569165000000794,True,2,03_fixed_2500_baselines/raw_runs.csv
Fixed iteration,Chao,ILS,p7.3.i,2,2500,2500,442.0,487.0,9.240246406570842,158.3721892172655,25,0.6559787999995024,True,2,03_fixed_2500_baselines/raw_runs.csv
Fixed iteration,Chao,ILS,p7.3.i,3,2500,2500,442.0,487.0,9.240246406570842,166.7227324728142,25,0.6604745999993611,True,2,03_fixed_2500_baselines/raw_runs.csv
Fixed iteration,Chao,ILS,p7.3.j,0,2500,2500,510.0,564.0,9.574468085106384,186.8180391818288,31,1.0791535999996995,True,2,03_fixed_2500_baselines/raw_runs.csv
Fixed iteration,Chao,ILS,p7.3.j,1,2500,2500,510.0,564.0,9.574468085106384,186.8180391818288,31,1.0771836000003532,True,2,03_fixed_2500_baselines/raw_runs.csv
Fixed iteration,Chao,ILS,p7.3.j,2,2500,2500,510.0,564.0,9.574468085106384,186.8180391818288,31,1.081731399999626,True,2,03_fixed_2500_baselines/raw_runs.csv
Fixed iteration,Chao,ILS,p7.3.j,3,2500,2500,510.0,564.0,9.574468085106384,186.8180391818288,31,1.0778052999994543,True,2,03_fixed_2500_baselines/raw_runs.csv
Fixed iteration,Chao,ILS,p7.3.k,0,2500,2500,541.0,633.0,14.533965244865719,203.99095016458227,36,1.232930899999701,True,2,03_fixed_2500_baselines/raw_runs.csv
Fixed iteration,Chao,ILS,p7.3.k,1,2500,2500,541.0,633.0,14.533965244865719,203.99095016458227,36,1.2275009000004502,True,2,03_fixed_2500_baselines/raw_runs.csv
Fixed iteration,Chao,ILS,p7.3.k,2,2500,2500,541.0,633.0,14.533965244865719,203.99095016458227,36,1.2298057000007248,True,2,03_fixed_2500_baselines/raw_runs.csv
Fixed iteration,Chao,ILS,p7.3.k,3,2500,2500,541.0,633.0,14.533965244865719,203.99095016458227,36,1.2419927999999345,True,2,03_fixed_2500_baselines/raw_runs.csv
Fixed iteration,Chao,ILS,p7.3.l,0,2500,2500,601.0,684.0,12.134502923976608,221.1853648778574,38,1.296469299999444,True,2,03_fixed_2500_baselines/raw_runs.csv
Fixed iteration,Chao,ILS,p7.3.l,1,2500,2500,601.0,684.0,12.134502923976608,221.1853648778574,38,1.3012151000002632,True,2,03_fixed_2500_baselines/raw_runs.csv
Fixed iteration,Chao,ILS,p7.3.l,2,2500,2500,601.0,684.0,12.134502923976608,221.1853648778574,38,1.2852789999997185,True,2,03_fixed_2500_baselines/raw_runs.csv
Fixed iteration,Chao,ILS,p7.3.l,3,2500,2500,601.0,684.0,12.134502923976608,221.1853648778574,38,1.2926982999997565,True,2,03_fixed_2500_baselines/raw_runs.csv
Fixed iteration,Chao,ILS,p7.3.m,0,2500,2500,670.0,762.0,12.073490813648293,246.9587428881647,40,1.354199299999891,True,2,03_fixed_2500_baselines/raw_runs.csv
Fixed iteration,Chao,ILS,p7.3.m,1,2500,2500,670.0,762.0,12.073490813648293,246.9587428881647,40,1.3647703000006004,True,2,03_fixed_2500_baselines/raw_runs.csv
Fixed iteration,Chao,ILS,p7.3.m,2,2500,2500,670.0,762.0,12.073490813648293,246.9587428881647,40,1.3438538999998857,True,2,03_fixed_2500_baselines/raw_runs.csv
Fixed iteration,Chao,ILS,p7.3.m,3,2500,2500,670.0,762.0,12.073490813648293,246.9587428881647,40,1.3467666000015015,True,2,03_fixed_2500_baselines/raw_runs.csv
Fixed iteration,Chao,ILS,p7.3.n,0,2500,2500,732.0,820.0,10.731707317073171,263.00250668331154,43,1.920179599999756,True,2,03_fixed_2500_baselines/raw_runs.csv
Fixed iteration,Chao,ILS,p7.3.n,1,2500,2500,732.0,820.0,10.731707317073171,263.00250668331154,43,1.931578100000479,True,2,03_fixed_2500_baselines/raw_runs.csv
Fixed iteration,Chao,ILS,p7.3.n,2,2500,2500,725.0,820.0,11.585365853658537,264.54694539247475,43,1.9100295000007463,True,2,03_fixed_2500_baselines/raw_runs.csv
Fixed iteration,Chao,ILS,p7.3.n,3,2500,2500,732.0,820.0,10.731707317073171,263.00250668331154,43,1.909823799998776,True,2,03_fixed_2500_baselines/raw_runs.csv
Fixed iteration,Chao,ILS,p7.3.o,0,2500,2500,767.0,874.0,12.242562929061785,277.7340906883284,46,2.03862620000109,True,2,03_fixed_2500_baselines/raw_runs.csv
Fixed iteration,Chao,ILS,p7.3.o,1,2500,2500,769.0,874.0,12.013729977116705,276.4613483337492,45,2.018726800000877,True,2,03_fixed_2500_baselines/raw_runs.csv
Fixed iteration,Chao,ILS,p7.3.o,2,2500,2500,769.0,874.0,12.013729977116705,276.4613483337492,45,2.02790559999994,True,2,03_fixed_2500_baselines/raw_runs.csv
Fixed iteration,Chao,ILS,p7.3.o,3,2500,2500,769.0,874.0,12.013729977116705,276.4613483337492,45,2.0128889000006893,True,2,03_fixed_2500_baselines/raw_runs.csv
Fixed iteration,Chao,ILS,p7.3.p,0,2500,2500,832.0,929.0,10.441334768568353,310.6171467943354,46,2.050829800000429,True,2,03_fixed_2500_baselines/raw_runs.csv
Fixed iteration,Chao,ILS,p7.3.p,1,2500,2500,831.0,929.0,10.54897739504844,313.9190355576259,46,2.0589516000000003,True,2,03_fixed_2500_baselines/raw_runs.csv
Fixed iteration,Chao,ILS,p7.3.p,2,2500,2500,840.0,929.0,9.580193756727665,314.4528854594345,46,2.051570499999798,True,2,03_fixed_2500_baselines/raw_runs.csv
Fixed iteration,Chao,ILS,p7.3.p,3,2500,2500,812.0,929.0,12.594187298170075,301.30075394761263,46,2.010765200000605,True,2,03_fixed_2500_baselines/raw_runs.csv
Fixed iteration,Chao,ILS,p7.3.q,0,2500,2500,872.0,987.0,11.651469098277609,330.1155118076437,49,2.123759199999768,True,2,03_fixed_2500_baselines/raw_runs.csv
Fixed iteration,Chao,ILS,p7.3.q,1,2500,2500,872.0,987.0,11.651469098277609,330.1155118076437,49,2.1216254999999364,True,2,03_fixed_2500_baselines/raw_runs.csv
Fixed iteration,Chao,ILS,p7.3.q,2,2500,2500,877.0,987.0,11.144883485309018,335.9332317040381,49,2.1459040000008827,True,2,03_fixed_2500_baselines/raw_runs.csv
Fixed iteration,Chao,ILS,p7.3.q,3,2500,2500,872.0,987.0,11.651469098277609,330.1155118076437,49,2.142733099999532,True,2,03_fixed_2500_baselines/raw_runs.csv
Fixed iteration,Chao,ILS,p7.3.r,0,2500,2500,854.0,1026.0,16.764132553606238,354.3987765074382,50,2.3901102999989234,True,2,03_fixed_2500_baselines/raw_runs.csv
Fixed iteration,Chao,ILS,p7.3.r,1,2500,2500,817.0,1026.0,20.37037037037037,350.7825717565152,49,2.165637699999934,True,2,03_fixed_2500_baselines/raw_runs.csv
Fixed iteration,Chao,ILS,p7.3.r,2,2500,2500,854.0,1026.0,16.764132553606238,351.0452690870971,50,2.2287766999997984,True,2,03_fixed_2500_baselines/raw_runs.csv
Fixed iteration,Chao,ILS,p7.3.r,3,2500,2500,820.0,1026.0,20.077972709551656,354.24582104385564,50,2.207333300000755,True,2,03_fixed_2500_baselines/raw_runs.csv
Fixed iteration,Chao,ILS,p7.3.s,0,2500,2500,851.0,1081.0,21.27659574468085,353.3162080996101,53,3.0659708000002865,True,2,03_fixed_2500_baselines/raw_runs.csv
Fixed iteration,Chao,ILS,p7.3.s,1,2500,2500,855.0,1081.0,20.906567992599445,363.825244843371,53,3.0450616999987687,True,2,03_fixed_2500_baselines/raw_runs.csv
Fixed iteration,Chao,ILS,p7.3.s,2,2500,2500,855.0,1081.0,20.906567992599445,363.825244843371,53,3.0367962999989686,True,2,03_fixed_2500_baselines/raw_runs.csv
Fixed iteration,Chao,ILS,p7.3.s,3,2500,2500,851.0,1081.0,21.27659574468085,353.06311279264366,53,3.0744155000011237,True,2,03_fixed_2500_baselines/raw_runs.csv
Fixed iteration,Chao,ILS,p7.3.t,0,2500,2500,961.0,1120.0,14.196428571428571,388.70701297927656,58,3.256031200000507,True,2,03_fixed_2500_baselines/raw_runs.csv
Fixed iteration,Chao,ILS,p7.3.t,1,2500,2500,961.0,1120.0,14.196428571428571,388.70701297927656,58,3.244365800001105,True,2,03_fixed_2500_baselines/raw_runs.csv
Fixed iteration,Chao,ILS,p7.3.t,2,2500,2500,963.0,1120.0,14.017857142857142,389.2696421777395,58,3.277537300000404,True,2,03_fixed_2500_baselines/raw_runs.csv
Fixed iteration,Chao,ILS,p7.3.t,3,2500,2500,961.0,1120.0,14.196428571428571,388.70701297927656,58,3.273613400000613,True,2,03_fixed_2500_baselines/raw_runs.csv
Fixed iteration,Chao,ILS,p7.4.g,0,2500,2500,187.0,217.0,13.824884792626728,108.98529553679148,12,0.3392923999999766,True,2,03_fixed_2500_baselines/raw_runs.csv
Fixed iteration,Chao,ILS,p7.4.g,1,2500,2500,187.0,217.0,13.824884792626728,107.97115965679852,12,0.3353422000000137,True,2,03_fixed_2500_baselines/raw_runs.csv
Fixed iteration,Chao,ILS,p7.4.g,2,2500,2500,187.0,217.0,13.824884792626728,108.98529553679148,12,0.3452474999994592,True,2,03_fixed_2500_baselines/raw_runs.csv
Fixed iteration,Chao,ILS,p7.4.g,3,2500,2500,187.0,217.0,13.824884792626728,108.98529553679148,12,0.3423894000006839,True,2,03_fixed_2500_baselines/raw_runs.csv
Fixed iteration,Chao,ILS,p7.4.h,0,2500,2500,259.0,285.0,9.12280701754386,146.58439802159165,15,0.3744518999992579,True,2,03_fixed_2500_baselines/raw_runs.csv
Fixed iteration,Chao,ILS,p7.4.h,1,2500,2500,259.0,285.0,9.12280701754386,146.58439802159165,15,0.3794066000009479,True,2,03_fixed_2500_baselines/raw_runs.csv
Fixed iteration,Chao,ILS,p7.4.h,2,2500,2500,259.0,285.0,9.12280701754386,146.58439802159165,15,0.3812175000002753,True,2,03_fixed_2500_baselines/raw_runs.csv
Fixed iteration,Chao,ILS,p7.4.h,3,2500,2500,259.0,285.0,9.12280701754386,146.58439802159165,15,0.3796555999997508,True,2,03_fixed_2500_baselines/raw_runs.csv
Fixed iteration,Chao,ILS,p7.4.i,0,2500,2500,338.0,366.0,7.6502732240437155,172.7826311836675,20,0.4240317000003415,True,2,03_fixed_2500_baselines/raw_runs.csv
Fixed iteration,Chao,ILS,p7.4.i,1,2500,2500,338.0,366.0,7.6502732240437155,172.7826311836675,20,0.4190686000001733,True,2,03_fixed_2500_baselines/raw_runs.csv
Fixed iteration,Chao,ILS,p7.4.i,2,2500,2500,338.0,366.0,7.6502732240437155,172.7826311836675,20,0.4300634999999602,True,2,03_fixed_2500_baselines/raw_runs.csv
Fixed iteration,Chao,ILS,p7.4.i,3,2500,2500,338.0,366.0,7.6502732240437155,172.7826311836675,20,0.4328975999997055,True,2,03_fixed_2500_baselines/raw_runs.csv
Fixed iteration,Chao,ILS,p7.4.k,0,2500,2500,462.0,520.0,11.153846153846153,199.07040840360395,29,0.7781386999995448,True,2,03_fixed_2500_baselines/raw_runs.csv
Fixed iteration,Chao,ILS,p7.4.k,1,2500,2500,462.0,520.0,11.153846153846153,199.07040840360395,29,0.7741851999999199,True,2,03_fixed_2500_baselines/raw_runs.csv
Fixed iteration,Chao,ILS,p7.4.k,2,2500,2500,462.0,520.0,11.153846153846153,199.07040840360395,29,0.781954100000803,True,2,03_fixed_2500_baselines/raw_runs.csv
Fixed iteration,Chao,ILS,p7.4.k,3,2500,2500,462.0,520.0,11.153846153846153,199.07040840360395,29,0.7806872000001022,True,2,03_fixed_2500_baselines/raw_runs.csv
Fixed iteration,Chao,ILS,p7.4.l,0,2500,2500,519.0,590.0,12.033898305084746,222.759798409554,32,1.063392500000191,True,2,03_fixed_2500_baselines/raw_runs.csv
Fixed iteration,Chao,ILS,p7.4.l,1,2500,2500,519.0,590.0,12.033898305084746,222.759798409554,32,1.0362724999995407,True,2,03_fixed_2500_baselines/raw_runs.csv
Fixed iteration,Chao,ILS,p7.4.l,2,2500,2500,519.0,590.0,12.033898305084746,222.759798409554,32,1.1195124999994732,True,2,03_fixed_2500_baselines/raw_runs.csv
Fixed iteration,Chao,ILS,p7.4.l,3,2500,2500,519.0,590.0,12.033898305084746,222.759798409554,32,1.0721830000002228,True,2,03_fixed_2500_baselines/raw_runs.csv
Fixed iteration,Chao,ILS,p7.4.m,0,2500,2500,563.0,646.0,12.84829721362229,235.44433651205551,34,1.2490186000013637,True,2,03_fixed_2500_baselines/raw_runs.csv
Fixed iteration,Chao,ILS,p7.4.m,1,2500,2500,563.0,646.0,12.84829721362229,233.7792953986729,34,1.2419687000001431,True,2,03_fixed_2500_baselines/raw_runs.csv
Fixed iteration,Chao,ILS,p7.4.m,2,2500,2500,563.0,646.0,12.84829721362229,235.44433651205551,34,1.2544873999995616,True,2,03_fixed_2500_baselines/raw_runs.csv
Fixed iteration,Chao,ILS,p7.4.m,3,2500,2500,563.0,646.0,12.84829721362229,234.84651300638484,34,1.248147100001006,True,2,03_fixed_2500_baselines/raw_runs.csv
Fixed iteration,Chao,ILS,p7.4.n,0,2500,2500,607.0,730.0,16.84931506849315,251.5015227657672,38,1.3800979999996343,True,2,03_fixed_2500_baselines/raw_runs.csv
Fixed iteration,Chao,ILS,p7.4.n,1,2500,2500,607.0,730.0,16.84931506849315,253.3228400543886,38,1.388686600001165,True,2,03_fixed_2500_baselines/raw_runs.csv
Fixed iteration,Chao,ILS,p7.4.n,2,2500,2500,607.0,730.0,16.84931506849315,250.54576261264936,38,1.349419599999237,True,2,03_fixed_2500_baselines/raw_runs.csv
Fixed iteration,Chao,ILS,p7.4.n,3,2500,2500,607.0,730.0,16.84931506849315,251.5015227657672,38,1.3538129999997182,True,2,03_fixed_2500_baselines/raw_runs.csv
Fixed iteration,Chao,ILS,p7.4.o,0,2500,2500,662.0,781.0,15.236875800256081,274.4451931067624,41,1.97029350000048,True,2,03_fixed_2500_baselines/raw_runs.csv
Fixed iteration,Chao,ILS,p7.4.o,1,2500,2500,662.0,781.0,15.236875800256081,274.4451931067624,41,1.967591900000116,True,2,03_fixed_2500_baselines/raw_runs.csv
Fixed iteration,Chao,ILS,p7.4.o,2,2500,2500,662.0,781.0,15.236875800256081,274.4451931067624,41,1.9630331999997,True,2,03_fixed_2500_baselines/raw_runs.csv
Fixed iteration,Chao,ILS,p7.4.o,3,2500,2500,662.0,781.0,15.236875800256081,274.4451931067624,41,1.950816500000656,True,2,03_fixed_2500_baselines/raw_runs.csv
Fixed iteration,Chao,ILS,p7.4.p,0,2500,2500,730.0,846.0,13.711583924349881,300.8255790186477,43,2.022140299999592,True,2,03_fixed_2500_baselines/raw_runs.csv
Fixed iteration,Chao,ILS,p7.4.p,1,2500,2500,724.0,846.0,14.42080378250591,301.3649777106433,42,1.9550063999995475,True,2,03_fixed_2500_baselines/raw_runs.csv
Fixed iteration,Chao,ILS,p7.4.p,2,2500,2500,730.0,846.0,13.711583924349881,300.8255790186477,43,2.0285659000001037,True,2,03_fixed_2500_baselines/raw_runs.csv
Fixed iteration,Chao,ILS,p7.4.p,3,2500,2500,730.0,846.0,13.711583924349881,300.8255790186477,43,2.0180740999985574,True,2,03_fixed_2500_baselines/raw_runs.csv
Fixed iteration,Chao,ILS,p7.4.q,0,2500,2500,782.0,909.0,13.971397139713972,314.0348911099157,46,2.2035856999991665,True,2,03_fixed_2500_baselines/raw_runs.csv
Fixed iteration,Chao,ILS,p7.4.q,1,2500,2500,772.0,909.0,15.071507150715071,307.7248041749145,45,2.14859129999968,True,2,03_fixed_2500_baselines/raw_runs.csv
Fixed iteration,Chao,ILS,p7.4.q,2,2500,2500,772.0,909.0,15.071507150715071,307.7248041749145,45,2.126469500000894,True,2,03_fixed_2500_baselines/raw_runs.csv
Fixed iteration,Chao,ILS,p7.4.q,3,2500,2500,776.0,909.0,14.631463146314632,332.8413095163439,46,2.1303038999994897,True,2,03_fixed_2500_baselines/raw_runs.csv
Fixed iteration,Chao,ILS,p7.4.r,0,2500,2500,873.0,970.0,10.0,337.5450398883359,50,2.291976200000136,True,2,03_fixed_2500_baselines/raw_runs.csv
Fixed iteration,Chao,ILS,p7.4.r,1,2500,2500,874.0,970.0,9.896907216494846,334.8871484097639,49,2.263563399999839,True,2,03_fixed_2500_baselines/raw_runs.csv
Fixed iteration,Chao,ILS,p7.4.r,2,2500,2500,880.0,970.0,9.278350515463918,336.0006011791727,50,2.3072284999998374,True,2,03_fixed_2500_baselines/raw_runs.csv
Fixed iteration,Chao,ILS,p7.4.r,3,2500,2500,881.0,970.0,9.175257731958762,335.3605139129029,50,2.3084817999988445,True,2,03_fixed_2500_baselines/raw_runs.csv
Fixed iteration,Chao,ILS,p7.4.s,0,2500,2500,912.0,1022.0,10.76320939334638,350.7801959833682,53,3.153470199998992,True,2,03_fixed_2500_baselines/raw_runs.csv
Fixed iteration,Chao,ILS,p7.4.s,1,2500,2500,912.0,1022.0,10.76320939334638,350.7801959833682,53,3.1532958000007056,True,2,03_fixed_2500_baselines/raw_runs.csv
Fixed iteration,Chao,ILS,p7.4.s,2,2500,2500,905.0,1022.0,11.448140900195694,347.71793823506965,53,3.16494910000074,True,2,03_fixed_2500_baselines/raw_runs.csv
Fixed iteration,Chao,ILS,p7.4.s,3,2500,2500,905.0,1022.0,11.448140900195694,352.3246346925314,53,3.143710499998633,True,2,03_fixed_2500_baselines/raw_runs.csv
Fixed iteration,Chao,ILS,p7.4.t,0,2500,2500,966.0,1077.0,10.30640668523677,374.77148877827767,53,3.212676499999361,True,2,03_fixed_2500_baselines/raw_runs.csv
Fixed iteration,Chao,ILS,p7.4.t,1,2500,2500,971.0,1077.0,9.842154131847725,376.9897637133346,54,3.225597599999673,True,2,03_fixed_2500_baselines/raw_runs.csv
Fixed iteration,Chao,ILS,p7.4.t,2,2500,2500,961.0,1077.0,10.770659238625813,386.5204077795082,56,3.276454599999852,True,2,03_fixed_2500_baselines/raw_runs.csv
Fixed iteration,Chao,ILS,p7.4.t,3,2500,2500,961.0,1077.0,10.770659238625813,387.8128368102758,54,3.2636560999999347,True,2,03_fixed_2500_baselines/raw_runs.csv
Fixed iteration,Chao,VNS,p4.2.a,0,2500,2500,162.0,206.0,21.359223300970875,48.366228979073625,11,0.2347107000005053,True,2,03_fixed_2500_baselines/raw_runs.csv
Fixed iteration,Chao,VNS,p4.2.a,1,2500,2500,162.0,206.0,21.359223300970875,48.366228979073625,11,0.2407719000002544,True,2,03_fixed_2500_baselines/raw_runs.csv
Fixed iteration,Chao,VNS,p4.2.a,2,2500,2500,162.0,206.0,21.359223300970875,48.366228979073625,11,0.2325564000002487,True,2,03_fixed_2500_baselines/raw_runs.csv
Fixed iteration,Chao,VNS,p4.2.a,3,2500,2500,162.0,206.0,21.359223300970875,48.366228979073625,11,0.238609500000166,True,2,03_fixed_2500_baselines/raw_runs.csv
Fixed iteration,Chao,VNS,p4.2.b,0,2500,2500,278.0,341.0,18.475073313782993,58.765067773374696,17,0.292288999999073,True,2,03_fixed_2500_baselines/raw_runs.csv
Fixed iteration,Chao,VNS,p4.2.b,1,2500,2500,278.0,341.0,18.475073313782993,58.765067773374696,17,0.2908857999991596,True,2,03_fixed_2500_baselines/raw_runs.csv
Fixed iteration,Chao,VNS,p4.2.b,2,2500,2500,278.0,341.0,18.475073313782993,58.765067773374696,17,0.2940154000007169,True,2,03_fixed_2500_baselines/raw_runs.csv
Fixed iteration,Chao,VNS,p4.2.b,3,2500,2500,278.0,341.0,18.475073313782993,58.765067773374696,17,0.298786100000143,True,2,03_fixed_2500_baselines/raw_runs.csv
Fixed iteration,Chao,VNS,p4.2.c,0,2500,2500,354.0,452.0,21.68141592920354,64.96484248820659,22,0.4647244000007049,True,2,03_fixed_2500_baselines/raw_runs.csv
Fixed iteration,Chao,VNS,p4.2.c,1,2500,2500,354.0,452.0,21.68141592920354,64.96484248820659,22,0.4612040000010893,True,2,03_fixed_2500_baselines/raw_runs.csv
Fixed iteration,Chao,VNS,p4.2.c,2,2500,2500,354.0,452.0,21.68141592920354,64.96484248820659,22,0.4640700999989349,True,2,03_fixed_2500_baselines/raw_runs.csv
Fixed iteration,Chao,VNS,p4.2.c,3,2500,2500,354.0,452.0,21.68141592920354,64.96484248820659,22,0.4662442000008013,True,2,03_fixed_2500_baselines/raw_runs.csv
Fixed iteration,Chao,VNS,p4.2.d,0,2500,2500,442.0,531.0,16.760828625235405,76.19437140897914,31,0.7692620999987412,True,2,03_fixed_2500_baselines/raw_runs.csv
Fixed iteration,Chao,VNS,p4.2.d,1,2500,2500,442.0,531.0,16.760828625235405,79.69864846960103,31,0.7610143000001699,True,2,03_fixed_2500_baselines/raw_runs.csv
Fixed iteration,Chao,VNS,p4.2.d,2,2500,2500,442.0,531.0,16.760828625235405,79.69864846960103,31,0.7387760000001435,True,2,03_fixed_2500_baselines/raw_runs.csv
Fixed iteration,Chao,VNS,p4.2.d,3,2500,2500,442.0,531.0,16.760828625235405,79.69864846960103,31,0.7358868999999686,True,2,03_fixed_2500_baselines/raw_runs.csv
Fixed iteration,Chao,VNS,p4.2.e,0,2500,2500,485.0,618.0,21.521035598705502,88.45565484687803,35,0.8436576000003697,True,2,03_fixed_2500_baselines/raw_runs.csv
Fixed iteration,Chao,VNS,p4.2.e,1,2500,2500,485.0,618.0,21.521035598705502,88.45565484687803,35,0.8437467999992805,True,2,03_fixed_2500_baselines/raw_runs.csv
Fixed iteration,Chao,VNS,p4.2.e,2,2500,2500,485.0,618.0,21.521035598705502,88.45565484687803,35,0.8531130000010307,True,2,03_fixed_2500_baselines/raw_runs.csv
Fixed iteration,Chao,VNS,p4.2.e,3,2500,2500,485.0,618.0,21.521035598705502,88.45565484687803,35,0.8590624000007665,True,2,03_fixed_2500_baselines/raw_runs.csv
Fixed iteration,Chao,VNS,p4.2.f,0,2500,2500,553.0,687.0,19.50509461426492,91.71254827782452,38,0.9256416000007448,True,2,03_fixed_2500_baselines/raw_runs.csv
Fixed iteration,Chao,VNS,p4.2.f,1,2500,2500,553.0,687.0,19.50509461426492,91.71254827782452,38,0.9182197000009182,True,2,03_fixed_2500_baselines/raw_runs.csv
Fixed iteration,Chao,VNS,p4.2.f,2,2500,2500,553.0,687.0,19.50509461426492,91.71254827782452,38,0.9285111999997752,True,2,03_fixed_2500_baselines/raw_runs.csv
Fixed iteration,Chao,VNS,p4.2.f,3,2500,2500,553.0,687.0,19.50509461426492,91.71254827782452,38,0.9328845999989426,True,2,03_fixed_2500_baselines/raw_runs.csv
Fixed iteration,Chao,VNS,p4.2.g,0,2500,2500,643.0,757.0,15.059445178335535,106.36492699749544,43,1.3542539999998553,True,2,03_fixed_2500_baselines/raw_runs.csv
Fixed iteration,Chao,VNS,p4.2.g,1,2500,2500,643.0,757.0,15.059445178335535,106.36492699749544,43,1.361567800000557,True,2,03_fixed_2500_baselines/raw_runs.csv
Fixed iteration,Chao,VNS,p4.2.g,2,2500,2500,643.0,757.0,15.059445178335535,106.36492699749544,43,1.3488309000003935,True,2,03_fixed_2500_baselines/raw_runs.csv
Fixed iteration,Chao,VNS,p4.2.g,3,2500,2500,643.0,757.0,15.059445178335535,106.36492699749544,43,1.34926219999943,True,2,03_fixed_2500_baselines/raw_runs.csv
Fixed iteration,Chao,VNS,p4.2.h,0,2500,2500,670.0,835.0,19.760479041916167,118.47216534641451,47,1.3452438000003897,True,2,03_fixed_2500_baselines/raw_runs.csv
Fixed iteration,Chao,VNS,p4.2.h,1,2500,2500,670.0,835.0,19.760479041916167,113.83957894299832,47,1.4774569000001063,True,2,03_fixed_2500_baselines/raw_runs.csv
Fixed iteration,Chao,VNS,p4.2.h,2,2500,2500,670.0,835.0,19.760479041916167,118.47216534641451,47,1.3408180000005814,True,2,03_fixed_2500_baselines/raw_runs.csv
Fixed iteration,Chao,VNS,p4.2.h,3,2500,2500,670.0,835.0,19.760479041916167,118.47216534641451,47,1.3490034000005835,True,2,03_fixed_2500_baselines/raw_runs.csv
Fixed iteration,Chao,VNS,p4.2.i,0,2500,2500,698.0,918.0,23.965141612200437,120.4498046175828,50,1.753008099998624,True,2,03_fixed_2500_baselines/raw_runs.csv
Fixed iteration,Chao,VNS,p4.2.i,1,2500,2500,698.0,918.0,23.965141612200437,120.4498046175828,50,1.7887608999990334,True,2,03_fixed_2500_baselines/raw_runs.csv
Fixed iteration,Chao,VNS,p4.2.i,2,2500,2500,698.0,918.0,23.965141612200437,120.4498046175828,50,1.6430737000009683,True,2,03_fixed_2500_baselines/raw_runs.csv
Fixed iteration,Chao,VNS,p4.2.i,3,2500,2500,698.0,918.0,23.965141612200437,120.4498046175828,50,1.599423100000422,True,2,03_fixed_2500_baselines/raw_runs.csv
Fixed iteration,Chao,VNS,p4.2.j,0,2500,2500,757.0,965.0,21.55440414507772,135.86499628160018,51,1.9085567999991329,True,2,03_fixed_2500_baselines/raw_runs.csv
Fixed iteration,Chao,VNS,p4.2.j,1,2500,2500,757.0,965.0,21.55440414507772,135.86499628160018,51,1.918527999998332,True,2,03_fixed_2500_baselines/raw_runs.csv
Fixed iteration,Chao,VNS,p4.2.j,2,2500,2500,757.0,965.0,21.55440414507772,135.86499628160018,51,1.841194099999484,True,2,03_fixed_2500_baselines/raw_runs.csv
Fixed iteration,Chao,VNS,p4.2.j,3,2500,2500,757.0,965.0,21.55440414507772,135.86499628160018,51,1.8223472999998196,True,2,03_fixed_2500_baselines/raw_runs.csv
Fixed iteration,Chao,VNS,p4.2.k,0,2500,2500,861.0,1022.0,15.753424657534246,149.43644373786248,54,1.9712573000015252,True,2,03_fixed_2500_baselines/raw_runs.csv
Fixed iteration,Chao,VNS,p4.2.k,1,2500,2500,854.0,1022.0,16.438356164383563,141.69576626394485,53,1.94800320000104,True,2,03_fixed_2500_baselines/raw_runs.csv
Fixed iteration,Chao,VNS,p4.2.k,2,2500,2500,874.0,1022.0,14.481409001956948,144.4113970976851,51,1.825666499998988,True,2,03_fixed_2500_baselines/raw_runs.csv
Fixed iteration,Chao,VNS,p4.2.k,3,2500,2500,854.0,1022.0,16.438356164383563,141.69576626394485,53,1.903503400000773,True,2,03_fixed_2500_baselines/raw_runs.csv
Fixed iteration,Chao,VNS,p4.2.l,0,2500,2500,954.0,1074.0,11.1731843575419,159.47939548229965,58,2.1186914999998407,True,2,03_fixed_2500_baselines/raw_runs.csv
Fixed iteration,Chao,VNS,p4.2.l,1,2500,2500,983.0,1074.0,8.472998137802607,159.35013878972666,58,2.1286024000000907,True,2,03_fixed_2500_baselines/raw_runs.csv
Fixed iteration,Chao,VNS,p4.2.l,2,2500,2500,954.0,1074.0,11.1731843575419,159.47939548229965,58,2.115875199999209,True,2,03_fixed_2500_baselines/raw_runs.csv
Fixed iteration,Chao,VNS,p4.2.l,3,2500,2500,981.0,1074.0,8.659217877094973,159.5182741913205,59,2.155966999998782,True,2,03_fixed_2500_baselines/raw_runs.csv
Fixed iteration,Chao,VNS,p4.2.m,0,2500,2500,1026.0,1132.0,9.363957597173146,169.059010631739,64,2.806093299999702,True,2,03_fixed_2500_baselines/raw_runs.csv
Fixed iteration,Chao,VNS,p4.2.m,1,2500,2500,1016.0,1132.0,10.247349823321555,165.19316158736257,63,2.8547056000006705,True,2,03_fixed_2500_baselines/raw_runs.csv
Fixed iteration,Chao,VNS,p4.2.m,2,2500,2500,1026.0,1132.0,9.363957597173146,169.059010631739,64,2.8065692000000126,True,2,03_fixed_2500_baselines/raw_runs.csv
Fixed iteration,Chao,VNS,p4.2.m,3,2500,2500,1015.0,1132.0,10.335689045936396,164.81929427601978,62,2.735441400000127,True,2,03_fixed_2500_baselines/raw_runs.csv
Fixed iteration,Chao,VNS,p4.2.n,0,2500,2500,1059.0,1174.0,9.795570698466781,174.5919073465539,68,3.0742347999985213,True,2,03_fixed_2500_baselines/raw_runs.csv
Fixed iteration,Chao,VNS,p4.2.n,1,2500,2500,1084.0,1174.0,7.666098807495741,177.2952236690848,70,3.2135230999992928,True,2,03_fixed_2500_baselines/raw_runs.csv
Fixed iteration,Chao,VNS,p4.2.n,2,2500,2500,1062.0,1174.0,9.540034071550256,175.6458164527359,70,3.1677982000001066,True,2,03_fixed_2500_baselines/raw_runs.csv
Fixed iteration,Chao,VNS,p4.2.n,3,2500,2500,1102.0,1174.0,6.132879045996593,177.99958696204885,70,3.176629999999932,True,2,03_fixed_2500_baselines/raw_runs.csv
Fixed iteration,Chao,VNS,p4.2.o,0,2500,2500,1136.0,1218.0,6.732348111658457,186.27398163060872,76,3.994275600000037,True,2,03_fixed_2500_baselines/raw_runs.csv
Fixed iteration,Chao,VNS,p4.2.o,1,2500,2500,1135.0,1218.0,6.814449917898194,186.26224804209767,75,3.968487100000857,True,2,03_fixed_2500_baselines/raw_runs.csv
Fixed iteration,Chao,VNS,p4.2.o,2,2500,2500,1112.0,1218.0,8.70279146141215,184.833159510892,73,3.7271243000013774,True,2,03_fixed_2500_baselines/raw_runs.csv
Fixed iteration,Chao,VNS,p4.2.o,3,2500,2500,1131.0,1218.0,7.142857142857143,189.24273287222536,74,3.801982200000566,True,2,03_fixed_2500_baselines/raw_runs.csv
Fixed iteration,Chao,VNS,p4.2.p,0,2500,2500,1187.0,1242.0,4.428341384863124,194.7702933666214,78,4.152104400000098,True,2,03_fixed_2500_baselines/raw_runs.csv
Fixed iteration,Chao,VNS,p4.2.p,1,2500,2500,1187.0,1242.0,4.428341384863124,195.28726130124352,78,4.1440937999996095,True,2,03_fixed_2500_baselines/raw_runs.csv
Fixed iteration,Chao,VNS,p4.2.p,2,2500,2500,1179.0,1242.0,5.072463768115942,199.47173626728704,79,4.145546499999909,True,2,03_fixed_2500_baselines/raw_runs.csv
Fixed iteration,Chao,VNS,p4.2.p,3,2500,2500,1187.0,1242.0,4.428341384863124,194.7702933666214,78,4.126172899999801,True,2,03_fixed_2500_baselines/raw_runs.csv
Fixed iteration,Chao,VNS,p4.2.q,0,2500,2500,1240.0,1268.0,2.2082018927444795,206.73467148702312,80,4.272253799999817,True,2,03_fixed_2500_baselines/raw_runs.csv
Fixed iteration,Chao,VNS,p4.2.q,1,2500,2500,1243.0,1268.0,1.971608832807571,207.8707255110784,80,4.282369500000641,True,2,03_fixed_2500_baselines/raw_runs.csv
Fixed iteration,Chao,VNS,p4.2.q,2,2500,2500,1246.0,1268.0,1.7350157728706626,208.8371450374184,85,5.279918800000814,True,2,03_fixed_2500_baselines/raw_runs.csv
Fixed iteration,Chao,VNS,p4.2.q,3,2500,2500,1245.0,1268.0,1.8138801261829653,209.1350213105013,79,4.255412700000306,True,2,03_fixed_2500_baselines/raw_runs.csv
Fixed iteration,Chao,VNS,p4.2.r,0,2500,2500,1279.0,1292.0,1.0061919504643964,219.19221215973585,91,5.829915399999663,True,2,03_fixed_2500_baselines/raw_runs.csv
Fixed iteration,Chao,VNS,p4.2.r,1,2500,2500,1271.0,1292.0,1.6253869969040247,219.10045104807145,92,5.590029199998753,True,2,03_fixed_2500_baselines/raw_runs.csv
Fixed iteration,Chao,VNS,p4.2.r,2,2500,2500,1276.0,1292.0,1.238390092879257,219.30919456350057,87,5.716729899999336,True,2,03_fixed_2500_baselines/raw_runs.csv
Fixed iteration,Chao,VNS,p4.2.r,3,2500,2500,1272.0,1292.0,1.5479876160990713,217.85986903200268,88,5.640281699999832,True,2,03_fixed_2500_baselines/raw_runs.csv
Fixed iteration,Chao,VNS,p4.2.s,0,2500,2500,1290.0,1304.0,1.0736196319018405,229.15178073898835,92,5.770203300000503,True,2,03_fixed_2500_baselines/raw_runs.csv
Fixed iteration,Chao,VNS,p4.2.s,1,2500,2500,1278.0,1304.0,1.9938650306748467,225.49495856055773,92,5.769515300000421,True,2,03_fixed_2500_baselines/raw_runs.csv
Fixed iteration,Chao,VNS,p4.2.s,2,2500,2500,1290.0,1304.0,1.0736196319018405,229.64851342714903,92,5.693587499999921,True,2,03_fixed_2500_baselines/raw_runs.csv
Fixed iteration,Chao,VNS,p4.2.s,3,2500,2500,1289.0,1304.0,1.1503067484662577,229.1115948827953,91,5.614534099999219,True,2,03_fixed_2500_baselines/raw_runs.csv
Fixed iteration,Chao,VNS,p4.2.t,0,2500,2500,1298.0,1306.0,0.6125574272588055,236.98019421467853,96,4.613400399999591,True,2,03_fixed_2500_baselines/raw_runs.csv
Fixed iteration,Chao,VNS,p4.2.t,1,2500,2500,1294.0,1306.0,0.9188361408882083,233.62151659689343,95,4.830346200000349,True,2,03_fixed_2500_baselines/raw_runs.csv
Fixed iteration,Chao,VNS,p4.2.t,2,2500,2500,1294.0,1306.0,0.9188361408882083,233.62151659689343,95,4.849937400000272,True,2,03_fixed_2500_baselines/raw_runs.csv
Fixed iteration,Chao,VNS,p4.2.t,3,2500,2500,1298.0,1306.0,0.6125574272588055,239.19480602579367,95,4.907334499999706,True,2,03_fixed_2500_baselines/raw_runs.csv
Fixed iteration,Chao,VNS,p4.3.c,0,2500,2500,177.0,193.0,8.290155440414507,66.98566153547822,11,0.2622222999998485,True,2,03_fixed_2500_baselines/raw_runs.csv
Fixed iteration,Chao,VNS,p4.3.c,1,2500,2500,177.0,193.0,8.290155440414507,66.98566153547822,11,0.259712799999761,True,2,03_fixed_2500_baselines/raw_runs.csv
Fixed iteration,Chao,VNS,p4.3.c,2,2500,2500,177.0,193.0,8.290155440414507,66.98566153547822,11,0.2566877999997814,True,2,03_fixed_2500_baselines/raw_runs.csv
Fixed iteration,Chao,VNS,p4.3.c,3,2500,2500,177.0,193.0,8.290155440414507,66.98566153547822,11,0.2568682999990415,True,2,03_fixed_2500_baselines/raw_runs.csv
Fixed iteration,Chao,VNS,p4.3.d,0,2500,2500,270.0,335.0,19.402985074626866,76.25272765678224,18,0.3297192999998515,True,2,03_fixed_2500_baselines/raw_runs.csv
Fixed iteration,Chao,VNS,p4.3.d,1,2500,2500,270.0,335.0,19.402985074626866,76.25272765678224,18,0.336257699998896,True,2,03_fixed_2500_baselines/raw_runs.csv
Fixed iteration,Chao,VNS,p4.3.d,2,2500,2500,270.0,335.0,19.402985074626866,76.25272765678224,18,0.3327501999992819,True,2,03_fixed_2500_baselines/raw_runs.csv
Fixed iteration,Chao,VNS,p4.3.d,3,2500,2500,270.0,335.0,19.402985074626866,76.25272765678224,18,0.3368073999990884,True,2,03_fixed_2500_baselines/raw_runs.csv
Fixed iteration,Chao,VNS,p4.3.e,0,2500,2500,369.0,468.0,21.153846153846153,87.7420558925967,25,0.523552099999506,True,2,03_fixed_2500_baselines/raw_runs.csv
Fixed iteration,Chao,VNS,p4.3.e,1,2500,2500,369.0,468.0,21.153846153846153,87.7420558925967,25,0.5233377000004111,True,2,03_fixed_2500_baselines/raw_runs.csv
Fixed iteration,Chao,VNS,p4.3.e,2,2500,2500,369.0,468.0,21.153846153846153,87.7420558925967,25,0.5264343999988341,True,2,03_fixed_2500_baselines/raw_runs.csv
Fixed iteration,Chao,VNS,p4.3.e,3,2500,2500,369.0,468.0,21.153846153846153,87.7420558925967,25,0.5283910999987711,True,2,03_fixed_2500_baselines/raw_runs.csv
Fixed iteration,Chao,VNS,p4.3.f,0,2500,2500,449.0,579.0,22.45250431778929,94.95237825357516,29,0.5902129000005516,True,2,03_fixed_2500_baselines/raw_runs.csv
Fixed iteration,Chao,VNS,p4.3.f,1,2500,2500,449.0,579.0,22.45250431778929,94.95237825357516,29,0.5921247999995103,True,2,03_fixed_2500_baselines/raw_runs.csv
Fixed iteration,Chao,VNS,p4.3.f,2,2500,2500,449.0,579.0,22.45250431778929,94.95237825357516,29,0.5853320999995049,True,2,03_fixed_2500_baselines/raw_runs.csv
Fixed iteration,Chao,VNS,p4.3.f,3,2500,2500,449.0,579.0,22.45250431778929,94.95237825357516,29,0.589085100000375,True,2,03_fixed_2500_baselines/raw_runs.csv
Fixed iteration,Chao,VNS,p4.3.g,0,2500,2500,576.0,653.0,11.791730474732006,107.9674107230624,38,0.823289099998874,True,2,03_fixed_2500_baselines/raw_runs.csv
Fixed iteration,Chao,VNS,p4.3.g,1,2500,2500,576.0,653.0,11.791730474732006,107.9674107230624,38,0.8304195999990043,True,2,03_fixed_2500_baselines/raw_runs.csv
Fixed iteration,Chao,VNS,p4.3.g,2,2500,2500,576.0,653.0,11.791730474732006,107.9674107230624,38,0.8241842000006727,True,2,03_fixed_2500_baselines/raw_runs.csv
Fixed iteration,Chao,VNS,p4.3.g,3,2500,2500,576.0,653.0,11.791730474732006,107.9674107230624,38,0.8451394000003347,True,2,03_fixed_2500_baselines/raw_runs.csv
Fixed iteration,Chao,VNS,p4.3.h,0,2500,2500,637.0,729.0,12.62002743484225,114.28442270919956,45,1.3138600000002043,True,2,03_fixed_2500_baselines/raw_runs.csv
Fixed iteration,Chao,VNS,p4.3.h,1,2500,2500,637.0,729.0,12.62002743484225,117.16856706501864,45,1.189697800000431,True,2,03_fixed_2500_baselines/raw_runs.csv
Fixed iteration,Chao,VNS,p4.3.h,2,2500,2500,637.0,729.0,12.62002743484225,114.28442270919956,45,1.3169665999994322,True,2,03_fixed_2500_baselines/raw_runs.csv
Fixed iteration,Chao,VNS,p4.3.h,3,2500,2500,652.0,729.0,10.562414266117969,117.79387556887433,45,1.292199899999105,True,2,03_fixed_2500_baselines/raw_runs.csv
Fixed iteration,Chao,VNS,p4.3.i,0,2500,2500,645.0,809.0,20.27194066749073,124.93421843206885,47,1.3653637999996135,True,2,03_fixed_2500_baselines/raw_runs.csv
Fixed iteration,Chao,VNS,p4.3.i,1,2500,2500,645.0,809.0,20.27194066749073,124.1894954444898,47,1.386715800001184,True,2,03_fixed_2500_baselines/raw_runs.csv
Fixed iteration,Chao,VNS,p4.3.i,2,2500,2500,645.0,809.0,20.27194066749073,124.93421843206885,47,1.3804242000005615,True,2,03_fixed_2500_baselines/raw_runs.csv
Fixed iteration,Chao,VNS,p4.3.i,3,2500,2500,645.0,809.0,20.27194066749073,124.101625395956,47,1.3987441999997827,True,2,03_fixed_2500_baselines/raw_runs.csv
Fixed iteration,Chao,VNS,p4.3.j,0,2500,2500,721.0,861.0,16.260162601626018,137.3477797853034,52,1.6555532999991556,True,2,03_fixed_2500_baselines/raw_runs.csv
Fixed iteration,Chao,VNS,p4.3.j,1,2500,2500,721.0,861.0,16.260162601626018,137.3477797853034,52,1.6869927999996437,True,2,03_fixed_2500_baselines/raw_runs.csv
Fixed iteration,Chao,VNS,p4.3.j,2,2500,2500,721.0,861.0,16.260162601626018,137.3477797853034,52,1.6790769999988695,True,2,03_fixed_2500_baselines/raw_runs.csv
Fixed iteration,Chao,VNS,p4.3.j,3,2500,2500,721.0,861.0,16.260162601626018,137.3477797853034,52,1.667705300000307,True,2,03_fixed_2500_baselines/raw_runs.csv
Fixed iteration,Chao,VNS,p4.3.k,0,2500,2500,759.0,919.0,17.410228509249183,131.48124340911366,50,1.4786421000007977,True,2,03_fixed_2500_baselines/raw_runs.csv
Fixed iteration,Chao,VNS,p4.3.k,1,2500,2500,759.0,919.0,17.410228509249183,131.48124340911366,50,1.4820331999999323,True,2,03_fixed_2500_baselines/raw_runs.csv
Fixed iteration,Chao,VNS,p4.3.k,2,2500,2500,759.0,919.0,17.410228509249183,131.48124340911366,50,1.4831052999998064,True,2,03_fixed_2500_baselines/raw_runs.csv
Fixed iteration,Chao,VNS,p4.3.k,3,2500,2500,759.0,919.0,17.410228509249183,131.48124340911366,50,1.4835947999999917,True,2,03_fixed_2500_baselines/raw_runs.csv
Fixed iteration,Chao,VNS,p4.3.l,0,2500,2500,808.0,979.0,17.466802860061286,149.31693622487413,54,1.83345289999852,True,2,03_fixed_2500_baselines/raw_runs.csv
Fixed iteration,Chao,VNS,p4.3.l,1,2500,2500,808.0,979.0,17.466802860061286,149.31693622487413,54,1.840782399998716,True,2,03_fixed_2500_baselines/raw_runs.csv
Fixed iteration,Chao,VNS,p4.3.l,2,2500,2500,808.0,979.0,17.466802860061286,149.31693622487413,54,1.8147471000011135,True,2,03_fixed_2500_baselines/raw_runs.csv
Fixed iteration,Chao,VNS,p4.3.l,3,2500,2500,808.0,979.0,17.466802860061286,149.31693622487413,54,1.8230989999992744,True,2,03_fixed_2500_baselines/raw_runs.csv
Fixed iteration,Chao,VNS,p4.3.m,0,2500,2500,838.0,1063.0,21.16650987770461,154.72648345471072,58,1.9535576999987825,True,2,03_fixed_2500_baselines/raw_runs.csv
Fixed iteration,Chao,VNS,p4.3.m,1,2500,2500,838.0,1063.0,21.16650987770461,154.73739503099702,58,1.956142799999725,True,2,03_fixed_2500_baselines/raw_runs.csv
Fixed iteration,Chao,VNS,p4.3.m,2,2500,2500,838.0,1063.0,21.16650987770461,162.87129263735991,58,1.9452834999992772,True,2,03_fixed_2500_baselines/raw_runs.csv
Fixed iteration,Chao,VNS,p4.3.m,3,2500,2500,838.0,1063.0,21.16650987770461,162.87129263735991,58,1.927134400000796,True,2,03_fixed_2500_baselines/raw_runs.csv
Fixed iteration,Chao,VNS,p4.3.n,0,2500,2500,945.0,1121.0,15.700267618198037,171.12130594776377,63,2.6874668000000383,True,2,03_fixed_2500_baselines/raw_runs.csv
Fixed iteration,Chao,VNS,p4.3.n,1,2500,2500,971.0,1121.0,13.380909901873327,171.30359841508223,66,2.7799965999984124,True,2,03_fixed_2500_baselines/raw_runs.csv
Fixed iteration,Chao,VNS,p4.3.n,2,2500,2500,945.0,1121.0,15.700267618198037,171.12130594776377,63,2.695885499999349,True,2,03_fixed_2500_baselines/raw_runs.csv
Fixed iteration,Chao,VNS,p4.3.n,3,2500,2500,974.0,1121.0,13.113291703835861,173.3105311944446,68,2.860817599999791,True,2,03_fixed_2500_baselines/raw_runs.csv
Fixed iteration,Chao,VNS,p4.3.o,0,2500,2500,1021.0,1172.0,12.8839590443686,185.47264129582285,66,2.803973500000211,True,2,03_fixed_2500_baselines/raw_runs.csv
Fixed iteration,Chao,VNS,p4.3.o,1,2500,2500,1027.0,1172.0,12.372013651877133,184.80350501475533,66,2.827156800000012,True,2,03_fixed_2500_baselines/raw_runs.csv
Fixed iteration,Chao,VNS,p4.3.o,2,2500,2500,1044.0,1172.0,10.921501706484642,185.92964429716912,68,2.877667400000064,True,2,03_fixed_2500_baselines/raw_runs.csv
Fixed iteration,Chao,VNS,p4.3.o,3,2500,2500,1029.0,1172.0,12.20136518771331,187.03803493230643,67,2.8031511999997747,True,2,03_fixed_2500_baselines/raw_runs.csv
Fixed iteration,Chao,VNS,p4.3.p,0,2500,2500,1005.0,1222.0,17.757774140752865,195.74484474775412,72,3.4217136999996,True,2,03_fixed_2500_baselines/raw_runs.csv
Fixed iteration,Chao,VNS,p4.3.p,1,2500,2500,1005.0,1222.0,17.757774140752865,196.23525793650845,72,3.4299295999990136,True,2,03_fixed_2500_baselines/raw_runs.csv
Fixed iteration,Chao,VNS,p4.3.p,2,2500,2500,1005.0,1222.0,17.757774140752865,195.74484474775412,72,3.4215131999990263,True,2,03_fixed_2500_baselines/raw_runs.csv
Fixed iteration,Chao,VNS,p4.3.p,3,2500,2500,1005.0,1222.0,17.757774140752865,195.74484474775412,72,3.441434999998819,True,2,03_fixed_2500_baselines/raw_runs.csv
Fixed iteration,Chao,VNS,p4.3.q,0,2500,2500,1121.0,1253.0,10.534716679968076,206.58740620473927,78,3.853909400000703,True,2,03_fixed_2500_baselines/raw_runs.csv
Fixed iteration,Chao,VNS,p4.3.q,1,2500,2500,1154.0,1253.0,7.9010375099760575,208.4546670306504,76,3.769801300000836,True,2,03_fixed_2500_baselines/raw_runs.csv
Fixed iteration,Chao,VNS,p4.3.q,2,2500,2500,1108.0,1253.0,11.572226656025538,208.95169608905812,73,3.4470301999990625,True,2,03_fixed_2500_baselines/raw_runs.csv
Fixed iteration,Chao,VNS,p4.3.q,3,2500,2500,1119.0,1253.0,10.694333599361533,206.10620068051009,73,3.620364399999744,True,2,03_fixed_2500_baselines/raw_runs.csv
Fixed iteration,Chao,VNS,p4.3.r,0,2500,2500,1137.0,1273.0,10.683424980361352,214.7944413237792,80,3.850180500001443,True,2,03_fixed_2500_baselines/raw_runs.csv
Fixed iteration,Chao,VNS,p4.3.r,1,2500,2500,1155.0,1273.0,9.26944226237235,214.07242981336583,79,3.913499700000102,True,2,03_fixed_2500_baselines/raw_runs.csv
Fixed iteration,Chao,VNS,p4.3.r,2,2500,2500,1161.0,1273.0,8.798114689709347,215.57039256250425,81,4.789281600000322,True,2,03_fixed_2500_baselines/raw_runs.csv
Fixed iteration,Chao,VNS,p4.3.r,3,2500,2500,1160.0,1273.0,8.87666928515318,214.9005735836489,79,3.9129191000010906,True,2,03_fixed_2500_baselines/raw_runs.csv
Fixed iteration,Chao,VNS,p4.3.s,0,2500,2500,1189.0,1295.0,8.185328185328185,225.8854435320338,86,5.5578760000007605,True,2,03_fixed_2500_baselines/raw_runs.csv
Fixed iteration,Chao,VNS,p4.3.s,1,2500,2500,1186.0,1295.0,8.416988416988417,225.27972364631907,85,5.435199100000318,True,2,03_fixed_2500_baselines/raw_runs.csv
Fixed iteration,Chao,VNS,p4.3.s,2,2500,2500,1187.0,1295.0,8.339768339768339,224.4468938928745,82,5.1017907000004925,True,2,03_fixed_2500_baselines/raw_runs.csv
Fixed iteration,Chao,VNS,p4.3.s,3,2500,2500,1197.0,1295.0,7.5675675675675675,227.90308489675257,86,5.3522644999993645,True,2,03_fixed_2500_baselines/raw_runs.csv
Fixed iteration,Chao,VNS,p4.3.t,0,2500,2500,1278.0,1305.0,2.0689655172413794,236.76625716509463,93,5.6661846000006335,True,2,03_fixed_2500_baselines/raw_runs.csv
Fixed iteration,Chao,VNS,p4.3.t,1,2500,2500,1294.0,1305.0,0.842911877394636,236.66044158006565,96,4.419942200000151,True,2,03_fixed_2500_baselines/raw_runs.csv
Fixed iteration,Chao,VNS,p4.3.t,2,2500,2500,1281.0,1305.0,1.839080459770115,237.54610075904145,93,5.40543660000003,True,2,03_fixed_2500_baselines/raw_runs.csv
Fixed iteration,Chao,VNS,p4.3.t,3,2500,2500,1267.0,1305.0,2.9118773946360155,238.74049652828668,93,5.3283185999989655,True,2,03_fixed_2500_baselines/raw_runs.csv
Fixed iteration,Chao,VNS,p4.4.e,0,2500,2500,172.0,183.0,6.0109289617486334,86.14511788549547,12,0.311726500000077,True,2,03_fixed_2500_baselines/raw_runs.csv
Fixed iteration,Chao,VNS,p4.4.e,1,2500,2500,172.0,183.0,6.0109289617486334,86.14511788549547,12,0.3188634000016463,True,2,03_fixed_2500_baselines/raw_runs.csv
Fixed iteration,Chao,VNS,p4.4.e,2,2500,2500,172.0,183.0,6.0109289617486334,86.14511788549547,12,0.3221556000007695,True,2,03_fixed_2500_baselines/raw_runs.csv
Fixed iteration,Chao,VNS,p4.4.e,3,2500,2500,172.0,183.0,6.0109289617486334,86.14511788549547,12,0.3122260999989521,True,2,03_fixed_2500_baselines/raw_runs.csv
Fixed iteration,Chao,VNS,p4.4.f,0,2500,2500,278.0,324.0,14.197530864197532,97.77581143179285,17,0.3740466999988712,True,2,03_fixed_2500_baselines/raw_runs.csv
Fixed iteration,Chao,VNS,p4.4.f,1,2500,2500,278.0,324.0,14.197530864197532,97.77581143179285,17,0.3579018999989785,True,2,03_fixed_2500_baselines/raw_runs.csv
Fixed iteration,Chao,VNS,p4.4.f,2,2500,2500,278.0,324.0,14.197530864197532,96.96729972511,17,0.3630202000003919,True,2,03_fixed_2500_baselines/raw_runs.csv
Fixed iteration,Chao,VNS,p4.4.f,3,2500,2500,278.0,324.0,14.197530864197532,97.77581143179285,17,0.3469677999983105,True,2,03_fixed_2500_baselines/raw_runs.csv
Fixed iteration,Chao,VNS,p4.4.g,0,2500,2500,382.0,461.0,17.136659436008678,104.44924417870128,26,0.6048730000002251,True,2,03_fixed_2500_baselines/raw_runs.csv
Fixed iteration,Chao,VNS,p4.4.g,1,2500,2500,382.0,461.0,17.136659436008678,104.44924417870128,26,0.6040900999996666,True,2,03_fixed_2500_baselines/raw_runs.csv
Fixed iteration,Chao,VNS,p4.4.g,2,2500,2500,382.0,461.0,17.136659436008678,104.44924417870128,26,0.5968222999999853,True,2,03_fixed_2500_baselines/raw_runs.csv
Fixed iteration,Chao,VNS,p4.4.g,3,2500,2500,382.0,461.0,17.136659436008678,104.44924417870128,26,0.5793106999990414,True,2,03_fixed_2500_baselines/raw_runs.csv
Fixed iteration,Chao,VNS,p4.4.h,0,2500,2500,483.0,571.0,15.411558669001751,112.76155987951172,34,0.8251345000007859,True,2,03_fixed_2500_baselines/raw_runs.csv
Fixed iteration,Chao,VNS,p4.4.h,1,2500,2500,483.0,571.0,15.411558669001751,112.76155987951172,34,0.8251139000003604,True,2,03_fixed_2500_baselines/raw_runs.csv
Fixed iteration,Chao,VNS,p4.4.h,2,2500,2500,483.0,571.0,15.411558669001751,112.76155987951172,34,0.8172357999992528,True,2,03_fixed_2500_baselines/raw_runs.csv
Fixed iteration,Chao,VNS,p4.4.h,3,2500,2500,483.0,571.0,15.411558669001751,112.76155987951172,34,0.8295987000001332,True,2,03_fixed_2500_baselines/raw_runs.csv
Fixed iteration,Chao,VNS,p4.4.i,0,2500,2500,544.0,657.0,17.199391171993913,124.10115030618115,38,0.8971303999987867,True,2,03_fixed_2500_baselines/raw_runs.csv
Fixed iteration,Chao,VNS,p4.4.i,1,2500,2500,544.0,657.0,17.199391171993913,124.10115030618115,38,0.8939688999998907,True,2,03_fixed_2500_baselines/raw_runs.csv
Fixed iteration,Chao,VNS,p4.4.i,2,2500,2500,544.0,657.0,17.199391171993913,124.10115030618115,38,0.8988910000007309,True,2,03_fixed_2500_baselines/raw_runs.csv
Fixed iteration,Chao,VNS,p4.4.i,3,2500,2500,544.0,657.0,17.199391171993913,124.10115030618115,38,0.8938176999999996,True,2,03_fixed_2500_baselines/raw_runs.csv
Fixed iteration,Chao,VNS,p4.4.j,0,2500,2500,641.0,732.0,12.431693989071038,132.50276147345676,42,1.3662676999992982,True,2,03_fixed_2500_baselines/raw_runs.csv
Fixed iteration,Chao,VNS,p4.4.j,1,2500,2500,641.0,732.0,12.431693989071038,132.50276147345676,42,1.2996401000000333,True,2,03_fixed_2500_baselines/raw_runs.csv
Fixed iteration,Chao,VNS,p4.4.j,2,2500,2500,641.0,732.0,12.431693989071038,132.50276147345676,42,1.2627274000005857,True,2,03_fixed_2500_baselines/raw_runs.csv
Fixed iteration,Chao,VNS,p4.4.j,3,2500,2500,641.0,732.0,12.431693989071038,132.50276147345676,42,1.2464528000000428,True,2,03_fixed_2500_baselines/raw_runs.csv
Fixed iteration,Chao,VNS,p4.4.k,0,2500,2500,676.0,821.0,17.66138855054811,140.12708605589427,49,1.4264031000002433,True,2,03_fixed_2500_baselines/raw_runs.csv
Fixed iteration,Chao,VNS,p4.4.k,1,2500,2500,676.0,821.0,17.66138855054811,140.12708605589427,49,1.4294254999986151,True,2,03_fixed_2500_baselines/raw_runs.csv
Fixed iteration,Chao,VNS,p4.4.k,2,2500,2500,676.0,821.0,17.66138855054811,140.12708605589427,49,1.450275099999999,True,2,03_fixed_2500_baselines/raw_runs.csv
Fixed iteration,Chao,VNS,p4.4.k,3,2500,2500,676.0,821.0,17.66138855054811,140.12708605589427,49,1.4467657999994117,True,2,03_fixed_2500_baselines/raw_runs.csv
Fixed iteration,Chao,VNS,p4.4.l,0,2500,2500,738.0,880.0,16.136363636363637,153.42029139645734,54,1.8398107000011803,True,2,03_fixed_2500_baselines/raw_runs.csv
Fixed iteration,Chao,VNS,p4.4.l,1,2500,2500,738.0,880.0,16.136363636363637,153.42029139645734,54,1.8410197000011976,True,2,03_fixed_2500_baselines/raw_runs.csv
Fixed iteration,Chao,VNS,p4.4.l,2,2500,2500,738.0,880.0,16.136363636363637,153.42029139645734,54,1.8222476999999344,True,2,03_fixed_2500_baselines/raw_runs.csv
Fixed iteration,Chao,VNS,p4.4.l,3,2500,2500,738.0,880.0,16.136363636363637,153.42029139645734,54,1.834691699999894,True,2,03_fixed_2500_baselines/raw_runs.csv
Fixed iteration,Chao,VNS,p4.4.m,0,2500,2500,753.0,919.0,18.063112078346027,154.3371813220163,56,1.896210799999608,True,2,03_fixed_2500_baselines/raw_runs.csv
Fixed iteration,Chao,VNS,p4.4.m,1,2500,2500,753.0,919.0,18.063112078346027,154.3371813220163,56,1.894301300000734,True,2,03_fixed_2500_baselines/raw_runs.csv
Fixed iteration,Chao,VNS,p4.4.m,2,2500,2500,753.0,919.0,18.063112078346027,154.67005015436408,56,1.873046400000021,True,2,03_fixed_2500_baselines/raw_runs.csv
Fixed iteration,Chao,VNS,p4.4.m,3,2500,2500,753.0,919.0,18.063112078346027,154.3371813220163,56,1.8905560999992304,True,2,03_fixed_2500_baselines/raw_runs.csv
Fixed iteration,Chao,VNS,p4.4.n,0,2500,2500,825.0,976.0,15.471311475409836,162.5472563550852,60,2.040900199999669,True,2,03_fixed_2500_baselines/raw_runs.csv
Fixed iteration,Chao,VNS,p4.4.n,1,2500,2500,825.0,976.0,15.471311475409836,162.5472563550852,60,2.042085299999598,True,2,03_fixed_2500_baselines/raw_runs.csv
Fixed iteration,Chao,VNS,p4.4.n,2,2500,2500,825.0,976.0,15.471311475409836,162.88012518743295,60,2.0420412000003125,True,2,03_fixed_2500_baselines/raw_runs.csv
Fixed iteration,Chao,VNS,p4.4.n,3,2500,2500,825.0,976.0,15.471311475409836,162.5472563550852,60,2.026602300000377,True,2,03_fixed_2500_baselines/raw_runs.csv
Fixed iteration,Chao,VNS,p4.4.o,0,2500,2500,867.0,1061.0,18.28463713477851,178.06650056607768,61,2.5272067000005336,True,2,03_fixed_2500_baselines/raw_runs.csv
Fixed iteration,Chao,VNS,p4.4.o,1,2500,2500,867.0,1061.0,18.28463713477851,178.06650056607768,61,2.4758412999999564,True,2,03_fixed_2500_baselines/raw_runs.csv
Fixed iteration,Chao,VNS,p4.4.o,2,2500,2500,867.0,1061.0,18.28463713477851,178.05558898979135,61,2.506156800000099,True,2,03_fixed_2500_baselines/raw_runs.csv
Fixed iteration,Chao,VNS,p4.4.o,3,2500,2500,843.0,1061.0,20.546654099905748,170.6372214770169,60,2.015700100000686,True,2,03_fixed_2500_baselines/raw_runs.csv
Fixed iteration,Chao,VNS,p4.4.p,0,2500,2500,932.0,1124.0,17.081850533807827,190.63932377962067,65,2.633352900000318,True,2,03_fixed_2500_baselines/raw_runs.csv
Fixed iteration,Chao,VNS,p4.4.p,1,2500,2500,949.0,1124.0,15.569395017793594,185.45075780226065,65,2.6913770999999542,True,2,03_fixed_2500_baselines/raw_runs.csv
Fixed iteration,Chao,VNS,p4.4.p,2,2500,2500,932.0,1124.0,17.081850533807827,183.6380372235572,65,2.730797900001562,True,2,03_fixed_2500_baselines/raw_runs.csv
Fixed iteration,Chao,VNS,p4.4.p,3,2500,2500,932.0,1124.0,17.081850533807827,183.6380372235572,65,2.642424899999241,True,2,03_fixed_2500_baselines/raw_runs.csv
Fixed iteration,Chao,VNS,p4.4.q,0,2500,2500,955.0,1161.0,17.743324720068905,201.0920475510325,70,2.960714699998789,True,2,03_fixed_2500_baselines/raw_runs.csv
Fixed iteration,Chao,VNS,p4.4.q,1,2500,2500,904.0,1161.0,22.13608957795004,179.0657359809082,68,2.899533100000553,True,2,03_fixed_2500_baselines/raw_runs.csv
Fixed iteration,Chao,VNS,p4.4.q,2,2500,2500,955.0,1161.0,17.743324720068905,202.18525386033397,70,2.9698959000015748,True,2,03_fixed_2500_baselines/raw_runs.csv
Fixed iteration,Chao,VNS,p4.4.q,3,2500,2500,927.0,1161.0,20.155038759689923,182.25937686872328,68,2.8899653000007675,True,2,03_fixed_2500_baselines/raw_runs.csv
Fixed iteration,Chao,VNS,p4.4.r,0,2500,2500,1111.0,1216.0,8.634868421052632,212.6327399824246,74,3.572961799998666,True,2,03_fixed_2500_baselines/raw_runs.csv
Fixed iteration,Chao,VNS,p4.4.r,1,2500,2500,1111.0,1216.0,8.634868421052632,212.6327399824246,74,3.576716400000805,True,2,03_fixed_2500_baselines/raw_runs.csv
Fixed iteration,Chao,VNS,p4.4.r,2,2500,2500,1122.0,1216.0,7.730263157894737,214.38598201307764,75,3.636471600000732,True,2,03_fixed_2500_baselines/raw_runs.csv
Fixed iteration,Chao,VNS,p4.4.r,3,2500,2500,1167.0,1216.0,4.029605263157895,216.8180589266969,75,3.5728001999996195,True,2,03_fixed_2500_baselines/raw_runs.csv
Fixed iteration,Chao,VNS,p4.4.s,0,2500,2500,1156.0,1260.0,8.253968253968255,224.57439138537163,81,4.717736499998864,True,2,03_fixed_2500_baselines/raw_runs.csv
Fixed iteration,Chao,VNS,p4.4.s,1,2500,2500,1216.0,1260.0,3.492063492063492,225.8822214023624,78,3.76215830000001,True,2,03_fixed_2500_baselines/raw_runs.csv
Fixed iteration,Chao,VNS,p4.4.s,2,2500,2500,1168.0,1260.0,7.301587301587301,227.5686248852957,79,3.848619300000792,True,2,03_fixed_2500_baselines/raw_runs.csv
Fixed iteration,Chao,VNS,p4.4.s,3,2500,2500,1190.0,1260.0,5.555555555555555,227.4210724011728,79,3.856141799999023,True,2,03_fixed_2500_baselines/raw_runs.csv
Fixed iteration,Chao,VNS,p4.4.t,0,2500,2500,1247.0,1285.0,2.9571984435797667,229.5917109774129,86,5.0246446000001015,True,2,03_fixed_2500_baselines/raw_runs.csv
Fixed iteration,Chao,VNS,p4.4.t,1,2500,2500,1257.0,1285.0,2.178988326848249,236.06373688179315,87,5.079992499999207,True,2,03_fixed_2500_baselines/raw_runs.csv
Fixed iteration,Chao,VNS,p4.4.t,2,2500,2500,1257.0,1285.0,2.178988326848249,236.06373688179315,87,5.065746100000979,True,2,03_fixed_2500_baselines/raw_runs.csv
Fixed iteration,Chao,VNS,p4.4.t,3,2500,2500,1257.0,1285.0,2.178988326848249,234.5736539171227,87,5.071682599998894,True,2,03_fixed_2500_baselines/raw_runs.csv
Fixed iteration,Chao,VNS,p5.2.h,0,2500,2500,390.0,410.0,4.878048780487805,39.49847350245616,18,0.293465599999763,True,2,03_fixed_2500_baselines/raw_runs.csv
Fixed iteration,Chao,VNS,p5.2.h,1,2500,2500,390.0,410.0,4.878048780487805,39.49847350245616,18,0.2963543000005302,True,2,03_fixed_2500_baselines/raw_runs.csv
Fixed iteration,Chao,VNS,p5.2.h,2,2500,2500,390.0,410.0,4.878048780487805,39.49847350245616,18,0.2932088999987172,True,2,03_fixed_2500_baselines/raw_runs.csv
Fixed iteration,Chao,VNS,p5.2.h,3,2500,2500,390.0,410.0,4.878048780487805,39.49847350245616,18,0.2913362999988749,True,2,03_fixed_2500_baselines/raw_runs.csv
Fixed iteration,Chao,VNS,p5.2.j,0,2500,2500,560.0,580.0,3.4482758620689653,49.84161925296378,24,0.4670606999989104,True,2,03_fixed_2500_baselines/raw_runs.csv
Fixed iteration,Chao,VNS,p5.2.j,1,2500,2500,560.0,580.0,3.4482758620689653,49.84161925296378,24,0.4697395000002871,True,2,03_fixed_2500_baselines/raw_runs.csv
Fixed iteration,Chao,VNS,p5.2.j,2,2500,2500,560.0,580.0,3.4482758620689653,49.84161925296378,24,0.468860200000563,True,2,03_fixed_2500_baselines/raw_runs.csv
Fixed iteration,Chao,VNS,p5.2.j,3,2500,2500,560.0,580.0,3.4482758620689653,49.84161925296378,24,0.4664842999991379,True,2,03_fixed_2500_baselines/raw_runs.csv
Fixed iteration,Chao,VNS,p5.2.k,0,2500,2500,620.0,670.0,7.462686567164179,54.64757033209087,24,0.4707873999996081,True,2,03_fixed_2500_baselines/raw_runs.csv
Fixed iteration,Chao,VNS,p5.2.k,1,2500,2500,620.0,670.0,7.462686567164179,54.64757033209087,24,0.4709342000005563,True,2,03_fixed_2500_baselines/raw_runs.csv
Fixed iteration,Chao,VNS,p5.2.k,2,2500,2500,620.0,670.0,7.462686567164179,54.64757033209087,24,0.4727781000001414,True,2,03_fixed_2500_baselines/raw_runs.csv
Fixed iteration,Chao,VNS,p5.2.k,3,2500,2500,620.0,670.0,7.462686567164179,54.64757033209087,24,0.4688573999992513,True,2,03_fixed_2500_baselines/raw_runs.csv
Fixed iteration,Chao,VNS,p5.2.l,0,2500,2500,700.0,800.0,12.5,57.84161925296378,28,0.5633873999995558,True,2,03_fixed_2500_baselines/raw_runs.csv
Fixed iteration,Chao,VNS,p5.2.l,1,2500,2500,700.0,800.0,12.5,57.84161925296378,28,0.5698491999992257,True,2,03_fixed_2500_baselines/raw_runs.csv
Fixed iteration,Chao,VNS,p5.2.l,2,2500,2500,700.0,800.0,12.5,57.84161925296378,28,0.5704291000001831,True,2,03_fixed_2500_baselines/raw_runs.csv
Fixed iteration,Chao,VNS,p5.2.l,3,2500,2500,700.0,800.0,12.5,57.84161925296378,28,0.5669429000008677,True,2,03_fixed_2500_baselines/raw_runs.csv
Fixed iteration,Chao,VNS,p5.2.m,0,2500,2500,770.0,860.0,10.465116279069768,63.49847350245616,30,0.6024003000002267,True,2,03_fixed_2500_baselines/raw_runs.csv
Fixed iteration,Chao,VNS,p5.2.m,1,2500,2500,770.0,860.0,10.465116279069768,63.49847350245616,30,0.5985044999997626,True,2,03_fixed_2500_baselines/raw_runs.csv
Fixed iteration,Chao,VNS,p5.2.m,2,2500,2500,770.0,860.0,10.465116279069768,63.49847350245616,30,0.6027950999996392,True,2,03_fixed_2500_baselines/raw_runs.csv
Fixed iteration,Chao,VNS,p5.2.m,3,2500,2500,770.0,860.0,10.465116279069768,63.49847350245616,30,0.6004914999994071,True,2,03_fixed_2500_baselines/raw_runs.csv
Fixed iteration,Chao,VNS,p5.2.n,0,2500,2500,820.0,925.0,11.35135135135135,65.84161925296378,32,0.7397149999997055,True,2,03_fixed_2500_baselines/raw_runs.csv
Fixed iteration,Chao,VNS,p5.2.n,1,2500,2500,820.0,925.0,11.35135135135135,65.84161925296378,32,0.7448086999993393,True,2,03_fixed_2500_baselines/raw_runs.csv
Fixed iteration,Chao,VNS,p5.2.n,2,2500,2500,820.0,925.0,11.35135135135135,65.84161925296378,32,0.7462510999994265,True,2,03_fixed_2500_baselines/raw_runs.csv
Fixed iteration,Chao,VNS,p5.2.n,3,2500,2500,820.0,925.0,11.35135135135135,65.84161925296378,32,0.7511297999990347,True,2,03_fixed_2500_baselines/raw_runs.csv
Fixed iteration,Chao,VNS,p5.2.o,0,2500,2500,940.0,1020.0,7.8431372549019605,73.84161925296378,36,0.8168468000003486,True,2,03_fixed_2500_baselines/raw_runs.csv
Fixed iteration,Chao,VNS,p5.2.o,1,2500,2500,940.0,1020.0,7.8431372549019605,73.84161925296378,36,0.8163243999988481,True,2,03_fixed_2500_baselines/raw_runs.csv
Fixed iteration,Chao,VNS,p5.2.o,2,2500,2500,940.0,1020.0,7.8431372549019605,73.84161925296378,36,0.8178433000011864,True,2,03_fixed_2500_baselines/raw_runs.csv
Fixed iteration,Chao,VNS,p5.2.o,3,2500,2500,940.0,1020.0,7.8431372549019605,73.84161925296378,36,0.8270274000005884,True,2,03_fixed_2500_baselines/raw_runs.csv
Fixed iteration,Chao,VNS,p5.2.p,0,2500,2500,1020.0,1150.0,11.304347826086957,79.49847350245616,38,0.8631153000005725,True,2,03_fixed_2500_baselines/raw_runs.csv
Fixed iteration,Chao,VNS,p5.2.p,1,2500,2500,1020.0,1150.0,11.304347826086957,79.49847350245616,38,0.8619167000015295,True,2,03_fixed_2500_baselines/raw_runs.csv
Fixed iteration,Chao,VNS,p5.2.p,2,2500,2500,1020.0,1150.0,11.304347826086957,79.49847350245616,38,0.8708805999995093,True,2,03_fixed_2500_baselines/raw_runs.csv
Fixed iteration,Chao,VNS,p5.2.p,3,2500,2500,1020.0,1150.0,11.304347826086957,79.49847350245616,38,0.8649516999994376,True,2,03_fixed_2500_baselines/raw_runs.csv
Fixed iteration,Chao,VNS,p5.2.q,0,2500,2500,1070.0,1195.0,10.460251046025105,81.84161925296378,40,0.9455109000009544,True,2,03_fixed_2500_baselines/raw_runs.csv
Fixed iteration,Chao,VNS,p5.2.q,1,2500,2500,1070.0,1195.0,10.460251046025105,81.84161925296378,40,0.9327087000001484,True,2,03_fixed_2500_baselines/raw_runs.csv
Fixed iteration,Chao,VNS,p5.2.q,2,2500,2500,1070.0,1195.0,10.460251046025105,81.84161925296378,40,0.9235826999993152,True,2,03_fixed_2500_baselines/raw_runs.csv
Fixed iteration,Chao,VNS,p5.2.q,3,2500,2500,1070.0,1195.0,10.460251046025105,81.84161925296378,40,0.9172389000013936,True,2,03_fixed_2500_baselines/raw_runs.csv
Fixed iteration,Chao,VNS,p5.2.r,0,2500,2500,1190.0,1260.0,5.555555555555555,89.84161925296378,44,1.3076612999993813,True,2,03_fixed_2500_baselines/raw_runs.csv
Fixed iteration,Chao,VNS,p5.2.r,1,2500,2500,1190.0,1260.0,5.555555555555555,89.84161925296378,44,1.319708700000774,True,2,03_fixed_2500_baselines/raw_runs.csv
Fixed iteration,Chao,VNS,p5.2.r,2,2500,2500,1190.0,1260.0,5.555555555555555,89.84161925296378,44,1.297043400001712,True,2,03_fixed_2500_baselines/raw_runs.csv
Fixed iteration,Chao,VNS,p5.2.r,3,2500,2500,1190.0,1260.0,5.555555555555555,89.84161925296378,44,1.3036551999994117,True,2,03_fixed_2500_baselines/raw_runs.csv
Fixed iteration,Chao,VNS,p5.2.s,0,2500,2500,1250.0,1340.0,6.7164179104477615,94.64757033209088,44,1.3041810000013356,True,2,03_fixed_2500_baselines/raw_runs.csv
Fixed iteration,Chao,VNS,p5.2.s,1,2500,2500,1250.0,1340.0,6.7164179104477615,94.64757033209088,44,1.31938319999972,True,2,03_fixed_2500_baselines/raw_runs.csv
Fixed iteration,Chao,VNS,p5.2.s,2,2500,2500,1250.0,1340.0,6.7164179104477615,94.64757033209088,44,1.3179443999997602,True,2,03_fixed_2500_baselines/raw_runs.csv
Fixed iteration,Chao,VNS,p5.2.s,3,2500,2500,1250.0,1340.0,6.7164179104477615,94.64757033209088,44,1.3111645999997563,True,2,03_fixed_2500_baselines/raw_runs.csv
Fixed iteration,Chao,VNS,p5.2.t,0,2500,2500,1310.0,1400.0,6.428571428571429,97.84161925296378,48,1.4402092000000266,True,2,03_fixed_2500_baselines/raw_runs.csv
Fixed iteration,Chao,VNS,p5.2.t,1,2500,2500,1310.0,1400.0,6.428571428571429,97.84161925296378,48,1.4432280999990326,True,2,03_fixed_2500_baselines/raw_runs.csv
Fixed iteration,Chao,VNS,p5.2.t,2,2500,2500,1310.0,1400.0,6.428571428571429,97.84161925296378,48,1.444624300000214,True,2,03_fixed_2500_baselines/raw_runs.csv
Fixed iteration,Chao,VNS,p5.2.t,3,2500,2500,1310.0,1400.0,6.428571428571429,97.84161925296378,48,1.4529031999991275,True,2,03_fixed_2500_baselines/raw_runs.csv
Fixed iteration,Chao,VNS,p5.2.u,0,2500,2500,1430.0,1460.0,2.0547945205479454,104.9907160825985,50,1.5101264000004448,True,2,03_fixed_2500_baselines/raw_runs.csv
Fixed iteration,Chao,VNS,p5.2.u,1,2500,2500,1430.0,1460.0,2.0547945205479454,104.9907160825985,50,1.4883329000003869,True,2,03_fixed_2500_baselines/raw_runs.csv
Fixed iteration,Chao,VNS,p5.2.u,2,2500,2500,1430.0,1460.0,2.0547945205479454,104.9907160825985,50,1.4920896000003268,True,2,03_fixed_2500_baselines/raw_runs.csv
Fixed iteration,Chao,VNS,p5.2.u,3,2500,2500,1430.0,1460.0,2.0547945205479454,104.9907160825985,50,1.490877599999294,True,2,03_fixed_2500_baselines/raw_runs.csv
Fixed iteration,Chao,VNS,p5.2.v,0,2500,2500,1445.0,1505.0,3.9867109634551494,105.84161925296378,51,1.7652658999995765,True,2,03_fixed_2500_baselines/raw_runs.csv
Fixed iteration,Chao,VNS,p5.2.v,1,2500,2500,1470.0,1505.0,2.3255813953488373,108.37903977681012,52,1.757650300000023,True,2,03_fixed_2500_baselines/raw_runs.csv
Fixed iteration,Chao,VNS,p5.2.v,2,2500,2500,1460.0,1505.0,2.990033222591362,107.49847350245616,52,1.7672518999988824,True,2,03_fixed_2500_baselines/raw_runs.csv
Fixed iteration,Chao,VNS,p5.2.v,3,2500,2500,1445.0,1505.0,3.9867109634551494,105.84161925296378,51,1.7392024000000674,True,2,03_fixed_2500_baselines/raw_runs.csv
Fixed iteration,Chao,VNS,p5.2.w,0,2500,2500,1560.0,1565.0,0.3194888178913738,113.84161925296378,56,1.9960899999987305,True,2,03_fixed_2500_baselines/raw_runs.csv
Fixed iteration,Chao,VNS,p5.2.w,1,2500,2500,1560.0,1565.0,0.3194888178913738,113.84161925296378,56,1.99984730000142,True,2,03_fixed_2500_baselines/raw_runs.csv
Fixed iteration,Chao,VNS,p5.2.w,2,2500,2500,1560.0,1565.0,0.3194888178913738,113.84161925296378,56,2.014317499999379,True,2,03_fixed_2500_baselines/raw_runs.csv
Fixed iteration,Chao,VNS,p5.2.w,3,2500,2500,1560.0,1565.0,0.3194888178913738,113.84161925296378,56,2.001637199999095,True,2,03_fixed_2500_baselines/raw_runs.csv
Fixed iteration,Chao,VNS,p5.2.x,0,2500,2500,1590.0,1610.0,1.2422360248447204,119.49847350245616,58,2.0717418000003818,True,2,03_fixed_2500_baselines/raw_runs.csv
Fixed iteration,Chao,VNS,p5.2.x,1,2500,2500,1590.0,1610.0,1.2422360248447204,119.49847350245616,58,2.075782899999467,True,2,03_fixed_2500_baselines/raw_runs.csv
Fixed iteration,Chao,VNS,p5.2.x,2,2500,2500,1590.0,1610.0,1.2422360248447204,119.49847350245616,58,2.091483199999857,True,2,03_fixed_2500_baselines/raw_runs.csv
Fixed iteration,Chao,VNS,p5.2.x,3,2500,2500,1590.0,1610.0,1.2422360248447204,119.49847350245616,58,2.0746424999997544,True,2,03_fixed_2500_baselines/raw_runs.csv
Fixed iteration,Chao,VNS,p5.2.y,0,2500,2500,1620.0,1645.0,1.5197568389057752,123.70353861930931,60,1.9076525999989824,True,2,03_fixed_2500_baselines/raw_runs.csv
Fixed iteration,Chao,VNS,p5.2.y,1,2500,2500,1630.0,1645.0,0.9118541033434651,122.73142601879904,60,1.9408970000004049,True,2,03_fixed_2500_baselines/raw_runs.csv
Fixed iteration,Chao,VNS,p5.2.y,2,2500,2500,1620.0,1645.0,1.5197568389057752,123.70353861930931,60,1.8861108000000968,True,2,03_fixed_2500_baselines/raw_runs.csv
Fixed iteration,Chao,VNS,p5.2.y,3,2500,2500,1620.0,1645.0,1.5197568389057752,123.70353861930931,60,1.8935381999999663,True,2,03_fixed_2500_baselines/raw_runs.csv
Fixed iteration,Chao,VNS,p5.2.z,0,2500,2500,1660.0,1680.0,1.1904761904761905,128.3882802682914,62,1.9124339999998483,True,2,03_fixed_2500_baselines/raw_runs.csv
Fixed iteration,Chao,VNS,p5.2.z,1,2500,2500,1660.0,1680.0,1.1904761904761905,128.3882802682914,62,1.9248043000006876,True,2,03_fixed_2500_baselines/raw_runs.csv
Fixed iteration,Chao,VNS,p5.2.z,2,2500,2500,1660.0,1680.0,1.1904761904761905,128.3882802682914,62,1.8922377999988385,True,2,03_fixed_2500_baselines/raw_runs.csv
Fixed iteration,Chao,VNS,p5.2.z,3,2500,2500,1660.0,1680.0,1.1904761904761905,128.3882802682914,62,1.897444500000347,True,2,03_fixed_2500_baselines/raw_runs.csv
Fixed iteration,Chao,VNS,p5.3.k,0,2500,2500,470.0,495.0,5.05050505050505,49.22678406009828,22,0.4678321999999753,True,2,03_fixed_2500_baselines/raw_runs.csv
Fixed iteration,Chao,VNS,p5.3.k,1,2500,2500,470.0,495.0,5.05050505050505,49.22678406009828,22,0.492677399999593,True,2,03_fixed_2500_baselines/raw_runs.csv
Fixed iteration,Chao,VNS,p5.3.k,2,2500,2500,470.0,495.0,5.05050505050505,49.22678406009828,22,0.4788533999999345,True,2,03_fixed_2500_baselines/raw_runs.csv
Fixed iteration,Chao,VNS,p5.3.k,3,2500,2500,470.0,495.0,5.05050505050505,49.22678406009828,22,0.4786206999997375,True,2,03_fixed_2500_baselines/raw_runs.csv
Fixed iteration,Chao,VNS,p5.3.l,0,2500,2500,575.0,595.0,3.361344537815126,57.71206543433685,25,0.5172308999990491,True,2,03_fixed_2500_baselines/raw_runs.csv
Fixed iteration,Chao,VNS,p5.3.l,1,2500,2500,575.0,595.0,3.361344537815126,57.71206543433685,25,0.5114809000006062,True,2,03_fixed_2500_baselines/raw_runs.csv
Fixed iteration,Chao,VNS,p5.3.l,2,2500,2500,575.0,595.0,3.361344537815126,57.71206543433685,25,0.5053576999998768,True,2,03_fixed_2500_baselines/raw_runs.csv
Fixed iteration,Chao,VNS,p5.3.l,3,2500,2500,575.0,595.0,3.361344537815126,57.71206543433685,25,0.5142636000000493,True,2,03_fixed_2500_baselines/raw_runs.csv
Fixed iteration,Chao,VNS,p5.3.n,0,2500,2500,685.0,755.0,9.271523178807946,64.05521118484448,29,0.5951254000010522,True,2,03_fixed_2500_baselines/raw_runs.csv
Fixed iteration,Chao,VNS,p5.3.n,1,2500,2500,685.0,755.0,9.271523178807946,64.05521118484448,29,0.5826784000000771,True,2,03_fixed_2500_baselines/raw_runs.csv
Fixed iteration,Chao,VNS,p5.3.n,2,2500,2500,685.0,755.0,9.271523178807946,64.05521118484448,29,0.6043364000015572,True,2,03_fixed_2500_baselines/raw_runs.csv
Fixed iteration,Chao,VNS,p5.3.n,3,2500,2500,685.0,755.0,9.271523178807946,64.05521118484448,29,0.5975823999997374,True,2,03_fixed_2500_baselines/raw_runs.csv
Fixed iteration,Chao,VNS,p5.3.o,0,2500,2500,805.0,870.0,7.471264367816092,72.05521118484448,33,0.7347597999996651,True,2,03_fixed_2500_baselines/raw_runs.csv
Fixed iteration,Chao,VNS,p5.3.o,1,2500,2500,805.0,870.0,7.471264367816092,72.05521118484448,33,0.7413460000007035,True,2,03_fixed_2500_baselines/raw_runs.csv
Fixed iteration,Chao,VNS,p5.3.o,2,2500,2500,805.0,870.0,7.471264367816092,72.05521118484448,33,0.741361100001086,True,2,03_fixed_2500_baselines/raw_runs.csv
Fixed iteration,Chao,VNS,p5.3.o,3,2500,2500,805.0,870.0,7.471264367816092,72.05521118484448,33,0.7447005000012723,True,2,03_fixed_2500_baselines/raw_runs.csv
Fixed iteration,Chao,VNS,p5.3.q,0,2500,2500,935.0,1070.0,12.616822429906541,81.71206543433685,37,0.8049424999990151,True,2,03_fixed_2500_baselines/raw_runs.csv
Fixed iteration,Chao,VNS,p5.3.q,1,2500,2500,935.0,1070.0,12.616822429906541,81.71206543433685,37,0.8083860999995522,True,2,03_fixed_2500_baselines/raw_runs.csv
Fixed iteration,Chao,VNS,p5.3.q,2,2500,2500,935.0,1070.0,12.616822429906541,81.71206543433685,37,0.80890460000046,True,2,03_fixed_2500_baselines/raw_runs.csv
Fixed iteration,Chao,VNS,p5.3.q,3,2500,2500,935.0,1070.0,12.616822429906541,81.71206543433685,37,0.8057370000005903,True,2,03_fixed_2500_baselines/raw_runs.csv
Fixed iteration,Chao,VNS,p5.3.r,0,2500,2500,1000.0,1125.0,11.11111111111111,86.88363830959067,40,0.8917781000000105,True,2,03_fixed_2500_baselines/raw_runs.csv
Fixed iteration,Chao,VNS,p5.3.r,1,2500,2500,1000.0,1125.0,11.11111111111111,86.88363830959067,40,0.8942922999995062,True,2,03_fixed_2500_baselines/raw_runs.csv
Fixed iteration,Chao,VNS,p5.3.r,2,2500,2500,1000.0,1125.0,11.11111111111111,86.88363830959067,40,0.8840030999999726,True,2,03_fixed_2500_baselines/raw_runs.csv
Fixed iteration,Chao,VNS,p5.3.r,3,2500,2500,1000.0,1125.0,11.11111111111111,86.88363830959067,40,0.8875323000011122,True,2,03_fixed_2500_baselines/raw_runs.csv
Fixed iteration,Chao,VNS,p5.3.s,0,2500,2500,1035.0,1190.0,13.025210084033613,89.71206543433685,41,1.1877325999994357,True,2,03_fixed_2500_baselines/raw_runs.csv
Fixed iteration,Chao,VNS,p5.3.s,1,2500,2500,1035.0,1190.0,13.025210084033613,89.71206543433685,41,1.1803290999996534,True,2,03_fixed_2500_baselines/raw_runs.csv
Fixed iteration,Chao,VNS,p5.3.s,2,2500,2500,1035.0,1190.0,13.025210084033613,89.71206543433685,41,1.175316299999395,True,2,03_fixed_2500_baselines/raw_runs.csv
Fixed iteration,Chao,VNS,p5.3.s,3,2500,2500,1035.0,1190.0,13.025210084033613,89.71206543433685,41,1.1786853000012345,True,2,03_fixed_2500_baselines/raw_runs.csv
Fixed iteration,Chao,VNS,p5.3.t,0,2500,2500,1075.0,1260.0,14.682539682539682,96.37976650518124,43,1.2165420000001177,True,2,03_fixed_2500_baselines/raw_runs.csv
Fixed iteration,Chao,VNS,p5.3.t,1,2500,2500,1075.0,1260.0,14.682539682539682,96.37976650518124,43,1.2305343999996694,True,2,03_fixed_2500_baselines/raw_runs.csv
Fixed iteration,Chao,VNS,p5.3.t,2,2500,2500,1075.0,1260.0,14.682539682539682,96.37976650518124,43,1.2311930999985634,True,2,03_fixed_2500_baselines/raw_runs.csv
Fixed iteration,Chao,VNS,p5.3.t,3,2500,2500,1075.0,1260.0,14.682539682539682,96.37976650518124,43,1.243028299999423,True,2,03_fixed_2500_baselines/raw_runs.csv
Fixed iteration,Chao,VNS,p5.3.u,0,2500,2500,1090.0,1345.0,18.95910780669145,98.76341511734384,44,1.2672624999995603,True,2,03_fixed_2500_baselines/raw_runs.csv
Fixed iteration,Chao,VNS,p5.3.u,1,2500,2500,1090.0,1345.0,18.95910780669145,98.76341511734384,44,1.26789749999989,True,2,03_fixed_2500_baselines/raw_runs.csv
Fixed iteration,Chao,VNS,p5.3.u,2,2500,2500,1090.0,1345.0,18.95910780669145,98.76341511734384,44,1.2656546999987768,True,2,03_fixed_2500_baselines/raw_runs.csv
Fixed iteration,Chao,VNS,p5.3.u,3,2500,2500,1090.0,1345.0,18.95910780669145,98.76341511734384,44,1.2717905000008614,True,2,03_fixed_2500_baselines/raw_runs.csv
Fixed iteration,Chao,VNS,p5.3.v,0,2500,2500,1150.0,1425.0,19.29824561403509,102.54049255908303,46,1.3147274999992078,True,2,03_fixed_2500_baselines/raw_runs.csv
Fixed iteration,Chao,VNS,p5.3.v,1,2500,2500,1150.0,1425.0,19.29824561403509,102.54049255908303,46,1.3135700000002544,True,2,03_fixed_2500_baselines/raw_runs.csv
Fixed iteration,Chao,VNS,p5.3.v,2,2500,2500,1150.0,1425.0,19.29824561403509,102.54049255908303,46,1.3213968000000025,True,2,03_fixed_2500_baselines/raw_runs.csv
Fixed iteration,Chao,VNS,p5.3.v,3,2500,2500,1150.0,1425.0,19.29824561403509,102.54049255908303,46,1.3244164000007004,True,2,03_fixed_2500_baselines/raw_runs.csv
Fixed iteration,Chao,VNS,p5.3.w,0,2500,2500,1210.0,1485.0,18.51851851851852,105.36891968382923,48,1.377034699999058,True,2,03_fixed_2500_baselines/raw_runs.csv
Fixed iteration,Chao,VNS,p5.3.w,1,2500,2500,1210.0,1485.0,18.51851851851852,105.36891968382923,48,1.374782699998832,True,2,03_fixed_2500_baselines/raw_runs.csv
Fixed iteration,Chao,VNS,p5.3.w,2,2500,2500,1210.0,1485.0,18.51851851851852,105.36891968382923,48,1.3783199999998033,True,2,03_fixed_2500_baselines/raw_runs.csv
Fixed iteration,Chao,VNS,p5.3.w,3,2500,2500,1210.0,1485.0,18.51851851851852,105.36891968382923,48,1.3876872999990155,True,2,03_fixed_2500_baselines/raw_runs.csv
Fixed iteration,Chao,VNS,p5.3.x,0,2500,2500,1350.0,1555.0,13.183279742765274,118.49868004261252,52,1.6287766000004922,True,2,03_fixed_2500_baselines/raw_runs.csv
Fixed iteration,Chao,VNS,p5.3.x,1,2500,2500,1350.0,1555.0,13.183279742765274,117.84670874990306,52,1.6236988000000565,True,2,03_fixed_2500_baselines/raw_runs.csv
Fixed iteration,Chao,VNS,p5.3.x,2,2500,2500,1350.0,1555.0,13.183279742765274,117.84670874990306,52,1.6117983999993155,True,2,03_fixed_2500_baselines/raw_runs.csv
Fixed iteration,Chao,VNS,p5.3.x,3,2500,2500,1350.0,1555.0,13.183279742765274,117.84670874990306,52,1.6225450000001729,True,2,03_fixed_2500_baselines/raw_runs.csv
Fixed iteration,Chao,VNS,p5.3.y,0,2500,2500,1510.0,1595.0,5.329153605015674,122.85886637125785,56,1.8777404000011304,True,2,03_fixed_2500_baselines/raw_runs.csv
Fixed iteration,Chao,VNS,p5.3.y,1,2500,2500,1545.0,1595.0,3.134796238244514,120.05521118484448,57,1.9144080000005488,True,2,03_fixed_2500_baselines/raw_runs.csv
Fixed iteration,Chao,VNS,p5.3.y,2,2500,2500,1545.0,1595.0,3.134796238244514,120.05521118484448,57,1.8948970999990704,True,2,03_fixed_2500_baselines/raw_runs.csv
Fixed iteration,Chao,VNS,p5.3.y,3,2500,2500,1565.0,1595.0,1.8808777429467085,123.1888667025265,57,1.8138400000007096,True,2,03_fixed_2500_baselines/raw_runs.csv
Fixed iteration,Chao,VNS,p5.3.z,0,2500,2500,1560.0,1635.0,4.587155963302752,122.71673074752692,58,1.9257284999985127,True,2,03_fixed_2500_baselines/raw_runs.csv
Fixed iteration,Chao,VNS,p5.3.z,1,2500,2500,1605.0,1635.0,1.834862385321101,126.3735849970193,59,1.885569199999736,True,2,03_fixed_2500_baselines/raw_runs.csv
Fixed iteration,Chao,VNS,p5.3.z,2,2500,2500,1605.0,1635.0,1.834862385321101,126.3735849970193,59,1.8601194999992003,True,2,03_fixed_2500_baselines/raw_runs.csv
Fixed iteration,Chao,VNS,p5.3.z,3,2500,2500,1580.0,1635.0,3.363914373088685,125.94252856972702,58,1.91951280000103,True,2,03_fixed_2500_baselines/raw_runs.csv
Fixed iteration,Chao,VNS,p5.4.m,0,2500,2500,550.0,555.0,0.9009009009009009,62.96640083988888,26,0.5525648000002548,True,2,03_fixed_2500_baselines/raw_runs.csv
Fixed iteration,Chao,VNS,p5.4.m,1,2500,2500,550.0,555.0,0.9009009009009009,63.22913173197979,26,0.5601757000004,True,2,03_fixed_2500_baselines/raw_runs.csv
Fixed iteration,Chao,VNS,p5.4.m,2,2500,2500,550.0,555.0,0.9009009009009009,63.22913173197979,26,0.5513238000003184,True,2,03_fixed_2500_baselines/raw_runs.csv
Fixed iteration,Chao,VNS,p5.4.m,3,2500,2500,550.0,555.0,0.9009009009009009,63.22913173197979,26,0.5525140000008832,True,2,03_fixed_2500_baselines/raw_runs.csv
Fixed iteration,Chao,VNS,p5.4.o,0,2500,2500,620.0,690.0,10.144927536231885,65.1374106514146,28,0.5834701000003406,True,2,03_fixed_2500_baselines/raw_runs.csv
Fixed iteration,Chao,VNS,p5.4.o,1,2500,2500,620.0,690.0,10.144927536231885,65.1374106514146,28,0.5987225999997463,True,2,03_fixed_2500_baselines/raw_runs.csv
Fixed iteration,Chao,VNS,p5.4.o,2,2500,2500,620.0,690.0,10.144927536231885,65.1374106514146,28,0.5988539999998466,True,2,03_fixed_2500_baselines/raw_runs.csv
Fixed iteration,Chao,VNS,p5.4.o,3,2500,2500,620.0,690.0,10.144927536231885,65.1374106514146,28,0.5795909999997093,True,2,03_fixed_2500_baselines/raw_runs.csv
Fixed iteration,Chao,VNS,p5.4.p,0,2500,2500,760.0,765.0,0.6535947712418301,76.45111915039936,32,0.7484440999996878,True,2,03_fixed_2500_baselines/raw_runs.csv
Fixed iteration,Chao,VNS,p5.4.p,1,2500,2500,760.0,765.0,0.6535947712418301,76.45111915039936,32,0.7504351999996288,True,2,03_fixed_2500_baselines/raw_runs.csv
Fixed iteration,Chao,VNS,p5.4.p,2,2500,2500,760.0,765.0,0.6535947712418301,76.45111915039936,32,0.7524161999990611,True,2,03_fixed_2500_baselines/raw_runs.csv
Fixed iteration,Chao,VNS,p5.4.p,3,2500,2500,760.0,765.0,0.6535947712418301,76.45111915039936,32,0.7542665000000852,True,2,03_fixed_2500_baselines/raw_runs.csv
Fixed iteration,Chao,VNS,p5.4.q,0,2500,2500,860.0,860.0,0.0,81.1374106514146,36,0.8173492999994778,True,2,03_fixed_2500_baselines/raw_runs.csv
Fixed iteration,Chao,VNS,p5.4.q,1,2500,2500,860.0,860.0,0.0,81.1374106514146,36,0.8162853000012547,True,2,03_fixed_2500_baselines/raw_runs.csv
Fixed iteration,Chao,VNS,p5.4.q,2,2500,2500,860.0,860.0,0.0,81.1374106514146,36,0.8207457000007707,True,2,03_fixed_2500_baselines/raw_runs.csv
Fixed iteration,Chao,VNS,p5.4.q,3,2500,2500,860.0,860.0,0.0,81.1374106514146,36,0.823258700000224,True,2,03_fixed_2500_baselines/raw_runs.csv
Fixed iteration,Chao,VNS,p5.4.r,0,2500,2500,860.0,960.0,10.416666666666666,81.1374106514146,36,0.8352470999998332,True,2,03_fixed_2500_baselines/raw_runs.csv
Fixed iteration,Chao,VNS,p5.4.r,1,2500,2500,860.0,960.0,10.416666666666666,81.1374106514146,36,0.8234876000005897,True,2,03_fixed_2500_baselines/raw_runs.csv
Fixed iteration,Chao,VNS,p5.4.r,2,2500,2500,860.0,960.0,10.416666666666666,81.1374106514146,36,0.820611099999951,True,2,03_fixed_2500_baselines/raw_runs.csv
Fixed iteration,Chao,VNS,p5.4.r,3,2500,2500,860.0,960.0,10.416666666666666,81.1374106514146,36,0.8218085999997129,True,2,03_fixed_2500_baselines/raw_runs.csv
Fixed iteration,Chao,VNS,p5.4.s,0,2500,2500,1000.0,1030.0,2.912621359223301,92.45111915039936,40,0.8876897999998619,True,2,03_fixed_2500_baselines/raw_runs.csv
Fixed iteration,Chao,VNS,p5.4.s,1,2500,2500,1000.0,1030.0,2.912621359223301,92.45111915039936,40,0.896792400000777,True,2,03_fixed_2500_baselines/raw_runs.csv
Fixed iteration,Chao,VNS,p5.4.s,2,2500,2500,1000.0,1030.0,2.912621359223301,92.45111915039936,40,0.9034245000002556,True,2,03_fixed_2500_baselines/raw_runs.csv
Fixed iteration,Chao,VNS,p5.4.s,3,2500,2500,1000.0,1030.0,2.912621359223301,92.45111915039936,40,0.9061266999997316,True,2,03_fixed_2500_baselines/raw_runs.csv
Fixed iteration,Chao,VNS,p5.4.t,0,2500,2500,1075.0,1160.0,7.327586206896552,95.9658377761608,43,1.2450086000008014,True,2,03_fixed_2500_baselines/raw_runs.csv
Fixed iteration,Chao,VNS,p5.4.t,1,2500,2500,1075.0,1160.0,7.327586206896552,95.9658377761608,43,1.2499775999986014,True,2,03_fixed_2500_baselines/raw_runs.csv
Fixed iteration,Chao,VNS,p5.4.t,2,2500,2500,1075.0,1160.0,7.327586206896552,95.9658377761608,43,1.243376399999761,True,2,03_fixed_2500_baselines/raw_runs.csv
Fixed iteration,Chao,VNS,p5.4.t,3,2500,2500,1075.0,1160.0,7.327586206896552,95.9658377761608,43,1.2460049000001163,True,2,03_fixed_2500_baselines/raw_runs.csv
Fixed iteration,Chao,VNS,p5.4.u,0,2500,2500,1110.0,1300.0,14.615384615384615,98.79426490090698,44,1.2634782000004634,True,2,03_fixed_2500_baselines/raw_runs.csv
Fixed iteration,Chao,VNS,p5.4.u,1,2500,2500,1110.0,1300.0,14.615384615384615,98.79426490090698,44,1.264111700000285,True,2,03_fixed_2500_baselines/raw_runs.csv
Fixed iteration,Chao,VNS,p5.4.u,2,2500,2500,1120.0,1300.0,13.846153846153847,100.45111915039936,44,1.269356400000106,True,2,03_fixed_2500_baselines/raw_runs.csv
Fixed iteration,Chao,VNS,p5.4.u,3,2500,2500,1110.0,1300.0,14.615384615384615,98.79426490090698,44,1.2674045000003389,True,2,03_fixed_2500_baselines/raw_runs.csv
Fixed iteration,Chao,VNS,p5.4.v,0,2500,2500,1250.0,1320.0,5.303030303030303,108.45111915039936,48,1.3799441999999544,True,2,03_fixed_2500_baselines/raw_runs.csv
Fixed iteration,Chao,VNS,p5.4.v,1,2500,2500,1250.0,1320.0,5.303030303030303,108.45111915039936,48,1.390951800000039,True,2,03_fixed_2500_baselines/raw_runs.csv
Fixed iteration,Chao,VNS,p5.4.v,2,2500,2500,1250.0,1320.0,5.303030303030303,108.45111915039936,48,1.365575699999681,True,2,03_fixed_2500_baselines/raw_runs.csv
Fixed iteration,Chao,VNS,p5.4.v,3,2500,2500,1250.0,1320.0,5.303030303030303,108.45111915039936,48,1.3527991999999358,True,2,03_fixed_2500_baselines/raw_runs.csv
Fixed iteration,Chao,VNS,p5.4.w,0,2500,2500,1310.0,1390.0,5.755395683453237,109.1374106514146,50,1.4465475999986666,True,2,03_fixed_2500_baselines/raw_runs.csv
Fixed iteration,Chao,VNS,p5.4.w,1,2500,2500,1310.0,1390.0,5.755395683453237,109.1374106514146,50,1.4630809000009322,True,2,03_fixed_2500_baselines/raw_runs.csv
Fixed iteration,Chao,VNS,p5.4.w,2,2500,2500,1310.0,1390.0,5.755395683453237,109.1374106514146,50,1.4638742999995884,True,2,03_fixed_2500_baselines/raw_runs.csv
Fixed iteration,Chao,VNS,p5.4.w,3,2500,2500,1310.0,1390.0,5.755395683453237,109.1374106514146,50,1.4487757999995663,True,2,03_fixed_2500_baselines/raw_runs.csv
Fixed iteration,Chao,VNS,p5.4.x,0,2500,2500,1340.0,1450.0,7.586206896551724,114.79426490090698,52,1.7524843999999575,True,2,03_fixed_2500_baselines/raw_runs.csv
Fixed iteration,Chao,VNS,p5.4.x,1,2500,2500,1340.0,1450.0,7.586206896551724,113.1374106514146,52,1.7415178999999623,True,2,03_fixed_2500_baselines/raw_runs.csv
Fixed iteration,Chao,VNS,p5.4.x,2,2500,2500,1340.0,1450.0,7.586206896551724,114.79426490090698,52,1.7962721999992937,True,2,03_fixed_2500_baselines/raw_runs.csv
Fixed iteration,Chao,VNS,p5.4.x,3,2500,2500,1340.0,1450.0,7.586206896551724,114.79426490090698,52,1.7812967999998364,True,2,03_fixed_2500_baselines/raw_runs.csv
Fixed iteration,Chao,VNS,p5.4.y,0,2500,2500,1445.0,1520.0,4.934210526315789,123.27954627514556,55,1.829364200000782,True,2,03_fixed_2500_baselines/raw_runs.csv
Fixed iteration,Chao,VNS,p5.4.y,1,2500,2500,1445.0,1520.0,4.934210526315789,123.27954627514556,55,1.8411006000005727,True,2,03_fixed_2500_baselines/raw_runs.csv
Fixed iteration,Chao,VNS,p5.4.y,2,2500,2500,1445.0,1520.0,4.934210526315789,123.27954627514556,55,1.8585542000000717,True,2,03_fixed_2500_baselines/raw_runs.csv
Fixed iteration,Chao,VNS,p5.4.y,3,2500,2500,1445.0,1520.0,4.934210526315789,123.27954627514556,55,1.8504369999991468,True,2,03_fixed_2500_baselines/raw_runs.csv
Fixed iteration,Chao,VNS,p5.4.z,0,2500,2500,1460.0,1620.0,9.876543209876543,122.79426490090698,56,1.866280000000188,True,2,03_fixed_2500_baselines/raw_runs.csv
Fixed iteration,Chao,VNS,p5.4.z,1,2500,2500,1520.0,1620.0,6.172839506172839,126.79426490090698,58,1.942291299999852,True,2,03_fixed_2500_baselines/raw_runs.csv
Fixed iteration,Chao,VNS,p5.4.z,2,2500,2500,1460.0,1620.0,9.876543209876543,122.79426490090698,56,1.8810787000002165,True,2,03_fixed_2500_baselines/raw_runs.csv
Fixed iteration,Chao,VNS,p5.4.z,3,2500,2500,1520.0,1620.0,6.172839506172839,126.79426490090698,58,1.9594542999984697,True,2,03_fixed_2500_baselines/raw_runs.csv
Fixed iteration,Chao,VNS,p6.2.d,0,2500,2500,192.0,192.0,0.0,29.65685424949238,14,0.2565801000000647,True,2,03_fixed_2500_baselines/raw_runs.csv
Fixed iteration,Chao,VNS,p6.2.d,1,2500,2500,192.0,192.0,0.0,29.65685424949238,14,0.2583185000003141,True,2,03_fixed_2500_baselines/raw_runs.csv
Fixed iteration,Chao,VNS,p6.2.d,2,2500,2500,192.0,192.0,0.0,29.65685424949238,14,0.2492793000001256,True,2,03_fixed_2500_baselines/raw_runs.csv
Fixed iteration,Chao,VNS,p6.2.d,3,2500,2500,192.0,192.0,0.0,29.65685424949238,14,0.2483477999994647,True,2,03_fixed_2500_baselines/raw_runs.csv
Fixed iteration,Chao,VNS,p6.2.j,0,2500,2500,882.0,948.0,6.962025316455696,58.08326112068524,37,0.8437112000010529,True,2,03_fixed_2500_baselines/raw_runs.csv
Fixed iteration,Chao,VNS,p6.2.j,1,2500,2500,882.0,948.0,6.962025316455696,58.08326112068524,37,0.8040517999997974,True,2,03_fixed_2500_baselines/raw_runs.csv
Fixed iteration,Chao,VNS,p6.2.j,2,2500,2500,882.0,948.0,6.962025316455696,58.08326112068524,37,0.8104655999995884,True,2,03_fixed_2500_baselines/raw_runs.csv
Fixed iteration,Chao,VNS,p6.2.j,3,2500,2500,882.0,948.0,6.962025316455696,58.08326112068524,37,0.8083326000014495,True,2,03_fixed_2500_baselines/raw_runs.csv
Fixed iteration,Chao,VNS,p6.2.l,0,2500,2500,1044.0,1116.0,6.451612903225806,68.5685424949238,44,1.316790699998819,True,2,03_fixed_2500_baselines/raw_runs.csv
Fixed iteration,Chao,VNS,p6.2.l,1,2500,2500,1068.0,1116.0,4.301075268817204,68.5685424949238,43,1.3107371000005514,True,2,03_fixed_2500_baselines/raw_runs.csv
Fixed iteration,Chao,VNS,p6.2.l,2,2500,2500,1038.0,1116.0,6.989247311827957,67.39696961966999,43,1.2642133999997895,True,2,03_fixed_2500_baselines/raw_runs.csv
Fixed iteration,Chao,VNS,p6.2.l,3,2500,2500,1062.0,1116.0,4.838709677419355,68.5685424949238,44,1.32137160000093,True,2,03_fixed_2500_baselines/raw_runs.csv
Fixed iteration,Chao,VNS,p6.2.m,0,2500,2500,1134.0,1188.0,4.545454545454546,74.22539674441619,48,1.4585301999995863,True,2,03_fixed_2500_baselines/raw_runs.csv
Fixed iteration,Chao,VNS,p6.2.m,1,2500,2500,1134.0,1188.0,4.545454545454546,74.22539674441619,48,1.4553255999999235,True,2,03_fixed_2500_baselines/raw_runs.csv
Fixed iteration,Chao,VNS,p6.2.m,2,2500,2500,1134.0,1188.0,4.545454545454546,74.22539674441619,48,1.461933599999611,True,2,03_fixed_2500_baselines/raw_runs.csv
Fixed iteration,Chao,VNS,p6.2.m,3,2500,2500,1122.0,1188.0,5.555555555555555,74.22539674441619,48,1.443985599998996,True,2,03_fixed_2500_baselines/raw_runs.csv
Fixed iteration,Chao,VNS,p6.2.n,0,2500,2500,1230.0,1260.0,2.380952380952381,78.36753236814714,53,1.8765806999999768,True,2,03_fixed_2500_baselines/raw_runs.csv
Fixed iteration,Chao,VNS,p6.2.n,1,2500,2500,1212.0,1260.0,3.8095238095238093,78.71067811865476,52,1.827146300000095,True,2,03_fixed_2500_baselines/raw_runs.csv
Fixed iteration,Chao,VNS,p6.2.n,2,2500,2500,1236.0,1260.0,1.9047619047619047,78.36753236814714,53,1.8735398999997412,True,2,03_fixed_2500_baselines/raw_runs.csv
Fixed iteration,Chao,VNS,p6.2.n,3,2500,2500,1230.0,1260.0,2.380952380952381,78.36753236814714,53,1.8422253000007915,True,2,03_fixed_2500_baselines/raw_runs.csv
Fixed iteration,Chao,VNS,p6.3.g,0,2500,2500,264.0,282.0,6.382978723404255,43.65685424949238,20,0.3335170000009384,True,2,03_fixed_2500_baselines/raw_runs.csv
Fixed iteration,Chao,VNS,p6.3.g,1,2500,2500,264.0,282.0,6.382978723404255,43.65685424949238,20,0.3329216999991331,True,2,03_fixed_2500_baselines/raw_runs.csv
Fixed iteration,Chao,VNS,p6.3.g,2,2500,2500,264.0,282.0,6.382978723404255,43.65685424949238,20,0.3345121000002109,True,2,03_fixed_2500_baselines/raw_runs.csv
Fixed iteration,Chao,VNS,p6.3.g,3,2500,2500,264.0,282.0,6.382978723404255,43.65685424949238,20,0.3356094999999186,True,2,03_fixed_2500_baselines/raw_runs.csv
Fixed iteration,Chao,VNS,p6.3.h,0,2500,2500,360.0,444.0,18.91891891891892,46.97056274847714,24,0.5029153000014048,True,2,03_fixed_2500_baselines/raw_runs.csv
Fixed iteration,Chao,VNS,p6.3.h,1,2500,2500,360.0,444.0,18.91891891891892,46.97056274847714,24,0.5033304000007774,True,2,03_fixed_2500_baselines/raw_runs.csv
Fixed iteration,Chao,VNS,p6.3.h,2,2500,2500,360.0,444.0,18.91891891891892,46.97056274847714,24,0.495165199999974,True,2,03_fixed_2500_baselines/raw_runs.csv
Fixed iteration,Chao,VNS,p6.3.h,3,2500,2500,360.0,444.0,18.91891891891892,46.97056274847714,24,0.4964526000003388,True,2,03_fixed_2500_baselines/raw_runs.csv
Fixed iteration,Chao,VNS,p6.3.i,0,2500,2500,444.0,642.0,30.8411214953271,51.941125496954285,29,0.5673341000001528,True,2,03_fixed_2500_baselines/raw_runs.csv
Fixed iteration,Chao,VNS,p6.3.i,1,2500,2500,444.0,642.0,30.8411214953271,51.941125496954285,29,0.5650301999994554,True,2,03_fixed_2500_baselines/raw_runs.csv
Fixed iteration,Chao,VNS,p6.3.i,2,2500,2500,444.0,642.0,30.8411214953271,51.941125496954285,29,0.5639195999992808,True,2,03_fixed_2500_baselines/raw_runs.csv
Fixed iteration,Chao,VNS,p6.3.i,3,2500,2500,444.0,642.0,30.8411214953271,51.941125496954285,29,0.5664811999995436,True,2,03_fixed_2500_baselines/raw_runs.csv
Fixed iteration,Chao,VNS,p6.3.k,0,2500,2500,570.0,894.0,36.241610738255034,58.42640687119285,34,0.7575331000007282,True,2,03_fixed_2500_baselines/raw_runs.csv
Fixed iteration,Chao,VNS,p6.3.k,1,2500,2500,570.0,894.0,36.241610738255034,58.42640687119285,34,0.7561927999995532,True,2,03_fixed_2500_baselines/raw_runs.csv
Fixed iteration,Chao,VNS,p6.3.k,2,2500,2500,570.0,894.0,36.241610738255034,58.42640687119285,34,0.7559989999990648,True,2,03_fixed_2500_baselines/raw_runs.csv
Fixed iteration,Chao,VNS,p6.3.k,3,2500,2500,570.0,894.0,36.241610738255034,58.42640687119285,34,0.7563819999995758,True,2,03_fixed_2500_baselines/raw_runs.csv
Fixed iteration,Chao,VNS,p6.3.l,0,2500,2500,684.0,1002.0,31.736526946107784,64.75096219152961,37,0.8211276000001817,True,2,03_fixed_2500_baselines/raw_runs.csv
Fixed iteration,Chao,VNS,p6.3.l,1,2500,2500,762.0,1002.0,23.952095808383234,66.42640687119285,39,0.8515716999991128,True,2,03_fixed_2500_baselines/raw_runs.csv
Fixed iteration,Chao,VNS,p6.3.l,2,2500,2500,804.0,1002.0,19.760479041916167,69.00289809373433,40,0.874546700000792,True,2,03_fixed_2500_baselines/raw_runs.csv
Fixed iteration,Chao,VNS,p6.3.l,3,2500,2500,804.0,1002.0,19.760479041916167,69.00289809373433,40,0.8592812999995658,True,2,03_fixed_2500_baselines/raw_runs.csv
Fixed iteration,Chao,VNS,p6.3.m,0,2500,2500,948.0,1080.0,12.222222222222221,73.4881794679729,41,1.175552600001538,True,2,03_fixed_2500_baselines/raw_runs.csv
Fixed iteration,Chao,VNS,p6.3.m,1,2500,2500,972.0,1080.0,10.0,73.4881794679729,42,1.2072537999993074,True,2,03_fixed_2500_baselines/raw_runs.csv
Fixed iteration,Chao,VNS,p6.3.m,2,2500,2500,954.0,1080.0,11.666666666666666,74.15588053881729,42,1.2140545999991446,True,2,03_fixed_2500_baselines/raw_runs.csv
Fixed iteration,Chao,VNS,p6.3.m,3,2500,2500,978.0,1080.0,9.444444444444445,73.83132521848052,43,1.2205007000011392,True,2,03_fixed_2500_baselines/raw_runs.csv
Fixed iteration,Chao,VNS,p6.3.n,0,2500,2500,1086.0,1170.0,7.17948717948718,79.05382386916237,48,1.3399523999996743,True,2,03_fixed_2500_baselines/raw_runs.csv
Fixed iteration,Chao,VNS,p6.3.n,1,2500,2500,1062.0,1170.0,9.23076923076923,77.72152494000676,47,1.3747373999995034,True,2,03_fixed_2500_baselines/raw_runs.csv
Fixed iteration,Chao,VNS,p6.3.n,2,2500,2500,1098.0,1170.0,6.153846153846154,79.88225099390857,49,1.4003775999990469,True,2,03_fixed_2500_baselines/raw_runs.csv
Fixed iteration,Chao,VNS,p6.3.n,3,2500,2500,1104.0,1170.0,5.641025641025641,78.80188796695766,48,1.3186952999985806,True,2,03_fixed_2500_baselines/raw_runs.csv
Fixed iteration,Chao,VNS,p6.4.j,0,2500,2500,348.0,366.0,4.918032786885246,58.60112615949154,24,0.5217695999999705,True,2,03_fixed_2500_baselines/raw_runs.csv
Fixed iteration,Chao,VNS,p6.4.j,1,2500,2500,348.0,366.0,4.918032786885246,58.60112615949154,24,0.5216574000005494,True,2,03_fixed_2500_baselines/raw_runs.csv
Fixed iteration,Chao,VNS,p6.4.j,2,2500,2500,348.0,366.0,4.918032786885246,58.60112615949154,24,0.5140527999992628,True,2,03_fixed_2500_baselines/raw_runs.csv
Fixed iteration,Chao,VNS,p6.4.j,3,2500,2500,348.0,366.0,4.918032786885246,58.60112615949154,24,0.5258406000011746,True,2,03_fixed_2500_baselines/raw_runs.csv
Fixed iteration,Chao,VNS,p6.4.k,0,2500,2500,420.0,528.0,20.454545454545453,60.46669094406771,28,0.5756764999987354,True,2,03_fixed_2500_baselines/raw_runs.csv
Fixed iteration,Chao,VNS,p6.4.k,1,2500,2500,420.0,528.0,20.454545454545453,60.46669094406771,28,0.5754229000012856,True,2,03_fixed_2500_baselines/raw_runs.csv
Fixed iteration,Chao,VNS,p6.4.k,2,2500,2500,420.0,528.0,20.454545454545453,61.61967338915066,28,0.5723248000012973,True,2,03_fixed_2500_baselines/raw_runs.csv
Fixed iteration,Chao,VNS,p6.4.k,3,2500,2500,420.0,528.0,20.454545454545453,60.46669094406771,28,0.5825281999987055,True,2,03_fixed_2500_baselines/raw_runs.csv
Fixed iteration,Chao,VNS,p6.4.l,0,2500,2500,534.0,696.0,23.275862068965516,64.60882656779866,33,0.773047000000588,True,2,03_fixed_2500_baselines/raw_runs.csv
Fixed iteration,Chao,VNS,p6.4.l,1,2500,2500,534.0,696.0,23.275862068965516,64.60882656779866,33,0.7743733000006614,True,2,03_fixed_2500_baselines/raw_runs.csv
Fixed iteration,Chao,VNS,p6.4.l,2,2500,2500,534.0,696.0,23.275862068965516,64.60882656779866,33,0.7688811000007263,True,2,03_fixed_2500_baselines/raw_runs.csv
Fixed iteration,Chao,VNS,p6.4.l,3,2500,2500,534.0,696.0,23.275862068965516,64.60882656779866,33,0.7791594999998779,True,2,03_fixed_2500_baselines/raw_runs.csv
Fixed iteration,Chao,VNS,p7.2.d,0,2500,2500,190.0,190.0,0.0,78.6737065912388,10,0.1990834999996877,True,2,03_fixed_2500_baselines/raw_runs.csv
Fixed iteration,Chao,VNS,p7.2.d,1,2500,2500,190.0,190.0,0.0,78.6737065912388,10,0.2015387999999802,True,2,03_fixed_2500_baselines/raw_runs.csv
Fixed iteration,Chao,VNS,p7.2.d,2,2500,2500,190.0,190.0,0.0,78.6737065912388,10,0.2074916999990819,True,2,03_fixed_2500_baselines/raw_runs.csv
Fixed iteration,Chao,VNS,p7.2.d,3,2500,2500,190.0,190.0,0.0,78.6737065912388,10,0.2198972000005596,True,2,03_fixed_2500_baselines/raw_runs.csv
Fixed iteration,Chao,VNS,p7.2.e,0,2500,2500,290.0,290.0,0.0,98.36318612174394,15,0.2763455999993311,True,2,03_fixed_2500_baselines/raw_runs.csv
Fixed iteration,Chao,VNS,p7.2.e,1,2500,2500,290.0,290.0,0.0,98.36318612174394,15,0.2753425999999308,True,2,03_fixed_2500_baselines/raw_runs.csv
Fixed iteration,Chao,VNS,p7.2.e,2,2500,2500,290.0,290.0,0.0,98.36318612174394,15,0.2724287999990338,True,2,03_fixed_2500_baselines/raw_runs.csv
Fixed iteration,Chao,VNS,p7.2.e,3,2500,2500,290.0,290.0,0.0,98.36318612174394,15,0.2747550000003684,True,2,03_fixed_2500_baselines/raw_runs.csv
Fixed iteration,Chao,VNS,p7.2.f,0,2500,2500,337.0,387.0,12.919896640826874,116.8838521140456,19,0.3459652999990794,True,2,03_fixed_2500_baselines/raw_runs.csv
Fixed iteration,Chao,VNS,p7.2.f,1,2500,2500,337.0,387.0,12.919896640826874,116.8838521140456,19,0.3292194000005111,True,2,03_fixed_2500_baselines/raw_runs.csv
Fixed iteration,Chao,VNS,p7.2.f,2,2500,2500,337.0,387.0,12.919896640826874,116.8838521140456,19,0.3251554999988002,True,2,03_fixed_2500_baselines/raw_runs.csv
Fixed iteration,Chao,VNS,p7.2.f,3,2500,2500,337.0,387.0,12.919896640826874,116.8838521140456,19,0.3308593000001565,True,2,03_fixed_2500_baselines/raw_runs.csv
Fixed iteration,Chao,VNS,p7.2.g,0,2500,2500,427.0,459.0,6.971677559912854,133.7749708393689,27,0.5738161999997828,True,2,03_fixed_2500_baselines/raw_runs.csv
Fixed iteration,Chao,VNS,p7.2.g,1,2500,2500,427.0,459.0,6.971677559912854,133.7749708393689,27,0.5706755999999586,True,2,03_fixed_2500_baselines/raw_runs.csv
Fixed iteration,Chao,VNS,p7.2.g,2,2500,2500,427.0,459.0,6.971677559912854,133.7749708393689,27,0.557687900000019,True,2,03_fixed_2500_baselines/raw_runs.csv
Fixed iteration,Chao,VNS,p7.2.g,3,2500,2500,427.0,459.0,6.971677559912854,133.7749708393689,27,0.5588057999993907,True,2,03_fixed_2500_baselines/raw_runs.csv
Fixed iteration,Chao,VNS,p7.2.h,0,2500,2500,489.0,521.0,6.142034548944338,151.47722665928512,30,0.6102306000011595,True,2,03_fixed_2500_baselines/raw_runs.csv
Fixed iteration,Chao,VNS,p7.2.h,1,2500,2500,489.0,521.0,6.142034548944338,151.47722665928512,30,0.6126086999993277,True,2,03_fixed_2500_baselines/raw_runs.csv
Fixed iteration,Chao,VNS,p7.2.h,2,2500,2500,489.0,521.0,6.142034548944338,151.47722665928512,30,0.6130223000000115,True,2,03_fixed_2500_baselines/raw_runs.csv
Fixed iteration,Chao,VNS,p7.2.h,3,2500,2500,489.0,521.0,6.142034548944338,151.47722665928512,30,0.6169229000006453,True,2,03_fixed_2500_baselines/raw_runs.csv
Fixed iteration,Chao,VNS,p7.2.i,0,2500,2500,527.0,580.0,9.137931034482758,164.37984429413353,31,0.7279136999986804,True,2,03_fixed_2500_baselines/raw_runs.csv
Fixed iteration,Chao,VNS,p7.2.i,1,2500,2500,527.0,580.0,9.137931034482758,164.37984429413353,31,0.7236429999993561,True,2,03_fixed_2500_baselines/raw_runs.csv
Fixed iteration,Chao,VNS,p7.2.i,2,2500,2500,527.0,580.0,9.137931034482758,164.37984429413353,31,0.724130000000514,True,2,03_fixed_2500_baselines/raw_runs.csv
Fixed iteration,Chao,VNS,p7.2.i,3,2500,2500,527.0,580.0,9.137931034482758,164.37984429413353,31,0.7254143999998632,True,2,03_fixed_2500_baselines/raw_runs.csv
Fixed iteration,Chao,VNS,p7.2.j,0,2500,2500,554.0,646.0,14.241486068111454,175.4834021426251,34,0.8131842000002507,True,2,03_fixed_2500_baselines/raw_runs.csv
Fixed iteration,Chao,VNS,p7.2.j,1,2500,2500,554.0,646.0,14.241486068111454,175.4834021426251,34,0.8171609999990324,True,2,03_fixed_2500_baselines/raw_runs.csv
Fixed iteration,Chao,VNS,p7.2.j,2,2500,2500,554.0,646.0,14.241486068111454,175.4834021426251,34,0.8118785000006028,True,2,03_fixed_2500_baselines/raw_runs.csv
Fixed iteration,Chao,VNS,p7.2.j,3,2500,2500,554.0,646.0,14.241486068111454,175.4834021426251,34,0.8213503999995737,True,2,03_fixed_2500_baselines/raw_runs.csv
Fixed iteration,Chao,VNS,p7.2.k,0,2500,2500,607.0,705.0,13.900709219858156,208.052237835767,36,0.8559246999993775,True,2,03_fixed_2500_baselines/raw_runs.csv
Fixed iteration,Chao,VNS,p7.2.k,1,2500,2500,607.0,705.0,13.900709219858156,208.052237835767,36,0.8517737000001944,True,2,03_fixed_2500_baselines/raw_runs.csv
Fixed iteration,Chao,VNS,p7.2.k,2,2500,2500,607.0,705.0,13.900709219858156,208.052237835767,36,0.8595603999983723,True,2,03_fixed_2500_baselines/raw_runs.csv
Fixed iteration,Chao,VNS,p7.2.k,3,2500,2500,607.0,705.0,13.900709219858156,208.052237835767,36,0.859640099999524,True,2,03_fixed_2500_baselines/raw_runs.csv
Fixed iteration,Chao,VNS,p7.2.l,0,2500,2500,631.0,767.0,17.73142112125163,238.41639454673768,35,0.8423039999997854,True,2,03_fixed_2500_baselines/raw_runs.csv
Fixed iteration,Chao,VNS,p7.2.l,1,2500,2500,631.0,767.0,17.73142112125163,238.41639454673768,35,0.8465375000014319,True,2,03_fixed_2500_baselines/raw_runs.csv
Fixed iteration,Chao,VNS,p7.2.l,2,2500,2500,631.0,767.0,17.73142112125163,238.41639454673768,35,0.8396967999997287,True,2,03_fixed_2500_baselines/raw_runs.csv
Fixed iteration,Chao,VNS,p7.2.l,3,2500,2500,631.0,767.0,17.73142112125163,238.41639454673768,35,0.8449647999987064,True,2,03_fixed_2500_baselines/raw_runs.csv
Fixed iteration,Chao,VNS,p7.2.m,0,2500,2500,670.0,827.0,18.98428053204353,251.79732874437184,40,0.9870926000003236,True,2,03_fixed_2500_baselines/raw_runs.csv
Fixed iteration,Chao,VNS,p7.2.m,1,2500,2500,670.0,827.0,18.98428053204353,251.79732874437184,40,0.9900139000001218,True,2,03_fixed_2500_baselines/raw_runs.csv
Fixed iteration,Chao,VNS,p7.2.m,2,2500,2500,670.0,827.0,18.98428053204353,251.79732874437184,40,0.9785234999999376,True,2,03_fixed_2500_baselines/raw_runs.csv
Fixed iteration,Chao,VNS,p7.2.m,3,2500,2500,670.0,827.0,18.98428053204353,251.79732874437184,40,0.977836699999898,True,2,03_fixed_2500_baselines/raw_runs.csv
Fixed iteration,Chao,VNS,p7.2.n,0,2500,2500,749.0,888.0,15.653153153153154,265.7966076847466,43,1.3563300000005256,True,2,03_fixed_2500_baselines/raw_runs.csv
Fixed iteration,Chao,VNS,p7.2.n,1,2500,2500,749.0,888.0,15.653153153153154,265.7966076847466,43,1.3540386999993643,True,2,03_fixed_2500_baselines/raw_runs.csv
Fixed iteration,Chao,VNS,p7.2.n,2,2500,2500,749.0,888.0,15.653153153153154,265.7966076847466,43,1.346486799999184,True,2,03_fixed_2500_baselines/raw_runs.csv
Fixed iteration,Chao,VNS,p7.2.n,3,2500,2500,749.0,888.0,15.653153153153154,265.7966076847466,43,1.352483000000575,True,2,03_fixed_2500_baselines/raw_runs.csv
Fixed iteration,Chao,VNS,p7.2.o,0,2500,2500,807.0,945.0,14.603174603174603,297.8932280035983,46,1.4307730000000447,True,2,03_fixed_2500_baselines/raw_runs.csv
Fixed iteration,Chao,VNS,p7.2.o,1,2500,2500,807.0,945.0,14.603174603174603,297.8932280035983,46,1.4300504000002547,True,2,03_fixed_2500_baselines/raw_runs.csv
Fixed iteration,Chao,VNS,p7.2.o,2,2500,2500,807.0,945.0,14.603174603174603,297.8932280035983,46,1.434807000001456,True,2,03_fixed_2500_baselines/raw_runs.csv
Fixed iteration,Chao,VNS,p7.2.o,3,2500,2500,807.0,945.0,14.603174603174603,297.8932280035983,46,1.4263819999996483,True,2,03_fixed_2500_baselines/raw_runs.csv
Fixed iteration,Chao,VNS,p7.2.p,0,2500,2500,841.0,1002.0,16.067864271457086,307.7173557473404,49,1.5456891000012547,True,2,03_fixed_2500_baselines/raw_runs.csv
Fixed iteration,Chao,VNS,p7.2.p,1,2500,2500,841.0,1002.0,16.067864271457086,307.7173557473404,49,1.5599005000003672,True,2,03_fixed_2500_baselines/raw_runs.csv
Fixed iteration,Chao,VNS,p7.2.p,2,2500,2500,841.0,1002.0,16.067864271457086,307.7173557473404,49,1.5120912000002136,True,2,03_fixed_2500_baselines/raw_runs.csv
Fixed iteration,Chao,VNS,p7.2.p,3,2500,2500,841.0,1002.0,16.067864271457086,307.7173557473404,49,1.533865200000946,True,2,03_fixed_2500_baselines/raw_runs.csv
Fixed iteration,Chao,VNS,p7.2.q,0,2500,2500,878.0,1044.0,15.900383141762452,327.3714979234546,51,1.8045800999989297,True,2,03_fixed_2500_baselines/raw_runs.csv
Fixed iteration,Chao,VNS,p7.2.q,1,2500,2500,878.0,1044.0,15.900383141762452,327.3714979234546,51,1.8003064000004088,True,2,03_fixed_2500_baselines/raw_runs.csv
Fixed iteration,Chao,VNS,p7.2.q,2,2500,2500,878.0,1044.0,15.900383141762452,327.3714979234546,51,1.8180327999998556,True,2,03_fixed_2500_baselines/raw_runs.csv
Fixed iteration,Chao,VNS,p7.2.q,3,2500,2500,878.0,1044.0,15.900383141762452,327.3714979234546,51,1.809219300001132,True,2,03_fixed_2500_baselines/raw_runs.csv
Fixed iteration,Chao,VNS,p7.2.r,0,2500,2500,942.0,1094.0,13.893967093235831,353.2670167849694,54,1.9635068000006868,True,2,03_fixed_2500_baselines/raw_runs.csv
Fixed iteration,Chao,VNS,p7.2.r,1,2500,2500,936.0,1094.0,14.442413162705668,348.4577289153193,54,1.9601753000006283,True,2,03_fixed_2500_baselines/raw_runs.csv
Fixed iteration,Chao,VNS,p7.2.r,2,2500,2500,943.0,1094.0,13.80255941499086,352.94369842030306,55,2.0424687000013364,True,2,03_fixed_2500_baselines/raw_runs.csv
Fixed iteration,Chao,VNS,p7.2.r,3,2500,2500,936.0,1094.0,14.442413162705668,348.4577289153193,54,1.980678900001294,True,2,03_fixed_2500_baselines/raw_runs.csv
Fixed iteration,Chao,VNS,p7.2.s,0,2500,2500,968.0,1136.0,14.788732394366198,376.3108488872072,58,2.159262500001205,True,2,03_fixed_2500_baselines/raw_runs.csv
Fixed iteration,Chao,VNS,p7.2.s,1,2500,2500,965.0,1136.0,15.05281690140845,363.2926433801197,58,2.180458400000134,True,2,03_fixed_2500_baselines/raw_runs.csv
Fixed iteration,Chao,VNS,p7.2.s,2,2500,2500,968.0,1136.0,14.788732394366198,376.3108488872072,58,2.135251300000164,True,2,03_fixed_2500_baselines/raw_runs.csv
Fixed iteration,Chao,VNS,p7.2.s,3,2500,2500,963.0,1136.0,15.22887323943662,364.1656716117062,57,2.1094567000000097,True,2,03_fixed_2500_baselines/raw_runs.csv
Fixed iteration,Chao,VNS,p7.2.t,0,2500,2500,1005.0,1179.0,14.758269720101781,373.5642964049483,59,2.1971255999997084,True,2,03_fixed_2500_baselines/raw_runs.csv
Fixed iteration,Chao,VNS,p7.2.t,1,2500,2500,1018.0,1179.0,13.655640373197626,375.9893812737205,60,2.241169099999752,True,2,03_fixed_2500_baselines/raw_runs.csv
Fixed iteration,Chao,VNS,p7.2.t,2,2500,2500,1005.0,1179.0,14.758269720101781,373.5642964049483,59,2.1919486000006145,True,2,03_fixed_2500_baselines/raw_runs.csv
Fixed iteration,Chao,VNS,p7.2.t,3,2500,2500,1018.0,1179.0,13.655640373197626,375.9893812737205,60,2.219710400000622,True,2,03_fixed_2500_baselines/raw_runs.csv
Fixed iteration,Chao,VNS,p7.3.h,0,2500,2500,390.0,425.0,8.235294117647058,144.93832463823398,22,0.4714929000001575,True,2,03_fixed_2500_baselines/raw_runs.csv
Fixed iteration,Chao,VNS,p7.3.h,1,2500,2500,390.0,425.0,8.235294117647058,144.93832463823398,22,0.4659511000008933,True,2,03_fixed_2500_baselines/raw_runs.csv
Fixed iteration,Chao,VNS,p7.3.h,2,2500,2500,390.0,425.0,8.235294117647058,144.93832463823398,22,0.4613473000008525,True,2,03_fixed_2500_baselines/raw_runs.csv
Fixed iteration,Chao,VNS,p7.3.h,3,2500,2500,390.0,425.0,8.235294117647058,144.93832463823398,22,0.4610973999988346,True,2,03_fixed_2500_baselines/raw_runs.csv
Fixed iteration,Chao,VNS,p7.3.i,0,2500,2500,442.0,487.0,9.240246406570842,166.7227324728142,25,0.534542400000646,True,2,03_fixed_2500_baselines/raw_runs.csv
Fixed iteration,Chao,VNS,p7.3.i,1,2500,2500,442.0,487.0,9.240246406570842,166.7227324728142,25,0.5349031999994622,True,2,03_fixed_2500_baselines/raw_runs.csv
Fixed iteration,Chao,VNS,p7.3.i,2,2500,2500,442.0,487.0,9.240246406570842,166.7227324728142,25,0.5325702999998612,True,2,03_fixed_2500_baselines/raw_runs.csv
Fixed iteration,Chao,VNS,p7.3.i,3,2500,2500,442.0,487.0,9.240246406570842,166.7227324728142,25,0.529137700001229,True,2,03_fixed_2500_baselines/raw_runs.csv
Fixed iteration,Chao,VNS,p7.3.j,0,2500,2500,510.0,564.0,9.574468085106384,186.8180391818288,31,0.7805184999997437,True,2,03_fixed_2500_baselines/raw_runs.csv
Fixed iteration,Chao,VNS,p7.3.j,1,2500,2500,510.0,564.0,9.574468085106384,186.8180391818288,31,0.7762621000001673,True,2,03_fixed_2500_baselines/raw_runs.csv
Fixed iteration,Chao,VNS,p7.3.j,2,2500,2500,510.0,564.0,9.574468085106384,186.8180391818288,31,0.7347465000002558,True,2,03_fixed_2500_baselines/raw_runs.csv
Fixed iteration,Chao,VNS,p7.3.j,3,2500,2500,510.0,564.0,9.574468085106384,186.8180391818288,31,0.745675599999231,True,2,03_fixed_2500_baselines/raw_runs.csv
Fixed iteration,Chao,VNS,p7.3.k,0,2500,2500,541.0,633.0,14.533965244865719,203.99095016458227,36,0.8448392000009335,True,2,03_fixed_2500_baselines/raw_runs.csv
Fixed iteration,Chao,VNS,p7.3.k,1,2500,2500,541.0,633.0,14.533965244865719,203.99095016458227,36,0.8389036000007764,True,2,03_fixed_2500_baselines/raw_runs.csv
Fixed iteration,Chao,VNS,p7.3.k,2,2500,2500,541.0,633.0,14.533965244865719,203.99095016458227,36,0.8396092999992106,True,2,03_fixed_2500_baselines/raw_runs.csv
Fixed iteration,Chao,VNS,p7.3.k,3,2500,2500,541.0,633.0,14.533965244865719,203.99095016458227,36,0.8384019999994052,True,2,03_fixed_2500_baselines/raw_runs.csv
Fixed iteration,Chao,VNS,p7.3.l,0,2500,2500,601.0,684.0,12.134502923976608,221.1853648778574,38,0.8729972000000998,True,2,03_fixed_2500_baselines/raw_runs.csv
Fixed iteration,Chao,VNS,p7.3.l,1,2500,2500,601.0,684.0,12.134502923976608,221.1853648778574,38,0.8853374999998778,True,2,03_fixed_2500_baselines/raw_runs.csv
Fixed iteration,Chao,VNS,p7.3.l,2,2500,2500,601.0,684.0,12.134502923976608,221.1853648778574,38,0.8803191999995761,True,2,03_fixed_2500_baselines/raw_runs.csv
Fixed iteration,Chao,VNS,p7.3.l,3,2500,2500,601.0,684.0,12.134502923976608,221.1853648778574,38,0.8888362999987294,True,2,03_fixed_2500_baselines/raw_runs.csv
Fixed iteration,Chao,VNS,p7.3.m,0,2500,2500,670.0,762.0,12.073490813648293,246.9587428881647,40,0.9215727999999216,True,2,03_fixed_2500_baselines/raw_runs.csv
Fixed iteration,Chao,VNS,p7.3.m,1,2500,2500,670.0,762.0,12.073490813648293,247.32575031118452,40,0.917467500001294,True,2,03_fixed_2500_baselines/raw_runs.csv
Fixed iteration,Chao,VNS,p7.3.m,2,2500,2500,670.0,762.0,12.073490813648293,247.3152806884329,40,0.9214976000002936,True,2,03_fixed_2500_baselines/raw_runs.csv
Fixed iteration,Chao,VNS,p7.3.m,3,2500,2500,670.0,762.0,12.073490813648293,247.3152806884329,40,0.9219275999985256,True,2,03_fixed_2500_baselines/raw_runs.csv
Fixed iteration,Chao,VNS,p7.3.n,0,2500,2500,732.0,820.0,10.731707317073171,263.00250668331154,43,1.2508873999995558,True,2,03_fixed_2500_baselines/raw_runs.csv
Fixed iteration,Chao,VNS,p7.3.n,1,2500,2500,732.0,820.0,10.731707317073171,263.00250668331154,43,1.2492532999985997,True,2,03_fixed_2500_baselines/raw_runs.csv
Fixed iteration,Chao,VNS,p7.3.n,2,2500,2500,732.0,820.0,10.731707317073171,263.30758637837806,43,1.2476004000000105,True,2,03_fixed_2500_baselines/raw_runs.csv
Fixed iteration,Chao,VNS,p7.3.n,3,2500,2500,732.0,820.0,10.731707317073171,263.00250668331154,43,1.2500620999999228,True,2,03_fixed_2500_baselines/raw_runs.csv
Fixed iteration,Chao,VNS,p7.3.o,0,2500,2500,767.0,874.0,12.242562929061785,277.7340906883284,46,1.36307510000006,True,2,03_fixed_2500_baselines/raw_runs.csv
Fixed iteration,Chao,VNS,p7.3.o,1,2500,2500,769.0,874.0,12.013729977116705,276.4613483337492,45,1.307495299999573,True,2,03_fixed_2500_baselines/raw_runs.csv
Fixed iteration,Chao,VNS,p7.3.o,2,2500,2500,767.0,874.0,12.242562929061785,277.7340906883284,46,1.3488906000002316,True,2,03_fixed_2500_baselines/raw_runs.csv
Fixed iteration,Chao,VNS,p7.3.o,3,2500,2500,768.0,874.0,12.128146453089245,288.0996261139171,44,1.291614899999331,True,2,03_fixed_2500_baselines/raw_runs.csv
Fixed iteration,Chao,VNS,p7.3.p,0,2500,2500,799.0,929.0,13.993541442411194,300.16826555777726,47,1.3726655999998911,True,2,03_fixed_2500_baselines/raw_runs.csv
Fixed iteration,Chao,VNS,p7.3.p,1,2500,2500,821.0,929.0,11.625403659849301,306.9244391225258,46,1.3471642000004067,True,2,03_fixed_2500_baselines/raw_runs.csv
Fixed iteration,Chao,VNS,p7.3.p,2,2500,2500,821.0,929.0,11.625403659849301,306.9244391225258,46,1.341074899999512,True,2,03_fixed_2500_baselines/raw_runs.csv
Fixed iteration,Chao,VNS,p7.3.p,3,2500,2500,824.0,929.0,11.302475780409042,305.662693902373,47,1.3605512000012825,True,2,03_fixed_2500_baselines/raw_runs.csv
Fixed iteration,Chao,VNS,p7.3.q,0,2500,2500,872.0,987.0,11.651469098277609,331.5165799507778,49,1.4221142000005784,True,2,03_fixed_2500_baselines/raw_runs.csv
Fixed iteration,Chao,VNS,p7.3.q,1,2500,2500,872.0,987.0,11.651469098277609,330.1155118076437,49,1.41965540000092,True,2,03_fixed_2500_baselines/raw_runs.csv
Fixed iteration,Chao,VNS,p7.3.q,2,2500,2500,872.0,987.0,11.651469098277609,331.5165799507778,49,1.4398681000002398,True,2,03_fixed_2500_baselines/raw_runs.csv
Fixed iteration,Chao,VNS,p7.3.q,3,2500,2500,872.0,987.0,11.651469098277609,331.5165799507778,49,1.437354100000448,True,2,03_fixed_2500_baselines/raw_runs.csv
Fixed iteration,Chao,VNS,p7.3.r,0,2500,2500,831.0,1026.0,19.005847953216374,348.9517947616209,49,1.4493840999984968,True,2,03_fixed_2500_baselines/raw_runs.csv
Fixed iteration,Chao,VNS,p7.3.r,1,2500,2500,831.0,1026.0,19.005847953216374,348.9517947616209,49,1.4464031999996223,True,2,03_fixed_2500_baselines/raw_runs.csv
Fixed iteration,Chao,VNS,p7.3.r,2,2500,2500,809.0,1026.0,21.15009746588694,338.5657538150166,50,1.5051849999999831,True,2,03_fixed_2500_baselines/raw_runs.csv
Fixed iteration,Chao,VNS,p7.3.r,3,2500,2500,831.0,1026.0,19.005847953216374,348.9517947616209,49,1.4622639000008348,True,2,03_fixed_2500_baselines/raw_runs.csv
Fixed iteration,Chao,VNS,p7.3.s,0,2500,2500,851.0,1081.0,21.27659574468085,363.342218037805,54,1.8818042000002608,True,2,03_fixed_2500_baselines/raw_runs.csv
Fixed iteration,Chao,VNS,p7.3.s,1,2500,2500,851.0,1081.0,21.27659574468085,363.342218037805,54,1.8750584999997957,True,2,03_fixed_2500_baselines/raw_runs.csv
Fixed iteration,Chao,VNS,p7.3.s,2,2500,2500,851.0,1081.0,21.27659574468085,363.342218037805,54,1.862864999999147,True,2,03_fixed_2500_baselines/raw_runs.csv
Fixed iteration,Chao,VNS,p7.3.s,3,2500,2500,851.0,1081.0,21.27659574468085,363.342218037805,54,1.844062099999064,True,2,03_fixed_2500_baselines/raw_runs.csv
Fixed iteration,Chao,VNS,p7.3.t,0,2500,2500,963.0,1120.0,14.017857142857142,389.2696421777395,58,1.9929441000003865,True,2,03_fixed_2500_baselines/raw_runs.csv
Fixed iteration,Chao,VNS,p7.3.t,1,2500,2500,964.0,1120.0,13.928571428571429,391.1220615430767,59,2.0575947999986965,True,2,03_fixed_2500_baselines/raw_runs.csv
Fixed iteration,Chao,VNS,p7.3.t,2,2500,2500,941.0,1120.0,15.982142857142858,383.2447807054243,57,1.950179699999353,True,2,03_fixed_2500_baselines/raw_runs.csv
Fixed iteration,Chao,VNS,p7.3.t,3,2500,2500,937.0,1120.0,16.339285714285715,379.48097333774376,58,1.9930898999991769,True,2,03_fixed_2500_baselines/raw_runs.csv
Fixed iteration,Chao,VNS,p7.4.g,0,2500,2500,187.0,217.0,13.824884792626728,107.97115965679852,12,0.2956393999993452,True,2,03_fixed_2500_baselines/raw_runs.csv
Fixed iteration,Chao,VNS,p7.4.g,1,2500,2500,187.0,217.0,13.824884792626728,108.98529553679148,12,0.2951561000008951,True,2,03_fixed_2500_baselines/raw_runs.csv
Fixed iteration,Chao,VNS,p7.4.g,2,2500,2500,187.0,217.0,13.824884792626728,107.97115965679852,12,0.2961785000006784,True,2,03_fixed_2500_baselines/raw_runs.csv
Fixed iteration,Chao,VNS,p7.4.g,3,2500,2500,187.0,217.0,13.824884792626728,107.97115965679852,12,0.2936878000000433,True,2,03_fixed_2500_baselines/raw_runs.csv
Fixed iteration,Chao,VNS,p7.4.h,0,2500,2500,259.0,285.0,9.12280701754386,146.58439802159165,15,0.3207112000000052,True,2,03_fixed_2500_baselines/raw_runs.csv
Fixed iteration,Chao,VNS,p7.4.h,1,2500,2500,259.0,285.0,9.12280701754386,146.58439802159165,15,0.3196625000000495,True,2,03_fixed_2500_baselines/raw_runs.csv
Fixed iteration,Chao,VNS,p7.4.h,2,2500,2500,259.0,285.0,9.12280701754386,146.58439802159165,15,0.3204884999995556,True,2,03_fixed_2500_baselines/raw_runs.csv
Fixed iteration,Chao,VNS,p7.4.h,3,2500,2500,259.0,285.0,9.12280701754386,146.58439802159165,15,0.3188265000007959,True,2,03_fixed_2500_baselines/raw_runs.csv
Fixed iteration,Chao,VNS,p7.4.i,0,2500,2500,338.0,366.0,7.6502732240437155,172.7826311836675,20,0.4013097000006382,True,2,03_fixed_2500_baselines/raw_runs.csv
Fixed iteration,Chao,VNS,p7.4.i,1,2500,2500,338.0,366.0,7.6502732240437155,172.7826311836675,20,0.3913341999996191,True,2,03_fixed_2500_baselines/raw_runs.csv
Fixed iteration,Chao,VNS,p7.4.i,2,2500,2500,338.0,366.0,7.6502732240437155,172.7826311836675,20,0.3776866999996855,True,2,03_fixed_2500_baselines/raw_runs.csv
Fixed iteration,Chao,VNS,p7.4.i,3,2500,2500,338.0,366.0,7.6502732240437155,172.7826311836675,20,0.3758718999997654,True,2,03_fixed_2500_baselines/raw_runs.csv
Fixed iteration,Chao,VNS,p7.4.k,0,2500,2500,462.0,520.0,11.153846153846153,199.07040840360395,29,0.6219320999989577,True,2,03_fixed_2500_baselines/raw_runs.csv
Fixed iteration,Chao,VNS,p7.4.k,1,2500,2500,462.0,520.0,11.153846153846153,199.07040840360395,29,0.6229987999995501,True,2,03_fixed_2500_baselines/raw_runs.csv
Fixed iteration,Chao,VNS,p7.4.k,2,2500,2500,462.0,520.0,11.153846153846153,199.07040840360395,29,0.6168698000001314,True,2,03_fixed_2500_baselines/raw_runs.csv
Fixed iteration,Chao,VNS,p7.4.k,3,2500,2500,462.0,520.0,11.153846153846153,199.07040840360395,29,0.6166131000009045,True,2,03_fixed_2500_baselines/raw_runs.csv
Fixed iteration,Chao,VNS,p7.4.l,0,2500,2500,519.0,590.0,12.033898305084746,222.759798409554,32,0.745124000000942,True,2,03_fixed_2500_baselines/raw_runs.csv
Fixed iteration,Chao,VNS,p7.4.l,1,2500,2500,519.0,590.0,12.033898305084746,222.759798409554,32,0.7481869000002916,True,2,03_fixed_2500_baselines/raw_runs.csv
Fixed iteration,Chao,VNS,p7.4.l,2,2500,2500,519.0,590.0,12.033898305084746,222.759798409554,32,0.7395879999985482,True,2,03_fixed_2500_baselines/raw_runs.csv
Fixed iteration,Chao,VNS,p7.4.l,3,2500,2500,519.0,590.0,12.033898305084746,222.759798409554,32,0.7404035999988992,True,2,03_fixed_2500_baselines/raw_runs.csv
Fixed iteration,Chao,VNS,p7.4.m,0,2500,2500,563.0,646.0,12.84829721362229,237.8022731595026,34,0.8166899000007106,True,2,03_fixed_2500_baselines/raw_runs.csv
Fixed iteration,Chao,VNS,p7.4.m,1,2500,2500,563.0,646.0,12.84829721362229,238.19623146651196,34,0.8160910999995394,True,2,03_fixed_2500_baselines/raw_runs.csv
Fixed iteration,Chao,VNS,p7.4.m,2,2500,2500,563.0,646.0,12.84829721362229,237.8022731595026,34,0.8055175000008603,True,2,03_fixed_2500_baselines/raw_runs.csv
Fixed iteration,Chao,VNS,p7.4.m,3,2500,2500,563.0,646.0,12.84829721362229,237.8022731595026,34,0.8131355000004987,True,2,03_fixed_2500_baselines/raw_runs.csv
Fixed iteration,Chao,VNS,p7.4.n,0,2500,2500,607.0,730.0,16.84931506849315,252.7953532079885,38,0.9033039000005374,True,2,03_fixed_2500_baselines/raw_runs.csv
Fixed iteration,Chao,VNS,p7.4.n,1,2500,2500,607.0,730.0,16.84931506849315,252.7953532079885,38,0.8989138999986608,True,2,03_fixed_2500_baselines/raw_runs.csv
Fixed iteration,Chao,VNS,p7.4.n,2,2500,2500,607.0,730.0,16.84931506849315,251.8954810727765,38,0.8830462000005355,True,2,03_fixed_2500_baselines/raw_runs.csv
Fixed iteration,Chao,VNS,p7.4.n,3,2500,2500,607.0,730.0,16.84931506849315,253.3228400543886,38,0.9020866999999272,True,2,03_fixed_2500_baselines/raw_runs.csv
Fixed iteration,Chao,VNS,p7.4.o,0,2500,2500,662.0,781.0,15.236875800256081,274.4451931067624,41,1.2488811000002895,True,2,03_fixed_2500_baselines/raw_runs.csv
Fixed iteration,Chao,VNS,p7.4.o,1,2500,2500,662.0,781.0,15.236875800256081,274.4451931067624,41,1.252259299999423,True,2,03_fixed_2500_baselines/raw_runs.csv
Fixed iteration,Chao,VNS,p7.4.o,2,2500,2500,662.0,781.0,15.236875800256081,274.4451931067624,41,1.2488689999991038,True,2,03_fixed_2500_baselines/raw_runs.csv
Fixed iteration,Chao,VNS,p7.4.o,3,2500,2500,662.0,781.0,15.236875800256081,274.4451931067624,41,1.2490256000000954,True,2,03_fixed_2500_baselines/raw_runs.csv
Fixed iteration,Chao,VNS,p7.4.p,0,2500,2500,730.0,846.0,13.711583924349881,300.8255790186477,43,1.2955579000008584,True,2,03_fixed_2500_baselines/raw_runs.csv
Fixed iteration,Chao,VNS,p7.4.p,1,2500,2500,730.0,846.0,13.711583924349881,300.8255790186477,43,1.2962385999999242,True,2,03_fixed_2500_baselines/raw_runs.csv
Fixed iteration,Chao,VNS,p7.4.p,2,2500,2500,730.0,846.0,13.711583924349881,300.8255790186477,43,1.292199299999993,True,2,03_fixed_2500_baselines/raw_runs.csv
Fixed iteration,Chao,VNS,p7.4.p,3,2500,2500,730.0,846.0,13.711583924349881,301.0763440216531,43,1.3010599999997794,True,2,03_fixed_2500_baselines/raw_runs.csv
Fixed iteration,Chao,VNS,p7.4.q,0,2500,2500,777.0,909.0,14.521452145214521,319.0538538786178,47,1.374346399999922,True,2,03_fixed_2500_baselines/raw_runs.csv
Fixed iteration,Chao,VNS,p7.4.q,1,2500,2500,777.0,909.0,14.521452145214521,319.0538538786178,47,1.3698969000015495,True,2,03_fixed_2500_baselines/raw_runs.csv
Fixed iteration,Chao,VNS,p7.4.q,2,2500,2500,777.0,909.0,14.521452145214521,321.4435577610813,47,1.398175899999842,True,2,03_fixed_2500_baselines/raw_runs.csv
Fixed iteration,Chao,VNS,p7.4.q,3,2500,2500,777.0,909.0,14.521452145214521,319.0538538786178,47,1.389214799999536,True,2,03_fixed_2500_baselines/raw_runs.csv
Fixed iteration,Chao,VNS,p7.4.r,0,2500,2500,867.0,970.0,10.618556701030927,331.78969634146324,49,1.4459329000001162,True,2,03_fixed_2500_baselines/raw_runs.csv
Fixed iteration,Chao,VNS,p7.4.r,1,2500,2500,867.0,970.0,10.618556701030927,331.78969634146324,49,1.447979500000656,True,2,03_fixed_2500_baselines/raw_runs.csv
Fixed iteration,Chao,VNS,p7.4.r,2,2500,2500,867.0,970.0,10.618556701030927,331.78969634146324,49,1.464786099999401,True,2,03_fixed_2500_baselines/raw_runs.csv
Fixed iteration,Chao,VNS,p7.4.r,3,2500,2500,867.0,970.0,10.618556701030927,331.78969634146324,49,1.4554671000005328,True,2,03_fixed_2500_baselines/raw_runs.csv
Fixed iteration,Chao,VNS,p7.4.s,0,2500,2500,912.0,1022.0,10.76320939334638,351.0852756784347,53,1.8006499000002805,True,2,03_fixed_2500_baselines/raw_runs.csv
Fixed iteration,Chao,VNS,p7.4.s,1,2500,2500,905.0,1022.0,11.448140900195694,348.0230179301361,53,1.809046900001704,True,2,03_fixed_2500_baselines/raw_runs.csv
Fixed iteration,Chao,VNS,p7.4.s,2,2500,2500,912.0,1022.0,10.76320939334638,351.0852756784347,53,1.7876763000003848,True,2,03_fixed_2500_baselines/raw_runs.csv
Fixed iteration,Chao,VNS,p7.4.s,3,2500,2500,905.0,1022.0,11.448140900195694,348.0230179301361,53,1.8047586000011504,True,2,03_fixed_2500_baselines/raw_runs.csv
Fixed iteration,Chao,VNS,p7.4.t,0,2500,2500,974.0,1077.0,9.563602599814299,393.15944384526506,55,1.8512553999989905,True,2,03_fixed_2500_baselines/raw_runs.csv
Fixed iteration,Chao,VNS,p7.4.t,1,2500,2500,974.0,1077.0,9.563602599814299,392.8543641501985,55,1.8609130999993797,True,2,03_fixed_2500_baselines/raw_runs.csv
Fixed iteration,Chao,VNS,p7.4.t,2,2500,2500,975.0,1077.0,9.470752089136491,393.1473971733696,56,1.898441700001058,True,2,03_fixed_2500_baselines/raw_runs.csv
Fixed iteration,Chao,VNS,p7.4.t,3,2500,2500,975.0,1077.0,9.470752089136491,393.1473971733696,56,1.8937619999996969,True,2,03_fixed_2500_baselines/raw_runs.csv
Fixed iteration,Dang,Ejection OFF,bier127_gen1_m2,0,2500,2500,105.0,106.0,0.9433962264150944,58483.47136869159,,9.743180099998426,True,2,02_fixed_2500_ejection_on_off/ejection_benchmark_20260807T133630Z.json
Fixed iteration,Dang,Ejection OFF,bier127_gen1_m2,1,2500,2500,104.0,106.0,1.8867924528301887,58082.79631283715,,9.499953099999402,True,2,02_fixed_2500_ejection_on_off/ejection_benchmark_20260807T133630Z.json
Fixed iteration,Dang,Ejection OFF,bier127_gen1_m2,2,2500,2500,104.0,106.0,1.8867924528301887,57583.57713721444,,9.819449200000236,True,2,02_fixed_2500_ejection_on_off/ejection_benchmark_20260807T133630Z.json
Fixed iteration,Dang,Ejection OFF,bier127_gen1_m2,3,2500,2500,104.0,106.0,1.8867924528301887,58072.104891403156,,10.171090899999399,True,2,02_fixed_2500_ejection_on_off/ejection_benchmark_20260807T133630Z.json
Fixed iteration,Dang,Ejection OFF,bier127_gen1_m3,0,2500,2500,101.0,103.0,1.941747572815534,57527.89847081743,,8.938238200000342,True,2,02_fixed_2500_ejection_on_off/ejection_benchmark_20260807T133630Z.json
Fixed iteration,Dang,Ejection OFF,bier127_gen1_m3,1,2500,2500,101.0,103.0,1.941747572815534,55105.114910989185,,8.755270900001051,True,2,02_fixed_2500_ejection_on_off/ejection_benchmark_20260807T133630Z.json
Fixed iteration,Dang,Ejection OFF,bier127_gen1_m3,2,2500,2500,101.0,103.0,1.941747572815534,57017.804132868325,,8.652084999997896,True,2,02_fixed_2500_ejection_on_off/ejection_benchmark_20260807T133630Z.json
Fixed iteration,Dang,Ejection OFF,bier127_gen1_m3,3,2500,2500,101.0,103.0,1.941747572815534,57143.59538587801,,8.706494300000486,True,2,02_fixed_2500_ejection_on_off/ejection_benchmark_20260807T133630Z.json
Fixed iteration,Dang,Ejection OFF,bier127_gen2_m2,0,2500,2500,5387.0,5464.0,1.4092240117130308,58994.38735801757,,15.755712800000765,True,2,02_fixed_2500_ejection_on_off/ejection_benchmark_20260807T133630Z.json
Fixed iteration,Dang,Ejection OFF,bier127_gen2_m2,1,2500,2500,5395.0,5464.0,1.2628111273792093,58699.83439912429,,19.38801319999766,True,2,02_fixed_2500_ejection_on_off/ejection_benchmark_20260807T133630Z.json
Fixed iteration,Dang,Ejection OFF,bier127_gen2_m2,2,2500,2500,5383.0,5464.0,1.4824304538799415,59070.612688043286,,16.7970705000007,True,2,02_fixed_2500_ejection_on_off/ejection_benchmark_20260807T133630Z.json
Fixed iteration,Dang,Ejection OFF,bier127_gen2_m2,3,2500,2500,5392.0,5464.0,1.3177159590043923,58976.830831014246,,17.882731599998806,True,2,02_fixed_2500_ejection_on_off/ejection_benchmark_20260807T133630Z.json
Fixed iteration,Dang,Ejection OFF,bier127_gen2_m3,0,2500,2500,5111.0,5393.0,5.229000556276655,58987.3584235344,,9.946617099998548,True,2,02_fixed_2500_ejection_on_off/ejection_benchmark_20260807T133630Z.json
Fixed iteration,Dang,Ejection OFF,bier127_gen2_m3,1,2500,2500,5089.0,5393.0,5.636936769886891,58371.31155542632,,10.623017299996718,True,2,02_fixed_2500_ejection_on_off/ejection_benchmark_20260807T133630Z.json
Fixed iteration,Dang,Ejection OFF,bier127_gen2_m3,2,2500,2500,5091.0,5393.0,5.599851659558687,58457.816545677895,,10.085123400000157,True,2,02_fixed_2500_ejection_on_off/ejection_benchmark_20260807T133630Z.json
Fixed iteration,Dang,Ejection OFF,bier127_gen2_m3,3,2500,2500,5099.0,5393.0,5.451511218245875,58340.6579470172,,10.40959490000023,True,2,02_fixed_2500_ejection_on_off/ejection_benchmark_20260807T133630Z.json
Fixed iteration,Dang,Ejection OFF,bier127_gen2_m4,0,2500,2500,4969.0,5123.0,3.0060511419090377,58456.33681236497,,9.402970499999356,True,2,02_fixed_2500_ejection_on_off/ejection_benchmark_20260807T133630Z.json
Fixed iteration,Dang,Ejection OFF,bier127_gen2_m4,1,2500,2500,5021.0,5123.0,1.9910208861994925,58904.30116887316,,8.732632300001569,True,2,02_fixed_2500_ejection_on_off/ejection_benchmark_20260807T133630Z.json
Fixed iteration,Dang,Ejection OFF,bier127_gen2_m4,2,2500,2500,5003.0,5123.0,2.3423775131758737,58743.71008359999,,7.997025200002099,True,2,02_fixed_2500_ejection_on_off/ejection_benchmark_20260807T133630Z.json
Fixed iteration,Dang,Ejection OFF,bier127_gen2_m4,3,2500,2500,5043.0,5123.0,1.5615850087839156,58304.24845380132,,8.503235000000132,True,2,02_fixed_2500_ejection_on_off/ejection_benchmark_20260807T133630Z.json
Fixed iteration,Dang,Ejection OFF,bier127_gen3_m2,0,2500,2500,2768.0,2885.0,4.055459272097054,59041.345231735875,,21.194457199999306,True,2,02_fixed_2500_ejection_on_off/ejection_benchmark_20260807T133630Z.json
Fixed iteration,Dang,Ejection OFF,bier127_gen3_m2,1,2500,2500,2602.0,2885.0,9.809358752166379,58950.130455555205,,35.38102799999979,True,2,02_fixed_2500_ejection_on_off/ejection_benchmark_20260807T133630Z.json
Fixed iteration,Dang,Ejection OFF,bier127_gen3_m2,2,2500,2500,2774.0,2885.0,3.847487001733102,58679.6648323146,,29.095345499998075,True,2,02_fixed_2500_ejection_on_off/ejection_benchmark_20260807T133630Z.json
Fixed iteration,Dang,Ejection OFF,bier127_gen3_m2,3,2500,2500,2749.0,2885.0,4.714038128249567,58746.44893569655,,26.99918819999948,True,2,02_fixed_2500_ejection_on_off/ejection_benchmark_20260807T133630Z.json
Fixed iteration,Dang,Ejection OFF,bier127_gen3_m3,0,2500,2500,2653.0,2706.0,1.958610495195861,59014.575818612226,,17.019831600002362,True,2,02_fixed_2500_ejection_on_off/ejection_benchmark_20260807T133630Z.json
Fixed iteration,Dang,Ejection OFF,bier127_gen3_m3,1,2500,2500,2649.0,2706.0,2.106430155210643,58567.08956398809,,12.817107800001395,True,2,02_fixed_2500_ejection_on_off/ejection_benchmark_20260807T133630Z.json
Fixed iteration,Dang,Ejection OFF,bier127_gen3_m3,2,2500,2500,2702.0,2706.0,0.14781966001478197,59038.570038646605,,16.042093000000023,True,2,02_fixed_2500_ejection_on_off/ejection_benchmark_20260807T133630Z.json
Fixed iteration,Dang,Ejection OFF,bier127_gen3_m3,3,2500,2500,2659.0,2706.0,1.736881005173688,58911.327501577616,,11.91506440000012,True,2,02_fixed_2500_ejection_on_off/ejection_benchmark_20260807T133630Z.json
Fixed iteration,Dang,Ejection OFF,bier127_gen3_m4,0,2500,2500,2326.0,2402.0,3.164029975020816,58393.353581378025,,12.322003900000709,True,2,02_fixed_2500_ejection_on_off/ejection_benchmark_20260807T133630Z.json
Fixed iteration,Dang,Ejection OFF,bier127_gen3_m4,1,2500,2500,2329.0,2402.0,3.039134054954205,58679.1824635986,,11.864621200002148,True,2,02_fixed_2500_ejection_on_off/ejection_benchmark_20260807T133630Z.json
Fixed iteration,Dang,Ejection OFF,bier127_gen3_m4,2,2500,2500,2372.0,2402.0,1.2489592006661117,58484.45317309312,,13.492019000001164,True,2,02_fixed_2500_ejection_on_off/ejection_benchmark_20260807T133630Z.json
Fixed iteration,Dang,Ejection OFF,bier127_gen3_m4,3,2500,2500,2251.0,2402.0,6.286427976686095,58806.51465243742,,12.210776100000658,True,2,02_fixed_2500_ejection_on_off/ejection_benchmark_20260807T133630Z.json
Fixed iteration,Dang,Ejection OFF,cmt101c_m3,0,2500,2500,1270.0,1300.0,2.3076923076923075,371.475903725839,,5.105677800002013,True,2,02_fixed_2500_ejection_on_off/ejection_benchmark_20260807T133630Z.json
Fixed iteration,Dang,Ejection OFF,cmt101c_m3,1,2500,2500,1260.0,1300.0,3.076923076923077,372.5421947961339,,5.117249700000684,True,2,02_fixed_2500_ejection_on_off/ejection_benchmark_20260807T133630Z.json
Fixed iteration,Dang,Ejection OFF,cmt101c_m3,2,2500,2500,1270.0,1300.0,2.3076923076923075,375.96516482801366,,5.510836299999937,True,2,02_fixed_2500_ejection_on_off/ejection_benchmark_20260807T133630Z.json
Fixed iteration,Dang,Ejection OFF,cmt101c_m3,3,2500,2500,1270.0,1300.0,2.3076923076923075,371.5101678759631,,5.09099100000094,True,2,02_fixed_2500_ejection_on_off/ejection_benchmark_20260807T133630Z.json
Fixed iteration,Dang,Ejection OFF,cmt151b_m3,0,2500,2500,1368.0,1385.0,1.227436823104693,346.5206565373156,,9.555960500001675,True,2,02_fixed_2500_ejection_on_off/ejection_benchmark_20260807T133630Z.json
Fixed iteration,Dang,Ejection OFF,cmt151b_m3,1,2500,2500,1367.0,1385.0,1.2996389891696751,347.02321152548575,,9.287396299998363,True,2,02_fixed_2500_ejection_on_off/ejection_benchmark_20260807T133630Z.json
Fixed iteration,Dang,Ejection OFF,cmt151b_m3,2,2500,2500,1373.0,1385.0,0.8664259927797834,347.12075889400717,,8.838089400000172,True,2,02_fixed_2500_ejection_on_off/ejection_benchmark_20260807T133630Z.json
Fixed iteration,Dang,Ejection OFF,cmt151b_m3,3,2500,2500,1354.0,1385.0,2.2382671480144403,346.47969024478664,,9.741476399998646,True,2,02_fixed_2500_ejection_on_off/ejection_benchmark_20260807T133630Z.json
Fixed iteration,Dang,Ejection OFF,cmt151c_m2,0,2500,2500,1940.0,1964.0,1.2219959266802445,523.3611390175997,,14.938754200000403,True,2,02_fixed_2500_ejection_on_off/ejection_benchmark_20260807T133630Z.json
Fixed iteration,Dang,Ejection OFF,cmt151c_m2,1,2500,2500,1930.0,1964.0,1.7311608961303462,524.3713575087947,,15.217297700000927,True,2,02_fixed_2500_ejection_on_off/ejection_benchmark_20260807T133630Z.json
Fixed iteration,Dang,Ejection OFF,cmt151c_m2,2,2500,2500,1930.0,1964.0,1.7311608961303462,522.4378244994903,,15.500158400001965,True,2,02_fixed_2500_ejection_on_off/ejection_benchmark_20260807T133630Z.json
Fixed iteration,Dang,Ejection OFF,cmt151c_m2,3,2500,2500,1898.0,1964.0,3.360488798370672,523.7047060890233,,15.856180699996912,True,2,02_fixed_2500_ejection_on_off/ejection_benchmark_20260807T133630Z.json
Fixed iteration,Dang,Ejection OFF,cmt151c_m3,0,2500,2500,1889.0,1916.0,1.4091858037578289,523.4066566548152,,11.960337700002128,True,2,02_fixed_2500_ejection_on_off/ejection_benchmark_20260807T133630Z.json
Fixed iteration,Dang,Ejection OFF,cmt151c_m3,1,2500,2500,1893.0,1916.0,1.2004175365344467,523.4254346353962,,11.468183100001625,True,2,02_fixed_2500_ejection_on_off/ejection_benchmark_20260807T133630Z.json
Fixed iteration,Dang,Ejection OFF,cmt151c_m3,2,2500,2500,1871.0,1916.0,2.348643006263048,523.9653947440073,,10.912795000000187,True,2,02_fixed_2500_ejection_on_off/ejection_benchmark_20260807T133630Z.json
Fixed iteration,Dang,Ejection OFF,cmt151c_m3,3,2500,2500,1885.0,1916.0,1.6179540709812108,524.1402651384291,,11.686917700000777,True,2,02_fixed_2500_ejection_on_off/ejection_benchmark_20260807T133630Z.json
Fixed iteration,Dang,Ejection OFF,cmt151c_m4,0,2500,2500,1769.0,1880.0,5.904255319148936,521.7600602974294,,9.850934800000687,True,2,02_fixed_2500_ejection_on_off/ejection_benchmark_20260807T133630Z.json
Fixed iteration,Dang,Ejection OFF,cmt151c_m4,1,2500,2500,1824.0,1880.0,2.978723404255319,518.8103570575583,,9.972443600003317,True,2,02_fixed_2500_ejection_on_off/ejection_benchmark_20260807T133630Z.json
Fixed iteration,Dang,Ejection OFF,cmt151c_m4,2,2500,2500,1861.0,1880.0,1.0106382978723405,521.50099636811,,10.154623300000821,True,2,02_fixed_2500_ejection_on_off/ejection_benchmark_20260807T133630Z.json
Fixed iteration,Dang,Ejection OFF,cmt151c_m4,3,2500,2500,1815.0,1880.0,3.4574468085106385,522.4351122280336,,9.973742599999241,True,2,02_fixed_2500_ejection_on_off/ejection_benchmark_20260807T133630Z.json
Fixed iteration,Dang,Ejection OFF,cmt200b_m2,0,2500,2500,2014.0,2096.0,3.9122137404580153,381.4349567690304,,26.933466499998758,True,2,02_fixed_2500_ejection_on_off/ejection_benchmark_20260807T133630Z.json
Fixed iteration,Dang,Ejection OFF,cmt200b_m2,1,2500,2500,2031.0,2096.0,3.101145038167939,381.6589195502776,,20.953355300000112,True,2,02_fixed_2500_ejection_on_off/ejection_benchmark_20260807T133630Z.json
Fixed iteration,Dang,Ejection OFF,cmt200b_m2,2,2500,2500,1978.0,2096.0,5.629770992366412,380.83987930353567,,25.947034600001643,True,2,02_fixed_2500_ejection_on_off/ejection_benchmark_20260807T133630Z.json
Fixed iteration,Dang,Ejection OFF,cmt200b_m2,3,2500,2500,2002.0,2096.0,4.484732824427481,380.9525528116601,,24.69408900000053,True,2,02_fixed_2500_ejection_on_off/ejection_benchmark_20260807T133630Z.json
Fixed iteration,Dang,Ejection OFF,cmt200b_m3,0,2500,2500,1903.0,2019.0,5.745418524021793,381.4934795414608,,16.155475999999908,True,2,02_fixed_2500_ejection_on_off/ejection_benchmark_20260807T133630Z.json
Fixed iteration,Dang,Ejection OFF,cmt200b_m3,1,2500,2500,1911.0,2019.0,5.349182763744428,380.0187777174067,,15.63715779999984,True,2,02_fixed_2500_ejection_on_off/ejection_benchmark_20260807T133630Z.json
Fixed iteration,Dang,Ejection OFF,cmt200b_m3,2,2500,2500,1871.0,2019.0,7.330361565131253,380.52211378483895,,15.735966300002474,True,2,02_fixed_2500_ejection_on_off/ejection_benchmark_20260807T133630Z.json
Fixed iteration,Dang,Ejection OFF,cmt200b_m3,3,2500,2500,1847.0,2019.0,8.519068845963348,380.8578531699443,,15.624626299999363,True,2,02_fixed_2500_ejection_on_off/ejection_benchmark_20260807T133630Z.json
Fixed iteration,Dang,Ejection OFF,cmt200b_m4,0,2500,2500,1850.0,1894.0,2.3231256599788805,379.6452547756544,,15.313234299999749,True,2,02_fixed_2500_ejection_on_off/ejection_benchmark_20260807T133630Z.json
Fixed iteration,Dang,Ejection OFF,cmt200b_m4,1,2500,2500,1782.0,1894.0,5.913410770855332,381.03480796634614,,11.552545099999406,True,2,02_fixed_2500_ejection_on_off/ejection_benchmark_20260807T133630Z.json
Fixed iteration,Dang,Ejection OFF,cmt200b_m4,2,2500,2500,1735.0,1894.0,8.39493136219641,379.1054197529573,,13.244059800003015,True,2,02_fixed_2500_ejection_on_off/ejection_benchmark_20260807T133630Z.json
Fixed iteration,Dang,Ejection OFF,cmt200b_m4,3,2500,2500,1788.0,1894.0,5.59662090813094,380.0905904531928,,13.45388710000043,True,2,02_fixed_2500_ejection_on_off/ejection_benchmark_20260807T133630Z.json
Fixed iteration,Dang,Ejection OFF,cmt200c_m2,0,2500,2500,2694.0,2818.0,4.4002838892831795,572.5912051820792,,33.30125910000061,True,2,02_fixed_2500_ejection_on_off/ejection_benchmark_20260807T133630Z.json
Fixed iteration,Dang,Ejection OFF,cmt200c_m2,1,2500,2500,2725.0,2818.0,3.300212916962385,571.8831415756501,,32.2555360999977,True,2,02_fixed_2500_ejection_on_off/ejection_benchmark_20260807T133630Z.json
Fixed iteration,Dang,Ejection OFF,cmt200c_m2,2,2500,2500,2743.0,2818.0,2.6614620298083747,571.5227253809064,,34.201822200000606,True,2,02_fixed_2500_ejection_on_off/ejection_benchmark_20260807T133630Z.json
Fixed iteration,Dang,Ejection OFF,cmt200c_m2,3,2500,2500,2737.0,2818.0,2.8743789921930447,571.9631611122339,,33.08693560000029,True,2,02_fixed_2500_ejection_on_off/ejection_benchmark_20260807T133630Z.json
Fixed iteration,Dang,Ejection OFF,cmt200c_m3,0,2500,2500,2699.0,2766.0,2.4222704266088213,571.4940381045021,,22.19444830000066,True,2,02_fixed_2500_ejection_on_off/ejection_benchmark_20260807T133630Z.json
Fixed iteration,Dang,Ejection OFF,cmt200c_m3,1,2500,2500,2620.0,2766.0,5.278380332610268,570.641997434811,,21.59125199999835,True,2,02_fixed_2500_ejection_on_off/ejection_benchmark_20260807T133630Z.json
Fixed iteration,Dang,Ejection OFF,cmt200c_m3,2,2500,2500,2657.0,2766.0,3.940708604483008,569.186319181432,,22.329444999999396,True,2,02_fixed_2500_ejection_on_off/ejection_benchmark_20260807T133630Z.json
Fixed iteration,Dang,Ejection OFF,cmt200c_m3,3,2500,2500,2690.0,2766.0,2.74765003615329,572.3941177602542,,20.919170799999847,True,2,02_fixed_2500_ejection_on_off/ejection_benchmark_20260807T133630Z.json
Fixed iteration,Dang,Ejection OFF,cmt200c_m4,0,2500,2500,2632.0,2712.0,2.949852507374631,570.8981574910623,,20.001758499998687,True,2,02_fixed_2500_ejection_on_off/ejection_benchmark_20260807T133630Z.json
Fixed iteration,Dang,Ejection OFF,cmt200c_m4,1,2500,2500,2636.0,2712.0,2.8023598820059,571.3768478925156,,17.919380700001057,True,2,02_fixed_2500_ejection_on_off/ejection_benchmark_20260807T133630Z.json
Fixed iteration,Dang,Ejection OFF,cmt200c_m4,2,2500,2500,2680.0,2712.0,1.1799410029498525,569.1565664829137,,18.99695999999676,True,2,02_fixed_2500_ejection_on_off/ejection_benchmark_20260807T133630Z.json
Fixed iteration,Dang,Ejection OFF,cmt200c_m4,3,2500,2500,2625.0,2712.0,3.2079646017699117,570.2187496871754,,20.67961529999957,True,2,02_fixed_2500_ejection_on_off/ejection_benchmark_20260807T133630Z.json
Fixed iteration,Dang,Ejection OFF,eil101b_m3,0,2500,2500,897.0,916.0,2.074235807860262,314.43786701989535,,3.9139992000018538,True,2,02_fixed_2500_ejection_on_off/ejection_benchmark_20260807T133630Z.json
Fixed iteration,Dang,Ejection OFF,eil101b_m3,1,2500,2500,901.0,916.0,1.6375545851528384,312.4812885463692,,4.07518329999948,True,2,02_fixed_2500_ejection_on_off/ejection_benchmark_20260807T133630Z.json
Fixed iteration,Dang,Ejection OFF,eil101b_m3,2,2500,2500,860.0,916.0,6.11353711790393,311.8534474446315,,3.9263068000000203,True,2,02_fixed_2500_ejection_on_off/ejection_benchmark_20260807T133630Z.json
Fixed iteration,Dang,Ejection OFF,eil101b_m3,3,2500,2500,897.0,916.0,2.074235807860262,314.43786701989535,,3.879849799999647,True,2,02_fixed_2500_ejection_on_off/ejection_benchmark_20260807T133630Z.json
Fixed iteration,Dang,Ejection OFF,eil101c_m2,0,2500,2500,1296.0,1305.0,0.6896551724137931,469.88098764293613,,6.439415000000736,True,2,02_fixed_2500_ejection_on_off/ejection_benchmark_20260807T133630Z.json
Fixed iteration,Dang,Ejection OFF,eil101c_m2,1,2500,2500,1283.0,1305.0,1.685823754789272,470.59683375800324,,6.377569299998868,True,2,02_fixed_2500_ejection_on_off/ejection_benchmark_20260807T133630Z.json
Fixed iteration,Dang,Ejection OFF,eil101c_m2,2,2500,2500,1290.0,1305.0,1.1494252873563218,470.0640964063888,,6.40130069999941,True,2,02_fixed_2500_ejection_on_off/ejection_benchmark_20260807T133630Z.json
Fixed iteration,Dang,Ejection OFF,eil101c_m2,3,2500,2500,1303.0,1305.0,0.1532567049808429,471.27856296487334,,6.534341599999607,True,2,02_fixed_2500_ejection_on_off/ejection_benchmark_20260807T133630Z.json
Fixed iteration,Dang,Ejection OFF,eil101c_m3,0,2500,2500,1232.0,1251.0,1.518784972022382,470.60260000618047,,5.409181799997896,True,2,02_fixed_2500_ejection_on_off/ejection_benchmark_20260807T133630Z.json
Fixed iteration,Dang,Ejection OFF,eil101c_m3,1,2500,2500,1189.0,1251.0,4.95603517186251,466.86782690141405,,5.227441299997736,True,2,02_fixed_2500_ejection_on_off/ejection_benchmark_20260807T133630Z.json
Fixed iteration,Dang,Ejection OFF,eil101c_m3,2,2500,2500,1232.0,1251.0,1.518784972022382,467.62874299844606,,5.7115140999994765,True,2,02_fixed_2500_ejection_on_off/ejection_benchmark_20260807T133630Z.json
Fixed iteration,Dang,Ejection OFF,eil101c_m3,3,2500,2500,1204.0,1251.0,3.7569944044764187,470.312797178447,,5.850433299998258,True,2,02_fixed_2500_ejection_on_off/ejection_benchmark_20260807T133630Z.json
Fixed iteration,Dang,Ejection OFF,gil262_gen1_m3,0,2500,2500,98.0,101.0,2.9702970297029703,1179.974100085832,,17.089434400000755,True,2,02_fixed_2500_ejection_on_off/ejection_benchmark_20260807T133630Z.json
Fixed iteration,Dang,Ejection OFF,gil262_gen1_m3,1,2500,2500,97.0,101.0,3.9603960396039604,1173.578495159939,,16.584957099999883,True,2,02_fixed_2500_ejection_on_off/ejection_benchmark_20260807T133630Z.json
Fixed iteration,Dang,Ejection OFF,gil262_gen1_m3,2,2500,2500,99.0,101.0,1.9801980198019802,1180.700681592713,,16.610225100001117,True,2,02_fixed_2500_ejection_on_off/ejection_benchmark_20260807T133630Z.json
Fixed iteration,Dang,Ejection OFF,gil262_gen1_m3,3,2500,2500,99.0,101.0,1.9801980198019802,1186.3429092708716,,16.972507399997994,True,2,02_fixed_2500_ejection_on_off/ejection_benchmark_20260807T133630Z.json
Fixed iteration,Dang,Ejection OFF,gil262_gen1_m4,0,2500,2500,77.0,78.0,1.2820512820512822,1149.9479145686967,,13.164819699999498,True,2,02_fixed_2500_ejection_on_off/ejection_benchmark_20260807T133630Z.json
Fixed iteration,Dang,Ejection OFF,gil262_gen1_m4,1,2500,2500,77.0,78.0,1.2820512820512822,1148.2174281261966,,12.971906400001899,True,2,02_fixed_2500_ejection_on_off/ejection_benchmark_20260807T133630Z.json
Fixed iteration,Dang,Ejection OFF,gil262_gen1_m4,2,2500,2500,77.0,78.0,1.2820512820512822,1153.4093656027221,,12.956364499998017,True,2,02_fixed_2500_ejection_on_off/ejection_benchmark_20260807T133630Z.json
Fixed iteration,Dang,Ejection OFF,gil262_gen1_m4,3,2500,2500,77.0,78.0,1.2820512820512822,1149.5242491105816,,13.733528499997192,True,2,02_fixed_2500_ejection_on_off/ejection_benchmark_20260807T133630Z.json
Fixed iteration,Dang,Ejection OFF,gil262_gen2_m2,0,2500,2500,7016.0,7498.0,6.428380901573753,1187.3979836757796,,41.02759359999982,True,2,02_fixed_2500_ejection_on_off/ejection_benchmark_20260807T133630Z.json
Fixed iteration,Dang,Ejection OFF,gil262_gen2_m2,1,2500,2500,6912.0,7498.0,7.815417444651907,1184.5909382690265,,36.16938279999886,True,2,02_fixed_2500_ejection_on_off/ejection_benchmark_20260807T133630Z.json
Fixed iteration,Dang,Ejection OFF,gil262_gen2_m2,2,2500,2500,6941.0,7498.0,7.4286476393704985,1186.3337399322768,,35.58564420000039,True,2,02_fixed_2500_ejection_on_off/ejection_benchmark_20260807T133630Z.json
Fixed iteration,Dang,Ejection OFF,gil262_gen2_m2,3,2500,2500,6814.0,7498.0,9.122432648706322,1187.0444580566864,,37.034825399998226,True,2,02_fixed_2500_ejection_on_off/ejection_benchmark_20260807T133630Z.json
Fixed iteration,Dang,Ejection OFF,gil262_gen2_m3,0,2500,2500,5348.0,5615.0,4.755120213713268,1186.1101619347976,,19.482944499999576,True,2,02_fixed_2500_ejection_on_off/ejection_benchmark_20260807T133630Z.json
Fixed iteration,Dang,Ejection OFF,gil262_gen2_m3,1,2500,2500,5340.0,5615.0,4.897595725734639,1186.5433973564282,,19.495974800000113,True,2,02_fixed_2500_ejection_on_off/ejection_benchmark_20260807T133630Z.json
Fixed iteration,Dang,Ejection OFF,gil262_gen2_m3,2,2500,2500,5519.0,5615.0,1.7097061442564558,1188.5774610238022,,19.251122000001487,True,2,02_fixed_2500_ejection_on_off/ejection_benchmark_20260807T133630Z.json
Fixed iteration,Dang,Ejection OFF,gil262_gen2_m3,3,2500,2500,5392.0,5615.0,3.9715048975957257,1187.4710110341332,,19.22863209999923,True,2,02_fixed_2500_ejection_on_off/ejection_benchmark_20260807T133630Z.json
Fixed iteration,Dang,Ejection OFF,gil262_gen3_m2,0,2500,2500,6562.0,7183.0,8.645412780175414,1187.634852001479,,40.45285820000208,True,2,02_fixed_2500_ejection_on_off/ejection_benchmark_20260807T133630Z.json
Fixed iteration,Dang,Ejection OFF,gil262_gen3_m2,1,2500,2500,6491.0,7183.0,9.63385771961576,1188.3294330853828,,36.761999000002106,True,2,02_fixed_2500_ejection_on_off/ejection_benchmark_20260807T133630Z.json
Fixed iteration,Dang,Ejection OFF,gil262_gen3_m2,2,2500,2500,6732.0,7183.0,6.278713629402756,1187.4813155176716,,30.51639950000026,True,2,02_fixed_2500_ejection_on_off/ejection_benchmark_20260807T133630Z.json
Fixed iteration,Dang,Ejection OFF,gil262_gen3_m2,3,2500,2500,6458.0,7183.0,10.093275790059863,1188.4296862369965,,36.599489500000345,True,2,02_fixed_2500_ejection_on_off/ejection_benchmark_20260807T133630Z.json
Fixed iteration,Dang,Ejection OFF,gil262_gen3_m4,0,2500,2500,2363.0,2507.0,5.743917032309533,1169.7100860651676,,13.377850799999578,True,2,02_fixed_2500_ejection_on_off/ejection_benchmark_20260807T133630Z.json
Fixed iteration,Dang,Ejection OFF,gil262_gen3_m4,1,2500,2500,2402.0,2507.0,4.188272836059035,1168.403053684202,,13.427263999998104,True,2,02_fixed_2500_ejection_on_off/ejection_benchmark_20260807T133630Z.json
Fixed iteration,Dang,Ejection OFF,gil262_gen3_m4,2,2500,2500,2317.0,2507.0,7.578779417630634,1182.6753238806243,,12.444049900001119,True,2,02_fixed_2500_ejection_on_off/ejection_benchmark_20260807T133630Z.json
Fixed iteration,Dang,Ejection OFF,gil262_gen3_m4,3,2500,2500,2342.0,2507.0,6.58157159952134,1181.4135344598444,,12.875547400002688,True,2,02_fixed_2500_ejection_on_off/ejection_benchmark_20260807T133630Z.json
Fixed iteration,Dang,Ejection OFF,gil262a_m2,0,2500,2500,3841.0,4078.0,5.811672388425698,588.3899485082352,,13.498241500001313,True,2,02_fixed_2500_ejection_on_off/ejection_benchmark_20260807T133630Z.json
Fixed iteration,Dang,Ejection OFF,gil262a_m2,1,2500,2500,3850.0,4078.0,5.590975968612065,593.0901950905056,,14.093734300000506,True,2,02_fixed_2500_ejection_on_off/ejection_benchmark_20260807T133630Z.json
Fixed iteration,Dang,Ejection OFF,gil262a_m2,2,2500,2500,3782.0,4078.0,7.258460029426189,593.9175413713808,,13.418271099999401,True,2,02_fixed_2500_ejection_on_off/ejection_benchmark_20260807T133630Z.json
Fixed iteration,Dang,Ejection OFF,gil262a_m2,3,2500,2500,3850.0,4078.0,5.590975968612065,593.0901950905056,,14.181159700001444,True,2,02_fixed_2500_ejection_on_off/ejection_benchmark_20260807T133630Z.json
Fixed iteration,Dang,Ejection OFF,gil262a_m4,0,2500,2500,3097.0,3175.0,2.456692913385827,581.8425492726361,,9.36942039999849,True,2,02_fixed_2500_ejection_on_off/ejection_benchmark_20260807T133630Z.json
Fixed iteration,Dang,Ejection OFF,gil262a_m4,1,2500,2500,3040.0,3175.0,4.251968503937008,583.4805278363583,,9.361615400001028,True,2,02_fixed_2500_ejection_on_off/ejection_benchmark_20260807T133630Z.json
Fixed iteration,Dang,Ejection OFF,gil262a_m4,2,2500,2500,3101.0,3175.0,2.3307086614173227,585.4970214079165,,9.427941600002669,True,2,02_fixed_2500_ejection_on_off/ejection_benchmark_20260807T133630Z.json
Fixed iteration,Dang,Ejection OFF,gil262a_m4,3,2500,2500,3131.0,3175.0,1.3858267716535433,589.0214043796759,,9.186755200000334,True,2,02_fixed_2500_ejection_on_off/ejection_benchmark_20260807T133630Z.json
Fixed iteration,Dang,Ejection OFF,gil262b_m2,0,2500,2500,7540.0,8081.0,6.694716000494989,1186.4647973365409,,50.724382700002025,True,2,02_fixed_2500_ejection_on_off/ejection_benchmark_20260807T133630Z.json
Fixed iteration,Dang,Ejection OFF,gil262b_m2,1,2500,2500,7376.0,8081.0,8.724167801014726,1186.292000692903,,40.85957640000197,True,2,02_fixed_2500_ejection_on_off/ejection_benchmark_20260807T133630Z.json
Fixed iteration,Dang,Ejection OFF,gil262b_m2,2,2500,2500,7015.0,8081.0,13.191436703378296,1187.2662244429005,,41.285763699997915,True,2,02_fixed_2500_ejection_on_off/ejection_benchmark_20260807T133630Z.json
Fixed iteration,Dang,Ejection OFF,gil262b_m2,3,2500,2500,7307.0,8081.0,9.578022521965103,1187.4155278265857,,40.6649424999996,True,2,02_fixed_2500_ejection_on_off/ejection_benchmark_20260807T133630Z.json
Fixed iteration,Dang,Ejection OFF,gil262b_m3,0,2500,2500,6975.0,7585.0,8.042188529993409,1186.127446741541,,25.945962699999654,True,2,02_fixed_2500_ejection_on_off/ejection_benchmark_20260807T133630Z.json
Fixed iteration,Dang,Ejection OFF,gil262b_m3,1,2500,2500,6531.0,7585.0,13.895847066578774,1185.2794615236467,,28.154313700000785,True,2,02_fixed_2500_ejection_on_off/ejection_benchmark_20260807T133630Z.json
Fixed iteration,Dang,Ejection OFF,gil262b_m3,2,2500,2500,6524.0,7585.0,13.988134475939354,1185.3089767325625,,24.78562999999849,True,2,02_fixed_2500_ejection_on_off/ejection_benchmark_20260807T133630Z.json
Fixed iteration,Dang,Ejection OFF,gil262b_m3,3,2500,2500,7065.0,7585.0,6.855636123928807,1188.049065330415,,31.221914600002492,True,2,02_fixed_2500_ejection_on_off/ejection_benchmark_20260807T133630Z.json
Fixed iteration,Dang,Ejection OFF,gil262b_m4,0,2500,2500,6482.0,6781.0,4.4093791476183455,1186.853537924024,,19.678947000000335,True,2,02_fixed_2500_ejection_on_off/ejection_benchmark_20260807T133630Z.json
Fixed iteration,Dang,Ejection OFF,gil262b_m4,1,2500,2500,6433.0,6781.0,5.131986432679546,1183.628884098602,,21.00296040000103,True,2,02_fixed_2500_ejection_on_off/ejection_benchmark_20260807T133630Z.json
Fixed iteration,Dang,Ejection OFF,gil262b_m4,2,2500,2500,6208.0,6781.0,8.450081108980976,1172.7511687092192,,21.365933299999597,True,2,02_fixed_2500_ejection_on_off/ejection_benchmark_20260807T133630Z.json
Fixed iteration,Dang,Ejection OFF,gil262b_m4,3,2500,2500,6262.0,6781.0,7.653738386668633,1187.2966493629235,,18.895679199998995,True,2,02_fixed_2500_ejection_on_off/ejection_benchmark_20260807T133630Z.json
Fixed iteration,Dang,Ejection OFF,gil262c_m2,0,2500,2500,10720.0,11030.0,2.8105167724388034,1782.7288122053235,,48.320792900001834,True,2,02_fixed_2500_ejection_on_off/ejection_benchmark_20260807T133630Z.json
Fixed iteration,Dang,Ejection OFF,gil262c_m2,1,2500,2500,10829.0,11030.0,1.8223028105167725,1782.5757515370165,,54.08681020000222,True,2,02_fixed_2500_ejection_on_off/ejection_benchmark_20260807T133630Z.json
Fixed iteration,Dang,Ejection OFF,gil262c_m2,2,2500,2500,10578.0,11030.0,4.097914777878513,1781.6318743082966,,53.73987010000201,True,2,02_fixed_2500_ejection_on_off/ejection_benchmark_20260807T133630Z.json
Fixed iteration,Dang,Ejection OFF,gil262c_m2,3,2500,2500,10683.0,11030.0,3.14596554850408,1782.8773854413716,,53.232719600000564,True,2,02_fixed_2500_ejection_on_off/ejection_benchmark_20260807T133630Z.json
Fixed iteration,Dang,Ejection OFF,gil262c_m3,0,2500,2500,10180.0,10757.0,5.363949056428372,1783.2946558588283,,36.54660989999684,True,2,02_fixed_2500_ejection_on_off/ejection_benchmark_20260807T133630Z.json
Fixed iteration,Dang,Ejection OFF,gil262c_m3,1,2500,2500,10224.0,10757.0,4.954913079854978,1778.3050734841945,,42.367593599999964,True,2,02_fixed_2500_ejection_on_off/ejection_benchmark_20260807T133630Z.json
Fixed iteration,Dang,Ejection OFF,gil262c_m3,2,2500,2500,10369.0,10757.0,3.6069536116017478,1782.821089672273,,37.415752600001724,True,2,02_fixed_2500_ejection_on_off/ejection_benchmark_20260807T133630Z.json
Fixed iteration,Dang,Ejection OFF,gil262c_m3,3,2500,2500,10355.0,10757.0,3.737101422329646,1782.156693951175,,39.99314080000113,True,2,02_fixed_2500_ejection_on_off/ejection_benchmark_20260807T133630Z.json
Fixed iteration,Dang,Ejection OFF,gil262c_m4,0,2500,2500,9531.0,10281.0,7.295010213014298,1782.9070666693303,,28.06598159999703,True,2,02_fixed_2500_ejection_on_off/ejection_benchmark_20260807T133630Z.json
Fixed iteration,Dang,Ejection OFF,gil262c_m4,1,2500,2500,9410.0,10281.0,8.471938527380605,1781.0307474512028,,30.197800599999027,True,2,02_fixed_2500_ejection_on_off/ejection_benchmark_20260807T133630Z.json
Fixed iteration,Dang,Ejection OFF,gil262c_m4,2,2500,2500,8978.0,10281.0,12.67386441007684,1781.558050918929,,29.114951399998972,True,2,02_fixed_2500_ejection_on_off/ejection_benchmark_20260807T133630Z.json
Fixed iteration,Dang,Ejection OFF,gil262c_m4,3,2500,2500,8791.0,10281.0,14.492753623188406,1778.2933375907496,,29.46803379999983,True,2,02_fixed_2500_ejection_on_off/ejection_benchmark_20260807T133630Z.json
Fixed iteration,Dang,Ejection OFF,gr229_gen1_m4,0,2500,2500,220.0,223.0,1.345291479820628,1564.596108630495,,29.83049949999986,True,2,02_fixed_2500_ejection_on_off/ejection_benchmark_20260807T133630Z.json
Fixed iteration,Dang,Ejection OFF,gr229_gen1_m4,1,2500,2500,220.0,223.0,1.345291479820628,1530.5263863632194,,29.648946700002853,True,2,02_fixed_2500_ejection_on_off/ejection_benchmark_20260807T133630Z.json
Fixed iteration,Dang,Ejection OFF,gr229_gen1_m4,2,2500,2500,220.0,223.0,1.345291479820628,1584.8242096933081,,27.954241600000387,True,2,02_fixed_2500_ejection_on_off/ejection_benchmark_20260807T133630Z.json
Fixed iteration,Dang,Ejection OFF,gr229_gen1_m4,3,2500,2500,220.0,223.0,1.345291479820628,1533.1275784257828,,27.168597600000794,True,2,02_fixed_2500_ejection_on_off/ejection_benchmark_20260807T133630Z.json
Fixed iteration,Dang,Ejection OFF,gr229_gen2_m3,0,2500,2500,11120.0,11566.0,3.856130036313332,1390.4417059293844,,48.676251000000775,True,2,02_fixed_2500_ejection_on_off/ejection_benchmark_20260807T133630Z.json
Fixed iteration,Dang,Ejection OFF,gr229_gen2_m3,1,2500,2500,11446.0,11566.0,1.0375237765865468,1750.1188652765122,,21.246005299999524,True,2,02_fixed_2500_ejection_on_off/ejection_benchmark_20260807T133630Z.json
Fixed iteration,Dang,Ejection OFF,gr229_gen2_m3,2,2500,2500,11485.0,11566.0,0.700328549195919,1725.9438725252269,,24.15910790000271,True,2,02_fixed_2500_ejection_on_off/ejection_benchmark_20260807T133630Z.json
Fixed iteration,Dang,Ejection OFF,gr229_gen2_m3,3,2500,2500,11529.0,11566.0,0.3199031644475186,1760.429909698391,,23.316043899998476,True,2,02_fixed_2500_ejection_on_off/ejection_benchmark_20260807T133630Z.json
Fixed iteration,Dang,Ejection OFF,gr229_gen2_m4,0,2500,2500,11120.0,11355.0,2.0695728753852927,1569.274564038974,,33.49066569999923,True,2,02_fixed_2500_ejection_on_off/ejection_benchmark_20260807T133630Z.json
Fixed iteration,Dang,Ejection OFF,gr229_gen2_m4,1,2500,2500,11120.0,11355.0,2.0695728753852927,1561.1752916489172,,31.026918499999738,True,2,02_fixed_2500_ejection_on_off/ejection_benchmark_20260807T133630Z.json
Fixed iteration,Dang,Ejection OFF,gr229_gen2_m4,2,2500,2500,11120.0,11355.0,2.0695728753852927,1587.3806532289123,,38.78449819999878,True,2,02_fixed_2500_ejection_on_off/ejection_benchmark_20260807T133630Z.json
Fixed iteration,Dang,Ejection OFF,gr229_gen2_m4,3,2500,2500,11120.0,11355.0,2.0695728753852927,1564.1941602427537,,28.15784039999926,True,2,02_fixed_2500_ejection_on_off/ejection_benchmark_20260807T133630Z.json
Fixed iteration,Dang,Ejection OFF,gr229_gen3_m3,0,2500,2500,7945.0,8056.0,1.3778550148957298,1760.609773112732,,21.157780499997898,True,2,02_fixed_2500_ejection_on_off/ejection_benchmark_20260807T133630Z.json
Fixed iteration,Dang,Ejection OFF,gr229_gen3_m3,1,2500,2500,7920.0,8056.0,1.6881827209533267,1764.1133068326549,,22.30159679999997,True,2,02_fixed_2500_ejection_on_off/ejection_benchmark_20260807T133630Z.json
Fixed iteration,Dang,Ejection OFF,gr229_gen3_m3,2,2500,2500,7974.0,8056.0,1.0178748758689176,1749.058503213264,,21.676809199998388,True,2,02_fixed_2500_ejection_on_off/ejection_benchmark_20260807T133630Z.json
Fixed iteration,Dang,Ejection OFF,gr229_gen3_m3,3,2500,2500,7989.0,8056.0,0.8316782522343595,1759.5400183110605,,25.55785670000114,True,2,02_fixed_2500_ejection_on_off/ejection_benchmark_20260807T133630Z.json
Fixed iteration,Dang,Ejection OFF,gr229_gen3_m4,0,2500,2500,7355.0,7651.0,3.868775323487126,1635.6456500141041,,37.2971749999997,True,2,02_fixed_2500_ejection_on_off/ejection_benchmark_20260807T133630Z.json
Fixed iteration,Dang,Ejection OFF,gr229_gen3_m4,1,2500,2500,7355.0,7651.0,3.868775323487126,1571.3090526912727,,39.96185940000214,True,2,02_fixed_2500_ejection_on_off/ejection_benchmark_20260807T133630Z.json
Fixed iteration,Dang,Ejection OFF,gr229_gen3_m4,2,2500,2500,7355.0,7651.0,3.868775323487126,1557.2236933916072,,46.469884599999205,True,2,02_fixed_2500_ejection_on_off/ejection_benchmark_20260807T133630Z.json
Fixed iteration,Dang,Ejection OFF,gr229_gen3_m4,3,2500,2500,7355.0,7651.0,3.868775323487126,1551.0817292704771,,35.59825830000045,True,2,02_fixed_2500_ejection_on_off/ejection_benchmark_20260807T133630Z.json
Fixed iteration,Dang,Ejection OFF,kroA150_gen2_m2,0,2500,2500,4181.0,4335.0,3.552479815455594,13193.299220102643,,15.115685699998721,True,2,02_fixed_2500_ejection_on_off/ejection_benchmark_20260807T133630Z.json
Fixed iteration,Dang,Ejection OFF,kroA150_gen2_m2,1,2500,2500,4211.0,4335.0,2.8604382929642447,13234.089887375283,,13.211070700002892,True,2,02_fixed_2500_ejection_on_off/ejection_benchmark_20260807T133630Z.json
Fixed iteration,Dang,Ejection OFF,kroA150_gen2_m2,2,2500,2500,4160.0,4335.0,4.036908881199539,13211.149304299102,,15.122969899999589,True,2,02_fixed_2500_ejection_on_off/ejection_benchmark_20260807T133630Z.json
Fixed iteration,Dang,Ejection OFF,kroA150_gen2_m2,3,2500,2500,4170.0,4335.0,3.8062283737024223,13212.177328969568,,14.026334800000768,True,2,02_fixed_2500_ejection_on_off/ejection_benchmark_20260807T133630Z.json
Fixed iteration,Dang,Ejection OFF,kroA150_gen3_m3,0,2500,2500,2497.0,2726.0,8.400586940572268,13225.610439737735,,10.454579500001273,True,2,02_fixed_2500_ejection_on_off/ejection_benchmark_20260807T133630Z.json
Fixed iteration,Dang,Ejection OFF,kroA150_gen3_m3,1,2500,2500,2497.0,2726.0,8.400586940572268,13225.610439737735,,10.401855899999646,True,2,02_fixed_2500_ejection_on_off/ejection_benchmark_20260807T133630Z.json
Fixed iteration,Dang,Ejection OFF,kroA150_gen3_m3,2,2500,2500,2521.0,2726.0,7.52017608217168,13239.48732107205,,10.366447299998981,True,2,02_fixed_2500_ejection_on_off/ejection_benchmark_20260807T133630Z.json
Fixed iteration,Dang,Ejection OFF,kroA150_gen3_m3,3,2500,2500,2497.0,2726.0,8.400586940572268,13225.610439737735,,10.877746699999989,True,2,02_fixed_2500_ejection_on_off/ejection_benchmark_20260807T133630Z.json
Fixed iteration,Dang,Ejection OFF,kroA200_gen1_m4,0,2500,2500,80.0,81.0,1.2345679012345678,14452.550543774778,,10.03933060000054,True,2,02_fixed_2500_ejection_on_off/ejection_benchmark_20260807T133630Z.json
Fixed iteration,Dang,Ejection OFF,kroA200_gen1_m4,1,2500,2500,80.0,81.0,1.2345679012345678,14446.922034891495,,10.399074799999653,True,2,02_fixed_2500_ejection_on_off/ejection_benchmark_20260807T133630Z.json
Fixed iteration,Dang,Ejection OFF,kroA200_gen1_m4,2,2500,2500,80.0,81.0,1.2345679012345678,14446.922034891495,,10.294894800001202,True,2,02_fixed_2500_ejection_on_off/ejection_benchmark_20260807T133630Z.json
Fixed iteration,Dang,Ejection OFF,kroA200_gen1_m4,3,2500,2500,80.0,81.0,1.2345679012345678,14387.858462946522,,9.701175399997737,True,2,02_fixed_2500_ejection_on_off/ejection_benchmark_20260807T133630Z.json
Fixed iteration,Dang,Ejection OFF,kroB200_gen1_m2,0,2500,2500,110.0,111.0,0.9009009009009009,14542.950877970234,,15.380267399999866,True,2,02_fixed_2500_ejection_on_off/ejection_benchmark_20260807T133630Z.json
Fixed iteration,Dang,Ejection OFF,kroB200_gen1_m2,1,2500,2500,107.0,111.0,3.6036036036036037,14560.374885045334,,15.394021000000066,True,2,02_fixed_2500_ejection_on_off/ejection_benchmark_20260807T133630Z.json
Fixed iteration,Dang,Ejection OFF,kroB200_gen1_m2,2,2500,2500,108.0,111.0,2.7027027027027026,14597.563561372677,,15.413541400001122,True,2,02_fixed_2500_ejection_on_off/ejection_benchmark_20260807T133630Z.json
Fixed iteration,Dang,Ejection OFF,kroB200_gen1_m2,3,2500,2500,108.0,111.0,2.7027027027027026,14672.85398477308,,14.77663350000148,True,2,02_fixed_2500_ejection_on_off/ejection_benchmark_20260807T133630Z.json
Fixed iteration,Dang,Ejection OFF,kroB200_gen2_m2,0,2500,2500,6081.0,6185.0,1.681487469684721,14709.165817465258,,20.326676399999997,True,2,02_fixed_2500_ejection_on_off/ejection_benchmark_20260807T133630Z.json
Fixed iteration,Dang,Ejection OFF,kroB200_gen2_m2,1,2500,2500,5644.0,6185.0,8.746968472109943,14666.264173769172,,23.04464630000075,True,2,02_fixed_2500_ejection_on_off/ejection_benchmark_20260807T133630Z.json
Fixed iteration,Dang,Ejection OFF,kroB200_gen2_m2,2,2500,2500,5706.0,6185.0,7.744543249797898,14698.983487283052,,25.713951999998244,True,2,02_fixed_2500_ejection_on_off/ejection_benchmark_20260807T133630Z.json
Fixed iteration,Dang,Ejection OFF,kroB200_gen2_m2,3,2500,2500,6180.0,6185.0,0.08084074373484236,14713.636766342766,,24.611324099998455,True,2,02_fixed_2500_ejection_on_off/ejection_benchmark_20260807T133630Z.json
Fixed iteration,Dang,Ejection OFF,kroB200_gen2_m4,0,2500,2500,4457.0,4944.0,9.85032362459547,14637.432530050564,,11.464179500002501,True,2,02_fixed_2500_ejection_on_off/ejection_benchmark_20260807T133630Z.json
Fixed iteration,Dang,Ejection OFF,kroB200_gen2_m4,1,2500,2500,4772.0,4944.0,3.4789644012944985,14506.179931828348,,11.888214800001151,True,2,02_fixed_2500_ejection_on_off/ejection_benchmark_20260807T133630Z.json
Fixed iteration,Dang,Ejection OFF,kroB200_gen2_m4,2,2500,2500,4815.0,4944.0,2.6092233009708736,14569.316251777685,,12.107386200001201,True,2,02_fixed_2500_ejection_on_off/ejection_benchmark_20260807T133630Z.json
Fixed iteration,Dang,Ejection OFF,kroB200_gen2_m4,3,2500,2500,4788.0,4944.0,3.1553398058252426,14613.10833995997,,11.867157000000589,True,2,02_fixed_2500_ejection_on_off/ejection_benchmark_20260807T133630Z.json
Fixed iteration,Dang,Ejection OFF,kroB200_gen3_m2,0,2500,2500,3580.0,4765.0,24.868835257082896,14659.097813971894,,22.974088699997083,True,2,02_fixed_2500_ejection_on_off/ejection_benchmark_20260807T133630Z.json
Fixed iteration,Dang,Ejection OFF,kroB200_gen3_m2,1,2500,2500,3796.0,4765.0,20.335781741867788,14649.15117960541,,23.772970999998506,True,2,02_fixed_2500_ejection_on_off/ejection_benchmark_20260807T133630Z.json
Fixed iteration,Dang,Ejection OFF,kroB200_gen3_m2,2,2500,2500,3602.0,4765.0,24.40713536201469,14696.52514148935,,28.69483079999918,True,2,02_fixed_2500_ejection_on_off/ejection_benchmark_20260807T133630Z.json
Fixed iteration,Dang,Ejection OFF,kroB200_gen3_m2,3,2500,2500,3723.0,4765.0,21.86778593913956,14702.044989045567,,24.98522470000171,True,2,02_fixed_2500_ejection_on_off/ejection_benchmark_20260807T133630Z.json
Fixed iteration,Dang,Ejection OFF,kroB200_gen3_m3,0,2500,2500,2920.0,3028.0,3.5667107001321003,14660.08806655382,,16.629503600001044,True,2,02_fixed_2500_ejection_on_off/ejection_benchmark_20260807T133630Z.json
Fixed iteration,Dang,Ejection OFF,kroB200_gen3_m3,1,2500,2500,2920.0,3028.0,3.5667107001321003,14660.08806655382,,16.73910369999794,True,2,02_fixed_2500_ejection_on_off/ejection_benchmark_20260807T133630Z.json
Fixed iteration,Dang,Ejection OFF,kroB200_gen3_m3,2,2500,2500,2923.0,3028.0,3.467635402906209,14647.548769558114,,15.748316900000646,True,2,02_fixed_2500_ejection_on_off/ejection_benchmark_20260807T133630Z.json
Fixed iteration,Dang,Ejection OFF,kroB200_gen3_m3,3,2500,2500,2924.0,3028.0,3.4346103038309117,14664.37513190039,,15.75547689999803,True,2,02_fixed_2500_ejection_on_off/ejection_benchmark_20260807T133630Z.json
Fixed iteration,Dang,Ejection OFF,lin318_gen1_m2,0,2500,2500,169.0,180.0,6.111111111111111,20923.287690701887,,39.24729020000086,True,2,02_fixed_2500_ejection_on_off/ejection_benchmark_20260807T133630Z.json
Fixed iteration,Dang,Ejection OFF,lin318_gen1_m2,1,2500,2500,166.0,180.0,7.777777777777778,21030.520707299795,,37.8252805000011,True,2,02_fixed_2500_ejection_on_off/ejection_benchmark_20260807T133630Z.json
Fixed iteration,Dang,Ejection OFF,lin318_gen1_m2,2,2500,2500,172.0,180.0,4.444444444444445,20868.101302522282,,38.664809400001104,True,2,02_fixed_2500_ejection_on_off/ejection_benchmark_20260807T133630Z.json
Fixed iteration,Dang,Ejection OFF,lin318_gen1_m2,3,2500,2500,164.0,180.0,8.88888888888889,20882.41245103415,,40.381226100002095,True,2,02_fixed_2500_ejection_on_off/ejection_benchmark_20260807T133630Z.json
Fixed iteration,Dang,Ejection OFF,lin318_gen1_m3,0,2500,2500,143.0,149.0,4.026845637583893,20735.859400242636,,30.905735799999093,True,2,02_fixed_2500_ejection_on_off/ejection_benchmark_20260807T133630Z.json
Fixed iteration,Dang,Ejection OFF,lin318_gen1_m3,1,2500,2500,147.0,149.0,1.342281879194631,20834.677668654243,,31.91627200000221,True,2,02_fixed_2500_ejection_on_off/ejection_benchmark_20260807T133630Z.json
Fixed iteration,Dang,Ejection OFF,lin318_gen1_m3,2,2500,2500,146.0,149.0,2.0134228187919465,20951.311532688578,,30.393423199999233,True,2,02_fixed_2500_ejection_on_off/ejection_benchmark_20260807T133630Z.json
Fixed iteration,Dang,Ejection OFF,lin318_gen1_m3,3,2500,2500,142.0,149.0,4.697986577181208,20905.41737395906,,29.337563899996894,True,2,02_fixed_2500_ejection_on_off/ejection_benchmark_20260807T133630Z.json
Fixed iteration,Dang,Ejection OFF,lin318_gen2_m2,0,2500,2500,8522.0,9544.0,10.708298407376363,21040.640565074114,,60.96464439999909,True,2,02_fixed_2500_ejection_on_off/ejection_benchmark_20260807T133630Z.json
Fixed iteration,Dang,Ejection OFF,lin318_gen2_m2,1,2500,2500,8567.0,9544.0,10.236797988264879,21029.661351655413,,67.18554099999892,True,2,02_fixed_2500_ejection_on_off/ejection_benchmark_20260807T133630Z.json
Fixed iteration,Dang,Ejection OFF,lin318_gen2_m2,2,2500,2500,8523.0,9544.0,10.697820620284995,21019.187400796567,,87.00965939999878,True,2,02_fixed_2500_ejection_on_off/ejection_benchmark_20260807T133630Z.json
Fixed iteration,Dang,Ejection OFF,lin318_gen2_m2,3,2500,2500,8516.0,9544.0,10.77116512992456,20998.53623911883,,70.51321699999971,True,2,02_fixed_2500_ejection_on_off/ejection_benchmark_20260807T133630Z.json
Fixed iteration,Dang,Ejection OFF,lin318_gen2_m3,0,2500,2500,7197.0,7807.0,7.813500704495965,20988.974818472703,,41.26245639999979,True,2,02_fixed_2500_ejection_on_off/ejection_benchmark_20260807T133630Z.json
Fixed iteration,Dang,Ejection OFF,lin318_gen2_m3,1,2500,2500,7688.0,7807.0,1.5242730882541309,20979.336638082237,,34.568961100001616,True,2,02_fixed_2500_ejection_on_off/ejection_benchmark_20260807T133630Z.json
Fixed iteration,Dang,Ejection OFF,lin318_gen2_m3,2,2500,2500,7159.0,7807.0,8.30024337133342,20968.991033422884,,38.718778499998734,True,2,02_fixed_2500_ejection_on_off/ejection_benchmark_20260807T133630Z.json
Fixed iteration,Dang,Ejection OFF,lin318_gen2_m3,3,2500,2500,7140.0,7807.0,8.543614704752146,20958.307064870827,,37.197430399999575,True,2,02_fixed_2500_ejection_on_off/ejection_benchmark_20260807T133630Z.json
Fixed iteration,Dang,Ejection OFF,lin318_gen3_m2,0,2500,2500,6567.0,7936.0,17.250504032258064,21018.73033827627,,95.2161182000018,True,2,02_fixed_2500_ejection_on_off/ejection_benchmark_20260807T133630Z.json
Fixed iteration,Dang,Ejection OFF,lin318_gen3_m2,1,2500,2500,6556.0,7936.0,17.389112903225808,20980.8504381639,,82.04847910000171,True,2,02_fixed_2500_ejection_on_off/ejection_benchmark_20260807T133630Z.json
Fixed iteration,Dang,Ejection OFF,lin318_gen3_m2,2,2500,2500,6560.0,7936.0,17.338709677419356,21003.104059548918,,85.53846310000154,True,2,02_fixed_2500_ejection_on_off/ejection_benchmark_20260807T133630Z.json
Fixed iteration,Dang,Ejection OFF,lin318_gen3_m2,3,2500,2500,6570.0,7936.0,17.212701612903224,21015.713499642316,,95.22385230000145,True,2,02_fixed_2500_ejection_on_off/ejection_benchmark_20260807T133630Z.json
Fixed iteration,Dang,Ejection OFF,lin318_gen3_m4,0,2500,2500,3746.0,3797.0,1.3431656570977086,20754.049807461648,,29.73382750000019,True,2,02_fixed_2500_ejection_on_off/ejection_benchmark_20260807T133630Z.json
Fixed iteration,Dang,Ejection OFF,lin318_gen3_m4,1,2500,2500,3746.0,3797.0,1.3431656570977086,20724.959381534383,,29.812641599997733,True,2,02_fixed_2500_ejection_on_off/ejection_benchmark_20260807T133630Z.json
Fixed iteration,Dang,Ejection OFF,lin318_gen3_m4,2,2500,2500,3746.0,3797.0,1.3431656570977086,20724.959381534383,,29.987521899998683,True,2,02_fixed_2500_ejection_on_off/ejection_benchmark_20260807T133630Z.json
Fixed iteration,Dang,Ejection OFF,lin318_gen3_m4,3,2500,2500,3736.0,3797.0,1.6065314722149064,20766.472827199832,,31.71984910000174,True,2,02_fixed_2500_ejection_on_off/ejection_benchmark_20260807T133630Z.json
Fixed iteration,Dang,Ejection OFF,pr136_gen1_m2,0,2500,2500,62.0,63.0,1.5873015873015872,47538.163676798984,,6.592400300000008,True,2,02_fixed_2500_ejection_on_off/ejection_benchmark_20260807T133630Z.json
Fixed iteration,Dang,Ejection OFF,pr136_gen1_m2,1,2500,2500,63.0,63.0,0.0,47904.991536262365,,6.036689900000056,True,2,02_fixed_2500_ejection_on_off/ejection_benchmark_20260807T133630Z.json
Fixed iteration,Dang,Ejection OFF,pr136_gen1_m2,2,2500,2500,62.0,63.0,1.5873015873015872,47537.51379359131,,6.4346045999991475,True,2,02_fixed_2500_ejection_on_off/ejection_benchmark_20260807T133630Z.json
Fixed iteration,Dang,Ejection OFF,pr136_gen1_m2,3,2500,2500,62.0,63.0,1.5873015873015872,47968.71345209544,,6.405895700001565,True,2,02_fixed_2500_ejection_on_off/ejection_benchmark_20260807T133630Z.json
Fixed iteration,Dang,Ejection OFF,pr136_gen2_m2,0,2500,2500,3522.0,3646.0,3.4009873834339,48137.99418549889,,6.858903199998167,True,2,02_fixed_2500_ejection_on_off/ejection_benchmark_20260807T133630Z.json
Fixed iteration,Dang,Ejection OFF,pr136_gen2_m2,1,2500,2500,3477.0,3646.0,4.635216675809106,48335.10552540186,,8.053761200000736,True,2,02_fixed_2500_ejection_on_off/ejection_benchmark_20260807T133630Z.json
Fixed iteration,Dang,Ejection OFF,pr136_gen2_m2,2,2500,2500,3478.0,3646.0,4.607789358200768,48280.645221783736,,7.490155999999843,True,2,02_fixed_2500_ejection_on_off/ejection_benchmark_20260807T133630Z.json
Fixed iteration,Dang,Ejection OFF,pr136_gen2_m2,3,2500,2500,3493.0,3646.0,4.196379594075699,48314.238671939915,,7.92528239999956,True,2,02_fixed_2500_ejection_on_off/ejection_benchmark_20260807T133630Z.json
Fixed iteration,Dang,Ejection OFF,pr264_gen1_m4,0,2500,2500,106.0,107.0,0.9345794392523364,23694.914068841907,,19.23638380000193,True,2,02_fixed_2500_ejection_on_off/ejection_benchmark_20260807T133630Z.json
Fixed iteration,Dang,Ejection OFF,pr264_gen1_m4,1,2500,2500,106.0,107.0,0.9345794392523364,23934.45071876664,,18.946915600001375,True,2,02_fixed_2500_ejection_on_off/ejection_benchmark_20260807T133630Z.json
Fixed iteration,Dang,Ejection OFF,pr264_gen1_m4,2,2500,2500,106.0,107.0,0.9345794392523364,23815.98996797079,,19.362308899999334,True,2,02_fixed_2500_ejection_on_off/ejection_benchmark_20260807T133630Z.json
Fixed iteration,Dang,Ejection OFF,pr264_gen1_m4,3,2500,2500,106.0,107.0,0.9345794392523364,23751.5300251375,,19.25272749999931,True,2,02_fixed_2500_ejection_on_off/ejection_benchmark_20260807T133630Z.json
Fixed iteration,Dang,Ejection OFF,pr264_gen2_m2,0,2500,2500,6512.0,6635.0,1.8538055764883195,24539.94571170219,,44.859840000000986,True,2,02_fixed_2500_ejection_on_off/ejection_benchmark_20260807T133630Z.json
Fixed iteration,Dang,Ejection OFF,pr264_gen2_m2,1,2500,2500,6602.0,6635.0,0.49736247174076864,24471.057200307943,,35.141676299997926,True,2,02_fixed_2500_ejection_on_off/ejection_benchmark_20260807T133630Z.json
Fixed iteration,Dang,Ejection OFF,pr264_gen2_m2,2,2500,2500,6516.0,6635.0,1.7935192162773173,23878.587370942805,,52.61848489999829,True,2,02_fixed_2500_ejection_on_off/ejection_benchmark_20260807T133630Z.json
Fixed iteration,Dang,Ejection OFF,pr264_gen2_m2,3,2500,2500,6516.0,6635.0,1.7935192162773173,24111.62475365069,,38.24948000000222,True,2,02_fixed_2500_ejection_on_off/ejection_benchmark_20260807T133630Z.json
Fixed iteration,Dang,Ejection OFF,pr264_gen2_m3,0,2500,2500,6316.0,6420.0,1.6199376947040498,24490.676361656653,,22.49577020000288,True,2,02_fixed_2500_ejection_on_off/ejection_benchmark_20260807T133630Z.json
Fixed iteration,Dang,Ejection OFF,pr264_gen2_m3,1,2500,2500,6314.0,6420.0,1.6510903426791277,24366.492662925455,,24.18083630000183,True,2,02_fixed_2500_ejection_on_off/ejection_benchmark_20260807T133630Z.json
Fixed iteration,Dang,Ejection OFF,pr264_gen2_m3,2,2500,2500,6368.0,6420.0,0.8099688473520249,24467.643966638607,,24.64275869999983,True,2,02_fixed_2500_ejection_on_off/ejection_benchmark_20260807T133630Z.json
Fixed iteration,Dang,Ejection OFF,pr264_gen2_m3,3,2500,2500,6370.0,6420.0,0.778816199376947,24453.533110975317,,23.85521719999815,True,2,02_fixed_2500_ejection_on_off/ejection_benchmark_20260807T133630Z.json
Fixed iteration,Dang,Ejection OFF,pr264_gen2_m4,0,2500,2500,5381.0,5584.0,3.6353868194842405,23866.741427782472,,19.972165700000915,True,2,02_fixed_2500_ejection_on_off/ejection_benchmark_20260807T133630Z.json
Fixed iteration,Dang,Ejection OFF,pr264_gen2_m4,1,2500,2500,5523.0,5584.0,1.092406876790831,24370.168353418107,,16.815697199999704,True,2,02_fixed_2500_ejection_on_off/ejection_benchmark_20260807T133630Z.json
Fixed iteration,Dang,Ejection OFF,pr264_gen2_m4,2,2500,2500,5403.0,5584.0,3.241404011461318,24183.699094213043,,19.5657366000014,True,2,02_fixed_2500_ejection_on_off/ejection_benchmark_20260807T133630Z.json
Fixed iteration,Dang,Ejection OFF,pr264_gen2_m4,3,2500,2500,5432.0,5584.0,2.7220630372492836,24499.17025603799,,18.49991610000143,True,2,02_fixed_2500_ejection_on_off/ejection_benchmark_20260807T133630Z.json
Fixed iteration,Dang,Ejection OFF,pr264_gen3_m3,0,2500,2500,2730.0,2772.0,1.5151515151515151,24479.874502658808,,27.83149599999888,True,2,02_fixed_2500_ejection_on_off/ejection_benchmark_20260807T133630Z.json
Fixed iteration,Dang,Ejection OFF,pr264_gen3_m3,1,2500,2500,2706.0,2772.0,2.380952380952381,24522.593451621276,,28.858231099999102,True,2,02_fixed_2500_ejection_on_off/ejection_benchmark_20260807T133630Z.json
Fixed iteration,Dang,Ejection OFF,pr264_gen3_m3,2,2500,2500,2716.0,2772.0,2.0202020202020203,24409.205749445755,,28.03222160000223,True,2,02_fixed_2500_ejection_on_off/ejection_benchmark_20260807T133630Z.json
Fixed iteration,Dang,Ejection OFF,pr264_gen3_m3,3,2500,2500,2692.0,2772.0,2.886002886002886,24460.116983794116,,27.57706479999979,True,2,02_fixed_2500_ejection_on_off/ejection_benchmark_20260807T133630Z.json
Fixed iteration,Dang,Ejection OFF,pr299_gen1_m2,0,2500,2500,137.0,139.0,1.4388489208633093,24091.47656366561,,28.274924100001954,True,2,02_fixed_2500_ejection_on_off/ejection_benchmark_20260807T133630Z.json
Fixed iteration,Dang,Ejection OFF,pr299_gen1_m2,1,2500,2500,136.0,139.0,2.158273381294964,23932.605691356166,,28.45322849999866,True,2,02_fixed_2500_ejection_on_off/ejection_benchmark_20260807T133630Z.json
Fixed iteration,Dang,Ejection OFF,pr299_gen1_m2,2,2500,2500,135.0,139.0,2.8776978417266186,23893.915091252533,,28.525004600000102,True,2,02_fixed_2500_ejection_on_off/ejection_benchmark_20260807T133630Z.json
Fixed iteration,Dang,Ejection OFF,pr299_gen1_m2,3,2500,2500,137.0,139.0,1.4388489208633093,24046.974792978373,,28.42095210000116,True,2,02_fixed_2500_ejection_on_off/ejection_benchmark_20260807T133630Z.json
Fixed iteration,Dang,Ejection OFF,pr299_gen1_m3,0,2500,2500,108.0,111.0,2.7027027027027026,23928.07119991882,,20.7894469999992,True,2,02_fixed_2500_ejection_on_off/ejection_benchmark_20260807T133630Z.json
Fixed iteration,Dang,Ejection OFF,pr299_gen1_m3,1,2500,2500,110.0,111.0,0.9009009009009009,24026.84088854723,,20.316759999997885,True,2,02_fixed_2500_ejection_on_off/ejection_benchmark_20260807T133630Z.json
Fixed iteration,Dang,Ejection OFF,pr299_gen1_m3,2,2500,2500,108.0,111.0,2.7027027027027026,23915.193806201554,,19.84898649999741,True,2,02_fixed_2500_ejection_on_off/ejection_benchmark_20260807T133630Z.json
Fixed iteration,Dang,Ejection OFF,pr299_gen1_m3,3,2500,2500,110.0,111.0,0.9009009009009009,23910.636934458187,,20.590016500002093,True,2,02_fixed_2500_ejection_on_off/ejection_benchmark_20260807T133630Z.json
Fixed iteration,Dang,Ejection OFF,pr299_gen1_m4,0,2500,2500,83.0,84.0,1.1904761904761905,23762.644279842476,,15.7190737000019,True,2,02_fixed_2500_ejection_on_off/ejection_benchmark_20260807T133630Z.json
Fixed iteration,Dang,Ejection OFF,pr299_gen1_m4,1,2500,2500,83.0,84.0,1.1904761904761905,23856.55782517851,,15.922180800000206,True,2,02_fixed_2500_ejection_on_off/ejection_benchmark_20260807T133630Z.json
Fixed iteration,Dang,Ejection OFF,pr299_gen1_m4,2,2500,2500,83.0,84.0,1.1904761904761905,23845.486992317095,,15.563426199998503,True,2,02_fixed_2500_ejection_on_off/ejection_benchmark_20260807T133630Z.json
Fixed iteration,Dang,Ejection OFF,pr299_gen1_m4,3,2500,2500,82.0,84.0,2.380952380952381,23691.588418828152,,15.706973599997582,True,2,02_fixed_2500_ejection_on_off/ejection_benchmark_20260807T133630Z.json
Fixed iteration,Dang,Ejection OFF,pr299_gen2_m3,0,2500,2500,5747.0,6018.0,4.503157195081422,24042.97110278296,,21.995867699999508,True,2,02_fixed_2500_ejection_on_off/ejection_benchmark_20260807T133630Z.json
Fixed iteration,Dang,Ejection OFF,pr299_gen2_m3,1,2500,2500,5848.0,6018.0,2.824858757062147,24041.37458283651,,25.98568030000024,True,2,02_fixed_2500_ejection_on_off/ejection_benchmark_20260807T133630Z.json
Fixed iteration,Dang,Ejection OFF,pr299_gen2_m3,2,2500,2500,5848.0,6018.0,2.824858757062147,24041.37458283651,,25.958849899998313,True,2,02_fixed_2500_ejection_on_off/ejection_benchmark_20260807T133630Z.json
Fixed iteration,Dang,Ejection OFF,pr299_gen2_m3,3,2500,2500,5898.0,6018.0,1.9940179461615155,24015.10056211759,,26.034248399999342,True,2,02_fixed_2500_ejection_on_off/ejection_benchmark_20260807T133630Z.json
Fixed iteration,Dang,Ejection OFF,pr299_gen2_m4,0,2500,2500,4103.0,4457.0,7.9425622616109495,23977.295628224067,,14.91457789999913,True,2,02_fixed_2500_ejection_on_off/ejection_benchmark_20260807T133630Z.json
Fixed iteration,Dang,Ejection OFF,pr299_gen2_m4,1,2500,2500,4289.0,4457.0,3.7693515817814673,23766.87285165929,,16.119135100001586,True,2,02_fixed_2500_ejection_on_off/ejection_benchmark_20260807T133630Z.json
Fixed iteration,Dang,Ejection OFF,pr299_gen2_m4,2,2500,2500,4289.0,4457.0,3.7693515817814673,23719.080977673526,,16.02015290000054,True,2,02_fixed_2500_ejection_on_off/ejection_benchmark_20260807T133630Z.json
Fixed iteration,Dang,Ejection OFF,pr299_gen2_m4,3,2500,2500,4280.0,4457.0,3.9712811308054747,24064.95732485744,,15.10480760000064,True,2,02_fixed_2500_ejection_on_off/ejection_benchmark_20260807T133630Z.json
Fixed iteration,Dang,Ejection OFF,pr299_gen3_m2,0,2500,2500,4963.0,5729.0,13.370570780240879,24079.522101840193,,76.98923139999897,True,2,02_fixed_2500_ejection_on_off/ejection_benchmark_20260807T133630Z.json
Fixed iteration,Dang,Ejection OFF,pr299_gen3_m2,1,2500,2500,4735.0,5729.0,17.350322918484903,24017.35912589956,,60.50679410000157,True,2,02_fixed_2500_ejection_on_off/ejection_benchmark_20260807T133630Z.json
Fixed iteration,Dang,Ejection OFF,pr299_gen3_m2,2,2500,2500,5018.0,5729.0,12.410542852155698,24083.14000665214,,56.2557095000011,True,2,02_fixed_2500_ejection_on_off/ejection_benchmark_20260807T133630Z.json
Fixed iteration,Dang,Ejection OFF,pr299_gen3_m2,3,2500,2500,4904.0,5729.0,14.40041892127771,24071.490756894687,,49.67677149999872,True,2,02_fixed_2500_ejection_on_off/ejection_benchmark_20260807T133630Z.json
Fixed iteration,Dang,Ejection OFF,pr299_gen3_m3,0,2500,2500,3315.0,3655.0,9.30232558139535,23949.51408719494,,34.944201300000714,True,2,02_fixed_2500_ejection_on_off/ejection_benchmark_20260807T133630Z.json
Fixed iteration,Dang,Ejection OFF,pr299_gen3_m3,1,2500,2500,3335.0,3655.0,8.755129958960328,23992.734649862803,,38.48994870000024,True,2,02_fixed_2500_ejection_on_off/ejection_benchmark_20260807T133630Z.json
Fixed iteration,Dang,Ejection OFF,pr299_gen3_m3,2,2500,2500,3393.0,3655.0,7.168262653898768,24091.72678234007,,22.471860699999525,True,2,02_fixed_2500_ejection_on_off/ejection_benchmark_20260807T133630Z.json
Fixed iteration,Dang,Ejection OFF,pr299_gen3_m3,3,2500,2500,3327.0,3655.0,8.974008207934336,23970.173688700186,,37.46947369999907,True,2,02_fixed_2500_ejection_on_off/ejection_benchmark_20260807T133630Z.json
Fixed iteration,Dang,Ejection OFF,pr299_gen3_m4,0,2500,2500,2230.0,2268.0,1.6754850088183422,23953.743439405636,,18.94428539999717,True,2,02_fixed_2500_ejection_on_off/ejection_benchmark_20260807T133630Z.json
Fixed iteration,Dang,Ejection OFF,pr299_gen3_m4,1,2500,2500,2242.0,2268.0,1.146384479717813,24010.55593829243,,16.638667200000782,True,2,02_fixed_2500_ejection_on_off/ejection_benchmark_20260807T133630Z.json
Fixed iteration,Dang,Ejection OFF,pr299_gen3_m4,2,2500,2500,2231.0,2268.0,1.6313932980599648,23965.21535413915,,18.134426099997654,True,2,02_fixed_2500_ejection_on_off/ejection_benchmark_20260807T133630Z.json
Fixed iteration,Dang,Ejection OFF,pr299_gen3_m4,3,2500,2500,2138.0,2268.0,5.731922398589065,23968.16713665236,,25.003027399998246,True,2,02_fixed_2500_ejection_on_off/ejection_benchmark_20260807T133630Z.json
Fixed iteration,Dang,Ejection OFF,rat195_gen2_m2,0,2500,2500,4876.0,5148.0,5.283605283605284,1156.8794925560128,,14.725816999998642,True,2,02_fixed_2500_ejection_on_off/ejection_benchmark_20260807T133630Z.json
Fixed iteration,Dang,Ejection OFF,rat195_gen2_m2,1,2500,2500,4753.0,5148.0,7.672882672882673,1160.1009286497351,,14.07089879999694,True,2,02_fixed_2500_ejection_on_off/ejection_benchmark_20260807T133630Z.json
Fixed iteration,Dang,Ejection OFF,rat195_gen2_m2,2,2500,2500,4978.0,5148.0,3.3022533022533023,1161.2064036426414,,18.900792600001296,True,2,02_fixed_2500_ejection_on_off/ejection_benchmark_20260807T133630Z.json
Fixed iteration,Dang,Ejection OFF,rat195_gen2_m2,3,2500,2500,4780.0,5148.0,7.1484071484071485,1160.0815209711711,,18.682774599998083,True,2,02_fixed_2500_ejection_on_off/ejection_benchmark_20260807T133630Z.json
Fixed iteration,Dang,Ejection OFF,rat195_gen3_m3,0,2500,2500,2545.0,2574.0,1.1266511266511265,1156.8895425074418,,15.552349099998537,True,2,02_fixed_2500_ejection_on_off/ejection_benchmark_20260807T133630Z.json
Fixed iteration,Dang,Ejection OFF,rat195_gen3_m3,1,2500,2500,2522.0,2574.0,2.0202020202020203,1155.6620912298674,,13.392704100002447,True,2,02_fixed_2500_ejection_on_off/ejection_benchmark_20260807T133630Z.json
Fixed iteration,Dang,Ejection OFF,rat195_gen3_m3,2,2500,2500,2536.0,2574.0,1.4763014763014763,1157.642535606811,,14.22425949999888,True,2,02_fixed_2500_ejection_on_off/ejection_benchmark_20260807T133630Z.json
Fixed iteration,Dang,Ejection OFF,rat195_gen3_m3,3,2500,2500,2521.0,2574.0,2.059052059052059,1156.49974502269,,14.503891200001817,True,2,02_fixed_2500_ejection_on_off/ejection_benchmark_20260807T133630Z.json
Fixed iteration,Dang,Ejection OFF,rd400_gen1_m2,0,2500,2500,211.0,232.0,9.051724137931034,7593.968014537544,,81.20682579999993,True,2,02_fixed_2500_ejection_on_off/ejection_benchmark_20260807T133630Z.json
Fixed iteration,Dang,Ejection OFF,rd400_gen1_m2,1,2500,2500,215.0,232.0,7.327586206896552,7592.2026449209,,76.07950440000059,True,2,02_fixed_2500_ejection_on_off/ejection_benchmark_20260807T133630Z.json
Fixed iteration,Dang,Ejection OFF,rd400_gen1_m2,2,2500,2500,212.0,232.0,8.620689655172415,7625.593685933496,,85.28792320000139,True,2,02_fixed_2500_ejection_on_off/ejection_benchmark_20260807T133630Z.json
Fixed iteration,Dang,Ejection OFF,rd400_gen1_m2,3,2500,2500,212.0,232.0,8.620689655172415,7618.161274763095,,83.9124937000015,True,2,02_fixed_2500_ejection_on_off/ejection_benchmark_20260807T133630Z.json
Fixed iteration,Dang,Ejection OFF,rd400_gen1_m3,0,2500,2500,216.0,224.0,3.5714285714285716,7580.011218876029,,76.88844519999839,True,2,02_fixed_2500_ejection_on_off/ejection_benchmark_20260807T133630Z.json
Fixed iteration,Dang,Ejection OFF,rd400_gen1_m3,1,2500,2500,212.0,224.0,5.357142857142857,7616.253169264643,,76.09933089999686,True,2,02_fixed_2500_ejection_on_off/ejection_benchmark_20260807T133630Z.json
Fixed iteration,Dang,Ejection OFF,rd400_gen1_m3,2,2500,2500,214.0,224.0,4.464285714285714,7612.973550027205,,73.20419209999818,True,2,02_fixed_2500_ejection_on_off/ejection_benchmark_20260807T133630Z.json
Fixed iteration,Dang,Ejection OFF,rd400_gen1_m3,3,2500,2500,203.0,224.0,9.375,7619.412996574604,,66.24141159999999,True,2,02_fixed_2500_ejection_on_off/ejection_benchmark_20260807T133630Z.json
Fixed iteration,Dang,Ejection OFF,rd400_gen1_m4,0,2500,2500,202.0,213.0,5.164319248826291,7586.121696399922,,61.03230790000089,True,2,02_fixed_2500_ejection_on_off/ejection_benchmark_20260807T133630Z.json
Fixed iteration,Dang,Ejection OFF,rd400_gen1_m4,1,2500,2500,207.0,213.0,2.816901408450704,7583.435260577645,,67.37333559999752,True,2,02_fixed_2500_ejection_on_off/ejection_benchmark_20260807T133630Z.json
Fixed iteration,Dang,Ejection OFF,rd400_gen1_m4,2,2500,2500,207.0,213.0,2.816901408450704,7597.610511689649,,61.92710409999927,True,2,02_fixed_2500_ejection_on_off/ejection_benchmark_20260807T133630Z.json
Fixed iteration,Dang,Ejection OFF,rd400_gen1_m4,3,2500,2500,202.0,213.0,5.164319248826291,7551.108633492279,,67.69747570000254,True,2,02_fixed_2500_ejection_on_off/ejection_benchmark_20260807T133630Z.json
Fixed iteration,Dang,Ejection OFF,rd400_gen2_m2,0,2500,2500,12135.0,13045.0,6.97585281717133,7631.490545490513,,113.86430769999788,True,2,02_fixed_2500_ejection_on_off/ejection_benchmark_20260807T133630Z.json
Fixed iteration,Dang,Ejection OFF,rd400_gen2_m2,1,2500,2500,12237.0,13045.0,6.193944039862016,7635.763460437942,,138.90578719999758,True,2,02_fixed_2500_ejection_on_off/ejection_benchmark_20260807T133630Z.json
Fixed iteration,Dang,Ejection OFF,rd400_gen2_m2,2,2500,2500,12236.0,13045.0,6.201609812188578,7636.181690541338,,132.3435529999988,True,2,02_fixed_2500_ejection_on_off/ejection_benchmark_20260807T133630Z.json
Fixed iteration,Dang,Ejection OFF,rd400_gen2_m2,3,2500,2500,11770.0,13045.0,9.773859716366424,7634.955873700181,,143.78136359999917,True,2,02_fixed_2500_ejection_on_off/ejection_benchmark_20260807T133630Z.json
Fixed iteration,Dang,Ejection OFF,rd400_gen2_m3,0,2500,2500,10965.0,12646.0,13.292740787600822,7619.11033151859,,109.6706873999974,True,2,02_fixed_2500_ejection_on_off/ejection_benchmark_20260807T133630Z.json
Fixed iteration,Dang,Ejection OFF,rd400_gen2_m3,1,2500,2500,11283.0,12646.0,10.77811165585956,7628.130698332778,,82.42837470000086,True,2,02_fixed_2500_ejection_on_off/ejection_benchmark_20260807T133630Z.json
Fixed iteration,Dang,Ejection OFF,rd400_gen2_m3,2,2500,2500,11224.0,12646.0,11.244662343824134,7633.821797719076,,94.63648069999908,True,2,02_fixed_2500_ejection_on_off/ejection_benchmark_20260807T133630Z.json
Fixed iteration,Dang,Ejection OFF,rd400_gen2_m3,3,2500,2500,11328.0,12646.0,10.422267910801835,7633.955422737769,,87.02850100000069,True,2,02_fixed_2500_ejection_on_off/ejection_benchmark_20260807T133630Z.json
Fixed iteration,Dang,Ejection OFF,rd400_gen2_m4,0,2500,2500,10398.0,12032.0,13.580452127659575,7628.78780833475,,66.08755000000019,True,2,02_fixed_2500_ejection_on_off/ejection_benchmark_20260807T133630Z.json
Fixed iteration,Dang,Ejection OFF,rd400_gen2_m4,1,2500,2500,10475.0,12032.0,12.940492021276595,7624.040491921471,,70.16200140000001,True,2,02_fixed_2500_ejection_on_off/ejection_benchmark_20260807T133630Z.json
Fixed iteration,Dang,Ejection OFF,rd400_gen2_m4,2,2500,2500,10258.0,12032.0,14.744015957446809,7619.514778570605,,65.76227110000036,True,2,02_fixed_2500_ejection_on_off/ejection_benchmark_20260807T133630Z.json
Fixed iteration,Dang,Ejection OFF,rd400_gen2_m4,3,2500,2500,10402.0,12032.0,13.54720744680851,7623.1279895364005,,70.49805709999782,True,2,02_fixed_2500_ejection_on_off/ejection_benchmark_20260807T133630Z.json
Fixed iteration,Dang,Ejection OFF,rd400_gen3_m2,0,2500,2500,10602.0,12431.0,14.713216957605985,7629.5281740011615,,103.30537099999856,True,2,02_fixed_2500_ejection_on_off/ejection_benchmark_20260807T133630Z.json
Fixed iteration,Dang,Ejection OFF,rd400_gen3_m2,1,2500,2500,10777.0,12431.0,13.305446062263696,7627.414541305996,,99.97652430000016,True,2,02_fixed_2500_ejection_on_off/ejection_benchmark_20260807T133630Z.json
Fixed iteration,Dang,Ejection OFF,rd400_gen3_m2,2,2500,2500,11132.0,12431.0,10.44968224599791,7635.505228698194,,138.11181759999818,True,2,02_fixed_2500_ejection_on_off/ejection_benchmark_20260807T133630Z.json
Fixed iteration,Dang,Ejection OFF,rd400_gen3_m2,3,2500,2500,10663.0,12431.0,14.222508245515245,7640.005237149224,,133.85054030000174,True,2,02_fixed_2500_ejection_on_off/ejection_benchmark_20260807T133630Z.json
Fixed iteration,Dang,Ejection OFF,rd400_gen3_m3,0,2500,2500,10340.0,11639.0,11.16075264197955,7620.654228191841,,81.1464068000023,True,2,02_fixed_2500_ejection_on_off/ejection_benchmark_20260807T133630Z.json
Fixed iteration,Dang,Ejection OFF,rd400_gen3_m3,1,2500,2500,10355.0,11639.0,11.031875590686486,7619.756847107635,,75.35554070000217,True,2,02_fixed_2500_ejection_on_off/ejection_benchmark_20260807T133630Z.json
Fixed iteration,Dang,Ejection OFF,rd400_gen3_m3,2,2500,2500,9892.0,11639.0,15.009880573932469,7630.392288923146,,79.55030220000117,True,2,02_fixed_2500_ejection_on_off/ejection_benchmark_20260807T133630Z.json
Fixed iteration,Dang,Ejection OFF,rd400_gen3_m3,3,2500,2500,10475.0,11639.0,10.000859180341953,7613.65236555844,,76.74373230000128,True,2,02_fixed_2500_ejection_on_off/ejection_benchmark_20260807T133630Z.json
Fixed iteration,Dang,Ejection OFF,rd400_gen3_m4,0,2500,2500,9137.0,10436.0,12.447297815254887,7634.2051398646445,,71.29306360000191,True,2,02_fixed_2500_ejection_on_off/ejection_benchmark_20260807T133630Z.json
Fixed iteration,Dang,Ejection OFF,rd400_gen3_m4,1,2500,2500,9118.0,10436.0,12.629359908010732,7628.631442691694,,69.67033439999796,True,2,02_fixed_2500_ejection_on_off/ejection_benchmark_20260807T133630Z.json
Fixed iteration,Dang,Ejection OFF,rd400_gen3_m4,2,2500,2500,9247.0,10436.0,11.393254120352626,7618.685127506134,,77.00756920000276,True,2,02_fixed_2500_ejection_on_off/ejection_benchmark_20260807T133630Z.json
Fixed iteration,Dang,Ejection OFF,rd400_gen3_m4,3,2500,2500,9239.0,10436.0,11.469911843618245,7611.223758162492,,70.64368269999977,True,2,02_fixed_2500_ejection_on_off/ejection_benchmark_20260807T133630Z.json
Fixed iteration,Dang,Ejection OFF,ts225_gen2_m2,0,2500,2500,5596.0,5859.0,4.488820617852876,63182.36758993656,,18.397409000001062,True,2,02_fixed_2500_ejection_on_off/ejection_benchmark_20260807T133630Z.json
Fixed iteration,Dang,Ejection OFF,ts225_gen2_m2,1,2500,2500,5859.0,5859.0,0.0,62975.68475729039,,20.61144090000016,True,2,02_fixed_2500_ejection_on_off/ejection_benchmark_20260807T133630Z.json
Fixed iteration,Dang,Ejection OFF,ts225_gen2_m2,2,2500,2500,5273.0,5859.0,10.001706775900324,63227.03520989542,,20.52415530000144,True,2,02_fixed_2500_ejection_on_off/ejection_benchmark_20260807T133630Z.json
Fixed iteration,Dang,Ejection OFF,ts225_gen2_m2,3,2500,2500,5569.0,5859.0,4.949650110940434,63227.03520989542,,18.949025199999596,True,2,02_fixed_2500_ejection_on_off/ejection_benchmark_20260807T133630Z.json
Fixed iteration,Dang,Ejection ON,bier127_gen1_m2,0,2500,2500,104.0,106.0,1.8867924528301887,58575.27109459401,,17.88008339999942,True,2,02_fixed_2500_ejection_on_off/ejection_benchmark_20260807T133630Z.json
Fixed iteration,Dang,Ejection ON,bier127_gen1_m2,1,2500,2500,102.0,106.0,3.7735849056603774,57086.18545069445,,17.194168599999102,True,2,02_fixed_2500_ejection_on_off/ejection_benchmark_20260807T133630Z.json
Fixed iteration,Dang,Ejection ON,bier127_gen1_m2,2,2500,2500,105.0,106.0,0.9433962264150944,58066.29753296581,,16.979494300001534,True,2,02_fixed_2500_ejection_on_off/ejection_benchmark_20260807T133630Z.json
Fixed iteration,Dang,Ejection ON,bier127_gen1_m2,3,2500,2500,103.0,106.0,2.830188679245283,58611.19066206626,,16.558103100000153,True,2,02_fixed_2500_ejection_on_off/ejection_benchmark_20260807T133630Z.json
Fixed iteration,Dang,Ejection ON,bier127_gen1_m3,0,2500,2500,102.0,103.0,0.970873786407767,58371.867980361814,,14.191497699997853,True,2,02_fixed_2500_ejection_on_off/ejection_benchmark_20260807T133630Z.json
Fixed iteration,Dang,Ejection ON,bier127_gen1_m3,1,2500,2500,102.0,103.0,0.970873786407767,58452.52500027385,,14.200199800001428,True,2,02_fixed_2500_ejection_on_off/ejection_benchmark_20260807T133630Z.json
Fixed iteration,Dang,Ejection ON,bier127_gen1_m3,2,2500,2500,101.0,103.0,1.941747572815534,56597.475316419535,,13.383512500000506,True,2,02_fixed_2500_ejection_on_off/ejection_benchmark_20260807T133630Z.json
Fixed iteration,Dang,Ejection ON,bier127_gen1_m3,3,2500,2500,101.0,103.0,1.941747572815534,57659.98185873368,,14.528464799997892,True,2,02_fixed_2500_ejection_on_off/ejection_benchmark_20260807T133630Z.json
Fixed iteration,Dang,Ejection ON,bier127_gen2_m2,0,2500,2500,5407.0,5464.0,1.0431918008784773,58925.902848167156,,26.087607400000707,True,2,02_fixed_2500_ejection_on_off/ejection_benchmark_20260807T133630Z.json
Fixed iteration,Dang,Ejection ON,bier127_gen2_m2,1,2500,2500,5431.0,5464.0,0.6039531478770132,58820.97854448079,,24.670523900000262,True,2,02_fixed_2500_ejection_on_off/ejection_benchmark_20260807T133630Z.json
Fixed iteration,Dang,Ejection ON,bier127_gen2_m2,2,2500,2500,5404.0,5464.0,1.0980966325036603,58926.802697340136,,28.347139000001334,True,2,02_fixed_2500_ejection_on_off/ejection_benchmark_20260807T133630Z.json
Fixed iteration,Dang,Ejection ON,bier127_gen2_m2,3,2500,2500,5400.0,5464.0,1.171303074670571,58983.12211178806,,23.031638500000554,True,2,02_fixed_2500_ejection_on_off/ejection_benchmark_20260807T133630Z.json
Fixed iteration,Dang,Ejection ON,bier127_gen2_m3,0,2500,2500,5164.0,5393.0,4.246245132579269,59111.61386207455,,17.176563799999713,True,2,02_fixed_2500_ejection_on_off/ejection_benchmark_20260807T133630Z.json
Fixed iteration,Dang,Ejection ON,bier127_gen2_m3,1,2500,2500,5154.0,5393.0,4.431670684220285,59084.078870365054,,15.970073799999227,True,2,02_fixed_2500_ejection_on_off/ejection_benchmark_20260807T133630Z.json
Fixed iteration,Dang,Ejection ON,bier127_gen2_m3,2,2500,2500,5140.0,5393.0,4.691266456517708,59015.87175693999,,16.377152599998226,True,2,02_fixed_2500_ejection_on_off/ejection_benchmark_20260807T133630Z.json
Fixed iteration,Dang,Ejection ON,bier127_gen2_m3,3,2500,2500,5310.0,5393.0,1.539032078620434,58721.38589446632,,17.38497549999738,True,2,02_fixed_2500_ejection_on_off/ejection_benchmark_20260807T133630Z.json
Fixed iteration,Dang,Ejection ON,bier127_gen2_m4,0,2500,2500,5057.0,5123.0,1.2883076322467304,58842.626290453285,,15.353693600001861,True,2,02_fixed_2500_ejection_on_off/ejection_benchmark_20260807T133630Z.json
Fixed iteration,Dang,Ejection ON,bier127_gen2_m4,1,2500,2500,5035.0,5123.0,1.7177435096623073,58573.041563449464,,16.719758499999443,True,2,02_fixed_2500_ejection_on_off/ejection_benchmark_20260807T133630Z.json
Fixed iteration,Dang,Ejection ON,bier127_gen2_m4,2,2500,2500,5054.0,5123.0,1.3468670700761272,58754.68399934002,,14.883770899999945,True,2,02_fixed_2500_ejection_on_off/ejection_benchmark_20260807T133630Z.json
Fixed iteration,Dang,Ejection ON,bier127_gen2_m4,3,2500,2500,5037.0,5123.0,1.6787038844427093,58820.49738882729,,17.929288200000883,True,2,02_fixed_2500_ejection_on_off/ejection_benchmark_20260807T133630Z.json
Fixed iteration,Dang,Ejection ON,bier127_gen3_m2,0,2500,2500,2885.0,2885.0,0.0,59057.74364775776,,27.42658870000014,True,2,02_fixed_2500_ejection_on_off/ejection_benchmark_20260807T133630Z.json
Fixed iteration,Dang,Ejection ON,bier127_gen3_m2,1,2500,2500,2885.0,2885.0,0.0,59057.74364775776,,27.926287800000864,True,2,02_fixed_2500_ejection_on_off/ejection_benchmark_20260807T133630Z.json
Fixed iteration,Dang,Ejection ON,bier127_gen3_m2,2,2500,2500,2704.0,2885.0,6.273830155979203,58947.29947985023,,26.874661800000467,True,2,02_fixed_2500_ejection_on_off/ejection_benchmark_20260807T133630Z.json
Fixed iteration,Dang,Ejection ON,bier127_gen3_m2,3,2500,2500,2825.0,2885.0,2.079722703639515,59072.273813976586,,35.3205624000002,True,2,02_fixed_2500_ejection_on_off/ejection_benchmark_20260807T133630Z.json
Fixed iteration,Dang,Ejection ON,bier127_gen3_m3,0,2500,2500,2690.0,2706.0,0.5912786400591279,58945.63125475195,,23.562013900002057,True,2,02_fixed_2500_ejection_on_off/ejection_benchmark_20260807T133630Z.json
Fixed iteration,Dang,Ejection ON,bier127_gen3_m3,1,2500,2500,2662.0,2706.0,1.6260162601626016,59015.25180854664,,25.971955400000297,True,2,02_fixed_2500_ejection_on_off/ejection_benchmark_20260807T133630Z.json
Fixed iteration,Dang,Ejection ON,bier127_gen3_m3,2,2500,2500,2675.0,2706.0,1.1456023651145602,58713.348067394625,,23.110342399999354,True,2,02_fixed_2500_ejection_on_off/ejection_benchmark_20260807T133630Z.json
Fixed iteration,Dang,Ejection ON,bier127_gen3_m3,3,2500,2500,2662.0,2706.0,1.6260162601626016,59015.25180854664,,26.35071489999973,True,2,02_fixed_2500_ejection_on_off/ejection_benchmark_20260807T133630Z.json
Fixed iteration,Dang,Ejection ON,bier127_gen3_m4,0,2500,2500,2345.0,2402.0,2.373022481265612,58892.20354452245,,19.27493709999908,True,2,02_fixed_2500_ejection_on_off/ejection_benchmark_20260807T133630Z.json
Fixed iteration,Dang,Ejection ON,bier127_gen3_m4,1,2500,2500,2287.0,2402.0,4.787676935886761,58463.939785095325,,21.017026099998475,True,2,02_fixed_2500_ejection_on_off/ejection_benchmark_20260807T133630Z.json
Fixed iteration,Dang,Ejection ON,bier127_gen3_m4,2,2500,2500,2402.0,2402.0,0.0,59081.36899671893,,17.904684199998883,True,2,02_fixed_2500_ejection_on_off/ejection_benchmark_20260807T133630Z.json
Fixed iteration,Dang,Ejection ON,bier127_gen3_m4,3,2500,2500,2238.0,2402.0,6.827643630308077,58995.22142271509,,17.150093000000197,True,2,02_fixed_2500_ejection_on_off/ejection_benchmark_20260807T133630Z.json
Fixed iteration,Dang,Ejection ON,cmt101c_m3,0,2500,2500,1290.0,1300.0,0.7692307692307693,374.4411391775405,,9.475089600000501,True,2,02_fixed_2500_ejection_on_off/ejection_benchmark_20260807T133630Z.json
Fixed iteration,Dang,Ejection ON,cmt101c_m3,1,2500,2500,1290.0,1300.0,0.7692307692307693,374.4411391775405,,9.157140999999683,True,2,02_fixed_2500_ejection_on_off/ejection_benchmark_20260807T133630Z.json
Fixed iteration,Dang,Ejection ON,cmt101c_m3,2,2500,2500,1270.0,1300.0,2.3076923076923075,371.5101678759631,,9.602888800000073,True,2,02_fixed_2500_ejection_on_off/ejection_benchmark_20260807T133630Z.json
Fixed iteration,Dang,Ejection ON,cmt101c_m3,3,2500,2500,1280.0,1300.0,1.5384615384615385,373.09381572127904,,8.969408100001601,True,2,02_fixed_2500_ejection_on_off/ejection_benchmark_20260807T133630Z.json
Fixed iteration,Dang,Ejection ON,cmt151b_m3,0,2500,2500,1375.0,1385.0,0.7220216606498195,348.8651427871017,,15.983698700001696,True,2,02_fixed_2500_ejection_on_off/ejection_benchmark_20260807T133630Z.json
Fixed iteration,Dang,Ejection ON,cmt151b_m3,1,2500,2500,1382.0,1385.0,0.21660649819494585,348.96181239993643,,14.929801499998575,True,2,02_fixed_2500_ejection_on_off/ejection_benchmark_20260807T133630Z.json
Fixed iteration,Dang,Ejection ON,cmt151b_m3,2,2500,2500,1370.0,1385.0,1.0830324909747293,348.2333685014396,,16.826560500001506,True,2,02_fixed_2500_ejection_on_off/ejection_benchmark_20260807T133630Z.json
Fixed iteration,Dang,Ejection ON,cmt151b_m3,3,2500,2500,1381.0,1385.0,0.2888086642599278,347.69852987842677,,15.095297600000777,True,2,02_fixed_2500_ejection_on_off/ejection_benchmark_20260807T133630Z.json
Fixed iteration,Dang,Ejection ON,cmt151c_m2,0,2500,2500,1923.0,1964.0,2.0875763747454177,524.6912175483026,,23.658715699999448,True,2,02_fixed_2500_ejection_on_off/ejection_benchmark_20260807T133630Z.json
Fixed iteration,Dang,Ejection ON,cmt151c_m2,1,2500,2500,1940.0,1964.0,1.2219959266802445,523.9449203698045,,23.33232990000033,True,2,02_fixed_2500_ejection_on_off/ejection_benchmark_20260807T133630Z.json
Fixed iteration,Dang,Ejection ON,cmt151c_m2,2,2500,2500,1933.0,1964.0,1.5784114052953158,524.2939536608048,,22.717294900001434,True,2,02_fixed_2500_ejection_on_off/ejection_benchmark_20260807T133630Z.json
Fixed iteration,Dang,Ejection ON,cmt151c_m2,3,2500,2500,1909.0,1964.0,2.8004073319755602,524.3435144073261,,23.46370029999889,True,2,02_fixed_2500_ejection_on_off/ejection_benchmark_20260807T133630Z.json
Fixed iteration,Dang,Ejection ON,cmt151c_m3,0,2500,2500,1897.0,1916.0,0.9916492693110647,522.748372997792,,19.18899650000094,True,2,02_fixed_2500_ejection_on_off/ejection_benchmark_20260807T133630Z.json
Fixed iteration,Dang,Ejection ON,cmt151c_m3,1,2500,2500,1896.0,1916.0,1.0438413361169103,523.9915345385451,,20.087255899998127,True,2,02_fixed_2500_ejection_on_off/ejection_benchmark_20260807T133630Z.json
Fixed iteration,Dang,Ejection ON,cmt151c_m3,2,2500,2500,1902.0,1916.0,0.7306889352818372,523.6840972233983,,19.374600800001645,True,2,02_fixed_2500_ejection_on_off/ejection_benchmark_20260807T133630Z.json
Fixed iteration,Dang,Ejection ON,cmt151c_m3,3,2500,2500,1900.0,1916.0,0.8350730688935282,524.149193912026,,19.186988500001462,True,2,02_fixed_2500_ejection_on_off/ejection_benchmark_20260807T133630Z.json
Fixed iteration,Dang,Ejection ON,cmt151c_m4,0,2500,2500,1874.0,1880.0,0.3191489361702128,523.049219410601,,16.848051799999666,True,2,02_fixed_2500_ejection_on_off/ejection_benchmark_20260807T133630Z.json
Fixed iteration,Dang,Ejection ON,cmt151c_m4,1,2500,2500,1876.0,1880.0,0.2127659574468085,522.8139992597775,,16.272492000000057,True,2,02_fixed_2500_ejection_on_off/ejection_benchmark_20260807T133630Z.json
Fixed iteration,Dang,Ejection ON,cmt151c_m4,2,2500,2500,1858.0,1880.0,1.1702127659574468,522.3182957457698,,17.250995899998088,True,2,02_fixed_2500_ejection_on_off/ejection_benchmark_20260807T133630Z.json
Fixed iteration,Dang,Ejection ON,cmt151c_m4,3,2500,2500,1767.0,1880.0,6.01063829787234,523.1681611381998,,16.360993099999178,True,2,02_fixed_2500_ejection_on_off/ejection_benchmark_20260807T133630Z.json
Fixed iteration,Dang,Ejection ON,cmt200b_m2,0,2500,2500,2063.0,2096.0,1.5744274809160306,381.224640405008,,40.610127300002205,True,2,02_fixed_2500_ejection_on_off/ejection_benchmark_20260807T133630Z.json
Fixed iteration,Dang,Ejection ON,cmt200b_m2,1,2500,2500,2018.0,2096.0,3.7213740458015265,380.6311088144404,,42.42292230000021,True,2,02_fixed_2500_ejection_on_off/ejection_benchmark_20260807T133630Z.json
Fixed iteration,Dang,Ejection ON,cmt200b_m2,2,2500,2500,2039.0,2096.0,2.719465648854962,381.2903359171087,,38.07483560000037,True,2,02_fixed_2500_ejection_on_off/ejection_benchmark_20260807T133630Z.json
Fixed iteration,Dang,Ejection ON,cmt200b_m2,3,2500,2500,2036.0,2096.0,2.8625954198473282,381.1679685333454,,35.517047499997716,True,2,02_fixed_2500_ejection_on_off/ejection_benchmark_20260807T133630Z.json
Fixed iteration,Dang,Ejection ON,cmt200b_m3,0,2500,2500,1946.0,2019.0,3.615651312530956,380.44600158782566,,28.00729080000019,True,2,02_fixed_2500_ejection_on_off/ejection_benchmark_20260807T133630Z.json
Fixed iteration,Dang,Ejection ON,cmt200b_m3,1,2500,2500,1959.0,2019.0,2.971768202080238,381.6777542557919,,29.307820099998935,True,2,02_fixed_2500_ejection_on_off/ejection_benchmark_20260807T133630Z.json
Fixed iteration,Dang,Ejection ON,cmt200b_m3,2,2500,2500,1957.0,2019.0,3.070827142149579,381.35774626398745,,27.49538599999869,True,2,02_fixed_2500_ejection_on_off/ejection_benchmark_20260807T133630Z.json
Fixed iteration,Dang,Ejection ON,cmt200b_m3,3,2500,2500,1918.0,2019.0,5.0024764735017335,381.28196960843115,,27.137715500000922,True,2,02_fixed_2500_ejection_on_off/ejection_benchmark_20260807T133630Z.json
Fixed iteration,Dang,Ejection ON,cmt200b_m4,0,2500,2500,1878.0,1894.0,0.8447729672650475,380.90820316151076,,22.30029790000117,True,2,02_fixed_2500_ejection_on_off/ejection_benchmark_20260807T133630Z.json
Fixed iteration,Dang,Ejection ON,cmt200b_m4,1,2500,2500,1862.0,1894.0,1.689545934530095,379.4008951262061,,23.420589299999847,True,2,02_fixed_2500_ejection_on_off/ejection_benchmark_20260807T133630Z.json
Fixed iteration,Dang,Ejection ON,cmt200b_m4,2,2500,2500,1878.0,1894.0,0.8447729672650475,380.741372844569,,22.9010279000031,True,2,02_fixed_2500_ejection_on_off/ejection_benchmark_20260807T133630Z.json
Fixed iteration,Dang,Ejection ON,cmt200b_m4,3,2500,2500,1874.0,1894.0,1.0559662090813093,380.22814867254544,,23.194615699998394,True,2,02_fixed_2500_ejection_on_off/ejection_benchmark_20260807T133630Z.json
Fixed iteration,Dang,Ejection ON,cmt200c_m2,0,2500,2500,2767.0,2818.0,1.8097941802696949,572.1010645074937,,50.155529900002875,True,2,02_fixed_2500_ejection_on_off/ejection_benchmark_20260807T133630Z.json
Fixed iteration,Dang,Ejection ON,cmt200c_m2,1,2500,2500,2731.0,2818.0,3.0872959545777148,572.542915471475,,44.725231899999926,True,2,02_fixed_2500_ejection_on_off/ejection_benchmark_20260807T133630Z.json
Fixed iteration,Dang,Ejection ON,cmt200c_m2,2,2500,2500,2762.0,2818.0,1.98722498225692,572.3973072144593,,47.74743709999893,True,2,02_fixed_2500_ejection_on_off/ejection_benchmark_20260807T133630Z.json
Fixed iteration,Dang,Ejection ON,cmt200c_m2,3,2500,2500,2757.0,2818.0,2.164655784244145,572.0332137855994,,47.67730499999743,True,2,02_fixed_2500_ejection_on_off/ejection_benchmark_20260807T133630Z.json
Fixed iteration,Dang,Ejection ON,cmt200c_m3,0,2500,2500,2685.0,2766.0,2.928416485900217,572.0541223032262,,34.40901510000185,True,2,02_fixed_2500_ejection_on_off/ejection_benchmark_20260807T133630Z.json
Fixed iteration,Dang,Ejection ON,cmt200c_m3,1,2500,2500,2740.0,2766.0,0.9399855386840202,569.8510468392009,,35.334879199999705,True,2,02_fixed_2500_ejection_on_off/ejection_benchmark_20260807T133630Z.json
Fixed iteration,Dang,Ejection ON,cmt200c_m3,2,2500,2500,2726.0,2766.0,1.4461315979754157,570.4135138720442,,39.06336899999951,True,2,02_fixed_2500_ejection_on_off/ejection_benchmark_20260807T133630Z.json
Fixed iteration,Dang,Ejection ON,cmt200c_m3,3,2500,2500,2703.0,2766.0,2.27765726681128,572.3761254148017,,36.053178999998636,True,2,02_fixed_2500_ejection_on_off/ejection_benchmark_20260807T133630Z.json
Fixed iteration,Dang,Ejection ON,cmt200c_m4,0,2500,2500,2695.0,2712.0,0.6268436578171092,570.7992431815844,,31.441373399997246,True,2,02_fixed_2500_ejection_on_off/ejection_benchmark_20260807T133630Z.json
Fixed iteration,Dang,Ejection ON,cmt200c_m4,1,2500,2500,2655.0,2712.0,2.101769911504425,571.6361733736105,,33.32751040000221,True,2,02_fixed_2500_ejection_on_off/ejection_benchmark_20260807T133630Z.json
Fixed iteration,Dang,Ejection ON,cmt200c_m4,2,2500,2500,2702.0,2712.0,0.3687315634218289,571.4432565067874,,30.46652290000202,True,2,02_fixed_2500_ejection_on_off/ejection_benchmark_20260807T133630Z.json
Fixed iteration,Dang,Ejection ON,cmt200c_m4,3,2500,2500,2669.0,2712.0,1.5855457227138643,569.3050643477375,,34.54401710000093,True,2,02_fixed_2500_ejection_on_off/ejection_benchmark_20260807T133630Z.json
Fixed iteration,Dang,Ejection ON,eil101b_m3,0,2500,2500,905.0,916.0,1.2008733624454149,312.74781205699367,,7.007839999998396,True,2,02_fixed_2500_ejection_on_off/ejection_benchmark_20260807T133630Z.json
Fixed iteration,Dang,Ejection ON,eil101b_m3,1,2500,2500,903.0,916.0,1.4192139737991267,312.82094044582794,,7.333623200000147,True,2,02_fixed_2500_ejection_on_off/ejection_benchmark_20260807T133630Z.json
Fixed iteration,Dang,Ejection ON,eil101b_m3,2,2500,2500,905.0,916.0,1.2008733624454149,312.74781205699367,,7.363508000002184,True,2,02_fixed_2500_ejection_on_off/ejection_benchmark_20260807T133630Z.json
Fixed iteration,Dang,Ejection ON,eil101b_m3,3,2500,2500,916.0,916.0,0.0,313.32899202216595,,7.691468500001065,True,2,02_fixed_2500_ejection_on_off/ejection_benchmark_20260807T133630Z.json
Fixed iteration,Dang,Ejection ON,eil101c_m2,0,2500,2500,1297.0,1305.0,0.6130268199233716,470.3494749709462,,11.27744729999904,True,2,02_fixed_2500_ejection_on_off/ejection_benchmark_20260807T133630Z.json
Fixed iteration,Dang,Ejection ON,eil101c_m2,1,2500,2500,1288.0,1305.0,1.3026819923371646,471.4984894984383,,10.888415500001429,True,2,02_fixed_2500_ejection_on_off/ejection_benchmark_20260807T133630Z.json
Fixed iteration,Dang,Ejection ON,eil101c_m2,2,2500,2500,1303.0,1305.0,0.1532567049808429,471.27856296487334,,11.315747900000133,True,2,02_fixed_2500_ejection_on_off/ejection_benchmark_20260807T133630Z.json
Fixed iteration,Dang,Ejection ON,eil101c_m2,3,2500,2500,1293.0,1305.0,0.9195402298850575,471.3985040544215,,10.940436699998827,True,2,02_fixed_2500_ejection_on_off/ejection_benchmark_20260807T133630Z.json
Fixed iteration,Dang,Ejection ON,eil101c_m3,0,2500,2500,1238.0,1251.0,1.0391686650679457,468.07292792831265,,10.17515210000056,True,2,02_fixed_2500_ejection_on_off/ejection_benchmark_20260807T133630Z.json
Fixed iteration,Dang,Ejection ON,eil101c_m3,1,2500,2500,1203.0,1251.0,3.8369304556354917,469.86525779924034,,9.050142600000981,True,2,02_fixed_2500_ejection_on_off/ejection_benchmark_20260807T133630Z.json
Fixed iteration,Dang,Ejection ON,eil101c_m3,2,2500,2500,1238.0,1251.0,1.0391686650679457,468.07292792831265,,10.052187699999195,True,2,02_fixed_2500_ejection_on_off/ejection_benchmark_20260807T133630Z.json
Fixed iteration,Dang,Ejection ON,eil101c_m3,3,2500,2500,1202.0,1251.0,3.9168665067945643,470.7411642188313,,8.980374400001892,True,2,02_fixed_2500_ejection_on_off/ejection_benchmark_20260807T133630Z.json
Fixed iteration,Dang,Ejection ON,gil262_gen1_m3,0,2500,2500,98.0,101.0,2.9702970297029703,1178.4493481788504,,25.293545099997573,True,2,02_fixed_2500_ejection_on_off/ejection_benchmark_20260807T133630Z.json
Fixed iteration,Dang,Ejection ON,gil262_gen1_m3,1,2500,2500,99.0,101.0,1.9801980198019802,1182.4485275435518,,25.247485899999447,True,2,02_fixed_2500_ejection_on_off/ejection_benchmark_20260807T133630Z.json
Fixed iteration,Dang,Ejection ON,gil262_gen1_m3,2,2500,2500,98.0,101.0,2.9702970297029703,1178.5242771313751,,25.103504599999724,True,2,02_fixed_2500_ejection_on_off/ejection_benchmark_20260807T133630Z.json
Fixed iteration,Dang,Ejection ON,gil262_gen1_m3,3,2500,2500,99.0,101.0,1.9801980198019802,1184.6842974755439,,24.34448749999865,True,2,02_fixed_2500_ejection_on_off/ejection_benchmark_20260807T133630Z.json
Fixed iteration,Dang,Ejection ON,gil262_gen1_m4,0,2500,2500,77.0,78.0,1.2820512820512822,1148.2174281261966,,18.114693600000464,True,2,02_fixed_2500_ejection_on_off/ejection_benchmark_20260807T133630Z.json
Fixed iteration,Dang,Ejection ON,gil262_gen1_m4,1,2500,2500,77.0,78.0,1.2820512820512822,1153.1839762761322,,17.552842499997496,True,2,02_fixed_2500_ejection_on_off/ejection_benchmark_20260807T133630Z.json
Fixed iteration,Dang,Ejection ON,gil262_gen1_m4,2,2500,2500,77.0,78.0,1.2820512820512822,1151.9796037336878,,17.975040099998296,True,2,02_fixed_2500_ejection_on_off/ejection_benchmark_20260807T133630Z.json
Fixed iteration,Dang,Ejection ON,gil262_gen1_m4,3,2500,2500,77.0,78.0,1.2820512820512822,1148.8055360562676,,17.974766200000886,True,2,02_fixed_2500_ejection_on_off/ejection_benchmark_20260807T133630Z.json
Fixed iteration,Dang,Ejection ON,gil262_gen2_m2,0,2500,2500,7077.0,7498.0,5.614830621499066,1188.8489956224912,,59.41795039999852,True,2,02_fixed_2500_ejection_on_off/ejection_benchmark_20260807T133630Z.json
Fixed iteration,Dang,Ejection ON,gil262_gen2_m2,1,2500,2500,7171.0,7498.0,4.361162976793811,1188.2806323446785,,65.56923870000173,True,2,02_fixed_2500_ejection_on_off/ejection_benchmark_20260807T133630Z.json
Fixed iteration,Dang,Ejection ON,gil262_gen2_m2,2,2500,2500,6984.0,7498.0,6.855161376367032,1188.3640153281685,,56.45689020000282,True,2,02_fixed_2500_ejection_on_off/ejection_benchmark_20260807T133630Z.json
Fixed iteration,Dang,Ejection ON,gil262_gen2_m2,3,2500,2500,7362.0,7498.0,1.8138170178714323,1188.171143108942,,57.60081470000296,True,2,02_fixed_2500_ejection_on_off/ejection_benchmark_20260807T133630Z.json
Fixed iteration,Dang,Ejection ON,gil262_gen2_m3,0,2500,2500,5529.0,5615.0,1.5316117542297418,1187.9094505589792,,27.78580470000088,True,2,02_fixed_2500_ejection_on_off/ejection_benchmark_20260807T133630Z.json
Fixed iteration,Dang,Ejection ON,gil262_gen2_m3,1,2500,2500,5401.0,5615.0,3.811219946571683,1186.7717738854444,,28.365600100001757,True,2,02_fixed_2500_ejection_on_off/ejection_benchmark_20260807T133630Z.json
Fixed iteration,Dang,Ejection ON,gil262_gen2_m3,2,2500,2500,5538.0,5615.0,1.371326803205699,1187.919089166823,,28.31103859999712,True,2,02_fixed_2500_ejection_on_off/ejection_benchmark_20260807T133630Z.json
Fixed iteration,Dang,Ejection ON,gil262_gen2_m3,3,2500,2500,5529.0,5615.0,1.5316117542297418,1187.9894787553437,,27.831538200000068,True,2,02_fixed_2500_ejection_on_off/ejection_benchmark_20260807T133630Z.json
Fixed iteration,Dang,Ejection ON,gil262_gen3_m2,0,2500,2500,6541.0,7183.0,8.93776973409439,1186.9545176098281,,58.47400899999775,True,2,02_fixed_2500_ejection_on_off/ejection_benchmark_20260807T133630Z.json
Fixed iteration,Dang,Ejection ON,gil262_gen3_m2,1,2500,2500,6484.0,7183.0,9.73131003758875,1185.9994193661728,,57.02640539999993,True,2,02_fixed_2500_ejection_on_off/ejection_benchmark_20260807T133630Z.json
Fixed iteration,Dang,Ejection ON,gil262_gen3_m2,2,2500,2500,6530.0,7183.0,9.090909090909092,1186.0206188635698,,59.90731589999996,True,2,02_fixed_2500_ejection_on_off/ejection_benchmark_20260807T133630Z.json
Fixed iteration,Dang,Ejection ON,gil262_gen3_m2,3,2500,2500,6928.0,7183.0,3.5500487261589866,1188.334893361779,,49.89561899999899,True,2,02_fixed_2500_ejection_on_off/ejection_benchmark_20260807T133630Z.json
Fixed iteration,Dang,Ejection ON,gil262_gen3_m4,0,2500,2500,2498.0,2507.0,0.35899481451934584,1174.5731074037321,,23.553252499998052,True,2,02_fixed_2500_ejection_on_off/ejection_benchmark_20260807T133630Z.json
Fixed iteration,Dang,Ejection ON,gil262_gen3_m4,1,2500,2500,2412.0,2507.0,3.789389708815317,1183.1385247201722,,20.643780399997922,True,2,02_fixed_2500_ejection_on_off/ejection_benchmark_20260807T133630Z.json
Fixed iteration,Dang,Ejection ON,gil262_gen3_m4,2,2500,2500,2493.0,2507.0,0.5584363781412046,1181.6194357055772,,18.684647699999914,True,2,02_fixed_2500_ejection_on_off/ejection_benchmark_20260807T133630Z.json
Fixed iteration,Dang,Ejection ON,gil262_gen3_m4,3,2500,2500,2498.0,2507.0,0.35899481451934584,1174.5731074037321,,22.248937500000466,True,2,02_fixed_2500_ejection_on_off/ejection_benchmark_20260807T133630Z.json
Fixed iteration,Dang,Ejection ON,gil262a_m2,0,2500,2500,3900.0,4078.0,4.364884747425209,593.2611164988566,,21.68246050000016,True,2,02_fixed_2500_ejection_on_off/ejection_benchmark_20260807T133630Z.json
Fixed iteration,Dang,Ejection ON,gil262a_m2,1,2500,2500,4052.0,4078.0,0.6375674350171653,594.0114731284866,,25.04219590000139,True,2,02_fixed_2500_ejection_on_off/ejection_benchmark_20260807T133630Z.json
Fixed iteration,Dang,Ejection ON,gil262a_m2,2,2500,2500,3782.0,4078.0,7.258460029426189,593.9175413713808,,20.698858499999915,True,2,02_fixed_2500_ejection_on_off/ejection_benchmark_20260807T133630Z.json
Fixed iteration,Dang,Ejection ON,gil262a_m2,3,2500,2500,3981.0,4078.0,2.3786169691025014,592.4245942895877,,22.26116809999803,True,2,02_fixed_2500_ejection_on_off/ejection_benchmark_20260807T133630Z.json
Fixed iteration,Dang,Ejection ON,gil262a_m4,0,2500,2500,3175.0,3175.0,0.0,591.2704336802653,,13.639889400001266,True,2,02_fixed_2500_ejection_on_off/ejection_benchmark_20260807T133630Z.json
Fixed iteration,Dang,Ejection ON,gil262a_m4,1,2500,2500,3175.0,3175.0,0.0,591.2704336802653,,11.647732900000847,True,2,02_fixed_2500_ejection_on_off/ejection_benchmark_20260807T133630Z.json
Fixed iteration,Dang,Ejection ON,gil262a_m4,2,2500,2500,3144.0,3175.0,0.9763779527559056,583.9324948802007,,13.8273517000016,True,2,02_fixed_2500_ejection_on_off/ejection_benchmark_20260807T133630Z.json
Fixed iteration,Dang,Ejection ON,gil262a_m4,3,2500,2500,3094.0,3175.0,2.5511811023622046,592.8033530210294,,11.628256700001657,True,2,02_fixed_2500_ejection_on_off/ejection_benchmark_20260807T133630Z.json
Fixed iteration,Dang,Ejection ON,gil262b_m2,0,2500,2500,7656.0,8081.0,5.259250092810296,1188.1238321005653,,54.45513360000041,True,2,02_fixed_2500_ejection_on_off/ejection_benchmark_20260807T133630Z.json
Fixed iteration,Dang,Ejection ON,gil262b_m2,1,2500,2500,7794.0,8081.0,3.551540650909541,1188.517843928029,,53.56223569999929,True,2,02_fixed_2500_ejection_on_off/ejection_benchmark_20260807T133630Z.json
Fixed iteration,Dang,Ejection ON,gil262b_m2,2,2500,2500,7794.0,8081.0,3.551540650909541,1188.517843928029,,52.381885700000566,True,2,02_fixed_2500_ejection_on_off/ejection_benchmark_20260807T133630Z.json
Fixed iteration,Dang,Ejection ON,gil262b_m2,3,2500,2500,7763.0,8081.0,3.935156540032174,1186.8124715941985,,56.731977400002506,True,2,02_fixed_2500_ejection_on_off/ejection_benchmark_20260807T133630Z.json
Fixed iteration,Dang,Ejection ON,gil262b_m3,0,2500,2500,7298.0,7585.0,3.7837837837837838,1185.8624028463612,,39.774318499999936,True,2,02_fixed_2500_ejection_on_off/ejection_benchmark_20260807T133630Z.json
Fixed iteration,Dang,Ejection ON,gil262b_m3,1,2500,2500,7184.0,7585.0,5.286750164798946,1184.5154562455773,,37.561505800000305,True,2,02_fixed_2500_ejection_on_off/ejection_benchmark_20260807T133630Z.json
Fixed iteration,Dang,Ejection ON,gil262b_m3,2,2500,2500,7396.0,7585.0,2.4917600527356627,1184.9721047954808,,46.988577399999485,True,2,02_fixed_2500_ejection_on_off/ejection_benchmark_20260807T133630Z.json
Fixed iteration,Dang,Ejection ON,gil262b_m3,3,2500,2500,7249.0,7585.0,4.429795649307844,1187.2994141556198,,34.64647269999841,True,2,02_fixed_2500_ejection_on_off/ejection_benchmark_20260807T133630Z.json
Fixed iteration,Dang,Ejection ON,gil262b_m4,0,2500,2500,6728.0,6781.0,0.7815956348621147,1187.0588838983597,,30.35085099999924,True,2,02_fixed_2500_ejection_on_off/ejection_benchmark_20260807T133630Z.json
Fixed iteration,Dang,Ejection ON,gil262b_m4,1,2500,2500,6764.0,6781.0,0.25070048665388583,1182.132773800944,,30.18178429999898,True,2,02_fixed_2500_ejection_on_off/ejection_benchmark_20260807T133630Z.json
Fixed iteration,Dang,Ejection ON,gil262b_m4,2,2500,2500,6549.0,6781.0,3.4213242884530306,1186.4486963381416,,33.04401879999932,True,2,02_fixed_2500_ejection_on_off/ejection_benchmark_20260807T133630Z.json
Fixed iteration,Dang,Ejection ON,gil262b_m4,3,2500,2500,6704.0,6781.0,1.1355257336676006,1187.587419511283,,31.70632050000131,True,2,02_fixed_2500_ejection_on_off/ejection_benchmark_20260807T133630Z.json
Fixed iteration,Dang,Ejection ON,gil262c_m2,0,2500,2500,10834.0,11030.0,1.7769718948322757,1783.7209127206534,,67.97104720000061,True,2,02_fixed_2500_ejection_on_off/ejection_benchmark_20260807T133630Z.json
Fixed iteration,Dang,Ejection ON,gil262c_m2,1,2500,2500,10855.0,11030.0,1.586582048957389,1783.1168442823057,,77.55994270000156,True,2,02_fixed_2500_ejection_on_off/ejection_benchmark_20260807T133630Z.json
Fixed iteration,Dang,Ejection ON,gil262c_m2,2,2500,2500,10848.0,11030.0,1.6500453309156844,1782.315368742566,,71.75281399999949,True,2,02_fixed_2500_ejection_on_off/ejection_benchmark_20260807T133630Z.json
Fixed iteration,Dang,Ejection ON,gil262c_m2,3,2500,2500,10852.0,11030.0,1.613780598368087,1782.12448385332,,69.82165370000075,True,2,02_fixed_2500_ejection_on_off/ejection_benchmark_20260807T133630Z.json
Fixed iteration,Dang,Ejection ON,gil262c_m3,0,2500,2500,10184.0,10757.0,5.326763967648973,1783.1241071373177,,53.60577049999847,True,2,02_fixed_2500_ejection_on_off/ejection_benchmark_20260807T133630Z.json
Fixed iteration,Dang,Ejection ON,gil262c_m3,1,2500,2500,10483.0,10757.0,2.547178581388863,1782.2152777672904,,54.22871790000136,True,2,02_fixed_2500_ejection_on_off/ejection_benchmark_20260807T133630Z.json
Fixed iteration,Dang,Ejection ON,gil262c_m3,2,2500,2500,10519.0,10757.0,2.212512782374268,1783.064550822101,,57.85917829999744,True,2,02_fixed_2500_ejection_on_off/ejection_benchmark_20260807T133630Z.json
Fixed iteration,Dang,Ejection ON,gil262c_m3,3,2500,2500,10385.0,10757.0,3.4582132564841497,1783.6492474495358,,51.50433740000153,True,2,02_fixed_2500_ejection_on_off/ejection_benchmark_20260807T133630Z.json
Fixed iteration,Dang,Ejection ON,gil262c_m4,0,2500,2500,9949.0,10281.0,3.2292578542943295,1781.25404824537,,47.23170559999926,True,2,02_fixed_2500_ejection_on_off/ejection_benchmark_20260807T133630Z.json
Fixed iteration,Dang,Ejection ON,gil262c_m4,1,2500,2500,10153.0,10281.0,1.2450150763544403,1780.2534188708046,,52.3660093000035,True,2,02_fixed_2500_ejection_on_off/ejection_benchmark_20260807T133630Z.json
Fixed iteration,Dang,Ejection ON,gil262c_m4,2,2500,2500,9887.0,10281.0,3.8323120319035113,1780.1633747738845,,42.722103699998115,True,2,02_fixed_2500_ejection_on_off/ejection_benchmark_20260807T133630Z.json
Fixed iteration,Dang,Ejection ON,gil262c_m4,3,2500,2500,9797.0,10281.0,4.707713257465227,1781.5943304908128,,43.815620400000626,True,2,02_fixed_2500_ejection_on_off/ejection_benchmark_20260807T133630Z.json
Fixed iteration,Dang,Ejection ON,gr229_gen1_m4,0,2500,2500,220.0,223.0,1.345291479820628,1547.068619909092,,33.20093360000101,True,2,02_fixed_2500_ejection_on_off/ejection_benchmark_20260807T133630Z.json
Fixed iteration,Dang,Ejection ON,gr229_gen1_m4,1,2500,2500,220.0,223.0,1.345291479820628,1558.672512157025,,31.470783500000834,True,2,02_fixed_2500_ejection_on_off/ejection_benchmark_20260807T133630Z.json
Fixed iteration,Dang,Ejection ON,gr229_gen1_m4,2,2500,2500,220.0,223.0,1.345291479820628,1574.9630998069083,,32.64250540000285,True,2,02_fixed_2500_ejection_on_off/ejection_benchmark_20260807T133630Z.json
Fixed iteration,Dang,Ejection ON,gr229_gen1_m4,3,2500,2500,220.0,223.0,1.345291479820628,1563.1992514533601,,35.676333900002646,True,2,02_fixed_2500_ejection_on_off/ejection_benchmark_20260807T133630Z.json
Fixed iteration,Dang,Ejection ON,gr229_gen2_m3,0,2500,2500,11529.0,11566.0,0.3199031644475186,1752.8837258579424,,27.649720200002776,True,2,02_fixed_2500_ejection_on_off/ejection_benchmark_20260807T133630Z.json
Fixed iteration,Dang,Ejection ON,gr229_gen2_m3,1,2500,2500,11529.0,11566.0,0.3199031644475186,1746.6316017087474,,25.43903429999773,True,2,02_fixed_2500_ejection_on_off/ejection_benchmark_20260807T133630Z.json
Fixed iteration,Dang,Ejection ON,gr229_gen2_m3,2,2500,2500,11529.0,11566.0,0.3199031644475186,1737.422529073366,,24.91192299999966,True,2,02_fixed_2500_ejection_on_off/ejection_benchmark_20260807T133630Z.json
Fixed iteration,Dang,Ejection ON,gr229_gen2_m3,3,2500,2500,11507.0,11566.0,0.5101158568217188,1759.4680662513701,,31.956206799997744,True,2,02_fixed_2500_ejection_on_off/ejection_benchmark_20260807T133630Z.json
Fixed iteration,Dang,Ejection ON,gr229_gen2_m4,0,2500,2500,11120.0,11355.0,2.0695728753852927,1547.7666438017995,,50.804408899999544,True,2,02_fixed_2500_ejection_on_off/ejection_benchmark_20260807T133630Z.json
Fixed iteration,Dang,Ejection ON,gr229_gen2_m4,1,2500,2500,11238.0,11355.0,1.0303830911492735,1757.1157590301882,,40.1297874999982,True,2,02_fixed_2500_ejection_on_off/ejection_benchmark_20260807T133630Z.json
Fixed iteration,Dang,Ejection ON,gr229_gen2_m4,2,2500,2500,11120.0,11355.0,2.0695728753852927,1559.5169959560483,,42.424455700002,True,2,02_fixed_2500_ejection_on_off/ejection_benchmark_20260807T133630Z.json
Fixed iteration,Dang,Ejection ON,gr229_gen2_m4,3,2500,2500,11120.0,11355.0,2.0695728753852927,1559.3729056384511,,40.34889960000146,True,2,02_fixed_2500_ejection_on_off/ejection_benchmark_20260807T133630Z.json
Fixed iteration,Dang,Ejection ON,gr229_gen3_m3,0,2500,2500,7967.0,8056.0,1.1047666335650448,1736.4546324952298,,24.629773799999384,True,2,02_fixed_2500_ejection_on_off/ejection_benchmark_20260807T133630Z.json
Fixed iteration,Dang,Ejection ON,gr229_gen3_m3,1,2500,2500,7959.0,8056.0,1.2040714995034756,1761.308964708864,,26.39967650000108,True,2,02_fixed_2500_ejection_on_off/ejection_benchmark_20260807T133630Z.json
Fixed iteration,Dang,Ejection ON,gr229_gen3_m3,2,2500,2500,7982.0,8056.0,0.9185700099304865,1760.3451924405308,,29.434811600000103,True,2,02_fixed_2500_ejection_on_off/ejection_benchmark_20260807T133630Z.json
Fixed iteration,Dang,Ejection ON,gr229_gen3_m3,3,2500,2500,7960.0,8056.0,1.1916583912611718,1745.6268395523439,,25.896726599999965,True,2,02_fixed_2500_ejection_on_off/ejection_benchmark_20260807T133630Z.json
Fixed iteration,Dang,Ejection ON,gr229_gen3_m4,0,2500,2500,7355.0,7651.0,3.868775323487126,1569.9510846881328,,43.78300980000131,True,2,02_fixed_2500_ejection_on_off/ejection_benchmark_20260807T133630Z.json
Fixed iteration,Dang,Ejection ON,gr229_gen3_m4,1,2500,2500,7355.0,7651.0,3.868775323487126,1558.6063742590093,,46.24790139999823,True,2,02_fixed_2500_ejection_on_off/ejection_benchmark_20260807T133630Z.json
Fixed iteration,Dang,Ejection ON,gr229_gen3_m4,2,2500,2500,7355.0,7651.0,3.868775323487126,1569.9252559002489,,76.59554719999869,True,2,02_fixed_2500_ejection_on_off/ejection_benchmark_20260807T133630Z.json
Fixed iteration,Dang,Ejection ON,gr229_gen3_m4,3,2500,2500,7355.0,7651.0,3.868775323487126,1574.7217025001714,,50.609910999999556,True,2,02_fixed_2500_ejection_on_off/ejection_benchmark_20260807T133630Z.json
Fixed iteration,Dang,Ejection ON,kroA150_gen2_m2,0,2500,2500,4218.0,4335.0,2.698961937716263,13163.280445076358,,22.723553800002264,True,2,02_fixed_2500_ejection_on_off/ejection_benchmark_20260807T133630Z.json
Fixed iteration,Dang,Ejection ON,kroA150_gen2_m2,1,2500,2500,4227.0,4335.0,2.491349480968858,13249.000347853345,,24.195763399999123,True,2,02_fixed_2500_ejection_on_off/ejection_benchmark_20260807T133630Z.json
Fixed iteration,Dang,Ejection ON,kroA150_gen2_m2,2,2500,2500,4230.0,4335.0,2.422145328719723,13248.582029736457,,24.03651279999758,True,2,02_fixed_2500_ejection_on_off/ejection_benchmark_20260807T133630Z.json
Fixed iteration,Dang,Ejection ON,kroA150_gen2_m2,3,2500,2500,4211.0,4335.0,2.8604382929642447,13234.089887375283,,23.33480960000088,True,2,02_fixed_2500_ejection_on_off/ejection_benchmark_20260807T133630Z.json
Fixed iteration,Dang,Ejection ON,kroA150_gen3_m3,0,2500,2500,2668.0,2726.0,2.127659574468085,13221.128351615127,,15.278943400000571,True,2,02_fixed_2500_ejection_on_off/ejection_benchmark_20260807T133630Z.json
Fixed iteration,Dang,Ejection ON,kroA150_gen3_m3,1,2500,2500,2668.0,2726.0,2.127659574468085,13221.128351615127,,15.055236199998035,True,2,02_fixed_2500_ejection_on_off/ejection_benchmark_20260807T133630Z.json
Fixed iteration,Dang,Ejection ON,kroA150_gen3_m3,2,2500,2500,2532.0,2726.0,7.1166544387380775,13174.159644356394,,15.919411599999876,True,2,02_fixed_2500_ejection_on_off/ejection_benchmark_20260807T133630Z.json
Fixed iteration,Dang,Ejection ON,kroA150_gen3_m3,3,2500,2500,2497.0,2726.0,8.400586940572268,13225.610439737735,,15.986541999998735,True,2,02_fixed_2500_ejection_on_off/ejection_benchmark_20260807T133630Z.json
Fixed iteration,Dang,Ejection ON,kroA200_gen1_m4,0,2500,2500,80.0,81.0,1.2345679012345678,14448.196231927706,,14.977723500000138,True,2,02_fixed_2500_ejection_on_off/ejection_benchmark_20260807T133630Z.json
Fixed iteration,Dang,Ejection ON,kroA200_gen1_m4,1,2500,2500,79.0,81.0,2.4691358024691357,14412.104735358535,,14.745702999996865,True,2,02_fixed_2500_ejection_on_off/ejection_benchmark_20260807T133630Z.json
Fixed iteration,Dang,Ejection ON,kroA200_gen1_m4,2,2500,2500,80.0,81.0,1.2345679012345678,14450.236614623222,,15.400303999998869,True,2,02_fixed_2500_ejection_on_off/ejection_benchmark_20260807T133630Z.json
Fixed iteration,Dang,Ejection ON,kroA200_gen1_m4,3,2500,2500,80.0,81.0,1.2345679012345678,14421.905342502527,,14.609018200000719,True,2,02_fixed_2500_ejection_on_off/ejection_benchmark_20260807T133630Z.json
Fixed iteration,Dang,Ejection ON,kroB200_gen1_m2,0,2500,2500,108.0,111.0,2.7027027027027026,14587.106264020636,,25.62163149999833,True,2,02_fixed_2500_ejection_on_off/ejection_benchmark_20260807T133630Z.json
Fixed iteration,Dang,Ejection ON,kroB200_gen1_m2,1,2500,2500,109.0,111.0,1.8018018018018018,14599.091848595184,,25.462262199998804,True,2,02_fixed_2500_ejection_on_off/ejection_benchmark_20260807T133630Z.json
Fixed iteration,Dang,Ejection ON,kroB200_gen1_m2,2,2500,2500,109.0,111.0,1.8018018018018018,14613.70163029481,,25.975815200003126,True,2,02_fixed_2500_ejection_on_off/ejection_benchmark_20260807T133630Z.json
Fixed iteration,Dang,Ejection ON,kroB200_gen1_m2,3,2500,2500,106.0,111.0,4.504504504504505,14641.782111376931,,26.16054880000229,True,2,02_fixed_2500_ejection_on_off/ejection_benchmark_20260807T133630Z.json
Fixed iteration,Dang,Ejection ON,kroB200_gen2_m2,0,2500,2500,6178.0,6185.0,0.11317704122877931,14688.047859916755,,33.1264674999984,True,2,02_fixed_2500_ejection_on_off/ejection_benchmark_20260807T133630Z.json
Fixed iteration,Dang,Ejection ON,kroB200_gen2_m2,1,2500,2500,6180.0,6185.0,0.08084074373484236,14713.636766342766,,41.30915260000256,True,2,02_fixed_2500_ejection_on_off/ejection_benchmark_20260807T133630Z.json
Fixed iteration,Dang,Ejection ON,kroB200_gen2_m2,2,2500,2500,6180.0,6185.0,0.08084074373484236,14713.636766342766,,46.83747919999951,True,2,02_fixed_2500_ejection_on_off/ejection_benchmark_20260807T133630Z.json
Fixed iteration,Dang,Ejection ON,kroB200_gen2_m2,3,2500,2500,6178.0,6185.0,0.11317704122877931,14688.047859916755,,35.1400493000001,True,2,02_fixed_2500_ejection_on_off/ejection_benchmark_20260807T133630Z.json
Fixed iteration,Dang,Ejection ON,kroB200_gen2_m4,0,2500,2500,4930.0,4944.0,0.28317152103559873,14470.732952992907,,21.55945630000133,True,2,02_fixed_2500_ejection_on_off/ejection_benchmark_20260807T133630Z.json
Fixed iteration,Dang,Ejection ON,kroB200_gen2_m4,1,2500,2500,4922.0,4944.0,0.4449838187702265,14585.111822656288,,19.901812500000233,True,2,02_fixed_2500_ejection_on_off/ejection_benchmark_20260807T133630Z.json
Fixed iteration,Dang,Ejection ON,kroB200_gen2_m4,2,2500,2500,4938.0,4944.0,0.12135922330097088,14514.694685608152,,21.38514639999994,True,2,02_fixed_2500_ejection_on_off/ejection_benchmark_20260807T133630Z.json
Fixed iteration,Dang,Ejection ON,kroB200_gen2_m4,3,2500,2500,4940.0,4944.0,0.08090614886731391,14601.281600014794,,20.20590639999864,True,2,02_fixed_2500_ejection_on_off/ejection_benchmark_20260807T133630Z.json
Fixed iteration,Dang,Ejection ON,kroB200_gen3_m2,0,2500,2500,4662.0,4765.0,2.161594963273872,14708.378843955892,,23.79326890000084,True,2,02_fixed_2500_ejection_on_off/ejection_benchmark_20260807T133630Z.json
Fixed iteration,Dang,Ejection ON,kroB200_gen3_m2,1,2500,2500,4614.0,4765.0,3.16894018887723,14713.600360929559,,22.966413599999214,True,2,02_fixed_2500_ejection_on_off/ejection_benchmark_20260807T133630Z.json
Fixed iteration,Dang,Ejection ON,kroB200_gen3_m2,2,2500,2500,4387.0,4765.0,7.932843651626443,14708.746911592085,,24.130282500002068,True,2,02_fixed_2500_ejection_on_off/ejection_benchmark_20260807T133630Z.json
Fixed iteration,Dang,Ejection ON,kroB200_gen3_m2,3,2500,2500,4415.0,4765.0,7.345225603357817,14697.14590948528,,26.518286600003194,True,2,02_fixed_2500_ejection_on_off/ejection_benchmark_20260807T133630Z.json
Fixed iteration,Dang,Ejection ON,kroB200_gen3_m3,0,2500,2500,2923.0,3028.0,3.467635402906209,14647.548769558114,,26.651169100001425,True,2,02_fixed_2500_ejection_on_off/ejection_benchmark_20260807T133630Z.json
Fixed iteration,Dang,Ejection ON,kroB200_gen3_m3,1,2500,2500,2923.0,3028.0,3.467635402906209,14647.548769558114,,25.43413789999977,True,2,02_fixed_2500_ejection_on_off/ejection_benchmark_20260807T133630Z.json
Fixed iteration,Dang,Ejection ON,kroB200_gen3_m3,2,2500,2500,2854.0,3028.0,5.746367239101717,14653.263716588503,,26.286485099997662,True,2,02_fixed_2500_ejection_on_off/ejection_benchmark_20260807T133630Z.json
Fixed iteration,Dang,Ejection ON,kroB200_gen3_m3,3,2500,2500,2923.0,3028.0,3.467635402906209,14647.548769558114,,26.396748899998784,True,2,02_fixed_2500_ejection_on_off/ejection_benchmark_20260807T133630Z.json
Fixed iteration,Dang,Ejection ON,lin318_gen1_m2,0,2500,2500,166.0,180.0,7.777777777777778,20858.176717190472,,56.97113420000096,True,2,02_fixed_2500_ejection_on_off/ejection_benchmark_20260807T133630Z.json
Fixed iteration,Dang,Ejection ON,lin318_gen1_m2,1,2500,2500,174.0,180.0,3.3333333333333335,20979.286067755034,,58.138202699999965,True,2,02_fixed_2500_ejection_on_off/ejection_benchmark_20260807T133630Z.json
Fixed iteration,Dang,Ejection ON,lin318_gen1_m2,2,2500,2500,175.0,180.0,2.7777777777777777,20926.384440458372,,63.720870600001945,True,2,02_fixed_2500_ejection_on_off/ejection_benchmark_20260807T133630Z.json
Fixed iteration,Dang,Ejection ON,lin318_gen1_m2,3,2500,2500,174.0,180.0,3.3333333333333335,20943.14753807975,,62.68232490000082,True,2,02_fixed_2500_ejection_on_off/ejection_benchmark_20260807T133630Z.json
Fixed iteration,Dang,Ejection ON,lin318_gen1_m3,0,2500,2500,148.0,149.0,0.6711409395973155,20857.49246960945,,42.54072669999732,True,2,02_fixed_2500_ejection_on_off/ejection_benchmark_20260807T133630Z.json
Fixed iteration,Dang,Ejection ON,lin318_gen1_m3,1,2500,2500,143.0,149.0,4.026845637583893,20738.842515134555,,41.491939999999886,True,2,02_fixed_2500_ejection_on_off/ejection_benchmark_20260807T133630Z.json
Fixed iteration,Dang,Ejection ON,lin318_gen1_m3,2,2500,2500,145.0,149.0,2.684563758389262,20908.997201597544,,43.8117405999983,True,2,02_fixed_2500_ejection_on_off/ejection_benchmark_20260807T133630Z.json
Fixed iteration,Dang,Ejection ON,lin318_gen1_m3,3,2500,2500,148.0,149.0,0.6711409395973155,20830.93224289279,,44.77808250000089,True,2,02_fixed_2500_ejection_on_off/ejection_benchmark_20260807T133630Z.json
Fixed iteration,Dang,Ejection ON,lin318_gen2_m2,0,2500,2500,8749.0,9544.0,8.32984073763621,21019.264401311655,,91.19957029999932,True,2,02_fixed_2500_ejection_on_off/ejection_benchmark_20260807T133630Z.json
Fixed iteration,Dang,Ejection ON,lin318_gen2_m2,1,2500,2500,8583.0,9544.0,10.069153394803017,20996.330468741973,,111.68561839999893,True,2,02_fixed_2500_ejection_on_off/ejection_benchmark_20260807T133630Z.json
Fixed iteration,Dang,Ejection ON,lin318_gen2_m2,2,2500,2500,8703.0,9544.0,8.81181894383906,21035.126964129595,,91.93725249999989,True,2,02_fixed_2500_ejection_on_off/ejection_benchmark_20260807T133630Z.json
Fixed iteration,Dang,Ejection ON,lin318_gen2_m2,3,2500,2500,8711.0,9544.0,8.727996647108132,21020.815432566065,,108.23295800000051,True,2,02_fixed_2500_ejection_on_off/ejection_benchmark_20260807T133630Z.json
Fixed iteration,Dang,Ejection ON,lin318_gen2_m3,0,2500,2500,7436.0,7807.0,4.752145510439349,21028.380135832147,,49.005944100001216,True,2,02_fixed_2500_ejection_on_off/ejection_benchmark_20260807T133630Z.json
Fixed iteration,Dang,Ejection ON,lin318_gen2_m3,1,2500,2500,7350.0,7807.0,5.8537210195977964,21031.57183154038,,50.39102830000047,True,2,02_fixed_2500_ejection_on_off/ejection_benchmark_20260807T133630Z.json
Fixed iteration,Dang,Ejection ON,lin318_gen2_m3,2,2500,2500,7642.0,7807.0,2.113487895478417,21033.104742419127,,62.14510759999757,True,2,02_fixed_2500_ejection_on_off/ejection_benchmark_20260807T133630Z.json
Fixed iteration,Dang,Ejection ON,lin318_gen2_m3,3,2500,2500,7685.0,7807.0,1.562700140899193,21025.35514244269,,51.545775499998854,True,2,02_fixed_2500_ejection_on_off/ejection_benchmark_20260807T133630Z.json
Fixed iteration,Dang,Ejection ON,lin318_gen3_m2,0,2500,2500,6902.0,7936.0,13.029233870967742,21035.33652499807,,97.52171559999988,True,2,02_fixed_2500_ejection_on_off/ejection_benchmark_20260807T133630Z.json
Fixed iteration,Dang,Ejection ON,lin318_gen3_m2,1,2500,2500,7088.0,7936.0,10.685483870967742,21033.397669276346,,72.36136239999905,True,2,02_fixed_2500_ejection_on_off/ejection_benchmark_20260807T133630Z.json
Fixed iteration,Dang,Ejection ON,lin318_gen3_m2,2,2500,2500,7743.0,7936.0,2.4319556451612905,21021.66232933564,,71.24838760000057,True,2,02_fixed_2500_ejection_on_off/ejection_benchmark_20260807T133630Z.json
Fixed iteration,Dang,Ejection ON,lin318_gen3_m2,3,2500,2500,6556.0,7936.0,17.389112903225808,21025.04746216775,,117.5206462999995,True,2,02_fixed_2500_ejection_on_off/ejection_benchmark_20260807T133630Z.json
Fixed iteration,Dang,Ejection ON,lin318_gen3_m4,0,2500,2500,3746.0,3797.0,1.3431656570977086,20766.156996125952,,39.62327050000022,True,2,02_fixed_2500_ejection_on_off/ejection_benchmark_20260807T133630Z.json
Fixed iteration,Dang,Ejection ON,lin318_gen3_m4,1,2500,2500,3794.0,3797.0,0.07900974453515934,20917.903451707116,,37.81686919999993,True,2,02_fixed_2500_ejection_on_off/ejection_benchmark_20260807T133630Z.json
Fixed iteration,Dang,Ejection ON,lin318_gen3_m4,2,2500,2500,3764.0,3797.0,0.8691071898867527,20849.682869624892,,38.60837090000132,True,2,02_fixed_2500_ejection_on_off/ejection_benchmark_20260807T133630Z.json
Fixed iteration,Dang,Ejection ON,lin318_gen3_m4,3,2500,2500,3784.0,3797.0,0.3423755596523571,20918.77793781572,,36.21437529999821,True,2,02_fixed_2500_ejection_on_off/ejection_benchmark_20260807T133630Z.json
Fixed iteration,Dang,Ejection ON,pr136_gen1_m2,0,2500,2500,62.0,63.0,1.5873015873015872,47977.419132357616,,10.315937600000325,True,2,02_fixed_2500_ejection_on_off/ejection_benchmark_20260807T133630Z.json
Fixed iteration,Dang,Ejection ON,pr136_gen1_m2,1,2500,2500,63.0,63.0,0.0,48220.55888676114,,10.45943079999779,True,2,02_fixed_2500_ejection_on_off/ejection_benchmark_20260807T133630Z.json
Fixed iteration,Dang,Ejection ON,pr136_gen1_m2,2,2500,2500,63.0,63.0,0.0,48185.363056656075,,10.502598600000056,True,2,02_fixed_2500_ejection_on_off/ejection_benchmark_20260807T133630Z.json
Fixed iteration,Dang,Ejection ON,pr136_gen1_m2,3,2500,2500,62.0,63.0,1.5873015873015872,47968.71345209544,,10.686917499999254,True,2,02_fixed_2500_ejection_on_off/ejection_benchmark_20260807T133630Z.json
Fixed iteration,Dang,Ejection ON,pr136_gen2_m2,0,2500,2500,3580.0,3646.0,1.8102029621503017,48326.93335351037,,13.898634500001208,True,2,02_fixed_2500_ejection_on_off/ejection_benchmark_20260807T133630Z.json
Fixed iteration,Dang,Ejection ON,pr136_gen2_m2,1,2500,2500,3615.0,3646.0,0.850246845858475,48218.55706866434,,12.033279200000834,True,2,02_fixed_2500_ejection_on_off/ejection_benchmark_20260807T133630Z.json
Fixed iteration,Dang,Ejection ON,pr136_gen2_m2,2,2500,2500,3625.0,3646.0,0.575973669775096,48362.95337776378,,14.00990069999898,True,2,02_fixed_2500_ejection_on_off/ejection_benchmark_20260807T133630Z.json
Fixed iteration,Dang,Ejection ON,pr136_gen2_m2,3,2500,2500,3577.0,3646.0,1.8924849149753153,48183.91685154005,,12.542539099998976,True,2,02_fixed_2500_ejection_on_off/ejection_benchmark_20260807T133630Z.json
Fixed iteration,Dang,Ejection ON,pr264_gen1_m4,0,2500,2500,107.0,107.0,0.0,24291.605095693994,,26.4302717999999,True,2,02_fixed_2500_ejection_on_off/ejection_benchmark_20260807T133630Z.json
Fixed iteration,Dang,Ejection ON,pr264_gen1_m4,1,2500,2500,107.0,107.0,0.0,24291.605095693994,,27.195727799997258,True,2,02_fixed_2500_ejection_on_off/ejection_benchmark_20260807T133630Z.json
Fixed iteration,Dang,Ejection ON,pr264_gen1_m4,2,2500,2500,106.0,107.0,0.9345794392523364,23893.271742609773,,26.544127500001196,True,2,02_fixed_2500_ejection_on_off/ejection_benchmark_20260807T133630Z.json
Fixed iteration,Dang,Ejection ON,pr264_gen1_m4,3,2500,2500,106.0,107.0,0.9345794392523364,23870.068015546924,,25.785635699998238,True,2,02_fixed_2500_ejection_on_off/ejection_benchmark_20260807T133630Z.json
Fixed iteration,Dang,Ejection ON,pr264_gen2_m2,0,2500,2500,6605.0,6635.0,0.45214770158251694,24475.16030675747,,62.799879299996974,True,2,02_fixed_2500_ejection_on_off/ejection_benchmark_20260807T133630Z.json
Fixed iteration,Dang,Ejection ON,pr264_gen2_m2,1,2500,2500,6615.0,6635.0,0.30143180105501133,24557.47019258749,,67.3506426999993,True,2,02_fixed_2500_ejection_on_off/ejection_benchmark_20260807T133630Z.json
Fixed iteration,Dang,Ejection ON,pr264_gen2_m2,2,2500,2500,6627.0,6635.0,0.12057272042200452,24541.595263568735,,67.11523570000281,True,2,02_fixed_2500_ejection_on_off/ejection_benchmark_20260807T133630Z.json
Fixed iteration,Dang,Ejection ON,pr264_gen2_m2,3,2500,2500,6615.0,6635.0,0.30143180105501133,24501.290024133585,,65.97561449999921,True,2,02_fixed_2500_ejection_on_off/ejection_benchmark_20260807T133630Z.json
Fixed iteration,Dang,Ejection ON,pr264_gen2_m3,0,2500,2500,6347.0,6420.0,1.1370716510903427,24441.52364863395,,35.75306400000045,True,2,02_fixed_2500_ejection_on_off/ejection_benchmark_20260807T133630Z.json
Fixed iteration,Dang,Ejection ON,pr264_gen2_m3,1,2500,2500,6330.0,6420.0,1.4018691588785046,24535.732180974992,,38.79783959999986,True,2,02_fixed_2500_ejection_on_off/ejection_benchmark_20260807T133630Z.json
Fixed iteration,Dang,Ejection ON,pr264_gen2_m3,2,2500,2500,6420.0,6420.0,0.0,24449.319165842066,,37.125248599997576,True,2,02_fixed_2500_ejection_on_off/ejection_benchmark_20260807T133630Z.json
Fixed iteration,Dang,Ejection ON,pr264_gen2_m3,3,2500,2500,6420.0,6420.0,0.0,24449.319165842066,,40.1714252999991,True,2,02_fixed_2500_ejection_on_off/ejection_benchmark_20260807T133630Z.json
Fixed iteration,Dang,Ejection ON,pr264_gen2_m4,0,2500,2500,5561.0,5584.0,0.41189111747851004,24255.04645721079,,37.43256979999933,True,2,02_fixed_2500_ejection_on_off/ejection_benchmark_20260807T133630Z.json
Fixed iteration,Dang,Ejection ON,pr264_gen2_m4,1,2500,2500,5521.0,5584.0,1.1282234957020056,24432.4048803886,,33.10520969999925,True,2,02_fixed_2500_ejection_on_off/ejection_benchmark_20260807T133630Z.json
Fixed iteration,Dang,Ejection ON,pr264_gen2_m4,2,2500,2500,5563.0,5584.0,0.37607449856733527,24446.738295094954,,40.49856010000076,True,2,02_fixed_2500_ejection_on_off/ejection_benchmark_20260807T133630Z.json
Fixed iteration,Dang,Ejection ON,pr264_gen2_m4,3,2500,2500,5561.0,5584.0,0.41189111747851004,24255.04645721079,,38.77825010000015,True,2,02_fixed_2500_ejection_on_off/ejection_benchmark_20260807T133630Z.json
Fixed iteration,Dang,Ejection ON,pr264_gen3_m3,0,2500,2500,2737.0,2772.0,1.2626262626262625,24452.1645984593,,39.50374480000028,True,2,02_fixed_2500_ejection_on_off/ejection_benchmark_20260807T133630Z.json
Fixed iteration,Dang,Ejection ON,pr264_gen3_m3,1,2500,2500,2704.0,2772.0,2.4531024531024532,24008.82764554153,,48.136761199999455,True,2,02_fixed_2500_ejection_on_off/ejection_benchmark_20260807T133630Z.json
Fixed iteration,Dang,Ejection ON,pr264_gen3_m3,2,2500,2500,2642.0,2772.0,4.68975468975469,24465.75896057717,,41.50843100000202,True,2,02_fixed_2500_ejection_on_off/ejection_benchmark_20260807T133630Z.json
Fixed iteration,Dang,Ejection ON,pr264_gen3_m3,3,2500,2500,2733.0,2772.0,1.406926406926407,24520.485342522847,,39.155749800000194,True,2,02_fixed_2500_ejection_on_off/ejection_benchmark_20260807T133630Z.json
Fixed iteration,Dang,Ejection ON,pr299_gen1_m2,0,2500,2500,135.0,139.0,2.8776978417266186,23906.55898216024,,43.29599660000167,True,2,02_fixed_2500_ejection_on_off/ejection_benchmark_20260807T133630Z.json
Fixed iteration,Dang,Ejection ON,pr299_gen1_m2,1,2500,2500,138.0,139.0,0.7194244604316546,23944.93498011559,,46.41875930000242,True,2,02_fixed_2500_ejection_on_off/ejection_benchmark_20260807T133630Z.json
Fixed iteration,Dang,Ejection ON,pr299_gen1_m2,2,2500,2500,135.0,139.0,2.8776978417266186,23961.790323032925,,44.61023160000332,True,2,02_fixed_2500_ejection_on_off/ejection_benchmark_20260807T133630Z.json
Fixed iteration,Dang,Ejection ON,pr299_gen1_m2,3,2500,2500,138.0,139.0,0.7194244604316546,23920.620280647665,,45.10858400000143,True,2,02_fixed_2500_ejection_on_off/ejection_benchmark_20260807T133630Z.json
Fixed iteration,Dang,Ejection ON,pr299_gen1_m3,0,2500,2500,108.0,111.0,2.7027027027027026,23883.186964573597,,30.487600999997085,True,2,02_fixed_2500_ejection_on_off/ejection_benchmark_20260807T133630Z.json
Fixed iteration,Dang,Ejection ON,pr299_gen1_m3,1,2500,2500,109.0,111.0,1.8018018018018018,23931.84501307009,,30.66390390000015,True,2,02_fixed_2500_ejection_on_off/ejection_benchmark_20260807T133630Z.json
Fixed iteration,Dang,Ejection ON,pr299_gen1_m3,2,2500,2500,109.0,111.0,1.8018018018018018,23948.970630805212,,30.00366529999883,True,2,02_fixed_2500_ejection_on_off/ejection_benchmark_20260807T133630Z.json
Fixed iteration,Dang,Ejection ON,pr299_gen1_m3,3,2500,2500,108.0,111.0,2.7027027027027026,23880.94195043612,,28.31658850000167,True,2,02_fixed_2500_ejection_on_off/ejection_benchmark_20260807T133630Z.json
Fixed iteration,Dang,Ejection ON,pr299_gen1_m4,0,2500,2500,83.0,84.0,1.1904761904761905,23834.343199852985,,20.50744829999894,True,2,02_fixed_2500_ejection_on_off/ejection_benchmark_20260807T133630Z.json
Fixed iteration,Dang,Ejection ON,pr299_gen1_m4,1,2500,2500,83.0,84.0,1.1904761904761905,23828.74349206847,,20.420156599997426,True,2,02_fixed_2500_ejection_on_off/ejection_benchmark_20260807T133630Z.json
Fixed iteration,Dang,Ejection ON,pr299_gen1_m4,2,2500,2500,82.0,84.0,2.380952380952381,23617.362627273877,,20.797475499999564,True,2,02_fixed_2500_ejection_on_off/ejection_benchmark_20260807T133630Z.json
Fixed iteration,Dang,Ejection ON,pr299_gen1_m4,3,2500,2500,82.0,84.0,2.380952380952381,23711.050995434747,,20.96728280000025,True,2,02_fixed_2500_ejection_on_off/ejection_benchmark_20260807T133630Z.json
Fixed iteration,Dang,Ejection ON,pr299_gen2_m3,0,2500,2500,5872.0,6018.0,2.4260551678298437,24029.303110774126,,36.858257399999275,True,2,02_fixed_2500_ejection_on_off/ejection_benchmark_20260807T133630Z.json
Fixed iteration,Dang,Ejection ON,pr299_gen2_m3,1,2500,2500,5933.0,6018.0,1.4124293785310735,24051.22094124165,,38.31600729999991,True,2,02_fixed_2500_ejection_on_off/ejection_benchmark_20260807T133630Z.json
Fixed iteration,Dang,Ejection ON,pr299_gen2_m3,2,2500,2500,5872.0,6018.0,2.4260551678298437,24029.303110774126,,35.879408100001456,True,2,02_fixed_2500_ejection_on_off/ejection_benchmark_20260807T133630Z.json
Fixed iteration,Dang,Ejection ON,pr299_gen2_m3,3,2500,2500,5933.0,6018.0,1.4124293785310735,24030.724679012405,,36.512290499998926,True,2,02_fixed_2500_ejection_on_off/ejection_benchmark_20260807T133630Z.json
Fixed iteration,Dang,Ejection ON,pr299_gen2_m4,0,2500,2500,4366.0,4457.0,2.0417321067982948,24007.67648220655,,23.170188000000053,True,2,02_fixed_2500_ejection_on_off/ejection_benchmark_20260807T133630Z.json
Fixed iteration,Dang,Ejection ON,pr299_gen2_m4,1,2500,2500,4309.0,4457.0,3.320619250617007,23986.653868274174,,22.00046730000031,True,2,02_fixed_2500_ejection_on_off/ejection_benchmark_20260807T133630Z.json
Fixed iteration,Dang,Ejection ON,pr299_gen2_m4,2,2500,2500,4455.0,4457.0,0.04487323311644604,24026.914067020112,,22.654677800001082,True,2,02_fixed_2500_ejection_on_off/ejection_benchmark_20260807T133630Z.json
Fixed iteration,Dang,Ejection ON,pr299_gen2_m4,3,2500,2500,4380.0,4457.0,1.7276194749831726,23978.356678051663,,22.98738200000298,True,2,02_fixed_2500_ejection_on_off/ejection_benchmark_20260807T133630Z.json
Fixed iteration,Dang,Ejection ON,pr299_gen3_m2,0,2500,2500,5038.0,5729.0,12.061441787397452,24068.075369649123,,88.67937139999776,True,2,02_fixed_2500_ejection_on_off/ejection_benchmark_20260807T133630Z.json
Fixed iteration,Dang,Ejection ON,pr299_gen3_m2,1,2500,2500,4692.0,5729.0,18.100890207715132,24041.941903915533,,89.53996539999935,True,2,02_fixed_2500_ejection_on_off/ejection_benchmark_20260807T133630Z.json
Fixed iteration,Dang,Ejection ON,pr299_gen3_m2,2,2500,2500,5623.0,5729.0,1.850235643218712,24090.40850109724,,65.96769239999776,True,2,02_fixed_2500_ejection_on_off/ejection_benchmark_20260807T133630Z.json
Fixed iteration,Dang,Ejection ON,pr299_gen3_m2,3,2500,2500,5038.0,5729.0,12.061441787397452,24068.075369649123,,83.78805529999954,True,2,02_fixed_2500_ejection_on_off/ejection_benchmark_20260807T133630Z.json
Fixed iteration,Dang,Ejection ON,pr299_gen3_m3,0,2500,2500,3398.0,3655.0,7.0314637482900135,24062.53325068936,,39.520018100000016,True,2,02_fixed_2500_ejection_on_off/ejection_benchmark_20260807T133630Z.json
Fixed iteration,Dang,Ejection ON,pr299_gen3_m3,1,2500,2500,3354.0,3655.0,8.235294117647058,24037.40961634927,,43.250575999998546,True,2,02_fixed_2500_ejection_on_off/ejection_benchmark_20260807T133630Z.json
Fixed iteration,Dang,Ejection ON,pr299_gen3_m3,2,2500,2500,3282.0,3655.0,10.205198358413133,24045.111792617503,,35.86415390000184,True,2,02_fixed_2500_ejection_on_off/ejection_benchmark_20260807T133630Z.json
Fixed iteration,Dang,Ejection ON,pr299_gen3_m3,3,2500,2500,3362.0,3655.0,8.01641586867305,23964.08474036167,,50.11316820000138,True,2,02_fixed_2500_ejection_on_off/ejection_benchmark_20260807T133630Z.json
Fixed iteration,Dang,Ejection ON,pr299_gen3_m4,0,2500,2500,2237.0,2268.0,1.3668430335097002,23938.575650611016,,27.66920190000019,True,2,02_fixed_2500_ejection_on_off/ejection_benchmark_20260807T133630Z.json
Fixed iteration,Dang,Ejection ON,pr299_gen3_m4,1,2500,2500,2248.0,2268.0,0.8818342151675485,23989.28158134555,,25.542243599997164,True,2,02_fixed_2500_ejection_on_off/ejection_benchmark_20260807T133630Z.json
Fixed iteration,Dang,Ejection ON,pr299_gen3_m4,2,2500,2500,2244.0,2268.0,1.0582010582010581,24018.897845587548,,23.193003600001248,True,2,02_fixed_2500_ejection_on_off/ejection_benchmark_20260807T133630Z.json
Fixed iteration,Dang,Ejection ON,pr299_gen3_m4,3,2500,2500,2248.0,2268.0,0.8818342151675485,23989.28158134555,,22.077474300000176,True,2,02_fixed_2500_ejection_on_off/ejection_benchmark_20260807T133630Z.json
Fixed iteration,Dang,Ejection ON,rat195_gen2_m2,0,2500,2500,5096.0,5148.0,1.0101010101010102,1158.5518516587035,,25.985101100002794,True,2,02_fixed_2500_ejection_on_off/ejection_benchmark_20260807T133630Z.json
Fixed iteration,Dang,Ejection ON,rat195_gen2_m2,1,2500,2500,4882.0,5148.0,5.167055167055167,1160.939932750703,,26.442193700000644,True,2,02_fixed_2500_ejection_on_off/ejection_benchmark_20260807T133630Z.json
Fixed iteration,Dang,Ejection ON,rat195_gen2_m2,2,2500,2500,5052.0,5148.0,1.8648018648018647,1160.7571105386971,,23.543539900001633,True,2,02_fixed_2500_ejection_on_off/ejection_benchmark_20260807T133630Z.json
Fixed iteration,Dang,Ejection ON,rat195_gen2_m2,3,2500,2500,4926.0,5148.0,4.312354312354312,1159.9271736046842,,27.8188844000033,True,2,02_fixed_2500_ejection_on_off/ejection_benchmark_20260807T133630Z.json
Fixed iteration,Dang,Ejection ON,rat195_gen3_m3,0,2500,2500,2529.0,2574.0,1.7482517482517483,1157.2523909704926,,22.294293399998423,True,2,02_fixed_2500_ejection_on_off/ejection_benchmark_20260807T133630Z.json
Fixed iteration,Dang,Ejection ON,rat195_gen3_m3,1,2500,2500,2529.0,2574.0,1.7482517482517483,1157.2523909704926,,23.201158899999427,True,2,02_fixed_2500_ejection_on_off/ejection_benchmark_20260807T133630Z.json
Fixed iteration,Dang,Ejection ON,rat195_gen3_m3,2,2500,2500,2536.0,2574.0,1.4763014763014763,1157.642535606811,,20.865963000000193,True,2,02_fixed_2500_ejection_on_off/ejection_benchmark_20260807T133630Z.json
Fixed iteration,Dang,Ejection ON,rat195_gen3_m3,3,2500,2500,2529.0,2574.0,1.7482517482517483,1157.2523909704926,,22.57425610000064,True,2,02_fixed_2500_ejection_on_off/ejection_benchmark_20260807T133630Z.json
Fixed iteration,Dang,Ejection ON,rd400_gen1_m2,0,2500,2500,214.0,232.0,7.758620689655173,7605.738390115641,,137.04774019999968,True,2,02_fixed_2500_ejection_on_off/ejection_benchmark_20260807T133630Z.json
Fixed iteration,Dang,Ejection ON,rd400_gen1_m2,1,2500,2500,215.0,232.0,7.327586206896552,7625.008320939014,,135.63815669999894,True,2,02_fixed_2500_ejection_on_off/ejection_benchmark_20260807T133630Z.json
Fixed iteration,Dang,Ejection ON,rd400_gen1_m2,2,2500,2500,212.0,232.0,8.620689655172415,7600.630261094962,,129.9661132000001,True,2,02_fixed_2500_ejection_on_off/ejection_benchmark_20260807T133630Z.json
Fixed iteration,Dang,Ejection ON,rd400_gen1_m2,3,2500,2500,218.0,232.0,6.0344827586206895,7600.924175644245,,133.98425750000024,True,2,02_fixed_2500_ejection_on_off/ejection_benchmark_20260807T133630Z.json
Fixed iteration,Dang,Ejection ON,rd400_gen1_m3,0,2500,2500,205.0,224.0,8.482142857142858,7625.176155275347,,108.54585000000225,True,2,02_fixed_2500_ejection_on_off/ejection_benchmark_20260807T133630Z.json
Fixed iteration,Dang,Ejection ON,rd400_gen1_m3,1,2500,2500,207.0,224.0,7.589285714285714,7578.413312910518,,109.00804649999918,True,2,02_fixed_2500_ejection_on_off/ejection_benchmark_20260807T133630Z.json
Fixed iteration,Dang,Ejection ON,rd400_gen1_m3,2,2500,2500,214.0,224.0,4.464285714285714,7595.885560950637,,117.34462589999748,True,2,02_fixed_2500_ejection_on_off/ejection_benchmark_20260807T133630Z.json
Fixed iteration,Dang,Ejection ON,rd400_gen1_m3,3,2500,2500,214.0,224.0,4.464285714285714,7608.6504237397785,,121.82441429999744,True,2,02_fixed_2500_ejection_on_off/ejection_benchmark_20260807T133630Z.json
Fixed iteration,Dang,Ejection ON,rd400_gen1_m4,0,2500,2500,197.0,213.0,7.511737089201878,7566.920725229051,,96.35472859999936,True,2,02_fixed_2500_ejection_on_off/ejection_benchmark_20260807T133630Z.json
Fixed iteration,Dang,Ejection ON,rd400_gen1_m4,1,2500,2500,204.0,213.0,4.225352112676056,7553.734061236081,,95.18450810000286,True,2,02_fixed_2500_ejection_on_off/ejection_benchmark_20260807T133630Z.json
Fixed iteration,Dang,Ejection ON,rd400_gen1_m4,2,2500,2500,203.0,213.0,4.694835680751174,7615.875011815472,,93.83357619999879,True,2,02_fixed_2500_ejection_on_off/ejection_benchmark_20260807T133630Z.json
Fixed iteration,Dang,Ejection ON,rd400_gen1_m4,3,2500,2500,199.0,213.0,6.572769953051643,7579.339595887327,,94.58059990000038,True,2,02_fixed_2500_ejection_on_off/ejection_benchmark_20260807T133630Z.json
Fixed iteration,Dang,Ejection ON,rd400_gen2_m2,0,2500,2500,12357.0,13045.0,5.274051360674588,7640.544191760615,,163.84218079999846,True,2,02_fixed_2500_ejection_on_off/ejection_benchmark_20260807T133630Z.json
Fixed iteration,Dang,Ejection ON,rd400_gen2_m2,1,2500,2500,12532.0,13045.0,3.9325412035262555,7633.883178263408,,156.76229690000036,True,2,02_fixed_2500_ejection_on_off/ejection_benchmark_20260807T133630Z.json
Fixed iteration,Dang,Ejection ON,rd400_gen2_m2,2,2500,2500,12136.0,13045.0,6.968187044844768,7638.2712148328665,,172.30648479999945,True,2,02_fixed_2500_ejection_on_off/ejection_benchmark_20260807T133630Z.json
Fixed iteration,Dang,Ejection ON,rd400_gen2_m2,3,2500,2500,12533.0,13045.0,3.9248754311996934,7640.625983592352,,152.90729629999987,True,2,02_fixed_2500_ejection_on_off/ejection_benchmark_20260807T133630Z.json
Fixed iteration,Dang,Ejection ON,rd400_gen2_m3,0,2500,2500,11653.0,12646.0,7.852285307607149,7632.158245486208,,128.29402529999788,True,2,02_fixed_2500_ejection_on_off/ejection_benchmark_20260807T133630Z.json
Fixed iteration,Dang,Ejection ON,rd400_gen2_m3,1,2500,2500,11794.0,12646.0,6.737308239759607,7634.101055483048,,121.97596160000103,True,2,02_fixed_2500_ejection_on_off/ejection_benchmark_20260807T133630Z.json
Fixed iteration,Dang,Ejection ON,rd400_gen2_m3,2,2500,2500,11975.0,12646.0,5.306025620749645,7634.090754064706,,133.24274180000066,True,2,02_fixed_2500_ejection_on_off/ejection_benchmark_20260807T133630Z.json
Fixed iteration,Dang,Ejection ON,rd400_gen2_m3,3,2500,2500,11764.0,12646.0,6.974537403131425,7631.5452300444795,,136.61637709999923,True,2,02_fixed_2500_ejection_on_off/ejection_benchmark_20260807T133630Z.json
Fixed iteration,Dang,Ejection ON,rd400_gen2_m4,0,2500,2500,10756.0,12032.0,10.605053191489361,7622.412085765008,,98.3003518000005,True,2,02_fixed_2500_ejection_on_off/ejection_benchmark_20260807T133630Z.json
Fixed iteration,Dang,Ejection ON,rd400_gen2_m4,1,2500,2500,10618.0,12032.0,11.751994680851064,7633.815918960314,,88.48725339999874,True,2,02_fixed_2500_ejection_on_off/ejection_benchmark_20260807T133630Z.json
Fixed iteration,Dang,Ejection ON,rd400_gen2_m4,2,2500,2500,10949.0,12032.0,9.000997340425531,7631.411907266611,,93.47786500000075,True,2,02_fixed_2500_ejection_on_off/ejection_benchmark_20260807T133630Z.json
Fixed iteration,Dang,Ejection ON,rd400_gen2_m4,3,2500,2500,10587.0,12032.0,12.009640957446809,7633.237309482584,,96.69242830000076,True,2,02_fixed_2500_ejection_on_off/ejection_benchmark_20260807T133630Z.json
Fixed iteration,Dang,Ejection ON,rd400_gen3_m2,0,2500,2500,11992.0,12431.0,3.531493846030086,7637.491272583722,,155.82285209999827,True,2,02_fixed_2500_ejection_on_off/ejection_benchmark_20260807T133630Z.json
Fixed iteration,Dang,Ejection ON,rd400_gen3_m2,1,2500,2500,11840.0,12431.0,4.754243423698817,7633.734813564966,,154.88347480000084,True,2,02_fixed_2500_ejection_on_off/ejection_benchmark_20260807T133630Z.json
Fixed iteration,Dang,Ejection ON,rd400_gen3_m2,2,2500,2500,11880.0,12431.0,4.432467219049151,7627.735690349219,,159.46856590000243,True,2,02_fixed_2500_ejection_on_off/ejection_benchmark_20260807T133630Z.json
Fixed iteration,Dang,Ejection ON,rd400_gen3_m2,3,2500,2500,12052.0,12431.0,3.048829539055587,7632.273215781255,,163.66901850000067,True,2,02_fixed_2500_ejection_on_off/ejection_benchmark_20260807T133630Z.json
Fixed iteration,Dang,Ejection ON,rd400_gen3_m3,0,2500,2500,10673.0,11639.0,8.299682103273478,7637.712284376214,,114.71808339999916,True,2,02_fixed_2500_ejection_on_off/ejection_benchmark_20260807T133630Z.json
Fixed iteration,Dang,Ejection ON,rd400_gen3_m3,1,2500,2500,10730.0,11639.0,7.809949308359824,7638.044566157484,,117.48808940000163,True,2,02_fixed_2500_ejection_on_off/ejection_benchmark_20260807T133630Z.json
Fixed iteration,Dang,Ejection ON,rd400_gen3_m3,2,2500,2500,10791.0,11639.0,7.285849299768021,7637.494084338485,,131.6946777000012,True,2,02_fixed_2500_ejection_on_off/ejection_benchmark_20260807T133630Z.json
Fixed iteration,Dang,Ejection ON,rd400_gen3_m3,3,2500,2500,10713.0,11639.0,7.956009966491966,7633.259469476068,,122.2508568000012,True,2,02_fixed_2500_ejection_on_off/ejection_benchmark_20260807T133630Z.json
Fixed iteration,Dang,Ejection ON,rd400_gen3_m4,0,2500,2500,9410.0,10436.0,9.831353008815638,7605.477695269233,,84.83184009999968,True,2,02_fixed_2500_ejection_on_off/ejection_benchmark_20260807T133630Z.json
Fixed iteration,Dang,Ejection ON,rd400_gen3_m4,1,2500,2500,9310.0,10436.0,10.789574549635876,7628.000581099337,,111.00948060000155,True,2,02_fixed_2500_ejection_on_off/ejection_benchmark_20260807T133630Z.json
Fixed iteration,Dang,Ejection ON,rd400_gen3_m4,2,2500,2500,9316.0,10436.0,10.732081257186662,7631.537496312402,,102.84034299999985,True,2,02_fixed_2500_ejection_on_off/ejection_benchmark_20260807T133630Z.json
Fixed iteration,Dang,Ejection ON,rd400_gen3_m4,3,2500,2500,9561.0,10436.0,8.38443848217708,7627.333739585407,,90.85109639999791,True,2,02_fixed_2500_ejection_on_off/ejection_benchmark_20260807T133630Z.json
Fixed iteration,Dang,Ejection ON,ts225_gen2_m2,0,2500,2500,5708.0,5859.0,2.577231609489674,63147.257632544206,,45.23224969999865,True,2,02_fixed_2500_ejection_on_off/ejection_benchmark_20260807T133630Z.json
Fixed iteration,Dang,Ejection ON,ts225_gen2_m2,1,2500,2500,5854.0,5859.0,0.08533879501621437,62975.68475729039,,35.99138959999982,True,2,02_fixed_2500_ejection_on_off/ejection_benchmark_20260807T133630Z.json
Fixed iteration,Dang,Ejection ON,ts225_gen2_m2,2,2500,2500,5859.0,5859.0,0.0,62975.68475729039,,38.67107350000151,True,2,02_fixed_2500_ejection_on_off/ejection_benchmark_20260807T133630Z.json
Fixed iteration,Dang,Ejection ON,ts225_gen2_m2,3,2500,2500,5666.0,5859.0,3.294077487625875,63227.03520989542,,29.154346200000873,True,2,02_fixed_2500_ejection_on_off/ejection_benchmark_20260807T133630Z.json
Fixed iteration,Dang,GRASP,bier127_gen1_m2,0,2500,2500,96.0,106.0,9.433962264150944,57152.717453606776,96,1.1554748999988078,True,2,03_fixed_2500_baselines/raw_runs.csv
Fixed iteration,Dang,GRASP,bier127_gen1_m2,1,2500,2500,96.0,106.0,9.433962264150944,57933.49391937199,96,1.1453069000017422,True,2,03_fixed_2500_baselines/raw_runs.csv
Fixed iteration,Dang,GRASP,bier127_gen1_m2,2,2500,2500,96.0,106.0,9.433962264150944,58477.21386623266,96,1.1270063999982085,True,2,03_fixed_2500_baselines/raw_runs.csv
Fixed iteration,Dang,GRASP,bier127_gen1_m2,3,2500,2500,96.0,106.0,9.433962264150944,58075.17759885044,96,1.1328260999980555,True,2,03_fixed_2500_baselines/raw_runs.csv
Fixed iteration,Dang,GRASP,bier127_gen1_m3,0,2500,2500,94.0,103.0,8.737864077669903,56869.4755631945,94,1.0118387999973493,True,2,03_fixed_2500_baselines/raw_runs.csv
Fixed iteration,Dang,GRASP,bier127_gen1_m3,1,2500,2500,96.0,103.0,6.796116504854369,57622.040773128654,96,1.0102047000000312,True,2,03_fixed_2500_baselines/raw_runs.csv
Fixed iteration,Dang,GRASP,bier127_gen1_m3,2,2500,2500,94.0,103.0,8.737864077669903,56933.34164210927,94,1.0030995999986771,True,2,03_fixed_2500_baselines/raw_runs.csv
Fixed iteration,Dang,GRASP,bier127_gen1_m3,3,2500,2500,94.0,103.0,8.737864077669903,57409.42038727213,94,1.0017441999989387,True,2,03_fixed_2500_baselines/raw_runs.csv
Fixed iteration,Dang,GRASP,bier127_gen2_m2,0,2500,2500,5052.0,5464.0,7.540263543191801,58087.54261819724,96,1.1370458000019426,True,2,03_fixed_2500_baselines/raw_runs.csv
Fixed iteration,Dang,GRASP,bier127_gen2_m2,1,2500,2500,5052.0,5464.0,7.540263543191801,57371.48570989608,96,1.1481070000008913,True,2,03_fixed_2500_baselines/raw_runs.csv
Fixed iteration,Dang,GRASP,bier127_gen2_m2,2,2500,2500,5053.0,5464.0,7.521961932650073,58264.357405709045,96,1.152839499998663,True,2,03_fixed_2500_baselines/raw_runs.csv
Fixed iteration,Dang,GRASP,bier127_gen2_m2,3,2500,2500,5060.0,5464.0,7.393850658857979,58548.74953318402,96,1.1416317000002891,True,2,03_fixed_2500_baselines/raw_runs.csv
Fixed iteration,Dang,GRASP,bier127_gen2_m3,0,2500,2500,4863.0,5393.0,9.827554236973855,57807.58551082405,95,1.0032240000000456,True,2,03_fixed_2500_baselines/raw_runs.csv
Fixed iteration,Dang,GRASP,bier127_gen2_m3,1,2500,2500,4870.0,5393.0,9.697756350825143,58141.88472505778,95,1.01649130000078,True,2,03_fixed_2500_baselines/raw_runs.csv
Fixed iteration,Dang,GRASP,bier127_gen2_m3,2,2500,2500,4878.0,5393.0,9.54941590951233,58674.74174506648,91,0.9989884999995412,True,2,03_fixed_2500_baselines/raw_runs.csv
Fixed iteration,Dang,GRASP,bier127_gen2_m3,3,2500,2500,4868.0,5393.0,9.734841461153348,57284.59986626061,95,1.0130915000008829,True,2,03_fixed_2500_baselines/raw_runs.csv
Fixed iteration,Dang,GRASP,bier127_gen2_m4,0,2500,2500,4797.0,5123.0,6.363458910794456,58352.48765341684,87,0.9677943999995476,True,2,03_fixed_2500_baselines/raw_runs.csv
Fixed iteration,Dang,GRASP,bier127_gen2_m4,1,2500,2500,4684.0,5123.0,8.569197735701737,58850.422876355,90,0.9593478000024334,True,2,03_fixed_2500_baselines/raw_runs.csv
Fixed iteration,Dang,GRASP,bier127_gen2_m4,2,2500,2500,4864.0,5123.0,5.055631465937927,58121.32017850035,92,0.9429152999982762,True,2,03_fixed_2500_baselines/raw_runs.csv
Fixed iteration,Dang,GRASP,bier127_gen2_m4,3,2500,2500,4842.0,5123.0,5.485067343353504,58154.99694237228,91,0.9395208999994792,True,2,03_fixed_2500_baselines/raw_runs.csv
Fixed iteration,Dang,GRASP,bier127_gen3_m2,0,2500,2500,2470.0,2885.0,14.38474870017331,57736.905791869256,94,1.094442400000844,True,2,03_fixed_2500_baselines/raw_runs.csv
Fixed iteration,Dang,GRASP,bier127_gen3_m2,1,2500,2500,2567.0,2885.0,11.022530329289427,58255.77727680805,86,1.1220044999972745,True,2,03_fixed_2500_baselines/raw_runs.csv
Fixed iteration,Dang,GRASP,bier127_gen3_m2,2,2500,2500,2460.0,2885.0,14.731369150779896,58121.09064545215,86,1.1141635999993014,True,2,03_fixed_2500_baselines/raw_runs.csv
Fixed iteration,Dang,GRASP,bier127_gen3_m2,3,2500,2500,2490.0,2885.0,13.691507798960139,58469.98488234603,87,1.086400500000309,True,2,03_fixed_2500_baselines/raw_runs.csv
Fixed iteration,Dang,GRASP,bier127_gen3_m3,0,2500,2500,2287.0,2706.0,15.484109386548411,57265.02246349666,96,1.037218399997073,True,2,03_fixed_2500_baselines/raw_runs.csv
Fixed iteration,Dang,GRASP,bier127_gen3_m3,1,2500,2500,2256.0,2706.0,16.62971175166297,58454.65280109097,96,1.0371756999993522,True,2,03_fixed_2500_baselines/raw_runs.csv
Fixed iteration,Dang,GRASP,bier127_gen3_m3,2,2500,2500,2181.0,2706.0,19.401330376940134,58381.17505611784,94,1.019242300000769,True,2,03_fixed_2500_baselines/raw_runs.csv
Fixed iteration,Dang,GRASP,bier127_gen3_m3,3,2500,2500,2173.0,2706.0,19.696969696969695,58113.63040917,92,1.009680600000138,True,2,03_fixed_2500_baselines/raw_runs.csv
Fixed iteration,Dang,GRASP,bier127_gen3_m4,0,2500,2500,2151.0,2402.0,10.4496253122398,57595.94175404268,95,0.9793435999999928,True,2,03_fixed_2500_baselines/raw_runs.csv
Fixed iteration,Dang,GRASP,bier127_gen3_m4,1,2500,2500,2142.0,2402.0,10.824313072439633,57379.35855289445,95,0.9651215999983832,True,2,03_fixed_2500_baselines/raw_runs.csv
Fixed iteration,Dang,GRASP,bier127_gen3_m4,2,2500,2500,2104.0,2402.0,12.406328059950042,57167.3790196866,93,0.968287899999268,True,2,03_fixed_2500_baselines/raw_runs.csv
Fixed iteration,Dang,GRASP,bier127_gen3_m4,3,2500,2500,2132.0,2402.0,11.240632805995004,57677.52007027589,96,0.9634584999985236,True,2,03_fixed_2500_baselines/raw_runs.csv
Fixed iteration,Dang,GRASP,cmt101c_m3,0,2500,2500,1150.0,1300.0,11.538461538461538,370.3229939688744,66,0.6859638000023551,True,2,03_fixed_2500_baselines/raw_runs.csv
Fixed iteration,Dang,GRASP,cmt101c_m3,1,2500,2500,1140.0,1300.0,12.307692307692308,354.2298925303928,59,0.6964111000015691,True,2,03_fixed_2500_baselines/raw_runs.csv
Fixed iteration,Dang,GRASP,cmt101c_m3,2,2500,2500,1190.0,1300.0,8.461538461538462,361.2036140076035,62,0.70884020000085,True,2,03_fixed_2500_baselines/raw_runs.csv
Fixed iteration,Dang,GRASP,cmt101c_m3,3,2500,2500,1150.0,1300.0,11.538461538461538,366.7014385845079,63,0.6907038999997894,True,2,03_fixed_2500_baselines/raw_runs.csv
Fixed iteration,Dang,GRASP,cmt151b_m3,0,2500,2500,1216.0,1385.0,12.202166064981949,348.95722882211453,71,0.7848121999995783,True,2,03_fixed_2500_baselines/raw_runs.csv
Fixed iteration,Dang,GRASP,cmt151b_m3,1,2500,2500,1165.0,1385.0,15.884476534296029,344.60806788873845,68,0.7831164999988687,True,2,03_fixed_2500_baselines/raw_runs.csv
Fixed iteration,Dang,GRASP,cmt151b_m3,2,2500,2500,1184.0,1385.0,14.512635379061372,343.41562411691376,67,0.7809696000003896,True,2,03_fixed_2500_baselines/raw_runs.csv
Fixed iteration,Dang,GRASP,cmt151b_m3,3,2500,2500,1213.0,1385.0,12.418772563176896,348.1271533168772,74,0.7816428000005544,True,2,03_fixed_2500_baselines/raw_runs.csv
Fixed iteration,Dang,GRASP,cmt151c_m2,0,2500,2500,1750.0,1964.0,10.896130346232178,520.1649085635129,105,1.2580490000000282,True,2,03_fixed_2500_baselines/raw_runs.csv
Fixed iteration,Dang,GRASP,cmt151c_m2,1,2500,2500,1767.0,1964.0,10.030549898167006,521.4909130797705,107,1.240353999997751,True,2,03_fixed_2500_baselines/raw_runs.csv
Fixed iteration,Dang,GRASP,cmt151c_m2,2,2500,2500,1746.0,1964.0,11.09979633401222,518.9985892874355,105,1.2434167999999772,True,2,03_fixed_2500_baselines/raw_runs.csv
Fixed iteration,Dang,GRASP,cmt151c_m2,3,2500,2500,1783.0,1964.0,9.215885947046843,519.6575975995884,107,1.2473589000001084,True,2,03_fixed_2500_baselines/raw_runs.csv
Fixed iteration,Dang,GRASP,cmt151c_m3,0,2500,2500,1726.0,1916.0,9.916492693110648,523.6415029294249,103,1.126908899997943,True,2,03_fixed_2500_baselines/raw_runs.csv
Fixed iteration,Dang,GRASP,cmt151c_m3,1,2500,2500,1740.0,1916.0,9.18580375782881,517.8143004847823,104,1.0989413999996032,True,2,03_fixed_2500_baselines/raw_runs.csv
Fixed iteration,Dang,GRASP,cmt151c_m3,2,2500,2500,1704.0,1916.0,11.064718162839249,509.70779628693487,100,1.116371700001764,True,2,03_fixed_2500_baselines/raw_runs.csv
Fixed iteration,Dang,GRASP,cmt151c_m3,3,2500,2500,1716.0,1916.0,10.438413361169102,514.6273038201766,105,1.123927200002072,True,2,03_fixed_2500_baselines/raw_runs.csv
Fixed iteration,Dang,GRASP,cmt151c_m4,0,2500,2500,1612.0,1880.0,14.25531914893617,518.124335435375,98,1.0061147999986133,True,2,03_fixed_2500_baselines/raw_runs.csv
Fixed iteration,Dang,GRASP,cmt151c_m4,1,2500,2500,1656.0,1880.0,11.914893617021276,508.3806762843578,98,1.023654799999349,True,2,03_fixed_2500_baselines/raw_runs.csv
Fixed iteration,Dang,GRASP,cmt151c_m4,2,2500,2500,1639.0,1880.0,12.819148936170214,514.782162908997,98,1.0114394000011089,True,2,03_fixed_2500_baselines/raw_runs.csv
Fixed iteration,Dang,GRASP,cmt151c_m4,3,2500,2500,1627.0,1880.0,13.457446808510639,514.517331393029,97,1.0025805000004766,True,2,03_fixed_2500_baselines/raw_runs.csv
Fixed iteration,Dang,GRASP,cmt200b_m2,0,2500,2500,1776.0,2096.0,15.267175572519085,379.2522024962222,97,1.1953548999990744,True,2,03_fixed_2500_baselines/raw_runs.csv
Fixed iteration,Dang,GRASP,cmt200b_m2,1,2500,2500,1747.0,2096.0,16.650763358778626,381.4792393130568,98,1.1752081999984512,True,2,03_fixed_2500_baselines/raw_runs.csv
Fixed iteration,Dang,GRASP,cmt200b_m2,2,2500,2500,1781.0,2096.0,15.028625954198473,375.23048773604967,100,1.1624579999988782,True,2,03_fixed_2500_baselines/raw_runs.csv
Fixed iteration,Dang,GRASP,cmt200b_m2,3,2500,2500,1790.0,2096.0,14.599236641221374,370.26949850757217,101,1.175163399999292,True,2,03_fixed_2500_baselines/raw_runs.csv
Fixed iteration,Dang,GRASP,cmt200b_m3,0,2500,2500,1703.0,2019.0,15.651312530955918,374.9402429737477,93,1.053541999997833,True,2,03_fixed_2500_baselines/raw_runs.csv
Fixed iteration,Dang,GRASP,cmt200b_m3,1,2500,2500,1670.0,2019.0,17.28578504210005,375.9859392242336,96,1.0365161999980046,True,2,03_fixed_2500_baselines/raw_runs.csv
Fixed iteration,Dang,GRASP,cmt200b_m3,2,2500,2500,1684.0,2019.0,16.592372461614662,378.18948056459215,95,1.0514240999982576,True,2,03_fixed_2500_baselines/raw_runs.csv
Fixed iteration,Dang,GRASP,cmt200b_m3,3,2500,2500,1690.0,2019.0,16.295195641406636,376.9678094091647,94,1.049356200001057,True,2,03_fixed_2500_baselines/raw_runs.csv
Fixed iteration,Dang,GRASP,cmt200b_m4,0,2500,2500,1622.0,1894.0,14.361140443505807,373.6039172331125,92,0.993795999998838,True,2,03_fixed_2500_baselines/raw_runs.csv
Fixed iteration,Dang,GRASP,cmt200b_m4,1,2500,2500,1563.0,1894.0,17.47624076029567,376.21990987091,90,1.0074687999986054,True,2,03_fixed_2500_baselines/raw_runs.csv
Fixed iteration,Dang,GRASP,cmt200b_m4,2,2500,2500,1638.0,1894.0,13.51636747624076,377.0554215414825,93,0.990478700001404,True,2,03_fixed_2500_baselines/raw_runs.csv
Fixed iteration,Dang,GRASP,cmt200b_m4,3,2500,2500,1552.0,1894.0,18.057022175290392,376.9876033120617,85,0.9858015999998316,True,2,03_fixed_2500_baselines/raw_runs.csv
Fixed iteration,Dang,GRASP,cmt200c_m2,0,2500,2500,2463.0,2818.0,12.597586941092974,569.7285299706957,138,1.6634217000028002,True,2,03_fixed_2500_baselines/raw_runs.csv
Fixed iteration,Dang,GRASP,cmt200c_m2,1,2500,2500,2451.0,2818.0,13.023420865862313,570.4487381540252,142,1.65752970000176,True,2,03_fixed_2500_baselines/raw_runs.csv
Fixed iteration,Dang,GRASP,cmt200c_m2,2,2500,2500,2536.0,2818.0,10.00709723207949,565.1518507863204,147,1.6269148999999743,True,2,03_fixed_2500_baselines/raw_runs.csv
Fixed iteration,Dang,GRASP,cmt200c_m2,3,2500,2500,2450.0,2818.0,13.058907026259758,568.6058705156596,141,1.6577671999984886,True,2,03_fixed_2500_baselines/raw_runs.csv
Fixed iteration,Dang,GRASP,cmt200c_m3,0,2500,2500,2354.0,2766.0,14.895155459146782,567.4541961332172,137,1.4768583000004585,True,2,03_fixed_2500_baselines/raw_runs.csv
Fixed iteration,Dang,GRASP,cmt200c_m3,1,2500,2500,2375.0,2766.0,14.13593637020969,564.2523860692891,137,1.4693408000021009,True,2,03_fixed_2500_baselines/raw_runs.csv
Fixed iteration,Dang,GRASP,cmt200c_m3,2,2500,2500,2380.0,2766.0,13.955169920462762,562.4739536472472,136,1.4844978000000992,True,2,03_fixed_2500_baselines/raw_runs.csv
Fixed iteration,Dang,GRASP,cmt200c_m3,3,2500,2500,2496.0,2766.0,9.761388286334057,561.9059022021252,146,1.482001800002763,True,2,03_fixed_2500_baselines/raw_runs.csv
Fixed iteration,Dang,GRASP,cmt200c_m4,0,2500,2500,2295.0,2712.0,15.376106194690266,564.3666324656181,132,1.380073899999843,True,2,03_fixed_2500_baselines/raw_runs.csv
Fixed iteration,Dang,GRASP,cmt200c_m4,1,2500,2500,2346.0,2712.0,13.495575221238939,557.1812323398334,134,1.3540977999982715,True,2,03_fixed_2500_baselines/raw_runs.csv
Fixed iteration,Dang,GRASP,cmt200c_m4,2,2500,2500,2377.0,2712.0,12.35250737463127,565.546822823446,140,1.3719017000003078,True,2,03_fixed_2500_baselines/raw_runs.csv
Fixed iteration,Dang,GRASP,cmt200c_m4,3,2500,2500,2259.0,2712.0,16.70353982300885,560.2041853685564,130,1.375341999999364,True,2,03_fixed_2500_baselines/raw_runs.csv
Fixed iteration,Dang,GRASP,eil101b_m3,0,2500,2500,825.0,916.0,9.934497816593886,308.8994469089789,49,0.5877551999983552,True,2,03_fixed_2500_baselines/raw_runs.csv
Fixed iteration,Dang,GRASP,eil101b_m3,1,2500,2500,824.0,916.0,10.043668122270743,310.2773499628327,49,0.5763015999982599,True,2,03_fixed_2500_baselines/raw_runs.csv
Fixed iteration,Dang,GRASP,eil101b_m3,2,2500,2500,815.0,916.0,11.026200873362445,310.35385091136374,50,0.5765391999993881,True,2,03_fixed_2500_baselines/raw_runs.csv
Fixed iteration,Dang,GRASP,eil101b_m3,3,2500,2500,814.0,916.0,11.135371179039302,308.9131851011035,49,0.5754667000001064,True,2,03_fixed_2500_baselines/raw_runs.csv
Fixed iteration,Dang,GRASP,eil101c_m2,0,2500,2500,1183.0,1305.0,9.348659003831418,461.5739904593166,70,0.8738935999972455,True,2,03_fixed_2500_baselines/raw_runs.csv
Fixed iteration,Dang,GRASP,eil101c_m2,1,2500,2500,1199.0,1305.0,8.122605363984674,461.6730145892727,69,0.8833236999998917,True,2,03_fixed_2500_baselines/raw_runs.csv
Fixed iteration,Dang,GRASP,eil101c_m2,2,2500,2500,1181.0,1305.0,9.50191570881226,464.5215398209967,71,0.8852788000003784,True,2,03_fixed_2500_baselines/raw_runs.csv
Fixed iteration,Dang,GRASP,eil101c_m2,3,2500,2500,1211.0,1305.0,7.203065134099617,464.6579481159563,72,0.8607164999993984,True,2,03_fixed_2500_baselines/raw_runs.csv
Fixed iteration,Dang,GRASP,eil101c_m3,0,2500,2500,1166.0,1251.0,6.794564348521183,463.162605571416,70,0.771485200002644,True,2,03_fixed_2500_baselines/raw_runs.csv
Fixed iteration,Dang,GRASP,eil101c_m3,1,2500,2500,1178.0,1251.0,5.835331734612311,462.7971728274565,69,0.7611160000014934,True,2,03_fixed_2500_baselines/raw_runs.csv
Fixed iteration,Dang,GRASP,eil101c_m3,2,2500,2500,1158.0,1251.0,7.434052757793765,448.6830803488008,68,0.7809787000005599,True,2,03_fixed_2500_baselines/raw_runs.csv
Fixed iteration,Dang,GRASP,eil101c_m3,3,2500,2500,1173.0,1251.0,6.235011990407674,467.12565903582,72,0.7686500000017986,True,2,03_fixed_2500_baselines/raw_runs.csv
Fixed iteration,Dang,GRASP,gil262_gen1_m3,0,2500,2500,86.0,101.0,14.851485148514852,1176.3623955666162,86,1.0683500000013737,True,2,03_fixed_2500_baselines/raw_runs.csv
Fixed iteration,Dang,GRASP,gil262_gen1_m3,1,2500,2500,85.0,101.0,15.841584158415841,1168.1067748937292,85,1.0761764000017138,True,2,03_fixed_2500_baselines/raw_runs.csv
Fixed iteration,Dang,GRASP,gil262_gen1_m3,2,2500,2500,81.0,101.0,19.801980198019802,1179.2094194534716,81,1.0469788999980665,True,2,03_fixed_2500_baselines/raw_runs.csv
Fixed iteration,Dang,GRASP,gil262_gen1_m3,3,2500,2500,85.0,101.0,15.841584158415841,1155.4055736184328,85,1.040944700002001,True,2,03_fixed_2500_baselines/raw_runs.csv
Fixed iteration,Dang,GRASP,gil262_gen1_m4,0,2500,2500,67.0,78.0,14.102564102564102,1158.112867866278,67,1.0356250000004366,True,2,03_fixed_2500_baselines/raw_runs.csv
Fixed iteration,Dang,GRASP,gil262_gen1_m4,1,2500,2500,70.0,78.0,10.256410256410257,1175.447034761458,70,1.0071879999995872,True,2,03_fixed_2500_baselines/raw_runs.csv
Fixed iteration,Dang,GRASP,gil262_gen1_m4,2,2500,2500,68.0,78.0,12.820512820512821,1159.9468838274097,68,1.0841531000005489,True,2,03_fixed_2500_baselines/raw_runs.csv
Fixed iteration,Dang,GRASP,gil262_gen1_m4,3,2500,2500,67.0,78.0,14.102564102564102,1171.440661855153,67,1.083130999999412,True,2,03_fixed_2500_baselines/raw_runs.csv
Fixed iteration,Dang,GRASP,gil262_gen2_m2,0,2500,2500,5775.0,7498.0,22.979461189650575,1185.943767917137,102,1.2248005000001283,True,2,03_fixed_2500_baselines/raw_runs.csv
Fixed iteration,Dang,GRASP,gil262_gen2_m2,1,2500,2500,6077.0,7498.0,18.951720458789012,1178.2362910286615,106,1.2021475999972608,True,2,03_fixed_2500_baselines/raw_runs.csv
Fixed iteration,Dang,GRASP,gil262_gen2_m2,2,2500,2500,6085.0,7498.0,18.84502534009069,1184.3789700411216,106,1.2006249000005482,True,2,03_fixed_2500_baselines/raw_runs.csv
Fixed iteration,Dang,GRASP,gil262_gen2_m2,3,2500,2500,5760.0,7498.0,23.179514537209922,1175.0615600089986,99,1.2426267999981064,True,2,03_fixed_2500_baselines/raw_runs.csv
Fixed iteration,Dang,GRASP,gil262_gen2_m3,0,2500,2500,4598.0,5615.0,18.11219946571683,1172.934556698999,78,1.0614701000013156,True,2,03_fixed_2500_baselines/raw_runs.csv
Fixed iteration,Dang,GRASP,gil262_gen2_m3,1,2500,2500,4696.0,5615.0,16.366874443455032,1184.792301739598,81,1.0280516000020723,True,2,03_fixed_2500_baselines/raw_runs.csv
Fixed iteration,Dang,GRASP,gil262_gen2_m3,2,2500,2500,4731.0,5615.0,15.743544078361532,1176.733635769234,83,1.0608241000009002,True,2,03_fixed_2500_baselines/raw_runs.csv
Fixed iteration,Dang,GRASP,gil262_gen2_m3,3,2500,2500,4866.0,5615.0,13.339269813000891,1183.5061367637804,82,1.0729883999993035,True,2,03_fixed_2500_baselines/raw_runs.csv
Fixed iteration,Dang,GRASP,gil262_gen3_m2,0,2500,2500,5195.0,7183.0,27.676458304329667,1176.7106928536402,109,1.3015832000019143,True,2,03_fixed_2500_baselines/raw_runs.csv
Fixed iteration,Dang,GRASP,gil262_gen3_m2,1,2500,2500,4817.0,7183.0,32.938883474871226,1174.8922820938858,104,1.238272299997334,True,2,03_fixed_2500_baselines/raw_runs.csv
Fixed iteration,Dang,GRASP,gil262_gen3_m2,2,2500,2500,5115.0,7183.0,28.79019908116386,1178.6259053295553,111,1.2641874000000826,True,2,03_fixed_2500_baselines/raw_runs.csv
Fixed iteration,Dang,GRASP,gil262_gen3_m2,3,2500,2500,4648.0,7183.0,35.29166086593345,1184.3620954239332,103,1.2856051999988267,True,2,03_fixed_2500_baselines/raw_runs.csv
Fixed iteration,Dang,GRASP,gil262_gen3_m4,0,2500,2500,2094.0,2507.0,16.473873155165535,1170.4773990542944,67,1.0328377000005275,True,2,03_fixed_2500_baselines/raw_runs.csv
Fixed iteration,Dang,GRASP,gil262_gen3_m4,1,2500,2500,2156.0,2507.0,14.000797766254488,1178.308080124709,69,1.049788199998147,True,2,03_fixed_2500_baselines/raw_runs.csv
Fixed iteration,Dang,GRASP,gil262_gen3_m4,2,2500,2500,2078.0,2507.0,17.112086158755485,1164.2223416796774,68,1.0591002000001026,True,2,03_fixed_2500_baselines/raw_runs.csv
Fixed iteration,Dang,GRASP,gil262_gen3_m4,3,2500,2500,2136.0,2507.0,14.798564020741923,1171.5608060196494,70,1.070109100000991,True,2,03_fixed_2500_baselines/raw_runs.csv
Fixed iteration,Dang,GRASP,gil262a_m2,0,2500,2500,3492.0,4078.0,14.369789112309956,583.9618484518851,65,0.8816375000023982,True,2,03_fixed_2500_baselines/raw_runs.csv
Fixed iteration,Dang,GRASP,gil262a_m2,1,2500,2500,3563.0,4078.0,12.62873957822462,578.0691429961128,65,0.879610899999534,True,2,03_fixed_2500_baselines/raw_runs.csv
Fixed iteration,Dang,GRASP,gil262a_m2,2,2500,2500,3516.0,4078.0,13.781265326140264,591.6531848064012,67,0.882761600001686,True,2,03_fixed_2500_baselines/raw_runs.csv
Fixed iteration,Dang,GRASP,gil262a_m2,3,2500,2500,3309.0,4078.0,18.85728298185385,586.6719538392695,62,0.9013617999989948,True,2,03_fixed_2500_baselines/raw_runs.csv
Fixed iteration,Dang,GRASP,gil262a_m4,0,2500,2500,2827.0,3175.0,10.960629921259843,580.5384819220317,51,0.9989365000001272,True,2,03_fixed_2500_baselines/raw_runs.csv
Fixed iteration,Dang,GRASP,gil262a_m4,1,2500,2500,2834.0,3175.0,10.740157480314961,582.5088510875673,52,0.9513850000003004,True,2,03_fixed_2500_baselines/raw_runs.csv
Fixed iteration,Dang,GRASP,gil262a_m4,2,2500,2500,2835.0,3175.0,10.708661417322835,589.9218932631239,53,0.9520425999980944,True,2,03_fixed_2500_baselines/raw_runs.csv
Fixed iteration,Dang,GRASP,gil262a_m4,3,2500,2500,2750.0,3175.0,13.385826771653543,590.4502229957338,45,0.9081910999993852,True,2,03_fixed_2500_baselines/raw_runs.csv
Fixed iteration,Dang,GRASP,gil262b_m2,0,2500,2500,6295.0,8081.0,22.101225095903974,1177.4998095600422,112,1.3809824000018125,True,2,03_fixed_2500_baselines/raw_runs.csv
Fixed iteration,Dang,GRASP,gil262b_m2,1,2500,2500,6364.0,8081.0,21.247370374953594,1186.1889548704537,116,1.3431891000000178,True,2,03_fixed_2500_baselines/raw_runs.csv
Fixed iteration,Dang,GRASP,gil262b_m2,2,2500,2500,6446.0,8081.0,20.232644474693725,1174.3132398466546,117,1.3741943999993964,True,2,03_fixed_2500_baselines/raw_runs.csv
Fixed iteration,Dang,GRASP,gil262b_m2,3,2500,2500,6364.0,8081.0,21.247370374953594,1180.2381575065483,113,1.3695926000000327,True,2,03_fixed_2500_baselines/raw_runs.csv
Fixed iteration,Dang,GRASP,gil262b_m3,0,2500,2500,6114.0,7585.0,19.393539881344758,1168.9986450375327,107,1.2049688000006429,True,2,03_fixed_2500_baselines/raw_runs.csv
Fixed iteration,Dang,GRASP,gil262b_m3,1,2500,2500,6053.0,7585.0,20.1977587343441,1163.9371908185306,112,1.2043607999985395,True,2,03_fixed_2500_baselines/raw_runs.csv
Fixed iteration,Dang,GRASP,gil262b_m3,2,2500,2500,5778.0,7585.0,23.823335530652603,1180.5711497604286,105,1.2017433000000892,True,2,03_fixed_2500_baselines/raw_runs.csv
Fixed iteration,Dang,GRASP,gil262b_m3,3,2500,2500,6019.0,7585.0,20.64601186552406,1169.7558996367068,113,1.2425646000010602,True,2,03_fixed_2500_baselines/raw_runs.csv
Fixed iteration,Dang,GRASP,gil262b_m4,0,2500,2500,5660.0,6781.0,16.53148503170624,1161.996627711289,107,1.2574812000020756,True,2,03_fixed_2500_baselines/raw_runs.csv
Fixed iteration,Dang,GRASP,gil262b_m4,1,2500,2500,5914.0,6781.0,12.785724819348179,1184.1070333463113,104,1.2003191000003426,True,2,03_fixed_2500_baselines/raw_runs.csv
Fixed iteration,Dang,GRASP,gil262b_m4,2,2500,2500,5612.0,6781.0,17.23934522931721,1175.5498803158853,106,1.2176772999991954,True,2,03_fixed_2500_baselines/raw_runs.csv
Fixed iteration,Dang,GRASP,gil262b_m4,3,2500,2500,5850.0,6781.0,13.729538416162807,1169.2055260262096,108,1.2158400000007532,True,2,03_fixed_2500_baselines/raw_runs.csv
Fixed iteration,Dang,GRASP,gil262c_m2,0,2500,2500,9488.0,11030.0,13.980054397098822,1775.7520270555806,168,1.9917409000008772,True,2,03_fixed_2500_baselines/raw_runs.csv
Fixed iteration,Dang,GRASP,gil262c_m2,1,2500,2500,9167.0,11030.0,16.890299184043517,1765.9826354462482,166,1.9916393999992577,True,2,03_fixed_2500_baselines/raw_runs.csv
Fixed iteration,Dang,GRASP,gil262c_m2,2,2500,2500,9482.0,11030.0,14.034451495920218,1780.132916840656,177,1.969617000002472,True,2,03_fixed_2500_baselines/raw_runs.csv
Fixed iteration,Dang,GRASP,gil262c_m2,3,2500,2500,9245.0,11030.0,16.183136899365365,1761.809633270857,169,1.9823601999996756,True,2,03_fixed_2500_baselines/raw_runs.csv
Fixed iteration,Dang,GRASP,gil262c_m3,0,2500,2500,8983.0,10757.0,16.49158687366366,1761.292324523171,166,1.7501075000000128,True,2,03_fixed_2500_baselines/raw_runs.csv
Fixed iteration,Dang,GRASP,gil262c_m3,1,2500,2500,8612.0,10757.0,19.94050385795296,1742.5837894522197,158,1.689929200001643,True,2,03_fixed_2500_baselines/raw_runs.csv
Fixed iteration,Dang,GRASP,gil262c_m3,2,2500,2500,8839.0,10757.0,17.83025006972204,1779.748492490095,163,1.7253686000003654,True,2,03_fixed_2500_baselines/raw_runs.csv
Fixed iteration,Dang,GRASP,gil262c_m3,3,2500,2500,8676.0,10757.0,19.34554243748257,1758.6369969362595,158,1.7364145999999892,True,2,03_fixed_2500_baselines/raw_runs.csv
Fixed iteration,Dang,GRASP,gil262c_m4,0,2500,2500,8007.0,10281.0,22.118470965859352,1747.0032678062207,147,1.4870798000010836,True,2,03_fixed_2500_baselines/raw_runs.csv
Fixed iteration,Dang,GRASP,gil262c_m4,1,2500,2500,8087.0,10281.0,21.340336543137827,1764.6612521774778,147,1.536938599998393,True,2,03_fixed_2500_baselines/raw_runs.csv
Fixed iteration,Dang,GRASP,gil262c_m4,2,2500,2500,8401.0,10281.0,18.28615893395584,1755.1595620447858,155,1.500755000000936,True,2,03_fixed_2500_baselines/raw_runs.csv
Fixed iteration,Dang,GRASP,gil262c_m4,3,2500,2500,8075.0,10281.0,21.457056706546055,1757.0668356735982,154,1.5175075000006473,True,2,03_fixed_2500_baselines/raw_runs.csv
Fixed iteration,Dang,GRASP,gr229_gen1_m4,0,2500,2500,218.0,223.0,2.242152466367713,1719.8527952660895,218,2.1077383999981976,True,2,03_fixed_2500_baselines/raw_runs.csv
Fixed iteration,Dang,GRASP,gr229_gen1_m4,1,2500,2500,217.0,223.0,2.690582959641256,1737.4889307947485,217,2.100091399999656,True,2,03_fixed_2500_baselines/raw_runs.csv
Fixed iteration,Dang,GRASP,gr229_gen1_m4,2,2500,2500,218.0,223.0,2.242152466367713,1723.964780503572,218,2.094580799999676,True,2,03_fixed_2500_baselines/raw_runs.csv
Fixed iteration,Dang,GRASP,gr229_gen1_m4,3,2500,2500,215.0,223.0,3.587443946188341,1734.171400446,215,2.133795600002486,True,2,03_fixed_2500_baselines/raw_runs.csv
Fixed iteration,Dang,GRASP,gr229_gen2_m3,0,2500,2500,11120.0,11566.0,3.856130036313332,1666.5493694633565,220,2.3418775999998616,True,2,03_fixed_2500_baselines/raw_runs.csv
Fixed iteration,Dang,GRASP,gr229_gen2_m3,1,2500,2500,11120.0,11566.0,3.856130036313332,1730.720104958397,220,2.3367599999983213,True,2,03_fixed_2500_baselines/raw_runs.csv
Fixed iteration,Dang,GRASP,gr229_gen2_m3,2,2500,2500,11120.0,11566.0,3.856130036313332,1658.4100622259225,220,2.332906700001331,True,2,03_fixed_2500_baselines/raw_runs.csv
Fixed iteration,Dang,GRASP,gr229_gen2_m3,3,2500,2500,11120.0,11566.0,3.856130036313332,1669.1209992149609,220,2.3757418999994115,True,2,03_fixed_2500_baselines/raw_runs.csv
Fixed iteration,Dang,GRASP,gr229_gen2_m4,0,2500,2500,11072.0,11355.0,2.4922941435490973,1745.4136741207208,215,2.1073582000026363,True,2,03_fixed_2500_baselines/raw_runs.csv
Fixed iteration,Dang,GRASP,gr229_gen2_m4,1,2500,2500,11078.0,11355.0,2.4394539850286217,1752.3150048045686,218,2.1142139000003226,True,2,03_fixed_2500_baselines/raw_runs.csv
Fixed iteration,Dang,GRASP,gr229_gen2_m4,2,2500,2500,11072.0,11355.0,2.4922941435490973,1752.0741455110158,216,2.12393560000055,True,2,03_fixed_2500_baselines/raw_runs.csv
Fixed iteration,Dang,GRASP,gr229_gen2_m4,3,2500,2500,10986.0,11355.0,3.249669749009247,1730.0358519232475,213,2.1152125999979035,True,2,03_fixed_2500_baselines/raw_runs.csv
Fixed iteration,Dang,GRASP,gr229_gen3_m3,0,2500,2500,7355.0,8056.0,8.701588877855015,1655.291449751117,220,2.3464330000024347,True,2,03_fixed_2500_baselines/raw_runs.csv
Fixed iteration,Dang,GRASP,gr229_gen3_m3,1,2500,2500,7355.0,8056.0,8.701588877855015,1647.197335555658,220,2.381503600001452,True,2,03_fixed_2500_baselines/raw_runs.csv
Fixed iteration,Dang,GRASP,gr229_gen3_m3,2,2500,2500,7355.0,8056.0,8.701588877855015,1634.0258935544746,220,2.3741359999985434,True,2,03_fixed_2500_baselines/raw_runs.csv
Fixed iteration,Dang,GRASP,gr229_gen3_m3,3,2500,2500,7355.0,8056.0,8.701588877855015,1622.633272909255,220,2.40688130000126,True,2,03_fixed_2500_baselines/raw_runs.csv
Fixed iteration,Dang,GRASP,gr229_gen3_m4,0,2500,2500,7228.0,7651.0,5.528689060253561,1736.5351910386714,218,2.117845299999317,True,2,03_fixed_2500_baselines/raw_runs.csv
Fixed iteration,Dang,GRASP,gr229_gen3_m4,1,2500,2500,7217.0,7651.0,5.672461116193961,1753.5894887785032,218,2.1220130999972757,True,2,03_fixed_2500_baselines/raw_runs.csv
Fixed iteration,Dang,GRASP,gr229_gen3_m4,2,2500,2500,7234.0,7651.0,5.450267938831526,1696.0223502543404,218,2.1342338000031305,True,2,03_fixed_2500_baselines/raw_runs.csv
Fixed iteration,Dang,GRASP,gr229_gen3_m4,3,2500,2500,6985.0,7651.0,8.704744477846033,1693.008867193108,215,2.1247593000007328,True,2,03_fixed_2500_baselines/raw_runs.csv
Fixed iteration,Dang,GRASP,kroA150_gen2_m2,0,2500,2500,3849.0,4335.0,11.211072664359861,12947.355404262817,70,0.7357169999995676,True,2,03_fixed_2500_baselines/raw_runs.csv
Fixed iteration,Dang,GRASP,kroA150_gen2_m2,1,2500,2500,3800.0,4335.0,12.341407151095732,12930.419631537656,67,0.7325707000018156,True,2,03_fixed_2500_baselines/raw_runs.csv
Fixed iteration,Dang,GRASP,kroA150_gen2_m2,2,2500,2500,3803.0,4335.0,12.272202998846597,13063.429782842555,65,0.7421796999988146,True,2,03_fixed_2500_baselines/raw_runs.csv
Fixed iteration,Dang,GRASP,kroA150_gen2_m2,3,2500,2500,3935.0,4335.0,9.22722029988466,13072.48884446086,70,0.7573622999989311,True,2,03_fixed_2500_baselines/raw_runs.csv
Fixed iteration,Dang,GRASP,kroA150_gen3_m3,0,2500,2500,2317.0,2726.0,15.00366837857667,12982.424970692417,60,0.6802200999991328,True,2,03_fixed_2500_baselines/raw_runs.csv
Fixed iteration,Dang,GRASP,kroA150_gen3_m3,1,2500,2500,2213.0,2726.0,18.818782098312546,12950.960632269236,63,0.6828095999990182,True,2,03_fixed_2500_baselines/raw_runs.csv
Fixed iteration,Dang,GRASP,kroA150_gen3_m3,2,2500,2500,2299.0,2726.0,15.663976522377109,12732.536692257445,61,0.6819352999991679,True,2,03_fixed_2500_baselines/raw_runs.csv
Fixed iteration,Dang,GRASP,kroA150_gen3_m3,3,2500,2500,2250.0,2726.0,17.461482024944974,13073.717030347078,58,0.6841496999986703,True,2,03_fixed_2500_baselines/raw_runs.csv
Fixed iteration,Dang,GRASP,kroA200_gen1_m4,0,2500,2500,68.0,81.0,16.049382716049383,14487.467465246584,68,0.833066899998812,True,2,03_fixed_2500_baselines/raw_runs.csv
Fixed iteration,Dang,GRASP,kroA200_gen1_m4,1,2500,2500,71.0,81.0,12.345679012345679,14502.939190758158,71,0.8485920000020997,True,2,03_fixed_2500_baselines/raw_runs.csv
Fixed iteration,Dang,GRASP,kroA200_gen1_m4,2,2500,2500,68.0,81.0,16.049382716049383,14617.537753243738,68,0.8646783000003779,True,2,03_fixed_2500_baselines/raw_runs.csv
Fixed iteration,Dang,GRASP,kroA200_gen1_m4,3,2500,2500,66.0,81.0,18.51851851851852,14377.996201938578,66,0.8640261000000464,True,2,03_fixed_2500_baselines/raw_runs.csv
Fixed iteration,Dang,GRASP,kroB200_gen1_m2,0,2500,2500,92.0,111.0,17.117117117117118,14298.17062406654,92,0.9983404000013252,True,2,03_fixed_2500_baselines/raw_runs.csv
Fixed iteration,Dang,GRASP,kroB200_gen1_m2,1,2500,2500,90.0,111.0,18.91891891891892,14215.131216702775,90,1.02227899999707,True,2,03_fixed_2500_baselines/raw_runs.csv
Fixed iteration,Dang,GRASP,kroB200_gen1_m2,2,2500,2500,86.0,111.0,22.52252252252252,14320.390908965115,86,0.9893752000025416,True,2,03_fixed_2500_baselines/raw_runs.csv
Fixed iteration,Dang,GRASP,kroB200_gen1_m2,3,2500,2500,91.0,111.0,18.01801801801802,14400.078765703429,91,1.0068267999995442,True,2,03_fixed_2500_baselines/raw_runs.csv
Fixed iteration,Dang,GRASP,kroB200_gen2_m2,0,2500,2500,5014.0,6185.0,18.93290218270008,14611.788472657889,90,0.9834396000005654,True,2,03_fixed_2500_baselines/raw_runs.csv
Fixed iteration,Dang,GRASP,kroB200_gen2_m2,1,2500,2500,4959.0,6185.0,19.822150363783347,14580.53085645454,89,0.9822182999996584,True,2,03_fixed_2500_baselines/raw_runs.csv
Fixed iteration,Dang,GRASP,kroB200_gen2_m2,2,2500,2500,4909.0,6185.0,20.630557801131772,14591.15851992622,87,0.9905913000002328,True,2,03_fixed_2500_baselines/raw_runs.csv
Fixed iteration,Dang,GRASP,kroB200_gen2_m2,3,2500,2500,5063.0,6185.0,18.140662894098625,14472.377209399585,90,0.9912512999981118,True,2,03_fixed_2500_baselines/raw_runs.csv
Fixed iteration,Dang,GRASP,kroB200_gen2_m4,0,2500,2500,4237.0,4944.0,14.300161812297734,14481.68081142815,72,0.8573461000014504,True,2,03_fixed_2500_baselines/raw_runs.csv
Fixed iteration,Dang,GRASP,kroB200_gen2_m4,1,2500,2500,4266.0,4944.0,13.71359223300971,14206.393665742891,75,0.8713839000010921,True,2,03_fixed_2500_baselines/raw_runs.csv
Fixed iteration,Dang,GRASP,kroB200_gen2_m4,2,2500,2500,4307.0,4944.0,12.88430420711974,14319.444344620804,74,0.89992699999857,True,2,03_fixed_2500_baselines/raw_runs.csv
Fixed iteration,Dang,GRASP,kroB200_gen2_m4,3,2500,2500,4178.0,4944.0,15.493527508090615,14649.185410072032,73,0.8881127999993623,True,2,03_fixed_2500_baselines/raw_runs.csv
Fixed iteration,Dang,GRASP,kroB200_gen3_m2,0,2500,2500,3222.0,4765.0,32.381951731374606,14395.500563261374,87,1.0222787000020617,True,2,03_fixed_2500_baselines/raw_runs.csv
Fixed iteration,Dang,GRASP,kroB200_gen3_m2,1,2500,2500,2965.0,4765.0,37.77544596012592,14624.743928968315,89,1.0096735000006447,True,2,03_fixed_2500_baselines/raw_runs.csv
Fixed iteration,Dang,GRASP,kroB200_gen3_m2,2,2500,2500,2942.0,4765.0,38.25813221406086,14451.03733498508,93,1.0338892999970994,True,2,03_fixed_2500_baselines/raw_runs.csv
Fixed iteration,Dang,GRASP,kroB200_gen3_m2,3,2500,2500,2911.0,4765.0,38.9087093389297,14504.399284259467,89,1.0252985000006447,True,2,03_fixed_2500_baselines/raw_runs.csv
Fixed iteration,Dang,GRASP,kroB200_gen3_m3,0,2500,2500,2440.0,3028.0,19.418758256274767,14386.387340729438,92,0.9525368999966304,True,2,03_fixed_2500_baselines/raw_runs.csv
Fixed iteration,Dang,GRASP,kroB200_gen3_m3,1,2500,2500,2314.0,3028.0,23.57992073976222,14511.38024486649,88,0.9470309999996972,True,2,03_fixed_2500_baselines/raw_runs.csv
Fixed iteration,Dang,GRASP,kroB200_gen3_m3,2,2500,2500,2271.0,3028.0,25.0,14225.190497250638,86,0.9180832999991252,True,2,03_fixed_2500_baselines/raw_runs.csv
Fixed iteration,Dang,GRASP,kroB200_gen3_m3,3,2500,2500,2216.0,3028.0,26.81638044914135,14296.68216081499,84,0.9583083999968948,True,2,03_fixed_2500_baselines/raw_runs.csv
Fixed iteration,Dang,GRASP,lin318_gen1_m2,0,2500,2500,147.0,180.0,18.333333333333332,20714.75376647115,147,1.717153399997187,True,2,03_fixed_2500_baselines/raw_runs.csv
Fixed iteration,Dang,GRASP,lin318_gen1_m2,1,2500,2500,140.0,180.0,22.22222222222222,20731.28788972842,140,1.6530669999992824,True,2,03_fixed_2500_baselines/raw_runs.csv
Fixed iteration,Dang,GRASP,lin318_gen1_m2,2,2500,2500,143.0,180.0,20.555555555555557,20794.389457967773,143,1.6644582000008086,True,2,03_fixed_2500_baselines/raw_runs.csv
Fixed iteration,Dang,GRASP,lin318_gen1_m2,3,2500,2500,144.0,180.0,20.0,20792.26633410038,144,1.680635100001382,True,2,03_fixed_2500_baselines/raw_runs.csv
Fixed iteration,Dang,GRASP,lin318_gen1_m3,0,2500,2500,129.0,149.0,13.422818791946309,20796.970067146234,129,1.4607952000005753,True,2,03_fixed_2500_baselines/raw_runs.csv
Fixed iteration,Dang,GRASP,lin318_gen1_m3,1,2500,2500,123.0,149.0,17.449664429530202,20770.525194330767,123,1.4360787000005075,True,2,03_fixed_2500_baselines/raw_runs.csv
Fixed iteration,Dang,GRASP,lin318_gen1_m3,2,2500,2500,118.0,149.0,20.80536912751678,20684.253857472653,118,1.391177900000912,True,2,03_fixed_2500_baselines/raw_runs.csv
Fixed iteration,Dang,GRASP,lin318_gen1_m3,3,2500,2500,121.0,149.0,18.79194630872483,20787.244373089077,121,1.408641500001977,True,2,03_fixed_2500_baselines/raw_runs.csv
Fixed iteration,Dang,GRASP,lin318_gen2_m2,0,2500,2500,7556.0,9544.0,20.82984073763621,20967.477585959787,137,1.666452900000877,True,2,03_fixed_2500_baselines/raw_runs.csv
Fixed iteration,Dang,GRASP,lin318_gen2_m2,1,2500,2500,7915.0,9544.0,17.068315171835707,20773.05993557348,148,1.6977975000008882,True,2,03_fixed_2500_baselines/raw_runs.csv
Fixed iteration,Dang,GRASP,lin318_gen2_m2,2,2500,2500,7802.0,9544.0,18.2523051131601,20908.856488163397,142,1.7107004999998026,True,2,03_fixed_2500_baselines/raw_runs.csv
Fixed iteration,Dang,GRASP,lin318_gen2_m2,3,2500,2500,7374.0,9544.0,22.73679798826488,20893.562900776386,134,1.6626943000010217,True,2,03_fixed_2500_baselines/raw_runs.csv
Fixed iteration,Dang,GRASP,lin318_gen2_m3,0,2500,2500,6303.0,7807.0,19.264762392724478,20877.194550448035,122,1.4544213000008313,True,2,03_fixed_2500_baselines/raw_runs.csv
Fixed iteration,Dang,GRASP,lin318_gen2_m3,1,2500,2500,6494.0,7807.0,16.818240040988854,20878.900505173253,121,1.4771041000021796,True,2,03_fixed_2500_baselines/raw_runs.csv
Fixed iteration,Dang,GRASP,lin318_gen2_m3,2,2500,2500,6161.0,7807.0,21.083642884590752,20895.63860271131,108,1.4461470999995072,True,2,03_fixed_2500_baselines/raw_runs.csv
Fixed iteration,Dang,GRASP,lin318_gen2_m3,3,2500,2500,6422.0,7807.0,17.740489304470348,20764.98112957547,121,1.4631208999962837,True,2,03_fixed_2500_baselines/raw_runs.csv
Fixed iteration,Dang,GRASP,lin318_gen3_m2,0,2500,2500,5522.0,7936.0,30.418346774193548,20937.47398610502,150,1.6773637999940547,True,2,03_fixed_2500_baselines/raw_runs.csv
Fixed iteration,Dang,GRASP,lin318_gen3_m2,1,2500,2500,5329.0,7936.0,32.85030241935484,20687.81315518435,138,1.709590099999332,True,2,03_fixed_2500_baselines/raw_runs.csv
Fixed iteration,Dang,GRASP,lin318_gen3_m2,2,2500,2500,5546.0,7936.0,30.11592741935484,20912.15598767208,146,1.685940399998799,True,2,03_fixed_2500_baselines/raw_runs.csv
Fixed iteration,Dang,GRASP,lin318_gen3_m2,3,2500,2500,5495.0,7936.0,30.758568548387096,20831.0769656739,139,1.717268000000331,True,2,03_fixed_2500_baselines/raw_runs.csv
Fixed iteration,Dang,GRASP,lin318_gen3_m4,0,2500,2500,2823.0,3797.0,25.651830392415064,20848.251798754103,99,1.4377061000050162,True,2,03_fixed_2500_baselines/raw_runs.csv
Fixed iteration,Dang,GRASP,lin318_gen3_m4,1,2500,2500,2965.0,3797.0,21.912035817750855,20714.45535003823,103,1.4324331999960125,True,2,03_fixed_2500_baselines/raw_runs.csv
Fixed iteration,Dang,GRASP,lin318_gen3_m4,2,2500,2500,2978.0,3797.0,21.569660258098498,20805.083902322127,102,1.3890264999936337,True,2,03_fixed_2500_baselines/raw_runs.csv
Fixed iteration,Dang,GRASP,lin318_gen3_m4,3,2500,2500,2867.0,3797.0,24.493020805899395,20901.272716087427,101,1.364680300001055,True,2,03_fixed_2500_baselines/raw_runs.csv
Fixed iteration,Dang,GRASP,pr136_gen1_m2,0,2500,2500,53.0,63.0,15.873015873015873,46923.24673735975,53,0.6231706999969902,True,2,03_fixed_2500_baselines/raw_runs.csv
Fixed iteration,Dang,GRASP,pr136_gen1_m2,1,2500,2500,55.0,63.0,12.698412698412698,47684.67728140593,55,0.6532135000015842,True,2,03_fixed_2500_baselines/raw_runs.csv
Fixed iteration,Dang,GRASP,pr136_gen1_m2,2,2500,2500,56.0,63.0,11.11111111111111,47862.97294494354,56,0.6541541000042344,True,2,03_fixed_2500_baselines/raw_runs.csv
Fixed iteration,Dang,GRASP,pr136_gen1_m2,3,2500,2500,54.0,63.0,14.285714285714286,47334.10766964084,54,0.6219062999953167,True,2,03_fixed_2500_baselines/raw_runs.csv
Fixed iteration,Dang,GRASP,pr136_gen2_m2,0,2500,2500,3238.0,3646.0,11.190345584201864,46605.58710845225,54,0.6336660999950254,True,2,03_fixed_2500_baselines/raw_runs.csv
Fixed iteration,Dang,GRASP,pr136_gen2_m2,1,2500,2500,3145.0,3646.0,13.74108612177729,47536.52358064253,56,0.6450619999959599,True,2,03_fixed_2500_baselines/raw_runs.csv
Fixed iteration,Dang,GRASP,pr136_gen2_m2,2,2500,2500,3229.0,3646.0,11.437191442676907,47962.270467834285,56,0.6546925000002375,True,2,03_fixed_2500_baselines/raw_runs.csv
Fixed iteration,Dang,GRASP,pr136_gen2_m2,3,2500,2500,3203.0,3646.0,12.150301700493692,46863.164179863845,54,0.6461685000031139,True,2,03_fixed_2500_baselines/raw_runs.csv
Fixed iteration,Dang,GRASP,pr264_gen1_m4,0,2500,2500,96.0,107.0,10.280373831775702,23840.13350799545,96,1.1643239999975776,True,2,03_fixed_2500_baselines/raw_runs.csv
Fixed iteration,Dang,GRASP,pr264_gen1_m4,1,2500,2500,99.0,107.0,7.4766355140186915,24336.53195355158,99,1.2229254999983823,True,2,03_fixed_2500_baselines/raw_runs.csv
Fixed iteration,Dang,GRASP,pr264_gen1_m4,2,2500,2500,96.0,107.0,10.280373831775702,24217.597696047345,96,1.1208352000030573,True,2,03_fixed_2500_baselines/raw_runs.csv
Fixed iteration,Dang,GRASP,pr264_gen1_m4,3,2500,2500,98.0,107.0,8.411214953271028,24176.31282094213,98,1.1674837000027765,True,2,03_fixed_2500_baselines/raw_runs.csv
Fixed iteration,Dang,GRASP,pr264_gen2_m2,0,2500,2500,6474.0,6635.0,2.426525998492841,24333.03515312205,120,1.2923131999996258,True,2,03_fixed_2500_baselines/raw_runs.csv
Fixed iteration,Dang,GRASP,pr264_gen2_m2,1,2500,2500,6386.0,6635.0,3.752825923134891,24233.279095293223,120,1.2677115999977104,True,2,03_fixed_2500_baselines/raw_runs.csv
Fixed iteration,Dang,GRASP,pr264_gen2_m2,2,2500,2500,6251.0,6635.0,5.787490580256217,23965.066561760163,115,1.2594345000034082,True,2,03_fixed_2500_baselines/raw_runs.csv
Fixed iteration,Dang,GRASP,pr264_gen2_m2,3,2500,2500,6400.0,6635.0,3.541823662396383,23858.45542760437,120,1.2498105999984546,True,2,03_fixed_2500_baselines/raw_runs.csv
Fixed iteration,Dang,GRASP,pr264_gen2_m3,0,2500,2500,5596.0,6420.0,12.834890965732088,23175.436307161053,107,1.2097312000041711,True,2,03_fixed_2500_baselines/raw_runs.csv
Fixed iteration,Dang,GRASP,pr264_gen2_m3,1,2500,2500,5835.0,6420.0,9.11214953271028,24039.88250661628,107,1.217844499995408,True,2,03_fixed_2500_baselines/raw_runs.csv
Fixed iteration,Dang,GRASP,pr264_gen2_m3,2,2500,2500,5623.0,6420.0,12.414330218068535,23939.25002974077,102,1.1924852000011017,True,2,03_fixed_2500_baselines/raw_runs.csv
Fixed iteration,Dang,GRASP,pr264_gen2_m3,3,2500,2500,5727.0,6420.0,10.794392523364486,24160.433435310155,108,1.2389604000054533,True,2,03_fixed_2500_baselines/raw_runs.csv
Fixed iteration,Dang,GRASP,pr264_gen2_m4,0,2500,2500,5095.0,5584.0,8.757163323782235,24234.178599049803,96,1.1460930000030205,True,2,03_fixed_2500_baselines/raw_runs.csv
Fixed iteration,Dang,GRASP,pr264_gen2_m4,1,2500,2500,5024.0,5584.0,10.02865329512894,24344.40565728653,92,1.1351270000013756,True,2,03_fixed_2500_baselines/raw_runs.csv
Fixed iteration,Dang,GRASP,pr264_gen2_m4,2,2500,2500,5034.0,5584.0,9.849570200573066,24314.11129543933,94,1.1473139000008814,True,2,03_fixed_2500_baselines/raw_runs.csv
Fixed iteration,Dang,GRASP,pr264_gen2_m4,3,2500,2500,5133.0,5584.0,8.076647564469914,24309.041666437777,94,1.1533049999998184,True,2,03_fixed_2500_baselines/raw_runs.csv
Fixed iteration,Dang,GRASP,pr264_gen3_m3,0,2500,2500,2286.0,2772.0,17.532467532467532,24274.037037884056,102,1.2319157000019914,True,2,03_fixed_2500_baselines/raw_runs.csv
Fixed iteration,Dang,GRASP,pr264_gen3_m3,1,2500,2500,2294.0,2772.0,17.243867243867243,24261.232578182837,110,1.1941891999958898,True,2,03_fixed_2500_baselines/raw_runs.csv
Fixed iteration,Dang,GRASP,pr264_gen3_m3,2,2500,2500,2356.0,2772.0,15.007215007215008,24048.21785507043,110,1.2573843999998644,True,2,03_fixed_2500_baselines/raw_runs.csv
Fixed iteration,Dang,GRASP,pr264_gen3_m3,3,2500,2500,2320.0,2772.0,16.305916305916305,23223.176529226977,111,1.2130604999983916,True,2,03_fixed_2500_baselines/raw_runs.csv
Fixed iteration,Dang,GRASP,pr299_gen1_m2,0,2500,2500,123.0,139.0,11.510791366906474,23877.43454237965,123,1.3162354000014602,True,2,03_fixed_2500_baselines/raw_runs.csv
Fixed iteration,Dang,GRASP,pr299_gen1_m2,1,2500,2500,116.0,139.0,16.546762589928058,23714.549082073085,116,1.3559958999976516,True,2,03_fixed_2500_baselines/raw_runs.csv
Fixed iteration,Dang,GRASP,pr299_gen1_m2,2,2500,2500,114.0,139.0,17.985611510791365,23767.623164693447,114,1.3545700000031502,True,2,03_fixed_2500_baselines/raw_runs.csv
Fixed iteration,Dang,GRASP,pr299_gen1_m2,3,2500,2500,117.0,139.0,15.827338129496402,23667.663586230537,117,1.37256730000081,True,2,03_fixed_2500_baselines/raw_runs.csv
Fixed iteration,Dang,GRASP,pr299_gen1_m3,0,2500,2500,94.0,111.0,15.315315315315315,23925.653815168545,94,1.2389091000004555,True,2,03_fixed_2500_baselines/raw_runs.csv
Fixed iteration,Dang,GRASP,pr299_gen1_m3,1,2500,2500,91.0,111.0,18.01801801801802,24013.94828852377,91,1.2207708999994793,True,2,03_fixed_2500_baselines/raw_runs.csv
Fixed iteration,Dang,GRASP,pr299_gen1_m3,2,2500,2500,95.0,111.0,14.414414414414415,23964.866498503365,95,1.25224409999646,True,2,03_fixed_2500_baselines/raw_runs.csv
Fixed iteration,Dang,GRASP,pr299_gen1_m3,3,2500,2500,94.0,111.0,15.315315315315315,23831.378712037444,94,1.2870423999993363,True,2,03_fixed_2500_baselines/raw_runs.csv
Fixed iteration,Dang,GRASP,pr299_gen1_m4,0,2500,2500,69.0,84.0,17.857142857142858,23557.72110122267,69,1.1925207000022056,True,2,03_fixed_2500_baselines/raw_runs.csv
Fixed iteration,Dang,GRASP,pr299_gen1_m4,1,2500,2500,71.0,84.0,15.476190476190476,23905.192203473634,71,1.1871160000009695,True,2,03_fixed_2500_baselines/raw_runs.csv
Fixed iteration,Dang,GRASP,pr299_gen1_m4,2,2500,2500,75.0,84.0,10.714285714285714,23849.83566459676,75,1.215563599995221,True,2,03_fixed_2500_baselines/raw_runs.csv
Fixed iteration,Dang,GRASP,pr299_gen1_m4,3,2500,2500,74.0,84.0,11.904761904761905,23782.402035467803,74,1.20072269999946,True,2,03_fixed_2500_baselines/raw_runs.csv
Fixed iteration,Dang,GRASP,pr299_gen2_m3,0,2500,2500,4822.0,6018.0,19.873712196743103,23912.5100227006,89,1.1660456999961752,True,2,03_fixed_2500_baselines/raw_runs.csv
Fixed iteration,Dang,GRASP,pr299_gen2_m3,1,2500,2500,5018.0,6018.0,16.61681621801263,23880.157898805,94,1.2061495000016291,True,2,03_fixed_2500_baselines/raw_runs.csv
Fixed iteration,Dang,GRASP,pr299_gen2_m3,2,2500,2500,5027.0,6018.0,16.467264872050514,23939.342238081303,91,1.1998008000009577,True,2,03_fixed_2500_baselines/raw_runs.csv
Fixed iteration,Dang,GRASP,pr299_gen2_m3,3,2500,2500,5197.0,6018.0,13.642406114988368,23842.059179888907,96,1.2677121000015177,True,2,03_fixed_2500_baselines/raw_runs.csv
Fixed iteration,Dang,GRASP,pr299_gen2_m4,0,2500,2500,3794.0,4457.0,14.875476778101863,23801.72266720447,68,1.2273307000068598,True,2,03_fixed_2500_baselines/raw_runs.csv
Fixed iteration,Dang,GRASP,pr299_gen2_m4,1,2500,2500,3895.0,4457.0,12.609378505721336,23656.29480371676,72,1.2362995999937991,True,2,03_fixed_2500_baselines/raw_runs.csv
Fixed iteration,Dang,GRASP,pr299_gen2_m4,2,2500,2500,3962.0,4457.0,11.106125196320395,23900.987527949124,72,1.213659799999732,True,2,03_fixed_2500_baselines/raw_runs.csv
Fixed iteration,Dang,GRASP,pr299_gen2_m4,3,2500,2500,3821.0,4457.0,14.269688131029842,23815.220554759515,71,1.24678450000647,True,2,03_fixed_2500_baselines/raw_runs.csv
Fixed iteration,Dang,GRASP,pr299_gen3_m2,0,2500,2500,4220.0,5729.0,26.339675336009776,23878.012753076287,119,1.3604158000016469,True,2,03_fixed_2500_baselines/raw_runs.csv
Fixed iteration,Dang,GRASP,pr299_gen3_m2,1,2500,2500,4102.0,5729.0,28.399371618083435,23746.60161879714,114,1.3652593999941018,True,2,03_fixed_2500_baselines/raw_runs.csv
Fixed iteration,Dang,GRASP,pr299_gen3_m2,2,2500,2500,4333.0,5729.0,24.367254320125678,23882.405893503023,125,1.373750700004166,True,2,03_fixed_2500_baselines/raw_runs.csv
Fixed iteration,Dang,GRASP,pr299_gen3_m2,3,2500,2500,4426.0,5729.0,22.743934368999824,23715.03071714873,120,1.3823334999979124,True,2,03_fixed_2500_baselines/raw_runs.csv
Fixed iteration,Dang,GRASP,pr299_gen3_m3,0,2500,2500,2839.0,3655.0,22.325581395348838,23985.480309506136,94,1.2131374000018695,True,2,03_fixed_2500_baselines/raw_runs.csv
Fixed iteration,Dang,GRASP,pr299_gen3_m3,1,2500,2500,2757.0,3655.0,24.56908344733242,23951.477508086777,92,1.203390999995463,True,2,03_fixed_2500_baselines/raw_runs.csv
Fixed iteration,Dang,GRASP,pr299_gen3_m3,2,2500,2500,2891.0,3655.0,20.902872777017784,23913.051885796947,96,1.2553325000044424,True,2,03_fixed_2500_baselines/raw_runs.csv
Fixed iteration,Dang,GRASP,pr299_gen3_m3,3,2500,2500,2848.0,3655.0,22.079343365253077,23763.437772692585,90,1.2282696000038411,True,2,03_fixed_2500_baselines/raw_runs.csv
Fixed iteration,Dang,GRASP,pr299_gen3_m4,0,2500,2500,1926.0,2268.0,15.079365079365079,23963.25902506851,72,1.236043900004006,True,2,03_fixed_2500_baselines/raw_runs.csv
Fixed iteration,Dang,GRASP,pr299_gen3_m4,1,2500,2500,1888.0,2268.0,16.75485008818342,23844.02643793924,71,1.2809765999991214,True,2,03_fixed_2500_baselines/raw_runs.csv
Fixed iteration,Dang,GRASP,pr299_gen3_m4,2,2500,2500,1858.0,2268.0,18.077601410934744,23935.25091703213,71,1.2195273999968776,True,2,03_fixed_2500_baselines/raw_runs.csv
Fixed iteration,Dang,GRASP,pr299_gen3_m4,3,2500,2500,1883.0,2268.0,16.97530864197531,23886.39289443756,72,1.2807824999981676,True,2,03_fixed_2500_baselines/raw_runs.csv
Fixed iteration,Dang,GRASP,rat195_gen2_m2,0,2500,2500,4233.0,5148.0,17.773892773892776,1153.7899024435087,74,0.8701817999972263,True,2,03_fixed_2500_baselines/raw_runs.csv
Fixed iteration,Dang,GRASP,rat195_gen2_m2,1,2500,2500,4307.0,5148.0,16.336441336441336,1152.240728808425,80,0.8750406999970437,True,2,03_fixed_2500_baselines/raw_runs.csv
Fixed iteration,Dang,GRASP,rat195_gen2_m2,2,2500,2500,4180.0,5148.0,18.803418803418804,1152.8220964538946,74,0.9002000000036787,True,2,03_fixed_2500_baselines/raw_runs.csv
Fixed iteration,Dang,GRASP,rat195_gen2_m2,3,2500,2500,4262.0,5148.0,17.21056721056721,1156.1372632633131,77,0.9045958999995491,True,2,03_fixed_2500_baselines/raw_runs.csv
Fixed iteration,Dang,GRASP,rat195_gen3_m3,0,2500,2500,2182.0,2574.0,15.22921522921523,1140.7605897812564,74,0.8307016999970074,True,2,03_fixed_2500_baselines/raw_runs.csv
Fixed iteration,Dang,GRASP,rat195_gen3_m3,1,2500,2500,2034.0,2574.0,20.97902097902098,1147.6899044758625,71,0.8005523000028916,True,2,03_fixed_2500_baselines/raw_runs.csv
Fixed iteration,Dang,GRASP,rat195_gen3_m3,2,2500,2500,2078.0,2574.0,19.26961926961927,1123.2639423821088,73,0.7883490999956848,True,2,03_fixed_2500_baselines/raw_runs.csv
Fixed iteration,Dang,GRASP,rat195_gen3_m3,3,2500,2500,2122.0,2574.0,17.56021756021756,1135.159632872987,74,0.8112341000014567,True,2,03_fixed_2500_baselines/raw_runs.csv
Fixed iteration,Dang,GRASP,rd400_gen1_m2,0,2500,2500,183.0,232.0,21.120689655172413,7582.356416720042,183,2.63819269999658,True,2,03_fixed_2500_baselines/raw_runs.csv
Fixed iteration,Dang,GRASP,rd400_gen1_m2,1,2500,2500,181.0,232.0,21.982758620689655,7576.197411246984,181,2.629697500000475,True,2,03_fixed_2500_baselines/raw_runs.csv
Fixed iteration,Dang,GRASP,rd400_gen1_m2,2,2500,2500,183.0,232.0,21.120689655172413,7545.218433622353,183,2.624371099998825,True,2,03_fixed_2500_baselines/raw_runs.csv
Fixed iteration,Dang,GRASP,rd400_gen1_m2,3,2500,2500,182.0,232.0,21.551724137931036,7587.051834930831,182,2.539004500002193,True,2,03_fixed_2500_baselines/raw_runs.csv
Fixed iteration,Dang,GRASP,rd400_gen1_m3,0,2500,2500,172.0,224.0,23.214285714285715,7547.487551482183,172,2.1745942999987165,True,2,03_fixed_2500_baselines/raw_runs.csv
Fixed iteration,Dang,GRASP,rd400_gen1_m3,1,2500,2500,168.0,224.0,25.0,7550.388262356634,168,2.293600900004094,True,2,03_fixed_2500_baselines/raw_runs.csv
Fixed iteration,Dang,GRASP,rd400_gen1_m3,2,2500,2500,171.0,224.0,23.660714285714285,7519.902301999902,171,2.2810729000048013,True,2,03_fixed_2500_baselines/raw_runs.csv
Fixed iteration,Dang,GRASP,rd400_gen1_m3,3,2500,2500,173.0,224.0,22.767857142857142,7504.5019578030515,173,2.2468808999983594,True,2,03_fixed_2500_baselines/raw_runs.csv
Fixed iteration,Dang,GRASP,rd400_gen1_m4,0,2500,2500,159.0,213.0,25.35211267605634,7586.652855080283,159,2.087838200000988,True,2,03_fixed_2500_baselines/raw_runs.csv
Fixed iteration,Dang,GRASP,rd400_gen1_m4,1,2500,2500,163.0,213.0,23.474178403755868,7533.15666298605,163,2.1353449000016558,True,2,03_fixed_2500_baselines/raw_runs.csv
Fixed iteration,Dang,GRASP,rd400_gen1_m4,2,2500,2500,161.0,213.0,24.413145539906104,7534.236675622024,161,2.0331877000062377,True,2,03_fixed_2500_baselines/raw_runs.csv
Fixed iteration,Dang,GRASP,rd400_gen1_m4,3,2500,2500,158.0,213.0,25.821596244131456,7536.199739723199,158,2.183143100002781,True,2,03_fixed_2500_baselines/raw_runs.csv
Fixed iteration,Dang,GRASP,rd400_gen2_m2,0,2500,2500,10039.0,13045.0,23.043311613645074,7573.246666262012,171,2.648435100003553,True,2,03_fixed_2500_baselines/raw_runs.csv
Fixed iteration,Dang,GRASP,rd400_gen2_m2,1,2500,2500,10066.0,13045.0,22.836335760827904,7613.980814967328,179,2.5616961999985506,True,2,03_fixed_2500_baselines/raw_runs.csv
Fixed iteration,Dang,GRASP,rd400_gen2_m2,2,2500,2500,9966.0,13045.0,23.602912993484093,7595.429719918224,175,2.5175109000047087,True,2,03_fixed_2500_baselines/raw_runs.csv
Fixed iteration,Dang,GRASP,rd400_gen2_m2,3,2500,2500,10201.0,13045.0,21.80145649674205,7569.911410681891,172,2.519664400002512,True,2,03_fixed_2500_baselines/raw_runs.csv
Fixed iteration,Dang,GRASP,rd400_gen2_m3,0,2500,2500,9341.0,12646.0,26.134746164795192,7608.750812798245,160,2.194303399999626,True,2,03_fixed_2500_baselines/raw_runs.csv
Fixed iteration,Dang,GRASP,rd400_gen2_m3,1,2500,2500,9494.0,12646.0,24.924877431598926,7541.557816198828,166,2.1272623000040767,True,2,03_fixed_2500_baselines/raw_runs.csv
Fixed iteration,Dang,GRASP,rd400_gen2_m3,2,2500,2500,9367.0,12646.0,25.92914755653962,7563.585632765316,165,2.1830331000019214,True,2,03_fixed_2500_baselines/raw_runs.csv
Fixed iteration,Dang,GRASP,rd400_gen2_m3,3,2500,2500,9349.0,12646.0,26.071485054562707,7585.161969423165,165,2.204398199995921,True,2,03_fixed_2500_baselines/raw_runs.csv
Fixed iteration,Dang,GRASP,rd400_gen2_m4,0,2500,2500,8919.0,12032.0,25.872672872340427,7582.036592669831,151,2.0224291999984416,True,2,03_fixed_2500_baselines/raw_runs.csv
Fixed iteration,Dang,GRASP,rd400_gen2_m4,1,2500,2500,8863.0,12032.0,26.33809840425532,7519.852060033929,153,2.0999208000066574,True,2,03_fixed_2500_baselines/raw_runs.csv
Fixed iteration,Dang,GRASP,rd400_gen2_m4,2,2500,2500,9161.0,12032.0,23.861369680851062,7592.626320771527,160,2.183777199999895,True,2,03_fixed_2500_baselines/raw_runs.csv
Fixed iteration,Dang,GRASP,rd400_gen2_m4,3,2500,2500,8780.0,12032.0,27.027925531914892,7510.05925929876,154,2.037884600002144,True,2,03_fixed_2500_baselines/raw_runs.csv
Fixed iteration,Dang,GRASP,rd400_gen3_m2,0,2500,2500,9789.0,12431.0,21.25331831711045,7613.368365281214,171,2.5257191999990027,True,2,03_fixed_2500_baselines/raw_runs.csv
Fixed iteration,Dang,GRASP,rd400_gen3_m2,1,2500,2500,9047.0,12431.0,27.222266913361757,7554.605124780255,182,2.6135639999993145,True,2,03_fixed_2500_baselines/raw_runs.csv
Fixed iteration,Dang,GRASP,rd400_gen3_m2,2,2500,2500,8910.0,12431.0,28.324350414286865,7570.292966833376,176,2.5881717999945977,True,2,03_fixed_2500_baselines/raw_runs.csv
Fixed iteration,Dang,GRASP,rd400_gen3_m2,3,2500,2500,9005.0,12431.0,27.560131928243905,7575.262494302954,182,2.706424699994386,True,2,03_fixed_2500_baselines/raw_runs.csv
Fixed iteration,Dang,GRASP,rd400_gen3_m3,0,2500,2500,7921.0,11639.0,31.944325113841394,7563.771409874809,167,2.389519399999699,True,2,03_fixed_2500_baselines/raw_runs.csv
Fixed iteration,Dang,GRASP,rd400_gen3_m3,1,2500,2500,7965.0,11639.0,31.566285763381735,7561.636572669611,187,2.451142500001879,True,2,03_fixed_2500_baselines/raw_runs.csv
Fixed iteration,Dang,GRASP,rd400_gen3_m3,2,2500,2500,8262.0,11639.0,29.01452014777902,7516.712448999547,168,2.3598715999978594,True,2,03_fixed_2500_baselines/raw_runs.csv
Fixed iteration,Dang,GRASP,rd400_gen3_m3,3,2500,2500,8553.0,11639.0,26.51430535269353,7570.036545686211,184,2.302392199999304,True,2,03_fixed_2500_baselines/raw_runs.csv
Fixed iteration,Dang,GRASP,rd400_gen3_m4,0,2500,2500,6955.0,10436.0,33.35569183595247,7528.853899041642,165,2.189637100003893,True,2,03_fixed_2500_baselines/raw_runs.csv
Fixed iteration,Dang,GRASP,rd400_gen3_m4,1,2500,2500,6790.0,10436.0,34.93675737830586,7551.233294273632,169,2.180453699998907,True,2,03_fixed_2500_baselines/raw_runs.csv
Fixed iteration,Dang,GRASP,rd400_gen3_m4,2,2500,2500,6943.0,10436.0,33.4706784208509,7599.889366491873,155,2.2510129000002053,True,2,03_fixed_2500_baselines/raw_runs.csv
Fixed iteration,Dang,GRASP,rd400_gen3_m4,3,2500,2500,7160.0,10436.0,31.391337677270986,7575.365959825334,154,2.205415399999765,True,2,03_fixed_2500_baselines/raw_runs.csv
Fixed iteration,Dang,GRASP,ts225_gen2_m2,0,2500,2500,5077.0,5859.0,13.346987540535928,62202.18736378805,94,1.0385401000021377,True,2,03_fixed_2500_baselines/raw_runs.csv
Fixed iteration,Dang,GRASP,ts225_gen2_m2,1,2500,2500,4928.0,5859.0,15.890083632019117,61088.64718995719,92,0.9919296000007308,True,2,03_fixed_2500_baselines/raw_runs.csv
Fixed iteration,Dang,GRASP,ts225_gen2_m2,2,2500,2500,4885.0,5859.0,16.623997269158558,63003.28470087066,91,1.035002099997655,True,2,03_fixed_2500_baselines/raw_runs.csv
Fixed iteration,Dang,GRASP,ts225_gen2_m2,3,2500,2500,4882.0,5859.0,16.675200546168288,61740.12035670437,92,1.0111717000036151,True,2,03_fixed_2500_baselines/raw_runs.csv
Fixed iteration,Dang,ILS,bier127_gen1_m2,0,2500,2500,98.0,106.0,7.547169811320755,57530.81728639883,98,11.61971750000157,True,2,03_fixed_2500_baselines/raw_runs.csv
Fixed iteration,Dang,ILS,bier127_gen1_m2,1,2500,2500,98.0,106.0,7.547169811320755,58944.4216848232,98,11.785995199999888,True,2,03_fixed_2500_baselines/raw_runs.csv
Fixed iteration,Dang,ILS,bier127_gen1_m2,2,2500,2500,99.0,106.0,6.60377358490566,58588.58496271334,99,11.848873800001456,True,2,03_fixed_2500_baselines/raw_runs.csv
Fixed iteration,Dang,ILS,bier127_gen1_m2,3,2500,2500,98.0,106.0,7.547169811320755,58562.179273330665,98,11.706445100000565,True,2,03_fixed_2500_baselines/raw_runs.csv
Fixed iteration,Dang,ILS,bier127_gen1_m3,0,2500,2500,99.0,103.0,3.883495145631068,57564.91003707624,99,12.021831900001416,True,2,03_fixed_2500_baselines/raw_runs.csv
Fixed iteration,Dang,ILS,bier127_gen1_m3,1,2500,2500,98.0,103.0,4.854368932038835,55439.42031355501,98,12.034059200002956,True,2,03_fixed_2500_baselines/raw_runs.csv
Fixed iteration,Dang,ILS,bier127_gen1_m3,2,2500,2500,99.0,103.0,3.883495145631068,56678.765610104616,99,12.179912700001296,True,2,03_fixed_2500_baselines/raw_runs.csv
Fixed iteration,Dang,ILS,bier127_gen1_m3,3,2500,2500,99.0,103.0,3.883495145631068,57457.02117724898,99,12.170873400002163,True,2,03_fixed_2500_baselines/raw_runs.csv
Fixed iteration,Dang,ILS,bier127_gen2_m2,0,2500,2500,5137.0,5464.0,5.984626647144949,58218.73738540984,93,11.357364999999843,True,2,03_fixed_2500_baselines/raw_runs.csv
Fixed iteration,Dang,ILS,bier127_gen2_m2,1,2500,2500,5198.0,5464.0,4.868228404099561,57964.26624688997,97,11.853185799998757,True,2,03_fixed_2500_baselines/raw_runs.csv
Fixed iteration,Dang,ILS,bier127_gen2_m2,2,2500,2500,5158.0,5464.0,5.600292825768667,57287.361604005855,94,11.515986300000804,True,2,03_fixed_2500_baselines/raw_runs.csv
Fixed iteration,Dang,ILS,bier127_gen2_m2,3,2500,2500,5222.0,5464.0,4.428989751098096,58253.81383145375,98,11.978192299997318,True,2,03_fixed_2500_baselines/raw_runs.csv
Fixed iteration,Dang,ILS,bier127_gen2_m3,0,2500,2500,4939.0,5393.0,8.418320044502133,55666.80608296611,93,11.612059700000827,True,2,03_fixed_2500_baselines/raw_runs.csv
Fixed iteration,Dang,ILS,bier127_gen2_m3,1,2500,2500,4916.0,5393.0,8.84479881327647,55711.670580908336,92,11.000235200001043,True,2,03_fixed_2500_baselines/raw_runs.csv
Fixed iteration,Dang,ILS,bier127_gen2_m3,2,2500,2500,4924.0,5393.0,8.696458371963656,54696.45109840748,93,11.654980200000864,True,2,03_fixed_2500_baselines/raw_runs.csv
Fixed iteration,Dang,ILS,bier127_gen2_m3,3,2500,2500,4939.0,5393.0,8.418320044502133,55666.80608296611,93,11.60784810000041,True,2,03_fixed_2500_baselines/raw_runs.csv
Fixed iteration,Dang,ILS,bier127_gen2_m4,0,2500,2500,4722.0,5123.0,7.827444856529377,53491.44924064263,84,9.018082299997332,True,2,03_fixed_2500_baselines/raw_runs.csv
Fixed iteration,Dang,ILS,bier127_gen2_m4,1,2500,2500,4760.0,5123.0,7.085691977357017,55408.3209562393,85,9.090844300000754,True,2,03_fixed_2500_baselines/raw_runs.csv
Fixed iteration,Dang,ILS,bier127_gen2_m4,2,2500,2500,4768.0,5123.0,6.929533476478626,56134.4559371894,86,9.191110100000516,True,2,03_fixed_2500_baselines/raw_runs.csv
Fixed iteration,Dang,ILS,bier127_gen2_m4,3,2500,2500,4768.0,5123.0,6.929533476478626,56367.51124483676,86,9.234938300000069,True,2,03_fixed_2500_baselines/raw_runs.csv
Fixed iteration,Dang,ILS,bier127_gen3_m2,0,2500,2500,2227.0,2885.0,22.807625649913344,54258.85892901991,84,8.82350790000055,True,2,03_fixed_2500_baselines/raw_runs.csv
Fixed iteration,Dang,ILS,bier127_gen3_m2,1,2500,2500,2227.0,2885.0,22.807625649913344,54140.44041838798,84,8.811347499999101,True,2,03_fixed_2500_baselines/raw_runs.csv
Fixed iteration,Dang,ILS,bier127_gen3_m2,2,2500,2500,2227.0,2885.0,22.807625649913344,54140.44041838798,84,8.82091009999931,True,2,03_fixed_2500_baselines/raw_runs.csv
Fixed iteration,Dang,ILS,bier127_gen3_m2,3,2500,2500,2227.0,2885.0,22.807625649913344,54258.85892901991,84,8.847358799997892,True,2,03_fixed_2500_baselines/raw_runs.csv
Fixed iteration,Dang,ILS,bier127_gen3_m3,0,2500,2500,1998.0,2706.0,26.164079822616408,51507.63301825748,86,9.216993099998945,True,2,03_fixed_2500_baselines/raw_runs.csv
Fixed iteration,Dang,ILS,bier127_gen3_m3,1,2500,2500,1998.0,2706.0,26.164079822616408,51788.77759741497,86,9.235991500001546,True,2,03_fixed_2500_baselines/raw_runs.csv
Fixed iteration,Dang,ILS,bier127_gen3_m3,2,2500,2500,1998.0,2706.0,26.164079822616408,51633.17040286312,86,9.247169300000678,True,2,03_fixed_2500_baselines/raw_runs.csv
Fixed iteration,Dang,ILS,bier127_gen3_m3,3,2500,2500,1998.0,2706.0,26.164079822616408,50633.40454899743,86,9.2053885000023,True,2,03_fixed_2500_baselines/raw_runs.csv
Fixed iteration,Dang,ILS,bier127_gen3_m4,0,2500,2500,1829.0,2402.0,23.85512073272273,51335.61206668085,83,8.981691699998919,True,2,03_fixed_2500_baselines/raw_runs.csv
Fixed iteration,Dang,ILS,bier127_gen3_m4,1,2500,2500,1829.0,2402.0,23.85512073272273,51673.19602887056,83,8.982613199998013,True,2,03_fixed_2500_baselines/raw_runs.csv
Fixed iteration,Dang,ILS,bier127_gen3_m4,2,2500,2500,1829.0,2402.0,23.85512073272273,51335.61206668085,83,8.989797099999123,True,2,03_fixed_2500_baselines/raw_runs.csv
Fixed iteration,Dang,ILS,bier127_gen3_m4,3,2500,2500,1829.0,2402.0,23.85512073272273,51335.61206668085,83,8.999354200001108,True,2,03_fixed_2500_baselines/raw_runs.csv
Fixed iteration,Dang,ILS,cmt101c_m3,0,2500,2500,1140.0,1300.0,12.307692307692308,363.5061888201952,62,4.311645400000998,True,2,03_fixed_2500_baselines/raw_runs.csv
Fixed iteration,Dang,ILS,cmt101c_m3,1,2500,2500,1180.0,1300.0,9.23076923076923,359.9093942247492,62,4.295820299998013,True,2,03_fixed_2500_baselines/raw_runs.csv
Fixed iteration,Dang,ILS,cmt101c_m3,2,2500,2500,1140.0,1300.0,12.307692307692308,363.5061888201952,62,4.277228599999944,True,2,03_fixed_2500_baselines/raw_runs.csv
Fixed iteration,Dang,ILS,cmt101c_m3,3,2500,2500,1180.0,1300.0,9.23076923076923,364.7521696132459,62,4.297425599997951,True,2,03_fixed_2500_baselines/raw_runs.csv
Fixed iteration,Dang,ILS,cmt151b_m3,0,2500,2500,1175.0,1385.0,15.16245487364621,339.8153156817283,66,4.608606999998301,True,2,03_fixed_2500_baselines/raw_runs.csv
Fixed iteration,Dang,ILS,cmt151b_m3,1,2500,2500,1199.0,1385.0,13.429602888086643,343.19392524001177,65,4.585916899999575,True,2,03_fixed_2500_baselines/raw_runs.csv
Fixed iteration,Dang,ILS,cmt151b_m3,2,2500,2500,1162.0,1385.0,16.101083032490976,334.83950473731653,65,4.614184300000488,True,2,03_fixed_2500_baselines/raw_runs.csv
Fixed iteration,Dang,ILS,cmt151b_m3,3,2500,2500,1156.0,1385.0,16.534296028880867,331.304649035844,64,4.544709899997542,True,2,03_fixed_2500_baselines/raw_runs.csv
Fixed iteration,Dang,ILS,cmt151c_m2,0,2500,2500,1881.0,1964.0,4.226069246435845,520.7283528942107,105,16.029756100000668,True,2,03_fixed_2500_baselines/raw_runs.csv
Fixed iteration,Dang,ILS,cmt151c_m2,1,2500,2500,1885.0,1964.0,4.022403258655804,522.169430150397,106,16.201696000000084,True,2,03_fixed_2500_baselines/raw_runs.csv
Fixed iteration,Dang,ILS,cmt151c_m2,2,2500,2500,1887.0,1964.0,3.920570264765784,523.3654645183838,104,16.136868499997945,True,2,03_fixed_2500_baselines/raw_runs.csv
Fixed iteration,Dang,ILS,cmt151c_m2,3,2500,2500,1892.0,1964.0,3.6659877800407332,523.317100537495,108,16.515435799999977,True,2,03_fixed_2500_baselines/raw_runs.csv
Fixed iteration,Dang,ILS,cmt151c_m3,0,2500,2500,1835.0,1916.0,4.227557411273486,523.168637907856,104,15.23603820000062,True,2,03_fixed_2500_baselines/raw_runs.csv
Fixed iteration,Dang,ILS,cmt151c_m3,1,2500,2500,1831.0,1916.0,4.4363256784968685,522.5416648688197,104,15.191680400002952,True,2,03_fixed_2500_baselines/raw_runs.csv
Fixed iteration,Dang,ILS,cmt151c_m3,2,2500,2500,1769.0,1916.0,7.67223382045929,518.0579522830544,101,14.253491400002533,True,2,03_fixed_2500_baselines/raw_runs.csv
Fixed iteration,Dang,ILS,cmt151c_m3,3,2500,2500,1731.0,1916.0,9.65553235908142,516.6105484386237,101,13.301929299999756,True,2,03_fixed_2500_baselines/raw_runs.csv
Fixed iteration,Dang,ILS,cmt151c_m4,0,2500,2500,1767.0,1880.0,6.01063829787234,515.1813071579365,100,12.54979640000238,True,2,03_fixed_2500_baselines/raw_runs.csv
Fixed iteration,Dang,ILS,cmt151c_m4,1,2500,2500,1745.0,1880.0,7.180851063829787,510.4839123231909,97,12.158807499999966,True,2,03_fixed_2500_baselines/raw_runs.csv
Fixed iteration,Dang,ILS,cmt151c_m4,2,2500,2500,1725.0,1880.0,8.24468085106383,503.4207484311851,98,12.263600000002045,True,2,03_fixed_2500_baselines/raw_runs.csv
Fixed iteration,Dang,ILS,cmt151c_m4,3,2500,2500,1750.0,1880.0,6.914893617021277,513.6843907120772,100,12.47521020000204,True,2,03_fixed_2500_baselines/raw_runs.csv
Fixed iteration,Dang,ILS,cmt200b_m2,0,2500,2500,1821.0,2096.0,13.120229007633588,378.9043334131013,98,12.17556820000027,True,2,03_fixed_2500_baselines/raw_runs.csv
Fixed iteration,Dang,ILS,cmt200b_m2,1,2500,2500,1816.0,2096.0,13.358778625954198,375.74205575293297,97,12.257246199998916,True,2,03_fixed_2500_baselines/raw_runs.csv
Fixed iteration,Dang,ILS,cmt200b_m2,2,2500,2500,1787.0,2096.0,14.742366412213741,374.90140896236426,97,12.05787649999911,True,2,03_fixed_2500_baselines/raw_runs.csv
Fixed iteration,Dang,ILS,cmt200b_m2,3,2500,2500,1810.0,2096.0,13.645038167938932,381.1297933976927,96,11.939482199999476,True,2,03_fixed_2500_baselines/raw_runs.csv
Fixed iteration,Dang,ILS,cmt200b_m3,0,2500,2500,1692.0,2019.0,16.196136701337295,372.0608908117471,93,11.716376899999888,True,2,03_fixed_2500_baselines/raw_runs.csv
Fixed iteration,Dang,ILS,cmt200b_m3,1,2500,2500,1683.0,2019.0,16.641901931649333,372.2219497591261,92,11.624347099997976,True,2,03_fixed_2500_baselines/raw_runs.csv
Fixed iteration,Dang,ILS,cmt200b_m3,2,2500,2500,1704.0,2019.0,15.601783060921248,376.6477610944136,91,10.570906499997363,True,2,03_fixed_2500_baselines/raw_runs.csv
Fixed iteration,Dang,ILS,cmt200b_m3,3,2500,2500,1702.0,2019.0,15.700842000990589,372.88941221010015,91,11.167446600000403,True,2,03_fixed_2500_baselines/raw_runs.csv
Fixed iteration,Dang,ILS,cmt200b_m4,0,2500,2500,1616.0,1894.0,14.6779303062302,364.8084579826572,88,9.513525599999411,True,2,03_fixed_2500_baselines/raw_runs.csv
Fixed iteration,Dang,ILS,cmt200b_m4,1,2500,2500,1557.0,1894.0,17.793030623020062,361.74670510534855,88,9.565209500000492,True,2,03_fixed_2500_baselines/raw_runs.csv
Fixed iteration,Dang,ILS,cmt200b_m4,2,2500,2500,1588.0,1894.0,16.156282998944032,370.7371704449735,88,9.460390099997312,True,2,03_fixed_2500_baselines/raw_runs.csv
Fixed iteration,Dang,ILS,cmt200b_m4,3,2500,2500,1575.0,1894.0,16.842661034846884,366.2016586377285,87,9.438178000000336,True,2,03_fixed_2500_baselines/raw_runs.csv
Fixed iteration,Dang,ILS,cmt200c_m2,0,2500,2500,2478.0,2818.0,12.065294535131299,571.21654017368,137,30.17584490000081,True,2,03_fixed_2500_baselines/raw_runs.csv
Fixed iteration,Dang,ILS,cmt200c_m2,1,2500,2500,2452.0,2818.0,12.987934705464868,570.3002089773838,136,30.00505609999891,True,2,03_fixed_2500_baselines/raw_runs.csv
Fixed iteration,Dang,ILS,cmt200c_m2,2,2500,2500,2486.0,2818.0,11.781405251951739,569.021075925646,138,30.31945740000083,True,2,03_fixed_2500_baselines/raw_runs.csv
Fixed iteration,Dang,ILS,cmt200c_m2,3,2500,2500,2453.0,2818.0,12.952448545067424,564.9251457055103,136,30.12798549999934,True,2,03_fixed_2500_baselines/raw_runs.csv
Fixed iteration,Dang,ILS,cmt200c_m3,0,2500,2500,2552.0,2766.0,7.736804049168474,559.4664912866675,142,36.218188899998495,True,2,03_fixed_2500_baselines/raw_runs.csv
Fixed iteration,Dang,ILS,cmt200c_m3,1,2500,2500,2657.0,2766.0,3.940708604483008,567.3153524049233,145,36.12158869999985,True,2,03_fixed_2500_baselines/raw_runs.csv
Fixed iteration,Dang,ILS,cmt200c_m3,2,2500,2500,2512.0,2766.0,9.18293564714389,561.1599843286336,139,31.586955800001306,True,2,03_fixed_2500_baselines/raw_runs.csv
Fixed iteration,Dang,ILS,cmt200c_m3,3,2500,2500,2631.0,2766.0,4.8806941431670285,567.4775354775977,143,35.84388899999976,True,2,03_fixed_2500_baselines/raw_runs.csv
Fixed iteration,Dang,ILS,cmt200c_m4,0,2500,2500,2530.0,2712.0,6.710914454277286,561.3515466524702,141,34.04702280000129,True,2,03_fixed_2500_baselines/raw_runs.csv
Fixed iteration,Dang,ILS,cmt200c_m4,1,2500,2500,2519.0,2712.0,7.116519174041298,564.2614004999401,140,31.207057200001145,True,2,03_fixed_2500_baselines/raw_runs.csv
Fixed iteration,Dang,ILS,cmt200c_m4,2,2500,2500,2510.0,2712.0,7.448377581120944,554.8749356639344,139,31.215956899999583,True,2,03_fixed_2500_baselines/raw_runs.csv
Fixed iteration,Dang,ILS,cmt200c_m4,3,2500,2500,2568.0,2712.0,5.3097345132743365,558.7995380059157,143,32.397581499997614,True,2,03_fixed_2500_baselines/raw_runs.csv
Fixed iteration,Dang,ILS,eil101b_m3,0,2500,2500,806.0,916.0,12.008733624454148,298.0516471767241,46,2.033631099999184,True,2,03_fixed_2500_baselines/raw_runs.csv
Fixed iteration,Dang,ILS,eil101b_m3,1,2500,2500,796.0,916.0,13.100436681222707,302.92512839716693,46,2.015079799999512,True,2,03_fixed_2500_baselines/raw_runs.csv
Fixed iteration,Dang,ILS,eil101b_m3,2,2500,2500,806.0,916.0,12.008733624454148,298.0516471767241,46,2.0007925999998406,True,2,03_fixed_2500_baselines/raw_runs.csv
Fixed iteration,Dang,ILS,eil101b_m3,3,2500,2500,813.0,916.0,11.244541484716157,310.9743498340193,47,2.030625500003225,True,2,03_fixed_2500_baselines/raw_runs.csv
Fixed iteration,Dang,ILS,eil101c_m2,0,2500,2500,1251.0,1305.0,4.137931034482759,467.208466125086,69,4.955187999999907,True,2,03_fixed_2500_baselines/raw_runs.csv
Fixed iteration,Dang,ILS,eil101c_m2,1,2500,2500,1277.0,1305.0,2.1455938697318007,468.3998433358468,73,6.174587000001338,True,2,03_fixed_2500_baselines/raw_runs.csv
Fixed iteration,Dang,ILS,eil101c_m2,2,2500,2500,1255.0,1305.0,3.8314176245210727,459.867147845863,72,5.787633100000676,True,2,03_fixed_2500_baselines/raw_runs.csv
Fixed iteration,Dang,ILS,eil101c_m2,3,2500,2500,1251.0,1305.0,4.137931034482759,459.8709731843068,72,5.957346899998811,True,2,03_fixed_2500_baselines/raw_runs.csv
Fixed iteration,Dang,ILS,eil101c_m3,0,2500,2500,1153.0,1251.0,7.8337330135891285,466.431076282681,69,4.770224800002325,True,2,03_fixed_2500_baselines/raw_runs.csv
Fixed iteration,Dang,ILS,eil101c_m3,1,2500,2500,1153.0,1251.0,7.8337330135891285,456.79524465035286,67,4.730907500001194,True,2,03_fixed_2500_baselines/raw_runs.csv
Fixed iteration,Dang,ILS,eil101c_m3,2,2500,2500,1130.0,1251.0,9.672262190247801,452.1061146307219,66,4.758521400002792,True,2,03_fixed_2500_baselines/raw_runs.csv
Fixed iteration,Dang,ILS,eil101c_m3,3,2500,2500,1141.0,1251.0,8.792965627498,463.3685613723267,68,4.7362948000009055,True,2,03_fixed_2500_baselines/raw_runs.csv
Fixed iteration,Dang,ILS,gil262_gen1_m3,0,2500,2500,80.0,101.0,20.792079207920793,1106.7172247010994,80,7.277130600003147,True,2,03_fixed_2500_baselines/raw_runs.csv
Fixed iteration,Dang,ILS,gil262_gen1_m3,1,2500,2500,81.0,101.0,19.801980198019802,1149.2616066526716,81,8.414425599999959,True,2,03_fixed_2500_baselines/raw_runs.csv
Fixed iteration,Dang,ILS,gil262_gen1_m3,2,2500,2500,81.0,101.0,19.801980198019802,1132.6282720980544,81,8.588779199999408,True,2,03_fixed_2500_baselines/raw_runs.csv
Fixed iteration,Dang,ILS,gil262_gen1_m3,3,2500,2500,81.0,101.0,19.801980198019802,1133.6754754508656,81,8.610903500000859,True,2,03_fixed_2500_baselines/raw_runs.csv
Fixed iteration,Dang,ILS,gil262_gen1_m4,0,2500,2500,64.0,78.0,17.94871794871795,1045.7139483655196,64,5.007365800000116,True,2,03_fixed_2500_baselines/raw_runs.csv
Fixed iteration,Dang,ILS,gil262_gen1_m4,1,2500,2500,64.0,78.0,17.94871794871795,1045.7139483655196,64,4.980508899996494,True,2,03_fixed_2500_baselines/raw_runs.csv
Fixed iteration,Dang,ILS,gil262_gen1_m4,2,2500,2500,64.0,78.0,17.94871794871795,1031.7951007375048,64,5.051082599999063,True,2,03_fixed_2500_baselines/raw_runs.csv
Fixed iteration,Dang,ILS,gil262_gen1_m4,3,2500,2500,64.0,78.0,17.94871794871795,1044.4122075128864,64,4.993537300000753,True,2,03_fixed_2500_baselines/raw_runs.csv
Fixed iteration,Dang,ILS,gil262_gen2_m2,0,2500,2500,6162.0,7498.0,17.818084822619365,1181.6895731245695,102,14.812474300000758,True,2,03_fixed_2500_baselines/raw_runs.csv
Fixed iteration,Dang,ILS,gil262_gen2_m2,1,2500,2500,6179.0,7498.0,17.591357695385437,1185.0290020940176,99,13.956876800002648,True,2,03_fixed_2500_baselines/raw_runs.csv
Fixed iteration,Dang,ILS,gil262_gen2_m2,2,2500,2500,5997.0,7498.0,20.018671645772205,1176.5149982314674,103,15.144780399998126,True,2,03_fixed_2500_baselines/raw_runs.csv
Fixed iteration,Dang,ILS,gil262_gen2_m2,3,2500,2500,6038.0,7498.0,19.47185916244332,1178.8808111981944,100,12.620146999997814,True,2,03_fixed_2500_baselines/raw_runs.csv
Fixed iteration,Dang,ILS,gil262_gen2_m3,0,2500,2500,4928.0,5615.0,12.235084594835262,1173.199422775364,82,8.807368999998289,True,2,03_fixed_2500_baselines/raw_runs.csv
Fixed iteration,Dang,ILS,gil262_gen2_m3,1,2500,2500,4760.0,5615.0,15.22707034728406,1159.425872359815,81,7.652515599998878,True,2,03_fixed_2500_baselines/raw_runs.csv
Fixed iteration,Dang,ILS,gil262_gen2_m3,2,2500,2500,4820.0,5615.0,14.158504007123776,1165.2737826241091,82,8.901556800003164,True,2,03_fixed_2500_baselines/raw_runs.csv
Fixed iteration,Dang,ILS,gil262_gen2_m3,3,2500,2500,4820.0,5615.0,14.158504007123776,1165.2737826241091,82,8.907379899999796,True,2,03_fixed_2500_baselines/raw_runs.csv
Fixed iteration,Dang,ILS,gil262_gen3_m2,0,2500,2500,4180.0,7183.0,41.807044410413475,1114.8243311306012,102,15.373288999999204,True,2,03_fixed_2500_baselines/raw_runs.csv
Fixed iteration,Dang,ILS,gil262_gen3_m2,1,2500,2500,4180.0,7183.0,41.807044410413475,1114.8243311306012,102,15.366614900001878,True,2,03_fixed_2500_baselines/raw_runs.csv
Fixed iteration,Dang,ILS,gil262_gen3_m2,2,2500,2500,4180.0,7183.0,41.807044410413475,1114.8243311306012,102,15.408465799999249,True,2,03_fixed_2500_baselines/raw_runs.csv
Fixed iteration,Dang,ILS,gil262_gen3_m2,3,2500,2500,4180.0,7183.0,41.807044410413475,1114.8243311306012,102,15.373003900000183,True,2,03_fixed_2500_baselines/raw_runs.csv
Fixed iteration,Dang,ILS,gil262_gen3_m4,0,2500,2500,2019.0,2507.0,19.465496609493417,1116.3139403236753,67,5.188788700001169,True,2,03_fixed_2500_baselines/raw_runs.csv
Fixed iteration,Dang,ILS,gil262_gen3_m4,1,2500,2500,2019.0,2507.0,19.465496609493417,1116.3139403236753,67,5.175604800002475,True,2,03_fixed_2500_baselines/raw_runs.csv
Fixed iteration,Dang,ILS,gil262_gen3_m4,2,2500,2500,2019.0,2507.0,19.465496609493417,1111.777827229968,67,5.168103699998028,True,2,03_fixed_2500_baselines/raw_runs.csv
Fixed iteration,Dang,ILS,gil262_gen3_m4,3,2500,2500,2019.0,2507.0,19.465496609493417,1103.9893007897767,67,5.180712600002153,True,2,03_fixed_2500_baselines/raw_runs.csv
Fixed iteration,Dang,ILS,gil262a_m2,0,2500,2500,3078.0,4078.0,24.521824423737126,559.7818047424103,59,3.450718099997175,True,2,03_fixed_2500_baselines/raw_runs.csv
Fixed iteration,Dang,ILS,gil262a_m2,1,2500,2500,3078.0,4078.0,24.521824423737126,559.7818047424103,59,3.4409768000004988,True,2,03_fixed_2500_baselines/raw_runs.csv
Fixed iteration,Dang,ILS,gil262a_m2,2,2500,2500,3078.0,4078.0,24.521824423737126,559.7818047424103,59,3.4772706999974616,True,2,03_fixed_2500_baselines/raw_runs.csv
Fixed iteration,Dang,ILS,gil262a_m2,3,2500,2500,3078.0,4078.0,24.521824423737126,559.7818047424103,59,3.4350541999992856,True,2,03_fixed_2500_baselines/raw_runs.csv
Fixed iteration,Dang,ILS,gil262a_m4,0,2500,2500,2561.0,3175.0,19.338582677165356,547.0700079499128,48,2.340194799999153,True,2,03_fixed_2500_baselines/raw_runs.csv
Fixed iteration,Dang,ILS,gil262a_m4,1,2500,2500,2561.0,3175.0,19.338582677165356,547.0700079499128,48,2.326842000002216,True,2,03_fixed_2500_baselines/raw_runs.csv
Fixed iteration,Dang,ILS,gil262a_m4,2,2500,2500,2561.0,3175.0,19.338582677165356,550.3874508862198,48,2.329632799999672,True,2,03_fixed_2500_baselines/raw_runs.csv
Fixed iteration,Dang,ILS,gil262a_m4,3,2500,2500,2561.0,3175.0,19.338582677165356,547.0700079499128,48,2.3295741000001726,True,2,03_fixed_2500_baselines/raw_runs.csv
Fixed iteration,Dang,ILS,gil262b_m2,0,2500,2500,5893.0,8081.0,27.075856948397476,1169.9847733919946,111,18.767681499997707,True,2,03_fixed_2500_baselines/raw_runs.csv
Fixed iteration,Dang,ILS,gil262b_m2,1,2500,2500,5955.0,8081.0,26.308625170152208,1175.1186177776494,111,17.877486399996997,True,2,03_fixed_2500_baselines/raw_runs.csv
Fixed iteration,Dang,ILS,gil262b_m2,2,2500,2500,5955.0,8081.0,26.308625170152208,1175.1186177776494,111,17.75390680000055,True,2,03_fixed_2500_baselines/raw_runs.csv
Fixed iteration,Dang,ILS,gil262b_m2,3,2500,2500,5909.0,8081.0,26.877861650785793,1148.0099139984925,111,18.87253359999886,True,2,03_fixed_2500_baselines/raw_runs.csv
Fixed iteration,Dang,ILS,gil262b_m3,0,2500,2500,5715.0,7585.0,24.653922214897825,1146.4411035224364,111,19.998147299997072,True,2,03_fixed_2500_baselines/raw_runs.csv
Fixed iteration,Dang,ILS,gil262b_m3,1,2500,2500,5715.0,7585.0,24.653922214897825,1121.9996867624914,111,20.04063159999714,True,2,03_fixed_2500_baselines/raw_runs.csv
Fixed iteration,Dang,ILS,gil262b_m3,2,2500,2500,5760.0,7585.0,24.060646011865526,1126.3099844056933,110,17.981236999999965,True,2,03_fixed_2500_baselines/raw_runs.csv
Fixed iteration,Dang,ILS,gil262b_m3,3,2500,2500,5715.0,7585.0,24.653922214897825,1120.3476837334038,111,20.83131919999869,True,2,03_fixed_2500_baselines/raw_runs.csv
Fixed iteration,Dang,ILS,gil262b_m4,0,2500,2500,5509.0,6781.0,18.758295236690753,1110.6171245983635,104,16.3472428999994,True,2,03_fixed_2500_baselines/raw_runs.csv
Fixed iteration,Dang,ILS,gil262b_m4,1,2500,2500,5600.0,6781.0,17.41631027871995,1161.4605988200694,104,16.33057469999767,True,2,03_fixed_2500_baselines/raw_runs.csv
Fixed iteration,Dang,ILS,gil262b_m4,2,2500,2500,5628.0,6781.0,17.003391830113554,1166.213254230305,102,15.508362299999137,True,2,03_fixed_2500_baselines/raw_runs.csv
Fixed iteration,Dang,ILS,gil262b_m4,3,2500,2500,5509.0,6781.0,18.758295236690753,1130.5494311804553,104,15.802079899996896,True,2,03_fixed_2500_baselines/raw_runs.csv
Fixed iteration,Dang,ILS,gil262c_m2,0,2500,2500,10368.0,11030.0,6.00181323662738,1778.5633098902654,178,60.850450800000544,True,2,03_fixed_2500_baselines/raw_runs.csv
Fixed iteration,Dang,ILS,gil262c_m2,1,2500,2500,10441.0,11030.0,5.3399818676337265,1771.2757994307274,177,61.20772749999742,True,2,03_fixed_2500_baselines/raw_runs.csv
Fixed iteration,Dang,ILS,gil262c_m2,2,2500,2500,10037.0,11030.0,9.00271985494107,1774.2914506344264,174,61.53344970000035,True,2,03_fixed_2500_baselines/raw_runs.csv
Fixed iteration,Dang,ILS,gil262c_m2,3,2500,2500,10449.0,11030.0,5.267452402538531,1778.0686424160613,177,63.017841099997895,True,2,03_fixed_2500_baselines/raw_runs.csv
Fixed iteration,Dang,ILS,gil262c_m3,0,2500,2500,9009.0,10757.0,16.249883796597565,1742.021242959021,166,52.43001590000131,True,2,03_fixed_2500_baselines/raw_runs.csv
Fixed iteration,Dang,ILS,gil262c_m3,1,2500,2500,9010.0,10757.0,16.240587524402713,1747.8419982382045,161,50.95348809999996,True,2,03_fixed_2500_baselines/raw_runs.csv
Fixed iteration,Dang,ILS,gil262c_m3,2,2500,2500,9642.0,10757.0,10.3653434972576,1751.7657876556302,164,51.77875870000207,True,2,03_fixed_2500_baselines/raw_runs.csv
Fixed iteration,Dang,ILS,gil262c_m3,3,2500,2500,9019.0,10757.0,16.156921074649066,1746.0902818722884,166,52.343060900002456,True,2,03_fixed_2500_baselines/raw_runs.csv
Fixed iteration,Dang,ILS,gil262c_m4,0,2500,2500,8618.0,10281.0,16.175469312323703,1752.9995183676383,158,42.46158410000135,True,2,03_fixed_2500_baselines/raw_runs.csv
Fixed iteration,Dang,ILS,gil262c_m4,1,2500,2500,8736.0,10281.0,15.027721038809455,1742.4124132806496,154,42.00771959999838,True,2,03_fixed_2500_baselines/raw_runs.csv
Fixed iteration,Dang,ILS,gil262c_m4,2,2500,2500,8515.0,10281.0,17.177317381577666,1754.350113398903,154,41.015322499999456,True,2,03_fixed_2500_baselines/raw_runs.csv
Fixed iteration,Dang,ILS,gil262c_m4,3,2500,2500,8574.0,10281.0,16.603443244820543,1759.32878452065,153,42.59303039999941,True,2,03_fixed_2500_baselines/raw_runs.csv
Fixed iteration,Dang,ILS,gr229_gen1_m4,0,2500,2500,220.0,223.0,1.345291479820628,1604.1374387290414,220,70.9687522000022,True,2,03_fixed_2500_baselines/raw_runs.csv
Fixed iteration,Dang,ILS,gr229_gen1_m4,1,2500,2500,220.0,223.0,1.345291479820628,1569.0725524743611,220,71.42505620000156,True,2,03_fixed_2500_baselines/raw_runs.csv
Fixed iteration,Dang,ILS,gr229_gen1_m4,2,2500,2500,220.0,223.0,1.345291479820628,1547.9318377084255,220,69.4752770999985,True,2,03_fixed_2500_baselines/raw_runs.csv
Fixed iteration,Dang,ILS,gr229_gen1_m4,3,2500,2500,220.0,223.0,1.345291479820628,1627.4153349642495,220,68.73851060000015,True,2,03_fixed_2500_baselines/raw_runs.csv
Fixed iteration,Dang,ILS,gr229_gen2_m3,0,2500,2500,11120.0,11566.0,3.856130036313332,1402.9301858408564,220,74.32885420000093,True,2,03_fixed_2500_baselines/raw_runs.csv
Fixed iteration,Dang,ILS,gr229_gen2_m3,1,2500,2500,11120.0,11566.0,3.856130036313332,1421.5024771081548,220,72.86842750000142,True,2,03_fixed_2500_baselines/raw_runs.csv
Fixed iteration,Dang,ILS,gr229_gen2_m3,2,2500,2500,11120.0,11566.0,3.856130036313332,1385.7538585826587,220,73.94079490000149,True,2,03_fixed_2500_baselines/raw_runs.csv
Fixed iteration,Dang,ILS,gr229_gen2_m3,3,2500,2500,11120.0,11566.0,3.856130036313332,1391.1021687956804,220,74.17236540000158,True,2,03_fixed_2500_baselines/raw_runs.csv
Fixed iteration,Dang,ILS,gr229_gen2_m4,0,2500,2500,11120.0,11355.0,2.0695728753852927,1543.242582676199,220,70.25291690000086,True,2,03_fixed_2500_baselines/raw_runs.csv
Fixed iteration,Dang,ILS,gr229_gen2_m4,1,2500,2500,11120.0,11355.0,2.0695728753852927,1567.8703694831254,220,69.38719090000086,True,2,03_fixed_2500_baselines/raw_runs.csv
Fixed iteration,Dang,ILS,gr229_gen2_m4,2,2500,2500,11120.0,11355.0,2.0695728753852927,1544.6434490456102,220,69.10385979999774,True,2,03_fixed_2500_baselines/raw_runs.csv
Fixed iteration,Dang,ILS,gr229_gen2_m4,3,2500,2500,11120.0,11355.0,2.0695728753852927,1558.2543109086168,220,69.26272790000075,True,2,03_fixed_2500_baselines/raw_runs.csv
Fixed iteration,Dang,ILS,gr229_gen3_m3,0,2500,2500,7355.0,8056.0,8.701588877855015,1392.2240589083624,220,75.83554509999885,True,2,03_fixed_2500_baselines/raw_runs.csv
Fixed iteration,Dang,ILS,gr229_gen3_m3,1,2500,2500,7355.0,8056.0,8.701588877855015,1371.321252851601,220,75.8028575999997,True,2,03_fixed_2500_baselines/raw_runs.csv
Fixed iteration,Dang,ILS,gr229_gen3_m3,2,2500,2500,7355.0,8056.0,8.701588877855015,1385.144606984724,220,74.89656200000172,True,2,03_fixed_2500_baselines/raw_runs.csv
Fixed iteration,Dang,ILS,gr229_gen3_m3,3,2500,2500,7355.0,8056.0,8.701588877855015,1386.779137644815,220,75.2876193000011,True,2,03_fixed_2500_baselines/raw_runs.csv
Fixed iteration,Dang,ILS,gr229_gen3_m4,0,2500,2500,7355.0,7651.0,3.868775323487126,1568.1106709323735,220,70.03833479999957,True,2,03_fixed_2500_baselines/raw_runs.csv
Fixed iteration,Dang,ILS,gr229_gen3_m4,1,2500,2500,7355.0,7651.0,3.868775323487126,1524.071369021755,220,72.13431950000086,True,2,03_fixed_2500_baselines/raw_runs.csv
Fixed iteration,Dang,ILS,gr229_gen3_m4,2,2500,2500,7355.0,7651.0,3.868775323487126,1606.0010640818898,220,68.99442569999883,True,2,03_fixed_2500_baselines/raw_runs.csv
Fixed iteration,Dang,ILS,gr229_gen3_m4,3,2500,2500,7355.0,7651.0,3.868775323487126,1537.2232221090114,220,69.81911939999918,True,2,03_fixed_2500_baselines/raw_runs.csv
Fixed iteration,Dang,ILS,kroA150_gen2_m2,0,2500,2500,3671.0,4335.0,15.317185697808535,12715.113760741897,67,4.685655100001895,True,2,03_fixed_2500_baselines/raw_runs.csv
Fixed iteration,Dang,ILS,kroA150_gen2_m2,1,2500,2500,3671.0,4335.0,15.317185697808535,12715.113760741897,67,4.700183699998888,True,2,03_fixed_2500_baselines/raw_runs.csv
Fixed iteration,Dang,ILS,kroA150_gen2_m2,2,2500,2500,3660.0,4335.0,15.570934256055363,12660.518323910226,66,4.638274500000989,True,2,03_fixed_2500_baselines/raw_runs.csv
Fixed iteration,Dang,ILS,kroA150_gen2_m2,3,2500,2500,3671.0,4335.0,15.317185697808535,12715.113760741897,67,4.705726300002425,True,2,03_fixed_2500_baselines/raw_runs.csv
Fixed iteration,Dang,ILS,kroA150_gen3_m3,0,2500,2500,2079.0,2726.0,23.734409391049155,12692.264128121624,58,3.265990899999452,True,2,03_fixed_2500_baselines/raw_runs.csv
Fixed iteration,Dang,ILS,kroA150_gen3_m3,1,2500,2500,2079.0,2726.0,23.734409391049155,12692.264128121624,58,3.269491899998684,True,2,03_fixed_2500_baselines/raw_runs.csv
Fixed iteration,Dang,ILS,kroA150_gen3_m3,2,2500,2500,2079.0,2726.0,23.734409391049155,12692.264128121624,58,3.2734149000025354,True,2,03_fixed_2500_baselines/raw_runs.csv
Fixed iteration,Dang,ILS,kroA150_gen3_m3,3,2500,2500,2079.0,2726.0,23.734409391049155,12692.264128121624,58,3.282415899997432,True,2,03_fixed_2500_baselines/raw_runs.csv
Fixed iteration,Dang,ILS,kroA200_gen1_m4,0,2500,2500,63.0,81.0,22.22222222222222,13659.612886800498,63,4.655251200001658,True,2,03_fixed_2500_baselines/raw_runs.csv
Fixed iteration,Dang,ILS,kroA200_gen1_m4,1,2500,2500,65.0,81.0,19.753086419753085,13511.87471500988,65,4.79942089999895,True,2,03_fixed_2500_baselines/raw_runs.csv
Fixed iteration,Dang,ILS,kroA200_gen1_m4,2,2500,2500,65.0,81.0,19.753086419753085,13911.98533925272,65,4.745465799998783,True,2,03_fixed_2500_baselines/raw_runs.csv
Fixed iteration,Dang,ILS,kroA200_gen1_m4,3,2500,2500,64.0,81.0,20.987654320987655,14026.105834733486,64,4.6354537999977765,True,2,03_fixed_2500_baselines/raw_runs.csv
Fixed iteration,Dang,ILS,kroB200_gen1_m2,0,2500,2500,81.0,111.0,27.027027027027028,14526.841834162256,81,7.10226909999983,True,2,03_fixed_2500_baselines/raw_runs.csv
Fixed iteration,Dang,ILS,kroB200_gen1_m2,1,2500,2500,80.0,111.0,27.92792792792793,12400.817564199157,80,7.128273099999205,True,2,03_fixed_2500_baselines/raw_runs.csv
Fixed iteration,Dang,ILS,kroB200_gen1_m2,2,2500,2500,81.0,111.0,27.027027027027028,13937.626507850437,81,8.259075300000404,True,2,03_fixed_2500_baselines/raw_runs.csv
Fixed iteration,Dang,ILS,kroB200_gen1_m2,3,2500,2500,81.0,111.0,27.027027027027028,13937.626507850437,81,7.806833099999494,True,2,03_fixed_2500_baselines/raw_runs.csv
Fixed iteration,Dang,ILS,kroB200_gen2_m2,0,2500,2500,4921.0,6185.0,20.43654001616815,14109.4603590644,77,6.756337700000586,True,2,03_fixed_2500_baselines/raw_runs.csv
Fixed iteration,Dang,ILS,kroB200_gen2_m2,1,2500,2500,4629.0,6185.0,25.157639450282943,13520.960029454693,78,6.852017199998954,True,2,03_fixed_2500_baselines/raw_runs.csv
Fixed iteration,Dang,ILS,kroB200_gen2_m2,2,2500,2500,4663.0,6185.0,24.607922392886014,13609.612931427691,78,6.852094300000317,True,2,03_fixed_2500_baselines/raw_runs.csv
Fixed iteration,Dang,ILS,kroB200_gen2_m2,3,2500,2500,4663.0,6185.0,24.607922392886014,13609.612931427691,78,6.815039199998864,True,2,03_fixed_2500_baselines/raw_runs.csv
Fixed iteration,Dang,ILS,kroB200_gen2_m4,0,2500,2500,4058.0,4944.0,17.92071197411003,14061.676874364031,67,5.011900699999387,True,2,03_fixed_2500_baselines/raw_runs.csv
Fixed iteration,Dang,ILS,kroB200_gen2_m4,1,2500,2500,4002.0,4944.0,19.053398058252426,13188.637913723403,68,5.04016639999827,True,2,03_fixed_2500_baselines/raw_runs.csv
Fixed iteration,Dang,ILS,kroB200_gen2_m4,2,2500,2500,3952.0,4944.0,20.06472491909385,13144.91588839496,66,4.947542999998404,True,2,03_fixed_2500_baselines/raw_runs.csv
Fixed iteration,Dang,ILS,kroB200_gen2_m4,3,2500,2500,3907.0,4944.0,20.97491909385113,12907.919705107395,67,4.976348000000144,True,2,03_fixed_2500_baselines/raw_runs.csv
Fixed iteration,Dang,ILS,kroB200_gen3_m2,0,2500,2500,2995.0,4765.0,37.14585519412382,13511.696285131206,86,9.070418499999503,True,2,03_fixed_2500_baselines/raw_runs.csv
Fixed iteration,Dang,ILS,kroB200_gen3_m2,1,2500,2500,2995.0,4765.0,37.14585519412382,13511.696285131206,86,9.057929300000978,True,2,03_fixed_2500_baselines/raw_runs.csv
Fixed iteration,Dang,ILS,kroB200_gen3_m2,2,2500,2500,2995.0,4765.0,37.14585519412382,13511.696285131206,86,9.050682100001724,True,2,03_fixed_2500_baselines/raw_runs.csv
Fixed iteration,Dang,ILS,kroB200_gen3_m2,3,2500,2500,2995.0,4765.0,37.14585519412382,13511.696285131206,86,9.047671500000432,True,2,03_fixed_2500_baselines/raw_runs.csv
Fixed iteration,Dang,ILS,kroB200_gen3_m3,0,2500,2500,2326.0,3028.0,23.18361955085865,13165.63321186217,75,6.698358999998163,True,2,03_fixed_2500_baselines/raw_runs.csv
Fixed iteration,Dang,ILS,kroB200_gen3_m3,1,2500,2500,2326.0,3028.0,23.18361955085865,13165.63321186217,75,6.683244699997886,True,2,03_fixed_2500_baselines/raw_runs.csv
Fixed iteration,Dang,ILS,kroB200_gen3_m3,2,2500,2500,2326.0,3028.0,23.18361955085865,13165.63321186217,75,6.709756300002482,True,2,03_fixed_2500_baselines/raw_runs.csv
Fixed iteration,Dang,ILS,kroB200_gen3_m3,3,2500,2500,2326.0,3028.0,23.18361955085865,13141.03853582061,75,6.7034082999998645,True,2,03_fixed_2500_baselines/raw_runs.csv
Fixed iteration,Dang,ILS,lin318_gen1_m2,0,2500,2500,151.0,180.0,16.11111111111111,20869.17078647284,151,39.11996609999915,True,2,03_fixed_2500_baselines/raw_runs.csv
Fixed iteration,Dang,ILS,lin318_gen1_m2,1,2500,2500,151.0,180.0,16.11111111111111,20672.837850497544,151,41.10448819999874,True,2,03_fixed_2500_baselines/raw_runs.csv
Fixed iteration,Dang,ILS,lin318_gen1_m2,2,2500,2500,151.0,180.0,16.11111111111111,20741.0473743805,151,41.86806960000104,True,2,03_fixed_2500_baselines/raw_runs.csv
Fixed iteration,Dang,ILS,lin318_gen1_m2,3,2500,2500,150.0,180.0,16.666666666666668,20321.10670895297,150,37.82093679999889,True,2,03_fixed_2500_baselines/raw_runs.csv
Fixed iteration,Dang,ILS,lin318_gen1_m3,0,2500,2500,122.0,149.0,18.120805369127517,20000.423058185857,122,24.050302999999985,True,2,03_fixed_2500_baselines/raw_runs.csv
Fixed iteration,Dang,ILS,lin318_gen1_m3,1,2500,2500,123.0,149.0,17.449664429530202,20802.563119924467,123,23.842461100000943,True,2,03_fixed_2500_baselines/raw_runs.csv
Fixed iteration,Dang,ILS,lin318_gen1_m3,2,2500,2500,123.0,149.0,17.449664429530202,20747.110025894413,123,23.97379329999967,True,2,03_fixed_2500_baselines/raw_runs.csv
Fixed iteration,Dang,ILS,lin318_gen1_m3,3,2500,2500,123.0,149.0,17.449664429530202,20568.010310592734,123,24.321364199997333,True,2,03_fixed_2500_baselines/raw_runs.csv
Fixed iteration,Dang,ILS,lin318_gen2_m2,0,2500,2500,7594.0,9544.0,20.431684828164293,19721.76021976089,142,36.36039660000097,True,2,03_fixed_2500_baselines/raw_runs.csv
Fixed iteration,Dang,ILS,lin318_gen2_m2,1,2500,2500,7594.0,9544.0,20.431684828164293,19642.344626401027,142,36.30055820000052,True,2,03_fixed_2500_baselines/raw_runs.csv
Fixed iteration,Dang,ILS,lin318_gen2_m2,2,2500,2500,7594.0,9544.0,20.431684828164293,19746.2895207288,142,36.52510320000147,True,2,03_fixed_2500_baselines/raw_runs.csv
Fixed iteration,Dang,ILS,lin318_gen2_m2,3,2500,2500,7594.0,9544.0,20.431684828164293,19773.411721818666,142,36.48714829999881,True,2,03_fixed_2500_baselines/raw_runs.csv
Fixed iteration,Dang,ILS,lin318_gen2_m3,0,2500,2500,6040.0,7807.0,22.63353400794159,19946.425217539927,115,20.25783930000034,True,2,03_fixed_2500_baselines/raw_runs.csv
Fixed iteration,Dang,ILS,lin318_gen2_m3,1,2500,2500,6273.0,7807.0,19.6490329191751,20946.995823352347,112,19.44271490000392,True,2,03_fixed_2500_baselines/raw_runs.csv
Fixed iteration,Dang,ILS,lin318_gen2_m3,2,2500,2500,6089.0,7807.0,22.005892148072242,19966.353408690185,115,20.138859499995306,True,2,03_fixed_2500_baselines/raw_runs.csv
Fixed iteration,Dang,ILS,lin318_gen2_m3,3,2500,2500,6133.0,7807.0,21.442295375944664,20107.96598969513,116,20.38000949999696,True,2,03_fixed_2500_baselines/raw_runs.csv
Fixed iteration,Dang,ILS,lin318_gen3_m2,0,2500,2500,5012.0,7936.0,36.84475806451613,19168.066836272643,144,37.21136099999421,True,2,03_fixed_2500_baselines/raw_runs.csv
Fixed iteration,Dang,ILS,lin318_gen3_m2,1,2500,2500,5012.0,7936.0,36.84475806451613,19168.066836272643,144,37.15781970000535,True,2,03_fixed_2500_baselines/raw_runs.csv
Fixed iteration,Dang,ILS,lin318_gen3_m2,2,2500,2500,5012.0,7936.0,36.84475806451613,19277.152444130683,144,37.17683129999932,True,2,03_fixed_2500_baselines/raw_runs.csv
Fixed iteration,Dang,ILS,lin318_gen3_m2,3,2500,2500,5012.0,7936.0,36.84475806451613,19151.74446412402,144,37.32308149999881,True,2,03_fixed_2500_baselines/raw_runs.csv
Fixed iteration,Dang,ILS,lin318_gen3_m4,0,2500,2500,2810.0,3797.0,25.99420595206742,18673.165944516564,101,15.900499700001092,True,2,03_fixed_2500_baselines/raw_runs.csv
Fixed iteration,Dang,ILS,lin318_gen3_m4,1,2500,2500,2810.0,3797.0,25.99420595206742,18673.165944516564,101,15.902154000003064,True,2,03_fixed_2500_baselines/raw_runs.csv
Fixed iteration,Dang,ILS,lin318_gen3_m4,2,2500,2500,2810.0,3797.0,25.99420595206742,18673.165944516564,101,15.837818699998024,True,2,03_fixed_2500_baselines/raw_runs.csv
Fixed iteration,Dang,ILS,lin318_gen3_m4,3,2500,2500,2810.0,3797.0,25.99420595206742,18628.874596764414,101,15.896167500002775,True,2,03_fixed_2500_baselines/raw_runs.csv
Fixed iteration,Dang,ILS,pr136_gen1_m2,0,2500,2500,55.0,63.0,12.698412698412698,46954.205863986,55,2.8708397000009427,True,2,03_fixed_2500_baselines/raw_runs.csv
Fixed iteration,Dang,ILS,pr136_gen1_m2,1,2500,2500,56.0,63.0,11.11111111111111,47736.85947681951,56,2.450995700004569,True,2,03_fixed_2500_baselines/raw_runs.csv
Fixed iteration,Dang,ILS,pr136_gen1_m2,2,2500,2500,57.0,63.0,9.523809523809524,47915.62710553274,57,3.1020991999976104,True,2,03_fixed_2500_baselines/raw_runs.csv
Fixed iteration,Dang,ILS,pr136_gen1_m2,3,2500,2500,53.0,63.0,15.873015873015873,47761.21463536497,53,2.8638858999984222,True,2,03_fixed_2500_baselines/raw_runs.csv
Fixed iteration,Dang,ILS,pr136_gen2_m2,0,2500,2500,3068.0,3646.0,15.85298957761931,47404.6812279445,52,2.817685200003325,True,2,03_fixed_2500_baselines/raw_runs.csv
Fixed iteration,Dang,ILS,pr136_gen2_m2,1,2500,2500,3065.0,3646.0,15.935271530444323,47352.87750967142,52,2.8043354999972507,True,2,03_fixed_2500_baselines/raw_runs.csv
Fixed iteration,Dang,ILS,pr136_gen2_m2,2,2500,2500,3024.0,3646.0,17.059791552386177,47427.67005660456,50,2.1476102999949944,True,2,03_fixed_2500_baselines/raw_runs.csv
Fixed iteration,Dang,ILS,pr136_gen2_m2,3,2500,2500,3068.0,3646.0,15.85298957761931,47709.40765336861,52,2.8396234000028926,True,2,03_fixed_2500_baselines/raw_runs.csv
Fixed iteration,Dang,ILS,pr264_gen1_m4,0,2500,2500,101.0,107.0,5.607476635514018,23260.90568733897,101,13.895497499994235,True,2,03_fixed_2500_baselines/raw_runs.csv
Fixed iteration,Dang,ILS,pr264_gen1_m4,1,2500,2500,100.0,107.0,6.542056074766355,23397.712134149053,100,12.810679600006551,True,2,03_fixed_2500_baselines/raw_runs.csv
Fixed iteration,Dang,ILS,pr264_gen1_m4,2,2500,2500,102.0,107.0,4.672897196261682,24414.43455396997,102,12.902688100002706,True,2,03_fixed_2500_baselines/raw_runs.csv
Fixed iteration,Dang,ILS,pr264_gen1_m4,3,2500,2500,99.0,107.0,7.4766355140186915,22751.624597528607,99,12.711960499997076,True,2,03_fixed_2500_baselines/raw_runs.csv
Fixed iteration,Dang,ILS,pr264_gen2_m2,0,2500,2500,5583.0,6635.0,15.855312735493595,21779.04724326672,108,16.39691689999745,True,2,03_fixed_2500_baselines/raw_runs.csv
Fixed iteration,Dang,ILS,pr264_gen2_m2,1,2500,2500,5583.0,6635.0,15.855312735493595,21711.5027753004,108,16.32604480000009,True,2,03_fixed_2500_baselines/raw_runs.csv
Fixed iteration,Dang,ILS,pr264_gen2_m2,2,2500,2500,5583.0,6635.0,15.855312735493595,21711.5027753004,108,16.36830700000428,True,2,03_fixed_2500_baselines/raw_runs.csv
Fixed iteration,Dang,ILS,pr264_gen2_m2,3,2500,2500,5583.0,6635.0,15.855312735493595,21711.5027753004,108,16.274623699995573,True,2,03_fixed_2500_baselines/raw_runs.csv
Fixed iteration,Dang,ILS,pr264_gen2_m3,0,2500,2500,5646.0,6420.0,12.05607476635514,20940.362963511037,108,16.378736700004083,True,2,03_fixed_2500_baselines/raw_runs.csv
Fixed iteration,Dang,ILS,pr264_gen2_m3,1,2500,2500,5736.0,6420.0,10.654205607476635,22107.080250311443,108,16.298250500003633,True,2,03_fixed_2500_baselines/raw_runs.csv
Fixed iteration,Dang,ILS,pr264_gen2_m3,2,2500,2500,5746.0,6420.0,10.498442367601246,22161.33140319161,109,16.2633624999944,True,2,03_fixed_2500_baselines/raw_runs.csv
Fixed iteration,Dang,ILS,pr264_gen2_m3,3,2500,2500,5646.0,6420.0,12.05607476635514,20947.741995244178,108,16.331875800002308,True,2,03_fixed_2500_baselines/raw_runs.csv
Fixed iteration,Dang,ILS,pr264_gen2_m4,0,2500,2500,4641.0,5584.0,16.88753581661891,20115.221313699687,87,9.732959300003133,True,2,03_fixed_2500_baselines/raw_runs.csv
Fixed iteration,Dang,ILS,pr264_gen2_m4,1,2500,2500,4641.0,5584.0,16.88753581661891,20129.979377165968,87,9.718859599997812,True,2,03_fixed_2500_baselines/raw_runs.csv
Fixed iteration,Dang,ILS,pr264_gen2_m4,2,2500,2500,4641.0,5584.0,16.88753581661891,20117.619772851536,87,9.719255999996676,True,2,03_fixed_2500_baselines/raw_runs.csv
Fixed iteration,Dang,ILS,pr264_gen2_m4,3,2500,2500,4641.0,5584.0,16.88753581661891,20502.86170938525,87,9.675470000001951,True,2,03_fixed_2500_baselines/raw_runs.csv
Fixed iteration,Dang,ILS,pr264_gen3_m3,0,2500,2500,2004.0,2772.0,27.705627705627705,20945.694469182705,103,15.53329389999999,True,2,03_fixed_2500_baselines/raw_runs.csv
Fixed iteration,Dang,ILS,pr264_gen3_m3,1,2500,2500,2004.0,2772.0,27.705627705627705,21497.55621709969,103,15.539843399994425,True,2,03_fixed_2500_baselines/raw_runs.csv
Fixed iteration,Dang,ILS,pr264_gen3_m3,2,2500,2500,2004.0,2772.0,27.705627705627705,21181.173096428567,103,15.561372199998004,True,2,03_fixed_2500_baselines/raw_runs.csv
Fixed iteration,Dang,ILS,pr264_gen3_m3,3,2500,2500,2004.0,2772.0,27.705627705627705,21216.280525773705,103,15.483521999994991,True,2,03_fixed_2500_baselines/raw_runs.csv
Fixed iteration,Dang,ILS,pr299_gen1_m2,0,2500,2500,114.0,139.0,17.985611510791365,21823.701242943604,114,20.311947299996973,True,2,03_fixed_2500_baselines/raw_runs.csv
Fixed iteration,Dang,ILS,pr299_gen1_m2,1,2500,2500,114.0,139.0,17.985611510791365,22014.673449018475,114,20.22540920000029,True,2,03_fixed_2500_baselines/raw_runs.csv
Fixed iteration,Dang,ILS,pr299_gen1_m2,2,2500,2500,114.0,139.0,17.985611510791365,21884.078478688047,114,20.948396899999352,True,2,03_fixed_2500_baselines/raw_runs.csv
Fixed iteration,Dang,ILS,pr299_gen1_m2,3,2500,2500,114.0,139.0,17.985611510791365,22014.673449018475,114,20.958409399994707,True,2,03_fixed_2500_baselines/raw_runs.csv
Fixed iteration,Dang,ILS,pr299_gen1_m3,0,2500,2500,95.0,111.0,14.414414414414415,22215.84691553794,95,12.43223830000352,True,2,03_fixed_2500_baselines/raw_runs.csv
Fixed iteration,Dang,ILS,pr299_gen1_m3,1,2500,2500,98.0,111.0,11.711711711711711,22451.190989876843,98,12.688835900000411,True,2,03_fixed_2500_baselines/raw_runs.csv
Fixed iteration,Dang,ILS,pr299_gen1_m3,2,2500,2500,98.0,111.0,11.711711711711711,22333.42354299792,98,12.683724299997266,True,2,03_fixed_2500_baselines/raw_runs.csv
Fixed iteration,Dang,ILS,pr299_gen1_m3,3,2500,2500,97.0,111.0,12.612612612612613,22273.697871580305,97,12.626948100005391,True,2,03_fixed_2500_baselines/raw_runs.csv
Fixed iteration,Dang,ILS,pr299_gen1_m4,0,2500,2500,66.0,84.0,21.428571428571427,21903.751371748585,66,5.066426099998353,True,2,03_fixed_2500_baselines/raw_runs.csv
Fixed iteration,Dang,ILS,pr299_gen1_m4,1,2500,2500,66.0,84.0,21.428571428571427,21931.130571882957,66,5.063892700003635,True,2,03_fixed_2500_baselines/raw_runs.csv
Fixed iteration,Dang,ILS,pr299_gen1_m4,2,2500,2500,66.0,84.0,21.428571428571427,21862.825992403017,66,5.069677899999078,True,2,03_fixed_2500_baselines/raw_runs.csv
Fixed iteration,Dang,ILS,pr299_gen1_m4,3,2500,2500,66.0,84.0,21.428571428571427,21823.38906829512,66,5.078421400001389,True,2,03_fixed_2500_baselines/raw_runs.csv
Fixed iteration,Dang,ILS,pr299_gen2_m3,0,2500,2500,5084.0,6018.0,15.520106347623795,22812.422738252564,93,12.059733200003391,True,2,03_fixed_2500_baselines/raw_runs.csv
Fixed iteration,Dang,ILS,pr299_gen2_m3,1,2500,2500,5167.0,6018.0,14.140910601528747,23937.89939431817,93,11.95666180000262,True,2,03_fixed_2500_baselines/raw_runs.csv
Fixed iteration,Dang,ILS,pr299_gen2_m3,2,2500,2500,5012.0,6018.0,16.716517115320705,22392.43716246221,91,11.927299800001492,True,2,03_fixed_2500_baselines/raw_runs.csv
Fixed iteration,Dang,ILS,pr299_gen2_m3,3,2500,2500,5036.0,6018.0,16.3177135260884,22430.67887166372,91,11.22895150000113,True,2,03_fixed_2500_baselines/raw_runs.csv
Fixed iteration,Dang,ILS,pr299_gen2_m4,0,2500,2500,3561.0,4457.0,20.103208436167826,22301.74333271933,68,5.367723900002602,True,2,03_fixed_2500_baselines/raw_runs.csv
Fixed iteration,Dang,ILS,pr299_gen2_m4,1,2500,2500,3561.0,4457.0,20.103208436167826,22130.876345763983,68,5.365401199996995,True,2,03_fixed_2500_baselines/raw_runs.csv
Fixed iteration,Dang,ILS,pr299_gen2_m4,2,2500,2500,3561.0,4457.0,20.103208436167826,22108.597107893976,68,5.374749299997347,True,2,03_fixed_2500_baselines/raw_runs.csv
Fixed iteration,Dang,ILS,pr299_gen2_m4,3,2500,2500,3561.0,4457.0,20.103208436167826,22108.597107893976,68,5.334824099998514,True,2,03_fixed_2500_baselines/raw_runs.csv
Fixed iteration,Dang,ILS,pr299_gen3_m2,0,2500,2500,3532.0,5729.0,38.34875196369349,21853.041109135367,114,20.44849119999708,True,2,03_fixed_2500_baselines/raw_runs.csv
Fixed iteration,Dang,ILS,pr299_gen3_m2,1,2500,2500,3532.0,5729.0,38.34875196369349,22044.013315210235,114,20.33794649999618,True,2,03_fixed_2500_baselines/raw_runs.csv
Fixed iteration,Dang,ILS,pr299_gen3_m2,2,2500,2500,3532.0,5729.0,38.34875196369349,21913.418344879807,114,20.38268529999914,True,2,03_fixed_2500_baselines/raw_runs.csv
Fixed iteration,Dang,ILS,pr299_gen3_m2,3,2500,2500,3532.0,5729.0,38.34875196369349,22104.390550954675,114,20.340994700003648,True,2,03_fixed_2500_baselines/raw_runs.csv
Fixed iteration,Dang,ILS,pr299_gen3_m3,0,2500,2500,2607.0,3655.0,28.673050615595074,21445.010424233635,92,12.191786000003049,True,2,03_fixed_2500_baselines/raw_runs.csv
Fixed iteration,Dang,ILS,pr299_gen3_m3,1,2500,2500,2607.0,3655.0,28.673050615595074,21518.7810162739,92,12.18936009999743,True,2,03_fixed_2500_baselines/raw_runs.csv
Fixed iteration,Dang,ILS,pr299_gen3_m3,2,2500,2500,2607.0,3655.0,28.673050615595074,21518.7810162739,92,12.193646100000478,True,2,03_fixed_2500_baselines/raw_runs.csv
Fixed iteration,Dang,ILS,pr299_gen3_m3,3,2500,2500,2607.0,3655.0,28.673050615595074,21575.227979630745,92,12.17866900000081,True,2,03_fixed_2500_baselines/raw_runs.csv
Fixed iteration,Dang,ILS,pr299_gen3_m4,0,2500,2500,1627.0,2268.0,28.26278659611993,20477.093565875257,67,5.352410300001793,True,2,03_fixed_2500_baselines/raw_runs.csv
Fixed iteration,Dang,ILS,pr299_gen3_m4,1,2500,2500,1627.0,2268.0,28.26278659611993,20477.093565875257,67,5.293590900000709,True,2,03_fixed_2500_baselines/raw_runs.csv
Fixed iteration,Dang,ILS,pr299_gen3_m4,2,2500,2500,1627.0,2268.0,28.26278659611993,20477.093565875257,67,5.335436900000786,True,2,03_fixed_2500_baselines/raw_runs.csv
Fixed iteration,Dang,ILS,pr299_gen3_m4,3,2500,2500,1627.0,2268.0,28.26278659611993,20477.093565875257,67,5.319436100005987,True,2,03_fixed_2500_baselines/raw_runs.csv
Fixed iteration,Dang,ILS,rat195_gen2_m2,0,2500,2500,4191.0,5148.0,18.58974358974359,1110.614267648299,75,6.518329400001676,True,2,03_fixed_2500_baselines/raw_runs.csv
Fixed iteration,Dang,ILS,rat195_gen2_m2,1,2500,2500,4271.0,5148.0,17.035742035742036,1136.0071227984597,76,6.566225299997313,True,2,03_fixed_2500_baselines/raw_runs.csv
Fixed iteration,Dang,ILS,rat195_gen2_m2,2,2500,2500,4094.0,5148.0,20.473970473970475,1105.9389894282003,72,6.271067599998787,True,2,03_fixed_2500_baselines/raw_runs.csv
Fixed iteration,Dang,ILS,rat195_gen2_m2,3,2500,2500,4031.0,5148.0,21.697746697746698,1104.4555028539658,74,6.428231300000334,True,2,03_fixed_2500_baselines/raw_runs.csv
Fixed iteration,Dang,ILS,rat195_gen3_m3,0,2500,2500,2051.0,2574.0,20.31857031857032,1065.851916956968,73,6.446470199996838,True,2,03_fixed_2500_baselines/raw_runs.csv
Fixed iteration,Dang,ILS,rat195_gen3_m3,1,2500,2500,2051.0,2574.0,20.31857031857032,1065.851916956968,73,6.4267066000029445,True,2,03_fixed_2500_baselines/raw_runs.csv
Fixed iteration,Dang,ILS,rat195_gen3_m3,2,2500,2500,2051.0,2574.0,20.31857031857032,1065.851916956968,73,6.4351345999966725,True,2,03_fixed_2500_baselines/raw_runs.csv
Fixed iteration,Dang,ILS,rat195_gen3_m3,3,2500,2500,2051.0,2574.0,20.31857031857032,1065.851916956968,73,6.4276519999984885,True,2,03_fixed_2500_baselines/raw_runs.csv
Fixed iteration,Dang,ILS,rd400_gen1_m2,0,2500,2500,182.0,232.0,21.551724137931036,7464.044727361474,182,81.25769199999922,True,2,03_fixed_2500_baselines/raw_runs.csv
Fixed iteration,Dang,ILS,rd400_gen1_m2,1,2500,2500,182.0,232.0,21.551724137931036,7457.102380935212,182,81.5282745000004,True,2,03_fixed_2500_baselines/raw_runs.csv
Fixed iteration,Dang,ILS,rd400_gen1_m2,2,2500,2500,183.0,232.0,21.120689655172413,7505.163362221063,183,81.03260310000041,True,2,03_fixed_2500_baselines/raw_runs.csv
Fixed iteration,Dang,ILS,rd400_gen1_m2,3,2500,2500,182.0,232.0,21.551724137931036,7439.767581799846,182,80.96243220000179,True,2,03_fixed_2500_baselines/raw_runs.csv
Fixed iteration,Dang,ILS,rd400_gen1_m3,0,2500,2500,183.0,224.0,18.303571428571427,7417.090858982949,183,80.7515293999968,True,2,03_fixed_2500_baselines/raw_runs.csv
Fixed iteration,Dang,ILS,rd400_gen1_m3,1,2500,2500,183.0,224.0,18.303571428571427,7402.878867360185,183,80.76381789999868,True,2,03_fixed_2500_baselines/raw_runs.csv
Fixed iteration,Dang,ILS,rd400_gen1_m3,2,2500,2500,185.0,224.0,17.410714285714285,7537.599143087679,185,81.54323319999821,True,2,03_fixed_2500_baselines/raw_runs.csv
Fixed iteration,Dang,ILS,rd400_gen1_m3,3,2500,2500,183.0,224.0,18.303571428571427,7323.562821145628,183,80.93025879999914,True,2,03_fixed_2500_baselines/raw_runs.csv
Fixed iteration,Dang,ILS,rd400_gen1_m4,0,2500,2500,173.0,213.0,18.779342723004696,7369.30570415571,173,67.59798299999966,True,2,03_fixed_2500_baselines/raw_runs.csv
Fixed iteration,Dang,ILS,rd400_gen1_m4,1,2500,2500,173.0,213.0,18.779342723004696,7466.779554064753,173,68.27110569999786,True,2,03_fixed_2500_baselines/raw_runs.csv
Fixed iteration,Dang,ILS,rd400_gen1_m4,2,2500,2500,172.0,213.0,19.248826291079812,7424.044703536578,172,67.03108359999896,True,2,03_fixed_2500_baselines/raw_runs.csv
Fixed iteration,Dang,ILS,rd400_gen1_m4,3,2500,2500,171.0,213.0,19.718309859154928,7279.911072580918,171,66.84244659999968,True,2,03_fixed_2500_baselines/raw_runs.csv
Fixed iteration,Dang,ILS,rd400_gen2_m2,0,2500,2500,10776.0,13045.0,17.393637408968953,7512.868919334051,182,82.65400709999813,True,2,03_fixed_2500_baselines/raw_runs.csv
Fixed iteration,Dang,ILS,rd400_gen2_m2,1,2500,2500,10715.0,13045.0,17.86124952088923,7512.547813984996,177,73.83891399999993,True,2,03_fixed_2500_baselines/raw_runs.csv
Fixed iteration,Dang,ILS,rd400_gen2_m2,2,2500,2500,10848.0,13045.0,16.841701801456498,7552.556778276651,180,79.60015240000212,True,2,03_fixed_2500_baselines/raw_runs.csv
Fixed iteration,Dang,ILS,rd400_gen2_m2,3,2500,2500,10764.0,13045.0,17.485626676887698,7549.48370900951,182,81.18051009999908,True,2,03_fixed_2500_baselines/raw_runs.csv
Fixed iteration,Dang,ILS,rd400_gen2_m3,0,2500,2500,9605.0,12646.0,24.0471295271232,7539.991194162001,168,60.88387459999649,True,2,03_fixed_2500_baselines/raw_runs.csv
Fixed iteration,Dang,ILS,rd400_gen2_m3,1,2500,2500,9619.0,12646.0,23.936422584216352,7549.986625194826,167,60.91193470000144,True,2,03_fixed_2500_baselines/raw_runs.csv
Fixed iteration,Dang,ILS,rd400_gen2_m3,2,2500,2500,9708.0,12646.0,23.232642732879963,7530.539634211353,166,60.40676540000277,True,2,03_fixed_2500_baselines/raw_runs.csv
Fixed iteration,Dang,ILS,rd400_gen2_m3,3,2500,2500,9587.0,12646.0,24.189467025146293,7520.628463723969,169,61.39258580000024,True,2,03_fixed_2500_baselines/raw_runs.csv
Fixed iteration,Dang,ILS,rd400_gen2_m4,0,2500,2500,9498.0,12032.0,21.060505319148938,7387.024089634331,169,62.64874240000063,True,2,03_fixed_2500_baselines/raw_runs.csv
Fixed iteration,Dang,ILS,rd400_gen2_m4,1,2500,2500,9577.0,12032.0,20.403922872340427,7563.774661074267,166,61.808348400001705,True,2,03_fixed_2500_baselines/raw_runs.csv
Fixed iteration,Dang,ILS,rd400_gen2_m4,2,2500,2500,9583.0,12032.0,20.35405585106383,7574.647682415139,168,62.234091800004535,True,2,03_fixed_2500_baselines/raw_runs.csv
Fixed iteration,Dang,ILS,rd400_gen2_m4,3,2500,2500,9579.0,12032.0,20.387300531914892,7548.406055101288,166,61.50476340000023,True,2,03_fixed_2500_baselines/raw_runs.csv
Fixed iteration,Dang,ILS,rd400_gen3_m2,0,2500,2500,8604.0,12431.0,30.78593837985681,7146.9803239738085,180,74.51241569999547,True,2,03_fixed_2500_baselines/raw_runs.csv
Fixed iteration,Dang,ILS,rd400_gen3_m2,1,2500,2500,8604.0,12431.0,30.78593837985681,7137.156612602064,180,74.55787039999996,True,2,03_fixed_2500_baselines/raw_runs.csv
Fixed iteration,Dang,ILS,rd400_gen3_m2,2,2500,2500,8604.0,12431.0,30.78593837985681,7173.486520824784,180,73.8989150999987,True,2,03_fixed_2500_baselines/raw_runs.csv
Fixed iteration,Dang,ILS,rd400_gen3_m2,3,2500,2500,8604.0,12431.0,30.78593837985681,7130.940792852973,180,74.15390200000547,True,2,03_fixed_2500_baselines/raw_runs.csv
Fixed iteration,Dang,ILS,rd400_gen3_m3,0,2500,2500,9505.0,11639.0,18.334908497293583,7476.103801175246,185,84.23533219999808,True,2,03_fixed_2500_baselines/raw_runs.csv
Fixed iteration,Dang,ILS,rd400_gen3_m3,1,2500,2500,9433.0,11639.0,18.9535183435003,7520.609842757474,185,83.84568320000108,True,2,03_fixed_2500_baselines/raw_runs.csv
Fixed iteration,Dang,ILS,rd400_gen3_m3,2,2500,2500,9457.0,11639.0,18.747315061431394,7578.041345778807,186,83.1166446999996,True,2,03_fixed_2500_baselines/raw_runs.csv
Fixed iteration,Dang,ILS,rd400_gen3_m3,3,2500,2500,9435.0,11639.0,18.936334736661227,7546.234805650743,184,82.70044190000044,True,2,03_fixed_2500_baselines/raw_runs.csv
Fixed iteration,Dang,ILS,rd400_gen3_m4,0,2500,2500,7816.0,10436.0,25.105404369490227,7428.957945186772,181,81.88467609999498,True,2,03_fixed_2500_baselines/raw_runs.csv
Fixed iteration,Dang,ILS,rd400_gen3_m4,1,2500,2500,7701.0,10436.0,26.2073591414335,7338.257760529179,177,72.99734739999985,True,2,03_fixed_2500_baselines/raw_runs.csv
Fixed iteration,Dang,ILS,rd400_gen3_m4,2,2500,2500,7913.0,10436.0,24.175929474894595,7424.654793857806,183,82.85968250000587,True,2,03_fixed_2500_baselines/raw_runs.csv
Fixed iteration,Dang,ILS,rd400_gen3_m4,3,2500,2500,7701.0,10436.0,26.2073591414335,7326.497243735571,177,73.19283030000224,True,2,03_fixed_2500_baselines/raw_runs.csv
Fixed iteration,Dang,ILS,ts225_gen2_m2,0,2500,2500,4780.0,5859.0,18.416111964499063,60374.37446033116,89,9.402178799995454,True,2,03_fixed_2500_baselines/raw_runs.csv
Fixed iteration,Dang,ILS,ts225_gen2_m2,1,2500,2500,4780.0,5859.0,18.416111964499063,60374.37446033116,89,9.44577610000124,True,2,03_fixed_2500_baselines/raw_runs.csv
Fixed iteration,Dang,ILS,ts225_gen2_m2,2,2500,2500,4801.0,5859.0,18.05768902543096,62291.874377514,90,9.495304100004432,True,2,03_fixed_2500_baselines/raw_runs.csv
Fixed iteration,Dang,ILS,ts225_gen2_m2,3,2500,2500,4780.0,5859.0,18.416111964499063,60374.37446033116,89,9.485329499999352,True,2,03_fixed_2500_baselines/raw_runs.csv
Fixed iteration,Dang,VNS,bier127_gen1_m2,0,2500,2500,99.0,106.0,6.60377358490566,58416.26849342419,99,7.25380099999893,True,2,03_fixed_2500_baselines/raw_runs.csv
Fixed iteration,Dang,VNS,bier127_gen1_m2,1,2500,2500,100.0,106.0,5.660377358490566,59039.22204502167,100,7.253328399998281,True,2,03_fixed_2500_baselines/raw_runs.csv
Fixed iteration,Dang,VNS,bier127_gen1_m2,2,2500,2500,99.0,106.0,6.60377358490566,58724.06781981341,99,7.05344370000239,True,2,03_fixed_2500_baselines/raw_runs.csv
Fixed iteration,Dang,VNS,bier127_gen1_m2,3,2500,2500,100.0,106.0,5.660377358490566,58695.50939143282,100,7.162981500001479,True,2,03_fixed_2500_baselines/raw_runs.csv
Fixed iteration,Dang,VNS,bier127_gen1_m3,0,2500,2500,99.0,103.0,3.883495145631068,57047.95200418319,99,6.4854694999994535,True,2,03_fixed_2500_baselines/raw_runs.csv
Fixed iteration,Dang,VNS,bier127_gen1_m3,1,2500,2500,99.0,103.0,3.883495145631068,56890.61216523692,99,6.662271900000633,True,2,03_fixed_2500_baselines/raw_runs.csv
Fixed iteration,Dang,VNS,bier127_gen1_m3,2,2500,2500,99.0,103.0,3.883495145631068,57047.95200418319,99,6.473923499997909,True,2,03_fixed_2500_baselines/raw_runs.csv
Fixed iteration,Dang,VNS,bier127_gen1_m3,3,2500,2500,99.0,103.0,3.883495145631068,56547.93543385667,99,6.639569799997844,True,2,03_fixed_2500_baselines/raw_runs.csv
Fixed iteration,Dang,VNS,bier127_gen2_m2,0,2500,2500,5201.0,5464.0,4.813323572474378,58382.61414000806,97,7.212582200001634,True,2,03_fixed_2500_baselines/raw_runs.csv
Fixed iteration,Dang,VNS,bier127_gen2_m2,1,2500,2500,5201.0,5464.0,4.813323572474378,58382.61414000806,97,7.218990800000029,True,2,03_fixed_2500_baselines/raw_runs.csv
Fixed iteration,Dang,VNS,bier127_gen2_m2,2,2500,2500,5201.0,5464.0,4.813323572474378,58395.79759599283,97,7.23711700000058,True,2,03_fixed_2500_baselines/raw_runs.csv
Fixed iteration,Dang,VNS,bier127_gen2_m2,3,2500,2500,5201.0,5464.0,4.813323572474378,58395.79759599283,97,7.28980799999772,True,2,03_fixed_2500_baselines/raw_runs.csv
Fixed iteration,Dang,VNS,bier127_gen2_m3,0,2500,2500,4912.0,5393.0,8.918969033932877,55343.34116810828,93,6.358380800000305,True,2,03_fixed_2500_baselines/raw_runs.csv
Fixed iteration,Dang,VNS,bier127_gen2_m3,1,2500,2500,4912.0,5393.0,8.918969033932877,55343.34116810828,93,6.376173599997856,True,2,03_fixed_2500_baselines/raw_runs.csv
Fixed iteration,Dang,VNS,bier127_gen2_m3,2,2500,2500,4948.0,5393.0,8.251437048025219,56101.62999569066,91,6.14751840000099,True,2,03_fixed_2500_baselines/raw_runs.csv
Fixed iteration,Dang,VNS,bier127_gen2_m3,3,2500,2500,4948.0,5393.0,8.251437048025219,56734.57896191262,91,6.167227499998262,True,2,03_fixed_2500_baselines/raw_runs.csv
Fixed iteration,Dang,VNS,bier127_gen2_m4,0,2500,2500,4621.0,5123.0,9.798945930119071,55807.65194260044,84,4.960002100000565,True,2,03_fixed_2500_baselines/raw_runs.csv
Fixed iteration,Dang,VNS,bier127_gen2_m4,1,2500,2500,4768.0,5123.0,6.929533476478626,56127.035498902944,86,5.029267099998833,True,2,03_fixed_2500_baselines/raw_runs.csv
Fixed iteration,Dang,VNS,bier127_gen2_m4,2,2500,2500,4768.0,5123.0,6.929533476478626,56367.51124483676,86,4.979867599999125,True,2,03_fixed_2500_baselines/raw_runs.csv
Fixed iteration,Dang,VNS,bier127_gen2_m4,3,2500,2500,4768.0,5123.0,6.929533476478626,56748.4398273712,86,4.997332499999175,True,2,03_fixed_2500_baselines/raw_runs.csv
Fixed iteration,Dang,VNS,bier127_gen3_m2,0,2500,2500,2227.0,2885.0,22.807625649913344,53863.9745300099,84,5.438132899998891,True,2,03_fixed_2500_baselines/raw_runs.csv
Fixed iteration,Dang,VNS,bier127_gen3_m2,1,2500,2500,2227.0,2885.0,22.807625649913344,53756.08567018264,84,5.487045099998795,True,2,03_fixed_2500_baselines/raw_runs.csv
Fixed iteration,Dang,VNS,bier127_gen3_m2,2,2500,2500,2227.0,2885.0,22.807625649913344,53756.08567018264,84,5.430045199998858,True,2,03_fixed_2500_baselines/raw_runs.csv
Fixed iteration,Dang,VNS,bier127_gen3_m2,3,2500,2500,2227.0,2885.0,22.807625649913344,54258.85892901991,84,5.446491599999717,True,2,03_fixed_2500_baselines/raw_runs.csv
Fixed iteration,Dang,VNS,bier127_gen3_m3,0,2500,2500,1998.0,2706.0,26.164079822616408,50633.40454899743,86,5.189662200002204,True,2,03_fixed_2500_baselines/raw_runs.csv
Fixed iteration,Dang,VNS,bier127_gen3_m3,1,2500,2500,1998.0,2706.0,26.164079822616408,50651.25104978176,86,5.19290799999726,True,2,03_fixed_2500_baselines/raw_runs.csv
Fixed iteration,Dang,VNS,bier127_gen3_m3,2,2500,2500,1998.0,2706.0,26.164079822616408,50633.40454899743,86,5.171810499999992,True,2,03_fixed_2500_baselines/raw_runs.csv
Fixed iteration,Dang,VNS,bier127_gen3_m3,3,2500,2500,1998.0,2706.0,26.164079822616408,50970.98851118714,86,5.166492800002743,True,2,03_fixed_2500_baselines/raw_runs.csv
Fixed iteration,Dang,VNS,bier127_gen3_m4,0,2500,2500,1829.0,2402.0,23.85512073272273,51970.36189824452,83,4.700302699999156,True,2,03_fixed_2500_baselines/raw_runs.csv
Fixed iteration,Dang,VNS,bier127_gen3_m4,1,2500,2500,1829.0,2402.0,23.85512073272273,51335.61206668085,83,4.918023300000641,True,2,03_fixed_2500_baselines/raw_runs.csv
Fixed iteration,Dang,VNS,bier127_gen3_m4,2,2500,2500,1829.0,2402.0,23.85512073272273,52255.60344428945,83,4.702110100002756,True,2,03_fixed_2500_baselines/raw_runs.csv
Fixed iteration,Dang,VNS,bier127_gen3_m4,3,2500,2500,1829.0,2402.0,23.85512073272273,51970.36189824452,83,4.656501000001299,True,2,03_fixed_2500_baselines/raw_runs.csv
Fixed iteration,Dang,VNS,cmt101c_m3,0,2500,2500,1140.0,1300.0,12.307692307692308,367.4426156536098,62,2.491836000001058,True,2,03_fixed_2500_baselines/raw_runs.csv
Fixed iteration,Dang,VNS,cmt101c_m3,1,2500,2500,1100.0,1300.0,15.384615384615385,356.1850010113745,61,2.516507600001205,True,2,03_fixed_2500_baselines/raw_runs.csv
Fixed iteration,Dang,VNS,cmt101c_m3,2,2500,2500,1100.0,1300.0,15.384615384615385,357.5030486401373,61,2.531125299999985,True,2,03_fixed_2500_baselines/raw_runs.csv
Fixed iteration,Dang,VNS,cmt101c_m3,3,2500,2500,1100.0,1300.0,15.384615384615385,357.5030486401373,61,2.5337519999993674,True,2,03_fixed_2500_baselines/raw_runs.csv
Fixed iteration,Dang,VNS,cmt151b_m3,0,2500,2500,1217.0,1385.0,12.129963898916968,345.29790905593444,66,2.8151002999984485,True,2,03_fixed_2500_baselines/raw_runs.csv
Fixed iteration,Dang,VNS,cmt151b_m3,1,2500,2500,1176.0,1385.0,15.090252707581227,343.7620609093372,66,2.831319799999619,True,2,03_fixed_2500_baselines/raw_runs.csv
Fixed iteration,Dang,VNS,cmt151b_m3,2,2500,2500,1170.0,1385.0,15.52346570397112,337.2129330480983,67,2.880016999999498,True,2,03_fixed_2500_baselines/raw_runs.csv
Fixed iteration,Dang,VNS,cmt151b_m3,3,2500,2500,1170.0,1385.0,15.52346570397112,337.2129330480983,67,2.9050277000023925,True,2,03_fixed_2500_baselines/raw_runs.csv
Fixed iteration,Dang,VNS,cmt151c_m2,0,2500,2500,1897.0,1964.0,3.4114052953156824,524.1323894744736,108,10.040121399997588,True,2,03_fixed_2500_baselines/raw_runs.csv
Fixed iteration,Dang,VNS,cmt151c_m2,1,2500,2500,1875.0,1964.0,4.531568228105907,520.9750811801939,108,10.027602599999229,True,2,03_fixed_2500_baselines/raw_runs.csv
Fixed iteration,Dang,VNS,cmt151c_m2,2,2500,2500,1870.0,1964.0,4.786150712830957,519.9505596840531,106,9.623210199999448,True,2,03_fixed_2500_baselines/raw_runs.csv
Fixed iteration,Dang,VNS,cmt151c_m2,3,2500,2500,1900.0,1964.0,3.258655804480652,523.911876121781,108,9.765216499999951,True,2,03_fixed_2500_baselines/raw_runs.csv
Fixed iteration,Dang,VNS,cmt151c_m3,0,2500,2500,1830.0,1916.0,4.488517745302714,521.6222917984256,105,8.22776199999862,True,2,03_fixed_2500_baselines/raw_runs.csv
Fixed iteration,Dang,VNS,cmt151c_m3,1,2500,2500,1720.0,1916.0,10.22964509394572,515.5338757855691,102,8.006259199999477,True,2,03_fixed_2500_baselines/raw_runs.csv
Fixed iteration,Dang,VNS,cmt151c_m3,2,2500,2500,1802.0,1916.0,5.949895615866389,521.7342758528836,105,8.18172599999889,True,2,03_fixed_2500_baselines/raw_runs.csv
Fixed iteration,Dang,VNS,cmt151c_m3,3,2500,2500,1726.0,1916.0,9.916492693110648,518.8278681544801,102,8.08429310000065,True,2,03_fixed_2500_baselines/raw_runs.csv
Fixed iteration,Dang,VNS,cmt151c_m4,0,2500,2500,1740.0,1880.0,7.446808510638298,512.3449209607322,99,6.527439099998446,True,2,03_fixed_2500_baselines/raw_runs.csv
Fixed iteration,Dang,VNS,cmt151c_m4,1,2500,2500,1738.0,1880.0,7.553191489361702,511.03309470814855,98,6.42398509999839,True,2,03_fixed_2500_baselines/raw_runs.csv
Fixed iteration,Dang,VNS,cmt151c_m4,2,2500,2500,1706.0,1880.0,9.25531914893617,513.2440989388755,96,6.273914299999888,True,2,03_fixed_2500_baselines/raw_runs.csv
Fixed iteration,Dang,VNS,cmt151c_m4,3,2500,2500,1736.0,1880.0,7.659574468085107,512.9363699893117,98,6.216364299998531,True,2,03_fixed_2500_baselines/raw_runs.csv
Fixed iteration,Dang,VNS,cmt200b_m2,0,2500,2500,1804.0,2096.0,13.931297709923664,376.1420234627825,98,7.371616399999766,True,2,03_fixed_2500_baselines/raw_runs.csv
Fixed iteration,Dang,VNS,cmt200b_m2,1,2500,2500,1804.0,2096.0,13.931297709923664,377.6521949799776,98,7.335605000000214,True,2,03_fixed_2500_baselines/raw_runs.csv
Fixed iteration,Dang,VNS,cmt200b_m2,2,2500,2500,1804.0,2096.0,13.931297709923664,377.6521949799776,98,7.350854100001015,True,2,03_fixed_2500_baselines/raw_runs.csv
Fixed iteration,Dang,VNS,cmt200b_m2,3,2500,2500,1804.0,2096.0,13.931297709923664,376.1420234627825,98,7.35785549999855,True,2,03_fixed_2500_baselines/raw_runs.csv
Fixed iteration,Dang,VNS,cmt200b_m3,0,2500,2500,1708.0,2019.0,15.403665180782566,379.6947366462071,92,6.271920499999396,True,2,03_fixed_2500_baselines/raw_runs.csv
Fixed iteration,Dang,VNS,cmt200b_m3,1,2500,2500,1698.0,2019.0,15.898959881129272,375.44197979798,91,6.252803100000165,True,2,03_fixed_2500_baselines/raw_runs.csv
Fixed iteration,Dang,VNS,cmt200b_m3,2,2500,2500,1685.0,2019.0,16.54284299157999,371.5142010064658,92,6.272525399999722,True,2,03_fixed_2500_baselines/raw_runs.csv
Fixed iteration,Dang,VNS,cmt200b_m3,3,2500,2500,1684.0,2019.0,16.592372461614662,370.9210381305525,92,6.345726799998374,True,2,03_fixed_2500_baselines/raw_runs.csv
Fixed iteration,Dang,VNS,cmt200b_m4,0,2500,2500,1533.0,1894.0,19.060190073917635,352.92392148665715,88,5.27081840000028,True,2,03_fixed_2500_baselines/raw_runs.csv
Fixed iteration,Dang,VNS,cmt200b_m4,1,2500,2500,1533.0,1894.0,19.060190073917635,352.92392148665715,88,5.285290600000735,True,2,03_fixed_2500_baselines/raw_runs.csv
Fixed iteration,Dang,VNS,cmt200b_m4,2,2500,2500,1533.0,1894.0,19.060190073917635,348.7229852256983,88,5.111080099999526,True,2,03_fixed_2500_baselines/raw_runs.csv
Fixed iteration,Dang,VNS,cmt200b_m4,3,2500,2500,1533.0,1894.0,19.060190073917635,352.92392148665715,88,5.288718699997844,True,2,03_fixed_2500_baselines/raw_runs.csv
Fixed iteration,Dang,VNS,cmt200c_m2,0,2500,2500,2494.0,2818.0,11.497515968772179,564.5263955169835,139,19.01316570000199,True,2,03_fixed_2500_baselines/raw_runs.csv
Fixed iteration,Dang,VNS,cmt200c_m2,1,2500,2500,2464.0,2818.0,12.562100780695529,568.9527022724116,137,18.550686500002485,True,2,03_fixed_2500_baselines/raw_runs.csv
Fixed iteration,Dang,VNS,cmt200c_m2,2,2500,2500,2491.0,2818.0,11.603974449964515,562.4619004147376,138,18.199222700000973,True,2,03_fixed_2500_baselines/raw_runs.csv
Fixed iteration,Dang,VNS,cmt200c_m2,3,2500,2500,2479.0,2818.0,12.029808374733854,562.9050240612564,138,17.775476300001174,True,2,03_fixed_2500_baselines/raw_runs.csv
Fixed iteration,Dang,VNS,cmt200c_m3,0,2500,2500,2496.0,2766.0,9.761388286334057,556.4353573779867,137,16.334222800000134,True,2,03_fixed_2500_baselines/raw_runs.csv
Fixed iteration,Dang,VNS,cmt200c_m3,1,2500,2500,2530.0,2766.0,8.532176428054953,561.2349053843757,139,16.65464290000091,True,2,03_fixed_2500_baselines/raw_runs.csv
Fixed iteration,Dang,VNS,cmt200c_m3,2,2500,2500,2592.0,2766.0,6.290672451193059,563.0502744781418,143,17.809060899999167,True,2,03_fixed_2500_baselines/raw_runs.csv
Fixed iteration,Dang,VNS,cmt200c_m3,3,2500,2500,2530.0,2766.0,8.532176428054953,557.782085047407,139,16.737513899999612,True,2,03_fixed_2500_baselines/raw_runs.csv
Fixed iteration,Dang,VNS,cmt200c_m4,0,2500,2500,2475.0,2712.0,8.738938053097344,559.4859799508502,138,15.349700000002484,True,2,03_fixed_2500_baselines/raw_runs.csv
Fixed iteration,Dang,VNS,cmt200c_m4,1,2500,2500,2451.0,2712.0,9.623893805309734,556.1174036047502,138,15.479417900001865,True,2,03_fixed_2500_baselines/raw_runs.csv
Fixed iteration,Dang,VNS,cmt200c_m4,2,2500,2500,2440.0,2712.0,10.029498525073747,553.7190697097662,137,15.258931699998357,True,2,03_fixed_2500_baselines/raw_runs.csv
Fixed iteration,Dang,VNS,cmt200c_m4,3,2500,2500,2475.0,2712.0,8.738938053097344,558.9564885303664,138,15.49840960000074,True,2,03_fixed_2500_baselines/raw_runs.csv
Fixed iteration,Dang,VNS,eil101b_m3,0,2500,2500,787.0,916.0,14.08296943231441,298.98335004974035,46,1.3314828000002308,True,2,03_fixed_2500_baselines/raw_runs.csv
Fixed iteration,Dang,VNS,eil101b_m3,1,2500,2500,813.0,916.0,11.244541484716157,309.8650815965307,47,1.3694163000000117,True,2,03_fixed_2500_baselines/raw_runs.csv
Fixed iteration,Dang,VNS,eil101b_m3,2,2500,2500,787.0,916.0,14.08296943231441,298.98335004974035,46,1.350010400001338,True,2,03_fixed_2500_baselines/raw_runs.csv
Fixed iteration,Dang,VNS,eil101b_m3,3,2500,2500,787.0,916.0,14.08296943231441,298.98335004974035,46,1.34406780000063,True,2,03_fixed_2500_baselines/raw_runs.csv
Fixed iteration,Dang,VNS,eil101c_m2,0,2500,2500,1237.0,1305.0,5.210727969348659,463.0567476728592,72,3.702952400002687,True,2,03_fixed_2500_baselines/raw_runs.csv
Fixed iteration,Dang,VNS,eil101c_m2,1,2500,2500,1255.0,1305.0,3.8314176245210727,465.6021264267597,72,3.5338999000014155,True,2,03_fixed_2500_baselines/raw_runs.csv
Fixed iteration,Dang,VNS,eil101c_m2,2,2500,2500,1232.0,1305.0,5.593869731800766,468.0143135652122,70,3.2849227000006067,True,2,03_fixed_2500_baselines/raw_runs.csv
Fixed iteration,Dang,VNS,eil101c_m2,3,2500,2500,1261.0,1305.0,3.371647509578544,463.1096134151316,73,3.756460500000685,True,2,03_fixed_2500_baselines/raw_runs.csv
Fixed iteration,Dang,VNS,eil101c_m3,0,2500,2500,1115.0,1251.0,10.871302957633892,456.52164374191466,67,2.8326388000023144,True,2,03_fixed_2500_baselines/raw_runs.csv
Fixed iteration,Dang,VNS,eil101c_m3,1,2500,2500,1150.0,1251.0,8.073541167066347,461.8009301967309,66,2.7700570999986667,True,2,03_fixed_2500_baselines/raw_runs.csv
Fixed iteration,Dang,VNS,eil101c_m3,2,2500,2500,1118.0,1251.0,10.631494804156675,456.98458075109545,68,2.867793199999141,True,2,03_fixed_2500_baselines/raw_runs.csv
Fixed iteration,Dang,VNS,eil101c_m3,3,2500,2500,1115.0,1251.0,10.871302957633892,457.137995129752,67,2.823284899997816,True,2,03_fixed_2500_baselines/raw_runs.csv
Fixed iteration,Dang,VNS,gil262_gen1_m3,0,2500,2500,79.0,101.0,21.782178217821784,1091.5801347268573,79,4.203984200001287,True,2,03_fixed_2500_baselines/raw_runs.csv
Fixed iteration,Dang,VNS,gil262_gen1_m3,1,2500,2500,81.0,101.0,19.801980198019802,1133.6754754508656,81,4.982715099999041,True,2,03_fixed_2500_baselines/raw_runs.csv
Fixed iteration,Dang,VNS,gil262_gen1_m3,2,2500,2500,81.0,101.0,19.801980198019802,1133.6754754508656,81,5.000367399999959,True,2,03_fixed_2500_baselines/raw_runs.csv
Fixed iteration,Dang,VNS,gil262_gen1_m3,3,2500,2500,81.0,101.0,19.801980198019802,1133.6754754508656,81,4.966322399999626,True,2,03_fixed_2500_baselines/raw_runs.csv
Fixed iteration,Dang,VNS,gil262_gen1_m4,0,2500,2500,64.0,78.0,17.94871794871795,1055.3778854887987,64,2.837842599998112,True,2,03_fixed_2500_baselines/raw_runs.csv
Fixed iteration,Dang,VNS,gil262_gen1_m4,1,2500,2500,64.0,78.0,17.94871794871795,1046.9220979665402,64,2.8043019000033382,True,2,03_fixed_2500_baselines/raw_runs.csv
Fixed iteration,Dang,VNS,gil262_gen1_m4,2,2500,2500,64.0,78.0,17.94871794871795,1045.7139483655196,64,2.8059905000009167,True,2,03_fixed_2500_baselines/raw_runs.csv
Fixed iteration,Dang,VNS,gil262_gen1_m4,3,2500,2500,64.0,78.0,17.94871794871795,1041.035106128336,64,2.764212000001862,True,2,03_fixed_2500_baselines/raw_runs.csv
Fixed iteration,Dang,VNS,gil262_gen2_m2,0,2500,2500,6055.0,7498.0,19.24513203520939,1169.4964103837217,102,9.000120700002299,True,2,03_fixed_2500_baselines/raw_runs.csv
Fixed iteration,Dang,VNS,gil262_gen2_m2,1,2500,2500,6050.0,7498.0,19.311816484395838,1171.876124512862,102,9.006340200001432,True,2,03_fixed_2500_baselines/raw_runs.csv
Fixed iteration,Dang,VNS,gil262_gen2_m2,2,2500,2500,5983.0,7498.0,20.205388103494265,1169.6481364959968,102,8.945149799998035,True,2,03_fixed_2500_baselines/raw_runs.csv
Fixed iteration,Dang,VNS,gil262_gen2_m2,3,2500,2500,5983.0,7498.0,20.205388103494265,1167.0830648643414,102,8.970572400001402,True,2,03_fixed_2500_baselines/raw_runs.csv
Fixed iteration,Dang,VNS,gil262_gen2_m3,0,2500,2500,4820.0,5615.0,14.158504007123776,1165.2737826241091,82,5.121570999999676,True,2,03_fixed_2500_baselines/raw_runs.csv
Fixed iteration,Dang,VNS,gil262_gen2_m3,1,2500,2500,4811.0,5615.0,14.318788958147818,1153.7131110841458,81,5.147845499999676,True,2,03_fixed_2500_baselines/raw_runs.csv
Fixed iteration,Dang,VNS,gil262_gen2_m3,2,2500,2500,4820.0,5615.0,14.158504007123776,1165.2737826241091,82,5.107695999999123,True,2,03_fixed_2500_baselines/raw_runs.csv
Fixed iteration,Dang,VNS,gil262_gen2_m3,3,2500,2500,4820.0,5615.0,14.158504007123776,1165.2737826241091,82,5.092763399999967,True,2,03_fixed_2500_baselines/raw_runs.csv
Fixed iteration,Dang,VNS,gil262_gen3_m2,0,2500,2500,4180.0,7183.0,41.807044410413475,1130.1650673567303,102,9.22754829999758,True,2,03_fixed_2500_baselines/raw_runs.csv
Fixed iteration,Dang,VNS,gil262_gen3_m2,1,2500,2500,4180.0,7183.0,41.807044410413475,1130.1650673567303,102,9.191844799999672,True,2,03_fixed_2500_baselines/raw_runs.csv
Fixed iteration,Dang,VNS,gil262_gen3_m2,2,2500,2500,4180.0,7183.0,41.807044410413475,1130.1650673567303,102,9.147485599998618,True,2,03_fixed_2500_baselines/raw_runs.csv
Fixed iteration,Dang,VNS,gil262_gen3_m2,3,2500,2500,4180.0,7183.0,41.807044410413475,1117.3894027622569,102,9.197805899999366,True,2,03_fixed_2500_baselines/raw_runs.csv
Fixed iteration,Dang,VNS,gil262_gen3_m4,0,2500,2500,2019.0,2507.0,19.465496609493417,1124.102466763867,67,3.0032043999999587,True,2,03_fixed_2500_baselines/raw_runs.csv
Fixed iteration,Dang,VNS,gil262_gen3_m4,1,2500,2500,2019.0,2507.0,19.465496609493417,1116.3139403236753,67,3.012209000000439,True,2,03_fixed_2500_baselines/raw_runs.csv
Fixed iteration,Dang,VNS,gil262_gen3_m4,2,2500,2500,2019.0,2507.0,19.465496609493417,1104.6697410354327,67,3.0097974999989674,True,2,03_fixed_2500_baselines/raw_runs.csv
Fixed iteration,Dang,VNS,gil262_gen3_m4,3,2500,2500,2019.0,2507.0,19.465496609493417,1118.3365647608266,67,2.985662400002184,True,2,03_fixed_2500_baselines/raw_runs.csv
Fixed iteration,Dang,VNS,gil262a_m2,0,2500,2500,3078.0,4078.0,24.521824423737126,559.7818047424103,59,2.3193729000013263,True,2,03_fixed_2500_baselines/raw_runs.csv
Fixed iteration,Dang,VNS,gil262a_m2,1,2500,2500,3078.0,4078.0,24.521824423737126,559.7818047424103,59,2.313240499999665,True,2,03_fixed_2500_baselines/raw_runs.csv
Fixed iteration,Dang,VNS,gil262a_m2,2,2500,2500,3078.0,4078.0,24.521824423737126,559.7818047424103,59,2.31015959999786,True,2,03_fixed_2500_baselines/raw_runs.csv
Fixed iteration,Dang,VNS,gil262a_m2,3,2500,2500,3078.0,4078.0,24.521824423737126,559.7818047424103,59,2.306201300001703,True,2,03_fixed_2500_baselines/raw_runs.csv
Fixed iteration,Dang,VNS,gil262a_m4,0,2500,2500,2561.0,3175.0,19.338582677165356,550.3874508862198,48,1.561177300001873,True,2,03_fixed_2500_baselines/raw_runs.csv
Fixed iteration,Dang,VNS,gil262a_m4,1,2500,2500,2561.0,3175.0,19.338582677165356,550.3874508862198,48,1.5412438999992446,True,2,03_fixed_2500_baselines/raw_runs.csv
Fixed iteration,Dang,VNS,gil262a_m4,2,2500,2500,2561.0,3175.0,19.338582677165356,550.3874508862198,48,1.5532339999990654,True,2,03_fixed_2500_baselines/raw_runs.csv
Fixed iteration,Dang,VNS,gil262a_m4,3,2500,2500,2561.0,3175.0,19.338582677165356,550.3874508862198,48,1.5332851999992272,True,2,03_fixed_2500_baselines/raw_runs.csv
Fixed iteration,Dang,VNS,gil262b_m2,0,2500,2500,5997.0,8081.0,25.788887513921544,1181.584739091435,109,9.799721699997464,True,2,03_fixed_2500_baselines/raw_runs.csv
Fixed iteration,Dang,VNS,gil262b_m2,1,2500,2500,6041.0,8081.0,25.24440044548942,1185.687559361905,111,10.760119499998837,True,2,03_fixed_2500_baselines/raw_runs.csv
Fixed iteration,Dang,VNS,gil262b_m2,2,2500,2500,6005.0,8081.0,25.689889865115703,1179.4822540478342,110,10.074241900001653,True,2,03_fixed_2500_baselines/raw_runs.csv
Fixed iteration,Dang,VNS,gil262b_m2,3,2500,2500,6004.0,8081.0,25.702264571216432,1177.956016961059,112,10.99084690000018,True,2,03_fixed_2500_baselines/raw_runs.csv
Fixed iteration,Dang,VNS,gil262b_m3,0,2500,2500,5674.0,7585.0,25.194462755438366,1084.1560310169618,108,9.83718510000108,True,2,03_fixed_2500_baselines/raw_runs.csv
Fixed iteration,Dang,VNS,gil262b_m3,1,2500,2500,5675.0,7585.0,25.181278839815427,1087.6240949583164,109,10.03641029999926,True,2,03_fixed_2500_baselines/raw_runs.csv
Fixed iteration,Dang,VNS,gil262b_m3,2,2500,2500,5715.0,7585.0,24.653922214897825,1120.103613549135,111,10.799851799998578,True,2,03_fixed_2500_baselines/raw_runs.csv
Fixed iteration,Dang,VNS,gil262b_m3,3,2500,2500,5674.0,7585.0,25.194462755438366,1107.2430263231106,108,9.400266799999372,True,2,03_fixed_2500_baselines/raw_runs.csv
Fixed iteration,Dang,VNS,gil262b_m4,0,2500,2500,5509.0,6781.0,18.758295236690753,1111.2522874291542,104,8.407155900000362,True,2,03_fixed_2500_baselines/raw_runs.csv
Fixed iteration,Dang,VNS,gil262b_m4,1,2500,2500,5600.0,6781.0,17.41631027871995,1160.301548906024,104,8.413064599997597,True,2,03_fixed_2500_baselines/raw_runs.csv
Fixed iteration,Dang,VNS,gil262b_m4,2,2500,2500,5489.0,6781.0,19.053236985695325,1105.08554204563,102,8.194225399998686,True,2,03_fixed_2500_baselines/raw_runs.csv
Fixed iteration,Dang,VNS,gil262b_m4,3,2500,2500,5489.0,6781.0,19.053236985695325,1105.08554204563,102,8.26390960000208,True,2,03_fixed_2500_baselines/raw_runs.csv
Fixed iteration,Dang,VNS,gil262c_m2,0,2500,2500,10432.0,11030.0,5.42157751586582,1773.201582676602,180,35.186505199999374,True,2,03_fixed_2500_baselines/raw_runs.csv
Fixed iteration,Dang,VNS,gil262c_m2,1,2500,2500,10537.0,11030.0,4.469628286491387,1781.1777517494322,175,34.44513680000091,True,2,03_fixed_2500_baselines/raw_runs.csv
Fixed iteration,Dang,VNS,gil262c_m2,2,2500,2500,10626.0,11030.0,3.662737987307344,1782.4082368199706,179,36.04868079999869,True,2,03_fixed_2500_baselines/raw_runs.csv
Fixed iteration,Dang,VNS,gil262c_m2,3,2500,2500,10538.0,11030.0,4.460562103354488,1765.392579659077,179,36.07659430000058,True,2,03_fixed_2500_baselines/raw_runs.csv
Fixed iteration,Dang,VNS,gil262c_m3,0,2500,2500,9083.0,10757.0,15.561959654178674,1769.797870417597,166,26.86098370000036,True,2,03_fixed_2500_baselines/raw_runs.csv
Fixed iteration,Dang,VNS,gil262c_m3,1,2500,2500,9683.0,10757.0,9.984196337268756,1759.9594572886194,167,27.477697099999205,True,2,03_fixed_2500_baselines/raw_runs.csv
Fixed iteration,Dang,VNS,gil262c_m3,2,2500,2500,9739.0,10757.0,9.463605094357163,1772.7232956169605,166,26.84232779999729,True,2,03_fixed_2500_baselines/raw_runs.csv
Fixed iteration,Dang,VNS,gil262c_m3,3,2500,2500,9564.0,10757.0,11.090452728455888,1769.8081273364562,169,27.170276299999387,True,2,03_fixed_2500_baselines/raw_runs.csv
Fixed iteration,Dang,VNS,gil262c_m4,0,2500,2500,7940.0,10281.0,22.77015854488863,1748.660535128629,150,19.78408290000152,True,2,03_fixed_2500_baselines/raw_runs.csv
Fixed iteration,Dang,VNS,gil262c_m4,1,2500,2500,8032.0,10281.0,21.875303958758877,1774.178659531694,150,19.650141500002064,True,2,03_fixed_2500_baselines/raw_runs.csv
Fixed iteration,Dang,VNS,gil262c_m4,2,2500,2500,8054.0,10281.0,21.661316992510457,1765.06489932848,149,19.363133200000448,True,2,03_fixed_2500_baselines/raw_runs.csv
Fixed iteration,Dang,VNS,gil262c_m4,3,2500,2500,7868.0,10281.0,23.470479525338003,1763.5304034710948,150,19.434825100001035,True,2,03_fixed_2500_baselines/raw_runs.csv
Fixed iteration,Dang,VNS,gr229_gen1_m4,0,2500,2500,220.0,223.0,1.345291479820628,1669.5305343792268,220,37.154781100001856,True,2,03_fixed_2500_baselines/raw_runs.csv
Fixed iteration,Dang,VNS,gr229_gen1_m4,1,2500,2500,219.0,223.0,1.7937219730941705,1556.7462097657944,219,39.1612006999967,True,2,03_fixed_2500_baselines/raw_runs.csv
Fixed iteration,Dang,VNS,gr229_gen1_m4,2,2500,2500,220.0,223.0,1.345291479820628,1546.564583969253,220,37.83937420000075,True,2,03_fixed_2500_baselines/raw_runs.csv
Fixed iteration,Dang,VNS,gr229_gen1_m4,3,2500,2500,220.0,223.0,1.345291479820628,1595.1319563930092,220,37.1956453999992,True,2,03_fixed_2500_baselines/raw_runs.csv
Fixed iteration,Dang,VNS,gr229_gen2_m3,0,2500,2500,11120.0,11566.0,3.856130036313332,1396.161080878891,220,41.142857800001366,True,2,03_fixed_2500_baselines/raw_runs.csv
Fixed iteration,Dang,VNS,gr229_gen2_m3,1,2500,2500,11120.0,11566.0,3.856130036313332,1391.473265922583,220,41.26653069999884,True,2,03_fixed_2500_baselines/raw_runs.csv
Fixed iteration,Dang,VNS,gr229_gen2_m3,2,2500,2500,11326.0,11566.0,2.0750475531730936,1731.8948840828011,224,38.91853489999994,True,2,03_fixed_2500_baselines/raw_runs.csv
Fixed iteration,Dang,VNS,gr229_gen2_m3,3,2500,2500,11120.0,11566.0,3.856130036313332,1414.472962415833,220,41.3357700000015,True,2,03_fixed_2500_baselines/raw_runs.csv
Fixed iteration,Dang,VNS,gr229_gen2_m4,0,2500,2500,11120.0,11355.0,2.0695728753852927,1539.867891270575,220,37.4282168000027,True,2,03_fixed_2500_baselines/raw_runs.csv
Fixed iteration,Dang,VNS,gr229_gen2_m4,1,2500,2500,11120.0,11355.0,2.0695728753852927,1607.959990066796,220,36.98808929999723,True,2,03_fixed_2500_baselines/raw_runs.csv
Fixed iteration,Dang,VNS,gr229_gen2_m4,2,2500,2500,11120.0,11355.0,2.0695728753852927,1602.6777435683327,220,36.11536660000274,True,2,03_fixed_2500_baselines/raw_runs.csv
Fixed iteration,Dang,VNS,gr229_gen2_m4,3,2500,2500,11120.0,11355.0,2.0695728753852927,1557.0262450744735,220,37.50113300000157,True,2,03_fixed_2500_baselines/raw_runs.csv
Fixed iteration,Dang,VNS,gr229_gen3_m3,0,2500,2500,7355.0,8056.0,8.701588877855015,1376.7236057811183,220,41.57632360000207,True,2,03_fixed_2500_baselines/raw_runs.csv
Fixed iteration,Dang,VNS,gr229_gen3_m3,1,2500,2500,7355.0,8056.0,8.701588877855015,1370.205073400945,220,41.77576279999994,True,2,03_fixed_2500_baselines/raw_runs.csv
Fixed iteration,Dang,VNS,gr229_gen3_m3,2,2500,2500,7355.0,8056.0,8.701588877855015,1365.229198961346,220,41.971369400002,True,2,03_fixed_2500_baselines/raw_runs.csv
Fixed iteration,Dang,VNS,gr229_gen3_m3,3,2500,2500,7355.0,8056.0,8.701588877855015,1373.1157557426377,220,41.54123919999984,True,2,03_fixed_2500_baselines/raw_runs.csv
Fixed iteration,Dang,VNS,gr229_gen3_m4,0,2500,2500,7042.0,7651.0,7.959743824336688,1569.3707289404251,216,42.92304779999904,True,2,03_fixed_2500_baselines/raw_runs.csv
Fixed iteration,Dang,VNS,gr229_gen3_m4,1,2500,2500,7042.0,7651.0,7.959743824336688,1542.7822234885757,216,43.146322799999325,True,2,03_fixed_2500_baselines/raw_runs.csv
Fixed iteration,Dang,VNS,gr229_gen3_m4,2,2500,2500,7355.0,7651.0,3.868775323487126,1579.2337473307307,220,38.12375099999917,True,2,03_fixed_2500_baselines/raw_runs.csv
Fixed iteration,Dang,VNS,gr229_gen3_m4,3,2500,2500,6968.0,7651.0,8.92693765520847,1504.1188114567894,215,44.15274950000094,True,2,03_fixed_2500_baselines/raw_runs.csv
Fixed iteration,Dang,VNS,kroA150_gen2_m2,0,2500,2500,3671.0,4335.0,15.317185697808535,12715.113760741897,67,3.0536591000018234,True,2,03_fixed_2500_baselines/raw_runs.csv
Fixed iteration,Dang,VNS,kroA150_gen2_m2,1,2500,2500,3671.0,4335.0,15.317185697808535,12715.113760741897,67,3.085929100001522,True,2,03_fixed_2500_baselines/raw_runs.csv
Fixed iteration,Dang,VNS,kroA150_gen2_m2,2,2500,2500,3671.0,4335.0,15.317185697808535,12715.113760741897,67,3.109539799999766,True,2,03_fixed_2500_baselines/raw_runs.csv
Fixed iteration,Dang,VNS,kroA150_gen2_m2,3,2500,2500,3671.0,4335.0,15.317185697808535,12715.113760741897,67,3.100254799999675,True,2,03_fixed_2500_baselines/raw_runs.csv
Fixed iteration,Dang,VNS,kroA150_gen3_m3,0,2500,2500,2079.0,2726.0,23.734409391049155,12692.264128121624,58,2.0016629999990982,True,2,03_fixed_2500_baselines/raw_runs.csv
Fixed iteration,Dang,VNS,kroA150_gen3_m3,1,2500,2500,2079.0,2726.0,23.734409391049155,12692.264128121624,58,2.0152003999974117,True,2,03_fixed_2500_baselines/raw_runs.csv
Fixed iteration,Dang,VNS,kroA150_gen3_m3,2,2500,2500,2079.0,2726.0,23.734409391049155,12728.999213276838,58,2.040110199999617,True,2,03_fixed_2500_baselines/raw_runs.csv
Fixed iteration,Dang,VNS,kroA150_gen3_m3,3,2500,2500,2079.0,2726.0,23.734409391049155,12692.264128121624,58,2.029584600000817,True,2,03_fixed_2500_baselines/raw_runs.csv
Fixed iteration,Dang,VNS,kroA200_gen1_m4,0,2500,2500,63.0,81.0,22.22222222222222,12958.490902582442,63,2.7127241999987746,True,2,03_fixed_2500_baselines/raw_runs.csv
Fixed iteration,Dang,VNS,kroA200_gen1_m4,1,2500,2500,63.0,81.0,22.22222222222222,13276.070146393677,63,2.712505499999679,True,2,03_fixed_2500_baselines/raw_runs.csv
Fixed iteration,Dang,VNS,kroA200_gen1_m4,2,2500,2500,63.0,81.0,22.22222222222222,12957.535532164116,63,2.7402114999968035,True,2,03_fixed_2500_baselines/raw_runs.csv
Fixed iteration,Dang,VNS,kroA200_gen1_m4,3,2500,2500,63.0,81.0,22.22222222222222,12871.245085586186,63,2.740436600000976,True,2,03_fixed_2500_baselines/raw_runs.csv
Fixed iteration,Dang,VNS,kroB200_gen1_m2,0,2500,2500,81.0,111.0,27.027027027027028,13534.331591341108,81,5.099817400001484,True,2,03_fixed_2500_baselines/raw_runs.csv
Fixed iteration,Dang,VNS,kroB200_gen1_m2,1,2500,2500,81.0,111.0,27.027027027027028,13534.331591341108,81,5.029988599999342,True,2,03_fixed_2500_baselines/raw_runs.csv
Fixed iteration,Dang,VNS,kroB200_gen1_m2,2,2500,2500,81.0,111.0,27.027027027027028,13443.100139435544,81,5.141127700000652,True,2,03_fixed_2500_baselines/raw_runs.csv
Fixed iteration,Dang,VNS,kroB200_gen1_m2,3,2500,2500,81.0,111.0,27.027027027027028,13534.331591341108,81,5.132367999998678,True,2,03_fixed_2500_baselines/raw_runs.csv
Fixed iteration,Dang,VNS,kroB200_gen2_m2,0,2500,2500,4628.0,6185.0,25.17380759902991,13600.877774345165,77,4.24400389999937,True,2,03_fixed_2500_baselines/raw_runs.csv
Fixed iteration,Dang,VNS,kroB200_gen2_m2,1,2500,2500,4629.0,6185.0,25.157639450282943,13702.20708340859,77,4.235419699998602,True,2,03_fixed_2500_baselines/raw_runs.csv
Fixed iteration,Dang,VNS,kroB200_gen2_m2,2,2500,2500,4663.0,6185.0,24.607922392886014,13609.612931427691,78,4.328279400000611,True,2,03_fixed_2500_baselines/raw_runs.csv
Fixed iteration,Dang,VNS,kroB200_gen2_m2,3,2500,2500,4626.0,6185.0,25.206143896523848,13491.742743994244,77,4.267637900000409,True,2,03_fixed_2500_baselines/raw_runs.csv
Fixed iteration,Dang,VNS,kroB200_gen2_m4,0,2500,2500,4002.0,4944.0,19.053398058252426,13329.148061797036,68,2.942295499997272,True,2,03_fixed_2500_baselines/raw_runs.csv
Fixed iteration,Dang,VNS,kroB200_gen2_m4,1,2500,2500,4002.0,4944.0,19.053398058252426,13329.148061797036,68,2.9763442000003124,True,2,03_fixed_2500_baselines/raw_runs.csv
Fixed iteration,Dang,VNS,kroB200_gen2_m4,2,2500,2500,4002.0,4944.0,19.053398058252426,13329.148061797036,68,2.9859947000004468,True,2,03_fixed_2500_baselines/raw_runs.csv
Fixed iteration,Dang,VNS,kroB200_gen2_m4,3,2500,2500,4002.0,4944.0,19.053398058252426,13329.148061797036,68,2.968425600000046,True,2,03_fixed_2500_baselines/raw_runs.csv
Fixed iteration,Dang,VNS,kroB200_gen3_m2,0,2500,2500,2995.0,4765.0,37.14585519412382,13511.696285131206,86,5.581386399997427,True,2,03_fixed_2500_baselines/raw_runs.csv
Fixed iteration,Dang,VNS,kroB200_gen3_m2,1,2500,2500,2995.0,4765.0,37.14585519412382,13511.696285131206,86,5.546331699999428,True,2,03_fixed_2500_baselines/raw_runs.csv
Fixed iteration,Dang,VNS,kroB200_gen3_m2,2,2500,2500,2995.0,4765.0,37.14585519412382,13511.696285131206,86,5.566629100001592,True,2,03_fixed_2500_baselines/raw_runs.csv
Fixed iteration,Dang,VNS,kroB200_gen3_m2,3,2500,2500,2995.0,4765.0,37.14585519412382,13511.696285131206,86,5.61984719999964,True,2,03_fixed_2500_baselines/raw_runs.csv
Fixed iteration,Dang,VNS,kroB200_gen3_m3,0,2500,2500,2326.0,3028.0,23.18361955085865,13141.03853582061,75,3.8067902000002505,True,2,03_fixed_2500_baselines/raw_runs.csv
Fixed iteration,Dang,VNS,kroB200_gen3_m3,1,2500,2500,2326.0,3028.0,23.18361955085865,13165.63321186217,75,3.814816100002645,True,2,03_fixed_2500_baselines/raw_runs.csv
Fixed iteration,Dang,VNS,kroB200_gen3_m3,2,2500,2500,2326.0,3028.0,23.18361955085865,13165.63321186217,75,3.784241100001964,True,2,03_fixed_2500_baselines/raw_runs.csv
Fixed iteration,Dang,VNS,kroB200_gen3_m3,3,2500,2500,2326.0,3028.0,23.18361955085865,13165.63321186217,75,3.7777123999985633,True,2,03_fixed_2500_baselines/raw_runs.csv
Fixed iteration,Dang,VNS,lin318_gen1_m2,0,2500,2500,151.0,180.0,16.11111111111111,20573.844430662604,151,22.852811600001587,True,2,03_fixed_2500_baselines/raw_runs.csv
Fixed iteration,Dang,VNS,lin318_gen1_m2,1,2500,2500,151.0,180.0,16.11111111111111,20574.430232268267,151,23.291179299998475,True,2,03_fixed_2500_baselines/raw_runs.csv
Fixed iteration,Dang,VNS,lin318_gen1_m2,2,2500,2500,151.0,180.0,16.11111111111111,20598.41270002797,151,23.737768700000743,True,2,03_fixed_2500_baselines/raw_runs.csv
Fixed iteration,Dang,VNS,lin318_gen1_m2,3,2500,2500,151.0,180.0,16.11111111111111,20582.4709966147,151,23.14724049999859,True,2,03_fixed_2500_baselines/raw_runs.csv
Fixed iteration,Dang,VNS,lin318_gen1_m3,0,2500,2500,123.0,149.0,17.449664429530202,20597.127640832197,123,13.041366400000696,True,2,03_fixed_2500_baselines/raw_runs.csv
Fixed iteration,Dang,VNS,lin318_gen1_m3,1,2500,2500,121.0,149.0,18.79194630872483,19953.318819803044,121,12.473150099998747,True,2,03_fixed_2500_baselines/raw_runs.csv
Fixed iteration,Dang,VNS,lin318_gen1_m3,2,2500,2500,121.0,149.0,18.79194630872483,20174.511146810462,121,12.75655310000002,True,2,03_fixed_2500_baselines/raw_runs.csv
Fixed iteration,Dang,VNS,lin318_gen1_m3,3,2500,2500,123.0,149.0,17.449664429530202,20597.127640832197,123,12.995884799998748,True,2,03_fixed_2500_baselines/raw_runs.csv
Fixed iteration,Dang,VNS,lin318_gen2_m2,0,2500,2500,7594.0,9544.0,20.431684828164293,19570.20613671811,142,21.29281170000104,True,2,03_fixed_2500_baselines/raw_runs.csv
Fixed iteration,Dang,VNS,lin318_gen2_m2,1,2500,2500,7594.0,9544.0,20.431684828164293,19570.20613671811,142,21.357568600000377,True,2,03_fixed_2500_baselines/raw_runs.csv
Fixed iteration,Dang,VNS,lin318_gen2_m2,2,2500,2500,7594.0,9544.0,20.431684828164293,19571.567057423686,142,20.963510800000225,True,2,03_fixed_2500_baselines/raw_runs.csv
Fixed iteration,Dang,VNS,lin318_gen2_m2,3,2500,2500,7594.0,9544.0,20.431684828164293,19571.567057423686,142,20.89574999999968,True,2,03_fixed_2500_baselines/raw_runs.csv
Fixed iteration,Dang,VNS,lin318_gen2_m3,0,2500,2500,6089.0,7807.0,22.005892148072242,19290.84447214745,115,10.86583149999933,True,2,03_fixed_2500_baselines/raw_runs.csv
Fixed iteration,Dang,VNS,lin318_gen2_m3,1,2500,2500,6089.0,7807.0,22.005892148072242,19290.84447214745,115,10.820620700003929,True,2,03_fixed_2500_baselines/raw_runs.csv
Fixed iteration,Dang,VNS,lin318_gen2_m3,2,2500,2500,6133.0,7807.0,21.442295375944664,19547.87614656051,116,10.791853299997456,True,2,03_fixed_2500_baselines/raw_runs.csv
Fixed iteration,Dang,VNS,lin318_gen2_m3,3,2500,2500,6133.0,7807.0,21.442295375944664,19654.347075112117,116,10.765396499999042,True,2,03_fixed_2500_baselines/raw_runs.csv
Fixed iteration,Dang,VNS,lin318_gen3_m2,0,2500,2500,5012.0,7936.0,36.84475806451613,19260.29200978528,144,21.06180769999628,True,2,03_fixed_2500_baselines/raw_runs.csv
Fixed iteration,Dang,VNS,lin318_gen3_m2,1,2500,2500,5012.0,7936.0,36.84475806451613,19244.35030637201,144,21.14105649999692,True,2,03_fixed_2500_baselines/raw_runs.csv
Fixed iteration,Dang,VNS,lin318_gen3_m2,2,2500,2500,5012.0,7936.0,36.84475806451613,19244.93610797767,144,21.15186010000616,True,2,03_fixed_2500_baselines/raw_runs.csv
Fixed iteration,Dang,VNS,lin318_gen3_m2,3,2500,2500,5012.0,7936.0,36.84475806451613,19244.35030637201,144,21.335102400000324,True,2,03_fixed_2500_baselines/raw_runs.csv
Fixed iteration,Dang,VNS,lin318_gen3_m4,0,2500,2500,2810.0,3797.0,25.99420595206742,18693.94790029758,101,8.406172900002275,True,2,03_fixed_2500_baselines/raw_runs.csv
Fixed iteration,Dang,VNS,lin318_gen3_m4,1,2500,2500,2810.0,3797.0,25.99420595206742,18628.874596764414,101,8.495961300002818,True,2,03_fixed_2500_baselines/raw_runs.csv
Fixed iteration,Dang,VNS,lin318_gen3_m4,2,2500,2500,2810.0,3797.0,25.99420595206742,18722.20772653232,101,8.448520300000382,True,2,03_fixed_2500_baselines/raw_runs.csv
Fixed iteration,Dang,VNS,lin318_gen3_m4,3,2500,2500,2810.0,3797.0,25.99420595206742,18628.874596764414,101,8.439277999998012,True,2,03_fixed_2500_baselines/raw_runs.csv
Fixed iteration,Dang,VNS,pr136_gen1_m2,0,2500,2500,50.0,63.0,20.634920634920636,41103.74068955406,50,1.6347577999986245,True,2,03_fixed_2500_baselines/raw_runs.csv
Fixed iteration,Dang,VNS,pr136_gen1_m2,1,2500,2500,50.0,63.0,20.634920634920636,40969.90523424258,50,1.603814800000691,True,2,03_fixed_2500_baselines/raw_runs.csv
Fixed iteration,Dang,VNS,pr136_gen1_m2,2,2500,2500,51.0,63.0,19.047619047619047,48196.47782839814,51,1.7539816999997129,True,2,03_fixed_2500_baselines/raw_runs.csv
Fixed iteration,Dang,VNS,pr136_gen1_m2,3,2500,2500,51.0,63.0,19.047619047619047,47935.5929103291,51,1.7139833999972325,True,2,03_fixed_2500_baselines/raw_runs.csv
Fixed iteration,Dang,VNS,pr136_gen2_m2,0,2500,2500,3013.0,3646.0,17.361492046077892,46903.82295705693,52,1.9080671000047005,True,2,03_fixed_2500_baselines/raw_runs.csv
Fixed iteration,Dang,VNS,pr136_gen2_m2,1,2500,2500,3101.0,3646.0,14.947888096544158,48266.806372210296,52,1.8739165000006324,True,2,03_fixed_2500_baselines/raw_runs.csv
Fixed iteration,Dang,VNS,pr136_gen2_m2,2,2500,2500,3009.0,3646.0,17.471201316511245,46494.01998226928,51,1.8433673999970777,True,2,03_fixed_2500_baselines/raw_runs.csv
Fixed iteration,Dang,VNS,pr136_gen2_m2,3,2500,2500,3101.0,3646.0,14.947888096544158,48266.806372210296,52,1.8755968999976176,True,2,03_fixed_2500_baselines/raw_runs.csv
Fixed iteration,Dang,VNS,pr264_gen1_m4,0,2500,2500,99.0,107.0,7.4766355140186915,21966.561230295072,99,6.677067300006456,True,2,03_fixed_2500_baselines/raw_runs.csv
Fixed iteration,Dang,VNS,pr264_gen1_m4,1,2500,2500,89.0,107.0,16.822429906542055,21093.48078736675,89,5.219251399998029,True,2,03_fixed_2500_baselines/raw_runs.csv
Fixed iteration,Dang,VNS,pr264_gen1_m4,2,2500,2500,99.0,107.0,7.4766355140186915,23676.40124813994,99,6.6516644000003,True,2,03_fixed_2500_baselines/raw_runs.csv
Fixed iteration,Dang,VNS,pr264_gen1_m4,3,2500,2500,98.0,107.0,8.411214953271028,22778.019545743653,98,6.481894300006388,True,2,03_fixed_2500_baselines/raw_runs.csv
Fixed iteration,Dang,VNS,pr264_gen2_m2,0,2500,2500,5576.0,6635.0,15.960813865862848,21700.672432200965,107,9.870389299998353,True,2,03_fixed_2500_baselines/raw_runs.csv
Fixed iteration,Dang,VNS,pr264_gen2_m2,1,2500,2500,5583.0,6635.0,15.855312735493595,21717.828589957957,108,9.983717800001614,True,2,03_fixed_2500_baselines/raw_runs.csv
Fixed iteration,Dang,VNS,pr264_gen2_m2,2,2500,2500,5583.0,6635.0,15.855312735493595,21717.828589957957,108,9.95630479999818,True,2,03_fixed_2500_baselines/raw_runs.csv
Fixed iteration,Dang,VNS,pr264_gen2_m2,3,2500,2500,5583.0,6635.0,15.855312735493595,21754.66441825818,108,9.960043099999892,True,2,03_fixed_2500_baselines/raw_runs.csv
Fixed iteration,Dang,VNS,pr264_gen2_m3,0,2500,2500,5646.0,6420.0,12.05607476635514,21164.35945257423,108,9.01947740000469,True,2,03_fixed_2500_baselines/raw_runs.csv
Fixed iteration,Dang,VNS,pr264_gen2_m3,1,2500,2500,5646.0,6420.0,12.05607476635514,20975.8415907569,108,9.101489599997876,True,2,03_fixed_2500_baselines/raw_runs.csv
Fixed iteration,Dang,VNS,pr264_gen2_m3,2,2500,2500,5646.0,6420.0,12.05607476635514,20947.741995244178,108,9.039520799997264,True,2,03_fixed_2500_baselines/raw_runs.csv
Fixed iteration,Dang,VNS,pr264_gen2_m3,3,2500,2500,5646.0,6420.0,12.05607476635514,20947.741995244178,108,9.052641700000096,True,2,03_fixed_2500_baselines/raw_runs.csv
Fixed iteration,Dang,VNS,pr264_gen2_m4,0,2500,2500,4641.0,5584.0,16.88753581661891,20707.58884380693,87,5.456138199995621,True,2,03_fixed_2500_baselines/raw_runs.csv
Fixed iteration,Dang,VNS,pr264_gen2_m4,1,2500,2500,4641.0,5584.0,16.88753581661891,20916.000696326115,87,5.459304099997098,True,2,03_fixed_2500_baselines/raw_runs.csv
Fixed iteration,Dang,VNS,pr264_gen2_m4,2,2500,2500,4641.0,5584.0,16.88753581661891,20869.578996185664,87,5.504834300001676,True,2,03_fixed_2500_baselines/raw_runs.csv
Fixed iteration,Dang,VNS,pr264_gen2_m4,3,2500,2500,4641.0,5584.0,16.88753581661891,19942.288088426365,87,5.48119069999666,True,2,03_fixed_2500_baselines/raw_runs.csv
Fixed iteration,Dang,VNS,pr264_gen3_m3,0,2500,2500,2004.0,2772.0,27.705627705627705,20945.6944691827,103,8.592984000002616,True,2,03_fixed_2500_baselines/raw_runs.csv
Fixed iteration,Dang,VNS,pr264_gen3_m3,1,2500,2500,2004.0,2772.0,27.705627705627705,21669.94847738971,103,8.566990100000112,True,2,03_fixed_2500_baselines/raw_runs.csv
Fixed iteration,Dang,VNS,pr264_gen3_m3,2,2500,2500,2004.0,2772.0,27.705627705627705,21038.850664321144,103,8.667997500000638,True,2,03_fixed_2500_baselines/raw_runs.csv
Fixed iteration,Dang,VNS,pr264_gen3_m3,3,2500,2500,2004.0,2772.0,27.705627705627705,21523.25355088829,103,8.544265700002143,True,2,03_fixed_2500_baselines/raw_runs.csv
Fixed iteration,Dang,VNS,pr299_gen1_m2,0,2500,2500,114.0,139.0,17.985611510791365,21823.701242943604,114,12.50789470000018,True,2,03_fixed_2500_baselines/raw_runs.csv
Fixed iteration,Dang,VNS,pr299_gen1_m2,1,2500,2500,114.0,139.0,17.985611510791365,21823.701242943604,114,12.57296900000074,True,2,03_fixed_2500_baselines/raw_runs.csv
Fixed iteration,Dang,VNS,pr299_gen1_m2,2,2500,2500,114.0,139.0,17.985611510791365,21823.701242943604,114,12.31058810000104,True,2,03_fixed_2500_baselines/raw_runs.csv
Fixed iteration,Dang,VNS,pr299_gen1_m2,3,2500,2500,114.0,139.0,17.985611510791365,21823.701242943604,114,12.427495200005067,True,2,03_fixed_2500_baselines/raw_runs.csv
Fixed iteration,Dang,VNS,pr299_gen1_m3,0,2500,2500,98.0,111.0,11.711711711711711,22171.449807186586,98,7.04721260000224,True,2,03_fixed_2500_baselines/raw_runs.csv
Fixed iteration,Dang,VNS,pr299_gen1_m3,1,2500,2500,98.0,111.0,11.711711711711711,22251.77535621632,98,6.969858700002078,True,2,03_fixed_2500_baselines/raw_runs.csv
Fixed iteration,Dang,VNS,pr299_gen1_m3,2,2500,2500,99.0,111.0,10.81081081081081,22443.913013681227,99,6.835598300000129,True,2,03_fixed_2500_baselines/raw_runs.csv
Fixed iteration,Dang,VNS,pr299_gen1_m3,3,2500,2500,98.0,111.0,11.711711711711711,22171.449807186586,98,6.999585000005027,True,2,03_fixed_2500_baselines/raw_runs.csv
Fixed iteration,Dang,VNS,pr299_gen1_m4,0,2500,2500,66.0,84.0,21.428571428571427,21890.20519253738,66,2.9974672999960603,True,2,03_fixed_2500_baselines/raw_runs.csv
Fixed iteration,Dang,VNS,pr299_gen1_m4,1,2500,2500,66.0,84.0,21.428571428571427,21865.323151130146,66,2.9936308000033023,True,2,03_fixed_2500_baselines/raw_runs.csv
Fixed iteration,Dang,VNS,pr299_gen1_m4,2,2500,2500,66.0,84.0,21.428571428571427,21796.00986816076,66,3.004970599999069,True,2,03_fixed_2500_baselines/raw_runs.csv
Fixed iteration,Dang,VNS,pr299_gen1_m4,3,2500,2500,66.0,84.0,21.428571428571427,21796.00986816076,66,2.997349700002814,True,2,03_fixed_2500_baselines/raw_runs.csv
Fixed iteration,Dang,VNS,pr299_gen2_m3,0,2500,2500,5067.0,6018.0,15.80259222333001,22526.33708438497,92,6.356752899999265,True,2,03_fixed_2500_baselines/raw_runs.csv
Fixed iteration,Dang,VNS,pr299_gen2_m3,1,2500,2500,5081.0,6018.0,15.569956796277832,22831.92866374892,91,6.519984200000181,True,2,03_fixed_2500_baselines/raw_runs.csv
Fixed iteration,Dang,VNS,pr299_gen2_m3,2,2500,2500,5067.0,6018.0,15.80259222333001,22713.7304012071,92,6.558167399998638,True,2,03_fixed_2500_baselines/raw_runs.csv
Fixed iteration,Dang,VNS,pr299_gen2_m3,3,2500,2500,5081.0,6018.0,15.569956796277832,22912.94358358695,91,6.493456900003366,True,2,03_fixed_2500_baselines/raw_runs.csv
Fixed iteration,Dang,VNS,pr299_gen2_m4,0,2500,2500,3561.0,4457.0,20.103208436167826,22301.74333271933,68,3.1044645000001765,True,2,03_fixed_2500_baselines/raw_runs.csv
Fixed iteration,Dang,VNS,pr299_gen2_m4,1,2500,2500,3561.0,4457.0,20.103208436167826,22130.876345763983,68,3.1020853000009083,True,2,03_fixed_2500_baselines/raw_runs.csv
Fixed iteration,Dang,VNS,pr299_gen2_m4,2,2500,2500,3561.0,4457.0,20.103208436167826,22301.74333271933,68,3.103964599999017,True,2,03_fixed_2500_baselines/raw_runs.csv
Fixed iteration,Dang,VNS,pr299_gen2_m4,3,2500,2500,3561.0,4457.0,20.103208436167826,22301.74333271933,68,3.0976431999952183,True,2,03_fixed_2500_baselines/raw_runs.csv
Fixed iteration,Dang,VNS,pr299_gen3_m2,0,2500,2500,3532.0,5729.0,38.34875196369349,21853.041109135367,114,11.73557539999456,True,2,03_fixed_2500_baselines/raw_runs.csv
Fixed iteration,Dang,VNS,pr299_gen3_m2,1,2500,2500,3532.0,5729.0,38.34875196369349,21853.041109135367,114,11.792687600005593,True,2,03_fixed_2500_baselines/raw_runs.csv
Fixed iteration,Dang,VNS,pr299_gen3_m2,2,2500,2500,3532.0,5729.0,38.34875196369349,21853.041109135367,114,11.808084500000405,True,2,03_fixed_2500_baselines/raw_runs.csv
Fixed iteration,Dang,VNS,pr299_gen3_m2,3,2500,2500,3532.0,5729.0,38.34875196369349,21853.041109135367,114,11.877628399997777,True,2,03_fixed_2500_baselines/raw_runs.csv
Fixed iteration,Dang,VNS,pr299_gen3_m3,0,2500,2500,2607.0,3655.0,28.673050615595074,21514.8507438863,92,6.6544512000036775,True,2,03_fixed_2500_baselines/raw_runs.csv
Fixed iteration,Dang,VNS,pr299_gen3_m3,1,2500,2500,2607.0,3655.0,28.673050615595074,21518.7810162739,92,6.662571000000753,True,2,03_fixed_2500_baselines/raw_runs.csv
Fixed iteration,Dang,VNS,pr299_gen3_m3,2,2500,2500,2607.0,3655.0,28.673050615595074,21518.7810162739,92,6.671481199999107,True,2,03_fixed_2500_baselines/raw_runs.csv
Fixed iteration,Dang,VNS,pr299_gen3_m3,3,2500,2500,2607.0,3655.0,28.673050615595074,21514.8507438863,92,6.649636100002681,True,2,03_fixed_2500_baselines/raw_runs.csv
Fixed iteration,Dang,VNS,pr299_gen3_m4,0,2500,2500,1627.0,2268.0,28.26278659611993,20612.29371911053,67,3.2035504000014043,True,2,03_fixed_2500_baselines/raw_runs.csv
Fixed iteration,Dang,VNS,pr299_gen3_m4,1,2500,2500,1627.0,2268.0,28.26278659611993,21782.44891398685,67,3.186134800002037,True,2,03_fixed_2500_baselines/raw_runs.csv
Fixed iteration,Dang,VNS,pr299_gen3_m4,2,2500,2500,1627.0,2268.0,28.26278659611993,21784.946072713978,67,3.1807554999977583,True,2,03_fixed_2500_baselines/raw_runs.csv
Fixed iteration,Dang,VNS,pr299_gen3_m4,3,2500,2500,1627.0,2268.0,28.26278659611993,21782.44891398685,67,3.175142500003858,True,2,03_fixed_2500_baselines/raw_runs.csv
Fixed iteration,Dang,VNS,rat195_gen2_m2,0,2500,2500,4262.0,5148.0,17.21056721056721,1153.8899240459114,74,3.973583400002098,True,2,03_fixed_2500_baselines/raw_runs.csv
Fixed iteration,Dang,VNS,rat195_gen2_m2,1,2500,2500,4225.0,5148.0,17.92929292929293,1131.0865276013606,75,3.9610605999987456,True,2,03_fixed_2500_baselines/raw_runs.csv
Fixed iteration,Dang,VNS,rat195_gen2_m2,2,2500,2500,4280.0,5148.0,16.86091686091686,1155.1795013294054,76,4.051812500001688,True,2,03_fixed_2500_baselines/raw_runs.csv
Fixed iteration,Dang,VNS,rat195_gen2_m2,3,2500,2500,4271.0,5148.0,17.035742035742036,1130.252146620414,76,4.055508199999167,True,2,03_fixed_2500_baselines/raw_runs.csv
Fixed iteration,Dang,VNS,rat195_gen3_m3,0,2500,2500,2051.0,2574.0,20.31857031857032,1061.0286698051552,73,3.639220099998056,True,2,03_fixed_2500_baselines/raw_runs.csv
Fixed iteration,Dang,VNS,rat195_gen3_m3,1,2500,2500,2051.0,2574.0,20.31857031857032,1061.0286698051552,73,3.659627300003194,True,2,03_fixed_2500_baselines/raw_runs.csv
Fixed iteration,Dang,VNS,rat195_gen3_m3,2,2500,2500,2051.0,2574.0,20.31857031857032,1061.0286698051552,73,3.719441100001859,True,2,03_fixed_2500_baselines/raw_runs.csv
Fixed iteration,Dang,VNS,rat195_gen3_m3,3,2500,2500,2051.0,2574.0,20.31857031857032,1061.0286698051552,73,3.7437499000006937,True,2,03_fixed_2500_baselines/raw_runs.csv
Fixed iteration,Dang,VNS,rd400_gen1_m2,0,2500,2500,185.0,232.0,20.25862068965517,7494.364650336134,185,46.15788149999571,True,2,03_fixed_2500_baselines/raw_runs.csv
Fixed iteration,Dang,VNS,rd400_gen1_m2,1,2500,2500,186.0,232.0,19.82758620689655,7511.630257142947,186,46.16255039999669,True,2,03_fixed_2500_baselines/raw_runs.csv
Fixed iteration,Dang,VNS,rd400_gen1_m2,2,2500,2500,185.0,232.0,20.25862068965517,7472.558714689587,185,45.74638669999695,True,2,03_fixed_2500_baselines/raw_runs.csv
Fixed iteration,Dang,VNS,rd400_gen1_m2,3,2500,2500,183.0,232.0,21.120689655172413,7397.189694243072,183,45.68473869999434,True,2,03_fixed_2500_baselines/raw_runs.csv
Fixed iteration,Dang,VNS,rd400_gen1_m3,0,2500,2500,182.0,224.0,18.75,7340.332243849043,182,41.45989460000419,True,2,03_fixed_2500_baselines/raw_runs.csv
Fixed iteration,Dang,VNS,rd400_gen1_m3,1,2500,2500,182.0,224.0,18.75,7326.846881104137,182,41.5432965,True,2,03_fixed_2500_baselines/raw_runs.csv
Fixed iteration,Dang,VNS,rd400_gen1_m3,2,2500,2500,182.0,224.0,18.75,7275.278947941694,182,41.49414940000133,True,2,03_fixed_2500_baselines/raw_runs.csv
Fixed iteration,Dang,VNS,rd400_gen1_m3,3,2500,2500,183.0,224.0,18.303571428571427,7451.70861072725,183,41.05522100000235,True,2,03_fixed_2500_baselines/raw_runs.csv
Fixed iteration,Dang,VNS,rd400_gen1_m4,0,2500,2500,172.0,213.0,19.248826291079812,7304.304098036741,172,33.14045549999719,True,2,03_fixed_2500_baselines/raw_runs.csv
Fixed iteration,Dang,VNS,rd400_gen1_m4,1,2500,2500,172.0,213.0,19.248826291079812,7304.304098036741,172,32.723655699999654,True,2,03_fixed_2500_baselines/raw_runs.csv
Fixed iteration,Dang,VNS,rd400_gen1_m4,2,2500,2500,173.0,213.0,18.779342723004696,7355.549022414023,173,32.77701920000254,True,2,03_fixed_2500_baselines/raw_runs.csv
Fixed iteration,Dang,VNS,rd400_gen1_m4,3,2500,2500,173.0,213.0,18.779342723004696,7355.549022414023,173,33.725934200003394,True,2,03_fixed_2500_baselines/raw_runs.csv
Fixed iteration,Dang,VNS,rd400_gen2_m2,0,2500,2500,10999.0,13045.0,15.68417018014565,7606.00467658161,184,46.776387999998406,True,2,03_fixed_2500_baselines/raw_runs.csv
Fixed iteration,Dang,VNS,rd400_gen2_m2,1,2500,2500,10895.0,13045.0,16.481410502108087,7508.307467192015,181,44.90877940000064,True,2,03_fixed_2500_baselines/raw_runs.csv
Fixed iteration,Dang,VNS,rd400_gen2_m2,2,2500,2500,10893.0,13045.0,16.496742046761213,7600.338993769213,180,43.64318579999963,True,2,03_fixed_2500_baselines/raw_runs.csv
Fixed iteration,Dang,VNS,rd400_gen2_m2,3,2500,2500,10915.0,13045.0,16.32809505557685,7546.312972979213,183,46.13046310000209,True,2,03_fixed_2500_baselines/raw_runs.csv
Fixed iteration,Dang,VNS,rd400_gen2_m3,0,2500,2500,9680.0,12646.0,23.45405661869366,7576.388003426018,170,32.30890119999822,True,2,03_fixed_2500_baselines/raw_runs.csv
Fixed iteration,Dang,VNS,rd400_gen2_m3,1,2500,2500,9680.0,12646.0,23.45405661869366,7542.311418241138,170,32.34048959999927,True,2,03_fixed_2500_baselines/raw_runs.csv
Fixed iteration,Dang,VNS,rd400_gen2_m3,2,2500,2500,9667.0,12646.0,23.556855922821445,7603.529218725661,168,32.277084500005,True,2,03_fixed_2500_baselines/raw_runs.csv
Fixed iteration,Dang,VNS,rd400_gen2_m3,3,2500,2500,9753.0,12646.0,22.876798987822237,7589.972617019554,164,31.34537850000197,True,2,03_fixed_2500_baselines/raw_runs.csv
Fixed iteration,Dang,VNS,rd400_gen2_m4,0,2500,2500,9499.0,12032.0,21.05219414893617,7345.538462409594,168,31.39689799999905,True,2,03_fixed_2500_baselines/raw_runs.csv
Fixed iteration,Dang,VNS,rd400_gen2_m4,1,2500,2500,9511.0,12032.0,20.95246010638298,7321.351225668031,170,31.78755440000532,True,2,03_fixed_2500_baselines/raw_runs.csv
Fixed iteration,Dang,VNS,rd400_gen2_m4,2,2500,2500,9467.0,12032.0,21.31815159574468,7354.575500322996,168,30.440787899999123,True,2,03_fixed_2500_baselines/raw_runs.csv
Fixed iteration,Dang,VNS,rd400_gen2_m4,3,2500,2500,9510.0,12032.0,20.960771276595743,7342.672205696557,169,31.48600350000197,True,2,03_fixed_2500_baselines/raw_runs.csv
Fixed iteration,Dang,VNS,rd400_gen3_m2,0,2500,2500,8604.0,12431.0,30.78593837985681,7043.469996020152,180,42.5898040999964,True,2,03_fixed_2500_baselines/raw_runs.csv
Fixed iteration,Dang,VNS,rd400_gen3_m2,1,2500,2500,8604.0,12431.0,30.78593837985681,7044.023271640706,180,42.26505590000306,True,2,03_fixed_2500_baselines/raw_runs.csv
Fixed iteration,Dang,VNS,rd400_gen3_m2,2,2500,2500,8604.0,12431.0,30.78593837985681,7043.469996020152,180,42.443162200004735,True,2,03_fixed_2500_baselines/raw_runs.csv
Fixed iteration,Dang,VNS,rd400_gen3_m2,3,2500,2500,8604.0,12431.0,30.78593837985681,7044.023271640706,180,42.311376999998174,True,2,03_fixed_2500_baselines/raw_runs.csv
Fixed iteration,Dang,VNS,rd400_gen3_m3,0,2500,2500,9373.0,11639.0,19.469026548672566,7293.085308265495,187,43.02233479999995,True,2,03_fixed_2500_baselines/raw_runs.csv
Fixed iteration,Dang,VNS,rd400_gen3_m3,1,2500,2500,9432.0,11639.0,18.962110146919837,7316.9700740880835,189,43.82531000000017,True,2,03_fixed_2500_baselines/raw_runs.csv
Fixed iteration,Dang,VNS,rd400_gen3_m3,2,2500,2500,9430.0,11639.0,18.979293753758913,7300.714760392914,188,43.12648609999451,True,2,03_fixed_2500_baselines/raw_runs.csv
Fixed iteration,Dang,VNS,rd400_gen3_m3,3,2500,2500,9393.0,11639.0,19.29719048028181,7308.170176910855,184,42.44087109999964,True,2,03_fixed_2500_baselines/raw_runs.csv
Fixed iteration,Dang,VNS,rd400_gen3_m4,0,2500,2500,7670.0,10436.0,26.504407819087774,7326.752901324649,180,36.096150400000624,True,2,03_fixed_2500_baselines/raw_runs.csv
Fixed iteration,Dang,VNS,rd400_gen3_m4,1,2500,2500,7651.0,10436.0,26.68646991184362,7329.597029563707,179,36.08464160000585,True,2,03_fixed_2500_baselines/raw_runs.csv
Fixed iteration,Dang,VNS,rd400_gen3_m4,2,2500,2500,7881.0,10436.0,24.48256036795707,7435.56909272198,183,40.024404100004176,True,2,03_fixed_2500_baselines/raw_runs.csv
Fixed iteration,Dang,VNS,rd400_gen3_m4,3,2500,2500,7726.0,10436.0,25.96780375622844,7404.520580742841,180,36.11160540000128,True,2,03_fixed_2500_baselines/raw_runs.csv
Fixed iteration,Dang,VNS,ts225_gen2_m2,0,2500,2500,4780.0,5859.0,18.416111964499063,60374.37446033116,89,6.08100800000102,True,2,03_fixed_2500_baselines/raw_runs.csv
Fixed iteration,Dang,VNS,ts225_gen2_m2,1,2500,2500,4780.0,5859.0,18.416111964499063,60374.37446033116,89,6.01622540000244,True,2,03_fixed_2500_baselines/raw_runs.csv
Fixed iteration,Dang,VNS,ts225_gen2_m2,2,2500,2500,4780.0,5859.0,18.416111964499063,60374.37446033116,89,5.959881299997505,True,2,03_fixed_2500_baselines/raw_runs.csv
Fixed iteration,Dang,VNS,ts225_gen2_m2,3,2500,2500,4780.0,5859.0,18.416111964499063,60374.37446033116,89,5.941577400000824,True,2,03_fixed_2500_baselines/raw_runs.csv
