Protocol,Algorithm,Instance,Seed,Reference_Iterations,Budget_Seconds,Effective_Time_Limit_Seconds,Completed_Iterations,Reward,BKS,BKS_Gap_Percent_Source,Total_Distance,Visited_Customers,Runtime_Seconds,Runtime_Slack_Seconds,Within_Budget,Timed_Out,Stop_Status,Feasible,Source_Record
Runtime-budget comparison,Ejection ON fixed-iteration reference,bier127_gen1_m2,0,2500,26.947047625000096,,2500,104.0,106.0,1.8867924528301887,58575.27109459401,,27.732927299999574,,,,fixed_iteration_reference,True,runtime_reference_from_fixed:1
Runtime-budget comparison,Ejection ON fixed-iteration reference,bier127_gen1_m2,1,2500,26.947047625000096,,2500,102.0,106.0,3.7735849056603774,57086.18545069445,,26.72248370000034,,,,fixed_iteration_reference,True,runtime_reference_from_fixed:2
Runtime-budget comparison,Ejection ON fixed-iteration reference,bier127_gen1_m2,2,2500,26.947047625000096,,2500,105.0,106.0,0.9433962264150944,58066.29753296581,,27.013175500000216,,,,fixed_iteration_reference,True,runtime_reference_from_fixed:3
Runtime-budget comparison,Ejection ON fixed-iteration reference,bier127_gen1_m2,3,2500,26.947047625000096,,2500,103.0,106.0,2.830188679245283,58611.19066206626,,26.319604000000254,,,,fixed_iteration_reference,True,runtime_reference_from_fixed:4
Runtime-budget comparison,Ejection ON fixed-iteration reference,bier127_gen1_m3,0,2500,22.197212824999724,,2500,102.0,103.0,0.970873786407767,58371.867980361814,,22.32604469999933,,,,fixed_iteration_reference,True,runtime_reference_from_fixed:5
Runtime-budget comparison,Ejection ON fixed-iteration reference,bier127_gen1_m3,1,2500,22.197212824999724,,2500,102.0,103.0,0.970873786407767,58452.52500027385,,22.296099899999717,,,,fixed_iteration_reference,True,runtime_reference_from_fixed:6
Runtime-budget comparison,Ejection ON fixed-iteration reference,bier127_gen1_m3,2,2500,22.197212824999724,,2500,101.0,103.0,1.941747572815534,56597.475316419535,,21.151575399999274,,,,fixed_iteration_reference,True,runtime_reference_from_fixed:7
Runtime-budget comparison,Ejection ON fixed-iteration reference,bier127_gen1_m3,3,2500,22.197212824999724,,2500,101.0,103.0,1.941747572815534,57659.98185873368,,23.015131300000576,,,,fixed_iteration_reference,True,runtime_reference_from_fixed:8
Runtime-budget comparison,Ejection ON fixed-iteration reference,bier127_gen2_m2,0,2500,39.04240269999991,,2500,5407.0,5464.0,1.0431918008784773,58925.902848167156,,40.26216219999969,,,,fixed_iteration_reference,True,runtime_reference_from_fixed:9
Runtime-budget comparison,Ejection ON fixed-iteration reference,bier127_gen2_m2,1,2500,39.04240269999991,,2500,5431.0,5464.0,0.6039531478770132,58820.97854448079,,37.9047558000002,,,,fixed_iteration_reference,True,runtime_reference_from_fixed:10
Runtime-budget comparison,Ejection ON fixed-iteration reference,bier127_gen2_m2,2,2500,39.04240269999991,,2500,5404.0,5464.0,1.0980966325036603,58926.802697340136,,43.13470060000054,,,,fixed_iteration_reference,True,runtime_reference_from_fixed:11
Runtime-budget comparison,Ejection ON fixed-iteration reference,bier127_gen2_m2,3,2500,39.04240269999991,,2500,5400.0,5464.0,1.171303074670571,58983.12211178806,,34.86799219999921,,,,fixed_iteration_reference,True,runtime_reference_from_fixed:12
Runtime-budget comparison,Ejection ON fixed-iteration reference,bier127_gen2_m3,0,2500,25.10175977499989,,2500,5164.0,5393.0,4.246245132579269,59111.61386207455,,25.82193229999939,,,,fixed_iteration_reference,True,runtime_reference_from_fixed:13
Runtime-budget comparison,Ejection ON fixed-iteration reference,bier127_gen2_m3,1,2500,25.10175977499989,,2500,5154.0,5393.0,4.431670684220285,59084.078870365054,,24.008132699999805,,,,fixed_iteration_reference,True,runtime_reference_from_fixed:14
Runtime-budget comparison,Ejection ON fixed-iteration reference,bier127_gen2_m3,2,2500,25.10175977499989,,2500,5140.0,5393.0,4.691266456517708,59015.87175693999,,24.645524800000203,,,,fixed_iteration_reference,True,runtime_reference_from_fixed:15
Runtime-budget comparison,Ejection ON fixed-iteration reference,bier127_gen2_m3,3,2500,25.10175977499989,,2500,5310.0,5393.0,1.539032078620434,58721.38589446632,,25.931449300000168,,,,fixed_iteration_reference,True,runtime_reference_from_fixed:16
Runtime-budget comparison,Ejection ON fixed-iteration reference,bier127_gen2_m4,0,2500,23.99965545000032,,2500,5057.0,5123.0,1.2883076322467304,58842.626290453285,,22.55556440000055,,,,fixed_iteration_reference,True,runtime_reference_from_fixed:17
Runtime-budget comparison,Ejection ON fixed-iteration reference,bier127_gen2_m4,1,2500,23.99965545000032,,2500,5035.0,5123.0,1.7177435096623073,58573.041563449464,,24.678128399999878,,,,fixed_iteration_reference,True,runtime_reference_from_fixed:18
Runtime-budget comparison,Ejection ON fixed-iteration reference,bier127_gen2_m4,2,2500,23.99965545000032,,2500,5054.0,5123.0,1.3468670700761272,58754.68399934002,,21.989123100000143,,,,fixed_iteration_reference,True,runtime_reference_from_fixed:19
Runtime-budget comparison,Ejection ON fixed-iteration reference,bier127_gen2_m4,3,2500,23.99965545000032,,2500,5037.0,5123.0,1.6787038844427093,58820.49738882729,,26.775805900000705,,,,fixed_iteration_reference,True,runtime_reference_from_fixed:20
Runtime-budget comparison,Ejection ON fixed-iteration reference,bier127_gen3_m2,0,2500,44.40461825000011,,2500,2885.0,2885.0,0.0,59057.74364775776,,41.814646699999685,,,,fixed_iteration_reference,True,runtime_reference_from_fixed:21
Runtime-budget comparison,Ejection ON fixed-iteration reference,bier127_gen3_m2,1,2500,44.40461825000011,,2500,2885.0,2885.0,0.0,59057.74364775776,,42.593774900000426,,,,fixed_iteration_reference,True,runtime_reference_from_fixed:22
Runtime-budget comparison,Ejection ON fixed-iteration reference,bier127_gen3_m2,2,2500,44.40461825000011,,2500,2704.0,2885.0,6.273830155979203,58947.29947985023,,40.05691850000039,,,,fixed_iteration_reference,True,runtime_reference_from_fixed:23
Runtime-budget comparison,Ejection ON fixed-iteration reference,bier127_gen3_m2,3,2500,44.40461825000011,,2500,2825.0,2885.0,2.079722703639515,59072.273813976586,,53.153132899999946,,,,fixed_iteration_reference,True,runtime_reference_from_fixed:24
Runtime-budget comparison,Ejection ON fixed-iteration reference,bier127_gen3_m3,0,2500,37.86989892500014,,2500,2690.0,2706.0,0.5912786400591279,58945.63125475195,,35.20747779999965,,,,fixed_iteration_reference,True,runtime_reference_from_fixed:25
Runtime-budget comparison,Ejection ON fixed-iteration reference,bier127_gen3_m3,1,2500,37.86989892500014,,2500,2662.0,2706.0,1.6260162601626016,59015.25180854664,,40.28922020000027,,,,fixed_iteration_reference,True,runtime_reference_from_fixed:26
Runtime-budget comparison,Ejection ON fixed-iteration reference,bier127_gen3_m3,2,2500,37.86989892500014,,2500,2675.0,2706.0,1.1456023651145602,58713.348067394625,,35.41588000000047,,,,fixed_iteration_reference,True,runtime_reference_from_fixed:27
Runtime-budget comparison,Ejection ON fixed-iteration reference,bier127_gen3_m3,3,2500,37.86989892500014,,2500,2662.0,2706.0,1.6260162601626016,59015.25180854664,,40.56701770000018,,,,fixed_iteration_reference,True,runtime_reference_from_fixed:28
Runtime-budget comparison,Ejection ON fixed-iteration reference,bier127_gen3_m4,0,2500,28.300104599999713,,2500,2345.0,2402.0,2.373022481265612,58892.20354452245,,29.33802409999953,,,,fixed_iteration_reference,True,runtime_reference_from_fixed:29
Runtime-budget comparison,Ejection ON fixed-iteration reference,bier127_gen3_m4,1,2500,28.300104599999713,,2500,2287.0,2402.0,4.787676935886761,58463.939785095325,,31.488095499999872,,,,fixed_iteration_reference,True,runtime_reference_from_fixed:30
Runtime-budget comparison,Ejection ON fixed-iteration reference,bier127_gen3_m4,2,2500,28.300104599999713,,2500,2402.0,2402.0,0.0,59081.36899671893,,26.955601699999534,,,,fixed_iteration_reference,True,runtime_reference_from_fixed:31
Runtime-budget comparison,Ejection ON fixed-iteration reference,bier127_gen3_m4,3,2500,28.300104599999713,,2500,2238.0,2402.0,6.827643630308077,58995.22142271509,,25.418697099999918,,,,fixed_iteration_reference,True,runtime_reference_from_fixed:32
Runtime-budget comparison,Ejection ON fixed-iteration reference,cmt101c_m3,0,2500,13.720634825000161,,2500,1290.0,1300.0,0.7692307692307693,374.4411391775405,,13.84614529999999,,,,fixed_iteration_reference,True,runtime_reference_from_fixed:33
Runtime-budget comparison,Ejection ON fixed-iteration reference,cmt101c_m3,1,2500,13.720634825000161,,2500,1290.0,1300.0,0.7692307692307693,374.4411391775405,,13.629731300000458,,,,fixed_iteration_reference,True,runtime_reference_from_fixed:34
Runtime-budget comparison,Ejection ON fixed-iteration reference,cmt101c_m3,2,2500,13.720634825000161,,2500,1270.0,1300.0,2.3076923076923075,371.5101678759631,,14.173377199999777,,,,fixed_iteration_reference,True,runtime_reference_from_fixed:35
Runtime-budget comparison,Ejection ON fixed-iteration reference,cmt101c_m3,3,2500,13.720634825000161,,2500,1280.0,1300.0,1.5384615384615385,373.09381572127904,,13.23328550000042,,,,fixed_iteration_reference,True,runtime_reference_from_fixed:36
Runtime-budget comparison,Ejection ON fixed-iteration reference,cmt151b_m3,0,2500,23.452230249999957,,2500,1375.0,1385.0,0.7220216606498195,348.8651427871017,,23.80561779999971,,,,fixed_iteration_reference,True,runtime_reference_from_fixed:37
Runtime-budget comparison,Ejection ON fixed-iteration reference,cmt151b_m3,1,2500,23.452230249999957,,2500,1382.0,1385.0,0.21660649819494585,348.96181239993643,,22.270090300000447,,,,fixed_iteration_reference,True,runtime_reference_from_fixed:38
Runtime-budget comparison,Ejection ON fixed-iteration reference,cmt151b_m3,2,2500,23.452230249999957,,2500,1370.0,1385.0,1.0830324909747293,348.2333685014396,,25.205119399999603,,,,fixed_iteration_reference,True,runtime_reference_from_fixed:39
Runtime-budget comparison,Ejection ON fixed-iteration reference,cmt151b_m3,3,2500,23.452230249999957,,2500,1381.0,1385.0,0.2888086642599278,347.69852987842677,,22.528093500000068,,,,fixed_iteration_reference,True,runtime_reference_from_fixed:40
Runtime-budget comparison,Ejection ON fixed-iteration reference,cmt151c_m2,0,2500,35.23979887500013,,2500,1923.0,1964.0,2.0875763747454177,524.6912175483026,,35.8441870000006,,,,fixed_iteration_reference,True,runtime_reference_from_fixed:41
Runtime-budget comparison,Ejection ON fixed-iteration reference,cmt151c_m2,1,2500,35.23979887500013,,2500,1940.0,1964.0,1.2219959266802445,523.9449203698045,,35.23927879999974,,,,fixed_iteration_reference,True,runtime_reference_from_fixed:42
Runtime-budget comparison,Ejection ON fixed-iteration reference,cmt151c_m2,2,2500,35.23979887500013,,2500,1933.0,1964.0,1.5784114052953158,524.2939536608048,,34.34451759999956,,,,fixed_iteration_reference,True,runtime_reference_from_fixed:43
Runtime-budget comparison,Ejection ON fixed-iteration reference,cmt151c_m2,3,2500,35.23979887500013,,2500,1909.0,1964.0,2.8004073319755602,524.3435144073261,,35.53121210000063,,,,fixed_iteration_reference,True,runtime_reference_from_fixed:44
Runtime-budget comparison,Ejection ON fixed-iteration reference,cmt151c_m3,0,2500,29.997989475000168,,2500,1897.0,1916.0,0.9916492693110647,522.748372997792,,29.21036970000023,,,,fixed_iteration_reference,True,runtime_reference_from_fixed:45
Runtime-budget comparison,Ejection ON fixed-iteration reference,cmt151c_m3,1,2500,29.997989475000168,,2500,1896.0,1916.0,1.0438413361169103,523.9915345385451,,30.480935400000817,,,,fixed_iteration_reference,True,runtime_reference_from_fixed:46
Runtime-budget comparison,Ejection ON fixed-iteration reference,cmt151c_m3,2,2500,29.997989475000168,,2500,1902.0,1916.0,0.7306889352818372,523.6840972233983,,30.176961400000437,,,,fixed_iteration_reference,True,runtime_reference_from_fixed:47
Runtime-budget comparison,Ejection ON fixed-iteration reference,cmt151c_m3,3,2500,29.997989475000168,,2500,1900.0,1916.0,0.8350730688935282,524.149193912026,,30.12369139999919,,,,fixed_iteration_reference,True,runtime_reference_from_fixed:48
Runtime-budget comparison,Ejection ON fixed-iteration reference,cmt151c_m4,0,2500,25.793135625000104,,2500,1874.0,1880.0,0.3191489361702128,523.049219410601,,25.897172699999828,,,,fixed_iteration_reference,True,runtime_reference_from_fixed:49
Runtime-budget comparison,Ejection ON fixed-iteration reference,cmt151c_m4,1,2500,25.793135625000104,,2500,1876.0,1880.0,0.2127659574468085,522.8139992597775,,24.938399000000572,,,,fixed_iteration_reference,True,runtime_reference_from_fixed:50
Runtime-budget comparison,Ejection ON fixed-iteration reference,cmt151c_m4,2,2500,25.793135625000104,,2500,1858.0,1880.0,1.1702127659574468,522.3182957457698,,26.90890750000017,,,,fixed_iteration_reference,True,runtime_reference_from_fixed:51
Runtime-budget comparison,Ejection ON fixed-iteration reference,cmt151c_m4,3,2500,25.793135625000104,,2500,1767.0,1880.0,6.01063829787234,523.1681611381998,,25.42806329999985,,,,fixed_iteration_reference,True,runtime_reference_from_fixed:52
Runtime-budget comparison,Ejection ON fixed-iteration reference,cmt200b_m2,0,2500,61.60824172499974,,2500,2063.0,2096.0,1.5744274809160306,381.224640405008,,64.32199949999995,,,,fixed_iteration_reference,True,runtime_reference_from_fixed:53
Runtime-budget comparison,Ejection ON fixed-iteration reference,cmt200b_m2,1,2500,61.60824172499974,,2500,2018.0,2096.0,3.7213740458015265,380.6311088144404,,66.92224769999939,,,,fixed_iteration_reference,True,runtime_reference_from_fixed:54
Runtime-budget comparison,Ejection ON fixed-iteration reference,cmt200b_m2,2,2500,61.60824172499974,,2500,2039.0,2096.0,2.719465648854962,381.2903359171087,,59.54339559999971,,,,fixed_iteration_reference,True,runtime_reference_from_fixed:55
Runtime-budget comparison,Ejection ON fixed-iteration reference,cmt200b_m2,3,2500,61.60824172499974,,2500,2036.0,2096.0,2.8625954198473282,381.1679685333454,,55.645324099999925,,,,fixed_iteration_reference,True,runtime_reference_from_fixed:56
Runtime-budget comparison,Ejection ON fixed-iteration reference,cmt200b_m3,0,2500,43.168239249999715,,2500,1946.0,2019.0,3.615651312530956,380.44600158782566,,43.13284889999977,,,,fixed_iteration_reference,True,runtime_reference_from_fixed:57
Runtime-budget comparison,Ejection ON fixed-iteration reference,cmt200b_m3,1,2500,43.168239249999715,,2500,1959.0,2019.0,2.971768202080238,381.6777542557919,,45.029535399999986,,,,fixed_iteration_reference,True,runtime_reference_from_fixed:58
Runtime-budget comparison,Ejection ON fixed-iteration reference,cmt200b_m3,2,2500,43.168239249999715,,2500,1957.0,2019.0,3.070827142149579,381.35774626398745,,42.554598499999884,,,,fixed_iteration_reference,True,runtime_reference_from_fixed:59
Runtime-budget comparison,Ejection ON fixed-iteration reference,cmt200b_m3,3,2500,43.168239249999715,,2500,1918.0,2019.0,5.0024764735017335,381.28196960843115,,41.95597419999922,,,,fixed_iteration_reference,True,runtime_reference_from_fixed:60
Runtime-budget comparison,Ejection ON fixed-iteration reference,cmt200b_m4,0,2500,36.43267667500004,,2500,1878.0,1894.0,0.8447729672650475,380.90820316151076,,35.57871780000005,,,,fixed_iteration_reference,True,runtime_reference_from_fixed:61
Runtime-budget comparison,Ejection ON fixed-iteration reference,cmt200b_m4,1,2500,36.43267667500004,,2500,1862.0,1894.0,1.689545934530095,379.4008951262061,,37.01170490000004,,,,fixed_iteration_reference,True,runtime_reference_from_fixed:62
Runtime-budget comparison,Ejection ON fixed-iteration reference,cmt200b_m4,2,2500,36.43267667500004,,2500,1878.0,1894.0,0.8447729672650475,380.741372844569,,36.432248600000094,,,,fixed_iteration_reference,True,runtime_reference_from_fixed:63
Runtime-budget comparison,Ejection ON fixed-iteration reference,cmt200b_m4,3,2500,36.43267667500004,,2500,1874.0,1894.0,1.0559662090813093,380.22814867254544,,36.70803539999997,,,,fixed_iteration_reference,True,runtime_reference_from_fixed:64
Runtime-budget comparison,Ejection ON fixed-iteration reference,cmt200c_m2,0,2500,74.74050765000015,,2500,2767.0,2818.0,1.8097941802696949,572.1010645074937,,78.94172010000057,,,,fixed_iteration_reference,True,runtime_reference_from_fixed:65
Runtime-budget comparison,Ejection ON fixed-iteration reference,cmt200c_m2,1,2500,74.74050765000015,,2500,2731.0,2818.0,3.0872959545777148,572.542915471475,,69.8921250000003,,,,fixed_iteration_reference,True,runtime_reference_from_fixed:66
Runtime-budget comparison,Ejection ON fixed-iteration reference,cmt200c_m2,2,2500,74.74050765000015,,2500,2762.0,2818.0,1.98722498225692,572.3973072144593,,74.73213179999948,,,,fixed_iteration_reference,True,runtime_reference_from_fixed:67
Runtime-budget comparison,Ejection ON fixed-iteration reference,cmt200c_m2,3,2500,74.74050765000015,,2500,2757.0,2818.0,2.164655784244145,572.0332137855994,,75.39605370000027,,,,fixed_iteration_reference,True,runtime_reference_from_fixed:68
Runtime-budget comparison,Ejection ON fixed-iteration reference,cmt200c_m3,0,2500,57.302805800000215,,2500,2685.0,2766.0,2.928416485900217,572.0541223032262,,54.01242710000042,,,,fixed_iteration_reference,True,runtime_reference_from_fixed:69
Runtime-budget comparison,Ejection ON fixed-iteration reference,cmt200c_m3,1,2500,57.302805800000215,,2500,2740.0,2766.0,0.9399855386840202,569.8510468392009,,56.219893800000136,,,,fixed_iteration_reference,True,runtime_reference_from_fixed:70
Runtime-budget comparison,Ejection ON fixed-iteration reference,cmt200c_m3,2,2500,57.302805800000215,,2500,2726.0,2766.0,1.4461315979754157,570.4135138720442,,61.94919990000017,,,,fixed_iteration_reference,True,runtime_reference_from_fixed:71
Runtime-budget comparison,Ejection ON fixed-iteration reference,cmt200c_m3,3,2500,57.302805800000215,,2500,2703.0,2766.0,2.27765726681128,572.3761254148017,,57.02970240000013,,,,fixed_iteration_reference,True,runtime_reference_from_fixed:72
Runtime-budget comparison,Ejection ON fixed-iteration reference,cmt200c_m4,0,2500,49.67051197500018,,2500,2695.0,2712.0,0.6268436578171092,570.7992431815844,,48.01568090000001,,,,fixed_iteration_reference,True,runtime_reference_from_fixed:73
Runtime-budget comparison,Ejection ON fixed-iteration reference,cmt200c_m4,1,2500,49.67051197500018,,2500,2655.0,2712.0,2.101769911504425,571.6361733736105,,50.869472500000484,,,,fixed_iteration_reference,True,runtime_reference_from_fixed:74
Runtime-budget comparison,Ejection ON fixed-iteration reference,cmt200c_m4,2,2500,49.67051197500018,,2500,2702.0,2712.0,0.3687315634218289,571.4432565067874,,46.44190720000006,,,,fixed_iteration_reference,True,runtime_reference_from_fixed:75
Runtime-budget comparison,Ejection ON fixed-iteration reference,cmt200c_m4,3,2500,49.67051197500018,,2500,2669.0,2712.0,1.5855457227138643,569.3050643477375,,53.354987300000175,,,,fixed_iteration_reference,True,runtime_reference_from_fixed:76
Runtime-budget comparison,Ejection ON fixed-iteration reference,eil101b_m3,0,2500,11.140341025000225,,2500,905.0,916.0,1.2008733624454149,312.74781205699367,,10.589640200000758,,,,fixed_iteration_reference,True,runtime_reference_from_fixed:77
Runtime-budget comparison,Ejection ON fixed-iteration reference,eil101b_m3,1,2500,11.140341025000225,,2500,903.0,916.0,1.4192139737991267,312.82094044582794,,11.10766699999931,,,,fixed_iteration_reference,True,runtime_reference_from_fixed:78
Runtime-budget comparison,Ejection ON fixed-iteration reference,eil101b_m3,2,2500,11.140341025000225,,2500,905.0,916.0,1.2008733624454149,312.74781205699367,,11.094321900000068,,,,fixed_iteration_reference,True,runtime_reference_from_fixed:79
Runtime-budget comparison,Ejection ON fixed-iteration reference,eil101b_m3,3,2500,11.140341025000225,,2500,916.0,916.0,0.0,313.32899202216595,,11.769735000000765,,,,fixed_iteration_reference,True,runtime_reference_from_fixed:80
Runtime-budget comparison,Ejection ON fixed-iteration reference,eil101c_m2,0,2500,16.907939650000117,,2500,1297.0,1305.0,0.6130268199233716,470.3494749709462,,17.215554299999894,,,,fixed_iteration_reference,True,runtime_reference_from_fixed:81
Runtime-budget comparison,Ejection ON fixed-iteration reference,eil101c_m2,1,2500,16.907939650000117,,2500,1288.0,1305.0,1.3026819923371646,471.4984894984383,,16.46811400000024,,,,fixed_iteration_reference,True,runtime_reference_from_fixed:82
Runtime-budget comparison,Ejection ON fixed-iteration reference,eil101c_m2,2,2500,16.907939650000117,,2500,1303.0,1305.0,0.1532567049808429,471.27856296487334,,17.136486700000205,,,,fixed_iteration_reference,True,runtime_reference_from_fixed:83
Runtime-budget comparison,Ejection ON fixed-iteration reference,eil101c_m2,3,2500,16.907939650000117,,2500,1293.0,1305.0,0.9195402298850575,471.3985040544215,,16.811603600000126,,,,fixed_iteration_reference,True,runtime_reference_from_fixed:84
Runtime-budget comparison,Ejection ON fixed-iteration reference,eil101c_m3,0,2500,14.348517775000118,,2500,1238.0,1251.0,1.0391686650679457,468.07292792831265,,15.345692100000633,,,,fixed_iteration_reference,True,runtime_reference_from_fixed:85
Runtime-budget comparison,Ejection ON fixed-iteration reference,eil101c_m3,1,2500,14.348517775000118,,2500,1203.0,1251.0,3.8369304556354917,469.86525779924034,,13.617330199999742,,,,fixed_iteration_reference,True,runtime_reference_from_fixed:86
Runtime-budget comparison,Ejection ON fixed-iteration reference,eil101c_m3,2,2500,14.348517775000118,,2500,1238.0,1251.0,1.0391686650679457,468.07292792831265,,14.855298100000255,,,,fixed_iteration_reference,True,runtime_reference_from_fixed:87
Runtime-budget comparison,Ejection ON fixed-iteration reference,eil101c_m3,3,2500,14.348517775000118,,2500,1202.0,1251.0,3.9168665067945643,470.7411642188313,,13.575750699999844,,,,fixed_iteration_reference,True,runtime_reference_from_fixed:88
Runtime-budget comparison,Ejection ON fixed-iteration reference,gil262_gen1_m3,0,2500,41.54455177500017,,2500,98.0,101.0,2.9702970297029703,1178.4493481788504,,41.73926350000056,,,,fixed_iteration_reference,True,runtime_reference_from_fixed:89
Runtime-budget comparison,Ejection ON fixed-iteration reference,gil262_gen1_m3,1,2500,41.54455177500017,,2500,99.0,101.0,1.9801980198019802,1182.4485275435518,,41.86507730000085,,,,fixed_iteration_reference,True,runtime_reference_from_fixed:90
Runtime-budget comparison,Ejection ON fixed-iteration reference,gil262_gen1_m3,2,2500,41.54455177500017,,2500,98.0,101.0,2.9702970297029703,1178.5242771313751,,41.886379399999896,,,,fixed_iteration_reference,True,runtime_reference_from_fixed:91
Runtime-budget comparison,Ejection ON fixed-iteration reference,gil262_gen1_m3,3,2500,41.54455177500017,,2500,99.0,101.0,1.9801980198019802,1184.6842974755439,,40.687486899999385,,,,fixed_iteration_reference,True,runtime_reference_from_fixed:92
Runtime-budget comparison,Ejection ON fixed-iteration reference,gil262_gen1_m4,0,2500,29.95938504999981,,2500,77.0,78.0,1.2820512820512822,1148.2174281261966,,29.875638900000013,,,,fixed_iteration_reference,True,runtime_reference_from_fixed:93
Runtime-budget comparison,Ejection ON fixed-iteration reference,gil262_gen1_m4,1,2500,29.95938504999981,,2500,77.0,78.0,1.2820512820512822,1153.1839762761322,,29.43742139999995,,,,fixed_iteration_reference,True,runtime_reference_from_fixed:94
Runtime-budget comparison,Ejection ON fixed-iteration reference,gil262_gen1_m4,2,2500,29.95938504999981,,2500,77.0,78.0,1.2820512820512822,1151.9796037336878,,30.157967999999528,,,,fixed_iteration_reference,True,runtime_reference_from_fixed:95
Runtime-budget comparison,Ejection ON fixed-iteration reference,gil262_gen1_m4,3,2500,29.95938504999981,,2500,77.0,78.0,1.2820512820512822,1148.8055360562676,,30.36651189999975,,,,fixed_iteration_reference,True,runtime_reference_from_fixed:96
Runtime-budget comparison,Ejection ON fixed-iteration reference,gil262_gen2_m2,0,2500,90.52335557499987,,2500,7077.0,7498.0,5.614830621499066,1188.8489956224912,,90.64697379999961,,,,fixed_iteration_reference,True,runtime_reference_from_fixed:97
Runtime-budget comparison,Ejection ON fixed-iteration reference,gil262_gen2_m2,1,2500,90.52335557499987,,2500,7171.0,7498.0,4.361162976793811,1188.2806323446785,,99.2748918999996,,,,fixed_iteration_reference,True,runtime_reference_from_fixed:98
Runtime-budget comparison,Ejection ON fixed-iteration reference,gil262_gen2_m2,2,2500,90.52335557499987,,2500,6984.0,7498.0,6.855161376367032,1188.3640153281685,,84.58655379999982,,,,fixed_iteration_reference,True,runtime_reference_from_fixed:99
Runtime-budget comparison,Ejection ON fixed-iteration reference,gil262_gen2_m2,3,2500,90.52335557499987,,2500,7362.0,7498.0,1.8138170178714323,1188.171143108942,,87.58500280000044,,,,fixed_iteration_reference,True,runtime_reference_from_fixed:100
Runtime-budget comparison,Ejection ON fixed-iteration reference,gil262_gen2_m3,0,2500,45.5297865,,2500,5529.0,5615.0,1.5316117542297418,1187.9094505589792,,45.27151950000007,,,,fixed_iteration_reference,True,runtime_reference_from_fixed:101
Runtime-budget comparison,Ejection ON fixed-iteration reference,gil262_gen2_m3,1,2500,45.5297865,,2500,5401.0,5615.0,3.811219946571683,1186.7717738854444,,45.88158420000036,,,,fixed_iteration_reference,True,runtime_reference_from_fixed:102
Runtime-budget comparison,Ejection ON fixed-iteration reference,gil262_gen2_m3,2,2500,45.5297865,,2500,5538.0,5615.0,1.371326803205699,1187.919089166823,,45.8203211,,,,fixed_iteration_reference,True,runtime_reference_from_fixed:103
Runtime-budget comparison,Ejection ON fixed-iteration reference,gil262_gen2_m3,3,2500,45.5297865,,2500,5529.0,5615.0,1.5316117542297418,1187.9894787553437,,45.14572119999957,,,,fixed_iteration_reference,True,runtime_reference_from_fixed:104
Runtime-budget comparison,Ejection ON fixed-iteration reference,gil262_gen3_m2,0,2500,90.57186982500025,,2500,6541.0,7183.0,8.93776973409439,1186.9545176098281,,94.60556930000075,,,,fixed_iteration_reference,True,runtime_reference_from_fixed:105
Runtime-budget comparison,Ejection ON fixed-iteration reference,gil262_gen3_m2,1,2500,90.57186982500025,,2500,6484.0,7183.0,9.73131003758875,1185.9994193661728,,91.32208030000038,,,,fixed_iteration_reference,True,runtime_reference_from_fixed:106
Runtime-budget comparison,Ejection ON fixed-iteration reference,gil262_gen3_m2,2,2500,90.57186982500025,,2500,6530.0,7183.0,9.090909090909092,1186.0206188635698,,96.07011450000027,,,,fixed_iteration_reference,True,runtime_reference_from_fixed:107
Runtime-budget comparison,Ejection ON fixed-iteration reference,gil262_gen3_m2,3,2500,90.57186982500025,,2500,6928.0,7183.0,3.5500487261589866,1188.334893361779,,80.28971519999959,,,,fixed_iteration_reference,True,runtime_reference_from_fixed:108
Runtime-budget comparison,Ejection ON fixed-iteration reference,gil262_gen3_m4,0,2500,35.10205910000013,,2500,2498.0,2507.0,0.35899481451934584,1174.5731074037321,,38.345721599999706,,,,fixed_iteration_reference,True,runtime_reference_from_fixed:109
Runtime-budget comparison,Ejection ON fixed-iteration reference,gil262_gen3_m4,1,2500,35.10205910000013,,2500,2412.0,2507.0,3.789389708815317,1183.1385247201722,,33.79292760000044,,,,fixed_iteration_reference,True,runtime_reference_from_fixed:110
Runtime-budget comparison,Ejection ON fixed-iteration reference,gil262_gen3_m4,2,2500,35.10205910000013,,2500,2493.0,2507.0,0.5584363781412046,1181.6194357055772,,31.228017200000068,,,,fixed_iteration_reference,True,runtime_reference_from_fixed:111
Runtime-budget comparison,Ejection ON fixed-iteration reference,gil262_gen3_m4,3,2500,35.10205910000013,,2500,2498.0,2507.0,0.35899481451934584,1174.5731074037321,,37.04157000000032,,,,fixed_iteration_reference,True,runtime_reference_from_fixed:112
Runtime-budget comparison,Ejection ON fixed-iteration reference,gil262a_m2,0,2500,36.572948849999875,,2500,3900.0,4078.0,4.364884747425209,593.2611164988566,,35.55645100000038,,,,fixed_iteration_reference,True,runtime_reference_from_fixed:113
Runtime-budget comparison,Ejection ON fixed-iteration reference,gil262a_m2,1,2500,36.572948849999875,,2500,4052.0,4078.0,0.6375674350171653,594.0114731284866,,40.98618449999958,,,,fixed_iteration_reference,True,runtime_reference_from_fixed:114
Runtime-budget comparison,Ejection ON fixed-iteration reference,gil262a_m2,2,2500,36.572948849999875,,2500,3782.0,4078.0,7.258460029426189,593.9175413713808,,33.810551399999895,,,,fixed_iteration_reference,True,runtime_reference_from_fixed:115
Runtime-budget comparison,Ejection ON fixed-iteration reference,gil262a_m2,3,2500,36.572948849999875,,2500,3981.0,4078.0,2.3786169691025014,592.4245942895877,,35.938608499999646,,,,fixed_iteration_reference,True,runtime_reference_from_fixed:116
Runtime-budget comparison,Ejection ON fixed-iteration reference,gil262a_m4,0,2500,20.958374275000324,,2500,3175.0,3175.0,0.0,591.2704336802653,,22.75552340000013,,,,fixed_iteration_reference,True,runtime_reference_from_fixed:117
Runtime-budget comparison,Ejection ON fixed-iteration reference,gil262a_m4,1,2500,20.958374275000324,,2500,3175.0,3175.0,0.0,591.2704336802653,,19.428061100000377,,,,fixed_iteration_reference,True,runtime_reference_from_fixed:118
Runtime-budget comparison,Ejection ON fixed-iteration reference,gil262a_m4,2,2500,20.958374275000324,,2500,3144.0,3175.0,0.9763779527559056,583.9324948802007,,22.669475200000306,,,,fixed_iteration_reference,True,runtime_reference_from_fixed:119
Runtime-budget comparison,Ejection ON fixed-iteration reference,gil262a_m4,3,2500,20.958374275000324,,2500,3094.0,3175.0,2.5511811023622046,592.8033530210294,,18.980437400000483,,,,fixed_iteration_reference,True,runtime_reference_from_fixed:120
Runtime-budget comparison,Ejection ON fixed-iteration reference,gil262b_m2,0,2500,87.55881489999979,,2500,7656.0,8081.0,5.259250092810296,1188.1238321005653,,87.90025820000028,,,,fixed_iteration_reference,True,runtime_reference_from_fixed:121
Runtime-budget comparison,Ejection ON fixed-iteration reference,gil262b_m2,1,2500,87.55881489999979,,2500,7794.0,8081.0,3.551540650909541,1188.517843928029,,86.56289209999977,,,,fixed_iteration_reference,True,runtime_reference_from_fixed:122
Runtime-budget comparison,Ejection ON fixed-iteration reference,gil262b_m2,2,2500,87.55881489999979,,2500,7794.0,8081.0,3.551540650909541,1188.517843928029,,84.22501759999977,,,,fixed_iteration_reference,True,runtime_reference_from_fixed:123
Runtime-budget comparison,Ejection ON fixed-iteration reference,gil262b_m2,3,2500,87.55881489999979,,2500,7763.0,8081.0,3.935156540032174,1186.8124715941985,,91.54709169999933,,,,fixed_iteration_reference,True,runtime_reference_from_fixed:124
Runtime-budget comparison,Ejection ON fixed-iteration reference,gil262b_m3,0,2500,64.91935212499993,,2500,7298.0,7585.0,3.7837837837837838,1185.8624028463612,,65.15575110000009,,,,fixed_iteration_reference,True,runtime_reference_from_fixed:125
Runtime-budget comparison,Ejection ON fixed-iteration reference,gil262b_m3,1,2500,64.91935212499993,,2500,7184.0,7585.0,5.286750164798946,1184.5154562455773,,61.54975489999924,,,,fixed_iteration_reference,True,runtime_reference_from_fixed:126
Runtime-budget comparison,Ejection ON fixed-iteration reference,gil262b_m3,2,2500,64.91935212499993,,2500,7396.0,7585.0,2.4917600527356627,1184.9721047954808,,76.32952220000061,,,,fixed_iteration_reference,True,runtime_reference_from_fixed:127
Runtime-budget comparison,Ejection ON fixed-iteration reference,gil262b_m3,3,2500,64.91935212499993,,2500,7249.0,7585.0,4.429795649307844,1187.2994141556198,,56.642380299999786,,,,fixed_iteration_reference,True,runtime_reference_from_fixed:128
Runtime-budget comparison,Ejection ON fixed-iteration reference,gil262b_m4,0,2500,51.18372272500005,,2500,6728.0,6781.0,0.7815956348621147,1187.0588838983597,,49.46517320000021,,,,fixed_iteration_reference,True,runtime_reference_from_fixed:129
Runtime-budget comparison,Ejection ON fixed-iteration reference,gil262b_m4,1,2500,51.18372272500005,,2500,6764.0,6781.0,0.25070048665388583,1182.132773800944,,49.3404215999999,,,,fixed_iteration_reference,True,runtime_reference_from_fixed:130
Runtime-budget comparison,Ejection ON fixed-iteration reference,gil262b_m4,2,2500,51.18372272500005,,2500,6549.0,6781.0,3.4213242884530306,1186.4486963381416,,53.852543799999694,,,,fixed_iteration_reference,True,runtime_reference_from_fixed:131
Runtime-budget comparison,Ejection ON fixed-iteration reference,gil262b_m4,3,2500,51.18372272500005,,2500,6704.0,6781.0,1.1355257336676006,1187.587419511283,,52.07675230000041,,,,fixed_iteration_reference,True,runtime_reference_from_fixed:132
Runtime-budget comparison,Ejection ON fixed-iteration reference,gil262c_m2,0,2500,118.90269032499987,,2500,10834.0,11030.0,1.7769718948322757,1783.7209127206534,,112.39894860000004,,,,fixed_iteration_reference,True,runtime_reference_from_fixed:133
Runtime-budget comparison,Ejection ON fixed-iteration reference,gil262c_m2,1,2500,118.90269032499987,,2500,10855.0,11030.0,1.586582048957389,1783.1168442823057,,127.68464320000021,,,,fixed_iteration_reference,True,runtime_reference_from_fixed:134
Runtime-budget comparison,Ejection ON fixed-iteration reference,gil262c_m2,2,2500,118.90269032499987,,2500,10848.0,11030.0,1.6500453309156844,1782.315368742566,,119.43506529999922,,,,fixed_iteration_reference,True,runtime_reference_from_fixed:135
Runtime-budget comparison,Ejection ON fixed-iteration reference,gil262c_m2,3,2500,118.90269032499987,,2500,10852.0,11030.0,1.613780598368087,1782.12448385332,,116.0921042,,,,fixed_iteration_reference,True,runtime_reference_from_fixed:136
Runtime-budget comparison,Ejection ON fixed-iteration reference,gil262c_m3,0,2500,90.03205027499985,,2500,10184.0,10757.0,5.326763967648973,1783.1241071373177,,88.55520710000019,,,,fixed_iteration_reference,True,runtime_reference_from_fixed:137
Runtime-budget comparison,Ejection ON fixed-iteration reference,gil262c_m3,1,2500,90.03205027499985,,2500,10483.0,10757.0,2.547178581388863,1782.2152777672904,,89.94761459999972,,,,fixed_iteration_reference,True,runtime_reference_from_fixed:138
Runtime-budget comparison,Ejection ON fixed-iteration reference,gil262c_m3,2,2500,90.03205027499985,,2500,10519.0,10757.0,2.212512782374268,1783.064550822101,,95.90156089999982,,,,fixed_iteration_reference,True,runtime_reference_from_fixed:139
Runtime-budget comparison,Ejection ON fixed-iteration reference,gil262c_m3,3,2500,90.03205027499985,,2500,10385.0,10757.0,3.4582132564841497,1783.6492474495358,,85.72381849999965,,,,fixed_iteration_reference,True,runtime_reference_from_fixed:140
Runtime-budget comparison,Ejection ON fixed-iteration reference,gil262c_m4,0,2500,78.50297740000042,,2500,9949.0,10281.0,3.2292578542943295,1781.25404824537,,80.29192990000047,,,,fixed_iteration_reference,True,runtime_reference_from_fixed:141
Runtime-budget comparison,Ejection ON fixed-iteration reference,gil262c_m4,1,2500,78.50297740000042,,2500,10153.0,10281.0,1.2450150763544403,1780.2534188708046,,88.03980200000024,,,,fixed_iteration_reference,True,runtime_reference_from_fixed:142
Runtime-budget comparison,Ejection ON fixed-iteration reference,gil262c_m4,2,2500,78.50297740000042,,2500,9887.0,10281.0,3.8323120319035113,1780.1633747738845,,71.99502980000034,,,,fixed_iteration_reference,True,runtime_reference_from_fixed:143
Runtime-budget comparison,Ejection ON fixed-iteration reference,gil262c_m4,3,2500,78.50297740000042,,2500,9797.0,10281.0,4.707713257465227,1781.5943304908128,,73.68514790000063,,,,fixed_iteration_reference,True,runtime_reference_from_fixed:144
Runtime-budget comparison,Ejection ON fixed-iteration reference,gr229_gen1_m4,0,2500,54.22746647500003,,2500,220.0,223.0,1.345291479820628,1547.068619909092,,54.746466199999304,,,,fixed_iteration_reference,True,runtime_reference_from_fixed:145
Runtime-budget comparison,Ejection ON fixed-iteration reference,gr229_gen1_m4,1,2500,54.22746647500003,,2500,220.0,223.0,1.345291479820628,1558.672512157025,,50.94040000000041,,,,fixed_iteration_reference,True,runtime_reference_from_fixed:146
Runtime-budget comparison,Ejection ON fixed-iteration reference,gr229_gen1_m4,2,2500,54.22746647500003,,2500,220.0,223.0,1.345291479820628,1574.9630998069083,,53.22044129999995,,,,fixed_iteration_reference,True,runtime_reference_from_fixed:147
Runtime-budget comparison,Ejection ON fixed-iteration reference,gr229_gen1_m4,3,2500,54.22746647500003,,2500,220.0,223.0,1.345291479820628,1563.1992514533601,,58.00255840000045,,,,fixed_iteration_reference,True,runtime_reference_from_fixed:148
Runtime-budget comparison,Ejection ON fixed-iteration reference,gr229_gen2_m3,0,2500,45.25229902499996,,2500,11529.0,11566.0,0.3199031644475186,1752.8837258579424,,45.675094199999876,,,,fixed_iteration_reference,True,runtime_reference_from_fixed:149
Runtime-budget comparison,Ejection ON fixed-iteration reference,gr229_gen2_m3,1,2500,45.25229902499996,,2500,11529.0,11566.0,0.3199031644475186,1746.6316017087474,,41.90875550000055,,,,fixed_iteration_reference,True,runtime_reference_from_fixed:150
Runtime-budget comparison,Ejection ON fixed-iteration reference,gr229_gen2_m3,2,2500,45.25229902499996,,2500,11529.0,11566.0,0.3199031644475186,1737.422529073366,,41.27103579999948,,,,fixed_iteration_reference,True,runtime_reference_from_fixed:151
Runtime-budget comparison,Ejection ON fixed-iteration reference,gr229_gen2_m3,3,2500,45.25229902499996,,2500,11507.0,11566.0,0.5101158568217188,1759.4680662513701,,52.15431059999992,,,,fixed_iteration_reference,True,runtime_reference_from_fixed:152
Runtime-budget comparison,Ejection ON fixed-iteration reference,gr229_gen2_m4,0,2500,69.16926597499992,,2500,11120.0,11355.0,2.0695728753852927,1547.7666438017995,,80.7687421999999,,,,fixed_iteration_reference,True,runtime_reference_from_fixed:153
Runtime-budget comparison,Ejection ON fixed-iteration reference,gr229_gen2_m4,1,2500,69.16926597499992,,2500,11238.0,11355.0,1.0303830911492735,1757.1157590301882,,63.919529599999805,,,,fixed_iteration_reference,True,runtime_reference_from_fixed:154
Runtime-budget comparison,Ejection ON fixed-iteration reference,gr229_gen2_m4,2,2500,69.16926597499992,,2500,11120.0,11355.0,2.0695728753852927,1559.5169959560483,,67.47223759999997,,,,fixed_iteration_reference,True,runtime_reference_from_fixed:155
Runtime-budget comparison,Ejection ON fixed-iteration reference,gr229_gen2_m4,3,2500,69.16926597499992,,2500,11120.0,11355.0,2.0695728753852927,1559.3729056384511,,64.51655449999998,,,,fixed_iteration_reference,True,runtime_reference_from_fixed:156
Runtime-budget comparison,Ejection ON fixed-iteration reference,gr229_gen3_m3,0,2500,42.98476207500016,,2500,7967.0,8056.0,1.1047666335650448,1736.4546324952298,,39.91296940000029,,,,fixed_iteration_reference,True,runtime_reference_from_fixed:157
Runtime-budget comparison,Ejection ON fixed-iteration reference,gr229_gen3_m3,1,2500,42.98476207500016,,2500,7959.0,8056.0,1.2040714995034756,1761.308964708864,,42.65917450000052,,,,fixed_iteration_reference,True,runtime_reference_from_fixed:158
Runtime-budget comparison,Ejection ON fixed-iteration reference,gr229_gen3_m3,2,2500,42.98476207500016,,2500,7982.0,8056.0,0.9185700099304865,1760.3451924405308,,47.361603999999716,,,,fixed_iteration_reference,True,runtime_reference_from_fixed:159
Runtime-budget comparison,Ejection ON fixed-iteration reference,gr229_gen3_m3,3,2500,42.98476207500016,,2500,7960.0,8056.0,1.1916583912611718,1745.6268395523439,,42.005300400000124,,,,fixed_iteration_reference,True,runtime_reference_from_fixed:160
Runtime-budget comparison,Ejection ON fixed-iteration reference,gr229_gen3_m4,0,2500,86.95338342499963,,2500,7355.0,7651.0,3.868775323487126,1569.9510846881328,,69.97017679999954,,,,fixed_iteration_reference,True,runtime_reference_from_fixed:161
Runtime-budget comparison,Ejection ON fixed-iteration reference,gr229_gen3_m4,1,2500,86.95338342499963,,2500,7355.0,7651.0,3.868775323487126,1558.6063742590093,,74.24585109999953,,,,fixed_iteration_reference,True,runtime_reference_from_fixed:162
Runtime-budget comparison,Ejection ON fixed-iteration reference,gr229_gen3_m4,2,2500,86.95338342499963,,2500,7355.0,7651.0,3.868775323487126,1569.9252559002489,,122.83829079999941,,,,fixed_iteration_reference,True,runtime_reference_from_fixed:163
Runtime-budget comparison,Ejection ON fixed-iteration reference,gr229_gen3_m4,3,2500,86.95338342499963,,2500,7355.0,7651.0,3.868775323487126,1574.7217025001714,,80.75921500000004,,,,fixed_iteration_reference,True,runtime_reference_from_fixed:164
Runtime-budget comparison,Ejection ON fixed-iteration reference,kroA150_gen2_m2,0,2500,36.216728274999696,,2500,4218.0,4335.0,2.698961937716263,13163.280445076358,,34.674589499999456,,,,fixed_iteration_reference,True,runtime_reference_from_fixed:165
Runtime-budget comparison,Ejection ON fixed-iteration reference,kroA150_gen2_m2,1,2500,36.216728274999696,,2500,4227.0,4335.0,2.491349480968858,13249.000347853345,,37.398227799999404,,,,fixed_iteration_reference,True,runtime_reference_from_fixed:166
Runtime-budget comparison,Ejection ON fixed-iteration reference,kroA150_gen2_m2,2,2500,36.216728274999696,,2500,4230.0,4335.0,2.422145328719723,13248.582029736457,,36.8243293000005,,,,fixed_iteration_reference,True,runtime_reference_from_fixed:167
Runtime-budget comparison,Ejection ON fixed-iteration reference,kroA150_gen2_m2,3,2500,36.216728274999696,,2500,4211.0,4335.0,2.8604382929642447,13234.089887375283,,35.96976649999942,,,,fixed_iteration_reference,True,runtime_reference_from_fixed:168
Runtime-budget comparison,Ejection ON fixed-iteration reference,kroA150_gen3_m3,0,2500,23.301351624999825,,2500,2668.0,2726.0,2.127659574468085,13221.128351615127,,22.693512499999997,,,,fixed_iteration_reference,True,runtime_reference_from_fixed:169
Runtime-budget comparison,Ejection ON fixed-iteration reference,kroA150_gen3_m3,1,2500,23.301351624999825,,2500,2668.0,2726.0,2.127659574468085,13221.128351615127,,22.398258299999725,,,,fixed_iteration_reference,True,runtime_reference_from_fixed:170
Runtime-budget comparison,Ejection ON fixed-iteration reference,kroA150_gen3_m3,2,2500,23.301351624999825,,2500,2532.0,2726.0,7.1166544387380775,13174.159644356394,,23.9805108999999,,,,fixed_iteration_reference,True,runtime_reference_from_fixed:171
Runtime-budget comparison,Ejection ON fixed-iteration reference,kroA150_gen3_m3,3,2500,23.301351624999825,,2500,2497.0,2726.0,8.400586940572268,13225.610439737735,,24.133124799999678,,,,fixed_iteration_reference,True,runtime_reference_from_fixed:172
Runtime-budget comparison,Ejection ON fixed-iteration reference,kroA200_gen1_m4,0,2500,23.759642525000118,,2500,80.0,81.0,1.2345679012345678,14448.196231927706,,23.84357910000017,,,,fixed_iteration_reference,True,runtime_reference_from_fixed:173
Runtime-budget comparison,Ejection ON fixed-iteration reference,kroA200_gen1_m4,1,2500,23.759642525000118,,2500,79.0,81.0,2.4691358024691357,14412.104735358535,,23.28721450000012,,,,fixed_iteration_reference,True,runtime_reference_from_fixed:174
Runtime-budget comparison,Ejection ON fixed-iteration reference,kroA200_gen1_m4,2,2500,23.759642525000118,,2500,80.0,81.0,1.2345679012345678,14450.236614623222,,24.370078099999773,,,,fixed_iteration_reference,True,runtime_reference_from_fixed:175
Runtime-budget comparison,Ejection ON fixed-iteration reference,kroA200_gen1_m4,3,2500,23.759642525000118,,2500,80.0,81.0,1.2345679012345678,14421.905342502527,,23.53769840000041,,,,fixed_iteration_reference,True,runtime_reference_from_fixed:176
Runtime-budget comparison,Ejection ON fixed-iteration reference,kroB200_gen1_m2,0,2500,41.53134917500006,,2500,108.0,111.0,2.7027027027027026,14587.106264020636,,41.32887019999998,,,,fixed_iteration_reference,True,runtime_reference_from_fixed:177
Runtime-budget comparison,Ejection ON fixed-iteration reference,kroB200_gen1_m2,1,2500,41.53134917500006,,2500,109.0,111.0,1.8018018018018018,14599.091848595184,,40.96469750000051,,,,fixed_iteration_reference,True,runtime_reference_from_fixed:178
Runtime-budget comparison,Ejection ON fixed-iteration reference,kroB200_gen1_m2,2,2500,41.53134917500006,,2500,109.0,111.0,1.8018018018018018,14613.70163029481,,41.658556399999725,,,,fixed_iteration_reference,True,runtime_reference_from_fixed:179
Runtime-budget comparison,Ejection ON fixed-iteration reference,kroB200_gen1_m2,3,2500,41.53134917500006,,2500,106.0,111.0,4.504504504504505,14641.782111376931,,42.17327260000002,,,,fixed_iteration_reference,True,runtime_reference_from_fixed:180
Runtime-budget comparison,Ejection ON fixed-iteration reference,kroB200_gen2_m2,0,2500,62.08210577499972,,2500,6178.0,6185.0,0.11317704122877931,14688.047859916755,,53.174142500000016,,,,fixed_iteration_reference,True,runtime_reference_from_fixed:181
Runtime-budget comparison,Ejection ON fixed-iteration reference,kroB200_gen2_m2,1,2500,62.08210577499972,,2500,6180.0,6185.0,0.08084074373484236,14713.636766342766,,66.55959230000008,,,,fixed_iteration_reference,True,runtime_reference_from_fixed:182
Runtime-budget comparison,Ejection ON fixed-iteration reference,kroB200_gen2_m2,2,2500,62.08210577499972,,2500,6180.0,6185.0,0.08084074373484236,14713.636766342766,,73.3332305999993,,,,fixed_iteration_reference,True,runtime_reference_from_fixed:183
Runtime-budget comparison,Ejection ON fixed-iteration reference,kroB200_gen2_m2,3,2500,62.08210577499972,,2500,6178.0,6185.0,0.11317704122877931,14688.047859916755,,55.26145769999948,,,,fixed_iteration_reference,True,runtime_reference_from_fixed:184
Runtime-budget comparison,Ejection ON fixed-iteration reference,kroB200_gen2_m4,0,2500,32.196645024999725,,2500,4930.0,4944.0,0.28317152103559873,14470.732952992907,,33.53348720000031,,,,fixed_iteration_reference,True,runtime_reference_from_fixed:185
Runtime-budget comparison,Ejection ON fixed-iteration reference,kroB200_gen2_m4,1,2500,32.196645024999725,,2500,4922.0,4944.0,0.4449838187702265,14585.111822656288,,30.677796099999796,,,,fixed_iteration_reference,True,runtime_reference_from_fixed:186
Runtime-budget comparison,Ejection ON fixed-iteration reference,kroB200_gen2_m4,2,2500,32.196645024999725,,2500,4938.0,4944.0,0.12135922330097088,14514.694685608152,,33.25892189999922,,,,fixed_iteration_reference,True,runtime_reference_from_fixed:187
Runtime-budget comparison,Ejection ON fixed-iteration reference,kroB200_gen2_m4,3,2500,32.196645024999725,,2500,4940.0,4944.0,0.08090614886731391,14601.281600014794,,31.316374899999573,,,,fixed_iteration_reference,True,runtime_reference_from_fixed:188
Runtime-budget comparison,Ejection ON fixed-iteration reference,kroB200_gen3_m2,0,2500,37.97947245,,2500,4662.0,4765.0,2.161594963273872,14708.378843955892,,36.81876360000024,,,,fixed_iteration_reference,True,runtime_reference_from_fixed:189
Runtime-budget comparison,Ejection ON fixed-iteration reference,kroB200_gen3_m2,1,2500,37.97947245,,2500,4614.0,4765.0,3.16894018887723,14713.600360929559,,35.60698010000033,,,,fixed_iteration_reference,True,runtime_reference_from_fixed:190
Runtime-budget comparison,Ejection ON fixed-iteration reference,kroB200_gen3_m2,2,2500,37.97947245,,2500,4387.0,4765.0,7.932843651626443,14708.746911592085,,38.04144709999946,,,,fixed_iteration_reference,True,runtime_reference_from_fixed:191
Runtime-budget comparison,Ejection ON fixed-iteration reference,kroB200_gen3_m2,3,2500,37.97947245,,2500,4415.0,4765.0,7.345225603357817,14697.14590948528,,41.450698999999986,,,,fixed_iteration_reference,True,runtime_reference_from_fixed:192
Runtime-budget comparison,Ejection ON fixed-iteration reference,kroB200_gen3_m3,0,2500,40.62570832500023,,2500,2923.0,3028.0,3.467635402906209,14647.548769558114,,41.684643500000675,,,,fixed_iteration_reference,True,runtime_reference_from_fixed:193
Runtime-budget comparison,Ejection ON fixed-iteration reference,kroB200_gen3_m3,1,2500,40.62570832500023,,2500,2923.0,3028.0,3.467635402906209,14647.548769558114,,39.267335400000775,,,,fixed_iteration_reference,True,runtime_reference_from_fixed:194
Runtime-budget comparison,Ejection ON fixed-iteration reference,kroB200_gen3_m3,2,2500,40.62570832500023,,2500,2854.0,3028.0,5.746367239101717,14653.263716588503,,40.889982699999564,,,,fixed_iteration_reference,True,runtime_reference_from_fixed:195
Runtime-budget comparison,Ejection ON fixed-iteration reference,kroB200_gen3_m3,3,2500,40.62570832500023,,2500,2923.0,3028.0,3.467635402906209,14647.548769558114,,40.660871699999916,,,,fixed_iteration_reference,True,runtime_reference_from_fixed:196
Runtime-budget comparison,Ejection ON fixed-iteration reference,lin318_gen1_m2,0,2500,101.44979787500006,,2500,166.0,180.0,7.777777777777778,20858.176717190472,,95.41196760000003,,,,fixed_iteration_reference,True,runtime_reference_from_fixed:197
Runtime-budget comparison,Ejection ON fixed-iteration reference,lin318_gen1_m2,1,2500,101.44979787500006,,2500,174.0,180.0,3.3333333333333335,20979.286067755034,,97.10349920000044,,,,fixed_iteration_reference,True,runtime_reference_from_fixed:198
Runtime-budget comparison,Ejection ON fixed-iteration reference,lin318_gen1_m2,2,2500,101.44979787500006,,2500,175.0,180.0,2.7777777777777777,20926.384440458372,,107.21753129999979,,,,fixed_iteration_reference,True,runtime_reference_from_fixed:199
Runtime-budget comparison,Ejection ON fixed-iteration reference,lin318_gen1_m2,3,2500,101.44979787500006,,2500,174.0,180.0,3.3333333333333335,20943.14753807975,,106.06619339999997,,,,fixed_iteration_reference,True,runtime_reference_from_fixed:200
Runtime-budget comparison,Ejection ON fixed-iteration reference,lin318_gen1_m3,0,2500,70.91047490000028,,2500,148.0,149.0,0.6711409395973155,20857.49246960945,,71.66053610000017,,,,fixed_iteration_reference,True,runtime_reference_from_fixed:201
Runtime-budget comparison,Ejection ON fixed-iteration reference,lin318_gen1_m3,1,2500,70.91047490000028,,2500,143.0,149.0,4.026845637583893,20738.842515134555,,70.15083510000022,,,,fixed_iteration_reference,True,runtime_reference_from_fixed:202
Runtime-budget comparison,Ejection ON fixed-iteration reference,lin318_gen1_m3,2,2500,70.91047490000028,,2500,145.0,149.0,2.684563758389262,20908.997201597544,,70.00284080000074,,,,fixed_iteration_reference,True,runtime_reference_from_fixed:203
Runtime-budget comparison,Ejection ON fixed-iteration reference,lin318_gen1_m3,3,2500,70.91047490000028,,2500,148.0,149.0,0.6711409395973155,20830.93224289279,,71.82768759999999,,,,fixed_iteration_reference,True,runtime_reference_from_fixed:204
Runtime-budget comparison,Ejection ON fixed-iteration reference,lin318_gen2_m2,0,2500,162.0738855000002,,2500,8749.0,9544.0,8.32984073763621,21019.264401311655,,147.00184210000043,,,,fixed_iteration_reference,True,runtime_reference_from_fixed:205
Runtime-budget comparison,Ejection ON fixed-iteration reference,lin318_gen2_m2,1,2500,162.0738855000002,,2500,8583.0,9544.0,10.069153394803017,20996.330468741973,,179.98136010000053,,,,fixed_iteration_reference,True,runtime_reference_from_fixed:206
Runtime-budget comparison,Ejection ON fixed-iteration reference,lin318_gen2_m2,2,2500,162.0738855000002,,2500,8703.0,9544.0,8.81181894383906,21035.126964129595,,147.9088355999993,,,,fixed_iteration_reference,True,runtime_reference_from_fixed:207
Runtime-budget comparison,Ejection ON fixed-iteration reference,lin318_gen2_m2,3,2500,162.0738855000002,,2500,8711.0,9544.0,8.727996647108132,21020.815432566065,,173.4035042000005,,,,fixed_iteration_reference,True,runtime_reference_from_fixed:208
Runtime-budget comparison,Ejection ON fixed-iteration reference,lin318_gen2_m3,0,2500,85.28340412500006,,2500,7436.0,7807.0,4.752145510439349,21028.380135832147,,78.52684669999962,,,,fixed_iteration_reference,True,runtime_reference_from_fixed:209
Runtime-budget comparison,Ejection ON fixed-iteration reference,lin318_gen2_m3,1,2500,85.28340412500006,,2500,7350.0,7807.0,5.8537210195977964,21031.57183154038,,80.60127089999969,,,,fixed_iteration_reference,True,runtime_reference_from_fixed:210
Runtime-budget comparison,Ejection ON fixed-iteration reference,lin318_gen2_m3,2,2500,85.28340412500006,,2500,7642.0,7807.0,2.113487895478417,21033.104742419127,,99.66610240000045,,,,fixed_iteration_reference,True,runtime_reference_from_fixed:211
Runtime-budget comparison,Ejection ON fixed-iteration reference,lin318_gen2_m3,3,2500,85.28340412500006,,2500,7685.0,7807.0,1.562700140899193,21025.35514244269,,82.33939650000048,,,,fixed_iteration_reference,True,runtime_reference_from_fixed:212
Runtime-budget comparison,Ejection ON fixed-iteration reference,lin318_gen3_m2,0,2500,143.6197539499999,,2500,6902.0,7936.0,13.029233870967742,21035.33652499807,,155.18341599999985,,,,fixed_iteration_reference,True,runtime_reference_from_fixed:213
Runtime-budget comparison,Ejection ON fixed-iteration reference,lin318_gen3_m2,1,2500,143.6197539499999,,2500,7088.0,7936.0,10.685483870967742,21033.397669276346,,116.09937919999993,,,,fixed_iteration_reference,True,runtime_reference_from_fixed:214
Runtime-budget comparison,Ejection ON fixed-iteration reference,lin318_gen3_m2,2,2500,143.6197539499999,,2500,7743.0,7936.0,2.4319556451612905,21021.66232933564,,114.5265032999996,,,,fixed_iteration_reference,True,runtime_reference_from_fixed:215
Runtime-budget comparison,Ejection ON fixed-iteration reference,lin318_gen3_m2,3,2500,143.6197539499999,,2500,6556.0,7936.0,17.389112903225808,21025.04746216775,,188.66971730000023,,,,fixed_iteration_reference,True,runtime_reference_from_fixed:216
Runtime-budget comparison,Ejection ON fixed-iteration reference,lin318_gen3_m4,0,2500,60.70490552499973,,2500,3746.0,3797.0,1.3431656570977086,20766.156996125952,,63.37614499999927,,,,fixed_iteration_reference,True,runtime_reference_from_fixed:217
Runtime-budget comparison,Ejection ON fixed-iteration reference,lin318_gen3_m4,1,2500,60.70490552499973,,2500,3794.0,3797.0,0.07900974453515934,20917.903451707116,,60.39553330000035,,,,fixed_iteration_reference,True,runtime_reference_from_fixed:218
Runtime-budget comparison,Ejection ON fixed-iteration reference,lin318_gen3_m4,2,2500,60.70490552499973,,2500,3764.0,3797.0,0.8691071898867527,20849.682869624892,,61.39577609999924,,,,fixed_iteration_reference,True,runtime_reference_from_fixed:219
Runtime-budget comparison,Ejection ON fixed-iteration reference,lin318_gen3_m4,3,2500,60.70490552499973,,2500,3784.0,3797.0,0.3423755596523571,20918.77793781572,,57.652167700000064,,,,fixed_iteration_reference,True,runtime_reference_from_fixed:220
Runtime-budget comparison,Ejection ON fixed-iteration reference,pr136_gen1_m2,0,2500,15.963301450000017,,2500,62.0,63.0,1.5873015873015872,47977.419132357616,,15.729298100000051,,,,fixed_iteration_reference,True,runtime_reference_from_fixed:221
Runtime-budget comparison,Ejection ON fixed-iteration reference,pr136_gen1_m2,1,2500,15.963301450000017,,2500,63.0,63.0,0.0,48220.55888676114,,16.020837900000515,,,,fixed_iteration_reference,True,runtime_reference_from_fixed:222
Runtime-budget comparison,Ejection ON fixed-iteration reference,pr136_gen1_m2,2,2500,15.963301450000017,,2500,63.0,63.0,0.0,48185.363056656075,,15.928281399999833,,,,fixed_iteration_reference,True,runtime_reference_from_fixed:223
Runtime-budget comparison,Ejection ON fixed-iteration reference,pr136_gen1_m2,3,2500,15.963301450000017,,2500,62.0,63.0,1.5873015873015872,47968.71345209544,,16.17478839999967,,,,fixed_iteration_reference,True,runtime_reference_from_fixed:224
Runtime-budget comparison,Ejection ON fixed-iteration reference,pr136_gen2_m2,0,2500,19.648977925000054,,2500,3580.0,3646.0,1.8102029621503017,48326.93335351037,,20.869265400000586,,,,fixed_iteration_reference,True,runtime_reference_from_fixed:225
Runtime-budget comparison,Ejection ON fixed-iteration reference,pr136_gen2_m2,1,2500,19.648977925000054,,2500,3615.0,3646.0,0.850246845858475,48218.55706866434,,17.952772700000423,,,,fixed_iteration_reference,True,runtime_reference_from_fixed:226
Runtime-budget comparison,Ejection ON fixed-iteration reference,pr136_gen2_m2,2,2500,19.648977925000054,,2500,3625.0,3646.0,0.575973669775096,48362.95337776378,,20.936342899999545,,,,fixed_iteration_reference,True,runtime_reference_from_fixed:227
Runtime-budget comparison,Ejection ON fixed-iteration reference,pr136_gen2_m2,3,2500,19.648977925000054,,2500,3577.0,3646.0,1.8924849149753153,48183.91685154005,,18.83753069999966,,,,fixed_iteration_reference,True,runtime_reference_from_fixed:228
Runtime-budget comparison,Ejection ON fixed-iteration reference,pr264_gen1_m4,0,2500,42.47028717500007,,2500,107.0,107.0,0.0,24291.605095693994,,42.42966080000042,,,,fixed_iteration_reference,True,runtime_reference_from_fixed:229
Runtime-budget comparison,Ejection ON fixed-iteration reference,pr264_gen1_m4,1,2500,42.47028717500007,,2500,107.0,107.0,0.0,24291.605095693994,,43.54600990000017,,,,fixed_iteration_reference,True,runtime_reference_from_fixed:230
Runtime-budget comparison,Ejection ON fixed-iteration reference,pr264_gen1_m4,2,2500,42.47028717500007,,2500,106.0,107.0,0.9345794392523364,23893.271742609773,,42.42896850000034,,,,fixed_iteration_reference,True,runtime_reference_from_fixed:231
Runtime-budget comparison,Ejection ON fixed-iteration reference,pr264_gen1_m4,3,2500,42.47028717500007,,2500,106.0,107.0,0.9345794392523364,23870.068015546924,,41.47650949999934,,,,fixed_iteration_reference,True,runtime_reference_from_fixed:232
Runtime-budget comparison,Ejection ON fixed-iteration reference,pr264_gen2_m2,0,2500,103.4976217750002,,2500,6605.0,6635.0,0.45214770158251694,24475.16030675747,,98.7910566999999,,,,fixed_iteration_reference,True,runtime_reference_from_fixed:233
Runtime-budget comparison,Ejection ON fixed-iteration reference,pr264_gen2_m2,1,2500,103.4976217750002,,2500,6615.0,6635.0,0.30143180105501133,24557.47019258749,,105.97391380000045,,,,fixed_iteration_reference,True,runtime_reference_from_fixed:234
Runtime-budget comparison,Ejection ON fixed-iteration reference,pr264_gen2_m2,2,2500,103.4976217750002,,2500,6627.0,6635.0,0.12057272042200452,24541.595263568735,,105.44735519999995,,,,fixed_iteration_reference,True,runtime_reference_from_fixed:235
Runtime-budget comparison,Ejection ON fixed-iteration reference,pr264_gen2_m2,3,2500,103.4976217750002,,2500,6615.0,6635.0,0.30143180105501133,24501.290024133585,,103.7781614000005,,,,fixed_iteration_reference,True,runtime_reference_from_fixed:236
Runtime-budget comparison,Ejection ON fixed-iteration reference,pr264_gen2_m3,0,2500,59.427914599999895,,2500,6347.0,6420.0,1.1370716510903427,24441.52364863395,,56.013699899999665,,,,fixed_iteration_reference,True,runtime_reference_from_fixed:237
Runtime-budget comparison,Ejection ON fixed-iteration reference,pr264_gen2_m3,1,2500,59.427914599999895,,2500,6330.0,6420.0,1.4018691588785046,24535.732180974992,,60.5511219,,,,fixed_iteration_reference,True,runtime_reference_from_fixed:238
Runtime-budget comparison,Ejection ON fixed-iteration reference,pr264_gen2_m3,2,2500,59.427914599999895,,2500,6420.0,6420.0,0.0,24449.319165842066,,58.3115657999997,,,,fixed_iteration_reference,True,runtime_reference_from_fixed:239
Runtime-budget comparison,Ejection ON fixed-iteration reference,pr264_gen2_m3,3,2500,59.427914599999895,,2500,6420.0,6420.0,0.0,24449.319165842066,,62.83527080000022,,,,fixed_iteration_reference,True,runtime_reference_from_fixed:240
Runtime-budget comparison,Ejection ON fixed-iteration reference,pr264_gen2_m4,0,2500,59.24541129999989,,2500,5561.0,5584.0,0.41189111747851004,24255.04645721079,,58.91801289999967,,,,fixed_iteration_reference,True,runtime_reference_from_fixed:241
Runtime-budget comparison,Ejection ON fixed-iteration reference,pr264_gen2_m4,1,2500,59.24541129999989,,2500,5521.0,5584.0,1.1282234957020056,24432.4048803886,,52.633713700000044,,,,fixed_iteration_reference,True,runtime_reference_from_fixed:242
Runtime-budget comparison,Ejection ON fixed-iteration reference,pr264_gen2_m4,2,2500,59.24541129999989,,2500,5563.0,5584.0,0.37607449856733527,24446.738295094954,,64.10459390000051,,,,fixed_iteration_reference,True,runtime_reference_from_fixed:243
Runtime-budget comparison,Ejection ON fixed-iteration reference,pr264_gen2_m4,3,2500,59.24541129999989,,2500,5561.0,5584.0,0.41189111747851004,24255.04645721079,,61.32532469999933,,,,fixed_iteration_reference,True,runtime_reference_from_fixed:244
Runtime-budget comparison,Ejection ON fixed-iteration reference,pr264_gen3_m3,0,2500,65.92646522500013,,2500,2737.0,2772.0,1.2626262626262625,24452.1645984593,,61.689878500000304,,,,fixed_iteration_reference,True,runtime_reference_from_fixed:245
Runtime-budget comparison,Ejection ON fixed-iteration reference,pr264_gen3_m3,1,2500,65.92646522500013,,2500,2704.0,2772.0,2.4531024531024532,24008.82764554153,,75.5073967999997,,,,fixed_iteration_reference,True,runtime_reference_from_fixed:246
Runtime-budget comparison,Ejection ON fixed-iteration reference,pr264_gen3_m3,2,2500,65.92646522500013,,2500,2642.0,2772.0,4.68975468975469,24465.75896057717,,65.24231520000012,,,,fixed_iteration_reference,True,runtime_reference_from_fixed:247
Runtime-budget comparison,Ejection ON fixed-iteration reference,pr264_gen3_m3,3,2500,65.92646522500013,,2500,2733.0,2772.0,1.406926406926407,24520.485342522847,,61.266270400000394,,,,fixed_iteration_reference,True,runtime_reference_from_fixed:248
Runtime-budget comparison,Ejection ON fixed-iteration reference,pr299_gen1_m2,0,2500,73.08424942499983,,2500,135.0,139.0,2.8776978417266186,23906.55898216024,,70.54492890000074,,,,fixed_iteration_reference,True,runtime_reference_from_fixed:249
Runtime-budget comparison,Ejection ON fixed-iteration reference,pr299_gen1_m2,1,2500,73.08424942499983,,2500,138.0,139.0,0.7194244604316546,23944.93498011559,,75.21711820000019,,,,fixed_iteration_reference,True,runtime_reference_from_fixed:250
Runtime-budget comparison,Ejection ON fixed-iteration reference,pr299_gen1_m2,2,2500,73.08424942499983,,2500,135.0,139.0,2.8776978417266186,23961.790323032925,,73.06704779999927,,,,fixed_iteration_reference,True,runtime_reference_from_fixed:251
Runtime-budget comparison,Ejection ON fixed-iteration reference,pr299_gen1_m2,3,2500,73.08424942499983,,2500,138.0,139.0,0.7194244604316546,23920.620280647665,,73.5079027999991,,,,fixed_iteration_reference,True,runtime_reference_from_fixed:252
Runtime-budget comparison,Ejection ON fixed-iteration reference,pr299_gen1_m3,0,2500,48.98347787499961,,2500,108.0,111.0,2.7027027027027026,23883.186964573597,,50.210223199999746,,,,fixed_iteration_reference,True,runtime_reference_from_fixed:253
Runtime-budget comparison,Ejection ON fixed-iteration reference,pr299_gen1_m3,1,2500,48.98347787499961,,2500,109.0,111.0,1.8018018018018018,23931.84501307009,,50.46971440000016,,,,fixed_iteration_reference,True,runtime_reference_from_fixed:254
Runtime-budget comparison,Ejection ON fixed-iteration reference,pr299_gen1_m3,2,2500,48.98347787499961,,2500,109.0,111.0,1.8018018018018018,23948.970630805212,,48.99722449999899,,,,fixed_iteration_reference,True,runtime_reference_from_fixed:255
Runtime-budget comparison,Ejection ON fixed-iteration reference,pr299_gen1_m3,3,2500,48.98347787499961,,2500,108.0,111.0,2.7027027027027026,23880.94195043612,,46.256749399999535,,,,fixed_iteration_reference,True,runtime_reference_from_fixed:256
Runtime-budget comparison,Ejection ON fixed-iteration reference,pr299_gen1_m4,0,2500,33.69549555000003,,2500,83.0,84.0,1.1904761904761905,23834.343199852985,,33.39800639999885,,,,fixed_iteration_reference,True,runtime_reference_from_fixed:257
Runtime-budget comparison,Ejection ON fixed-iteration reference,pr299_gen1_m4,1,2500,33.69549555000003,,2500,83.0,84.0,1.1904761904761905,23828.74349206847,,33.355237699999634,,,,fixed_iteration_reference,True,runtime_reference_from_fixed:258
Runtime-budget comparison,Ejection ON fixed-iteration reference,pr299_gen1_m4,2,2500,33.69549555000003,,2500,82.0,84.0,2.380952380952381,23617.362627273877,,33.93912740000087,,,,fixed_iteration_reference,True,runtime_reference_from_fixed:259
Runtime-budget comparison,Ejection ON fixed-iteration reference,pr299_gen1_m4,3,2500,33.69549555000003,,2500,82.0,84.0,2.380952380952381,23711.050995434747,,34.089610700000776,,,,fixed_iteration_reference,True,runtime_reference_from_fixed:260
Runtime-budget comparison,Ejection ON fixed-iteration reference,pr299_gen2_m3,0,2500,58.31247112500023,,2500,5872.0,6018.0,2.4260551678298437,24029.303110774126,,57.99207630000092,,,,fixed_iteration_reference,True,runtime_reference_from_fixed:261
Runtime-budget comparison,Ejection ON fixed-iteration reference,pr299_gen2_m3,1,2500,58.31247112500023,,2500,5933.0,6018.0,1.4124293785310735,24051.22094124165,,60.41191930000059,,,,fixed_iteration_reference,True,runtime_reference_from_fixed:262
Runtime-budget comparison,Ejection ON fixed-iteration reference,pr299_gen2_m3,2,2500,58.31247112500023,,2500,5872.0,6018.0,2.4260551678298437,24029.303110774126,,57.08365810000032,,,,fixed_iteration_reference,True,runtime_reference_from_fixed:263
Runtime-budget comparison,Ejection ON fixed-iteration reference,pr299_gen2_m3,3,2500,58.31247112500023,,2500,5933.0,6018.0,1.4124293785310735,24030.724679012405,,57.76223079999909,,,,fixed_iteration_reference,True,runtime_reference_from_fixed:264
Runtime-budget comparison,Ejection ON fixed-iteration reference,pr299_gen2_m4,0,2500,36.81183002500029,,2500,4366.0,4457.0,2.0417321067982948,24007.67648220655,,37.7636779000004,,,,fixed_iteration_reference,True,runtime_reference_from_fixed:265
Runtime-budget comparison,Ejection ON fixed-iteration reference,pr299_gen2_m4,1,2500,36.81183002500029,,2500,4309.0,4457.0,3.320619250617007,23986.653868274174,,35.495171100001244,,,,fixed_iteration_reference,True,runtime_reference_from_fixed:266
Runtime-budget comparison,Ejection ON fixed-iteration reference,pr299_gen2_m4,2,2500,36.81183002500029,,2500,4455.0,4457.0,0.04487323311644604,24026.914067020112,,36.80627260000074,,,,fixed_iteration_reference,True,runtime_reference_from_fixed:267
Runtime-budget comparison,Ejection ON fixed-iteration reference,pr299_gen2_m4,3,2500,36.81183002500029,,2500,4380.0,4457.0,1.7276194749831726,23978.356678051663,,37.182198499998776,,,,fixed_iteration_reference,True,runtime_reference_from_fixed:268
Runtime-budget comparison,Ejection ON fixed-iteration reference,pr299_gen3_m2,0,2500,129.8826262249995,,2500,5038.0,5729.0,12.061441787397452,24068.075369649123,,140.51278430000093,,,,fixed_iteration_reference,True,runtime_reference_from_fixed:269
Runtime-budget comparison,Ejection ON fixed-iteration reference,pr299_gen3_m2,1,2500,129.8826262249995,,2500,4692.0,5729.0,18.100890207715132,24041.941903915533,,142.5477125999987,,,,fixed_iteration_reference,True,runtime_reference_from_fixed:270
Runtime-budget comparison,Ejection ON fixed-iteration reference,pr299_gen3_m2,2,2500,129.8826262249995,,2500,5623.0,5729.0,1.850235643218712,24090.40850109724,,103.71085519999906,,,,fixed_iteration_reference,True,runtime_reference_from_fixed:271
Runtime-budget comparison,Ejection ON fixed-iteration reference,pr299_gen3_m2,3,2500,129.8826262249995,,2500,5038.0,5729.0,12.061441787397452,24068.075369649123,,132.75915279999936,,,,fixed_iteration_reference,True,runtime_reference_from_fixed:272
Runtime-budget comparison,Ejection ON fixed-iteration reference,pr299_gen3_m3,0,2500,67.10188205000031,,2500,3398.0,3655.0,7.0314637482900135,24062.53325068936,,62.97480599999835,,,,fixed_iteration_reference,True,runtime_reference_from_fixed:273
Runtime-budget comparison,Ejection ON fixed-iteration reference,pr299_gen3_m3,1,2500,67.10188205000031,,2500,3354.0,3655.0,8.235294117647058,24037.40961634927,,69.23159710000073,,,,fixed_iteration_reference,True,runtime_reference_from_fixed:274
Runtime-budget comparison,Ejection ON fixed-iteration reference,pr299_gen3_m3,2,2500,67.10188205000031,,2500,3282.0,3655.0,10.205198358413133,24045.111792617503,,56.63120920000074,,,,fixed_iteration_reference,True,runtime_reference_from_fixed:275
Runtime-budget comparison,Ejection ON fixed-iteration reference,pr299_gen3_m3,3,2500,67.10188205000031,,2500,3362.0,3655.0,8.01641586867305,23964.08474036167,,79.56991590000143,,,,fixed_iteration_reference,True,runtime_reference_from_fixed:276
Runtime-budget comparison,Ejection ON fixed-iteration reference,pr299_gen3_m4,0,2500,39.1256511749998,,2500,2237.0,2268.0,1.3668430335097002,23938.575650611016,,44.117169099999956,,,,fixed_iteration_reference,True,runtime_reference_from_fixed:277
Runtime-budget comparison,Ejection ON fixed-iteration reference,pr299_gen3_m4,1,2500,39.1256511749998,,2500,2248.0,2268.0,0.8818342151675485,23989.28158134555,,40.61210109999956,,,,fixed_iteration_reference,True,runtime_reference_from_fixed:278
Runtime-budget comparison,Ejection ON fixed-iteration reference,pr299_gen3_m4,2,2500,39.1256511749998,,2500,2244.0,2268.0,1.0582010582010581,24018.897845587548,,36.73396589999902,,,,fixed_iteration_reference,True,runtime_reference_from_fixed:279
Runtime-budget comparison,Ejection ON fixed-iteration reference,pr299_gen3_m4,3,2500,39.1256511749998,,2500,2248.0,2268.0,0.8818342151675485,23989.28158134555,,35.03936860000067,,,,fixed_iteration_reference,True,runtime_reference_from_fixed:280
Runtime-budget comparison,Ejection ON fixed-iteration reference,rat195_gen2_m2,0,2500,39.65561865000018,,2500,5096.0,5148.0,1.0101010101010102,1158.5518516587035,,39.53564180000103,,,,fixed_iteration_reference,True,runtime_reference_from_fixed:281
Runtime-budget comparison,Ejection ON fixed-iteration reference,rat195_gen2_m2,1,2500,39.65561865000018,,2500,4882.0,5148.0,5.167055167055167,1160.939932750703,,40.58751200000006,,,,fixed_iteration_reference,True,runtime_reference_from_fixed:282
Runtime-budget comparison,Ejection ON fixed-iteration reference,rat195_gen2_m2,2,2500,39.65561865000018,,2500,5052.0,5148.0,1.8648018648018647,1160.7571105386971,,36.08140000000094,,,,fixed_iteration_reference,True,runtime_reference_from_fixed:283
Runtime-budget comparison,Ejection ON fixed-iteration reference,rat195_gen2_m2,3,2500,39.65561865000018,,2500,4926.0,5148.0,4.312354312354312,1159.9271736046842,,42.41792079999868,,,,fixed_iteration_reference,True,runtime_reference_from_fixed:284
Runtime-budget comparison,Ejection ON fixed-iteration reference,rat195_gen3_m3,0,2500,33.92039642500049,,2500,2529.0,2574.0,1.7482517482517483,1157.2523909704926,,33.98993090000113,,,,fixed_iteration_reference,True,runtime_reference_from_fixed:285
Runtime-budget comparison,Ejection ON fixed-iteration reference,rat195_gen3_m3,1,2500,33.92039642500049,,2500,2529.0,2574.0,1.7482517482517483,1157.2523909704926,,35.37836910000078,,,,fixed_iteration_reference,True,runtime_reference_from_fixed:286
Runtime-budget comparison,Ejection ON fixed-iteration reference,rat195_gen3_m3,2,2500,33.92039642500049,,2500,2536.0,2574.0,1.4763014763014763,1157.642535606811,,31.764658399999462,,,,fixed_iteration_reference,True,runtime_reference_from_fixed:287
Runtime-budget comparison,Ejection ON fixed-iteration reference,rat195_gen3_m3,3,2500,33.92039642500049,,2500,2529.0,2574.0,1.7482517482517483,1157.2523909704926,,34.54862730000059,,,,fixed_iteration_reference,True,runtime_reference_from_fixed:288
Runtime-budget comparison,Ejection ON fixed-iteration reference,rd400_gen1_m2,0,2500,223.00533550000046,,2500,214.0,232.0,7.758620689655173,7605.738390115641,,228.0418019000008,,,,fixed_iteration_reference,True,runtime_reference_from_fixed:289
Runtime-budget comparison,Ejection ON fixed-iteration reference,rd400_gen1_m2,1,2500,223.00533550000046,,2500,215.0,232.0,7.327586206896552,7625.008320939014,,225.48202149999997,,,,fixed_iteration_reference,True,runtime_reference_from_fixed:290
Runtime-budget comparison,Ejection ON fixed-iteration reference,rd400_gen1_m2,2,2500,223.00533550000046,,2500,212.0,232.0,8.620689655172415,7600.630261094962,,215.27182549999998,,,,fixed_iteration_reference,True,runtime_reference_from_fixed:291
Runtime-budget comparison,Ejection ON fixed-iteration reference,rd400_gen1_m2,3,2500,223.00533550000046,,2500,218.0,232.0,6.0344827586206895,7600.924175644245,,223.22569310000108,,,,fixed_iteration_reference,True,runtime_reference_from_fixed:292
Runtime-budget comparison,Ejection ON fixed-iteration reference,rd400_gen1_m3,0,2500,185.6676365999997,,2500,205.0,224.0,8.482142857142858,7625.176155275347,,180.6355184999993,,,,fixed_iteration_reference,True,runtime_reference_from_fixed:293
Runtime-budget comparison,Ejection ON fixed-iteration reference,rd400_gen1_m3,1,2500,185.6676365999997,,2500,207.0,224.0,7.589285714285714,7578.413312910518,,181.0279215999999,,,,fixed_iteration_reference,True,runtime_reference_from_fixed:294
Runtime-budget comparison,Ejection ON fixed-iteration reference,rd400_gen1_m3,2,2500,185.6676365999997,,2500,214.0,224.0,4.464285714285714,7595.885560950637,,187.0759006999997,,,,fixed_iteration_reference,True,runtime_reference_from_fixed:295
Runtime-budget comparison,Ejection ON fixed-iteration reference,rd400_gen1_m3,3,2500,185.6676365999997,,2500,214.0,224.0,4.464285714285714,7608.6504237397785,,193.93120559999988,,,,fixed_iteration_reference,True,runtime_reference_from_fixed:296
Runtime-budget comparison,Ejection ON fixed-iteration reference,rd400_gen1_m4,0,2500,158.66772430000037,,2500,197.0,213.0,7.511737089201878,7566.920725229051,,160.73703380000006,,,,fixed_iteration_reference,True,runtime_reference_from_fixed:297
Runtime-budget comparison,Ejection ON fixed-iteration reference,rd400_gen1_m4,1,2500,158.66772430000037,,2500,204.0,213.0,4.225352112676056,7553.734061236081,,160.1582569000002,,,,fixed_iteration_reference,True,runtime_reference_from_fixed:298
Runtime-budget comparison,Ejection ON fixed-iteration reference,rd400_gen1_m4,2,2500,158.66772430000037,,2500,203.0,213.0,4.694835680751174,7615.875011815472,,156.98526740000125,,,,fixed_iteration_reference,True,runtime_reference_from_fixed:299
Runtime-budget comparison,Ejection ON fixed-iteration reference,rd400_gen1_m4,3,2500,158.66772430000037,,2500,199.0,213.0,6.572769953051643,7579.339595887327,,156.79033909999998,,,,fixed_iteration_reference,True,runtime_reference_from_fixed:300
Runtime-budget comparison,Ejection ON fixed-iteration reference,rd400_gen2_m2,0,2500,263.8937799750006,,2500,12357.0,13045.0,5.274051360674588,7640.544191760615,,266.82702470000004,,,,fixed_iteration_reference,True,runtime_reference_from_fixed:301
Runtime-budget comparison,Ejection ON fixed-iteration reference,rd400_gen2_m2,1,2500,263.8937799750006,,2500,12532.0,13045.0,3.9325412035262555,7633.883178263408,,256.4754943000007,,,,fixed_iteration_reference,True,runtime_reference_from_fixed:302
Runtime-budget comparison,Ejection ON fixed-iteration reference,rd400_gen2_m2,2,2500,263.8937799750006,,2500,12136.0,13045.0,6.968187044844768,7638.2712148328665,,282.3546825000012,,,,fixed_iteration_reference,True,runtime_reference_from_fixed:303
Runtime-budget comparison,Ejection ON fixed-iteration reference,rd400_gen2_m2,3,2500,263.8937799750006,,2500,12533.0,13045.0,3.9248754311996934,7640.625983592352,,249.91791840000042,,,,fixed_iteration_reference,True,runtime_reference_from_fixed:304
Runtime-budget comparison,Ejection ON fixed-iteration reference,rd400_gen2_m3,0,2500,211.91072160000067,,2500,11653.0,12646.0,7.852285307607149,7632.158245486208,,208.7250677000011,,,,fixed_iteration_reference,True,runtime_reference_from_fixed:305
Runtime-budget comparison,Ejection ON fixed-iteration reference,rd400_gen2_m3,1,2500,211.91072160000067,,2500,11794.0,12646.0,6.737308239759607,7634.101055483048,,199.37960569999996,,,,fixed_iteration_reference,True,runtime_reference_from_fixed:306
Runtime-budget comparison,Ejection ON fixed-iteration reference,rd400_gen2_m3,2,2500,211.91072160000067,,2500,11975.0,12646.0,5.306025620749645,7634.090754064706,,217.65071290000014,,,,fixed_iteration_reference,True,runtime_reference_from_fixed:307
Runtime-budget comparison,Ejection ON fixed-iteration reference,rd400_gen2_m3,3,2500,211.91072160000067,,2500,11764.0,12646.0,6.974537403131425,7631.5452300444795,,221.8875001000015,,,,fixed_iteration_reference,True,runtime_reference_from_fixed:308
Runtime-budget comparison,Ejection ON fixed-iteration reference,rd400_gen2_m4,0,2500,154.48436360000005,,2500,10756.0,12032.0,10.605053191489361,7622.412085765008,,160.07517600000028,,,,fixed_iteration_reference,True,runtime_reference_from_fixed:309
Runtime-budget comparison,Ejection ON fixed-iteration reference,rd400_gen2_m4,1,2500,154.48436360000005,,2500,10618.0,12032.0,11.751994680851064,7633.815918960314,,145.4478041000002,,,,fixed_iteration_reference,True,runtime_reference_from_fixed:310
Runtime-budget comparison,Ejection ON fixed-iteration reference,rd400_gen2_m4,2,2500,154.48436360000005,,2500,10949.0,12032.0,9.000997340425531,7631.411907266611,,154.30728520000048,,,,fixed_iteration_reference,True,runtime_reference_from_fixed:311
Runtime-budget comparison,Ejection ON fixed-iteration reference,rd400_gen2_m4,3,2500,154.48436360000005,,2500,10587.0,12032.0,12.009640957446809,7633.237309482584,,158.10718909999923,,,,fixed_iteration_reference,True,runtime_reference_from_fixed:312
Runtime-budget comparison,Ejection ON fixed-iteration reference,rd400_gen3_m2,0,2500,261.92568397499963,,2500,11992.0,12431.0,3.531493846030086,7637.491272583722,,257.7364865999989,,,,fixed_iteration_reference,True,runtime_reference_from_fixed:313
Runtime-budget comparison,Ejection ON fixed-iteration reference,rd400_gen3_m2,1,2500,261.92568397499963,,2500,11840.0,12431.0,4.754243423698817,7633.734813564966,,255.89674109999942,,,,fixed_iteration_reference,True,runtime_reference_from_fixed:314
Runtime-budget comparison,Ejection ON fixed-iteration reference,rd400_gen3_m2,2,2500,261.92568397499963,,2500,11880.0,12431.0,4.432467219049151,7627.735690349219,,263.7378673000003,,,,fixed_iteration_reference,True,runtime_reference_from_fixed:315
Runtime-budget comparison,Ejection ON fixed-iteration reference,rd400_gen3_m2,3,2500,261.92568397499963,,2500,12052.0,12431.0,3.048829539055587,7632.273215781255,,270.3316408999999,,,,fixed_iteration_reference,True,runtime_reference_from_fixed:316
Runtime-budget comparison,Ejection ON fixed-iteration reference,rd400_gen3_m3,0,2500,201.04796192499998,,2500,10673.0,11639.0,8.299682103273478,7637.712284376214,,188.74996210000063,,,,fixed_iteration_reference,True,runtime_reference_from_fixed:317
Runtime-budget comparison,Ejection ON fixed-iteration reference,rd400_gen3_m3,1,2500,201.04796192499998,,2500,10730.0,11639.0,7.809949308359824,7638.044566157484,,193.2042206999995,,,,fixed_iteration_reference,True,runtime_reference_from_fixed:318
Runtime-budget comparison,Ejection ON fixed-iteration reference,rd400_gen3_m3,2,2500,201.04796192499998,,2500,10791.0,11639.0,7.285849299768021,7637.494084338485,,217.76809420000063,,,,fixed_iteration_reference,True,runtime_reference_from_fixed:319
Runtime-budget comparison,Ejection ON fixed-iteration reference,rd400_gen3_m3,3,2500,201.04796192499998,,2500,10713.0,11639.0,7.956009966491966,7633.259469476068,,204.46957069999917,,,,fixed_iteration_reference,True,runtime_reference_from_fixed:320
Runtime-budget comparison,Ejection ON fixed-iteration reference,rd400_gen3_m4,0,2500,156.93396472500035,,2500,9410.0,10436.0,9.831353008815638,7605.477695269233,,141.65899890000037,,,,fixed_iteration_reference,True,runtime_reference_from_fixed:321
Runtime-budget comparison,Ejection ON fixed-iteration reference,rd400_gen3_m4,1,2500,156.93396472500035,,2500,9310.0,10436.0,10.789574549635876,7628.000581099337,,172.8941274000008,,,,fixed_iteration_reference,True,runtime_reference_from_fixed:322
Runtime-budget comparison,Ejection ON fixed-iteration reference,rd400_gen3_m4,2,2500,156.93396472500035,,2500,9316.0,10436.0,10.732081257186662,7631.537496312402,,164.4552007000002,,,,fixed_iteration_reference,True,runtime_reference_from_fixed:323
Runtime-budget comparison,Ejection ON fixed-iteration reference,rd400_gen3_m4,3,2500,156.93396472500035,,2500,9561.0,10436.0,8.38443848217708,7627.333739585407,,148.72753190000003,,,,fixed_iteration_reference,True,runtime_reference_from_fixed:324
Runtime-budget comparison,Ejection ON fixed-iteration reference,ts225_gen2_m2,0,2500,58.3808446500002,,2500,5708.0,5859.0,2.577231609489674,63147.257632544206,,71.56851809999898,,,,fixed_iteration_reference,True,runtime_reference_from_fixed:325
Runtime-budget comparison,Ejection ON fixed-iteration reference,ts225_gen2_m2,1,2500,58.3808446500002,,2500,5854.0,5859.0,0.08533879501621437,62975.68475729039,,56.30334439999933,,,,fixed_iteration_reference,True,runtime_reference_from_fixed:326
Runtime-budget comparison,Ejection ON fixed-iteration reference,ts225_gen2_m2,2,2500,58.3808446500002,,2500,5859.0,5859.0,0.0,62975.68475729039,,59.618700300001365,,,,fixed_iteration_reference,True,runtime_reference_from_fixed:327
Runtime-budget comparison,Ejection ON fixed-iteration reference,ts225_gen2_m2,3,2500,58.3808446500002,,2500,5666.0,5859.0,3.294077487625875,63227.03520989542,,46.03281580000112,,,,fixed_iteration_reference,True,runtime_reference_from_fixed:328
Runtime-budget comparison,GRASP,bier127_gen1_m2,0,2500,26.947047625000096,26.697047625000096,54085,98.0,106.0,7.547169811320755,58316.33995247987,98,26.697690900000453,0.24935672499964312,True,,hard_wall,True,runtime_4methods_csv:1
Runtime-budget comparison,GRASP,bier127_gen1_m2,1,2500,26.947047625000096,26.697047625000096,53161,99.0,106.0,6.60377358490566,58816.32005577115,99,26.697497999994084,0.2495496250060114,True,,hard_wall,True,runtime_4methods_csv:2
Runtime-budget comparison,GRASP,bier127_gen1_m2,2,2500,26.947047625000096,26.697047625000096,54073,98.0,106.0,7.547169811320755,58031.74219625891,98,26.697483300005842,0.24956432499425318,True,,hard_wall,True,runtime_4methods_csv:3
Runtime-budget comparison,GRASP,bier127_gen1_m2,3,2500,26.947047625000096,26.697047625000096,53423,98.0,106.0,7.547169811320755,57771.68017294801,98,26.697431700005836,0.24961592499425933,True,,hard_wall,True,runtime_4methods_csv:4
Runtime-budget comparison,GRASP,bier127_gen1_m3,0,2500,22.197212824999724,21.947212824999724,50802,97.0,103.0,5.825242718446602,57349.62800595074,97,21.94750309999654,0.24970972500318567,True,,hard_wall,True,runtime_4methods_csv:17
Runtime-budget comparison,GRASP,bier127_gen1_m3,1,2500,22.197212824999724,21.947212824999724,52533,96.0,103.0,6.796116504854369,56852.74724587696,96,21.94783550000284,0.24937732499688536,True,,hard_wall,True,runtime_4methods_csv:18
Runtime-budget comparison,GRASP,bier127_gen1_m3,2,2500,22.197212824999724,21.947212824999724,50730,96.0,103.0,6.796116504854369,56593.56831366672,96,21.947899300001154,0.24931352499856985,True,,hard_wall,True,runtime_4methods_csv:19
Runtime-budget comparison,GRASP,bier127_gen1_m3,3,2500,22.197212824999724,21.947212824999724,50671,96.0,103.0,6.796116504854369,56821.77438017959,96,21.94776859999547,0.2494442250042539,True,,hard_wall,True,runtime_4methods_csv:20
Runtime-budget comparison,GRASP,bier127_gen2_m2,0,2500,39.04240269999991,38.79240269999991,85649,5089.0,5464.0,6.863103953147877,58663.35409223661,95,38.79280369999469,0.24959900000521884,True,,hard_wall,True,runtime_4methods_csv:33
Runtime-budget comparison,GRASP,bier127_gen2_m2,1,2500,39.04240269999991,38.79240269999991,83911,5180.0,5464.0,5.197657393850659,58809.37351476437,96,38.79268510000111,0.24971759999880305,True,,hard_wall,True,runtime_4methods_csv:34
Runtime-budget comparison,GRASP,bier127_gen2_m2,2,2500,39.04240269999991,38.79240269999991,83893,5181.0,5464.0,5.179355783308931,58459.324008515425,97,38.79317979999905,0.24922290000085923,True,,hard_wall,True,runtime_4methods_csv:35
Runtime-budget comparison,GRASP,bier127_gen2_m2,3,2500,39.04240269999991,38.79240269999991,85295,5177.0,5464.0,5.252562225475842,58356.678082680184,94,38.792780399999174,0.2496223000007376,True,,hard_wall,True,runtime_4methods_csv:36
Runtime-budget comparison,GRASP,bier127_gen2_m3,0,2500,25.10175977499989,24.85175977499989,62886,4978.0,5393.0,7.695160393102169,58637.74477909551,94,24.852033099996333,0.24972667500355783,True,,hard_wall,True,runtime_4methods_csv:49
Runtime-budget comparison,GRASP,bier127_gen2_m3,1,2500,25.10175977499989,24.85175977499989,62179,4930.0,5393.0,8.585203040979048,58334.52491388797,91,24.85235660000035,0.2494031749995429,True,,hard_wall,True,runtime_4methods_csv:50
Runtime-budget comparison,GRASP,bier127_gen2_m3,2,2500,25.10175977499989,24.85175977499989,63105,4932.0,5393.0,8.548117930650843,58608.39781780146,94,24.85217630000261,0.24958347499728006,True,,hard_wall,True,runtime_4methods_csv:51
Runtime-budget comparison,GRASP,bier127_gen2_m3,3,2500,25.10175977499989,24.85175977499989,62694,4969.0,5393.0,7.862043389579084,58155.23380504247,94,24.852322099999583,0.24943767500030845,True,,hard_wall,True,runtime_4methods_csv:52
Runtime-budget comparison,GRASP,bier127_gen2_m4,0,2500,23.99965545000032,23.74965545000032,63339,4864.0,5123.0,5.055631465937927,58534.84446396683,93,23.749913699997705,0.24974175000261312,True,,hard_wall,True,runtime_4methods_csv:65
Runtime-budget comparison,GRASP,bier127_gen2_m4,1,2500,23.99965545000032,23.74965545000032,63976,4870.0,5123.0,4.938512590279133,58419.56319752141,93,23.750235200001043,0.24942024999927526,True,,hard_wall,True,runtime_4methods_csv:66
Runtime-budget comparison,GRASP,bier127_gen2_m4,2,2500,23.99965545000032,23.74965545000032,62306,4864.0,5123.0,5.055631465937927,58121.32017850035,92,23.75004269999772,0.24961275000259775,True,,hard_wall,True,runtime_4methods_csv:67
Runtime-budget comparison,GRASP,bier127_gen2_m4,3,2500,23.99965545000032,23.74965545000032,63119,4862.0,5123.0,5.094671091157525,56921.630708625475,94,23.749936100000923,0.2497193499993955,True,,hard_wall,True,runtime_4methods_csv:68
Runtime-budget comparison,GRASP,bier127_gen3_m2,0,2500,44.40461825000011,44.15461825000011,101658,2542.0,2885.0,11.889081455805892,57579.65553039392,100,44.15519839999615,0.24941985000396016,True,,hard_wall,True,runtime_4methods_csv:81
Runtime-budget comparison,GRASP,bier127_gen3_m2,1,2500,44.40461825000011,44.15461825000011,100145,2575.0,2885.0,10.74523396880416,58527.8363624107,86,44.15517489999911,0.24944335000100182,True,,hard_wall,True,runtime_4methods_csv:82
Runtime-budget comparison,GRASP,bier127_gen3_m2,2,2500,44.40461825000011,44.15461825000011,100667,2605.0,2885.0,9.705372616984402,58985.94365244178,98,44.15489450000314,0.24972374999697422,True,,hard_wall,True,runtime_4methods_csv:83
Runtime-budget comparison,GRASP,bier127_gen3_m2,3,2500,44.40461825000011,44.15461825000011,101200,2550.0,2885.0,11.611785095320624,56741.81165068636,86,44.15496180000628,0.24965644999383585,True,,hard_wall,True,runtime_4methods_csv:84
Runtime-budget comparison,GRASP,bier127_gen3_m3,0,2500,37.86989892500014,37.61989892500014,86465,2561.0,2706.0,5.358462675535846,58795.5652522737,99,37.62053900000001,0.24935992500013526,True,,hard_wall,True,runtime_4methods_csv:97
Runtime-budget comparison,GRASP,bier127_gen3_m3,1,2500,37.86989892500014,37.61989892500014,89244,2418.0,2706.0,10.643015521064301,57200.1403493314,94,37.62056889999997,0.24933002500017665,True,,hard_wall,True,runtime_4methods_csv:98
Runtime-budget comparison,GRASP,bier127_gen3_m3,2,2500,37.86989892500014,37.61989892500014,91947,2406.0,2706.0,11.086474501108647,58859.14556749585,98,37.620245400000044,0.24965352500009885,True,,hard_wall,True,runtime_4methods_csv:99
Runtime-budget comparison,GRASP,bier127_gen3_m3,3,2500,37.86989892500014,37.61989892500014,94542,2507.0,2706.0,7.354028085735403,57778.61473588532,98,37.62062679999997,0.24927212500017504,True,,hard_wall,True,runtime_4methods_csv:100
Runtime-budget comparison,GRASP,bier127_gen3_m4,0,2500,28.300104599999713,28.050104599999713,73953,2192.0,2402.0,8.742714404662781,56315.98809269777,95,28.05065620000005,0.24944839999966462,True,,hard_wall,True,runtime_4methods_csv:113
Runtime-budget comparison,GRASP,bier127_gen3_m4,1,2500,28.300104599999713,28.050104599999713,73863,2197.0,2402.0,8.534554537885096,57073.00997685817,97,28.050439200000028,0.24966539999968518,True,,hard_wall,True,runtime_4methods_csv:114
Runtime-budget comparison,GRASP,bier127_gen3_m4,2,2500,28.300104599999713,28.050104599999713,74102,2189.0,2402.0,8.867610324729393,56982.94054124634,97,28.05060400000002,0.24950059999969199,True,,hard_wall,True,runtime_4methods_csv:115
Runtime-budget comparison,GRASP,bier127_gen3_m4,3,2500,28.300104599999713,28.050104599999713,74213,2228.0,2402.0,7.243963363863447,57816.558315143964,97,28.050392999999985,0.2497115999997277,True,,hard_wall,True,runtime_4methods_csv:116
Runtime-budget comparison,GRASP,cmt101c_m3,0,2500,13.720634825000161,13.470634825000161,50549,1200.0,1300.0,7.6923076923076925,363.7586232204278,66,13.47094590000006,0.24968892500010043,True,,hard_wall,True,runtime_4methods_csv:129
Runtime-budget comparison,GRASP,cmt101c_m3,1,2500,13.720634825000161,13.470634825000161,50687,1180.0,1300.0,9.23076923076923,366.0954145539693,65,13.471006799999941,0.24962802500022008,True,,hard_wall,True,runtime_4methods_csv:130
Runtime-budget comparison,GRASP,cmt101c_m3,2,2500,13.720634825000161,13.470634825000161,50567,1200.0,1300.0,7.6923076923076925,355.820200038197,63,13.4710963,0.24953852500016183,True,,hard_wall,True,runtime_4methods_csv:131
Runtime-budget comparison,GRASP,cmt101c_m3,3,2500,13.720634825000161,13.470634825000161,50654,1220.0,1300.0,6.153846153846154,370.6300612190267,65,13.471135999999888,0.24949882500027343,True,,hard_wall,True,runtime_4methods_csv:132
Runtime-budget comparison,GRASP,cmt151b_m3,0,2500,23.452230249999957,23.202230249999957,71356,1256.0,1385.0,9.31407942238267,345.9169944070261,74,23.20264259999999,0.24958764999996674,True,,hard_wall,True,runtime_4methods_csv:145
Runtime-budget comparison,GRASP,cmt151b_m3,1,2500,23.452230249999957,23.202230249999957,70993,1241.0,1385.0,10.397111913357401,341.8021069148698,68,23.202531399999998,0.24969884999995884,True,,hard_wall,True,runtime_4methods_csv:146
Runtime-budget comparison,GRASP,cmt151b_m3,2,2500,23.452230249999957,23.202230249999957,75084,1241.0,1385.0,10.397111913357401,344.63115071294726,73,23.202632700000095,0.24959754999986217,True,,hard_wall,True,runtime_4methods_csv:147
Runtime-budget comparison,GRASP,cmt151b_m3,3,2500,23.452230249999957,23.202230249999957,75745,1245.0,1385.0,10.108303249097473,340.2091434002139,70,23.20268770000007,0.24954254999988734,True,,hard_wall,True,runtime_4methods_csv:148
Runtime-budget comparison,GRASP,cmt151c_m2,0,2500,35.23979887500013,34.98979887500013,72208,1847.0,1964.0,5.957230142566192,520.4311990221141,112,34.99022169999989,0.24957717500024046,True,,hard_wall,True,runtime_4methods_csv:161
Runtime-budget comparison,GRASP,cmt151c_m2,1,2500,35.23979887500013,34.98979887500013,72530,1839.0,1964.0,6.364562118126273,521.8186904032891,108,34.99071230000027,0.24908657499986475,True,,hard_wall,True,runtime_4methods_csv:162
Runtime-budget comparison,GRASP,cmt151c_m2,2,2500,35.23979887500013,34.98979887500013,72509,1821.0,1964.0,7.281059063136456,511.58230401328694,110,34.99015529999997,0.24964357500016376,True,,hard_wall,True,runtime_4methods_csv:163
Runtime-budget comparison,GRASP,cmt151c_m2,3,2500,35.23979887500013,34.98979887500013,72396,1816.0,1964.0,7.535641547861507,523.0871101888085,109,34.99030270000003,0.2494961750001039,True,,hard_wall,True,runtime_4methods_csv:164
Runtime-budget comparison,GRASP,cmt151c_m3,0,2500,29.997989475000168,29.747989475000168,70568,1747.0,1916.0,8.820459290187891,518.0050159846046,103,29.74876180000001,0.24922767500015652,True,,hard_wall,True,runtime_4methods_csv:177
Runtime-budget comparison,GRASP,cmt151c_m3,1,2500,29.997989475000168,29.747989475000168,70869,1775.0,1916.0,7.359081419624217,510.6907421240984,103,29.748318299999937,0.2496711750002305,True,,hard_wall,True,runtime_4methods_csv:178
Runtime-budget comparison,GRASP,cmt151c_m3,2,2500,29.997989475000168,29.747989475000168,70495,1750.0,1916.0,8.663883089770355,514.1097719232492,106,29.748402899999746,0.24958657500042136,True,,hard_wall,True,runtime_4methods_csv:179
Runtime-budget comparison,GRASP,cmt151c_m3,3,2500,29.997989475000168,29.747989475000168,70555,1773.0,1916.0,7.463465553235908,520.8409869312183,104,29.748489699999936,0.24949977500023124,True,,hard_wall,True,runtime_4methods_csv:180
Runtime-budget comparison,GRASP,cmt151c_m4,0,2500,25.793135625000104,25.543135625000104,65075,1685.0,1880.0,10.372340425531915,519.0538916247463,100,25.543646099999933,0.24948952500017185,True,,hard_wall,True,runtime_4methods_csv:193
Runtime-budget comparison,GRASP,cmt151c_m4,1,2500,25.793135625000104,25.543135625000104,64842,1694.0,1880.0,9.893617021276595,503.7659029963721,100,25.543403100000432,0.24973252499967202,True,,hard_wall,True,runtime_4methods_csv:194
Runtime-budget comparison,GRASP,cmt151c_m4,2,2500,25.793135625000104,25.543135625000104,64822,1704.0,1880.0,9.361702127659575,511.67228281157315,100,25.543538300000364,0.24959732499974052,True,,hard_wall,True,runtime_4methods_csv:195
Runtime-budget comparison,GRASP,cmt151c_m4,3,2500,25.793135625000104,25.543135625000104,65152,1658.0,1880.0,11.808510638297872,515.2447863498428,100,25.54365629999984,0.24947932500026582,True,,hard_wall,True,runtime_4methods_csv:196
Runtime-budget comparison,GRASP,cmt200b_m2,0,2500,61.60824172499974,61.300200516374744,130631,1864.0,2096.0,11.068702290076336,379.7192779149734,109,61.30138299999999,0.3068587249997563,True,,hard_wall,True,runtime_4methods_csv:209
Runtime-budget comparison,GRASP,cmt200b_m2,1,2500,61.60824172499974,61.300200516374744,132176,1836.0,2096.0,12.404580152671755,375.33541818248636,106,61.30113530000017,0.3071064249995743,True,,hard_wall,True,runtime_4methods_csv:210
Runtime-budget comparison,GRASP,cmt200b_m2,2,2500,61.60824172499974,61.300200516374744,126781,1843.0,2096.0,12.070610687022901,371.08229652103944,106,61.30117130000008,0.3070704249996652,True,,hard_wall,True,runtime_4methods_csv:211
Runtime-budget comparison,GRASP,cmt200b_m2,3,2500,61.60824172499974,61.300200516374744,132247,1867.0,2096.0,10.92557251908397,376.1955214028902,107,61.30101019999984,0.30723152499990647,True,,hard_wall,True,runtime_4methods_csv:212
Runtime-budget comparison,GRASP,cmt200b_m3,0,2500,43.168239249999715,42.918239249999715,106312,1736.0,2019.0,14.016840019811788,377.09482946916694,100,42.91885269999966,0.24938655000005383,True,,hard_wall,True,runtime_4methods_csv:225
Runtime-budget comparison,GRASP,cmt200b_m3,1,2500,43.168239249999715,42.918239249999715,106073,1732.0,2019.0,14.21495789995047,380.69035889530915,99,42.91910159999952,0.2491376500001934,True,,hard_wall,True,runtime_4methods_csv:226
Runtime-budget comparison,GRASP,cmt200b_m3,2,2500,43.168239249999715,42.918239249999715,106402,1753.0,2019.0,13.174839029222387,377.384616954088,100,42.91901280000002,0.24922644999969634,True,,hard_wall,True,runtime_4methods_csv:227
Runtime-budget comparison,GRASP,cmt200b_m3,3,2500,43.168239249999715,42.918239249999715,106450,1774.0,2019.0,12.134720158494304,379.746403320701,97,42.91899379999995,0.24924544999976206,True,,hard_wall,True,runtime_4methods_csv:228
Runtime-budget comparison,GRASP,cmt200b_m4,0,2500,36.43267667500004,36.18267667500004,94091,1636.0,1894.0,13.621964097148892,378.89187966803684,95,36.18342029999985,0.24925637500018638,True,,hard_wall,True,runtime_4methods_csv:241
Runtime-budget comparison,GRASP,cmt200b_m4,1,2500,36.43267667500004,36.18267667500004,94266,1667.0,1894.0,11.985216473072862,372.146923749308,95,36.18323039999996,0.2494462750000821,True,,hard_wall,True,runtime_4methods_csv:242
Runtime-budget comparison,GRASP,cmt200b_m4,2,2500,36.43267667500004,36.18267667500004,94283,1654.0,1894.0,12.671594508975712,376.24858591396793,90,36.18328779999956,0.24938887500047713,True,,hard_wall,True,runtime_4methods_csv:243
Runtime-budget comparison,GRASP,cmt200b_m4,3,2500,36.43267667500004,36.18267667500004,93679,1673.0,1894.0,11.668426610348469,375.8868851717615,96,36.18315970000003,0.24951697500000591,True,,hard_wall,True,runtime_4methods_csv:244
Runtime-budget comparison,GRASP,cmt200c_m2,0,2500,74.74050765000015,74.36680511175015,114890,2605.0,2818.0,7.558552164655784,565.644893072312,148,74.3677972000005,0.3727104499996585,True,,hard_wall,True,runtime_4methods_csv:257
Runtime-budget comparison,GRASP,cmt200c_m2,1,2500,74.74050765000015,74.36680511175015,112832,2563.0,2818.0,9.048970901348474,563.7542973661562,152,74.36734120000074,0.3731664499994167,True,,hard_wall,True,runtime_4methods_csv:258
Runtime-budget comparison,GRASP,cmt200c_m2,2,2500,74.74050765000015,74.36680511175015,114411,2564.0,2818.0,9.013484740951029,564.6616612287365,147,74.36759429999984,0.3729133500003172,True,,hard_wall,True,runtime_4methods_csv:259
Runtime-budget comparison,GRASP,cmt200c_m2,3,2500,74.74050765000015,74.36680511175015,114220,2581.0,2818.0,8.410220014194465,570.5988684607091,146,74.36742670000058,0.37308094999957575,True,,hard_wall,True,runtime_4methods_csv:260
Runtime-budget comparison,GRASP,cmt200c_m3,0,2500,57.302805800000215,57.01629177100021,102525,2429.0,2766.0,12.183658712942878,562.0004898197284,141,57.016926299999795,0.2858795000004193,True,,hard_wall,True,runtime_4methods_csv:273
Runtime-budget comparison,GRASP,cmt200c_m3,1,2500,57.302805800000215,57.01629177100021,102310,2447.0,2766.0,11.532899493853941,558.7533509796847,139,57.01724370000011,0.2855621000001065,True,,hard_wall,True,runtime_4methods_csv:274
Runtime-budget comparison,GRASP,cmt200c_m3,2,2500,57.302805800000215,57.01629177100021,102292,2456.0,2766.0,11.207519884309471,554.9092892763149,144,57.017423500000405,0.28538229999981013,True,,hard_wall,True,runtime_4methods_csv:275
Runtime-budget comparison,GRASP,cmt200c_m3,3,2500,57.302805800000215,57.01629177100021,102230,2496.0,2766.0,9.761388286334057,561.9059022021252,146,57.016872799999874,0.28593300000034105,True,,hard_wall,True,runtime_4methods_csv:276
Runtime-budget comparison,GRASP,cmt200c_m4,0,2500,49.67051197500018,49.42051197500018,95915,2423.0,2712.0,10.656342182890855,564.5441544002929,141,49.421359900000425,0.24915207499975622,True,,hard_wall,True,runtime_4methods_csv:289
Runtime-budget comparison,GRASP,cmt200c_m4,1,2500,49.67051197500018,49.42051197500018,96675,2371.0,2712.0,12.573746312684365,566.3808261860089,135,49.42113809999955,0.2493738750006287,True,,hard_wall,True,runtime_4methods_csv:290
Runtime-budget comparison,GRASP,cmt200c_m4,2,2500,49.67051197500018,49.42051197500018,96571,2377.0,2712.0,12.35250737463127,565.546822823446,140,49.421095499999865,0.2494164750003165,True,,hard_wall,True,runtime_4methods_csv:291
Runtime-budget comparison,GRASP,cmt200c_m4,3,2500,49.67051197500018,49.42051197500018,96364,2395.0,2712.0,11.688790560471977,561.1966004860418,141,49.42110610000054,0.2494058749996384,True,,hard_wall,True,runtime_4methods_csv:292
Runtime-budget comparison,GRASP,eil101b_m3,0,2500,11.140341025000225,10.890341025000225,48367,864.0,916.0,5.676855895196507,299.6406968708211,49,10.890521999999692,0.24981902500053366,True,,hard_wall,True,runtime_4methods_csv:305
Runtime-budget comparison,GRASP,eil101b_m3,1,2500,11.140341025000225,10.890341025000225,48497,849.0,916.0,7.314410480349345,313.6498842922514,50,10.890589599999657,0.2497514250005679,True,,hard_wall,True,runtime_4methods_csv:306
Runtime-budget comparison,GRASP,eil101b_m3,2,2500,11.140341025000225,10.890341025000225,48352,847.0,916.0,7.532751091703057,310.1227788864366,51,10.890608700001394,0.24973232499883125,True,,hard_wall,True,runtime_4methods_csv:307
Runtime-budget comparison,GRASP,eil101b_m3,3,2500,11.140341025000225,10.890341025000225,48681,848.0,916.0,7.423580786026201,305.2776365398503,51,10.89050159999897,0.24983942500125522,True,,hard_wall,True,runtime_4methods_csv:308
Runtime-budget comparison,GRASP,eil101c_m2,0,2500,16.907939650000117,16.657939650000117,49657,1219.0,1305.0,6.590038314176245,469.2519819460852,72,16.658175100001245,0.2497645499988721,True,,hard_wall,True,runtime_4methods_csv:321
Runtime-budget comparison,GRASP,eil101c_m2,1,2500,16.907939650000117,16.657939650000117,49806,1230.0,1305.0,5.747126436781609,467.88012693112046,74,16.658350899999277,0.24958875000083935,True,,hard_wall,True,runtime_4methods_csv:322
Runtime-budget comparison,GRASP,eil101c_m2,2,2500,16.907939650000117,16.657939650000117,49671,1220.0,1305.0,6.513409961685824,471.5752685774301,70,16.658397299999706,0.2495423500004108,True,,hard_wall,True,runtime_4methods_csv:323
Runtime-budget comparison,GRASP,eil101c_m2,3,2500,16.907939650000117,16.657939650000117,49272,1216.0,1305.0,6.819923371647509,470.33302151040687,71,16.658273400000326,0.24966624999979103,True,,hard_wall,True,runtime_4methods_csv:324
Runtime-budget comparison,GRASP,eil101c_m3,0,2500,14.348517775000118,14.098517775000118,47209,1180.0,1251.0,5.675459632294165,466.21786166288916,70,14.098683700000038,0.2498340750000807,True,,hard_wall,True,runtime_4methods_csv:337
Runtime-budget comparison,GRASP,eil101c_m3,1,2500,14.348517775000118,14.098517775000118,47346,1192.0,1251.0,4.7162270183852915,466.14256365399683,69,14.098718799999915,0.24979897500020343,True,,hard_wall,True,runtime_4methods_csv:338
Runtime-budget comparison,GRASP,eil101c_m3,2,2500,14.348517775000118,14.098517775000118,47015,1182.0,1251.0,5.5155875299760195,460.44182048036214,69,14.099017399999866,0.24950037500025246,True,,hard_wall,True,runtime_4methods_csv:339
Runtime-budget comparison,GRASP,eil101c_m3,3,2500,14.348517775000118,14.098517775000118,47155,1177.0,1251.0,5.915267785771383,459.0951030424951,68,14.098728500001016,0.24978927499910242,True,,hard_wall,True,runtime_4methods_csv:340
Runtime-budget comparison,GRASP,gil262_gen1_m3,0,2500,41.54455177500017,41.29455177500017,100981,88.0,101.0,12.871287128712872,1181.8747596983342,88,41.29552590000094,0.24902587499923357,True,,hard_wall,True,runtime_4methods_csv:353
Runtime-budget comparison,GRASP,gil262_gen1_m3,1,2500,41.54455177500017,41.29455177500017,100941,88.0,101.0,12.871287128712872,1179.8839849712597,88,41.29510200000004,0.2494497750001301,True,,hard_wall,True,runtime_4methods_csv:354
Runtime-budget comparison,GRASP,gil262_gen1_m3,2,2500,41.54455177500017,41.29455177500017,100544,88.0,101.0,12.871287128712872,1174.066463807101,88,41.29500039999948,0.24955137500069213,True,,hard_wall,True,runtime_4methods_csv:355
Runtime-budget comparison,GRASP,gil262_gen1_m3,3,2500,41.54455177500017,41.29455177500017,100797,89.0,101.0,11.881188118811881,1182.0146988327522,89,41.29529780000121,0.24925397499896462,True,,hard_wall,True,runtime_4methods_csv:356
Runtime-budget comparison,GRASP,gil262_gen1_m4,0,2500,29.95938504999981,29.70938504999981,69834,71.0,78.0,8.974358974358974,1158.854200419883,71,29.71017000000029,0.2492150499995205,True,,hard_wall,True,runtime_4methods_csv:369
Runtime-budget comparison,GRASP,gil262_gen1_m4,1,2500,29.95938504999981,29.70938504999981,71505,71.0,78.0,8.974358974358974,1158.040178983525,71,29.709963700001026,0.24942134999878363,True,,hard_wall,True,runtime_4methods_csv:370
Runtime-budget comparison,GRASP,gil262_gen1_m4,2,2500,29.95938504999981,29.70938504999981,71201,71.0,78.0,8.974358974358974,1161.0742472244929,71,29.71268280000004,0.24670224999977108,True,,hard_wall,True,runtime_4methods_csv:371
Runtime-budget comparison,GRASP,gil262_gen1_m4,3,2500,29.95938504999981,29.70938504999981,67245,70.0,78.0,10.256410256410257,1163.7580029942849,70,29.711530600001424,0.24785444999838546,True,,hard_wall,True,runtime_4methods_csv:372
Runtime-budget comparison,GRASP,gil262_gen2_m2,0,2500,90.52335557499987,90.07073879712487,191636,6402.0,7498.0,14.61723126166978,1176.3315261952216,115,90.0715997999996,0.4517557750002652,True,,hard_wall,True,runtime_4methods_csv:385
Runtime-budget comparison,GRASP,gil262_gen2_m2,1,2500,90.52335557499987,90.07073879712487,192995,6566.0,7498.0,12.429981328354227,1179.9582135795506,110,90.07156790000045,0.45178767499942296,True,,hard_wall,True,runtime_4methods_csv:386
Runtime-budget comparison,GRASP,gil262_gen2_m2,2,2500,90.52335557499987,90.07073879712487,192088,6350.0,7498.0,15.310749533208856,1181.1570460188414,108,90.07147260000056,0.4518829749993074,True,,hard_wall,True,runtime_4methods_csv:387
Runtime-budget comparison,GRASP,gil262_gen2_m2,3,2500,90.52335557499987,90.07073879712487,191644,6329.0,7498.0,15.590824219791944,1177.6754634957565,107,90.07154100000116,0.45181457499870703,True,,hard_wall,True,runtime_4methods_csv:388
Runtime-budget comparison,GRASP,gil262_gen2_m3,0,2500,45.5297865,45.2797865,112940,4845.0,5615.0,13.713268032056991,1167.7097700060367,81,45.28037050000057,0.2494159999994281,True,,hard_wall,True,runtime_4methods_csv:401
Runtime-budget comparison,GRASP,gil262_gen2_m3,1,2500,45.5297865,45.2797865,112749,4933.0,5615.0,12.146037399821905,1186.1763951994922,82,45.280277800000476,0.24950869999952374,True,,hard_wall,True,runtime_4methods_csv:402
Runtime-budget comparison,GRASP,gil262_gen2_m3,2,2500,45.5297865,45.2797865,112465,4880.0,5615.0,13.089937666963491,1166.363977429134,90,45.28046149999864,0.24932500000136315,True,,hard_wall,True,runtime_4methods_csv:403
Runtime-budget comparison,GRASP,gil262_gen2_m3,3,2500,45.5297865,45.2797865,112361,4866.0,5615.0,13.339269813000891,1183.5061367637804,82,45.280219000000216,0.24956749999978456,True,,hard_wall,True,runtime_4methods_csv:404
Runtime-budget comparison,GRASP,gil262_gen3_m2,0,2500,90.57186982500025,90.11901047587524,184833,5668.0,7183.0,21.09146596129751,1174.8408265915305,118,90.12000939999962,0.45186042500063195,True,,hard_wall,True,runtime_4methods_csv:417
Runtime-budget comparison,GRASP,gil262_gen3_m2,1,2500,90.57186982500025,90.11901047587524,185354,5397.0,7183.0,24.864262842823333,1178.512412552208,115,90.1196942000006,0.45217562499965425,True,,hard_wall,True,runtime_4methods_csv:418
Runtime-budget comparison,GRASP,gil262_gen3_m2,2,2500,90.57186982500025,90.11901047587524,184455,5429.0,7183.0,24.418766532089656,1180.4478338087306,115,90.11966980000034,0.45220002499991097,True,,hard_wall,True,runtime_4methods_csv:419
Runtime-budget comparison,GRASP,gil262_gen3_m2,3,2500,90.57186982500025,90.11901047587524,184978,5414.0,7183.0,24.62759292774607,1174.8198902406357,113,90.1199058000002,0.45196402500005206,True,,hard_wall,True,runtime_4methods_csv:420
Runtime-budget comparison,GRASP,gil262_gen3_m4,0,2500,35.10205910000013,34.85205910000013,86171,2315.0,2507.0,7.658556043079377,1181.6728297634854,73,34.85258219999923,0.24947690000090006,True,,hard_wall,True,runtime_4methods_csv:433
Runtime-budget comparison,GRASP,gil262_gen3_m4,1,2500,35.10205910000013,34.85205910000013,86477,2239.0,2507.0,10.690067810131632,1176.3574327998404,72,34.85266149999916,0.24939760000097522,True,,hard_wall,True,runtime_4methods_csv:434
Runtime-budget comparison,GRASP,gil262_gen3_m4,2,2500,35.10205910000013,34.85205910000013,85973,2341.0,2507.0,6.621459912245712,1176.167818555622,74,34.8525097999991,0.2495493000010356,True,,hard_wall,True,runtime_4methods_csv:435
Runtime-budget comparison,GRASP,gil262_gen3_m4,3,2500,35.10205910000013,34.85205910000013,85756,2282.0,2507.0,8.974870362983646,1171.4441454405924,72,34.85257019999881,0.2494889000013245,True,,hard_wall,True,runtime_4methods_csv:436
Runtime-budget comparison,GRASP,gil262a_m2,0,2500,36.572948849999875,36.322948849999875,107150,3665.0,4078.0,10.127513487003434,587.9705912833984,66,36.325034100000266,0.24791474999960883,True,,hard_wall,True,runtime_4methods_csv:449
Runtime-budget comparison,GRASP,gil262a_m2,1,2500,36.572948849999875,36.322948849999875,107548,3700.0,4078.0,9.269249632172633,571.2031240050183,67,36.32420069999898,0.24874815000089257,True,,hard_wall,True,runtime_4methods_csv:450
Runtime-budget comparison,GRASP,gil262a_m2,2,2500,36.572948849999875,36.322948849999875,107100,3730.0,4078.0,8.53359489946052,587.1033379539374,64,36.325054799999634,0.2478940500002409,True,,hard_wall,True,runtime_4methods_csv:451
Runtime-budget comparison,GRASP,gil262a_m2,3,2500,36.572948849999875,36.322948849999875,106924,3714.0,4078.0,8.925944090240314,586.5798001977537,70,36.32447350000075,0.24847534999912568,True,,hard_wall,True,runtime_4methods_csv:452
Runtime-budget comparison,GRASP,gil262a_m4,0,2500,20.958374275000324,20.708374275000324,58583,2908.0,3175.0,8.409448818897637,582.2748281921556,53,20.709057799998845,0.24931647500147847,True,,hard_wall,True,runtime_4methods_csv:465
Runtime-budget comparison,GRASP,gil262a_m4,1,2500,20.958374275000324,20.708374275000324,58124,2982.0,3175.0,6.078740157480315,585.9172634592946,54,20.70880290000059,0.24957137499973214,True,,hard_wall,True,runtime_4methods_csv:466
Runtime-budget comparison,GRASP,gil262a_m4,2,2500,20.958374275000324,20.708374275000324,57875,2923.0,3175.0,7.937007874015748,586.647444059487,52,20.708817499998986,0.24955677500133788,True,,hard_wall,True,runtime_4methods_csv:467
Runtime-budget comparison,GRASP,gil262a_m4,3,2500,20.958374275000324,20.708374275000324,58077,2942.0,3175.0,7.338582677165355,586.5022752369366,51,20.709198399999877,0.24917587500044647,True,,hard_wall,True,runtime_4methods_csv:468
Runtime-budget comparison,GRASP,gil262b_m2,0,2500,87.55881489999979,87.12102082549978,165141,6829.0,8081.0,15.493132038114094,1170.9773805947495,124,87.12205269999868,0.43676220000111243,True,,hard_wall,True,runtime_4methods_csv:481
Runtime-budget comparison,GRASP,gil262b_m2,1,2500,87.55881489999979,87.12102082549978,164124,6716.0,8081.0,16.891473827496597,1181.994946306117,123,87.12159520000023,0.43721969999955945,True,,hard_wall,True,runtime_4methods_csv:482
Runtime-budget comparison,GRASP,gil262b_m2,2,2500,87.55881489999979,87.12102082549978,163842,6768.0,8081.0,16.247989110258633,1180.5797696849595,123,87.12183539999933,0.4369795000004615,True,,hard_wall,True,runtime_4methods_csv:483
Runtime-budget comparison,GRASP,gil262b_m2,3,2500,87.55881489999979,87.12102082549978,164461,6854.0,8081.0,15.183764385595842,1182.1004425718247,122,87.1220988999994,0.4367160000003878,True,,hard_wall,True,runtime_4methods_csv:484
Runtime-budget comparison,GRASP,gil262b_m3,0,2500,64.91935212499993,64.59475536437493,138842,6264.0,7585.0,17.415952537903756,1182.325397300209,120,64.59549350000088,0.3238586249990476,True,,hard_wall,True,runtime_4methods_csv:497
Runtime-budget comparison,GRASP,gil262b_m3,1,2500,64.91935212499993,64.59475536437493,139014,6461.0,7585.0,14.818721160184575,1175.162477770657,115,64.59525909999866,0.32409302500127524,True,,hard_wall,True,runtime_4methods_csv:498
Runtime-budget comparison,GRASP,gil262b_m3,2,2500,64.91935212499993,64.59475536437493,137793,6438.0,7585.0,15.121951219512194,1179.6408495182309,118,64.59525779999967,0.32409432500026014,True,,hard_wall,True,runtime_4methods_csv:499
Runtime-budget comparison,GRASP,gil262b_m3,3,2500,64.91935212499993,64.59475536437493,137333,6419.0,7585.0,15.372445616348056,1180.277271887129,116,64.5980582000011,0.3212939249988267,True,,hard_wall,True,runtime_4methods_csv:500
Runtime-budget comparison,GRASP,gil262b_m4,0,2500,51.18372272500005,50.92780411137505,113070,5893.0,6781.0,13.095413655802979,1167.12292838862,103,50.9286288000003,0.2550939249997555,True,,hard_wall,True,runtime_4methods_csv:513
Runtime-budget comparison,GRASP,gil262b_m4,1,2500,51.18372272500005,50.92780411137505,113731,5914.0,6781.0,12.785724819348179,1184.1070333463113,104,50.92825989999983,0.25546282500022244,True,,hard_wall,True,runtime_4methods_csv:514
Runtime-budget comparison,GRASP,gil262b_m4,2,2500,51.18372272500005,50.92780411137505,113738,5751.0,6781.0,15.189500073735438,1173.1412165108654,111,50.92853919999834,0.25518352500171204,True,,hard_wall,True,runtime_4methods_csv:515
Runtime-budget comparison,GRASP,gil262b_m4,3,2500,51.18372272500005,50.92780411137505,113883,5850.0,6781.0,13.729538416162807,1169.2055260262096,108,50.928320499999245,0.25540222500080745,True,,hard_wall,True,runtime_4methods_csv:516
Runtime-budget comparison,GRASP,gil262c_m2,0,2500,118.90269032499987,118.30817687337486,157619,9707.0,11030.0,11.99456029011786,1768.8504006207272,174,118.30903899999976,0.5936513250001099,True,,hard_wall,True,runtime_4methods_csv:529
Runtime-budget comparison,GRASP,gil262c_m2,1,2500,118.90269032499987,118.30817687337486,156142,9617.0,11030.0,12.810516772438802,1773.5215767108343,173,118.30915109999842,0.5935392250014502,True,,hard_wall,True,runtime_4methods_csv:530
Runtime-budget comparison,GRASP,gil262c_m2,2,2500,118.90269032499987,118.30817687337486,156196,9510.0,11030.0,13.780598368087036,1764.6435072524391,177,118.30947320000269,0.5932171249971816,True,,hard_wall,True,runtime_4methods_csv:531
Runtime-budget comparison,GRASP,gil262c_m2,3,2500,118.90269032499987,118.30817687337486,157084,9795.0,11030.0,11.196736174070717,1768.566166565036,179,118.30917520000003,0.5935151249998398,True,,hard_wall,True,runtime_4methods_csv:532
Runtime-budget comparison,GRASP,gil262c_m3,0,2500,90.03205027499985,89.58189002362485,140196,9165.0,10757.0,14.799665334200986,1773.2394936279643,170,89.58332110000265,0.44872917499719733,True,,hard_wall,True,runtime_4methods_csv:545
Runtime-budget comparison,GRASP,gil262c_m3,1,2500,90.03205027499985,89.58189002362485,139520,9023.0,10757.0,16.119735985869667,1772.2607109801002,161,89.58280880000166,0.449241474998189,True,,hard_wall,True,runtime_4methods_csv:546
Runtime-budget comparison,GRASP,gil262c_m3,2,2500,90.03205027499985,89.58189002362485,140092,9271.0,10757.0,13.8142604815469,1754.8749145973966,163,89.5826982000035,0.4493520749963409,True,,hard_wall,True,runtime_4methods_csv:547
Runtime-budget comparison,GRASP,gil262c_m3,3,2500,90.03205027499985,89.58189002362485,140691,9108.0,10757.0,15.329552849307428,1776.3189377764772,171,89.58314439999958,0.44890587500026413,True,,hard_wall,True,runtime_4methods_csv:548
Runtime-budget comparison,GRASP,gil262c_m4,0,2500,78.50297740000042,78.11046251300041,133578,8676.0,10281.0,15.611321855850598,1773.1211755266518,164,78.11325819999911,0.3897192000013092,True,,hard_wall,True,runtime_4methods_csv:561
Runtime-budget comparison,GRASP,gil262c_m4,1,2500,78.50297740000042,78.11046251300041,133186,8944.0,10281.0,13.004571539733488,1759.9052809102286,162,78.11135070000091,0.39162669999950595,True,,hard_wall,True,runtime_4methods_csv:562
Runtime-budget comparison,GRASP,gil262c_m4,2,2500,78.50297740000042,78.11046251300041,132890,8630.0,10281.0,16.058749148915474,1762.4675189093277,154,78.11127710000073,0.3917002999996839,True,,hard_wall,True,runtime_4methods_csv:563
Runtime-budget comparison,GRASP,gil262c_m4,3,2500,78.50297740000042,78.11046251300041,134073,8812.0,10281.0,14.288493337224006,1767.669475972076,164,78.1110891999997,0.39188820000072155,True,,hard_wall,True,runtime_4methods_csv:564
Runtime-budget comparison,GRASP,gr229_gen1_m4,0,2500,54.22746647500003,53.95632914262503,65569,218.0,223.0,2.242152466367713,1711.1475769210474,218,53.95805509999991,0.2694113750001179,True,,hard_wall,True,runtime_4methods_csv:577
Runtime-budget comparison,GRASP,gr229_gen1_m4,1,2500,54.22746647500003,53.95632914262503,66065,218.0,223.0,2.242152466367713,1713.2406700780512,218,53.95767789999809,0.26978857500193953,True,,hard_wall,True,runtime_4methods_csv:578
Runtime-budget comparison,GRASP,gr229_gen1_m4,2,2500,54.22746647500003,53.95632914262503,66242,219.0,223.0,1.7937219730941705,1740.1423201206828,219,53.958024899999145,0.26944157500088295,True,,hard_wall,True,runtime_4methods_csv:579
Runtime-budget comparison,GRASP,gr229_gen1_m4,3,2500,54.22746647500003,53.95632914262503,66106,219.0,223.0,1.7937219730941705,1747.499882001851,219,53.95760169999994,0.2698647750000873,True,,hard_wall,True,runtime_4methods_csv:580
Runtime-budget comparison,GRASP,gr229_gen2_m3,0,2500,45.25229902499996,45.00229902499996,49752,11151.0,11566.0,3.5881030606951407,1749.2154964813822,209,45.003156700000545,0.24914232499941136,True,,hard_wall,True,runtime_4methods_csv:593
Runtime-budget comparison,GRASP,gr229_gen2_m3,1,2500,45.25229902499996,45.00229902499996,49638,11120.0,11566.0,3.856130036313332,1666.554962795944,220,45.003336699999636,0.24896232500032056,True,,hard_wall,True,runtime_4methods_csv:594
Runtime-budget comparison,GRASP,gr229_gen2_m3,2,2500,45.25229902499996,45.00229902499996,49494,11120.0,11566.0,3.856130036313332,1654.3606053626381,220,45.00345749999906,0.2488415250008984,True,,hard_wall,True,runtime_4methods_csv:595
Runtime-budget comparison,GRASP,gr229_gen2_m3,3,2500,45.25229902499996,45.00229902499996,49453,11120.0,11566.0,3.856130036313332,1662.8434931586753,220,45.00302649999867,0.24927252500128816,True,,hard_wall,True,runtime_4methods_csv:596
Runtime-budget comparison,GRASP,gr229_gen2_m4,0,2500,69.16926597499992,68.82341964512491,84448,11081.0,11355.0,2.413033905768384,1743.0625864915085,218,68.82452099999864,0.34474497500127654,True,,hard_wall,True,runtime_4methods_csv:609
Runtime-budget comparison,GRASP,gr229_gen2_m4,1,2500,69.16926597499992,68.82341964512491,84103,11083.0,11355.0,2.395420519594892,1754.1813029792593,219,68.82464980000077,0.3446161749991461,True,,hard_wall,True,runtime_4methods_csv:610
Runtime-budget comparison,GRASP,gr229_gen2_m4,2,2500,69.16926597499992,68.82341964512491,83782,11083.0,11355.0,2.395420519594892,1751.451929716848,219,68.8244687999977,0.3447971750022134,True,,hard_wall,True,runtime_4methods_csv:611
Runtime-budget comparison,GRASP,gr229_gen2_m4,3,2500,69.16926597499992,68.82341964512491,83823,11083.0,11355.0,2.395420519594892,1744.185545999248,219,68.82451090000177,0.3447550749981474,True,,hard_wall,True,runtime_4methods_csv:612
Runtime-budget comparison,GRASP,gr229_gen3_m3,0,2500,42.98476207500016,42.73476207500016,46546,7355.0,8056.0,8.701588877855015,1580.5110400836058,220,42.73551790000056,0.24924417499960327,True,,hard_wall,True,runtime_4methods_csv:625
Runtime-budget comparison,GRASP,gr229_gen3_m3,1,2500,42.98476207500016,42.73476207500016,46361,7355.0,8056.0,8.701588877855015,1617.482058139989,220,42.73577389999991,0.2489881750002496,True,,hard_wall,True,runtime_4methods_csv:626
Runtime-budget comparison,GRASP,gr229_gen3_m3,2,2500,42.98476207500016,42.73476207500016,46152,7385.0,8056.0,8.329195630585899,1680.4054689517898,218,42.73641520000092,0.24834687499924257,True,,hard_wall,True,runtime_4methods_csv:627
Runtime-budget comparison,GRASP,gr229_gen3_m3,3,2500,42.98476207500016,42.73476207500016,46236,7360.0,8056.0,8.639523336643496,1718.8320769523293,217,42.735515000000305,0.24924707499985743,True,,hard_wall,True,runtime_4methods_csv:628
Runtime-budget comparison,GRASP,gr229_gen3_m4,0,2500,86.95338342499963,86.51861650787463,104943,7330.0,7651.0,4.195529996078944,1739.7835188529307,219,86.5201049999996,0.4332784250000259,True,,hard_wall,True,runtime_4methods_csv:641
Runtime-budget comparison,GRASP,gr229_gen3_m4,1,2500,86.95338342499963,86.51861650787463,104480,7298.0,7651.0,4.613775976996471,1733.3174497739894,219,86.51992059999975,0.43346282499987865,True,,hard_wall,True,runtime_4methods_csv:642
Runtime-budget comparison,GRASP,gr229_gen3_m4,2,2500,86.95338342499963,86.51861650787463,104111,7355.0,7651.0,3.868775323487126,1743.5644417565074,220,86.52044949999981,0.43293392499981564,True,,hard_wall,True,runtime_4methods_csv:643
Runtime-budget comparison,GRASP,gr229_gen3_m4,3,2500,86.95338342499963,86.51861650787463,104773,7298.0,7651.0,4.613775976996471,1734.410828228871,219,86.51981069999965,0.43357272499997634,True,,hard_wall,True,runtime_4methods_csv:644
Runtime-budget comparison,GRASP,kroA150_gen2_m2,0,2500,36.216728274999696,35.966728274999696,127021,3965.0,4335.0,8.53517877739331,13131.657079674093,67,35.96690959999978,0.24981867499991495,True,,hard_wall,True,runtime_4methods_csv:657
Runtime-budget comparison,GRASP,kroA150_gen2_m2,1,2500,36.216728274999696,35.966728274999696,127507,3993.0,4335.0,7.889273356401384,12998.766497112294,71,35.96694869999919,0.24977957500050252,True,,hard_wall,True,runtime_4methods_csv:658
Runtime-budget comparison,GRASP,kroA150_gen2_m2,2,2500,36.216728274999696,35.966728274999696,127146,4014.0,4335.0,7.404844290657439,13148.66228633377,68,35.966914599997835,0.24981367500186025,True,,hard_wall,True,runtime_4methods_csv:659
Runtime-budget comparison,GRASP,kroA150_gen2_m2,3,2500,36.216728274999696,35.966728274999696,127886,3961.0,4335.0,8.627450980392156,13020.001447285682,67,35.96693149999919,0.24979677500050457,True,,hard_wall,True,runtime_4methods_csv:660
Runtime-budget comparison,GRASP,kroA150_gen3_m3,0,2500,23.301351624999825,23.051351624999825,87543,2377.0,2726.0,12.802641232575201,13045.62300956611,63,23.05176030000075,0.24959132499907355,True,,hard_wall,True,runtime_4methods_csv:673
Runtime-budget comparison,GRASP,kroA150_gen3_m3,1,2500,23.301351624999825,23.051351624999825,87557,2390.0,2726.0,12.325752017608217,13043.8312636713,63,23.05156889999853,0.24978272500129606,True,,hard_wall,True,runtime_4methods_csv:674
Runtime-budget comparison,GRASP,kroA150_gen3_m3,2,2500,23.301351624999825,23.051351624999825,87010,2299.0,2726.0,15.663976522377109,12732.536692257443,61,23.051682900000742,0.24966872499908277,True,,hard_wall,True,runtime_4methods_csv:675
Runtime-budget comparison,GRASP,kroA150_gen3_m3,3,2500,23.301351624999825,23.051351624999825,86963,2388.0,2726.0,12.3991195891416,12978.254083913107,61,23.052422599997954,0.2489290250018712,True,,hard_wall,True,runtime_4methods_csv:676
Runtime-budget comparison,GRASP,kroA200_gen1_m4,0,2500,23.759642525000118,23.509642525000118,69028,71.0,81.0,12.345679012345679,14357.313455333724,71,23.5100738000001,0.24956872500001737,True,,hard_wall,True,runtime_4methods_csv:689
Runtime-budget comparison,GRASP,kroA200_gen1_m4,1,2500,23.759642525000118,23.509642525000118,69429,71.0,81.0,12.345679012345679,14441.789579961418,71,23.51116389999879,0.24847862500132578,True,,hard_wall,True,runtime_4methods_csv:690
Runtime-budget comparison,GRASP,kroA200_gen1_m4,2,2500,23.759642525000118,23.509642525000118,72340,72.0,81.0,11.11111111111111,14483.709171725386,72,23.51012179999816,0.24952072500195754,True,,hard_wall,True,runtime_4methods_csv:691
Runtime-budget comparison,GRASP,kroA200_gen1_m4,3,2500,23.759642525000118,23.509642525000118,72640,71.0,81.0,12.345679012345679,14454.795224118849,71,23.510018599998148,0.24962392500196984,True,,hard_wall,True,runtime_4methods_csv:692
Runtime-budget comparison,GRASP,kroB200_gen1_m2,0,2500,41.53134917500006,41.28134917500006,107196,93.0,111.0,16.216216216216218,14139.626477925456,93,41.2817572999993,0.2495918750007604,True,,hard_wall,True,runtime_4methods_csv:705
Runtime-budget comparison,GRASP,kroB200_gen1_m2,1,2500,41.53134917500006,41.28134917500006,106548,96.0,111.0,13.513513513513514,14112.80272480469,96,41.28194000000076,0.24940917499930038,True,,hard_wall,True,runtime_4methods_csv:706
Runtime-budget comparison,GRASP,kroB200_gen1_m2,2,2500,41.53134917500006,41.28134917500006,107371,94.0,111.0,15.315315315315315,14224.82062166748,94,41.282051899997896,0.2492972750021636,True,,hard_wall,True,runtime_4methods_csv:707
Runtime-budget comparison,GRASP,kroB200_gen1_m2,3,2500,41.53134917500006,41.28134917500006,107531,93.0,111.0,16.216216216216218,14028.88118933267,93,41.281689799998276,0.2496593750017837,True,,hard_wall,True,runtime_4methods_csv:708
Runtime-budget comparison,GRASP,kroB200_gen2_m2,0,2500,62.08210577499972,61.77169524612472,164406,5273.0,6185.0,14.745351657235247,14251.842586047325,91,61.77217290000044,0.30993287499927646,True,,hard_wall,True,runtime_4methods_csv:721
Runtime-budget comparison,GRASP,kroB200_gen2_m2,1,2500,62.08210577499972,61.77169524612472,164085,5238.0,6185.0,15.311236863379143,14423.187238507686,92,61.77227299999868,0.3098327750010412,True,,hard_wall,True,runtime_4methods_csv:722
Runtime-budget comparison,GRASP,kroB200_gen2_m2,2,2500,62.08210577499972,61.77169524612472,164554,5326.0,6185.0,13.888439773645917,14636.320886862886,93,61.774298300002556,0.307807474997162,True,,hard_wall,True,runtime_4methods_csv:723
Runtime-budget comparison,GRASP,kroB200_gen2_m2,3,2500,62.08210577499972,61.77169524612472,165211,5254.0,6185.0,15.052546483427648,14511.371410844582,92,61.77226929999961,0.309836475000111,True,,hard_wall,True,runtime_4methods_csv:724
Runtime-budget comparison,GRASP,kroB200_gen2_m4,0,2500,32.196645024999725,31.946645024999725,95025,4467.0,4944.0,9.648058252427184,14576.134350743552,76,31.94733570000244,0.24930932499728442,True,,hard_wall,True,runtime_4methods_csv:737
Runtime-budget comparison,GRASP,kroB200_gen2_m4,1,2500,32.196645024999725,31.946645024999725,95043,4432.0,4944.0,10.35598705501618,14511.607102904154,76,31.946937400000024,0.24970762499970078,True,,hard_wall,True,runtime_4methods_csv:738
Runtime-budget comparison,GRASP,kroB200_gen2_m4,2,2500,32.196645024999725,31.946645024999725,94621,4403.0,4944.0,10.942556634304207,14415.62334629014,77,31.947221399997943,0.24942362500178206,True,,hard_wall,True,runtime_4methods_csv:739
Runtime-budget comparison,GRASP,kroB200_gen2_m4,3,2500,32.196645024999725,31.946645024999725,93830,4452.0,4944.0,9.951456310679612,14479.980526090398,78,31.94707059999928,0.24957442500044635,True,,hard_wall,True,runtime_4methods_csv:740
Runtime-budget comparison,GRASP,kroB200_gen3_m2,0,2500,37.97947245,37.72947245,95697,3348.0,4765.0,29.737670514165792,14479.642365363074,86,37.7300241999983,0.24944825000170567,True,,hard_wall,True,runtime_4methods_csv:753
Runtime-budget comparison,GRASP,kroB200_gen3_m2,1,2500,37.97947245,37.72947245,95368,3292.0,4765.0,30.912906610703043,14471.48145410696,90,37.729808899999625,0.24966355000037765,True,,hard_wall,True,runtime_4methods_csv:754
Runtime-budget comparison,GRASP,kroB200_gen3_m2,2,2500,37.97947245,37.72947245,95615,3310.0,4765.0,30.535152151101784,14620.197985092813,88,37.7298727999987,0.2495996500013007,True,,hard_wall,True,runtime_4methods_csv:755
Runtime-budget comparison,GRASP,kroB200_gen3_m2,3,2500,37.97947245,37.72947245,95759,3501.0,4765.0,26.52675760755509,14584.350425162138,85,37.73013059999721,0.24934185000279285,True,,hard_wall,True,runtime_4methods_csv:756
Runtime-budget comparison,GRASP,kroB200_gen3_m3,0,2500,40.62570832500023,40.37570832500023,111289,2604.0,3028.0,14.002642007926024,14352.782730394605,94,40.37616800000251,0.24954032499772438,True,,hard_wall,True,runtime_4methods_csv:769
Runtime-budget comparison,GRASP,kroB200_gen3_m3,1,2500,40.62570832500023,40.37570832500023,111650,2581.0,3028.0,14.76221928665786,14174.230652296836,94,40.376241999998456,0.24946632500177657,True,,hard_wall,True,runtime_4methods_csv:770
Runtime-budget comparison,GRASP,kroB200_gen3_m3,2,2500,40.62570832500023,40.37570832500023,111484,2660.0,3028.0,12.15323645970938,14540.040730205747,89,40.37605180000173,0.24965652499849966,True,,hard_wall,True,runtime_4methods_csv:771
Runtime-budget comparison,GRASP,kroB200_gen3_m3,3,2500,40.62570832500023,40.37570832500023,111552,2536.0,3028.0,16.248348745046236,14333.032250093296,81,40.37613899999997,0.24956932500026596,True,,hard_wall,True,runtime_4methods_csv:772
Runtime-budget comparison,GRASP,lin318_gen1_m2,0,2500,101.44979787500006,100.94254888562506,157304,151.0,180.0,16.11111111111111,20769.579327469437,151,100.94883739999932,0.5009604750007384,True,,hard_wall,True,runtime_4methods_csv:785
Runtime-budget comparison,GRASP,lin318_gen1_m2,1,2500,101.44979787500006,100.94254888562506,156075,153.0,180.0,15.0,20794.447965138206,153,100.94481979999546,0.5049780750046011,True,,hard_wall,True,runtime_4methods_csv:786
Runtime-budget comparison,GRASP,lin318_gen1_m2,2,2500,101.44979787500006,100.94254888562506,155382,153.0,180.0,15.0,20825.107322164688,153,100.94712749999599,0.5026703750040724,True,,hard_wall,True,runtime_4methods_csv:787
Runtime-budget comparison,GRASP,lin318_gen1_m2,3,2500,101.44979787500006,100.94254888562506,157327,148.0,180.0,17.77777777777778,20478.80367326148,148,100.94336750000366,0.5064303749963983,True,,hard_wall,True,runtime_4methods_csv:788
Runtime-budget comparison,GRASP,lin318_gen1_m3,0,2500,70.91047490000028,70.55592252550028,126380,129.0,149.0,13.422818791946309,20763.832399397466,129,70.55675300000439,0.35372189999588954,True,,hard_wall,True,runtime_4methods_csv:801
Runtime-budget comparison,GRASP,lin318_gen1_m3,1,2500,70.91047490000028,70.55592252550028,127859,126.0,149.0,15.436241610738255,20529.09301450798,126,70.55696410000382,0.3535107999964566,True,,hard_wall,True,runtime_4methods_csv:802
Runtime-budget comparison,GRASP,lin318_gen1_m3,2,2500,70.91047490000028,70.55592252550028,128466,130.0,149.0,12.751677852348994,20774.630657826507,130,70.55702500000189,0.35344989999839527,True,,hard_wall,True,runtime_4methods_csv:803
Runtime-budget comparison,GRASP,lin318_gen1_m3,3,2500,70.91047490000028,70.55592252550028,127626,128.0,149.0,14.093959731543624,20562.521343057302,128,70.55734890000167,0.3531259999986105,True,,hard_wall,True,runtime_4methods_csv:804
Runtime-budget comparison,GRASP,lin318_gen2_m2,0,2500,162.0738855000002,161.26351607250018,257094,8035.0,9544.0,15.810980720871752,20812.182008523865,148,161.26464950000081,0.8092359999993732,True,,hard_wall,True,runtime_4methods_csv:817
Runtime-budget comparison,GRASP,lin318_gen2_m2,1,2500,162.0738855000002,161.26351607250018,255844,8014.0,9544.0,16.031014249790445,20875.18418645113,148,161.26478950000455,0.809095999995634,True,,hard_wall,True,runtime_4methods_csv:818
Runtime-budget comparison,GRASP,lin318_gen2_m2,2,2500,162.0738855000002,161.26351607250018,255425,8059.0,9544.0,15.559513830678961,20886.956961440337,154,161.26433019999968,0.8095553000005111,True,,hard_wall,True,runtime_4methods_csv:819
Runtime-budget comparison,GRASP,lin318_gen2_m2,3,2500,162.0738855000002,161.26351607250018,256353,8060.0,9544.0,15.549036043587595,20853.91562121675,147,161.2646029000025,0.8092825999976867,True,,hard_wall,True,runtime_4methods_csv:820
Runtime-budget comparison,GRASP,lin318_gen2_m3,0,2500,85.28340412500006,84.85698710437507,155114,6691.0,7807.0,14.29486358396311,20970.462781544942,120,84.85769080000318,0.4257133249968774,True,,hard_wall,True,runtime_4methods_csv:833
Runtime-budget comparison,GRASP,lin318_gen2_m3,1,2500,85.28340412500006,84.85698710437507,155708,6791.0,7807.0,13.013961829127705,20908.664504704084,126,84.85894160000316,0.4244625249968976,True,,hard_wall,True,runtime_4methods_csv:834
Runtime-budget comparison,GRASP,lin318_gen2_m3,2,2500,85.28340412500006,84.85698710437507,154763,6786.0,7807.0,13.078006916869477,20801.661403024595,126,84.86221629999636,0.4211878250036989,True,,hard_wall,True,runtime_4methods_csv:835
Runtime-budget comparison,GRASP,lin318_gen2_m3,3,2500,85.28340412500006,84.85698710437507,153997,6717.0,7807.0,13.961829127705904,20905.876935281176,127,84.85802739999781,0.425376725002252,True,,hard_wall,True,runtime_4methods_csv:836
Runtime-budget comparison,GRASP,lin318_gen3_m2,0,2500,143.6197539499999,142.90165518024992,215808,5960.0,7936.0,24.899193548387096,20908.17120090685,149,142.90267029999814,0.7170836500017685,True,,hard_wall,True,runtime_4methods_csv:849
Runtime-budget comparison,GRASP,lin318_gen3_m2,1,2500,143.6197539499999,142.90165518024992,215988,6094.0,7936.0,23.210685483870968,20847.23289843947,156,142.90297550000105,0.7167784499988556,True,,hard_wall,True,runtime_4methods_csv:850
Runtime-budget comparison,GRASP,lin318_gen3_m2,2,2500,143.6197539499999,142.90165518024992,214243,6005.0,7936.0,24.332157258064516,20866.54578607592,146,142.90296619999572,0.7167877500041868,True,,hard_wall,True,runtime_4methods_csv:851
Runtime-budget comparison,GRASP,lin318_gen3_m2,3,2500,143.6197539499999,142.90165518024992,216713,6227.0,7936.0,21.534778225806452,20930.731805644187,158,142.90320530000463,0.7165486499952749,True,,hard_wall,True,runtime_4methods_csv:852
Runtime-budget comparison,GRASP,lin318_gen3_m4,0,2500,60.70490552499973,60.40138099737473,113455,3350.0,3797.0,11.772451935738742,20893.433723257323,112,60.405972100001236,0.29893342499849496,True,,hard_wall,True,runtime_4methods_csv:865
Runtime-budget comparison,GRASP,lin318_gen3_m4,1,2500,60.70490552499973,60.40138099737473,113770,3270.0,3797.0,13.879378456676323,20796.502939263173,111,60.40218640000239,0.30271912499733844,True,,hard_wall,True,runtime_4methods_csv:866
Runtime-budget comparison,GRASP,lin318_gen3_m4,2,2500,60.70490552499973,60.40138099737473,112429,3234.0,3797.0,14.827495391098235,20888.916443346578,109,60.4026451000027,0.30226042499703,True,,hard_wall,True,runtime_4methods_csv:867
Runtime-budget comparison,GRASP,lin318_gen3_m4,3,2500,60.70490552499973,60.40138099737473,112079,3322.0,3797.0,12.509876218066895,20766.16795422856,112,60.402089400005934,0.3028161249937966,True,,hard_wall,True,runtime_4methods_csv:868
Runtime-budget comparison,GRASP,pr136_gen1_m2,0,2500,15.963301450000017,15.713301450000017,64235,58.0,63.0,7.936507936507937,47661.781555671594,58,15.714082400001644,0.24921904999837352,True,,hard_wall,True,runtime_4methods_csv:881
Runtime-budget comparison,GRASP,pr136_gen1_m2,1,2500,15.963301450000017,15.713301450000017,64198,57.0,63.0,9.523809523809524,47849.014448143644,57,15.71346910000284,0.24983234999717752,True,,hard_wall,True,runtime_4methods_csv:882
Runtime-budget comparison,GRASP,pr136_gen1_m2,2,2500,15.963301450000017,15.713301450000017,64518,58.0,63.0,7.936507936507937,47798.037880546675,58,15.71361180000531,0.249689649994707,True,,hard_wall,True,runtime_4methods_csv:883
Runtime-budget comparison,GRASP,pr136_gen1_m2,3,2500,15.963301450000017,15.713301450000017,64581,57.0,63.0,9.523809523809524,47585.13261956202,57,15.713607300000149,0.2496941499998684,True,,hard_wall,True,runtime_4methods_csv:884
Runtime-budget comparison,GRASP,pr136_gen2_m2,0,2500,19.648977925000054,19.398977925000054,79080,3335.0,3646.0,8.529895776193088,48132.30776246337,57,19.39919530000043,0.2497826249996251,True,,hard_wall,True,runtime_4methods_csv:897
Runtime-budget comparison,GRASP,pr136_gen2_m2,1,2500,19.648977925000054,19.398977925000054,79351,3337.0,3646.0,8.475041140976412,47873.01561547101,56,19.399247399996966,0.24973052500308768,True,,hard_wall,True,runtime_4methods_csv:898
Runtime-budget comparison,GRASP,pr136_gen2_m2,2,2500,19.648977925000054,19.398977925000054,78863,3389.0,3646.0,7.048820625342842,47975.02235891769,58,19.399166099996364,0.2498118250036896,True,,hard_wall,True,runtime_4methods_csv:899
Runtime-budget comparison,GRASP,pr136_gen2_m2,3,2500,19.648977925000054,19.398977925000054,79363,3312.0,3646.0,9.16072408118486,47959.33592970022,57,19.399233600001025,0.24974432499902832,True,,hard_wall,True,runtime_4methods_csv:900
Runtime-budget comparison,GRASP,pr264_gen1_m4,0,2500,42.47028717500007,42.22028717500007,94528,99.0,107.0,7.4766355140186915,24214.745188489796,99,42.2210339000012,0.24925327499886407,True,,hard_wall,True,runtime_4methods_csv:913
Runtime-budget comparison,GRASP,pr264_gen1_m4,1,2500,42.47028717500007,42.22028717500007,94937,99.0,107.0,7.4766355140186915,24162.015311899217,99,42.22090609999577,0.24938107500429396,True,,hard_wall,True,runtime_4methods_csv:914
Runtime-budget comparison,GRASP,pr264_gen1_m4,2,2500,42.47028717500007,42.22028717500007,94691,100.0,107.0,6.542056074766355,24124.757428728637,100,42.22100540000247,0.2492817749975984,True,,hard_wall,True,runtime_4methods_csv:915
Runtime-budget comparison,GRASP,pr264_gen1_m4,3,2500,42.47028717500007,42.22028717500007,93703,99.0,107.0,7.4766355140186915,24189.421973855813,99,42.22365439999703,0.24663277500303593,True,,hard_wall,True,runtime_4methods_csv:916
Runtime-budget comparison,GRASP,pr264_gen2_m2,0,2500,103.4976217750002,102.9801336661252,216151,6474.0,6635.0,2.426525998492841,24333.03515312205,120,102.98116769999615,0.5164540750040487,True,,hard_wall,True,runtime_4methods_csv:929
Runtime-budget comparison,GRASP,pr264_gen2_m2,1,2500,103.4976217750002,102.9801336661252,214397,6471.0,6635.0,2.4717407686510926,24194.10891950391,122,102.98104009999952,0.5165816750006798,True,,hard_wall,True,runtime_4methods_csv:930
Runtime-budget comparison,GRASP,pr264_gen2_m2,2,2500,103.4976217750002,102.9801336661252,215062,6491.0,6635.0,2.1703089675960814,24280.959433774267,123,102.98096039999655,0.5166613750036504,True,,hard_wall,True,runtime_4methods_csv:931
Runtime-budget comparison,GRASP,pr264_gen2_m2,3,2500,103.4976217750002,102.9801336661252,208394,6446.0,6635.0,2.8485305199698567,23933.577457786203,125,102.98110219999944,0.516519575000757,True,,hard_wall,True,runtime_4methods_csv:932
Runtime-budget comparison,GRASP,pr264_gen2_m3,0,2500,59.427914599999895,59.13077502699989,127632,6043.0,6420.0,5.872274143302181,24252.26419644747,108,59.131379699996614,0.2965349000032802,True,,hard_wall,True,runtime_4methods_csv:945
Runtime-budget comparison,GRASP,pr264_gen2_m3,1,2500,59.427914599999895,59.13077502699989,128195,5838.0,6420.0,9.065420560747663,24103.644659713347,106,59.131528799996886,0.2963858000030086,True,,hard_wall,True,runtime_4methods_csv:946
Runtime-budget comparison,GRASP,pr264_gen2_m3,2,2500,59.427914599999895,59.13077502699989,129236,5931.0,6420.0,7.616822429906542,24109.6314818711,107,59.13151579999976,0.29639880000013363,True,,hard_wall,True,runtime_4methods_csv:947
Runtime-budget comparison,GRASP,pr264_gen2_m3,3,2500,59.427914599999895,59.13077502699989,128269,5911.0,6420.0,7.928348909657321,24247.343901434968,105,59.13139819999924,0.29651640000065527,True,,hard_wall,True,runtime_4methods_csv:948
Runtime-budget comparison,GRASP,pr264_gen2_m4,0,2500,59.24541129999989,58.949184243499886,132358,5268.0,5584.0,5.659025787965616,24361.06824891036,99,58.94993339999928,0.2954779000006056,True,,hard_wall,True,runtime_4methods_csv:961
Runtime-budget comparison,GRASP,pr264_gen2_m4,1,2500,59.24541129999989,58.949184243499886,131485,5260.0,5584.0,5.802292263610315,24161.314714307766,96,58.95283200000267,0.29257929999721455,True,,hard_wall,True,runtime_4methods_csv:962
Runtime-budget comparison,GRASP,pr264_gen2_m4,2,2500,59.24541129999989,58.949184243499886,131549,5193.0,5584.0,7.002148997134671,24105.797462281895,97,58.95005140000285,0.29535989999703816,True,,hard_wall,True,runtime_4methods_csv:963
Runtime-budget comparison,GRASP,pr264_gen2_m4,3,2500,59.24541129999989,58.949184243499886,131394,5179.0,5584.0,7.252865329512894,24278.814054244132,97,58.949741799995536,0.295669500004351,True,,hard_wall,True,runtime_4methods_csv:964
Runtime-budget comparison,GRASP,pr264_gen3_m3,0,2500,65.92646522500013,65.59683289887514,138266,2551.0,2772.0,7.972582972582972,24168.491131171024,112,65.5988681999952,0.32759702500493404,True,,hard_wall,True,runtime_4methods_csv:977
Runtime-budget comparison,GRASP,pr264_gen3_m3,1,2500,65.92646522500013,65.59683289887514,138749,2449.0,2772.0,11.652236652236653,24106.883317421507,112,65.5976479000019,0.32881732499822647,True,,hard_wall,True,runtime_4methods_csv:978
Runtime-budget comparison,GRASP,pr264_gen3_m3,2,2500,65.92646522500013,65.59683289887514,138020,2439.0,2772.0,12.012987012987013,24364.659083349507,114,65.59748940000281,0.3289758249973147,True,,hard_wall,True,runtime_4methods_csv:979
Runtime-budget comparison,GRASP,pr264_gen3_m3,3,2500,65.92646522500013,65.59683289887514,137584,2486.0,2772.0,10.317460317460318,24236.695548039956,113,65.59748700000637,0.3289782249937616,True,,hard_wall,True,runtime_4methods_csv:980
Runtime-budget comparison,GRASP,pr299_gen1_m2,0,2500,73.08424942499983,72.71882817787483,142428,125.0,139.0,10.071942446043165,23818.639827884628,125,72.71959690000222,0.36465252499760936,True,,hard_wall,True,runtime_4methods_csv:993
Runtime-budget comparison,GRASP,pr299_gen1_m2,1,2500,73.08424942499983,72.71882817787483,142696,124.0,139.0,10.79136690647482,23823.38168072249,124,72.72363879999466,0.3606106250051653,True,,hard_wall,True,runtime_4methods_csv:994
Runtime-budget comparison,GRASP,pr299_gen1_m2,2,2500,73.08424942499983,72.71882817787483,140638,122.0,139.0,12.23021582733813,23664.973998907437,122,72.71952260000398,0.3647268249958415,True,,hard_wall,True,runtime_4methods_csv:995
Runtime-budget comparison,GRASP,pr299_gen1_m2,3,2500,73.08424942499983,72.71882817787483,141981,124.0,139.0,10.79136690647482,23586.465770725492,124,72.71956250000221,0.36468692499761346,True,,hard_wall,True,runtime_4methods_csv:996
Runtime-budget comparison,GRASP,pr299_gen1_m3,0,2500,48.98347787499961,48.73347787499961,107066,98.0,111.0,11.711711711711711,23687.806632810276,98,48.73589759999595,0.24758027500365642,True,,hard_wall,True,runtime_4methods_csv:1009
Runtime-budget comparison,GRASP,pr299_gen1_m3,1,2500,48.98347787499961,48.73347787499961,107477,98.0,111.0,11.711711711711711,23996.36580182452,98,48.7342273999966,0.24925047500300934,True,,hard_wall,True,runtime_4methods_csv:1010
Runtime-budget comparison,GRASP,pr299_gen1_m3,2,2500,48.98347787499961,48.73347787499961,107043,97.0,111.0,12.612612612612613,23769.782273178018,97,48.73424579999846,0.24923207500114586,True,,hard_wall,True,runtime_4methods_csv:1011
Runtime-budget comparison,GRASP,pr299_gen1_m3,3,2500,48.98347787499961,48.73347787499961,106729,99.0,111.0,10.81081081081081,24020.522292373986,99,48.735778500005836,0.24769937499377193,True,,hard_wall,True,runtime_4methods_csv:1012
Runtime-budget comparison,GRASP,pr299_gen1_m4,0,2500,33.69549555000003,33.44549555000003,72365,76.0,84.0,9.523809523809524,23596.44426985985,76,33.44608420000441,0.24941134999562564,True,,hard_wall,True,runtime_4methods_csv:1025
Runtime-budget comparison,GRASP,pr299_gen1_m4,1,2500,33.69549555000003,33.44549555000003,71063,76.0,84.0,9.523809523809524,23911.21786985851,76,33.446116600003734,0.24937894999629862,True,,hard_wall,True,runtime_4methods_csv:1026
Runtime-budget comparison,GRASP,pr299_gen1_m4,2,2500,33.69549555000003,33.44549555000003,70613,75.0,84.0,10.714285714285714,23849.835664596758,75,33.44643029999861,0.2490652500014221,True,,hard_wall,True,runtime_4methods_csv:1027
Runtime-budget comparison,GRASP,pr299_gen1_m4,3,2500,33.69549555000003,33.44549555000003,71823,77.0,84.0,8.333333333333334,23921.476531622175,77,33.44623789999605,0.24925765000398314,True,,hard_wall,True,runtime_4methods_csv:1028
Runtime-budget comparison,GRASP,pr299_gen2_m3,0,2500,58.31247112500023,58.020908769375225,127508,5310.0,6018.0,11.764705882352942,24001.38582536816,98,58.02177419999498,0.2906969250052498,True,,hard_wall,True,runtime_4methods_csv:1041
Runtime-budget comparison,GRASP,pr299_gen2_m3,1,2500,58.31247112500023,58.020908769375225,128239,5328.0,6018.0,11.465603190428714,23842.420089121515,97,58.021880199994484,0.2905909250057448,True,,hard_wall,True,runtime_4methods_csv:1042
Runtime-budget comparison,GRASP,pr299_gen2_m3,2,2500,58.31247112500023,58.020908769375225,128355,5320.0,6018.0,11.598537720172814,23951.52549134417,94,58.02223149999918,0.2902396250010497,True,,hard_wall,True,runtime_4methods_csv:1043
Runtime-budget comparison,GRASP,pr299_gen2_m3,3,2500,58.31247112500023,58.020908769375225,127623,5206.0,6018.0,13.492854769026254,23982.035010308504,97,58.02173839999887,0.29073272500136227,True,,hard_wall,True,runtime_4methods_csv:1044
Runtime-budget comparison,GRASP,pr299_gen2_m4,0,2500,36.81183002500029,36.56183002500029,78887,4063.0,4457.0,8.84002692393987,23889.067861303753,74,36.56294979999802,0.24888022500226725,True,,hard_wall,True,runtime_4methods_csv:1057
Runtime-budget comparison,GRASP,pr299_gen2_m4,1,2500,36.81183002500029,36.56183002500029,77851,4150.0,4457.0,6.888041283374467,23973.899026075505,76,36.564343500001996,0.24748652499829404,True,,hard_wall,True,runtime_4methods_csv:1058
Runtime-budget comparison,GRASP,pr299_gen2_m4,2,2500,36.81183002500029,36.56183002500029,78552,4034.0,4457.0,9.490688804128338,23734.320343565152,77,36.562369500003115,0.24946052499717553,True,,hard_wall,True,runtime_4methods_csv:1059
Runtime-budget comparison,GRASP,pr299_gen2_m4,3,2500,36.81183002500029,36.56183002500029,77604,4070.0,4457.0,8.682970608032308,24024.99781394424,74,36.56252350000432,0.24930652499597272,True,,hard_wall,True,runtime_4methods_csv:1060
Runtime-budget comparison,GRASP,pr299_gen3_m2,0,2500,129.8826262249995,129.23321309387453,247147,4438.0,5729.0,22.534473730144878,23861.296419838167,123,129.23419260000082,0.6484336249986882,True,,hard_wall,True,runtime_4methods_csv:1073
Runtime-budget comparison,GRASP,pr299_gen3_m2,1,2500,129.8826262249995,129.23321309387453,245073,4497.0,5729.0,21.50462558910805,23947.66030104504,127,129.23537639999995,0.6472498249995624,True,,hard_wall,True,runtime_4methods_csv:1074
Runtime-budget comparison,GRASP,pr299_gen3_m2,2,2500,129.8826262249995,129.23321309387453,246672,4422.0,5729.0,22.813754581951475,23761.67197792999,122,129.23400969999784,0.6486165250016711,True,,hard_wall,True,runtime_4methods_csv:1075
Runtime-budget comparison,GRASP,pr299_gen3_m2,3,2500,129.8826262249995,129.23321309387453,247375,4479.0,5729.0,21.81881654739047,23774.88446507596,121,129.2338724000001,0.6487538249994032,True,,hard_wall,True,runtime_4methods_csv:1076
Runtime-budget comparison,GRASP,pr299_gen3_m3,0,2500,67.10188205000031,66.76637263975032,144362,3018.0,3655.0,17.428180574555405,23916.852177178356,100,66.76696470000024,0.33491735000006884,True,,hard_wall,True,runtime_4methods_csv:1089
Runtime-budget comparison,GRASP,pr299_gen3_m3,1,2500,67.10188205000031,66.76637263975032,143589,3120.0,3655.0,14.6374829001368,23973.0494831122,100,66.77109480000217,0.3307872499981386,True,,hard_wall,True,runtime_4methods_csv:1090
Runtime-budget comparison,GRASP,pr299_gen3_m3,2,2500,67.10188205000031,66.76637263975032,144410,3045.0,3655.0,16.689466484268127,23696.603489037752,101,66.76794540000265,0.3339366499976677,True,,hard_wall,True,runtime_4methods_csv:1091
Runtime-budget comparison,GRASP,pr299_gen3_m3,3,2500,67.10188205000031,66.76637263975032,144502,3075.0,3655.0,15.868673050615595,23808.582762639613,92,66.77034699999786,0.33153505000245787,True,,hard_wall,True,runtime_4methods_csv:1092
Runtime-budget comparison,GRASP,pr299_gen3_m4,0,2500,39.1256511749998,38.8756511749998,82527,2063.0,2268.0,9.038800705467372,23726.06576275452,77,38.87753750000411,0.24811367499569315,True,,hard_wall,True,runtime_4methods_csv:1105
Runtime-budget comparison,GRASP,pr299_gen3_m4,1,2500,39.1256511749998,38.8756511749998,82041,2025.0,2268.0,10.714285714285714,23933.784624564436,77,38.87621500000387,0.2494361749959353,True,,hard_wall,True,runtime_4methods_csv:1106
Runtime-budget comparison,GRASP,pr299_gen3_m4,2,2500,39.1256511749998,38.8756511749998,83709,2042.0,2268.0,9.964726631393297,23909.609580191005,75,38.87710320000042,0.24854797499938286,True,,hard_wall,True,runtime_4methods_csv:1107
Runtime-budget comparison,GRASP,pr299_gen3_m4,3,2500,39.1256511749998,38.8756511749998,83353,2050.0,2268.0,9.611992945326278,23764.578156152853,78,38.87634699999762,0.24930417500218027,True,,hard_wall,True,runtime_4methods_csv:1108
Runtime-budget comparison,GRASP,rat195_gen2_m2,0,2500,39.65561865000018,39.40561865000018,116275,4495.0,5148.0,12.684537684537684,1153.1197420818519,80,39.4059369999959,0.2496816500042769,True,,hard_wall,True,runtime_4methods_csv:1121
Runtime-budget comparison,GRASP,rat195_gen2_m2,1,2500,39.65561865000018,39.40561865000018,115602,4469.0,5148.0,13.18958818958819,1150.2418204087758,79,39.40601389999938,0.24960475000079896,True,,hard_wall,True,runtime_4methods_csv:1122
Runtime-budget comparison,GRASP,rat195_gen2_m2,2,2500,39.65561865000018,39.40561865000018,115343,4502.0,5148.0,12.548562548562549,1150.9192850650688,81,39.40600699999777,0.24961165000240726,True,,hard_wall,True,runtime_4methods_csv:1123
Runtime-budget comparison,GRASP,rat195_gen2_m2,3,2500,39.65561865000018,39.40561865000018,115871,4530.0,5148.0,12.004662004662004,1152.1582860776834,81,39.406139099999564,0.24947955000061484,True,,hard_wall,True,runtime_4methods_csv:1124
Runtime-budget comparison,GRASP,rat195_gen3_m3,0,2500,33.92039642500049,33.67039642500049,108226,2317.0,2574.0,9.984459984459985,1155.0485887758382,78,33.670828000002075,0.24956842499841514,True,,hard_wall,True,runtime_4methods_csv:1137
Runtime-budget comparison,GRASP,rat195_gen3_m3,1,2500,33.92039642500049,33.67039642500049,108892,2245.0,2574.0,12.781662781662781,1156.3288984120895,76,33.67074909999792,0.24964732500257014,True,,hard_wall,True,runtime_4methods_csv:1138
Runtime-budget comparison,GRASP,rat195_gen3_m3,2,2500,33.92039642500049,33.67039642500049,107506,2247.0,2574.0,12.703962703962704,1160.1129247826846,76,33.671032899997954,0.24936352500253633,True,,hard_wall,True,runtime_4methods_csv:1139
Runtime-budget comparison,GRASP,rat195_gen3_m3,3,2500,33.92039642500049,33.67039642500049,107570,2208.0,2574.0,14.21911421911422,1155.7852456296437,76,33.67276850000053,0.24762792499996067,True,,hard_wall,True,runtime_4methods_csv:1140
Runtime-budget comparison,GRASP,rd400_gen1_m2,0,2500,223.00533550000046,222.00533550000046,230635,191.0,232.0,17.67241379310345,7607.357110572497,191,222.00808929999766,0.9972462000027917,True,,hard_wall,True,runtime_4methods_csv:1153
Runtime-budget comparison,GRASP,rd400_gen1_m2,1,2500,223.00533550000046,222.00533550000046,231138,192.0,232.0,17.24137931034483,7521.481031159874,192,222.0080880999958,0.9972474000046532,True,,hard_wall,True,runtime_4methods_csv:1154
Runtime-budget comparison,GRASP,rd400_gen1_m2,2,2500,223.00533550000046,222.00533550000046,211497,195.0,232.0,15.948275862068966,7582.830633624947,195,222.00763599999482,0.9976995000056377,True,,hard_wall,True,runtime_4methods_csv:1155
Runtime-budget comparison,GRASP,rd400_gen1_m2,3,2500,223.00533550000046,222.00533550000046,226106,193.0,232.0,16.810344827586206,7557.465993673468,193,222.0072291999968,0.9981063000036556,True,,hard_wall,True,runtime_4methods_csv:1156
Runtime-budget comparison,GRASP,rd400_gen1_m3,0,2500,185.6676365999997,184.7392984169997,217989,184.0,224.0,17.857142857142858,7550.6622038573705,184,184.74171550000028,0.9259210999994139,True,,hard_wall,True,runtime_4methods_csv:1169
Runtime-budget comparison,GRASP,rd400_gen1_m3,1,2500,185.6676365999997,184.7392984169997,219109,182.0,224.0,18.75,7551.595185834622,182,184.74119119999523,0.926445400004468,True,,hard_wall,True,runtime_4methods_csv:1170
Runtime-budget comparison,GRASP,rd400_gen1_m3,2,2500,185.6676365999997,184.7392984169997,217792,184.0,224.0,17.857142857142858,7556.337880121906,184,184.74125849999837,0.9263781000013296,True,,hard_wall,True,runtime_4methods_csv:1171
Runtime-budget comparison,GRASP,rd400_gen1_m3,3,2500,185.6676365999997,184.7392984169997,219057,180.0,224.0,19.642857142857142,7569.2477186864735,180,184.7408751000039,0.9267614999957914,True,,hard_wall,True,runtime_4methods_csv:1172
Runtime-budget comparison,GRASP,rd400_gen1_m4,0,2500,158.66772430000037,157.87438567850037,199771,172.0,213.0,19.248826291079812,7559.219526739535,172,157.87757520000014,0.7901491000002352,True,,hard_wall,True,runtime_4methods_csv:1185
Runtime-budget comparison,GRASP,rd400_gen1_m4,1,2500,158.66772430000037,157.87438567850037,198222,172.0,213.0,19.248826291079812,7525.309735723056,172,157.87664070000028,0.7910836000000927,True,,hard_wall,True,runtime_4methods_csv:1186
Runtime-budget comparison,GRASP,rd400_gen1_m4,2,2500,158.66772430000037,157.87438567850037,198037,172.0,213.0,19.248826291079812,7514.977417633896,172,157.87595950000104,0.7917647999993278,True,,hard_wall,True,runtime_4methods_csv:1187
Runtime-budget comparison,GRASP,rd400_gen1_m4,3,2500,158.66772430000037,157.87438567850037,197189,174.0,213.0,18.309859154929576,7525.816497865282,174,157.88422240000364,0.783501899996736,True,,hard_wall,True,runtime_4methods_csv:1188
Runtime-budget comparison,GRASP,rd400_gen2_m2,0,2500,263.8937799750006,262.8937799750006,281881,10454.0,13045.0,19.862016098121885,7573.735036504886,180,262.8957953000063,0.9979846749943135,True,,hard_wall,True,runtime_4methods_csv:1201
Runtime-budget comparison,GRASP,rd400_gen2_m2,1,2500,263.8937799750006,262.8937799750006,280016,10833.0,13045.0,16.956688386354926,7601.4803153265375,187,262.89576329999545,0.9980166750051467,True,,hard_wall,True,runtime_4methods_csv:1202
Runtime-budget comparison,GRASP,rd400_gen2_m2,2,2500,263.8937799750006,262.8937799750006,281436,10660.0,13045.0,18.282866998850135,7615.688037414751,181,262.89574300000095,0.9980369749996498,True,,hard_wall,True,runtime_4methods_csv:1203
Runtime-budget comparison,GRASP,rd400_gen2_m2,3,2500,263.8937799750006,262.8937799750006,280780,11116.0,13045.0,14.787274817937908,7608.898495167033,190,262.8955011000071,0.9982788749935025,True,,hard_wall,True,runtime_4methods_csv:1204
Runtime-budget comparison,GRASP,rd400_gen2_m3,0,2500,211.91072160000067,210.91072160000067,256759,9991.0,12646.0,20.99478095840582,7591.19230859464,172,210.9125083000108,0.9982132999898568,True,,hard_wall,True,runtime_4methods_csv:1217
Runtime-budget comparison,GRASP,rd400_gen2_m3,1,2500,211.91072160000067,210.91072160000067,258652,10166.0,12646.0,19.61094417207022,7513.224256230712,173,210.91296060000604,0.9977609999946253,True,,hard_wall,True,runtime_4methods_csv:1218
Runtime-budget comparison,GRASP,rd400_gen2_m3,2,2500,211.91072160000067,210.91072160000067,259204,9916.0,12646.0,21.587853866835363,7551.246367492064,171,210.91917060001288,0.9915509999877941,True,,hard_wall,True,runtime_4methods_csv:1219
Runtime-budget comparison,GRASP,rd400_gen2_m3,3,2500,211.91072160000067,210.91072160000067,256706,10159.0,12646.0,19.666297643523645,7599.26608535403,179,210.91287190000003,0.9978497000006428,True,,hard_wall,True,runtime_4methods_csv:1220
Runtime-budget comparison,GRASP,rd400_gen2_m4,0,2500,154.48436360000005,153.71194178200005,196350,9458.0,12032.0,21.392952127659573,7546.716400974536,166,153.71355879999464,0.7708048000054077,True,,hard_wall,True,runtime_4methods_csv:1233
Runtime-budget comparison,GRASP,rd400_gen2_m4,1,2500,154.48436360000005,153.71194178200005,195463,9257.0,12032.0,23.06349734042553,7494.892277221511,162,153.7161519000074,0.768211699992662,True,,hard_wall,True,runtime_4methods_csv:1234
Runtime-budget comparison,GRASP,rd400_gen2_m4,2,2500,154.48436360000005,153.71194178200005,196091,9584.0,12032.0,20.345744680851062,7540.198367855422,167,153.71375640000042,0.7706071999996311,True,,hard_wall,True,runtime_4methods_csv:1235
Runtime-budget comparison,GRASP,rd400_gen2_m4,3,2500,154.48436360000005,153.71194178200005,196950,9480.0,12032.0,21.210106382978722,7606.437069585221,158,153.7133376999991,0.7710259000009501,True,,hard_wall,True,runtime_4methods_csv:1236
Runtime-budget comparison,GRASP,rd400_gen3_m2,0,2500,261.92568397499963,260.92568397499963,269701,9988.0,12431.0,19.65248169897836,7580.914377885047,191,260.92777009999554,0.9979138750040875,True,,hard_wall,True,runtime_4methods_csv:1249
Runtime-budget comparison,GRASP,rd400_gen3_m2,1,2500,261.92568397499963,260.92568397499963,270123,10103.0,12431.0,18.72737511061057,7608.160861302102,180,260.9272415000014,0.9984424749982281,True,,hard_wall,True,runtime_4methods_csv:1250
Runtime-budget comparison,GRASP,rd400_gen3_m2,2,2500,261.92568397499963,260.92568397499963,269420,10120.0,12431.0,18.590620223634463,7484.65712634656,190,260.9275469000131,0.9981370749865164,True,,hard_wall,True,runtime_4methods_csv:1251
Runtime-budget comparison,GRASP,rd400_gen3_m2,3,2500,261.92568397499963,260.92568397499963,270431,10176.0,12431.0,18.140133537124928,7541.936283135477,187,260.9287070999999,0.9969768749997456,True,,hard_wall,True,runtime_4methods_csv:1252
Runtime-budget comparison,GRASP,rd400_gen3_m3,0,2500,201.04796192499998,200.04796192499998,233345,8567.0,11639.0,26.39402010482,7572.257910733226,178,200.04993660000036,0.9980253249996167,True,,hard_wall,True,runtime_4methods_csv:1265
Runtime-budget comparison,GRASP,rd400_gen3_m3,1,2500,201.04796192499998,200.04796192499998,234000,8623.0,11639.0,25.912879113325886,7595.9236898993895,172,200.05091700000048,0.9970449249994999,True,,hard_wall,True,runtime_4methods_csv:1266
Runtime-budget comparison,GRASP,rd400_gen3_m3,2,2500,201.04796192499998,200.04796192499998,230346,9001.0,11639.0,22.665177420740612,7595.0309074250845,184,200.05533370000194,0.9926282249980432,True,,hard_wall,True,runtime_4methods_csv:1267
Runtime-budget comparison,GRASP,rd400_gen3_m3,3,2500,201.04796192499998,200.04796192499998,232855,8842.0,11639.0,24.03127416444712,7552.080768305934,182,200.05531549999432,0.9926464250056597,True,,hard_wall,True,runtime_4methods_csv:1268
Runtime-budget comparison,GRASP,rd400_gen3_m4,0,2500,156.93396472500035,156.14929490137536,192821,7666.0,10436.0,26.542736680720584,7601.072621613807,181,156.1512178000121,0.7827469249882597,True,,hard_wall,True,runtime_4methods_csv:1281
Runtime-budget comparison,GRASP,rd400_gen3_m4,1,2500,156.93396472500035,156.14929490137536,193143,7556.0,10436.0,27.596780375622846,7580.292862506469,161,156.15277590000187,0.7811888249984804,True,,hard_wall,True,runtime_4methods_csv:1282
Runtime-budget comparison,GRASP,rd400_gen3_m4,2,2500,156.93396472500035,156.14929490137536,193711,7773.0,10436.0,25.51743963204293,7591.87731733075,174,156.15116809999745,0.7827966250029021,True,,hard_wall,True,runtime_4methods_csv:1283
Runtime-budget comparison,GRASP,rd400_gen3_m4,3,2500,156.93396472500035,156.14929490137536,182683,7798.0,10436.0,25.277884246837868,7605.823107329229,168,156.15070680000645,0.7832579249939045,True,,hard_wall,True,runtime_4methods_csv:1284
Runtime-budget comparison,GRASP,ts225_gen2_m2,0,2500,58.3808446500002,58.0889404267502,147328,5327.0,5859.0,9.080047789725208,63069.729913621806,98,58.089681899989955,0.29116275001024405,True,,hard_wall,True,runtime_4methods_csv:1297
Runtime-budget comparison,GRASP,ts225_gen2_m2,1,2500,58.3808446500002,58.0889404267502,147332,5502.0,5859.0,6.093189964157706,63133.90034030042,100,58.089686200008146,0.29115844999205365,True,,hard_wall,True,runtime_4methods_csv:1298
Runtime-budget comparison,GRASP,ts225_gen2_m2,2,2500,58.3808446500002,58.0889404267502,146901,5418.0,5859.0,7.526881720430108,63279.454308678134,101,58.0896294000122,0.2912152499879994,True,,hard_wall,True,runtime_4methods_csv:1299
Runtime-budget comparison,GRASP,ts225_gen2_m2,3,2500,58.3808446500002,58.0889404267502,144853,5400.0,5859.0,7.8341013824884795,62590.94028375895,99,58.09186859999318,0.2889760500070224,True,,hard_wall,True,runtime_4methods_csv:1300
Runtime-budget comparison,ILS,bier127_gen1_m2,0,2500,26.947047625000096,26.697047625000096,5394,99.0,106.0,6.60377358490566,58425.557713655784,99,26.685170199998538,0.26187742500155764,True,,hard_wall,True,runtime_4methods_csv:5
Runtime-budget comparison,ILS,bier127_gen1_m2,1,2500,26.947047625000096,26.697047625000096,5385,98.0,106.0,7.547169811320755,58483.16853096234,98,26.68268359999638,0.26436402500371514,True,,hard_wall,True,runtime_4methods_csv:6
Runtime-budget comparison,ILS,bier127_gen1_m2,2,2500,26.947047625000096,26.697047625000096,5172,99.0,106.0,6.60377358490566,58533.73736876695,99,26.68469550000009,0.2623521250000067,True,,hard_wall,True,runtime_4methods_csv:7
Runtime-budget comparison,ILS,bier127_gen1_m2,3,2500,26.947047625000096,26.697047625000096,5128,98.0,106.0,7.547169811320755,58326.85175465734,98,26.684195199995884,0.2628524250042119,True,,hard_wall,True,runtime_4methods_csv:8
Runtime-budget comparison,ILS,bier127_gen1_m3,0,2500,22.197212824999724,21.947212824999724,4240,99.0,103.0,3.883495145631068,57564.91003707624,99,21.94213160000072,0.2550812249990031,True,,hard_wall,True,runtime_4methods_csv:21
Runtime-budget comparison,ILS,bier127_gen1_m3,1,2500,22.197212824999724,21.947212824999724,4127,99.0,103.0,3.883495145631068,56678.765610104616,99,21.926551800002926,0.270661024996798,True,,hard_wall,True,runtime_4methods_csv:22
Runtime-budget comparison,ILS,bier127_gen1_m3,2,2500,22.197212824999724,21.947212824999724,4305,99.0,103.0,3.883495145631068,56678.765610104616,99,21.93760199999815,0.2596108250015732,True,,hard_wall,True,runtime_4methods_csv:23
Runtime-budget comparison,ILS,bier127_gen1_m3,3,2500,22.197212824999724,21.947212824999724,4409,99.0,103.0,3.883495145631068,57047.95200418319,99,21.93875890000345,0.2584539249962745,True,,hard_wall,True,runtime_4methods_csv:24
Runtime-budget comparison,ILS,bier127_gen2_m2,0,2500,39.04240269999991,38.79240269999991,8596,5137.0,5464.0,5.984626647144949,58218.73738540984,93,38.7876116999978,0.25479100000211474,True,,hard_wall,True,runtime_4methods_csv:37
Runtime-budget comparison,ILS,bier127_gen2_m2,1,2500,39.04240269999991,38.79240269999991,8233,5198.0,5464.0,4.868228404099561,57964.26624688997,97,38.785551200002374,0.25685149999753776,True,,hard_wall,True,runtime_4methods_csv:38
Runtime-budget comparison,ILS,bier127_gen2_m2,2,2500,39.04240269999991,38.79240269999991,8473,5158.0,5464.0,5.600292825768667,56798.12373915213,94,38.7868290999977,0.25557360000220797,True,,hard_wall,True,runtime_4methods_csv:39
Runtime-budget comparison,ILS,bier127_gen2_m2,3,2500,39.04240269999991,38.79240269999991,8218,5222.0,5464.0,4.428989751098096,58253.81383145375,98,38.786371000001964,0.2560316999979477,True,,hard_wall,True,runtime_4methods_csv:40
Runtime-budget comparison,ILS,bier127_gen2_m3,0,2500,25.10175977499989,24.85175977499989,5434,4939.0,5393.0,8.418320044502133,55666.80608296611,93,24.844660099995963,0.2570996750039285,True,,hard_wall,True,runtime_4methods_csv:53
Runtime-budget comparison,ILS,bier127_gen2_m3,1,2500,25.10175977499989,24.85175977499989,6311,4990.0,5393.0,7.47264973113295,58619.28995354909,90,24.84542639999563,0.25633337500426023,True,,hard_wall,True,runtime_4methods_csv:54
Runtime-budget comparison,ILS,bier127_gen2_m3,2,2500,25.10175977499989,24.85175977499989,5344,4924.0,5393.0,8.696458371963656,54696.45109840748,93,24.845927700000175,0.2558320749997165,True,,hard_wall,True,runtime_4methods_csv:55
Runtime-budget comparison,ILS,bier127_gen2_m3,3,2500,25.10175977499989,24.85175977499989,5403,4939.0,5393.0,8.418320044502133,55666.80608296611,93,24.843282900001213,0.2584768749986779,True,,hard_wall,True,runtime_4methods_csv:56
Runtime-budget comparison,ILS,bier127_gen2_m4,0,2500,23.99965545000032,23.74965545000032,6630,4722.0,5123.0,7.827444856529377,53491.44924064263,84,23.744243100001768,0.2554123499985508,True,,hard_wall,True,runtime_4methods_csv:69
Runtime-budget comparison,ILS,bier127_gen2_m4,1,2500,23.99965545000032,23.74965545000032,6536,4760.0,5123.0,7.085691977357017,55408.3209562393,85,23.74319269999978,0.2564627500005372,True,,hard_wall,True,runtime_4methods_csv:70
Runtime-budget comparison,ILS,bier127_gen2_m4,2,2500,23.99965545000032,23.74965545000032,6498,4768.0,5123.0,6.929533476478626,56070.16723936385,86,23.74583469999925,0.2538207500010685,True,,hard_wall,True,runtime_4methods_csv:71
Runtime-budget comparison,ILS,bier127_gen2_m4,3,2500,23.99965545000032,23.74965545000032,6527,4768.0,5123.0,6.929533476478626,56367.51124483676,86,23.742892400005076,0.2567630499952429,True,,hard_wall,True,runtime_4methods_csv:72
Runtime-budget comparison,ILS,bier127_gen3_m2,0,2500,44.40461825000011,44.15461825000011,12659,2227.0,2885.0,22.807625649913344,54140.44041838798,84,44.150904599999194,0.2537136500009183,True,,hard_wall,True,runtime_4methods_csv:85
Runtime-budget comparison,ILS,bier127_gen3_m2,1,2500,44.40461825000011,44.15461825000011,12690,2227.0,2885.0,22.807625649913344,54140.44041838798,84,44.14858990000357,0.2560283499965408,True,,hard_wall,True,runtime_4methods_csv:86
Runtime-budget comparison,ILS,bier127_gen3_m2,2,2500,44.40461825000011,44.15461825000011,12706,2227.0,2885.0,22.807625649913344,54140.44041838798,84,44.133550699996704,0.27106755000340854,True,,hard_wall,True,runtime_4methods_csv:87
Runtime-budget comparison,ILS,bier127_gen3_m2,3,2500,44.40461825000011,44.15461825000011,12824,2227.0,2885.0,22.807625649913344,54258.85892901991,84,44.15006130000256,0.25455694999754996,True,,hard_wall,True,runtime_4methods_csv:88
Runtime-budget comparison,ILS,bier127_gen3_m3,0,2500,37.86989892500014,37.61989892500014,10461,1998.0,2706.0,26.164079822616408,51507.633018257475,86,37.601701299999945,0.26819762500019806,True,,hard_wall,True,runtime_4methods_csv:101
Runtime-budget comparison,ILS,bier127_gen3_m3,1,2500,37.86989892500014,37.61989892500014,10543,1998.0,2706.0,26.164079822616408,51489.78651747314,86,37.61404520000008,0.2558537250000654,True,,hard_wall,True,runtime_4methods_csv:102
Runtime-budget comparison,ILS,bier127_gen3_m3,2,2500,37.86989892500014,37.61989892500014,10554,1998.0,2706.0,26.164079822616408,51633.17040286312,86,37.612202000000025,0.2576969250001184,True,,hard_wall,True,runtime_4methods_csv:103
Runtime-budget comparison,ILS,bier127_gen3_m3,3,2500,37.86989892500014,37.61989892500014,10579,1998.0,2706.0,26.164079822616408,50633.40454899743,86,37.61567009999999,0.25422882500015476,True,,hard_wall,True,runtime_4methods_csv:104
Runtime-budget comparison,ILS,bier127_gen3_m4,0,2500,28.300104599999713,28.050104599999713,7930,1829.0,2402.0,23.85512073272273,51335.61206668085,83,28.044016499999998,0.25608809999971527,True,,hard_wall,True,runtime_4methods_csv:117
Runtime-budget comparison,ILS,bier127_gen3_m4,1,2500,28.300104599999713,28.050104599999713,7934,1829.0,2402.0,23.85512073272273,51335.61206668085,83,28.042293700000073,0.25781089999964024,True,,hard_wall,True,runtime_4methods_csv:118
Runtime-budget comparison,ILS,bier127_gen3_m4,2,2500,28.300104599999713,28.050104599999713,7973,1829.0,2402.0,23.85512073272273,51335.61206668085,83,28.03833860000009,0.2617659999996249,True,,hard_wall,True,runtime_4methods_csv:119
Runtime-budget comparison,ILS,bier127_gen3_m4,3,2500,28.300104599999713,28.050104599999713,7615,1829.0,2402.0,23.85512073272273,51335.61206668085,83,28.040368899999976,0.25973569999973734,True,,hard_wall,True,runtime_4methods_csv:120
Runtime-budget comparison,ILS,cmt101c_m3,0,2500,13.720634825000161,13.470634825000161,8077,1170.0,1300.0,10.0,362.1706983738666,61,13.468043099999932,0.2525917250002294,True,,hard_wall,True,runtime_4methods_csv:133
Runtime-budget comparison,ILS,cmt101c_m3,1,2500,13.720634825000161,13.470634825000161,7894,1180.0,1300.0,9.23076923076923,359.9093942247492,62,13.46682799999985,0.2538068250003107,True,,hard_wall,True,runtime_4methods_csv:134
Runtime-budget comparison,ILS,cmt101c_m3,2,2500,13.720634825000161,13.470634825000161,8396,1170.0,1300.0,10.0,360.74472748552813,61,13.468521900000042,0.2521129250001195,True,,hard_wall,True,runtime_4methods_csv:135
Runtime-budget comparison,ILS,cmt101c_m3,3,2500,13.720634825000161,13.470634825000161,7982,1180.0,1300.0,9.23076923076923,364.7521696132459,62,13.450714899999866,0.2699199250002948,True,,hard_wall,True,runtime_4methods_csv:136
Runtime-budget comparison,ILS,cmt151b_m3,0,2500,23.452230249999957,23.202230249999957,12929,1175.0,1385.0,15.16245487364621,339.5564355087879,66,23.18776620000017,0.2644640499997877,True,,hard_wall,True,runtime_4methods_csv:149
Runtime-budget comparison,ILS,cmt151b_m3,1,2500,23.452230249999957,23.202230249999957,13159,1199.0,1385.0,13.429602888086643,343.19392524001177,65,23.19863220000002,0.25359804999993685,True,,hard_wall,True,runtime_4methods_csv:150
Runtime-budget comparison,ILS,cmt151b_m3,2,2500,23.452230249999957,23.202230249999957,14444,1205.0,1385.0,12.99638989169675,347.166428203972,61,23.198830799999996,0.2533994499999608,True,,hard_wall,True,runtime_4methods_csv:151
Runtime-budget comparison,ILS,cmt151b_m3,3,2500,23.452230249999957,23.202230249999957,13266,1156.0,1385.0,16.534296028880867,331.30464903584397,64,23.198794399999997,0.25343584999995983,True,,hard_wall,True,runtime_4methods_csv:152
Runtime-budget comparison,ILS,cmt151c_m2,0,2500,35.23979887500013,34.98979887500013,5967,1881.0,1964.0,4.226069246435845,520.7283528942107,105,34.98287200000004,0.25692687500009015,True,,hard_wall,True,runtime_4methods_csv:165
Runtime-budget comparison,ILS,cmt151c_m2,1,2500,35.23979887500013,34.98979887500013,5674,1895.0,1964.0,3.513238289205703,522.1763899687971,107,34.96753189999981,0.2722669750003206,True,,hard_wall,True,runtime_4methods_csv:166
Runtime-budget comparison,ILS,cmt151c_m2,2,2500,35.23979887500013,34.98979887500013,5849,1887.0,1964.0,3.920570264765784,523.3654645183838,104,34.97269940000024,0.2670994749998954,True,,hard_wall,True,runtime_4methods_csv:167
Runtime-budget comparison,ILS,cmt151c_m2,3,2500,35.23979887500013,34.98979887500013,5807,1892.0,1964.0,3.6659877800407332,523.317100537495,108,34.98365439999998,0.2561444750001556,True,,hard_wall,True,runtime_4methods_csv:168
Runtime-budget comparison,ILS,cmt151c_m3,0,2500,29.997989475000168,29.747989475000168,5112,1835.0,1916.0,4.227557411273486,523.168637907856,104,29.739017100000183,0.2589723749999848,True,,hard_wall,True,runtime_4methods_csv:181
Runtime-budget comparison,ILS,cmt151c_m3,1,2500,29.997989475000168,29.747989475000168,5184,1846.0,1916.0,3.653444676409186,522.9078476363239,104,29.741613000000143,0.2563764750000246,True,,hard_wall,True,runtime_4methods_csv:182
Runtime-budget comparison,ILS,cmt151c_m3,2,2500,29.997989475000168,29.747989475000168,5344,1827.0,1916.0,4.645093945720251,521.2688201306892,102,29.73383150000018,0.26415797499998916,True,,hard_wall,True,runtime_4methods_csv:183
Runtime-budget comparison,ILS,cmt151c_m3,3,2500,29.997989475000168,29.747989475000168,5439,1731.0,1916.0,9.65553235908142,516.5814608721834,101,29.73969699999998,0.25829247500018937,True,,hard_wall,True,runtime_4methods_csv:184
Runtime-budget comparison,ILS,cmt151c_m4,0,2500,25.793135625000104,25.543135625000104,5255,1767.0,1880.0,6.01063829787234,515.1813071579365,100,25.53758360000029,0.25555202499981533,True,,hard_wall,True,runtime_4methods_csv:197
Runtime-budget comparison,ILS,cmt151c_m4,1,2500,25.793135625000104,25.543135625000104,5161,1745.0,1880.0,7.180851063829787,507.3589443207312,97,25.526794999999765,0.26634062500033906,True,,hard_wall,True,runtime_4methods_csv:198
Runtime-budget comparison,ILS,cmt151c_m4,2,2500,25.793135625000104,25.543135625000104,5186,1735.0,1880.0,7.712765957446808,514.6769552139571,98,25.534848699999657,0.2582869250004478,True,,hard_wall,True,runtime_4methods_csv:199
Runtime-budget comparison,ILS,cmt151c_m4,3,2500,25.793135625000104,25.543135625000104,5060,1750.0,1880.0,6.914893617021277,510.5594227096174,100,25.537319800000205,0.25581582499989963,True,,hard_wall,True,runtime_4methods_csv:200
Runtime-budget comparison,ILS,cmt200b_m2,0,2500,61.60824172499974,61.300200516374744,13031,1821.0,2096.0,13.120229007633588,378.9043334131013,98,61.29076099999975,0.3174807249999958,True,,hard_wall,True,runtime_4methods_csv:213
Runtime-budget comparison,ILS,cmt200b_m2,1,2500,61.60824172499974,61.300200516374744,13130,1816.0,2096.0,13.358778625954198,375.74205575293297,97,61.28838570000016,0.31985602499958077,True,,hard_wall,True,runtime_4methods_csv:214
Runtime-budget comparison,ILS,cmt200b_m2,2,2500,61.60824172499974,61.300200516374744,13180,1787.0,2096.0,14.742366412213741,374.90140896236426,97,61.293071500000224,0.31517022499951963,True,,hard_wall,True,runtime_4methods_csv:215
Runtime-budget comparison,ILS,cmt200b_m2,3,2500,61.60824172499974,61.300200516374744,13462,1812.0,2096.0,13.549618320610687,380.7571281305543,95,61.293101999999635,0.31513972500010823,True,,hard_wall,True,runtime_4methods_csv:216
Runtime-budget comparison,ILS,cmt200b_m3,0,2500,43.168239249999715,42.918239249999715,9492,1725.0,2019.0,14.561664190193165,373.5152679595941,93,42.91001779999988,0.2582214499998372,True,,hard_wall,True,runtime_4methods_csv:229
Runtime-budget comparison,ILS,cmt200b_m3,1,2500,43.168239249999715,42.918239249999715,10334,1707.0,2019.0,15.453194650817236,377.8590428632693,91,42.91092169999956,0.25731755000015255,True,,hard_wall,True,runtime_4methods_csv:230
Runtime-budget comparison,ILS,cmt200b_m3,2,2500,43.168239249999715,42.918239249999715,10613,1720.0,2019.0,14.809311540366519,380.84768889430075,91,42.90320319999955,0.2650360500001625,True,,hard_wall,True,runtime_4methods_csv:231
Runtime-budget comparison,ILS,cmt200b_m3,3,2500,43.168239249999715,42.918239249999715,9961,1702.0,2019.0,15.700842000990589,372.88941221010015,91,42.91271510000024,0.2555241499994736,True,,hard_wall,True,runtime_4methods_csv:232
Runtime-budget comparison,ILS,cmt200b_m4,0,2500,36.43267667500004,36.18267667500004,9814,1616.0,1894.0,14.6779303062302,364.8084579826572,88,36.17842990000008,0.25424677499995596,True,,hard_wall,True,runtime_4methods_csv:245
Runtime-budget comparison,ILS,cmt200b_m4,1,2500,36.43267667500004,36.18267667500004,9837,1572.0,1894.0,17.00105596620908,366.51850105178,88,36.17429059999995,0.2583860750000895,True,,hard_wall,True,runtime_4methods_csv:246
Runtime-budget comparison,ILS,cmt200b_m4,2,2500,36.43267667500004,36.18267667500004,9933,1612.0,1894.0,14.889123548046463,378.90861173323844,87,36.17148519999955,0.2611914750004871,True,,hard_wall,True,runtime_4methods_csv:247
Runtime-budget comparison,ILS,cmt200b_m4,3,2500,36.43267667500004,36.18267667500004,9839,1638.0,1894.0,13.51636747624076,370.8215282369666,89,36.17407120000007,0.25860547499996756,True,,hard_wall,True,runtime_4methods_csv:248
Runtime-budget comparison,ILS,cmt200c_m2,0,2500,74.74050765000015,74.36680511175015,6016,2660.0,2818.0,5.606813342796309,572.3452810310398,144,74.34742860000006,0.3930790500000967,True,,hard_wall,True,runtime_4methods_csv:261
Runtime-budget comparison,ILS,cmt200c_m2,1,2500,74.74050765000015,74.36680511175015,6391,2591.0,2818.0,8.055358410220014,570.5056642609658,139,74.35155049999958,0.3889571500005786,True,,hard_wall,True,runtime_4methods_csv:262
Runtime-budget comparison,ILS,cmt200c_m2,2,2500,74.74050765000015,74.36680511175015,6260,2486.0,2818.0,11.781405251951739,569.021075925646,138,74.35708619999969,0.3834214500004691,True,,hard_wall,True,runtime_4methods_csv:263
Runtime-budget comparison,ILS,cmt200c_m2,3,2500,74.74050765000015,74.36680511175015,6333,2472.0,2818.0,12.278211497515969,569.5403340107955,136,74.35627960000056,0.38422804999959226,True,,hard_wall,True,runtime_4methods_csv:264
Runtime-budget comparison,ILS,cmt200c_m3,0,2500,57.302805800000215,57.01629177100021,4160,2552.0,2766.0,7.736804049168474,559.4664912866675,142,56.99518320000061,0.30762259999960406,True,,hard_wall,True,runtime_4methods_csv:277
Runtime-budget comparison,ILS,cmt200c_m3,1,2500,57.302805800000215,57.01629177100021,4137,2657.0,2766.0,3.940708604483008,567.3153524049233,145,56.99246769999991,0.31033810000030826,True,,hard_wall,True,runtime_4methods_csv:278
Runtime-budget comparison,ILS,cmt200c_m3,2,2500,57.302805800000215,57.01629177100021,4767,2512.0,2766.0,9.18293564714389,561.1599843286336,139,57.00466340000003,0.298142400000188,True,,hard_wall,True,runtime_4methods_csv:279
Runtime-budget comparison,ILS,cmt200c_m3,3,2500,57.302805800000215,57.01629177100021,4145,2662.0,2766.0,3.759942154736081,568.6882025088071,145,56.997233199999755,0.3055726000004597,True,,hard_wall,True,runtime_4methods_csv:280
Runtime-budget comparison,ILS,cmt200c_m4,0,2500,49.67051197500018,49.42051197500018,3691,2530.0,2712.0,6.710914454277286,561.3515466524702,141,49.401560000000245,0.2689519749999363,True,,hard_wall,True,runtime_4methods_csv:293
Runtime-budget comparison,ILS,cmt200c_m4,1,2500,49.67051197500018,49.42051197500018,4029,2527.0,2712.0,6.821533923303835,559.8555876211107,140,49.39963119999993,0.27088077500025065,True,,hard_wall,True,runtime_4methods_csv:294
Runtime-budget comparison,ILS,cmt200c_m4,2,2500,49.67051197500018,49.42051197500018,4044,2514.0,2712.0,7.300884955752212,560.8505297108919,139,49.41183900000033,0.258672974999854,True,,hard_wall,True,runtime_4methods_csv:295
Runtime-budget comparison,ILS,cmt200c_m4,3,2500,49.67051197500018,49.42051197500018,3768,2568.0,2712.0,5.3097345132743365,558.7995380059157,143,49.40058470000076,0.26992727499941793,True,,hard_wall,True,runtime_4methods_csv:296
Runtime-budget comparison,ILS,eil101b_m3,0,2500,11.140341025000225,10.890341025000225,14277,831.0,916.0,9.279475982532752,309.0792242243409,45,10.888589899999715,0.25175112500051,True,,hard_wall,True,runtime_4methods_csv:309
Runtime-budget comparison,ILS,eil101b_m3,1,2500,11.140341025000225,10.890341025000225,14074,796.0,916.0,13.100436681222707,298.37056042177477,46,10.888770999999906,0.2515700250003192,True,,hard_wall,True,runtime_4methods_csv:310
Runtime-budget comparison,ILS,eil101b_m3,2,2500,11.140341025000225,10.890341025000225,14077,806.0,916.0,12.008733624454148,298.0516471767241,46,10.88897950000137,0.2513615249988561,True,,hard_wall,True,runtime_4methods_csv:311
Runtime-budget comparison,ILS,eil101b_m3,3,2500,11.140341025000225,10.890341025000225,13922,813.0,916.0,11.244541484716157,308.7217286821897,47,10.888826599999447,0.2515144250007779,True,,hard_wall,True,runtime_4methods_csv:312
Runtime-budget comparison,ILS,eil101c_m2,0,2500,16.907939650000117,16.657939650000117,8775,1258.0,1305.0,3.6015325670498086,470.5330983323584,71,16.655163499999617,0.2527761500004999,True,,hard_wall,True,runtime_4methods_csv:325
Runtime-budget comparison,ILS,eil101c_m2,1,2500,16.907939650000117,16.657939650000117,6963,1280.0,1305.0,1.9157088122605364,468.252273537012,72,16.654121300000043,0.25381835000007413,True,,hard_wall,True,runtime_4methods_csv:326
Runtime-budget comparison,ILS,eil101c_m2,2,2500,16.907939650000117,16.657939650000117,7160,1256.0,1305.0,3.7547892720306515,464.08622907661425,71,16.653518500001155,0.2544211499989615,True,,hard_wall,True,runtime_4methods_csv:327
Runtime-budget comparison,ILS,eil101c_m2,3,2500,16.907939650000117,16.657939650000117,7029,1282.0,1305.0,1.7624521072796935,470.3594679298012,73,16.65390859999934,0.2540310500007763,True,,hard_wall,True,runtime_4methods_csv:328
Runtime-budget comparison,ILS,eil101c_m3,0,2500,14.348517775000118,14.098517775000118,7723,1155.0,1251.0,7.6738609112709835,466.5105935921322,67,14.095741099999941,0.2527766750001774,True,,hard_wall,True,runtime_4methods_csv:341
Runtime-budget comparison,ILS,eil101c_m3,1,2500,14.348517775000118,14.098517775000118,7676,1153.0,1251.0,7.8337330135891285,456.79524465035286,67,14.095601900000474,0.2529158749996441,True,,hard_wall,True,runtime_4methods_csv:342
Runtime-budget comparison,ILS,eil101c_m3,2,2500,14.348517775000118,14.098517775000118,7761,1130.0,1251.0,9.672262190247801,452.1061146307219,66,14.094035299998723,0.25448247500139587,True,,hard_wall,True,runtime_4methods_csv:343
Runtime-budget comparison,ILS,eil101c_m3,3,2500,14.348517775000118,14.098517775000118,7742,1143.0,1251.0,8.633093525179856,463.4480786817778,66,14.095259100000476,0.2532586749996426,True,,hard_wall,True,runtime_4methods_csv:344
Runtime-budget comparison,ILS,gil262_gen1_m3,0,2500,41.54455177500017,41.29455177500017,14763,80.0,101.0,20.792079207920793,1106.7172247010994,80,41.28945599999861,0.2550957750015641,True,,hard_wall,True,runtime_4methods_csv:357
Runtime-budget comparison,ILS,gil262_gen1_m3,1,2500,41.54455177500017,41.29455177500017,12219,81.0,101.0,19.801980198019802,1149.2616066526716,81,41.28969230000075,0.25485947499942085,True,,hard_wall,True,runtime_4methods_csv:358
Runtime-budget comparison,ILS,gil262_gen1_m3,2,2500,41.54455177500017,41.29455177500017,12247,81.0,101.0,19.801980198019802,1132.6282720980544,81,41.28460040000027,0.2599513749999005,True,,hard_wall,True,runtime_4methods_csv:359
Runtime-budget comparison,ILS,gil262_gen1_m3,3,2500,41.54455177500017,41.29455177500017,12083,81.0,101.0,19.801980198019802,1133.6754754508656,81,41.29073480000079,0.2538169749993813,True,,hard_wall,True,runtime_4methods_csv:360
Runtime-budget comparison,ILS,gil262_gen1_m4,0,2500,29.95938504999981,29.70938504999981,15342,65.0,78.0,16.666666666666668,1136.231745711469,65,29.6967181,0.26266694999981155,True,,hard_wall,True,runtime_4methods_csv:373
Runtime-budget comparison,ILS,gil262_gen1_m4,1,2500,29.95938504999981,29.70938504999981,15801,64.0,78.0,17.94871794871795,1045.7139483655196,64,29.706401200000982,0.2529838499988273,True,,hard_wall,True,runtime_4methods_csv:374
Runtime-budget comparison,ILS,gil262_gen1_m4,2,2500,29.95938504999981,29.70938504999981,15736,64.0,78.0,17.94871794871795,1031.7951007375048,64,29.705215199999657,0.254169850000153,True,,hard_wall,True,runtime_4methods_csv:375
Runtime-budget comparison,ILS,gil262_gen1_m4,3,2500,29.95938504999981,29.70938504999981,15747,64.0,78.0,17.94871794871795,1044.4122075128864,64,29.693562500000553,0.2658225499992568,True,,hard_wall,True,runtime_4methods_csv:376
Runtime-budget comparison,ILS,gil262_gen2_m2,0,2500,90.52335557499987,90.07073879712487,15948,6162.0,7498.0,17.818084822619365,1181.6895731245695,102,90.05951660000028,0.4638389749995895,True,,hard_wall,True,runtime_4methods_csv:389
Runtime-budget comparison,ILS,gil262_gen2_m2,1,2500,90.52335557499987,90.07073879712487,18710,6179.0,7498.0,17.591357695385437,1185.0290020940176,99,90.06491819999974,0.4584373750001305,True,,hard_wall,True,runtime_4methods_csv:390
Runtime-budget comparison,ILS,gil262_gen2_m2,2,2500,90.52335557499987,90.07073879712487,17218,6071.0,7498.0,19.03174179781275,1180.4190099495097,100,90.06212039999991,0.46123517499995614,True,,hard_wall,True,runtime_4methods_csv:391
Runtime-budget comparison,ILS,gil262_gen2_m2,3,2500,90.52335557499987,90.07073879712487,18742,6038.0,7498.0,19.47185916244332,1176.9933818741024,100,90.05873799999972,0.46461757500014755,True,,hard_wall,True,runtime_4methods_csv:392
Runtime-budget comparison,ILS,gil262_gen2_m3,0,2500,45.5297865,45.2797865,14337,4928.0,5615.0,12.235084594835262,1173.199422775364,82,45.2740346999999,0.25575180000009823,True,,hard_wall,True,runtime_4methods_csv:405
Runtime-budget comparison,ILS,gil262_gen2_m3,1,2500,45.5297865,45.2797865,15519,4760.0,5615.0,15.22707034728406,1159.425872359815,81,45.27081630000066,0.25897019999933946,True,,hard_wall,True,runtime_4methods_csv:406
Runtime-budget comparison,ILS,gil262_gen2_m3,2,2500,45.5297865,45.2797865,13811,4928.0,5615.0,12.235084594835262,1172.455210609833,82,45.276679099999456,0.25310740000054466,True,,hard_wall,True,runtime_4methods_csv:407
Runtime-budget comparison,ILS,gil262_gen2_m3,3,2500,45.5297865,45.2797865,13463,4820.0,5615.0,14.158504007123776,1165.2737826241091,82,45.27512940000088,0.2546570999991218,True,,hard_wall,True,runtime_4methods_csv:408
Runtime-budget comparison,ILS,gil262_gen3_m2,0,2500,90.57186982500025,90.11901047587524,15516,4180.0,7183.0,41.807044410413475,1114.8243311306012,102,90.11396199999945,0.4579078250008024,True,,hard_wall,True,runtime_4methods_csv:421
Runtime-budget comparison,ILS,gil262_gen3_m2,1,2500,90.57186982500025,90.11901047587524,15422,4180.0,7183.0,41.807044410413475,1114.8243311306012,102,90.10634509999909,0.4655247250011598,True,,hard_wall,True,runtime_4methods_csv:422
Runtime-budget comparison,ILS,gil262_gen3_m2,2,2500,90.57186982500025,90.11901047587524,15345,4180.0,7183.0,41.807044410413475,1114.8243311306012,102,90.1017867999999,0.47008302500034915,True,,hard_wall,True,runtime_4methods_csv:423
Runtime-budget comparison,ILS,gil262_gen3_m2,3,2500,90.57186982500025,90.11901047587524,15394,4180.0,7183.0,41.807044410413475,1114.8243311306012,102,90.10655740000038,0.46531242499986547,True,,hard_wall,True,runtime_4methods_csv:424
Runtime-budget comparison,ILS,gil262_gen3_m4,0,2500,35.10205910000013,34.85205910000013,17784,2019.0,2507.0,19.465496609493417,1112.8808799647124,67,34.84870669999873,0.253352400001404,True,,hard_wall,True,runtime_4methods_csv:437
Runtime-budget comparison,ILS,gil262_gen3_m4,1,2500,35.10205910000013,34.85205910000013,17785,2019.0,2507.0,19.465496609493417,1112.8808799647124,67,34.85013379999873,0.25192530000140323,True,,hard_wall,True,runtime_4methods_csv:438
Runtime-budget comparison,ILS,gil262_gen3_m4,2,2500,35.10205910000013,34.85205910000013,17812,2019.0,2507.0,19.465496609493417,1102.6875599371435,67,34.849429100000634,0.252629999999499,True,,hard_wall,True,runtime_4methods_csv:439
Runtime-budget comparison,ILS,gil262_gen3_m4,3,2500,35.10205910000013,34.85205910000013,17818,2019.0,2507.0,19.465496609493417,1103.9893007897767,67,34.84705560000111,0.2550034999990203,True,,hard_wall,True,runtime_4methods_csv:440
Runtime-budget comparison,ILS,gil262a_m2,0,2500,36.572948849999875,36.322948849999875,28347,3078.0,4078.0,24.521824423737126,559.7818047424103,59,36.32137589999911,0.25157295000076374,True,,hard_wall,True,runtime_4methods_csv:453
Runtime-budget comparison,ILS,gil262a_m2,1,2500,36.572948849999875,36.322948849999875,28327,3078.0,4078.0,24.521824423737126,559.7818047424103,59,36.317452299999786,0.255496550000089,True,,hard_wall,True,runtime_4methods_csv:454
Runtime-budget comparison,ILS,gil262a_m2,2,2500,36.572948849999875,36.322948849999875,28496,3078.0,4078.0,24.521824423737126,559.7818047424103,59,36.321178500000315,0.2517703499995605,True,,hard_wall,True,runtime_4methods_csv:455
Runtime-budget comparison,ILS,gil262a_m2,3,2500,36.572948849999875,36.322948849999875,28378,3078.0,4078.0,24.521824423737126,559.7818047424103,59,36.320025000000896,0.25292384999897877,True,,hard_wall,True,runtime_4methods_csv:456
Runtime-budget comparison,ILS,gil262a_m4,0,2500,20.958374275000324,20.708374275000324,23785,2561.0,3175.0,19.338582677165356,547.0700079499128,48,20.70695809999961,0.25141617500071334,True,,hard_wall,True,runtime_4methods_csv:469
Runtime-budget comparison,ILS,gil262a_m4,1,2500,20.958374275000324,20.708374275000324,23861,2561.0,3175.0,19.338582677165356,547.0700079499128,48,20.7055861000008,0.2527881749995231,True,,hard_wall,True,runtime_4methods_csv:470
Runtime-budget comparison,ILS,gil262a_m4,2,2500,20.958374275000324,20.708374275000324,23806,2561.0,3175.0,19.338582677165356,547.0700079499128,48,20.706931200000326,0.2514430749999974,True,,hard_wall,True,runtime_4methods_csv:471
Runtime-budget comparison,ILS,gil262a_m4,3,2500,20.958374275000324,20.708374275000324,23837,2561.0,3175.0,19.338582677165356,547.0700079499128,48,20.707168400000228,0.25120587500009606,True,,hard_wall,True,runtime_4methods_csv:472
Runtime-budget comparison,ILS,gil262b_m2,0,2500,87.55881489999979,87.12102082549978,12197,5893.0,8081.0,27.075856948397476,1169.9847733919946,111,87.10897069999919,0.449844200000598,True,,hard_wall,True,runtime_4methods_csv:485
Runtime-budget comparison,ILS,gil262b_m2,1,2500,87.55881489999979,87.12102082549978,13012,5955.0,8081.0,26.308625170152208,1175.1186177776494,111,87.11210140000003,0.44671349999975973,True,,hard_wall,True,runtime_4methods_csv:486
Runtime-budget comparison,ILS,gil262b_m2,2,2500,87.55881489999979,87.12102082549978,13070,5955.0,8081.0,26.308625170152208,1160.7285489330243,111,87.11100889999943,0.4478060000003552,True,,hard_wall,True,runtime_4methods_csv:487
Runtime-budget comparison,ILS,gil262b_m2,3,2500,87.55881489999979,87.12102082549978,12018,5909.0,8081.0,26.877861650785793,1148.0099139984923,111,87.10878059999959,0.4500343000001976,True,,hard_wall,True,runtime_4methods_csv:488
Runtime-budget comparison,ILS,gil262b_m3,0,2500,64.91935212499993,64.59475536437493,9700,5836.0,7585.0,23.058668424522082,1164.1105924833487,109,64.58404710000104,0.33530502499888826,True,,hard_wall,True,runtime_4methods_csv:501
Runtime-budget comparison,ILS,gil262b_m3,1,2500,64.91935212499993,64.59475536437493,8886,5715.0,7585.0,24.653922214897825,1114.8572629312553,111,64.58221930000218,0.3371328249977523,True,,hard_wall,True,runtime_4methods_csv:502
Runtime-budget comparison,ILS,gil262b_m3,2,2500,64.91935212499993,64.59475536437493,10410,5760.0,7585.0,24.060646011865526,1126.3099844056933,110,64.5894733999994,0.3298787250005262,True,,hard_wall,True,runtime_4methods_csv:503
Runtime-budget comparison,ILS,gil262b_m3,3,2500,64.91935212499993,64.59475536437493,9267,5715.0,7585.0,24.653922214897825,1120.3476837334038,111,64.57410630000231,0.3452458249976189,True,,hard_wall,True,runtime_4methods_csv:504
Runtime-budget comparison,ILS,gil262b_m4,0,2500,51.18372272500005,50.92780411137505,8440,5509.0,6781.0,18.758295236690753,1110.6171245983635,104,50.92231900000115,0.26140372499889963,True,,hard_wall,True,runtime_4methods_csv:517
Runtime-budget comparison,ILS,gil262b_m4,1,2500,51.18372272500005,50.92780411137505,8468,5600.0,6781.0,17.41631027871995,1161.4605988200694,104,50.92033309999897,0.2633896250010821,True,,hard_wall,True,runtime_4methods_csv:518
Runtime-budget comparison,ILS,gil262b_m4,2,2500,51.18372272500005,50.92780411137505,8660,5628.0,6781.0,17.003391830113554,1166.213254230305,102,50.923256400001264,0.26046632499878797,True,,hard_wall,True,runtime_4methods_csv:519
Runtime-budget comparison,ILS,gil262b_m4,3,2500,51.18372272500005,50.92780411137505,8485,5509.0,6781.0,18.758295236690753,1130.5494311804553,104,50.92364720000114,0.2600755249989106,True,,hard_wall,True,runtime_4methods_csv:520
Runtime-budget comparison,ILS,gil262c_m2,0,2500,118.90269032499987,118.30817687337486,4989,10584.0,11030.0,4.043517679057117,1779.422347289023,179,118.27913059999992,0.62355972499995,True,,hard_wall,True,runtime_4methods_csv:533
Runtime-budget comparison,ILS,gil262c_m2,1,2500,118.90269032499987,118.30817687337486,4992,10497.0,11030.0,4.832275611967361,1764.0927524227238,176,118.29597649999778,0.6067138250020889,True,,hard_wall,True,runtime_4methods_csv:534
Runtime-budget comparison,ILS,gil262c_m2,2,2500,118.90269032499987,118.30817687337486,5094,10037.0,11030.0,9.00271985494107,1774.2914506344264,174,118.2758802999997,0.626810025000168,True,,hard_wall,True,runtime_4methods_csv:535
Runtime-budget comparison,ILS,gil262c_m2,3,2500,118.90269032499987,118.30817687337486,4940,10515.0,11030.0,4.669084315503174,1777.8736374673897,178,118.27484550000008,0.6278448249997837,True,,hard_wall,True,runtime_4methods_csv:536
Runtime-budget comparison,ILS,gil262c_m3,0,2500,90.03205027499985,89.58189002362485,4445,9009.0,10757.0,16.249883796597565,1742.021242959021,166,89.55288740000105,0.4791628749987922,True,,hard_wall,True,runtime_4methods_csv:549
Runtime-budget comparison,ILS,gil262c_m3,1,2500,90.03205027499985,89.58189002362485,4558,9900.0,10757.0,7.966905270986334,1765.882401383158,168,89.5668912000001,0.46515907499974674,True,,hard_wall,True,runtime_4methods_csv:550
Runtime-budget comparison,ILS,gil262c_m3,2,2500,90.03205027499985,89.58189002362485,4476,9642.0,10757.0,10.3653434972576,1751.7657876556302,164,89.55040639999788,0.48164387500196426,True,,hard_wall,True,runtime_4methods_csv:551
Runtime-budget comparison,ILS,gil262c_m3,3,2500,90.03205027499985,89.58189002362485,4455,9019.0,10757.0,16.156921074649066,1746.0902818722884,166,89.55827909999789,0.4737711750019571,True,,hard_wall,True,runtime_4methods_csv:552
Runtime-budget comparison,ILS,gil262c_m4,0,2500,78.50297740000042,78.11046251300041,4685,8645.0,10281.0,15.91284894465519,1753.7364937456284,156,78.09598890000052,0.4069884999998976,True,,hard_wall,True,runtime_4methods_csv:565
Runtime-budget comparison,ILS,gil262c_m4,1,2500,78.50297740000042,78.11046251300041,4714,8736.0,10281.0,15.027721038809455,1742.4124132806496,154,78.08806209999966,0.41491530000075727,True,,hard_wall,True,runtime_4methods_csv:566
Runtime-budget comparison,ILS,gil262c_m4,2,2500,78.50297740000042,78.11046251300041,4774,8515.0,10281.0,17.177317381577666,1754.350113398903,154,78.09480130000156,0.4081760999988546,True,,hard_wall,True,runtime_4methods_csv:567
Runtime-budget comparison,ILS,gil262c_m4,3,2500,78.50297740000042,78.11046251300041,4708,8574.0,10281.0,16.603443244820543,1759.32878452065,153,78.09853980000116,0.4044375999992553,True,,hard_wall,True,runtime_4methods_csv:568
Runtime-budget comparison,ILS,gr229_gen1_m4,0,2500,54.22746647500003,53.95632914262503,1974,220.0,223.0,1.345291479820628,1604.1374387290414,220,53.915559300003224,0.3119071749968043,True,,hard_wall,True,runtime_4methods_csv:581
Runtime-budget comparison,ILS,gr229_gen1_m4,1,2500,54.22746647500003,53.95632914262503,1940,220.0,223.0,1.345291479820628,1569.243899905714,220,53.91056649999882,0.31689997500120626,True,,hard_wall,True,runtime_4methods_csv:582
Runtime-budget comparison,ILS,gr229_gen1_m4,2,2500,54.22746647500003,53.95632914262503,1998,220.0,223.0,1.345291479820628,1555.9211750441518,220,53.924962799999776,0.30250367500025277,True,,hard_wall,True,runtime_4methods_csv:583
Runtime-budget comparison,ILS,gr229_gen1_m4,3,2500,54.22746647500003,53.95632914262503,2024,220.0,223.0,1.345291479820628,1627.4153349642495,220,53.9221323999991,0.30533407500092835,True,,hard_wall,True,runtime_4methods_csv:584
Runtime-budget comparison,ILS,gr229_gen2_m3,0,2500,45.25229902499996,45.00229902499996,1552,11120.0,11566.0,3.856130036313332,1405.9120103512992,220,44.971381200000906,0.28091782499905094,True,,hard_wall,True,runtime_4methods_csv:597
Runtime-budget comparison,ILS,gr229_gen2_m3,1,2500,45.25229902499996,45.00229902499996,1588,11120.0,11566.0,3.856130036313332,1425.938995314421,220,44.96454610000001,0.28775292499994976,True,,hard_wall,True,runtime_4methods_csv:598
Runtime-budget comparison,ILS,gr229_gen2_m3,2,2500,45.25229902499996,45.00229902499996,1573,11120.0,11566.0,3.856130036313332,1385.7538585826587,220,44.97987749999811,0.272421525001846,True,,hard_wall,True,runtime_4methods_csv:599
Runtime-budget comparison,ILS,gr229_gen2_m3,3,2500,45.25229902499996,45.00229902499996,1573,11120.0,11566.0,3.856130036313332,1401.483366735371,220,44.98808350000036,0.26421552499959944,True,,hard_wall,True,runtime_4methods_csv:600
Runtime-budget comparison,ILS,gr229_gen2_m4,0,2500,69.16926597499992,68.82341964512491,2544,11120.0,11355.0,2.0695728753852927,1543.242582676199,220,68.79557779999959,0.3736881750003249,True,,hard_wall,True,runtime_4methods_csv:613
Runtime-budget comparison,ILS,gr229_gen2_m4,1,2500,69.16926597499992,68.82341964512491,2585,11120.0,11355.0,2.0695728753852927,1567.8703694831254,220,68.78930689999834,0.37995907500157955,True,,hard_wall,True,runtime_4methods_csv:614
Runtime-budget comparison,ILS,gr229_gen2_m4,2,2500,69.16926597499992,68.82341964512491,2575,11120.0,11355.0,2.0695728753852927,1541.769748980368,220,68.78128809999907,0.3879778750008427,True,,hard_wall,True,runtime_4methods_csv:615
Runtime-budget comparison,ILS,gr229_gen2_m4,3,2500,69.16926597499992,68.82341964512491,2564,11120.0,11355.0,2.0695728753852927,1558.2543109086168,220,68.78069980000146,0.38856617499845925,True,,hard_wall,True,runtime_4methods_csv:616
Runtime-budget comparison,ILS,gr229_gen3_m3,0,2500,42.98476207500016,42.73476207500016,1451,7355.0,8056.0,8.701588877855015,1393.5364934635709,220,42.70853799999895,0.2762240750012097,True,,hard_wall,True,runtime_4methods_csv:629
Runtime-budget comparison,ILS,gr229_gen3_m3,1,2500,42.98476207500016,42.73476207500016,1458,7355.0,8056.0,8.701588877855015,1371.321252851601,220,42.71384869999747,0.2709133750026922,True,,hard_wall,True,runtime_4methods_csv:630
Runtime-budget comparison,ILS,gr229_gen3_m3,2,2500,42.98476207500016,42.73476207500016,1462,7355.0,8056.0,8.701588877855015,1386.0837916012001,220,42.696460399998614,0.2883016750015486,True,,hard_wall,True,runtime_4methods_csv:631
Runtime-budget comparison,ILS,gr229_gen3_m3,3,2500,42.98476207500016,42.73476207500016,1472,7355.0,8056.0,8.701588877855015,1386.7791376448147,220,42.70529710000119,0.27946497499897305,True,,hard_wall,True,runtime_4methods_csv:632
Runtime-budget comparison,ILS,gr229_gen3_m4,0,2500,86.95338342499963,86.51861650787463,3208,7355.0,7651.0,3.868775323487126,1568.1106709323735,220,86.49020820000078,0.46317522499884944,True,,hard_wall,True,runtime_4methods_csv:645
Runtime-budget comparison,ILS,gr229_gen3_m4,1,2500,86.95338342499963,86.51861650787463,3064,7355.0,7651.0,3.868775323487126,1524.071369021755,220,86.47382020000077,0.47956322499885573,True,,hard_wall,True,runtime_4methods_csv:646
Runtime-budget comparison,ILS,gr229_gen3_m4,2,2500,86.95338342499963,86.51861650787463,3158,7355.0,7651.0,3.868775323487126,1606.0010640818898,220,86.49335729999802,0.46002612500160467,True,,hard_wall,True,runtime_4methods_csv:647
Runtime-budget comparison,ILS,gr229_gen3_m4,3,2500,86.95338342499963,86.51861650787463,3142,7355.0,7651.0,3.868775323487126,1532.0690390385025,220,86.47183220000079,0.48155122499883873,True,,hard_wall,True,runtime_4methods_csv:648
Runtime-budget comparison,ILS,kroA150_gen2_m2,0,2500,36.216728274999696,35.966728274999696,19973,3671.0,4335.0,15.317185697808535,12715.113760741897,67,35.96280530000149,0.25392297499820415,True,,hard_wall,True,runtime_4methods_csv:661
Runtime-budget comparison,ILS,kroA150_gen2_m2,1,2500,36.216728274999696,35.966728274999696,20198,3671.0,4335.0,15.317185697808535,12715.113760741897,67,35.963264199999685,0.2534640750000108,True,,hard_wall,True,runtime_4methods_csv:662
Runtime-budget comparison,ILS,kroA150_gen2_m2,2,2500,36.216728274999696,35.966728274999696,20405,3660.0,4335.0,15.570934256055363,12660.518323910226,66,35.96435660000134,0.2523716749983578,True,,hard_wall,True,runtime_4methods_csv:663
Runtime-budget comparison,ILS,kroA150_gen2_m2,3,2500,36.216728274999696,35.966728274999696,20051,3671.0,4335.0,15.317185697808535,12715.113760741897,67,35.962630900001386,0.25409737499830953,True,,hard_wall,True,runtime_4methods_csv:664
Runtime-budget comparison,ILS,kroA150_gen3_m3,0,2500,23.301351624999825,23.051351624999825,18167,2079.0,2726.0,23.734409391049155,12692.264128121624,58,23.046317999996973,0.2550336250028522,True,,hard_wall,True,runtime_4methods_csv:677
Runtime-budget comparison,ILS,kroA150_gen3_m3,1,2500,23.301351624999825,23.051351624999825,18276,2079.0,2726.0,23.734409391049155,12692.264128121624,58,23.046701200000825,0.25465042499899937,True,,hard_wall,True,runtime_4methods_csv:678
Runtime-budget comparison,ILS,kroA150_gen3_m3,2,2500,23.301351624999825,23.051351624999825,18330,2079.0,2726.0,23.734409391049155,12692.264128121624,58,23.048449900001287,0.25290172499853725,True,,hard_wall,True,runtime_4methods_csv:679
Runtime-budget comparison,ILS,kroA150_gen3_m3,3,2500,23.301351624999825,23.051351624999825,18339,2079.0,2726.0,23.734409391049155,12692.264128121624,58,23.049316600001475,0.2520350249983494,True,,hard_wall,True,runtime_4methods_csv:680
Runtime-budget comparison,ILS,kroA200_gen1_m4,0,2500,23.759642525000118,23.509642525000118,13222,63.0,81.0,22.22222222222222,13659.612886800498,63,23.506652800002485,0.25298972499763295,True,,hard_wall,True,runtime_4methods_csv:693
Runtime-budget comparison,ILS,kroA200_gen1_m4,1,2500,23.759642525000118,23.509642525000118,12793,65.0,81.0,19.753086419753085,13511.874715009879,65,23.503125600000203,0.2565169249999144,True,,hard_wall,True,runtime_4methods_csv:694
Runtime-budget comparison,ILS,kroA200_gen1_m4,2,2500,23.759642525000118,23.509642525000118,12827,65.0,81.0,19.753086419753085,13911.98533925272,65,23.505468199997267,0.2541743250028503,True,,hard_wall,True,runtime_4methods_csv:695
Runtime-budget comparison,ILS,kroA200_gen1_m4,3,2500,23.759642525000118,23.509642525000118,13325,64.0,81.0,20.987654320987655,13972.560862783135,64,23.507039600001008,0.25260292499910975,True,,hard_wall,True,runtime_4methods_csv:696
Runtime-budget comparison,ILS,kroB200_gen1_m2,0,2500,41.53134917500006,41.28134917500006,13990,81.0,111.0,27.027027027027028,13304.949656321209,81,41.275580600002286,0.2557685749977736,True,,hard_wall,True,runtime_4methods_csv:709
Runtime-budget comparison,ILS,kroB200_gen1_m2,1,2500,41.53134917500006,41.28134917500006,15100,80.0,111.0,27.92792792792793,12400.817564199157,80,41.27480970000033,0.25653947499972674,True,,hard_wall,True,runtime_4methods_csv:710
Runtime-budget comparison,ILS,kroB200_gen1_m2,2,2500,41.53134917500006,41.28134917500006,12817,81.0,111.0,27.027027027027028,13937.626507850437,81,41.277535699999135,0.2538134750009249,True,,hard_wall,True,runtime_4methods_csv:711
Runtime-budget comparison,ILS,kroB200_gen1_m2,3,2500,41.53134917500006,41.28134917500006,12909,81.0,111.0,27.027027027027028,13937.626507850437,81,41.2781544999998,0.25319467500025894,True,,hard_wall,True,runtime_4methods_csv:712
Runtime-budget comparison,ILS,kroB200_gen2_m2,0,2500,62.08210577499972,61.77169524612472,24271,4921.0,6185.0,20.43654001616815,14109.4603590644,77,61.76353019999806,0.31857557500165967,True,,hard_wall,True,runtime_4methods_csv:725
Runtime-budget comparison,ILS,kroB200_gen2_m2,1,2500,62.08210577499972,61.77169524612472,23683,4629.0,6185.0,25.157639450282943,13520.960029454693,78,61.76340390000041,0.3187018749993058,True,,hard_wall,True,runtime_4methods_csv:726
Runtime-budget comparison,ILS,kroB200_gen2_m2,2,2500,62.08210577499972,61.77169524612472,23675,4663.0,6185.0,24.607922392886014,13609.612931427691,78,61.76643300000069,0.31567277499902957,True,,hard_wall,True,runtime_4methods_csv:727
Runtime-budget comparison,ILS,kroB200_gen2_m2,3,2500,62.08210577499972,61.77169524612472,23649,4663.0,6185.0,24.607922392886014,13609.612931427691,78,61.76285790000111,0.3192478749986094,True,,hard_wall,True,runtime_4methods_csv:728
Runtime-budget comparison,ILS,kroB200_gen2_m4,0,2500,32.196645024999725,31.946645024999725,16851,4058.0,4944.0,17.92071197411003,14061.676874364033,67,31.94173320000118,0.25491182499854403,True,,hard_wall,True,runtime_4methods_csv:741
Runtime-budget comparison,ILS,kroB200_gen2_m4,1,2500,32.196645024999725,31.946645024999725,16600,4002.0,4944.0,19.053398058252426,13188.637913723403,68,31.93844309999986,0.2582019249998666,True,,hard_wall,True,runtime_4methods_csv:742
Runtime-budget comparison,ILS,kroB200_gen2_m4,2,2500,32.196645024999725,31.946645024999725,16949,3952.0,4944.0,20.06472491909385,13144.915888394959,66,31.94270499999766,0.25394002500206625,True,,hard_wall,True,runtime_4methods_csv:743
Runtime-budget comparison,ILS,kroB200_gen2_m4,3,2500,32.196645024999725,31.946645024999725,16792,3907.0,4944.0,20.97491909385113,12907.919705107397,67,31.9424007000016,0.2542443249981261,True,,hard_wall,True,runtime_4methods_csv:744
Runtime-budget comparison,ILS,kroB200_gen3_m2,0,2500,37.97947245,37.72947245,10996,2995.0,4765.0,37.14585519412382,13511.696285131206,86,37.72496189999947,0.254510550000532,True,,hard_wall,True,runtime_4methods_csv:757
Runtime-budget comparison,ILS,kroB200_gen3_m2,1,2500,37.97947245,37.72947245,10939,2995.0,4765.0,37.14585519412382,13511.696285131206,86,37.72456360000069,0.2549088499993104,True,,hard_wall,True,runtime_4methods_csv:758
Runtime-budget comparison,ILS,kroB200_gen3_m2,2,2500,37.97947245,37.72947245,10888,2995.0,4765.0,37.14585519412382,13511.696285131206,86,37.70183659999748,0.27763585000252533,True,,hard_wall,True,runtime_4methods_csv:759
Runtime-budget comparison,ILS,kroB200_gen3_m2,3,2500,37.97947245,37.72947245,10869,2995.0,4765.0,37.14585519412382,13511.696285131206,86,37.723541999999725,0.25593045000027814,True,,hard_wall,True,runtime_4methods_csv:760
Runtime-budget comparison,ILS,kroB200_gen3_m3,0,2500,40.62570832500023,40.37570832500023,15671,2326.0,3028.0,23.18361955085865,13165.63321186217,75,40.37027780000062,0.2554305249996105,True,,hard_wall,True,runtime_4methods_csv:773
Runtime-budget comparison,ILS,kroB200_gen3_m3,1,2500,40.62570832500023,40.37570832500023,15720,2326.0,3028.0,23.18361955085865,13165.63321186217,75,40.35896189999767,0.26674642500256596,True,,hard_wall,True,runtime_4methods_csv:774
Runtime-budget comparison,ILS,kroB200_gen3_m3,2,2500,40.62570832500023,40.37570832500023,15828,2326.0,3028.0,23.18361955085865,13165.63321186217,75,40.37221320000026,0.2534951249999722,True,,hard_wall,True,runtime_4methods_csv:775
Runtime-budget comparison,ILS,kroB200_gen3_m3,3,2500,40.62570832500023,40.37570832500023,15819,2326.0,3028.0,23.18361955085865,13141.03853582061,75,40.37137530000109,0.25433302499914134,True,,hard_wall,True,runtime_4methods_csv:776
Runtime-budget comparison,ILS,lin318_gen1_m2,0,2500,101.44979787500006,100.94254888562506,6532,151.0,180.0,16.11111111111111,20869.170786472838,151,100.92370630000369,0.5260915749963715,True,,hard_wall,True,runtime_4methods_csv:789
Runtime-budget comparison,ILS,lin318_gen1_m2,1,2500,101.44979787500006,100.94254888562506,6356,151.0,180.0,16.11111111111111,20672.837850497544,151,100.9219230000017,0.5278748749983606,True,,hard_wall,True,runtime_4methods_csv:790
Runtime-budget comparison,ILS,lin318_gen1_m2,2,2500,101.44979787500006,100.94254888562506,6229,151.0,180.0,16.11111111111111,20741.0473743805,151,100.91985310000018,0.5299447749998762,True,,hard_wall,True,runtime_4methods_csv:791
Runtime-budget comparison,ILS,lin318_gen1_m2,3,2500,101.44979787500006,100.94254888562506,6817,151.0,180.0,16.11111111111111,20717.014678799307,151,100.91314200000488,0.5366558749951764,True,,hard_wall,True,runtime_4methods_csv:792
Runtime-budget comparison,ILS,lin318_gen1_m3,0,2500,70.91047490000028,70.55592252550028,7550,124.0,149.0,16.778523489932887,20496.7403611137,124,70.53905490000034,0.3714199999999437,True,,hard_wall,True,runtime_4methods_csv:805
Runtime-budget comparison,ILS,lin318_gen1_m3,1,2500,70.91047490000028,70.55592252550028,7656,123.0,149.0,17.449664429530202,20691.000548608594,123,70.54635289999715,0.3641220000031353,True,,hard_wall,True,runtime_4methods_csv:806
Runtime-budget comparison,ILS,lin318_gen1_m3,2,2500,70.91047490000028,70.55592252550028,7586,127.0,149.0,14.765100671140939,20928.301409831063,127,70.54709279999952,0.3633821000007629,True,,hard_wall,True,runtime_4methods_csv:807
Runtime-budget comparison,ILS,lin318_gen1_m3,3,2500,70.91047490000028,70.55592252550028,7646,124.0,149.0,16.778523489932887,20828.44436405436,124,70.54887589999998,0.36159900000029666,True,,hard_wall,True,runtime_4methods_csv:808
Runtime-budget comparison,ILS,lin318_gen2_m2,0,2500,162.0738855000002,161.26351607250018,11555,7594.0,9544.0,20.431684828164293,19642.344626401027,142,161.24240690000443,0.8314785999957621,True,,hard_wall,True,runtime_4methods_csv:821
Runtime-budget comparison,ILS,lin318_gen2_m2,1,2500,162.0738855000002,161.26351607250018,11648,7594.0,9544.0,20.431684828164293,19642.344626401027,142,161.25461209999776,0.8192734000024302,True,,hard_wall,True,runtime_4methods_csv:822
Runtime-budget comparison,ILS,lin318_gen2_m2,2,2500,162.0738855000002,161.26351607250018,11556,7594.0,9544.0,20.431684828164293,19642.344626401027,142,161.24007880000136,0.8338066999988314,True,,hard_wall,True,runtime_4methods_csv:823
Runtime-budget comparison,ILS,lin318_gen2_m2,3,2500,162.0738855000002,161.26351607250018,11636,7594.0,9544.0,20.431684828164293,19642.344626401027,142,161.25172329999623,0.8221622000039588,True,,hard_wall,True,runtime_4methods_csv:824
Runtime-budget comparison,ILS,lin318_gen2_m3,0,2500,85.28340412500006,84.85698710437507,11012,6040.0,7807.0,22.63353400794159,19946.425217539927,115,84.84733210000559,0.4360720249944734,True,,hard_wall,True,runtime_4methods_csv:837
Runtime-budget comparison,ILS,lin318_gen2_m3,1,2500,85.28340412500006,84.85698710437507,12030,6273.0,7807.0,19.6490329191751,20946.995823352347,112,84.84404910000012,0.4393550249999407,True,,hard_wall,True,runtime_4methods_csv:838
Runtime-budget comparison,ILS,lin318_gen2_m3,2,2500,85.28340412500006,84.85698710437507,10977,6089.0,7807.0,22.005892148072242,19729.438846825222,115,84.85042290000274,0.43298122499732017,True,,hard_wall,True,runtime_4methods_csv:839
Runtime-budget comparison,ILS,lin318_gen2_m3,3,2500,85.28340412500006,84.85698710437507,10875,6133.0,7807.0,21.442295375944664,20087.18403391412,116,84.84642639999947,0.4369777250005882,True,,hard_wall,True,runtime_4methods_csv:840
Runtime-budget comparison,ILS,lin318_gen3_m2,0,2500,143.6197539499999,142.90165518024992,10035,5012.0,7936.0,36.84475806451613,19151.74446412402,144,142.8662497999976,0.7535041500022999,True,,hard_wall,True,runtime_4methods_csv:853
Runtime-budget comparison,ILS,lin318_gen3_m2,1,2500,143.6197539499999,142.90165518024992,10051,5012.0,7936.0,36.84475806451613,19021.94821385652,144,142.8749375000043,0.7448164499955965,True,,hard_wall,True,runtime_4methods_csv:854
Runtime-budget comparison,ILS,lin318_gen3_m2,2,2500,143.6197539499999,142.90165518024992,10103,5012.0,7936.0,36.84475806451613,19151.74446412402,144,142.8832528999992,0.7365010500006974,True,,hard_wall,True,runtime_4methods_csv:855
Runtime-budget comparison,ILS,lin318_gen3_m2,3,2500,143.6197539499999,142.90165518024992,10029,5012.0,7936.0,36.84475806451613,19021.94821385652,144,142.89025889999903,0.7294950500008781,True,,hard_wall,True,runtime_4methods_csv:856
Runtime-budget comparison,ILS,lin318_gen3_m4,0,2500,60.70490552499973,60.40138099737473,9978,2810.0,3797.0,25.99420595206742,18673.165944516564,101,60.397006999999576,0.30789852500015513,True,,hard_wall,True,runtime_4methods_csv:869
Runtime-budget comparison,ILS,lin318_gen3_m4,1,2500,60.70490552499973,60.40138099737473,10044,2810.0,3797.0,25.99420595206742,18673.165944516564,101,60.39606610000192,0.3088394249978137,True,,hard_wall,True,runtime_4methods_csv:870
Runtime-budget comparison,ILS,lin318_gen3_m4,2,2500,60.70490552499973,60.40138099737473,10078,2810.0,3797.0,25.99420595206742,18673.165944516564,101,60.39312880000216,0.31177672499757136,True,,hard_wall,True,runtime_4methods_csv:871
Runtime-budget comparison,ILS,lin318_gen3_m4,3,2500,60.70490552499973,60.40138099737473,10028,2810.0,3797.0,25.99420595206742,18628.874596764414,101,60.39196030000312,0.3129452249966107,True,,hard_wall,True,runtime_4methods_csv:872
Runtime-budget comparison,ILS,pr136_gen1_m2,0,2500,15.963301450000017,15.713301450000017,13643,55.0,63.0,12.698412698412698,46771.24597029701,55,15.711549200001173,0.2517522499988445,True,,hard_wall,True,runtime_4methods_csv:885
Runtime-budget comparison,ILS,pr136_gen1_m2,1,2500,15.963301450000017,15.713301450000017,13487,58.0,63.0,7.936507936507937,47432.59804077686,58,15.70977600000333,0.2535254499966868,True,,hard_wall,True,runtime_4methods_csv:886
Runtime-budget comparison,ILS,pr136_gen1_m2,2,2500,15.963301450000017,15.713301450000017,13172,57.0,63.0,9.523809523809524,47915.62710553274,57,15.711686000002373,0.25161544999764374,True,,hard_wall,True,runtime_4methods_csv:887
Runtime-budget comparison,ILS,pr136_gen1_m2,3,2500,15.963301450000017,15.713301450000017,14201,54.0,63.0,14.285714285714286,47029.898330458724,54,15.711006399993494,0.2522950500065235,True,,hard_wall,True,runtime_4methods_csv:888
Runtime-budget comparison,ILS,pr136_gen2_m2,0,2500,19.648977925000054,19.398977925000054,17857,3068.0,3646.0,15.85298957761931,47404.6812279445,52,19.395221600003424,0.2537563249966297,True,,hard_wall,True,runtime_4methods_csv:901
Runtime-budget comparison,ILS,pr136_gen2_m2,1,2500,19.648977925000054,19.398977925000054,17867,3065.0,3646.0,15.935271530444323,47352.87750967142,52,19.39705509999476,0.2519228250052947,True,,hard_wall,True,runtime_4methods_csv:902
Runtime-budget comparison,ILS,pr136_gen2_m2,2,2500,19.648977925000054,19.398977925000054,23699,3024.0,3646.0,17.059791552386177,47411.92557864136,50,19.39758189999702,0.25139602500303226,True,,hard_wall,True,runtime_4methods_csv:903
Runtime-budget comparison,ILS,pr136_gen2_m2,3,2500,19.648977925000054,19.398977925000054,17771,3068.0,3646.0,15.85298957761931,47709.40765336861,52,19.396351499999582,0.2526264250004715,True,,hard_wall,True,runtime_4methods_csv:904
Runtime-budget comparison,ILS,pr264_gen1_m4,0,2500,42.47028717500007,42.22028717500007,7495,103.0,107.0,3.7383177570093458,24286.65887907662,103,42.20962220000365,0.2606649749964163,True,,hard_wall,True,runtime_4methods_csv:917
Runtime-budget comparison,ILS,pr264_gen1_m4,1,2500,42.47028717500007,42.22028717500007,8564,100.0,107.0,6.542056074766355,21914.231922034338,100,42.21442630000092,0.25586087499914356,True,,hard_wall,True,runtime_4methods_csv:918
Runtime-budget comparison,ILS,pr264_gen1_m4,2,2500,42.47028717500007,42.22028717500007,7576,102.0,107.0,4.672897196261682,23103.284943149134,102,42.21386999999959,0.2564171750004789,True,,hard_wall,True,runtime_4methods_csv:919
Runtime-budget comparison,ILS,pr264_gen1_m4,3,2500,42.47028717500007,42.22028717500007,8691,99.0,107.0,7.4766355140186915,22719.16906549493,99,42.21538310000324,0.2549040749968299,True,,hard_wall,True,runtime_4methods_csv:920
Runtime-budget comparison,ILS,pr264_gen2_m2,0,2500,103.4976217750002,102.9801336661252,16575,5583.0,6635.0,15.855312735493595,21146.591711233043,108,102.97566180000285,0.521959974997344,True,,hard_wall,True,runtime_4methods_csv:933
Runtime-budget comparison,ILS,pr264_gen2_m2,1,2500,103.4976217750002,102.9801336661252,16312,5583.0,6635.0,15.855312735493595,21711.502775300396,108,102.97414270000445,0.5234790749957483,True,,hard_wall,True,runtime_4methods_csv:934
Runtime-budget comparison,ILS,pr264_gen2_m2,2,2500,103.4976217750002,102.9801336661252,16616,5583.0,6635.0,15.855312735493595,21711.502775300396,108,102.9712811999998,0.526340575000404,True,,hard_wall,True,runtime_4methods_csv:935
Runtime-budget comparison,ILS,pr264_gen2_m2,3,2500,103.4976217750002,102.9801336661252,16693,5583.0,6635.0,15.855312735493595,21711.502775300396,108,102.9721298000004,0.5254919749997953,True,,hard_wall,True,runtime_4methods_csv:936
Runtime-budget comparison,ILS,pr264_gen2_m3,0,2500,59.427914599999895,59.13077502699989,9457,5646.0,6420.0,12.05607476635514,20940.362963511034,108,59.12560020000092,0.302314399998977,True,,hard_wall,True,runtime_4methods_csv:949
Runtime-budget comparison,ILS,pr264_gen2_m3,1,2500,59.427914599999895,59.13077502699989,9520,5736.0,6420.0,10.654205607476635,21827.411122777812,108,59.11911559999862,0.30879900000127236,True,,hard_wall,True,runtime_4methods_csv:950
Runtime-budget comparison,ILS,pr264_gen2_m3,2,2500,59.427914599999895,59.13077502699989,9450,5746.0,6420.0,10.498442367601246,22053.41714458689,109,59.12482080000336,0.30309379999653174,True,,hard_wall,True,runtime_4methods_csv:951
Runtime-budget comparison,ILS,pr264_gen2_m3,3,2500,59.427914599999895,59.13077502699989,9563,5774.0,6420.0,10.062305295950155,22519.192062071706,108,59.118684799999755,0.3092298000001392,True,,hard_wall,True,runtime_4methods_csv:952
Runtime-budget comparison,ILS,pr264_gen2_m4,0,2500,59.24541129999989,58.949184243499886,16014,4641.0,5584.0,16.88753581661891,20115.221313699687,87,58.94440100000065,0.3010102999992341,True,,hard_wall,True,runtime_4methods_csv:965
Runtime-budget comparison,ILS,pr264_gen2_m4,1,2500,59.24541129999989,58.949184243499886,15996,4641.0,5584.0,16.88753581661891,20115.221313699687,87,58.938440699996136,0.3069706000037513,True,,hard_wall,True,runtime_4methods_csv:966
Runtime-budget comparison,ILS,pr264_gen2_m4,2,2500,59.24541129999989,58.949184243499886,15903,4641.0,5584.0,16.88753581661891,20102.861709385255,87,58.944696999998996,0.30071430000089094,True,,hard_wall,True,runtime_4methods_csv:967
Runtime-budget comparison,ILS,pr264_gen2_m4,3,2500,59.24541129999989,58.949184243499886,15829,4641.0,5584.0,16.88753581661891,19919.16906549493,87,58.94352860000072,0.30188269999916884,True,,hard_wall,True,runtime_4methods_csv:968
Runtime-budget comparison,ILS,pr264_gen3_m3,0,2500,65.92646522500013,65.59683289887514,10957,2004.0,2772.0,27.705627705627705,20938.315437449564,103,65.5917793999979,0.3346858250022251,True,,hard_wall,True,runtime_4methods_csv:981
Runtime-budget comparison,ILS,pr264_gen3_m3,1,2500,65.92646522500013,65.59683289887514,10851,2004.0,2772.0,27.705627705627705,21497.55621709969,103,65.58402310000383,0.3424421249962961,True,,hard_wall,True,runtime_4methods_csv:982
Runtime-budget comparison,ILS,pr264_gen3_m3,2,2500,65.92646522500013,65.59683289887514,11029,2004.0,2772.0,27.705627705627705,20945.6944691827,103,65.56877389999863,0.3576913250014968,True,,hard_wall,True,runtime_4methods_csv:983
Runtime-budget comparison,ILS,pr264_gen3_m3,3,2500,65.92646522500013,65.59683289887514,11042,2004.0,2772.0,27.705627705627705,21216.280525773705,103,65.58653670000058,0.33992852499955006,True,,hard_wall,True,runtime_4methods_csv:984
Runtime-budget comparison,ILS,pr299_gen1_m2,0,2500,73.08424942499983,72.71882817787483,9362,114.0,139.0,17.985611510791365,21823.701242943604,114,72.7102442999967,0.3740051250031229,True,,hard_wall,True,runtime_4methods_csv:997
Runtime-budget comparison,ILS,pr299_gen1_m2,1,2500,73.08424942499983,72.71882817787483,9463,114.0,139.0,17.985611510791365,21823.701242943604,114,72.71133150000242,0.3729179249974095,True,,hard_wall,True,runtime_4methods_csv:998
Runtime-budget comparison,ILS,pr299_gen1_m2,2,2500,73.08424942499983,72.71882817787483,9478,114.0,139.0,17.985611510791365,21884.078478688047,114,72.71084130000236,0.3734081249974679,True,,hard_wall,True,runtime_4methods_csv:999
Runtime-budget comparison,ILS,pr299_gen1_m2,3,2500,73.08424942499983,72.71882817787483,9465,114.0,139.0,17.985611510791365,21823.701242943604,114,72.7038068000038,0.38044262499602155,True,,hard_wall,True,runtime_4methods_csv:1000
Runtime-budget comparison,ILS,pr299_gen1_m3,0,2500,48.98347787499961,48.73347787499961,10171,99.0,111.0,10.81081081081081,23414.431715032068,99,48.730095099999744,0.2533827749998636,True,,hard_wall,True,runtime_4methods_csv:1013
Runtime-budget comparison,ILS,pr299_gen1_m3,1,2500,48.98347787499961,48.73347787499961,10067,98.0,111.0,11.711711711711711,22130.155720375227,98,48.72789950000151,0.25557837499809466,True,,hard_wall,True,runtime_4methods_csv:1014
Runtime-budget comparison,ILS,pr299_gen1_m3,2,2500,48.98347787499961,48.73347787499961,10096,98.0,111.0,11.711711711711711,22266.223806044734,98,48.72420550000243,0.25927237499718103,True,,hard_wall,True,runtime_4methods_csv:1015
Runtime-budget comparison,ILS,pr299_gen1_m3,3,2500,48.98347787499961,48.73347787499961,10186,97.0,111.0,12.612612612612613,22273.697871580305,97,48.72991069999989,0.25356717499971637,True,,hard_wall,True,runtime_4methods_csv:1016
Runtime-budget comparison,ILS,pr299_gen1_m4,0,2500,33.69549555000003,33.44549555000003,17433,66.0,84.0,21.428571428571427,21903.751371748585,66,33.441876200005936,0.2536193499940964,True,,hard_wall,True,runtime_4methods_csv:1029
Runtime-budget comparison,ILS,pr299_gen1_m4,1,2500,33.69549555000003,33.44549555000003,17387,66.0,84.0,21.428571428571427,21903.751371748585,66,33.44224959999701,0.25324595000301997,True,,hard_wall,True,runtime_4methods_csv:1030
Runtime-budget comparison,ILS,pr299_gen1_m4,2,2500,33.69549555000003,33.44549555000003,17558,66.0,84.0,21.428571428571427,21862.825992403017,66,33.44216959999903,0.253325950000999,True,,hard_wall,True,runtime_4methods_csv:1031
Runtime-budget comparison,ILS,pr299_gen1_m4,3,2500,33.69549555000003,33.44549555000003,17578,66.0,84.0,21.428571428571427,21796.009868160756,66,33.442294599997695,0.2532009500023378,True,,hard_wall,True,runtime_4methods_csv:1032
Runtime-budget comparison,ILS,pr299_gen2_m3,0,2500,58.31247112500023,58.020908769375225,12726,5098.0,6018.0,15.287470920571618,23836.565260804477,92,58.012894700004836,0.2995764249953936,True,,hard_wall,True,runtime_4methods_csv:1045
Runtime-budget comparison,ILS,pr299_gen2_m3,1,2500,58.31247112500023,58.020908769375225,12663,5167.0,6018.0,14.140910601528747,23937.89939431817,93,58.012480600002164,0.29999052499806567,True,,hard_wall,True,runtime_4methods_csv:1046
Runtime-budget comparison,ILS,pr299_gen2_m3,2,2500,58.31247112500023,58.020908769375225,12864,5012.0,6018.0,16.716517115320705,22380.39351253674,91,58.01163039999665,0.3008407250035816,True,,hard_wall,True,runtime_4methods_csv:1047
Runtime-budget comparison,ILS,pr299_gen2_m3,3,2500,58.31247112500023,58.020908769375225,13340,5117.0,6018.0,14.971751412429379,23450.258494592923,91,58.013340999998036,0.2991301250021934,True,,hard_wall,True,runtime_4methods_csv:1048
Runtime-budget comparison,ILS,pr299_gen2_m4,0,2500,36.81183002500029,36.56183002500029,18066,3561.0,4457.0,20.103208436167826,22108.597107893976,68,36.55954059999931,0.2522894250009813,True,,hard_wall,True,runtime_4methods_csv:1061
Runtime-budget comparison,ILS,pr299_gen2_m4,1,2500,36.81183002500029,36.56183002500029,18045,3561.0,4457.0,20.103208436167826,22108.597107893976,68,36.55065319999994,0.2611768250003479,True,,hard_wall,True,runtime_4methods_csv:1062
Runtime-budget comparison,ILS,pr299_gen2_m4,2,2500,36.81183002500029,36.56183002500029,18153,3561.0,4457.0,20.103208436167826,20897.64529510763,68,36.558336499998404,0.25349352500188616,True,,hard_wall,True,runtime_4methods_csv:1063
Runtime-budget comparison,ILS,pr299_gen2_m4,3,2500,36.81183002500029,36.56183002500029,18230,3561.0,4457.0,20.103208436167826,22108.597107893976,68,36.55930219999573,0.25252782500456306,True,,hard_wall,True,runtime_4methods_csv:1064
Runtime-budget comparison,ILS,pr299_gen3_m2,0,2500,129.8826262249995,129.23321309387453,16595,3532.0,5729.0,38.34875196369349,21853.041109135367,114,129.22263720000046,0.6599890249990494,True,,hard_wall,True,runtime_4methods_csv:1077
Runtime-budget comparison,ILS,pr299_gen3_m2,1,2500,129.8826262249995,129.23321309387453,16686,3532.0,5729.0,38.34875196369349,21853.041109135367,114,129.21846840000217,0.6641578249973463,True,,hard_wall,True,runtime_4methods_csv:1078
Runtime-budget comparison,ILS,pr299_gen3_m2,2,2500,129.8826262249995,129.23321309387453,16650,3532.0,5729.0,38.34875196369349,21853.041109135367,114,129.2133118999991,0.6693143250004141,True,,hard_wall,True,runtime_4methods_csv:1079
Runtime-budget comparison,ILS,pr299_gen3_m2,3,2500,129.8826262249995,129.23321309387453,16588,3532.0,5729.0,38.34875196369349,21853.041109135367,114,129.22065960000327,0.6619666249962393,True,,hard_wall,True,runtime_4methods_csv:1080
Runtime-budget comparison,ILS,pr299_gen3_m3,0,2500,67.10188205000031,66.76637263975032,14423,2607.0,3655.0,28.673050615595074,21445.010424233635,92,66.76297880000493,0.3389032499953828,True,,hard_wall,True,runtime_4methods_csv:1093
Runtime-budget comparison,ILS,pr299_gen3_m3,1,2500,67.10188205000031,66.76637263975032,14440,2607.0,3655.0,28.673050615595074,21445.010424233635,92,66.7613932000022,0.3404888499981098,True,,hard_wall,True,runtime_4methods_csv:1094
Runtime-budget comparison,ILS,pr299_gen3_m3,2,2500,67.10188205000031,66.76637263975032,14417,2607.0,3655.0,28.673050615595074,21514.8507438863,92,66.75588280000375,0.3459992499965665,True,,hard_wall,True,runtime_4methods_csv:1095
Runtime-budget comparison,ILS,pr299_gen3_m3,3,2500,67.10188205000031,66.76637263975032,14469,2607.0,3655.0,28.673050615595074,21514.8507438863,92,66.74774440000328,0.35413764999702835,True,,hard_wall,True,runtime_4methods_csv:1096
Runtime-budget comparison,ILS,pr299_gen3_m4,0,2500,39.1256511749998,38.8756511749998,19321,1627.0,2268.0,28.26278659611993,20477.093565875257,67,38.87206110000261,0.25359007499719155,True,,hard_wall,True,runtime_4methods_csv:1109
Runtime-budget comparison,ILS,pr299_gen3_m4,1,2500,39.1256511749998,38.8756511749998,19314,1627.0,2268.0,28.26278659611993,20477.093565875257,67,38.86803599999985,0.25761517499995534,True,,hard_wall,True,runtime_4methods_csv:1110
Runtime-budget comparison,ILS,pr299_gen3_m4,2,2500,39.1256511749998,38.8756511749998,19277,1627.0,2268.0,28.26278659611993,20477.093565875257,67,38.87191570000141,0.25373547499839333,True,,hard_wall,True,runtime_4methods_csv:1111
Runtime-budget comparison,ILS,pr299_gen3_m4,3,2500,39.1256511749998,38.8756511749998,19213,1627.0,2268.0,28.26278659611993,20477.093565875257,67,38.87368460000289,0.25196657499691355,True,,hard_wall,True,runtime_4methods_csv:1112
Runtime-budget comparison,ILS,rat195_gen2_m2,0,2500,39.65561865000018,39.40561865000018,15939,4191.0,5148.0,18.58974358974359,1110.6142676482987,75,39.402597599997534,0.2530210500026442,True,,hard_wall,True,runtime_4methods_csv:1125
Runtime-budget comparison,ILS,rat195_gen2_m2,1,2500,39.65561865000018,39.40561865000018,15829,4271.0,5148.0,17.035742035742036,1136.0071227984597,76,39.39367029999994,0.26194835000023886,True,,hard_wall,True,runtime_4methods_csv:1126
Runtime-budget comparison,ILS,rat195_gen2_m2,2,2500,39.65561865000018,39.40561865000018,16582,4193.0,5148.0,18.55089355089355,1145.5373802449622,73,39.40193949999957,0.2536791500006075,True,,hard_wall,True,runtime_4methods_csv:1127
Runtime-budget comparison,ILS,rat195_gen2_m2,3,2500,39.65561865000018,39.40561865000018,16252,4118.0,5148.0,20.00777000777001,1137.2861156204335,74,39.400793100001465,0.25482554999871354,True,,hard_wall,True,runtime_4methods_csv:1128
Runtime-budget comparison,ILS,rat195_gen3_m3,0,2500,33.92039642500049,33.67039642500049,13531,2051.0,2574.0,20.31857031857032,1061.0286698051552,73,33.665691200003494,0.25470522499699655,True,,hard_wall,True,runtime_4methods_csv:1141
Runtime-budget comparison,ILS,rat195_gen3_m3,1,2500,33.92039642500049,33.67039642500049,13583,2051.0,2574.0,20.31857031857032,1061.0286698051552,73,33.66690319999907,0.2534932250014208,True,,hard_wall,True,runtime_4methods_csv:1142
Runtime-budget comparison,ILS,rat195_gen3_m3,2,2500,33.92039642500049,33.67039642500049,13597,2051.0,2574.0,20.31857031857032,1065.8519169569681,73,33.666236999997636,0.2541594250028538,True,,hard_wall,True,runtime_4methods_csv:1143
Runtime-budget comparison,ILS,rat195_gen3_m3,3,2500,33.92039642500049,33.67039642500049,13607,2051.0,2574.0,20.31857031857032,1061.0286698051552,73,33.66562729999714,0.2547691250033495,True,,hard_wall,True,runtime_4methods_csv:1144
Runtime-budget comparison,ILS,rd400_gen1_m2,0,2500,223.00533550000046,222.00533550000046,7189,183.0,232.0,21.120689655172413,7592.340989346006,183,221.9861632999964,1.01917220000405,True,,hard_wall,True,runtime_4methods_csv:1157
Runtime-budget comparison,ILS,rd400_gen1_m2,1,2500,223.00533550000046,222.00533550000046,7113,182.0,232.0,21.551724137931036,7457.102380935212,182,221.9404196999967,1.064915800003746,True,,hard_wall,True,runtime_4methods_csv:1158
Runtime-budget comparison,ILS,rd400_gen1_m2,2,2500,223.00533550000046,222.00533550000046,7153,183.0,232.0,21.120689655172413,7505.163362221063,183,221.96081050000066,1.044524999999794,True,,hard_wall,True,runtime_4methods_csv:1159
Runtime-budget comparison,ILS,rd400_gen1_m2,3,2500,223.00533550000046,222.00533550000046,7188,183.0,232.0,21.120689655172413,7520.363427632676,183,221.96186709999893,1.0434684000015295,True,,hard_wall,True,runtime_4methods_csv:1160
Runtime-budget comparison,ILS,rd400_gen1_m3,0,2500,185.6676365999997,184.7392984169997,5969,184.0,224.0,17.857142857142858,7407.090523014807,184,184.71537470000476,0.9522618999949373,True,,hard_wall,True,runtime_4methods_csv:1173
Runtime-budget comparison,ILS,rd400_gen1_m3,1,2500,185.6676365999997,184.7392984169997,5975,183.0,224.0,18.303571428571427,7377.664829406716,183,184.72177899999951,0.9458576000001813,True,,hard_wall,True,runtime_4methods_csv:1174
Runtime-budget comparison,ILS,rd400_gen1_m3,2,2500,185.6676365999997,184.7392984169997,5928,185.0,224.0,17.410714285714285,7533.021712091066,185,184.69893130000128,0.9687052999984189,True,,hard_wall,True,runtime_4methods_csv:1175
Runtime-budget comparison,ILS,rd400_gen1_m3,3,2500,185.6676365999997,184.7392984169997,5948,183.0,224.0,18.303571428571427,7323.562821145628,183,184.6958611000009,0.9717754999987847,True,,hard_wall,True,runtime_4methods_csv:1176
Runtime-budget comparison,ILS,rd400_gen1_m4,0,2500,158.66772430000037,157.87438567850037,5992,173.0,213.0,18.779342723004696,7261.243235821753,173,157.82924939999793,0.8384749000024385,True,,hard_wall,True,runtime_4methods_csv:1189
Runtime-budget comparison,ILS,rd400_gen1_m4,1,2500,158.66772430000037,157.87438567850037,6013,173.0,213.0,18.779342723004696,7370.288277886724,173,157.8526411999992,0.8150831000011749,True,,hard_wall,True,runtime_4methods_csv:1190
Runtime-budget comparison,ILS,rd400_gen1_m4,2,2500,158.66772430000037,157.87438567850037,6056,173.0,213.0,18.779342723004696,7407.383006817752,173,157.8375350999995,0.8301892000008593,True,,hard_wall,True,runtime_4methods_csv:1191
Runtime-budget comparison,ILS,rd400_gen1_m4,3,2500,158.66772430000037,157.87438567850037,6107,171.0,213.0,19.718309859154928,7193.404468083529,171,157.83343859999877,0.8342857000016011,True,,hard_wall,True,runtime_4methods_csv:1192
Runtime-budget comparison,ILS,rd400_gen2_m2,0,2500,263.8937799750006,262.8937799750006,8435,10873.0,13045.0,16.65005749329245,7564.6828507017835,182,262.83665149999433,1.057128475006266,True,,hard_wall,True,runtime_4methods_csv:1205
Runtime-budget comparison,ILS,rd400_gen2_m2,1,2500,263.8937799750006,262.8937799750006,9465,10715.0,13045.0,17.86124952088923,7512.5478139849965,177,262.8700613999972,1.023718575003386,True,,hard_wall,True,runtime_4methods_csv:1206
Runtime-budget comparison,ILS,rd400_gen2_m2,2,2500,263.8937799750006,262.8937799750006,9156,10848.0,13045.0,16.841701801456498,7552.556778276651,180,262.8476626000047,1.0461173749959016,True,,hard_wall,True,runtime_4methods_csv:1207
Runtime-budget comparison,ILS,rd400_gen2_m2,3,2500,263.8937799750006,262.8937799750006,8510,10764.0,13045.0,17.485626676887698,7549.48370900951,182,262.84420500000124,1.0495749749993593,True,,hard_wall,True,runtime_4methods_csv:1208
Runtime-budget comparison,ILS,rd400_gen2_m3,0,2500,211.91072160000067,210.91072160000067,9108,9605.0,12646.0,24.0471295271232,7535.685827920699,168,210.88725359999808,1.0234680000025946,True,,hard_wall,True,runtime_4methods_csv:1221
Runtime-budget comparison,ILS,rd400_gen2_m3,1,2500,211.91072160000067,210.91072160000067,9103,9637.0,12646.0,23.794085086193263,7522.340227231436,164,210.88907140000083,1.02165019999984,True,,hard_wall,True,runtime_4methods_csv:1222
Runtime-budget comparison,ILS,rd400_gen2_m3,2,2500,211.91072160000067,210.91072160000067,9173,9708.0,12646.0,23.232642732879963,7507.930504430098,166,210.87286360000144,1.0378579999992326,True,,hard_wall,True,runtime_4methods_csv:1223
Runtime-budget comparison,ILS,rd400_gen2_m3,3,2500,211.91072160000067,210.91072160000067,8998,9604.0,12646.0,24.055037165902263,7510.160796327822,166,210.88284810000914,1.0278734999915287,True,,hard_wall,True,runtime_4methods_csv:1224
Runtime-budget comparison,ILS,rd400_gen2_m4,0,2500,154.48436360000005,153.71194178200005,6425,9578.0,12032.0,20.39561170212766,7451.910787515782,168,153.69373130000895,0.7906322999911026,True,,hard_wall,True,runtime_4methods_csv:1237
Runtime-budget comparison,ILS,rd400_gen2_m4,1,2500,154.48436360000005,153.71194178200005,6554,9577.0,12032.0,20.403922872340427,7563.774661074267,166,153.6673077000014,0.8170558999986497,True,,hard_wall,True,runtime_4methods_csv:1238
Runtime-budget comparison,ILS,rd400_gen2_m4,2,2500,154.48436360000005,153.71194178200005,6385,9583.0,12032.0,20.35405585106383,7491.9040762395325,168,153.69443579998915,0.7899278000109007,True,,hard_wall,True,runtime_4methods_csv:1239
Runtime-budget comparison,ILS,rd400_gen2_m4,3,2500,154.48436360000005,153.71194178200005,6571,9579.0,12032.0,20.387300531914892,7548.406055101288,166,153.68388199999754,0.800481600002513,True,,hard_wall,True,runtime_4methods_csv:1240
Runtime-budget comparison,ILS,rd400_gen3_m2,0,2500,261.92568397499963,260.92568397499963,9159,8604.0,12431.0,30.78593837985681,7137.882690882225,180,260.90059530000144,1.0250886749981873,True,,hard_wall,True,runtime_4methods_csv:1253
Runtime-budget comparison,ILS,rd400_gen3_m2,1,2500,261.92568397499963,260.92568397499963,9119,8604.0,12431.0,30.78593837985681,7090.673669141388,180,260.89787450000586,1.0278094749937736,True,,hard_wall,True,runtime_4methods_csv:1254
Runtime-budget comparison,ILS,rd400_gen3_m2,2,2500,261.92568397499963,260.92568397499963,9165,8604.0,12431.0,30.78593837985681,7137.882690882225,180,260.89685140000074,1.0288325749988871,True,,hard_wall,True,runtime_4methods_csv:1255
Runtime-budget comparison,ILS,rd400_gen3_m2,3,2500,261.92568397499963,260.92568397499963,9166,8604.0,12431.0,30.78593837985681,7127.0035773641075,180,260.8790362,1.0466477749996557,True,,hard_wall,True,runtime_4methods_csv:1256
Runtime-budget comparison,ILS,rd400_gen3_m3,0,2500,201.04796192499998,200.04796192499998,6252,9505.0,11639.0,18.334908497293583,7476.103801175246,185,200.00363829999696,1.0443236250030168,True,,hard_wall,True,runtime_4methods_csv:1269
Runtime-budget comparison,ILS,rd400_gen3_m3,1,2500,201.04796192499998,200.04796192499998,6293,9433.0,11639.0,18.9535183435003,7520.609842757474,185,200.02216040001076,1.0258015249892196,True,,hard_wall,True,runtime_4methods_csv:1270
Runtime-budget comparison,ILS,rd400_gen3_m3,2,2500,201.04796192499998,200.04796192499998,6276,9457.0,11639.0,18.747315061431394,7578.041345778807,186,200.0220585999923,1.0259033250076754,True,,hard_wall,True,runtime_4methods_csv:1271
Runtime-budget comparison,ILS,rd400_gen3_m3,3,2500,201.04796192499998,200.04796192499998,6371,9436.0,11639.0,18.92774293324169,7456.253168733985,182,200.00156550000247,1.0463964249975106,True,,hard_wall,True,runtime_4methods_csv:1272
Runtime-budget comparison,ILS,rd400_gen3_m4,0,2500,156.93396472500035,156.14929490137536,5019,7816.0,10436.0,25.105404369490227,7428.957945186772,181,156.1214187000005,0.8125460249998468,True,,hard_wall,True,runtime_4methods_csv:1285
Runtime-budget comparison,ILS,rd400_gen3_m4,1,2500,156.93396472500035,156.14929490137536,5607,7701.0,10436.0,26.2073591414335,7338.257760529179,177,156.0933124000003,0.8406523250000646,True,,hard_wall,True,runtime_4methods_csv:1286
Runtime-budget comparison,ILS,rd400_gen3_m4,2,2500,156.93396472500035,156.14929490137536,4983,7913.0,10436.0,24.175929474894595,7424.654793857806,183,156.1055694999959,0.8283952250044422,True,,hard_wall,True,runtime_4methods_csv:1287
Runtime-budget comparison,ILS,rd400_gen3_m4,3,2500,156.93396472500035,156.14929490137536,5596,7701.0,10436.0,26.2073591414335,7326.497243735571,177,156.08444489999965,0.8495198250006979,True,,hard_wall,True,runtime_4methods_csv:1288
Runtime-budget comparison,ILS,ts225_gen2_m2,0,2500,58.3808446500002,58.0889404267502,16302,4780.0,5859.0,18.416111964499063,60374.37446033116,89,58.081711399994674,0.29913325000552504,True,,hard_wall,True,runtime_4methods_csv:1301
Runtime-budget comparison,ILS,ts225_gen2_m2,1,2500,58.3808446500002,58.0889404267502,16413,4780.0,5859.0,18.416111964499063,60374.37446033116,89,58.08206850000715,0.2987761499930457,True,,hard_wall,True,runtime_4methods_csv:1302
Runtime-budget comparison,ILS,ts225_gen2_m2,2,2500,58.3808446500002,58.0889404267502,16468,4801.0,5859.0,18.05768902543096,62291.874377514,90,58.08472790000087,0.296116749999328,True,,hard_wall,True,runtime_4methods_csv:1303
Runtime-budget comparison,ILS,ts225_gen2_m2,3,2500,58.3808446500002,58.0889404267502,16439,4780.0,5859.0,18.416111964499063,60374.37446033116,89,58.08256059999985,0.29828405000034763,True,,hard_wall,True,runtime_4methods_csv:1304
Runtime-budget comparison,Kim augmented LNS,bier127_gen1_m2,0,,26.947047625000096,26.408106672500093,235,105.0,106.0,0.9433962264150944,58497.6570926348,105,26.40829440000016,0.5387532249999367,True,True,time_limit,True,runtime_kim_csv:1
Runtime-budget comparison,Kim augmented LNS,bier127_gen1_m2,1,,26.947047625000096,26.408106672500093,246,103.0,106.0,2.830188679245283,58505.110072348645,103,26.414369899999656,0.5326777250004398,True,True,time_limit,True,runtime_kim_csv:2
Runtime-budget comparison,Kim augmented LNS,bier127_gen1_m2,2,,26.947047625000096,26.408106672500093,243,104.0,106.0,1.8867924528301887,58820.133854384476,104,26.408355700000357,0.5386919249997391,True,True,time_limit,True,runtime_kim_csv:3
Runtime-budget comparison,Kim augmented LNS,bier127_gen1_m2,3,,26.947047625000096,26.408106672500093,252,103.0,106.0,2.830188679245283,57874.429888022096,103,26.408364200000506,0.53868342499959,True,True,time_limit,True,runtime_kim_csv:4
Runtime-budget comparison,Kim augmented LNS,bier127_gen1_m3,0,,22.197212824999724,21.697212824999724,183,102.0,103.0,0.970873786407767,58044.830859500216,102,21.698596300000645,0.49861652499907905,True,True,time_limit,True,runtime_kim_csv:5
Runtime-budget comparison,Kim augmented LNS,bier127_gen1_m3,1,,22.197212824999724,21.697212824999724,196,102.0,103.0,0.970873786407767,58760.87839242701,102,21.708289799999875,0.4889230249998491,True,True,time_limit,True,runtime_kim_csv:6
Runtime-budget comparison,Kim augmented LNS,bier127_gen1_m3,2,,22.197212824999724,21.697212824999724,176,101.0,103.0,1.941747572815534,56183.3026870952,101,21.69753100000071,0.4996818249990156,True,True,time_limit,True,runtime_kim_csv:7
Runtime-budget comparison,Kim augmented LNS,bier127_gen1_m3,3,,22.197212824999724,21.697212824999724,174,101.0,103.0,1.941747572815534,57751.29267233347,101,21.697593399999278,0.4996194250004464,True,True,time_limit,True,runtime_kim_csv:8
Runtime-budget comparison,Kim augmented LNS,bier127_gen2_m2,0,,39.04240269999991,38.261554645999915,263,5414.0,5464.0,0.9150805270863837,58967.18435038508,101,38.26185280000027,0.7805498999996416,True,True,time_limit,True,runtime_kim_csv:9
Runtime-budget comparison,Kim augmented LNS,bier127_gen2_m2,1,,39.04240269999991,38.261554645999915,254,5419.0,5464.0,0.8235724743777453,58979.00884185727,102,38.26178749999963,0.780615200000284,True,True,time_limit,True,runtime_kim_csv:10
Runtime-budget comparison,Kim augmented LNS,bier127_gen2_m2,2,,39.04240269999991,38.261554645999915,239,5396.0,5464.0,1.2445095168374818,58752.90620315372,103,38.261927300000025,0.7804753999998866,True,True,time_limit,True,runtime_kim_csv:11
Runtime-budget comparison,Kim augmented LNS,bier127_gen2_m2,3,,39.04240269999991,38.261554645999915,258,5388.0,5464.0,1.390922401171303,59038.521167389714,98,38.26277990000017,0.7796227999997427,True,True,time_limit,True,runtime_kim_csv:12
Runtime-budget comparison,Kim augmented LNS,bier127_gen2_m3,0,,25.10175977499989,24.59972457949989,170,5272.0,5393.0,2.2436491748562952,58753.07051483578,99,24.599991899999623,0.5017678750002688,True,True,time_limit,True,runtime_kim_csv:13
Runtime-budget comparison,Kim augmented LNS,bier127_gen2_m3,1,,25.10175977499989,24.59972457949989,170,5129.0,5393.0,4.895234563322826,58802.070203635754,98,24.599883099999715,0.501876675000176,True,True,time_limit,True,runtime_kim_csv:14
Runtime-budget comparison,Kim augmented LNS,bier127_gen2_m3,2,,25.10175977499989,24.59972457949989,166,5169.0,5393.0,4.153532356758761,58868.44239925638,101,24.60013440000057,0.5016253749993211,True,True,time_limit,True,runtime_kim_csv:15
Runtime-budget comparison,Kim augmented LNS,bier127_gen2_m3,3,,25.10175977499989,24.59972457949989,168,5102.0,5393.0,5.39588355275357,58778.47930052852,97,24.600125400000252,0.5016343749996395,True,True,time_limit,True,runtime_kim_csv:16
Runtime-budget comparison,Kim augmented LNS,bier127_gen2_m4,0,,23.99965545000032,23.49965545000032,170,5071.0,5123.0,1.0150302557095452,58206.9941196506,101,23.500748399999793,0.4989070500005255,True,True,time_limit,True,runtime_kim_csv:17
Runtime-budget comparison,Kim augmented LNS,bier127_gen2_m4,1,,23.99965545000032,23.49965545000032,159,5033.0,5123.0,1.7567831348819052,58737.0599683449,94,23.5009998000005,0.4986556499998187,True,True,time_limit,True,runtime_kim_csv:18
Runtime-budget comparison,Kim augmented LNS,bier127_gen2_m4,2,,23.99965545000032,23.49965545000032,152,5065.0,5123.0,1.132149131368339,58641.62758559738,100,23.499996099999407,0.4996593500009112,True,True,time_limit,True,runtime_kim_csv:19
Runtime-budget comparison,Kim augmented LNS,bier127_gen2_m4,3,,23.99965545000032,23.49965545000032,158,5117.0,5123.0,0.11711887565879367,58468.296791631896,99,23.502589599999737,0.4970658500005811,True,True,time_limit,True,runtime_kim_csv:20
Runtime-budget comparison,Kim augmented LNS,bier127_gen3_m2,0,,44.40461825000011,43.51652588500011,284,2793.0,2885.0,3.1889081455805894,58906.80299333556,103,43.51931549999972,0.8853027500003918,True,True,time_limit,True,runtime_kim_csv:21
Runtime-budget comparison,Kim augmented LNS,bier127_gen3_m2,1,,44.40461825000011,43.51652588500011,272,2753.0,2885.0,4.575389948006932,59103.754184354344,102,43.51699710000048,0.8876211499996316,True,True,time_limit,True,runtime_kim_csv:22
Runtime-budget comparison,Kim augmented LNS,bier127_gen3_m2,2,,44.40461825000011,43.51652588500011,268,2735.0,2885.0,5.1993067590987865,59104.52780138374,103,43.51828889999979,0.8863293500003238,True,True,time_limit,True,runtime_kim_csv:23
Runtime-budget comparison,Kim augmented LNS,bier127_gen3_m2,3,,44.40461825000011,43.51652588500011,270,2769.0,2885.0,4.020797227036395,58930.66927422533,102,43.516836599999806,0.8877816500003064,True,True,time_limit,True,runtime_kim_csv:24
Runtime-budget comparison,Kim augmented LNS,bier127_gen3_m3,0,,37.86989892500014,37.11250094650014,234,2660.0,2706.0,1.6999260901699926,58740.26907843224,99,37.11360119999972,0.7562977250004224,True,True,time_limit,True,runtime_kim_csv:25
Runtime-budget comparison,Kim augmented LNS,bier127_gen3_m3,1,,37.86989892500014,37.11250094650014,251,2640.0,2706.0,2.4390243902439024,58904.46192443247,100,37.11274720000074,0.7571517249994031,True,True,time_limit,True,runtime_kim_csv:26
Runtime-budget comparison,Kim augmented LNS,bier127_gen3_m3,2,,37.86989892500014,37.11250094650014,254,2702.0,2706.0,0.14781966001478197,59038.570038646605,102,37.118215899999996,0.7516830250001476,True,True,time_limit,True,runtime_kim_csv:27
Runtime-budget comparison,Kim augmented LNS,bier127_gen3_m3,3,,37.86989892500014,37.11250094650014,240,2641.0,2706.0,2.4020694752402068,58816.18341958769,100,37.11289310000029,0.757005824999851,True,True,time_limit,True,runtime_kim_csv:28
Runtime-budget comparison,Kim augmented LNS,bier127_gen3_m4,0,,28.300104599999713,27.73410250799972,192,2354.0,2402.0,1.9983347210657785,58109.22116705134,100,27.73580370000036,0.5643008999993526,True,True,time_limit,True,runtime_kim_csv:29
Runtime-budget comparison,Kim augmented LNS,bier127_gen3_m4,1,,28.300104599999713,27.73410250799972,183,2349.0,2402.0,2.206494587843464,58816.183448430296,99,27.73442580000028,0.5656787999994322,True,True,time_limit,True,runtime_kim_csv:30
Runtime-budget comparison,Kim augmented LNS,bier127_gen3_m4,2,,28.300104599999713,27.73410250799972,180,2402.0,2402.0,0.0,59081.36899671893,97,27.734873100000186,0.5652314999995269,True,True,time_limit,True,runtime_kim_csv:31
Runtime-budget comparison,Kim augmented LNS,bier127_gen3_m4,3,,28.300104599999713,27.73410250799972,182,2355.0,2402.0,1.9567027477102414,58460.60485735275,100,27.73543449999943,0.564670100000285,True,True,time_limit,True,runtime_kim_csv:32
Runtime-budget comparison,Kim augmented LNS,cmt101c_m3,0,,13.720634825000161,13.220634825000161,185,1270.0,1300.0,2.3076923076923075,371.475903725839,69,13.221377300000313,0.4992575249998481,True,True,time_limit,True,runtime_kim_csv:33
Runtime-budget comparison,Kim augmented LNS,cmt101c_m3,1,,13.720634825000161,13.220634825000161,184,1270.0,1300.0,2.3076923076923075,371.475903725839,69,13.22081800000069,0.49981682499947055,True,True,time_limit,True,runtime_kim_csv:34
Runtime-budget comparison,Kim augmented LNS,cmt101c_m3,2,,13.720634825000161,13.220634825000161,177,1270.0,1300.0,2.3076923076923075,371.475903725839,69,13.220836899999995,0.4997979250001663,True,True,time_limit,True,runtime_kim_csv:35
Runtime-budget comparison,Kim augmented LNS,cmt101c_m3,3,,13.720634825000161,13.220634825000161,186,1270.0,1300.0,2.3076923076923075,371.475903725839,69,13.223944599999413,0.4966902250007479,True,True,time_limit,True,runtime_kim_csv:36
Runtime-budget comparison,Kim augmented LNS,cmt151b_m3,0,,23.452230249999957,22.952230249999957,109,1338.0,1385.0,3.3935018050541514,348.57373864998624,72,22.95747779999965,0.49475245000030554,True,True,time_limit,True,runtime_kim_csv:37
Runtime-budget comparison,Kim augmented LNS,cmt151b_m3,1,,23.452230249999957,22.952230249999957,116,1363.0,1385.0,1.5884476534296028,348.9446675788504,79,22.952439499999855,0.499790750000102,True,True,time_limit,True,runtime_kim_csv:38
Runtime-budget comparison,Kim augmented LNS,cmt151b_m3,2,,23.452230249999957,22.952230249999957,119,1345.0,1385.0,2.888086642599278,348.9636203576296,78,22.95251449999978,0.49971575000017765,True,True,time_limit,True,runtime_kim_csv:39
Runtime-budget comparison,Kim augmented LNS,cmt151b_m3,3,,23.452230249999957,22.952230249999957,106,1351.0,1385.0,2.454873646209386,347.7516014264072,80,22.95250229999965,0.499727950000306,True,True,time_limit,True,runtime_kim_csv:40
Runtime-budget comparison,Kim augmented LNS,cmt151c_m2,0,,35.23979887500013,34.53500289750013,172,1938.0,1964.0,1.3238289205702647,524.142286945582,117,34.54000939999969,0.6997894750004434,True,True,time_limit,True,runtime_kim_csv:41
Runtime-budget comparison,Kim augmented LNS,cmt151c_m2,1,,35.23979887500013,34.53500289750013,164,1924.0,1964.0,2.0366598778004072,523.4901804513049,119,34.53676760000053,0.7030312749996028,True,True,time_limit,True,runtime_kim_csv:42
Runtime-budget comparison,Kim augmented LNS,cmt151c_m2,2,,35.23979887500013,34.53500289750013,171,1935.0,1964.0,1.4765784114052953,523.7721389838944,117,34.53524079999988,0.70455807500025,True,True,time_limit,True,runtime_kim_csv:43
Runtime-budget comparison,Kim augmented LNS,cmt151c_m2,3,,35.23979887500013,34.53500289750013,160,1942.0,1964.0,1.120162932790224,524.5819910289986,115,34.54793820000032,0.6918606749998162,True,True,time_limit,True,runtime_kim_csv:44
Runtime-budget comparison,Kim augmented LNS,cmt151c_m3,0,,29.997989475000168,29.398029685500163,152,1872.0,1916.0,2.2964509394572024,523.7617340245318,110,29.398274500000298,0.5997149749998698,True,True,time_limit,True,runtime_kim_csv:45
Runtime-budget comparison,Kim augmented LNS,cmt151c_m3,1,,29.997989475000168,29.398029685500163,158,1881.0,1916.0,1.826722338204593,524.0770824547819,115,29.39826280000034,0.5997266749998289,True,True,time_limit,True,runtime_kim_csv:46
Runtime-budget comparison,Kim augmented LNS,cmt151c_m3,2,,29.997989475000168,29.398029685500163,160,1887.0,1916.0,1.5135699373695197,522.2135456874215,114,29.402668600000652,0.5953208749995156,True,True,time_limit,True,runtime_kim_csv:47
Runtime-budget comparison,Kim augmented LNS,cmt151c_m3,3,,29.997989475000168,29.398029685500163,146,1899.0,1916.0,0.8872651356993737,522.4446081311917,113,29.406569100000524,0.5914203749996432,True,True,time_limit,True,runtime_kim_csv:48
Runtime-budget comparison,Kim augmented LNS,cmt151c_m4,0,,25.793135625000104,25.277272912500102,131,1857.0,1880.0,1.2234042553191489,523.0303987613589,113,25.27775289999954,0.5153827250005634,True,True,time_limit,True,runtime_kim_csv:49
Runtime-budget comparison,Kim augmented LNS,cmt151c_m4,1,,25.793135625000104,25.277272912500102,139,1867.0,1880.0,0.6914893617021277,523.9545791321179,113,25.277748200000133,0.5153874249999717,True,True,time_limit,True,runtime_kim_csv:50
Runtime-budget comparison,Kim augmented LNS,cmt151c_m4,2,,25.793135625000104,25.277272912500102,142,1868.0,1880.0,0.6382978723404256,522.9284057296054,113,25.277644299999338,0.5154913250007667,True,True,time_limit,True,runtime_kim_csv:51
Runtime-budget comparison,Kim augmented LNS,cmt151c_m4,3,,25.793135625000104,25.277272912500102,135,1863.0,1880.0,0.9042553191489362,523.5382495568749,112,25.27763050000067,0.5155051249994358,True,True,time_limit,True,runtime_kim_csv:52
Runtime-budget comparison,Kim augmented LNS,cmt200b_m2,0,,61.60824172499974,60.376076890499746,93,1977.0,2096.0,5.677480916030534,381.2931908486695,108,60.419649800000116,1.1885919249996277,True,True,time_limit,True,runtime_kim_csv:53
Runtime-budget comparison,Kim augmented LNS,cmt200b_m2,1,,61.60824172499974,60.376076890499746,101,1971.0,2096.0,5.963740458015267,381.48959475559684,111,60.39905559999988,1.2091861249998601,True,True,time_limit,True,runtime_kim_csv:54
Runtime-budget comparison,Kim augmented LNS,cmt200b_m2,2,,61.60824172499974,60.376076890499746,102,1984.0,2096.0,5.343511450381679,381.50143677089795,110,60.3779655999997,1.2302761250000458,True,True,time_limit,True,runtime_kim_csv:55
Runtime-budget comparison,Kim augmented LNS,cmt200b_m2,3,,61.60824172499974,60.376076890499746,97,2005.0,2096.0,4.341603053435114,381.56435888405645,113,60.422091000000364,1.1861507249993792,True,True,time_limit,True,runtime_kim_csv:56
Runtime-budget comparison,Kim augmented LNS,cmt200b_m3,0,,43.168239249999715,42.30487446499972,83,1904.0,2019.0,5.6958890539871225,379.4688120375081,106,42.36453100000017,0.8037082499995449,True,True,time_limit,True,runtime_kim_csv:57
Runtime-budget comparison,Kim augmented LNS,cmt200b_m3,1,,43.168239249999715,42.30487446499972,85,1861.0,2019.0,7.825656265477959,381.02813183857586,103,42.30858160000025,0.8596576499994626,True,True,time_limit,True,runtime_kim_csv:58
Runtime-budget comparison,Kim augmented LNS,cmt200b_m3,2,,43.168239249999715,42.30487446499972,82,1879.0,2019.0,6.934125804853888,380.28234713728597,107,42.3233253999997,0.8449138500000117,True,True,time_limit,True,runtime_kim_csv:59
Runtime-budget comparison,Kim augmented LNS,cmt200b_m3,3,,43.168239249999715,42.30487446499972,89,1893.0,2019.0,6.240713224368499,381.67601129443386,105,42.35320429999956,0.8150349500001539,True,True,time_limit,True,runtime_kim_csv:60
Runtime-budget comparison,Kim augmented LNS,cmt200b_m4,0,,36.43267667500004,35.70402314150004,102,1828.0,1894.0,3.484688489968321,379.23149464011703,105,35.74447130000044,0.6882053749995976,True,True,time_limit,True,runtime_kim_csv:61
Runtime-budget comparison,Kim augmented LNS,cmt200b_m4,1,,36.43267667500004,35.70402314150004,86,1840.0,1894.0,2.851108764519535,380.32904130633693,106,35.76918520000072,0.6634914749993186,True,True,time_limit,True,runtime_kim_csv:62
Runtime-budget comparison,Kim augmented LNS,cmt200b_m4,2,,36.43267667500004,35.70402314150004,93,1843.0,1894.0,2.692713833157339,380.357417835262,103,35.70441750000009,0.7282591749999483,True,True,time_limit,True,runtime_kim_csv:63
Runtime-budget comparison,Kim augmented LNS,cmt200b_m4,3,,36.43267667500004,35.70402314150004,94,1794.0,1894.0,5.279831045406547,380.1160048782768,105,35.71205519999967,0.720621475000371,True,True,time_limit,True,runtime_kim_csv:64
Runtime-budget comparison,Kim augmented LNS,cmt200c_m2,0,,74.74050765000015,73.24569749700015,156,2782.0,2818.0,1.27750177430802,571.6723468441919,161,73.2462003999999,1.4943072500002472,True,True,time_limit,True,runtime_kim_csv:65
Runtime-budget comparison,Kim augmented LNS,cmt200c_m2,1,,74.74050765000015,73.24569749700015,148,2750.0,2818.0,2.41305890702626,572.5448415164726,161,73.25073610000072,1.489771549999432,True,True,time_limit,True,runtime_kim_csv:66
Runtime-budget comparison,Kim augmented LNS,cmt200c_m2,2,,74.74050765000015,73.24569749700015,138,2766.0,2818.0,1.8452803406671399,572.4586729809294,159,73.2920524000001,1.4484552500000518,True,True,time_limit,True,runtime_kim_csv:67
Runtime-budget comparison,Kim augmented LNS,cmt200c_m2,3,,74.74050765000015,73.24569749700015,148,2748.0,2818.0,2.48403122782115,572.7235059899272,158,73.24690209999972,1.4936055500004386,True,True,time_limit,True,runtime_kim_csv:68
Runtime-budget comparison,Kim augmented LNS,cmt200c_m3,0,,57.302805800000215,56.15674968400021,126,2697.0,2766.0,2.4945770065075923,571.0816667233054,159,56.15804010000011,1.1447657000001072,True,True,time_limit,True,runtime_kim_csv:69
Runtime-budget comparison,Kim augmented LNS,cmt200c_m3,1,,57.302805800000215,56.15674968400021,125,2721.0,2766.0,1.6268980477223427,571.8116782182999,153,56.157251100000394,1.1455546999998205,True,True,time_limit,True,runtime_kim_csv:70
Runtime-budget comparison,Kim augmented LNS,cmt200c_m3,2,,57.302805800000215,56.15674968400021,120,2711.0,2766.0,1.9884309472161967,571.6112286292744,154,56.159587699999975,1.1432181000002402,True,True,time_limit,True,runtime_kim_csv:71
Runtime-budget comparison,Kim augmented LNS,cmt200c_m3,3,,57.302805800000215,56.15674968400021,123,2687.0,2766.0,2.8561099060014463,572.7109136402324,153,56.157430100000056,1.1453757000001588,True,True,time_limit,True,runtime_kim_csv:72
Runtime-budget comparison,Kim augmented LNS,cmt200c_m4,0,,49.67051197500018,48.67710173550018,115,2641.0,2712.0,2.617994100294985,569.6895112328108,152,48.68599549999999,0.9845164750001913,True,True,time_limit,True,runtime_kim_csv:73
Runtime-budget comparison,Kim augmented LNS,cmt200c_m4,1,,49.67051197500018,48.67710173550018,123,2633.0,2712.0,2.9129793510324484,571.4707135720835,149,48.67754570000034,0.9929662749998442,True,True,time_limit,True,runtime_kim_csv:74
Runtime-budget comparison,Kim augmented LNS,cmt200c_m4,2,,49.67051197500018,48.67710173550018,114,2646.0,2712.0,2.433628318584071,571.1818670626692,151,48.67847529999926,0.992036675000918,True,True,time_limit,True,runtime_kim_csv:75
Runtime-budget comparison,Kim augmented LNS,cmt200c_m4,3,,49.67051197500018,48.67710173550018,113,2646.0,2712.0,2.433628318584071,570.8434919713001,156,48.68117110000003,0.9893408750001527,True,True,time_limit,True,runtime_kim_csv:76
Runtime-budget comparison,Kim augmented LNS,eil101b_m3,0,,11.140341025000225,10.640341025000225,147,898.0,916.0,1.965065502183406,312.0684808429593,52,10.640853300000344,0.4994877249998808,True,True,time_limit,True,runtime_kim_csv:77
Runtime-budget comparison,Kim augmented LNS,eil101b_m3,1,,11.140341025000225,10.640341025000225,134,902.0,916.0,1.5283842794759825,311.7871513337501,50,10.640728999999737,0.49961202500048785,True,True,time_limit,True,runtime_kim_csv:78
Runtime-budget comparison,Kim augmented LNS,eil101b_m3,2,,11.140341025000225,10.640341025000225,151,915.0,916.0,0.1091703056768559,311.8007389961469,53,10.640606800000569,0.49973422499965636,True,True,time_limit,True,runtime_kim_csv:79
Runtime-budget comparison,Kim augmented LNS,eil101b_m3,3,,11.140341025000225,10.640341025000225,159,901.0,916.0,1.6375545851528384,312.4812885463692,51,10.64047970000047,0.4998613249997561,True,True,time_limit,True,runtime_kim_csv:80
Runtime-budget comparison,Kim augmented LNS,eil101c_m2,0,,16.907939650000117,16.407939650000117,190,1292.0,1305.0,0.9961685823754789,470.8514703939045,75,16.40855569999985,0.49938395000026503,True,True,time_limit,True,runtime_kim_csv:81
Runtime-budget comparison,Kim augmented LNS,eil101c_m2,1,,16.907939650000117,16.407939650000117,194,1287.0,1305.0,1.3793103448275863,470.31506274039634,78,16.40825700000005,0.49968265000006795,True,True,time_limit,True,runtime_kim_csv:82
Runtime-budget comparison,Kim augmented LNS,eil101c_m2,2,,16.907939650000117,16.407939650000117,195,1294.0,1305.0,0.842911877394636,471.2314868547288,77,16.408230000000003,0.49970965000011347,True,True,time_limit,True,runtime_kim_csv:83
Runtime-budget comparison,Kim augmented LNS,eil101c_m2,3,,16.907939650000117,16.407939650000117,192,1287.0,1305.0,1.3793103448275863,471.5535189523314,78,16.408366800000294,0.4995728499998222,True,True,time_limit,True,runtime_kim_csv:84
Runtime-budget comparison,Kim augmented LNS,eil101c_m3,0,,14.348517775000118,13.848517775000118,170,1235.0,1251.0,1.2789768185451638,465.2162030810938,73,13.84899730000052,0.4995204749995992,True,True,time_limit,True,runtime_kim_csv:85
Runtime-budget comparison,Kim augmented LNS,eil101c_m3,1,,14.348517775000118,13.848517775000118,167,1233.0,1251.0,1.4388489208633093,469.22019391494416,72,13.849482299999181,0.49903547500093737,True,True,time_limit,True,runtime_kim_csv:86
Runtime-budget comparison,Kim augmented LNS,eil101c_m3,2,,14.348517775000118,13.848517775000118,157,1234.0,1251.0,1.3589128697042365,467.4456532071304,72,13.848681100000249,0.4998366749998695,True,True,time_limit,True,runtime_kim_csv:87
Runtime-budget comparison,Kim augmented LNS,eil101c_m3,3,,14.348517775000118,13.848517775000118,161,1241.0,1251.0,0.7993605115907274,470.47081159653817,74,13.848931900000025,0.49958587500009344,True,True,time_limit,True,runtime_kim_csv:88
Runtime-budget comparison,Kim augmented LNS,gil262_gen1_m3,0,,41.54455177500017,40.71366073950017,35,98.0,101.0,2.9702970297029703,1185.009904882997,98,40.934332699999686,0.6102190750004866,True,True,time_limit,True,runtime_kim_csv:89
Runtime-budget comparison,Kim augmented LNS,gil262_gen1_m3,1,,41.54455177500017,40.71366073950017,39,97.0,101.0,3.9603960396039604,1176.2872737317978,97,40.715965000000324,0.8285867749998488,True,True,time_limit,True,runtime_kim_csv:90
Runtime-budget comparison,Kim augmented LNS,gil262_gen1_m3,2,,41.54455177500017,40.71366073950017,39,96.0,101.0,4.9504950495049505,1180.3830478542357,96,40.74565949999942,0.7988922750007532,True,True,time_limit,True,runtime_kim_csv:91
Runtime-budget comparison,Kim augmented LNS,gil262_gen1_m3,3,,41.54455177500017,40.71366073950017,35,98.0,101.0,2.9702970297029703,1182.3210230329069,98,40.71460289999959,0.8299488750005821,True,True,time_limit,True,runtime_kim_csv:92
Runtime-budget comparison,Kim augmented LNS,gil262_gen1_m4,0,,29.95938504999981,29.360197348999815,53,77.0,78.0,1.2820512820512822,1164.687499435363,77,29.53024910000022,0.4291359499995906,True,True,time_limit,True,runtime_kim_csv:93
Runtime-budget comparison,Kim augmented LNS,gil262_gen1_m4,1,,29.95938504999981,29.360197348999815,57,77.0,78.0,1.2820512820512822,1173.9077760250834,77,29.488663799999813,0.47072124999999687,True,True,time_limit,True,runtime_kim_csv:94
Runtime-budget comparison,Kim augmented LNS,gil262_gen1_m4,2,,29.95938504999981,29.360197348999815,59,77.0,78.0,1.2820512820512822,1177.3295796113734,77,29.396386000000348,0.5629990499994619,True,True,time_limit,True,runtime_kim_csv:95
Runtime-budget comparison,Kim augmented LNS,gil262_gen1_m4,3,,29.95938504999981,29.360197348999815,48,77.0,78.0,1.2820512820512822,1158.9150129671225,77,29.464255100000628,0.4951299499991819,True,True,time_limit,True,runtime_kim_csv:96
Runtime-budget comparison,Kim augmented LNS,gil262_gen2_m2,0,,90.52335557499987,88.71288846349987,57,6393.0,7498.0,14.737263270205387,1186.9215796010126,116,88.84142450000036,1.681931074999511,True,True,time_limit,True,runtime_kim_csv:97
Runtime-budget comparison,Kim augmented LNS,gil262_gen2_m2,1,,90.52335557499987,88.71288846349987,58,6670.0,7498.0,11.042944785276074,1187.3639688618846,109,88.93764730000021,1.5857082749996607,True,True,time_limit,True,runtime_kim_csv:98
Runtime-budget comparison,Kim augmented LNS,gil262_gen2_m2,2,,90.52335557499987,88.71288846349987,53,7049.0,7498.0,5.988263536943185,1188.5563389932581,116,88.9910074999998,1.5323480750000726,True,True,time_limit,True,runtime_kim_csv:99
Runtime-budget comparison,Kim augmented LNS,gil262_gen2_m2,3,,90.52335557499987,88.71288846349987,57,6320.0,7498.0,15.710856228327554,1188.671799980118,112,88.8756371999998,1.6477183750000677,True,True,time_limit,True,runtime_kim_csv:100
Runtime-budget comparison,Kim augmented LNS,gil262_gen2_m3,0,,45.5297865,44.61919077,44,5459.0,5615.0,2.778272484416741,1187.5884147241163,93,44.72571920000064,0.8040672999993603,True,True,time_limit,True,runtime_kim_csv:101
Runtime-budget comparison,Kim augmented LNS,gil262_gen2_m3,1,,45.5297865,44.61919077,47,5342.0,5615.0,4.861976847729297,1186.2430070318305,90,44.68687080000018,0.8429156999998213,True,True,time_limit,True,runtime_kim_csv:102
Runtime-budget comparison,Kim augmented LNS,gil262_gen2_m3,2,,45.5297865,44.61919077,47,5371.0,5615.0,4.345503116651826,1186.8209569161982,93,44.77213639999991,0.7576501000000917,True,True,time_limit,True,runtime_kim_csv:103
Runtime-budget comparison,Kim augmented LNS,gil262_gen2_m3,3,,45.5297865,44.61919077,44,5424.0,5615.0,3.4016028495102404,1188.528070043557,93,44.61957369999982,0.9102128000001812,True,True,time_limit,True,runtime_kim_csv:104
Runtime-budget comparison,Kim augmented LNS,gil262_gen3_m2,0,,90.57186982500025,88.76043242850024,38,6084.0,7183.0,15.30001392175971,1187.526042360224,123,88.80166370000006,1.7702061250001861,True,True,time_limit,True,runtime_kim_csv:105
Runtime-budget comparison,Kim augmented LNS,gil262_gen3_m2,1,,90.57186982500025,88.76043242850024,32,6181.0,7183.0,13.949603229848252,1188.0826943904501,127,89.20341579999968,1.368454025000574,True,True,time_limit,True,runtime_kim_csv:106
Runtime-budget comparison,Kim augmented LNS,gil262_gen3_m2,2,,90.57186982500025,88.76043242850024,37,5778.0,7183.0,19.560072393150495,1186.7837642177003,117,88.81867859999966,1.7531912250005917,True,True,time_limit,True,runtime_kim_csv:107
Runtime-budget comparison,Kim augmented LNS,gil262_gen3_m2,3,,90.57186982500025,88.76043242850024,37,5926.0,7183.0,17.499651956007238,1186.8027207951864,119,89.14687390000017,1.4249959250000757,True,True,time_limit,True,runtime_kim_csv:108
Runtime-budget comparison,Kim augmented LNS,gil262_gen3_m4,0,,35.10205910000013,34.40001791800013,55,2498.0,2507.0,0.35899481451934584,1180.1943934485803,77,34.401859100000365,0.7001999999997679,True,True,time_limit,True,runtime_kim_csv:109
Runtime-budget comparison,Kim augmented LNS,gil262_gen3_m4,1,,35.10205910000013,34.40001791800013,54,2486.0,2507.0,0.837654567211807,1180.5913206940781,77,34.4004316999999,0.701627400000234,True,True,time_limit,True,runtime_kim_csv:110
Runtime-budget comparison,Kim augmented LNS,gil262_gen3_m4,2,,35.10205910000013,34.40001791800013,56,2486.0,2507.0,0.837654567211807,1179.4805248042105,76,34.40016959999957,0.7018895000005614,True,True,time_limit,True,runtime_kim_csv:111
Runtime-budget comparison,Kim augmented LNS,gil262_gen3_m4,3,,35.10205910000013,34.40001791800013,63,2486.0,2507.0,0.837654567211807,1181.397675538465,76,34.40046970000003,0.7015894000001026,True,True,time_limit,True,runtime_kim_csv:112
Runtime-budget comparison,Kim augmented LNS,gil262a_m2,0,,36.572948849999875,35.84148987299988,44,3900.0,4078.0,4.364884747425209,593.3685781746948,69,35.84178390000034,0.7311649499995383,True,True,time_limit,True,runtime_kim_csv:113
Runtime-budget comparison,Kim augmented LNS,gil262a_m2,1,,36.572948849999875,35.84148987299988,43,3936.0,4078.0,3.482099068170672,592.4982997230379,70,35.90235659999962,0.6705922500002544,True,True,time_limit,True,runtime_kim_csv:114
Runtime-budget comparison,Kim augmented LNS,gil262a_m2,2,,36.572948849999875,35.84148987299988,45,4012.0,4078.0,1.6184404119666502,591.7308200613,69,35.990219199999956,0.5827296499999193,True,True,time_limit,True,runtime_kim_csv:115
Runtime-budget comparison,Kim augmented LNS,gil262a_m2,3,,36.572948849999875,35.84148987299988,43,3905.0,4078.0,4.242275625306523,588.4704672619009,68,36.03731329999937,0.5356355500005066,True,True,time_limit,True,runtime_kim_csv:116
Runtime-budget comparison,Kim augmented LNS,gil262a_m4,0,,20.958374275000324,20.458374275000324,49,3074.0,3175.0,3.1811023622047245,591.2541923241222,54,20.501491800000622,0.456882474999702,True,True,time_limit,True,runtime_kim_csv:117
Runtime-budget comparison,Kim augmented LNS,gil262a_m4,1,,20.958374275000324,20.458374275000324,49,3131.0,3175.0,1.3858267716535433,591.2393380562087,54,20.537332800000513,0.4210414749998108,True,True,time_limit,True,runtime_kim_csv:118
Runtime-budget comparison,Kim augmented LNS,gil262a_m4,2,,20.958374275000324,20.458374275000324,51,3108.0,3175.0,2.1102362204724407,590.1279364748639,56,20.458640100000594,0.4997341749997304,True,True,time_limit,True,runtime_kim_csv:119
Runtime-budget comparison,Kim augmented LNS,gil262a_m4,3,,20.958374275000324,20.458374275000324,48,3103.0,3175.0,2.267716535433071,589.871129948487,53,20.493284799999856,0.46508947500046816,True,True,time_limit,True,runtime_kim_csv:120
Runtime-budget comparison,Kim augmented LNS,gil262b_m2,0,,87.55881489999979,85.8076386019998,55,7647.0,8081.0,5.370622447716867,1188.6759494556075,131,86.0659411000006,1.4928737999991881,True,True,time_limit,True,runtime_kim_csv:121
Runtime-budget comparison,Kim augmented LNS,gil262b_m2,1,,87.55881489999979,85.8076386019998,59,7374.0,8081.0,8.748917213216187,1187.2017956895447,131,86.00593990000016,1.5528749999996307,True,True,time_limit,True,runtime_kim_csv:122
Runtime-budget comparison,Kim augmented LNS,gil262b_m2,2,,87.55881489999979,85.8076386019998,52,7433.0,8081.0,8.01880955327311,1187.1705004178052,130,85.89206240000021,1.6667524999995749,True,True,time_limit,True,runtime_kim_csv:123
Runtime-budget comparison,Kim augmented LNS,gil262b_m2,3,,87.55881489999979,85.8076386019998,60,7510.0,8081.0,7.0659571835168915,1186.4965987403962,136,86.00852510000004,1.5502897999997458,True,True,time_limit,True,runtime_kim_csv:124
Runtime-budget comparison,Kim augmented LNS,gil262b_m3,0,,64.91935212499993,63.620965082499936,59,6711.0,7585.0,11.522742254449572,1178.904564244523,124,63.77001779999955,1.1493343250003818,True,True,time_limit,True,runtime_kim_csv:125
Runtime-budget comparison,Kim augmented LNS,gil262b_m3,1,,64.91935212499993,63.620965082499936,58,6870.0,7585.0,9.426499670402109,1187.6219253374072,127,63.6223786999999,1.2969734250000329,True,True,time_limit,True,runtime_kim_csv:126
Runtime-budget comparison,Kim augmented LNS,gil262b_m3,2,,64.91935212499993,63.620965082499936,58,6844.0,7585.0,9.76928147659855,1187.2529748988024,124,63.739732600000025,1.1796195249999073,True,True,time_limit,True,runtime_kim_csv:127
Runtime-budget comparison,Kim augmented LNS,gil262b_m3,3,,64.91935212499993,63.620965082499936,55,6864.0,7585.0,9.50560316413975,1187.3232970539962,125,63.79827159999968,1.1210805250002522,True,True,time_limit,True,runtime_kim_csv:128
Runtime-budget comparison,Kim augmented LNS,gil262b_m4,0,,51.18372272500005,50.16004827050005,59,6394.0,6781.0,5.70712284323846,1187.1656052195156,117,50.160402099999374,1.0233206250006788,True,True,time_limit,True,runtime_kim_csv:129
Runtime-budget comparison,Kim augmented LNS,gil262b_m4,1,,51.18372272500005,50.16004827050005,58,6464.0,6781.0,4.67482672172246,1183.6761606928158,116,50.25277730000016,0.9309454249998907,True,True,time_limit,True,runtime_kim_csv:130
Runtime-budget comparison,Kim augmented LNS,gil262b_m4,2,,51.18372272500005,50.16004827050005,56,6271.0,6781.0,7.521014599616576,1184.9751198523384,116,50.16038279999975,1.0233399250003004,True,True,time_limit,True,runtime_kim_csv:131
Runtime-budget comparison,Kim augmented LNS,gil262b_m4,3,,51.18372272500005,50.16004827050005,59,6306.0,6781.0,7.004866538858575,1182.9675524545073,116,50.160534700000426,1.0231880249996266,True,True,time_limit,True,runtime_kim_csv:132
Runtime-budget comparison,Kim augmented LNS,gil262c_m2,0,,118.90269032499987,116.90269032499987,110,10539.0,11030.0,4.451495920217589,1782.2448072936204,187,116.9944473000005,1.908243024999365,True,True,time_limit,True,runtime_kim_csv:133
Runtime-budget comparison,Kim augmented LNS,gil262c_m2,1,,118.90269032499987,116.90269032499987,99,10512.0,11030.0,4.696282864913871,1782.57503983187,191,116.90316939999957,1.9995209250002972,True,True,time_limit,True,runtime_kim_csv:134
Runtime-budget comparison,Kim augmented LNS,gil262c_m2,2,,118.90269032499987,116.90269032499987,94,10229.0,11030.0,7.262012692656391,1782.3465428294621,190,116.9036098000006,1.9990805249992718,True,True,time_limit,True,runtime_kim_csv:135
Runtime-budget comparison,Kim augmented LNS,gil262c_m2,3,,118.90269032499987,116.90269032499987,108,10424.0,11030.0,5.494106980961015,1782.7906704556158,193,117.00628070000039,1.8964096249994782,True,True,time_limit,True,runtime_kim_csv:136
Runtime-budget comparison,Kim augmented LNS,gil262c_m3,0,,90.03205027499985,88.23140926949985,103,10536.0,10757.0,2.05447615506182,1781.6213925473048,189,88.29634420000002,1.7357060749998254,True,True,time_limit,True,runtime_kim_csv:137
Runtime-budget comparison,Kim augmented LNS,gil262c_m3,1,,90.03205027499985,88.23140926949985,99,10493.0,10757.0,2.4542158594403642,1782.0661444482466,192,88.29059949999919,1.7414507750006578,True,True,time_limit,True,runtime_kim_csv:138
Runtime-budget comparison,Kim augmented LNS,gil262c_m3,2,,90.03205027499985,88.23140926949985,91,10537.0,10757.0,2.0451798828669703,1780.7894900688007,191,88.2914467999999,1.7406034749999435,True,True,time_limit,True,runtime_kim_csv:139
Runtime-budget comparison,Kim augmented LNS,gil262c_m3,3,,90.03205027499985,88.23140926949985,104,10516.0,10757.0,2.2404015989588175,1781.3332355291468,190,88.28525730000001,1.7467929749998348,True,True,time_limit,True,runtime_kim_csv:140
Runtime-budget comparison,Kim augmented LNS,gil262c_m4,0,,78.50297740000042,76.93291785200041,85,9858.0,10281.0,4.114385760140064,1778.3006077516895,183,76.93572389999918,1.567253500001243,True,True,time_limit,True,runtime_kim_csv:141
Runtime-budget comparison,Kim augmented LNS,gil262c_m4,1,,78.50297740000042,76.93291785200041,91,9760.0,10281.0,5.067600427973932,1781.213804352077,180,76.94872959999975,1.5542478000006668,True,True,time_limit,True,runtime_kim_csv:142
Runtime-budget comparison,Kim augmented LNS,gil262c_m4,2,,78.50297740000042,76.93291785200041,88,9472.0,10281.0,7.868884349771423,1782.3446563612858,180,76.93339190000006,1.5695855000003576,True,True,time_limit,True,runtime_kim_csv:143
Runtime-budget comparison,Kim augmented LNS,gil262c_m4,3,,78.50297740000042,76.93291785200041,82,9746.0,10281.0,5.2037739519501995,1781.749097175178,181,76.93547799999942,1.5674994000009974,True,True,time_limit,True,runtime_kim_csv:144
Runtime-budget comparison,Kim augmented LNS,gr229_gen1_m4,0,,54.22746647500003,53.14291714550003,79,220.0,223.0,1.345291479820628,1697.6203944415295,220,53.149215399999775,1.078251075000253,True,True,time_limit,True,runtime_kim_csv:145
Runtime-budget comparison,Kim augmented LNS,gr229_gen1_m4,1,,54.22746647500003,53.14291714550003,79,220.0,223.0,1.345291479820628,1661.3844559993913,220,53.14364860000023,1.083817874999795,True,True,time_limit,True,runtime_kim_csv:146
Runtime-budget comparison,Kim augmented LNS,gr229_gen1_m4,2,,54.22746647500003,53.14291714550003,78,220.0,223.0,1.345291479820628,1695.7347665310065,220,53.14501099999961,1.0824554750004154,True,True,time_limit,True,runtime_kim_csv:147
Runtime-budget comparison,Kim augmented LNS,gr229_gen1_m4,3,,54.22746647500003,53.14291714550003,81,220.0,223.0,1.345291479820628,1699.358077760241,220,53.14397259999987,1.0834938750001584,True,True,time_limit,True,runtime_kim_csv:148
Runtime-budget comparison,Kim augmented LNS,gr229_gen2_m3,0,,45.25229902499996,44.34725304449996,51,11510.0,11566.0,0.4841777624070552,1757.9794801341245,225,44.34785269999975,0.9044463250002082,True,True,time_limit,True,runtime_kim_csv:149
Runtime-budget comparison,Kim augmented LNS,gr229_gen2_m3,1,,45.25229902499996,44.34725304449996,51,11487.0,11566.0,0.68303648625281,1757.8921697555936,225,44.34835599999951,0.9039430250004443,True,True,time_limit,True,runtime_kim_csv:150
Runtime-budget comparison,Kim augmented LNS,gr229_gen2_m3,2,,45.25229902499996,44.34725304449996,47,11527.0,11566.0,0.3371952273906277,1756.3777785511604,226,44.35274849999951,0.8995505250004499,True,True,time_limit,True,runtime_kim_csv:151
Runtime-budget comparison,Kim augmented LNS,gr229_gen2_m3,3,,45.25229902499996,44.34725304449996,46,11471.0,11566.0,0.8213729897976829,1762.3335870249084,226,44.35357860000022,0.8987204249997376,True,True,time_limit,True,runtime_kim_csv:152
Runtime-budget comparison,Kim augmented LNS,gr229_gen2_m4,0,,69.16926597499992,67.78588065549992,96,11120.0,11355.0,2.0695728753852927,1697.0283401846862,220,67.7866641999999,1.382601775000012,True,True,time_limit,True,runtime_kim_csv:153
Runtime-budget comparison,Kim augmented LNS,gr229_gen2_m4,1,,69.16926597499992,67.78588065549992,96,11120.0,11355.0,2.0695728753852927,1706.1279681935887,220,67.78882720000001,1.3804387749999023,True,True,time_limit,True,runtime_kim_csv:154
Runtime-budget comparison,Kim augmented LNS,gr229_gen2_m4,2,,69.16926597499992,67.78588065549992,96,11120.0,11355.0,2.0695728753852927,1715.9102198504445,220,67.79233569999997,1.3769302749999497,True,True,time_limit,True,runtime_kim_csv:155
Runtime-budget comparison,Kim augmented LNS,gr229_gen2_m4,3,,69.16926597499992,67.78588065549992,94,11120.0,11355.0,2.0695728753852927,1684.2775584399965,220,67.79029859999991,1.378967375000002,True,True,time_limit,True,runtime_kim_csv:156
Runtime-budget comparison,Kim augmented LNS,gr229_gen3_m3,0,,42.98476207500016,42.125066833500156,51,7944.0,8056.0,1.3902681231380338,1763.2765643111816,226,42.135413800000606,0.8493482749995565,True,True,time_limit,True,runtime_kim_csv:157
Runtime-budget comparison,Kim augmented LNS,gr229_gen3_m3,1,,42.98476207500016,42.125066833500156,56,7967.0,8056.0,1.1047666335650448,1759.6112451196368,226,42.12593990000005,0.8588221750001139,True,True,time_limit,True,runtime_kim_csv:158
Runtime-budget comparison,Kim augmented LNS,gr229_gen3_m3,2,,42.98476207500016,42.125066833500156,52,7967.0,8056.0,1.1047666335650448,1762.7056881387498,226,42.12856730000021,0.856194774999949,True,True,time_limit,True,runtime_kim_csv:159
Runtime-budget comparison,Kim augmented LNS,gr229_gen3_m3,3,,42.98476207500016,42.125066833500156,54,7935.0,8056.0,1.5019860973187686,1753.4945458050652,226,42.12843129999965,0.8563307750005151,True,True,time_limit,True,runtime_kim_csv:160
Runtime-budget comparison,Kim augmented LNS,gr229_gen3_m4,0,,86.95338342499963,85.21431575649963,127,7355.0,7651.0,3.868775323487126,1633.7436858805445,220,85.21535080000012,1.738032624999505,True,True,time_limit,True,runtime_kim_csv:161
Runtime-budget comparison,Kim augmented LNS,gr229_gen3_m4,1,,86.95338342499963,85.21431575649963,126,7355.0,7651.0,3.868775323487126,1703.4761679521548,220,85.22038249999969,1.733000924999942,True,True,time_limit,True,runtime_kim_csv:162
Runtime-budget comparison,Kim augmented LNS,gr229_gen3_m4,2,,86.95338342499963,85.21431575649963,122,7355.0,7651.0,3.868775323487126,1638.0873561658275,220,85.21926959999928,1.7341138250003496,True,True,time_limit,True,runtime_kim_csv:163
Runtime-budget comparison,Kim augmented LNS,gr229_gen3_m4,3,,86.95338342499963,85.21431575649963,121,7355.0,7651.0,3.868775323487126,1650.782661325224,220,85.21554199999991,1.737841424999715,True,True,time_limit,True,runtime_kim_csv:164
Runtime-budget comparison,Kim augmented LNS,kroA150_gen2_m2,0,,36.216728274999696,35.4923937094997,194,4303.0,4335.0,0.7381776239907728,13189.43927039102,70,35.49947130000055,0.7172569749991453,True,True,time_limit,True,runtime_kim_csv:165
Runtime-budget comparison,Kim augmented LNS,kroA150_gen2_m2,1,,36.216728274999696,35.4923937094997,181,4286.0,4335.0,1.130334486735871,13241.357682110513,70,35.4925903000003,0.7241379749993939,True,True,time_limit,True,runtime_kim_csv:166
Runtime-budget comparison,Kim augmented LNS,kroA150_gen2_m2,2,,36.216728274999696,35.4923937094997,185,4317.0,4335.0,0.41522491349480967,13205.872139428722,71,35.501203600000736,0.7155246749989601,True,True,time_limit,True,runtime_kim_csv:167
Runtime-budget comparison,Kim augmented LNS,kroA150_gen2_m2,3,,36.216728274999696,35.4923937094997,181,4248.0,4335.0,2.0069204152249136,13237.671863330674,68,35.49309099999937,0.7236372750003284,True,True,time_limit,True,runtime_kim_csv:168
Runtime-budget comparison,Kim augmented LNS,kroA150_gen3_m3,0,,23.301351624999825,22.801351624999825,130,2722.0,2726.0,0.1467351430667645,13172.046579046942,68,22.823676399999385,0.47767522500043924,True,True,time_limit,True,runtime_kim_csv:169
Runtime-budget comparison,Kim augmented LNS,kroA150_gen3_m3,1,,23.301351624999825,22.801351624999825,124,2713.0,2726.0,0.4768892149669846,13145.517165964582,67,22.845057100000304,0.45629452499952095,True,True,time_limit,True,runtime_kim_csv:170
Runtime-budget comparison,Kim augmented LNS,kroA150_gen3_m3,2,,23.301351624999825,22.801351624999825,132,2692.0,2726.0,1.247248716067498,13191.898998999308,68,22.80662630000006,0.49472532499976296,True,True,time_limit,True,runtime_kim_csv:171
Runtime-budget comparison,Kim augmented LNS,kroA150_gen3_m3,3,,23.301351624999825,22.801351624999825,124,2665.0,2726.0,2.2377109317681585,13240.300174647207,64,22.823117200000524,0.47823442499930024,True,True,time_limit,True,runtime_kim_csv:172
Runtime-budget comparison,Kim augmented LNS,kroA200_gen1_m4,0,,23.759642525000118,23.259642525000118,84,80.0,81.0,1.2345679012345678,14482.373013933175,80,23.26004760000069,0.49959492499942826,True,True,time_limit,True,runtime_kim_csv:173
Runtime-budget comparison,Kim augmented LNS,kroA200_gen1_m4,1,,23.759642525000118,23.259642525000118,79,79.0,81.0,2.4691358024691357,14471.172701048421,79,23.260022800000115,0.4996197250000023,True,True,time_limit,True,runtime_kim_csv:174
Runtime-budget comparison,Kim augmented LNS,kroA200_gen1_m4,2,,23.759642525000118,23.259642525000118,82,79.0,81.0,2.4691358024691357,14528.133508306379,79,23.259893999999804,0.49974852500031375,True,True,time_limit,True,runtime_kim_csv:175
Runtime-budget comparison,Kim augmented LNS,kroA200_gen1_m4,3,,23.759642525000118,23.259642525000118,79,78.0,81.0,3.7037037037037037,14545.885303682264,78,23.323889899999813,0.43575262500030476,True,True,time_limit,True,runtime_kim_csv:176
Runtime-budget comparison,Kim augmented LNS,kroB200_gen1_m2,0,,41.53134917500006,40.700722191500056,61,99.0,111.0,10.81081081081081,14563.388703285365,99,40.839940200000456,0.6914089749996037,True,True,time_limit,True,runtime_kim_csv:177
Runtime-budget comparison,Kim augmented LNS,kroB200_gen1_m2,1,,41.53134917500006,40.700722191500056,66,104.0,111.0,6.306306306306307,14685.194335020466,104,40.798840700000255,0.7325084749998041,True,True,time_limit,True,runtime_kim_csv:178
Runtime-budget comparison,Kim augmented LNS,kroB200_gen1_m2,2,,41.53134917500006,40.700722191500056,63,103.0,111.0,7.207207207207207,14626.064313077253,103,40.75275650000003,0.7785926750000272,True,True,time_limit,True,runtime_kim_csv:179
Runtime-budget comparison,Kim augmented LNS,kroB200_gen1_m2,3,,41.53134917500006,40.700722191500056,66,103.0,111.0,7.207207207207207,14601.57358973872,103,40.82608600000003,0.7052631750000273,True,True,time_limit,True,runtime_kim_csv:180
Runtime-budget comparison,Kim augmented LNS,kroB200_gen2_m2,0,,62.08210577499972,60.840463659499726,117,6030.0,6185.0,2.506063055780113,14700.488004568786,103,60.855244700000185,1.2268610749995332,True,True,time_limit,True,runtime_kim_csv:181
Runtime-budget comparison,Kim augmented LNS,kroB200_gen2_m2,1,,62.08210577499972,60.840463659499726,100,6058.0,6185.0,2.053354890864996,14705.092324715431,107,60.84095789999992,1.2411478749997968,True,True,time_limit,True,runtime_kim_csv:182
Runtime-budget comparison,Kim augmented LNS,kroB200_gen2_m2,2,,62.08210577499972,60.840463659499726,112,6008.0,6185.0,2.8617623282134197,14684.851207956046,104,60.87512619999961,1.2069795750001049,True,True,time_limit,True,runtime_kim_csv:183
Runtime-budget comparison,Kim augmented LNS,kroB200_gen2_m2,3,,62.08210577499972,60.840463659499726,100,6094.0,6185.0,1.471301535974131,14685.140355545538,103,60.8932692999997,1.1888364750000164,True,True,time_limit,True,runtime_kim_csv:184
Runtime-budget comparison,Kim augmented LNS,kroB200_gen2_m4,0,,32.196645024999725,31.55271212449973,93,4826.0,4944.0,2.3867313915857604,14567.672574161516,84,31.614758200000324,0.5818868249994011,True,True,time_limit,True,runtime_kim_csv:185
Runtime-budget comparison,Kim augmented LNS,kroB200_gen2_m4,1,,32.196645024999725,31.55271212449973,88,4930.0,4944.0,0.28317152103559873,14502.527391139756,88,31.578396199999588,0.618248825000137,True,True,time_limit,True,runtime_kim_csv:186
Runtime-budget comparison,Kim augmented LNS,kroB200_gen2_m4,2,,32.196645024999725,31.55271212449973,88,4825.0,4944.0,2.406957928802589,14578.043588091961,83,31.557331900000463,0.6393131249992621,True,True,time_limit,True,runtime_kim_csv:187
Runtime-budget comparison,Kim augmented LNS,kroB200_gen2_m4,3,,32.196645024999725,31.55271212449973,93,4879.0,4944.0,1.314724919093851,14418.517359259706,87,31.58683530000053,0.6098097249991952,True,True,time_limit,True,runtime_kim_csv:188
Runtime-budget comparison,Kim augmented LNS,kroB200_gen3_m2,0,,37.97947245,37.219883001,48,3815.0,4765.0,19.937040923399792,14706.39257401039,96,37.30195129999993,0.6775211500000751,True,True,time_limit,True,runtime_kim_csv:189
Runtime-budget comparison,Kim augmented LNS,kroB200_gen3_m2,1,,37.97947245,37.219883001,50,3642.0,4765.0,23.567681007345225,14708.092181244338,95,37.24566500000037,0.733807449999631,True,True,time_limit,True,runtime_kim_csv:190
Runtime-budget comparison,Kim augmented LNS,kroB200_gen3_m2,2,,37.97947245,37.219883001,58,4620.0,4765.0,3.04302203567681,14706.324378182873,84,37.29538919999959,0.6840832500004126,True,True,time_limit,True,runtime_kim_csv:191
Runtime-budget comparison,Kim augmented LNS,kroB200_gen3_m2,3,,37.97947245,37.219883001,48,3808.0,4765.0,20.083945435466948,14648.401832742282,100,37.31005769999956,0.6694147500004419,True,True,time_limit,True,runtime_kim_csv:192
Runtime-budget comparison,Kim augmented LNS,kroB200_gen3_m3,0,,40.62570832500023,39.81319415850023,64,2854.0,3028.0,5.746367239101717,14697.267966622008,100,39.88340599999992,0.7423023250003098,True,True,time_limit,True,runtime_kim_csv:193
Runtime-budget comparison,Kim augmented LNS,kroB200_gen3_m3,1,,40.62570832500023,39.81319415850023,68,2918.0,3028.0,3.6327608982826947,14690.266980620698,98,39.86162599999989,0.764082325000345,True,True,time_limit,True,runtime_kim_csv:194
Runtime-budget comparison,Kim augmented LNS,kroB200_gen3_m3,2,,40.62570832500023,39.81319415850023,71,2792.0,3028.0,7.793923381770146,14639.638827955894,90,39.873957700000574,0.7517506249996586,True,True,time_limit,True,runtime_kim_csv:195
Runtime-budget comparison,Kim augmented LNS,kroB200_gen3_m3,3,,40.62570832500023,39.81319415850023,67,2783.0,3028.0,8.09114927344782,14673.81761899986,92,39.89279280000028,0.732915524999953,True,True,time_limit,True,runtime_kim_csv:196
Runtime-budget comparison,Kim augmented LNS,lin318_gen1_m2,0,,101.44979787500006,99.44979787500006,33,164.0,180.0,8.88888888888889,20941.560313276208,164,100.13720330000069,1.3125945749993662,True,True,time_limit,True,runtime_kim_csv:197
Runtime-budget comparison,Kim augmented LNS,lin318_gen1_m2,1,,101.44979787500006,99.44979787500006,31,161.0,180.0,10.555555555555555,20988.75917123285,161,99.8737172000001,1.5760806749999574,True,True,time_limit,True,runtime_kim_csv:198
Runtime-budget comparison,Kim augmented LNS,lin318_gen1_m2,2,,101.44979787500006,99.44979787500006,37,165.0,180.0,8.333333333333334,20921.14479483825,165,99.47187470000063,1.9779231749994324,True,True,time_limit,True,runtime_kim_csv:199
Runtime-budget comparison,Kim augmented LNS,lin318_gen1_m2,3,,101.44979787500006,99.44979787500006,35,162.0,180.0,10.0,20984.564307657936,162,99.65732180000032,1.7924760749997404,True,True,time_limit,True,runtime_kim_csv:200
Runtime-budget comparison,Kim augmented LNS,lin318_gen1_m3,0,,70.91047490000028,69.49226540200027,34,147.0,149.0,1.342281879194631,20849.753612820885,147,69.58842209999966,1.3220528000006198,True,True,time_limit,True,runtime_kim_csv:201
Runtime-budget comparison,Kim augmented LNS,lin318_gen1_m3,1,,70.91047490000028,69.49226540200027,30,141.0,149.0,5.369127516778524,20960.545423360545,141,69.71651490000022,1.193960000000061,True,True,time_limit,True,runtime_kim_csv:202
Runtime-budget comparison,Kim augmented LNS,lin318_gen1_m3,2,,70.91047490000028,69.49226540200027,35,141.0,149.0,5.369127516778524,20842.036672226925,141,69.49259800000073,1.4178768999995555,True,True,time_limit,True,runtime_kim_csv:203
Runtime-budget comparison,Kim augmented LNS,lin318_gen1_m3,3,,70.91047490000028,69.49226540200027,36,138.0,149.0,7.382550335570469,20788.239771774253,138,69.92379449999953,0.9866804000007505,True,True,time_limit,True,runtime_kim_csv:204
Runtime-budget comparison,Kim augmented LNS,lin318_gen2_m2,0,,162.0738855000002,160.0738855000002,52,8451.0,9544.0,11.45222129086337,20972.36176566226,162,160.14387100000022,1.9300144999999702,True,True,time_limit,True,runtime_kim_csv:205
Runtime-budget comparison,Kim augmented LNS,lin318_gen2_m2,1,,162.0738855000002,160.0738855000002,50,8600.0,9544.0,9.89103101424979,21015.253065874822,162,160.2749335999997,1.7989519000004748,True,True,time_limit,True,runtime_kim_csv:206
Runtime-budget comparison,Kim augmented LNS,lin318_gen2_m2,2,,162.0738855000002,160.0738855000002,48,8481.0,9544.0,11.13788767812238,21018.652198938402,159,160.34722280000005,1.7266627000001336,True,True,time_limit,True,runtime_kim_csv:207
Runtime-budget comparison,Kim augmented LNS,lin318_gen2_m2,3,,162.0738855000002,160.0738855000002,49,8452.0,9544.0,11.441743503772003,20990.614925283837,160,160.63983420000022,1.4340512999999646,True,True,time_limit,True,runtime_kim_csv:208
Runtime-budget comparison,Kim augmented LNS,lin318_gen2_m3,0,,85.28340412500006,83.57773604250006,25,7265.0,7807.0,6.94248751120789,20984.69608581993,135,83.58011259999967,1.7032915250003953,True,True,time_limit,True,runtime_kim_csv:209
Runtime-budget comparison,Kim augmented LNS,lin318_gen2_m3,1,,85.28340412500006,83.57773604250006,26,7080.0,7807.0,9.312155757653388,21032.151702922427,137,83.58834109999952,1.695063025000536,True,True,time_limit,True,runtime_kim_csv:210
Runtime-budget comparison,Kim augmented LNS,lin318_gen2_m3,2,,85.28340412500006,83.57773604250006,24,7228.0,7807.0,7.41642116049699,20987.439735882494,139,84.66725479999968,0.6161493250003787,True,True,time_limit,True,runtime_kim_csv:211
Runtime-budget comparison,Kim augmented LNS,lin318_gen2_m3,3,,85.28340412500006,83.57773604250006,27,7034.0,7807.0,9.901370564877674,21027.79919184925,135,83.82095209999989,1.4624520250001751,True,True,time_limit,True,runtime_kim_csv:212
Runtime-budget comparison,Kim augmented LNS,lin318_gen3_m2,0,,143.6197539499999,141.6197539499999,26,6134.0,7936.0,22.706653225806452,20915.978975524187,163,142.02039460000015,1.5993593499997587,True,True,time_limit,True,runtime_kim_csv:213
Runtime-budget comparison,Kim augmented LNS,lin318_gen3_m2,1,,143.6197539499999,141.6197539499999,21,6376.0,7936.0,19.657258064516128,21029.863301262994,154,141.85068850000062,1.7690654499992888,True,True,time_limit,True,runtime_kim_csv:214
Runtime-budget comparison,Kim augmented LNS,lin318_gen3_m2,2,,143.6197539499999,141.6197539499999,22,6586.0,7936.0,17.01108870967742,21037.889057837958,166,141.9756441999998,1.6441097500000978,True,True,time_limit,True,runtime_kim_csv:215
Runtime-budget comparison,Kim augmented LNS,lin318_gen3_m2,3,,143.6197539499999,141.6197539499999,24,6178.0,7936.0,22.152217741935484,21003.832156829267,160,141.79487900000004,1.8248749499998667,True,True,time_limit,True,runtime_kim_csv:216
Runtime-budget comparison,Kim augmented LNS,lin318_gen3_m4,0,,60.70490552499973,59.490807414499734,33,3758.0,3797.0,1.0271266789570714,20942.996250435688,121,59.82784670000001,0.8770588249997218,True,True,time_limit,True,runtime_kim_csv:217
Runtime-budget comparison,Kim augmented LNS,lin318_gen3_m4,1,,60.70490552499973,59.490807414499734,35,3745.0,3797.0,1.3695022386094284,20964.74562015533,120,59.87404829999923,0.8308572250005,True,True,time_limit,True,runtime_kim_csv:218
Runtime-budget comparison,Kim augmented LNS,lin318_gen3_m4,2,,60.70490552499973,59.490807414499734,31,3606.0,3797.0,5.0302870687384775,21000.308903268433,114,59.491273899999214,1.2136316250005166,True,True,time_limit,True,runtime_kim_csv:219
Runtime-budget comparison,Kim augmented LNS,lin318_gen3_m4,3,,60.70490552499973,59.490807414499734,29,3655.0,3797.0,3.7397945746642085,20885.239404173484,119,59.49441530000058,1.2104902249991483,True,True,time_limit,True,runtime_kim_csv:220
Runtime-budget comparison,Kim augmented LNS,pr136_gen1_m2,0,,15.963301450000017,15.463301450000017,121,61.0,63.0,3.1746031746031744,47863.67226813271,61,15.463521800000308,0.49977964999970936,True,True,time_limit,True,runtime_kim_csv:221
Runtime-budget comparison,Kim augmented LNS,pr136_gen1_m2,1,,15.963301450000017,15.463301450000017,137,62.0,63.0,1.5873015873015872,48193.93631918724,62,15.487349099999847,0.47595235000017055,True,True,time_limit,True,runtime_kim_csv:222
Runtime-budget comparison,Kim augmented LNS,pr136_gen1_m2,2,,15.963301450000017,15.463301450000017,128,62.0,63.0,1.5873015873015872,48055.52226982672,62,15.463481400000092,0.4998200499999257,True,True,time_limit,True,runtime_kim_csv:223
Runtime-budget comparison,Kim augmented LNS,pr136_gen1_m2,3,,15.963301450000017,15.463301450000017,126,62.0,63.0,1.5873015873015872,48125.45208280378,62,15.463449699999728,0.49985175000028903,True,True,time_limit,True,runtime_kim_csv:224
Runtime-budget comparison,Kim augmented LNS,pr136_gen2_m2,0,,19.648977925000054,19.148977925000054,138,3592.0,3646.0,1.4810751508502469,48076.47621175243,59,19.163807900000393,0.4851700249996611,True,True,time_limit,True,runtime_kim_csv:225
Runtime-budget comparison,Kim augmented LNS,pr136_gen2_m2,1,,19.648977925000054,19.148977925000054,139,3610.0,3646.0,0.9873834339001646,48199.276751901445,60,19.164279999999962,0.48469792500009135,True,True,time_limit,True,runtime_kim_csv:226
Runtime-budget comparison,Kim augmented LNS,pr136_gen2_m2,2,,19.648977925000054,19.148977925000054,142,3602.0,3646.0,1.206801974766868,48382.73578633276,60,19.149080099999992,0.49989782500006186,True,True,time_limit,True,runtime_kim_csv:227
Runtime-budget comparison,Kim augmented LNS,pr136_gen2_m2,3,,19.648977925000054,19.148977925000054,143,3597.0,3646.0,1.3439385628085574,48083.04507316742,59,19.149576499999966,0.49940142500008733,True,True,time_limit,True,runtime_kim_csv:228
Runtime-budget comparison,Kim augmented LNS,pr264_gen1_m4,0,,42.47028717500007,41.62088143150007,67,106.0,107.0,0.9345794392523364,24420.721059149077,106,41.71540360000017,0.7548835749998943,True,True,time_limit,True,runtime_kim_csv:229
Runtime-budget comparison,Kim augmented LNS,pr264_gen1_m4,1,,42.47028717500007,41.62088143150007,58,107.0,107.0,0.0,24485.97544170041,107,41.62118359999931,0.8491035750007541,True,True,time_limit,True,runtime_kim_csv:230
Runtime-budget comparison,Kim augmented LNS,pr264_gen1_m4,2,,42.47028717500007,41.62088143150007,66,106.0,107.0,0.9345794392523364,24383.76046956132,106,41.68125650000002,0.7890306750000491,True,True,time_limit,True,runtime_kim_csv:231
Runtime-budget comparison,Kim augmented LNS,pr264_gen1_m4,3,,42.47028717500007,41.62088143150007,64,106.0,107.0,0.9345794392523364,24255.80376800044,106,41.79020769999988,0.6800794750001842,True,True,time_limit,True,runtime_kim_csv:232
Runtime-budget comparison,Kim augmented LNS,pr264_gen2_m2,0,,103.4976217750002,101.4976217750002,117,6561.0,6635.0,1.115297663903542,24500.665305252267,127,101.49919539999973,1.998426375000463,True,True,time_limit,True,runtime_kim_csv:233
Runtime-budget comparison,Kim augmented LNS,pr264_gen2_m2,1,,103.4976217750002,101.4976217750002,86,6570.0,6635.0,0.9796533534287868,24496.685676073626,129,102.23203120000016,1.265590575000033,True,True,time_limit,True,runtime_kim_csv:234
Runtime-budget comparison,Kim augmented LNS,pr264_gen2_m2,2,,103.4976217750002,101.4976217750002,130,6516.0,6635.0,1.7935192162773173,23652.210368513555,128,102.15233529999932,1.3452864750008757,True,True,time_limit,True,runtime_kim_csv:235
Runtime-budget comparison,Kim augmented LNS,pr264_gen2_m2,3,,103.4976217750002,101.4976217750002,126,6516.0,6635.0,1.7935192162773173,23694.359761782638,128,101.50105429999985,1.9965674750003473,True,True,time_limit,True,runtime_kim_csv:236
Runtime-budget comparison,Kim augmented LNS,pr264_gen2_m3,0,,59.427914599999895,58.2393563079999,16,6208.0,6420.0,3.3021806853582554,24477.59183074496,118,58.38008059999993,1.0478339999999662,True,True,time_limit,True,runtime_kim_csv:237
Runtime-budget comparison,Kim augmented LNS,pr264_gen2_m3,1,,59.427914599999895,58.2393563079999,19,6331.0,6420.0,1.3862928348909658,24505.74752364093,120,58.62538769999992,0.8025268999999753,True,True,time_limit,True,runtime_kim_csv:238
Runtime-budget comparison,Kim augmented LNS,pr264_gen2_m3,2,,59.427914599999895,58.2393563079999,20,6339.0,6420.0,1.2616822429906542,24492.977983428915,120,58.32136590000027,1.106548699999621,True,True,time_limit,True,runtime_kim_csv:239
Runtime-budget comparison,Kim augmented LNS,pr264_gen2_m3,3,,59.427914599999895,58.2393563079999,21,6235.0,6420.0,2.8816199376947043,24485.60668354707,120,58.703001900000345,0.7249126999995497,True,True,time_limit,True,runtime_kim_csv:240
Runtime-budget comparison,Kim augmented LNS,pr264_gen2_m4,0,,59.24541129999989,58.06050307399989,25,5416.0,5584.0,3.008595988538682,24396.71121951606,106,58.20957659999931,1.0358347000005779,True,True,time_limit,True,runtime_kim_csv:241
Runtime-budget comparison,Kim augmented LNS,pr264_gen2_m4,1,,59.24541129999989,58.06050307399989,24,5381.0,5584.0,3.6353868194842405,24358.0797657314,106,58.363466300000255,0.8819449999996323,True,True,time_limit,True,runtime_kim_csv:242
Runtime-budget comparison,Kim augmented LNS,pr264_gen2_m4,2,,59.24541129999989,58.06050307399989,25,5381.0,5584.0,3.6353868194842405,24315.816475445765,106,58.06185220000043,1.1835590999994565,True,True,time_limit,True,runtime_kim_csv:243
Runtime-budget comparison,Kim augmented LNS,pr264_gen2_m4,3,,59.24541129999989,58.06050307399989,28,5398.0,5584.0,3.330945558739255,24463.768263510523,104,58.45207129999926,0.7933400000006259,True,True,time_limit,True,runtime_kim_csv:244
Runtime-budget comparison,Kim augmented LNS,pr264_gen3_m3,0,,65.92646522500013,64.60793592050013,13,2733.0,2772.0,1.406926406926407,24485.27740145493,120,65.21437540000079,0.7120898249993388,True,True,time_limit,True,runtime_kim_csv:245
Runtime-budget comparison,Kim augmented LNS,pr264_gen3_m3,1,,65.92646522500013,64.60793592050013,20,2695.0,2772.0,2.7777777777777777,24475.016159458093,121,64.60826450000059,1.3182007249995422,True,True,time_limit,True,runtime_kim_csv:246
Runtime-budget comparison,Kim augmented LNS,pr264_gen3_m3,2,,65.92646522500013,64.60793592050013,19,2707.0,2772.0,2.344877344877345,24488.625265402745,122,64.94636829999945,0.9800969250006801,True,True,time_limit,True,runtime_kim_csv:247
Runtime-budget comparison,Kim augmented LNS,pr264_gen3_m3,3,,65.92646522500013,64.60793592050013,21,2667.0,2772.0,3.787878787878788,24101.052667694756,118,64.61005169999953,1.3164135250005984,True,True,time_limit,True,runtime_kim_csv:248
Runtime-budget comparison,Kim augmented LNS,pr299_gen1_m2,0,,73.08424942499983,71.62256443649983,9,133.0,139.0,4.316546762589928,23911.57531404961,133,72.09156989999974,0.992679525000085,True,True,time_limit,True,runtime_kim_csv:249
Runtime-budget comparison,Kim augmented LNS,pr299_gen1_m2,1,,73.08424942499983,71.62256443649983,12,132.0,139.0,5.0359712230215825,23884.22657017632,132,72.07955420000144,1.004695224998386,True,True,time_limit,True,runtime_kim_csv:250
Runtime-budget comparison,Kim augmented LNS,pr299_gen1_m2,2,,73.08424942499983,71.62256443649983,8,134.0,139.0,3.597122302158273,24057.699775905665,134,72.23548979999941,0.8487596250004117,True,True,time_limit,True,runtime_kim_csv:251
Runtime-budget comparison,Kim augmented LNS,pr299_gen1_m2,3,,73.08424942499983,71.62256443649983,8,133.0,139.0,4.316546762589928,23913.455253838845,133,71.64591050000126,1.4383389249985612,True,True,time_limit,True,runtime_kim_csv:252
Runtime-budget comparison,Kim augmented LNS,pr299_gen1_m3,0,,48.98347787499961,48.00380831749962,38,104.0,111.0,6.306306306306307,23829.091345683184,104,48.1607213999996,0.8227564750000056,True,True,time_limit,True,runtime_kim_csv:253
Runtime-budget comparison,Kim augmented LNS,pr299_gen1_m3,1,,48.98347787499961,48.00380831749962,40,104.0,111.0,6.306306306306307,23690.091048550144,104,48.00452360000054,0.9789542749990687,True,True,time_limit,True,runtime_kim_csv:254
Runtime-budget comparison,Kim augmented LNS,pr299_gen1_m3,2,,48.98347787499961,48.00380831749962,43,107.0,111.0,3.6036036036036037,23984.301569997442,107,48.2352819000007,0.7481959749989073,True,True,time_limit,True,runtime_kim_csv:255
Runtime-budget comparison,Kim augmented LNS,pr299_gen1_m3,3,,48.98347787499961,48.00380831749962,30,108.0,111.0,2.7027027027027026,23968.87062253175,108,48.174197899999854,0.8092799749997539,True,True,time_limit,True,runtime_kim_csv:256
Runtime-budget comparison,Kim augmented LNS,pr299_gen1_m4,0,,33.69549555000003,33.02158563900003,51,81.0,84.0,3.5714285714285716,23981.023774475205,81,33.021761400001196,0.6737341499988361,True,True,time_limit,True,runtime_kim_csv:257
Runtime-budget comparison,Kim augmented LNS,pr299_gen1_m4,1,,33.69549555000003,33.02158563900003,50,81.0,84.0,3.5714285714285716,23688.474567860394,81,33.038175699999556,0.6573198500004764,True,True,time_limit,True,runtime_kim_csv:258
Runtime-budget comparison,Kim augmented LNS,pr299_gen1_m4,2,,33.69549555000003,33.02158563900003,56,83.0,84.0,1.1904761904761905,23964.11150609395,83,33.115199399999256,0.5802961500007768,True,True,time_limit,True,runtime_kim_csv:259
Runtime-budget comparison,Kim augmented LNS,pr299_gen1_m4,3,,33.69549555000003,33.02158563900003,55,81.0,84.0,3.5714285714285716,23855.181186486163,81,33.18770130000121,0.5077942499988239,True,True,time_limit,True,runtime_kim_csv:260
Runtime-budget comparison,Kim augmented LNS,pr299_gen2_m3,0,,58.31247112500023,57.14622170250023,45,5801.0,6018.0,3.6058491193087403,24066.660469484872,107,57.235716799999864,1.0767543250003655,True,True,time_limit,True,runtime_kim_csv:261
Runtime-budget comparison,Kim augmented LNS,pr299_gen2_m3,1,,58.31247112500023,57.14622170250023,41,5690.0,6018.0,5.450315719508143,23983.335791162055,105,57.32815929999924,0.9843118250009866,True,True,time_limit,True,runtime_kim_csv:262
Runtime-budget comparison,Kim augmented LNS,pr299_gen2_m3,2,,58.31247112500023,57.14622170250023,46,5869.0,6018.0,2.4759056164838817,24049.571623507745,103,57.25740340000084,1.0550677249993896,True,True,time_limit,True,runtime_kim_csv:263
Runtime-budget comparison,Kim augmented LNS,pr299_gen2_m3,3,,58.31247112500023,57.14622170250023,42,5792.0,6018.0,3.755400465270854,24066.81192511914,105,57.321376599998985,0.9910945250012446,True,True,time_limit,True,runtime_kim_csv:264
Runtime-budget comparison,Kim augmented LNS,pr299_gen2_m4,0,,36.81183002500029,36.07559342450028,47,4434.0,4457.0,0.5160421808391294,24060.393079892092,79,36.13138070000059,0.6804493249996995,True,True,time_limit,True,runtime_kim_csv:265
Runtime-budget comparison,Kim augmented LNS,pr299_gen2_m4,1,,36.81183002500029,36.07559342450028,38,4428.0,4457.0,0.6506618801884676,24043.857607733098,81,36.0757451999998,0.7360848250004892,True,True,time_limit,True,runtime_kim_csv:266
Runtime-budget comparison,Kim augmented LNS,pr299_gen2_m4,2,,36.81183002500029,36.07559342450028,48,4437.0,4457.0,0.4487323311644604,24010.200568671673,80,36.0758721000002,0.7359579250000934,True,True,time_limit,True,runtime_kim_csv:267
Runtime-budget comparison,Kim augmented LNS,pr299_gen2_m4,3,,36.81183002500029,36.07559342450028,44,4404.0,4457.0,1.18914067758582,24017.402368387877,77,36.07571690000077,0.7361131249995196,True,True,time_limit,True,runtime_kim_csv:268
Runtime-budget comparison,Kim augmented LNS,pr299_gen3_m2,0,,129.8826262249995,127.88262622499951,41,4908.0,5729.0,14.330598708326061,24088.238155978015,134,128.0491716000015,1.8334546249980122,True,True,time_limit,True,runtime_kim_csv:269
Runtime-budget comparison,Kim augmented LNS,pr299_gen3_m2,1,,129.8826262249995,127.88262622499951,51,4965.0,5729.0,13.335660673765055,24072.146389011785,133,128.2383714000007,1.644254824998825,True,True,time_limit,True,runtime_kim_csv:270
Runtime-budget comparison,Kim augmented LNS,pr299_gen3_m2,2,,129.8826262249995,127.88262622499951,40,4825.0,5729.0,15.779368127072788,24063.287135436352,134,128.28606539999964,1.5965608249998695,True,True,time_limit,True,runtime_kim_csv:271
Runtime-budget comparison,Kim augmented LNS,pr299_gen3_m2,3,,129.8826262249995,127.88262622499951,49,4800.0,5729.0,16.2157444580206,24034.5793638634,127,128.40377739999894,1.4788488250005685,True,True,time_limit,True,runtime_kim_csv:272
Runtime-budget comparison,Kim augmented LNS,pr299_gen3_m3,0,,67.10188205000031,65.75984440900031,35,3533.0,3655.0,3.337893296853625,24052.225987257334,104,65.9152836000012,1.18659844999911,True,True,time_limit,True,runtime_kim_csv:273
Runtime-budget comparison,Kim augmented LNS,pr299_gen3_m3,1,,67.10188205000031,65.75984440900031,42,3378.0,3655.0,7.578659370725034,24068.354997378177,104,65.97608270000092,1.1257993499993972,True,True,time_limit,True,runtime_kim_csv:274
Runtime-budget comparison,Kim augmented LNS,pr299_gen3_m3,2,,67.10188205000031,65.75984440900031,45,3386.0,3655.0,7.359781121751026,24064.609261208454,106,65.83576530000028,1.2661167500000374,True,True,time_limit,True,runtime_kim_csv:275
Runtime-budget comparison,Kim augmented LNS,pr299_gen3_m3,3,,67.10188205000031,65.75984440900031,38,3444.0,3655.0,5.772913816689466,24070.86021311531,105,65.94245000000046,1.1594320499998503,True,True,time_limit,True,runtime_kim_csv:276
Runtime-budget comparison,Kim augmented LNS,pr299_gen3_m4,0,,39.1256511749998,38.34313815149981,42,2222.0,2268.0,2.0282186948853616,24049.135187769207,80,38.34348089999912,0.7821702750006807,True,True,time_limit,True,runtime_kim_csv:277
Runtime-budget comparison,Kim augmented LNS,pr299_gen3_m4,1,,39.1256511749998,38.34313815149981,32,2248.0,2268.0,0.8818342151675485,24019.38073101413,82,38.343548400000145,0.7821027749996574,True,True,time_limit,True,runtime_kim_csv:278
Runtime-budget comparison,Kim augmented LNS,pr299_gen3_m4,2,,39.1256511749998,38.34313815149981,43,2254.0,2268.0,0.6172839506172839,24035.98333983719,82,38.43072530000063,0.6949258749991714,True,True,time_limit,True,runtime_kim_csv:279
Runtime-budget comparison,Kim augmented LNS,pr299_gen3_m4,3,,39.1256511749998,38.34313815149981,38,2238.0,2268.0,1.3227513227513228,24034.14180870432,81,38.34362379999948,0.7820273750003253,True,True,time_limit,True,runtime_kim_csv:280
Runtime-budget comparison,Kim augmented LNS,rat195_gen2_m2,0,,39.65561865000018,38.86250627700017,92,5055.0,5148.0,1.8065268065268065,1161.0142018354036,86,38.945718099999795,0.7099005500003841,True,True,time_limit,True,runtime_kim_csv:281
Runtime-budget comparison,Kim augmented LNS,rat195_gen2_m2,1,,39.65561865000018,38.86250627700017,84,5006.0,5148.0,2.7583527583527583,1159.8583161310316,85,38.9356370000005,0.7199816499996814,True,True,time_limit,True,runtime_kim_csv:282
Runtime-budget comparison,Kim augmented LNS,rat195_gen2_m2,2,,39.65561865000018,38.86250627700017,91,4980.0,5148.0,3.2634032634032635,1161.9983588778468,86,38.92955600000096,0.7260626499992213,True,True,time_limit,True,runtime_kim_csv:283
Runtime-budget comparison,Kim augmented LNS,rat195_gen2_m2,3,,39.65561865000018,38.86250627700017,88,5017.0,5148.0,2.5446775446775445,1161.5968216518972,84,38.87798870000006,0.7776299500001187,True,True,time_limit,True,runtime_kim_csv:284
Runtime-budget comparison,Kim augmented LNS,rat195_gen3_m3,0,,33.92039642500049,33.24198849650048,84,2527.0,2574.0,1.825951825951826,1155.6163253829811,80,33.24223250000068,0.6781639249998079,True,True,time_limit,True,runtime_kim_csv:285
Runtime-budget comparison,Kim augmented LNS,rat195_gen3_m3,1,,33.92039642500049,33.24198849650048,88,2481.0,2574.0,3.613053613053613,1154.0966825877726,76,33.24423209999986,0.6761643250006273,True,True,time_limit,True,runtime_kim_csv:286
Runtime-budget comparison,Kim augmented LNS,rat195_gen3_m3,2,,33.92039642500049,33.24198849650048,92,2475.0,2574.0,3.8461538461538463,1155.482519431133,80,33.311869100001786,0.608527324998704,True,True,time_limit,True,runtime_kim_csv:287
Runtime-budget comparison,Kim augmented LNS,rat195_gen3_m3,3,,33.92039642500049,33.24198849650048,87,2502.0,2574.0,2.797202797202797,1159.115688075773,80,33.264416699999856,0.6559797250006341,True,True,time_limit,True,runtime_kim_csv:288
Runtime-budget comparison,Kim augmented LNS,rd400_gen1_m2,0,,223.00533550000046,221.00533550000046,15,214.0,232.0,7.758620689655173,7585.999675215021,214,221.00684340000043,1.9984921000000213,True,True,time_limit,True,runtime_kim_csv:289
Runtime-budget comparison,Kim augmented LNS,rd400_gen1_m2,1,,223.00533550000046,221.00533550000046,14,215.0,232.0,7.327586206896552,7589.884325270346,215,222.01470699999845,0.9906285000020034,True,True,time_limit,True,runtime_kim_csv:290
Runtime-budget comparison,Kim augmented LNS,rd400_gen1_m2,2,,223.00533550000046,221.00533550000046,20,217.0,232.0,6.4655172413793105,7596.290302740064,217,221.1666914999987,1.83864400000175,True,True,time_limit,True,runtime_kim_csv:291
Runtime-budget comparison,Kim augmented LNS,rd400_gen1_m2,3,,223.00533550000046,221.00533550000046,13,213.0,232.0,8.189655172413794,7629.548615191066,213,222.75190809999913,0.25342740000132835,True,True,time_limit,True,runtime_kim_csv:292
Runtime-budget comparison,Kim augmented LNS,rd400_gen1_m3,0,,185.6676365999997,183.6676365999997,16,211.0,224.0,5.803571428571429,7626.375659303312,211,184.69940970000061,0.9682268999990811,True,True,time_limit,True,runtime_kim_csv:293
Runtime-budget comparison,Kim augmented LNS,rd400_gen1_m3,1,,185.6676365999997,183.6676365999997,18,209.0,224.0,6.696428571428571,7615.534273104219,209,183.67202259999976,1.9956139999999323,True,True,time_limit,True,runtime_kim_csv:294
Runtime-budget comparison,Kim augmented LNS,rd400_gen1_m3,2,,185.6676365999997,183.6676365999997,19,210.0,224.0,6.25,7612.2216610849355,210,183.66825059999974,1.9993859999999586,True,True,time_limit,True,runtime_kim_csv:295
Runtime-budget comparison,Kim augmented LNS,rd400_gen1_m3,3,,185.6676365999997,183.6676365999997,20,209.0,224.0,6.696428571428571,7589.990887055707,209,183.92340089999925,1.744235700000445,True,True,time_limit,True,runtime_kim_csv:296
Runtime-budget comparison,Kim augmented LNS,rd400_gen1_m4,0,,158.66772430000037,156.66772430000037,23,201.0,213.0,5.633802816901408,7557.378581474002,201,156.92831920000026,1.7394051000001127,True,True,time_limit,True,runtime_kim_csv:297
Runtime-budget comparison,Kim augmented LNS,rd400_gen1_m4,1,,158.66772430000037,156.66772430000037,21,205.0,213.0,3.755868544600939,7593.812227574723,205,157.7769651999988,0.89075910000156,True,True,time_limit,True,runtime_kim_csv:298
Runtime-budget comparison,Kim augmented LNS,rd400_gen1_m4,2,,158.66772430000037,156.66772430000037,27,194.0,213.0,8.92018779342723,7552.788262689062,194,157.55342420000125,1.1143000999991273,True,True,time_limit,True,runtime_kim_csv:299
Runtime-budget comparison,Kim augmented LNS,rd400_gen1_m4,3,,158.66772430000037,156.66772430000037,20,198.0,213.0,7.042253521126761,7610.5489938261435,198,157.3701248999987,1.2975994000016726,True,True,time_limit,True,runtime_kim_csv:300
Runtime-budget comparison,Kim augmented LNS,rd400_gen2_m2,0,,263.8937799750006,261.8937799750006,29,11304.0,13045.0,13.34610962054427,7635.952311853592,199,262.13158600000133,1.7621939749992634,True,True,time_limit,True,runtime_kim_csv:301
Runtime-budget comparison,Kim augmented LNS,rd400_gen2_m2,1,,263.8937799750006,261.8937799750006,21,11430.0,13045.0,12.38022230739747,7639.422003663283,201,262.4754611999997,1.4183187750008983,True,True,time_limit,True,runtime_kim_csv:302
Runtime-budget comparison,Kim augmented LNS,rd400_gen2_m2,2,,263.8937799750006,261.8937799750006,30,11258.0,13045.0,13.698735147566117,7634.310222979619,202,263.3152366000013,0.578543374999299,True,True,time_limit,True,runtime_kim_csv:303
Runtime-budget comparison,Kim augmented LNS,rd400_gen2_m2,3,,263.8937799750006,261.8937799750006,29,11604.0,13045.0,11.046377922575699,7636.459003938833,206,263.38240759999826,0.5113723750023382,True,True,time_limit,True,runtime_kim_csv:304
Runtime-budget comparison,Kim augmented LNS,rd400_gen2_m3,0,,211.91072160000067,209.91072160000067,29,11531.0,12646.0,8.817017238652538,7636.01608479562,200,210.63736869999957,1.2733529000011004,True,True,time_limit,True,runtime_kim_csv:305
Runtime-budget comparison,Kim augmented LNS,rd400_gen2_m3,1,,211.91072160000067,209.91072160000067,29,11394.0,12646.0,9.900363751383837,7630.814467597103,192,210.52445110000008,1.3862705000005917,True,True,time_limit,True,runtime_kim_csv:306
Runtime-budget comparison,Kim augmented LNS,rd400_gen2_m3,2,,211.91072160000067,209.91072160000067,31,11531.0,12646.0,8.817017238652538,7629.386130920302,204,209.91563139999926,1.995090200001414,True,True,time_limit,True,runtime_kim_csv:307
Runtime-budget comparison,Kim augmented LNS,rd400_gen2_m3,3,,211.91072160000067,209.91072160000067,24,11565.0,12646.0,8.548157520164478,7638.6405907474345,203,211.06118070000048,0.8495409000001928,True,True,time_limit,True,runtime_kim_csv:308
Runtime-budget comparison,Kim augmented LNS,rd400_gen2_m4,0,,154.48436360000005,152.48436360000005,25,10690.0,12032.0,11.153590425531915,7626.984225863345,189,152.499748799999,1.9846148000010544,True,True,time_limit,True,runtime_kim_csv:309
Runtime-budget comparison,Kim augmented LNS,rd400_gen2_m4,1,,154.48436360000005,152.48436360000005,27,10850.0,12032.0,9.823803191489361,7625.9649752920395,189,153.30924529999902,1.1751183000010315,True,True,time_limit,True,runtime_kim_csv:310
Runtime-budget comparison,Kim augmented LNS,rd400_gen2_m4,2,,154.48436360000005,152.48436360000005,21,10645.0,12032.0,11.527593085106384,7633.61099012895,180,153.05063250000057,1.433731099999477,True,True,time_limit,True,runtime_kim_csv:311
Runtime-budget comparison,Kim augmented LNS,rd400_gen2_m4,3,,154.48436360000005,152.48436360000005,26,10639.0,12032.0,11.57746010638298,7626.454254131751,190,152.71474080000007,1.7696227999999792,True,True,time_limit,True,runtime_kim_csv:312
Runtime-budget comparison,Kim augmented LNS,rd400_gen3_m2,0,,261.92568397499963,259.92568397499963,20,10516.0,12431.0,15.405035797602768,7640.391024793496,207,261.06237319999855,0.8633107750010822,True,True,time_limit,True,runtime_kim_csv:313
Runtime-budget comparison,Kim augmented LNS,rd400_gen3_m2,1,,261.92568397499963,257.92568397499963,28,10677.0,12431.0,14.109886573887861,7634.705895891322,208,258.1859132999998,3.739770674999818,True,True,time_limit,True,runtime_kim_csv:314
Runtime-budget comparison,Kim augmented LNS,rd400_gen3_m2,2,,261.92568397499963,259.92568397499963,18,10660.0,12431.0,14.24664146086397,7637.5598626333085,206,261.8390141,0.08666987499964307,True,True,time_limit,True,runtime_kim_csv:315
Runtime-budget comparison,Kim augmented LNS,rd400_gen3_m2,3,,261.92568397499963,259.92568397499963,19,10016.0,12431.0,19.427238355723595,7633.595556277383,199,261.48398290000114,0.4417010749984911,True,True,time_limit,True,runtime_kim_csv:316
Runtime-budget comparison,Kim augmented LNS,rd400_gen3_m3,0,,201.04796192499998,199.04796192499998,19,9865.0,11639.0,15.241859266259988,7633.7788929030285,199,199.05244019999918,1.995521725000799,True,True,time_limit,True,runtime_kim_csv:317
Runtime-budget comparison,Kim augmented LNS,rd400_gen3_m3,1,,201.04796192499998,199.04796192499998,21,9333.0,11639.0,19.812698685454077,7633.12568078502,200,200.17614560000038,0.8718163249995996,True,True,time_limit,True,runtime_kim_csv:318
Runtime-budget comparison,Kim augmented LNS,rd400_gen3_m3,2,,201.04796192499998,199.04796192499998,16,9118.0,11639.0,21.659936420654695,7628.441512005269,197,200.23652410000068,0.8114378249993024,True,True,time_limit,True,runtime_kim_csv:319
Runtime-budget comparison,Kim augmented LNS,rd400_gen3_m3,3,,201.04796192499998,199.04796192499998,20,9646.0,11639.0,17.123464215138757,7635.76379705929,194,199.0524129000005,1.995549024999491,True,True,time_limit,True,runtime_kim_csv:320
Runtime-budget comparison,Kim augmented LNS,rd400_gen3_m4,0,,156.93396472500035,154.93396472500035,22,9189.0,10436.0,11.949022614028364,7632.851844014475,202,156.09662790000039,0.8373368249999658,True,True,time_limit,True,runtime_kim_csv:321
Runtime-budget comparison,Kim augmented LNS,rd400_gen3_m4,1,,156.93396472500035,154.93396472500035,18,9103.0,10436.0,12.773093139133767,7624.9902427134475,200,155.93196100000023,1.0020037250001224,True,True,time_limit,True,runtime_kim_csv:322
Runtime-budget comparison,Kim augmented LNS,rd400_gen3_m4,2,,156.93396472500035,154.93396472500035,24,9314.0,10436.0,10.751245688003067,7632.048433258584,196,155.00339490000079,1.9305698249995658,True,True,time_limit,True,runtime_kim_csv:323
Runtime-budget comparison,Kim augmented LNS,rd400_gen3_m4,3,,156.93396472500035,154.93396472500035,20,9245.0,10436.0,11.412418551169031,7624.585008238043,201,155.20845369999915,1.7255110250011967,True,True,time_limit,True,runtime_kim_csv:324
Runtime-budget comparison,Kim augmented LNS,ts225_gen2_m2,0,,58.3808446500002,57.2132277570002,102,5657.0,5859.0,3.4476873186550607,63003.62876624326,104,57.21858799999973,1.1622566500004723,True,True,time_limit,True,runtime_kim_csv:325
Runtime-budget comparison,Kim augmented LNS,ts225_gen2_m2,1,,58.3808446500002,57.2132277570002,96,5672.0,5859.0,3.1916709336064173,62951.45113247231,104,57.21436700000049,1.166477649999706,True,True,time_limit,True,runtime_kim_csv:326
Runtime-budget comparison,Kim augmented LNS,ts225_gen2_m2,2,,58.3808446500002,57.2132277570002,102,5763.0,5859.0,1.638504864311316,62983.194771102484,109,57.23166630000014,1.1491783500000565,True,True,time_limit,True,runtime_kim_csv:327
Runtime-budget comparison,Kim augmented LNS,ts225_gen2_m2,3,,58.3808446500002,57.2132277570002,101,5808.0,5859.0,0.8704557091653866,62943.4372061674,110,57.21437500000138,1.1664696499988167,True,True,time_limit,True,runtime_kim_csv:328
Runtime-budget comparison,PyVRP,bier127_gen1_m2,0,2500,26.947047625000096,26.697047625000096,140916,85.0,106.0,19.81132075471698,58947.907100359225,85,26.704363700002432,0.24268392499766378,True,,hard_wall,True,runtime_4methods_csv:9
Runtime-budget comparison,PyVRP,bier127_gen1_m2,1,2500,26.947047625000096,26.697047625000096,145318,88.0,106.0,16.9811320754717,59002.85913775791,88,26.703608800002257,0.2434388249978383,True,,hard_wall,True,runtime_4methods_csv:10
Runtime-budget comparison,PyVRP,bier127_gen1_m2,2,2500,26.947047625000096,26.697047625000096,145338,88.0,106.0,16.9811320754717,58998.64746431869,88,26.70413600000029,0.242911624999806,True,,hard_wall,True,runtime_4methods_csv:11
Runtime-budget comparison,PyVRP,bier127_gen1_m2,3,2500,26.947047625000096,26.697047625000096,141519,84.0,106.0,20.754716981132077,58884.19106706821,84,26.704944299999624,0.24210332500047116,True,,hard_wall,True,runtime_4methods_csv:12
Runtime-budget comparison,PyVRP,bier127_gen1_m3,0,2500,22.197212824999724,21.947212824999724,128400,74.0,103.0,28.155339805825243,58755.39859187479,74,21.953889200005506,0.24332362499421833,True,,hard_wall,True,runtime_4methods_csv:25
Runtime-budget comparison,PyVRP,bier127_gen1_m3,1,2500,22.197212824999724,21.947212824999724,129031,83.0,103.0,19.41747572815534,58859.68597032258,83,21.953720299999986,0.24349252499973773,True,,hard_wall,True,runtime_4methods_csv:26
Runtime-budget comparison,PyVRP,bier127_gen1_m3,2,2500,22.197212824999724,21.947212824999724,130409,84.0,103.0,18.446601941747574,58682.03795899336,84,21.953878899999836,0.24333392499988804,True,,hard_wall,True,runtime_4methods_csv:27
Runtime-budget comparison,PyVRP,bier127_gen1_m3,3,2500,22.197212824999724,21.947212824999724,131308,84.0,103.0,18.446601941747574,58730.07869095815,84,21.95357469999726,0.2436381250024624,True,,hard_wall,True,runtime_4methods_csv:28
Runtime-budget comparison,PyVRP,bier127_gen2_m2,0,2500,39.04240269999991,38.79240269999991,87041,5267.0,5464.0,3.605417276720351,58969.664858308024,98,38.79927199999656,0.24313070000334847,True,,hard_wall,True,runtime_4methods_csv:41
Runtime-budget comparison,PyVRP,bier127_gen2_m2,1,2500,39.04240269999991,38.79240269999991,98274,5379.0,5464.0,1.555636896046852,58991.53032705553,97,38.798990199997206,0.2434125000027052,True,,hard_wall,True,runtime_4methods_csv:42
Runtime-budget comparison,PyVRP,bier127_gen2_m2,2,2500,39.04240269999991,38.79240269999991,104995,5345.0,5464.0,2.177891654465593,59052.40025282709,94,38.800101100001484,0.24230159999842726,True,,hard_wall,True,runtime_4methods_csv:43
Runtime-budget comparison,PyVRP,bier127_gen2_m2,3,2500,39.04240269999991,38.79240269999991,95360,5297.0,5464.0,3.056368960468521,58998.41197377069,100,38.799247999995714,0.24315470000419737,True,,hard_wall,True,runtime_4methods_csv:44
Runtime-budget comparison,PyVRP,bier127_gen2_m3,0,2500,25.10175977499989,24.85175977499989,58307,5217.0,5393.0,3.2634897088818837,59106.70141071534,95,24.859271499997703,0.24248827500218795,True,,hard_wall,True,runtime_4methods_csv:57
Runtime-budget comparison,PyVRP,bier127_gen2_m3,1,2500,25.10175977499989,24.85175977499989,51189,5218.0,5393.0,3.2449471537177823,58997.154657073814,95,24.860674999996263,0.24108477500362824,True,,hard_wall,True,runtime_4methods_csv:58
Runtime-budget comparison,PyVRP,bier127_gen2_m3,2,2500,25.10175977499989,24.85175977499989,62421,5133.0,5393.0,4.8210643426664195,59070.95124988399,93,24.858992900000885,0.24276687499900618,True,,hard_wall,True,runtime_4methods_csv:59
Runtime-budget comparison,PyVRP,bier127_gen2_m3,3,2500,25.10175977499989,24.85175977499989,68192,5220.0,5393.0,3.207862043389579,58970.72663038909,96,24.858698100004403,0.24306167499548792,True,,hard_wall,True,runtime_4methods_csv:60
Runtime-budget comparison,PyVRP,bier127_gen2_m4,0,2500,23.99965545000032,23.74965545000032,58243,4940.0,5123.0,3.572125707593207,58942.02889861869,95,23.7568556000042,0.2427998499961177,True,,hard_wall,True,runtime_4methods_csv:73
Runtime-budget comparison,PyVRP,bier127_gen2_m4,1,2500,23.99965545000032,23.74965545000032,65443,4852.0,5123.0,5.289869217255514,59069.01995742472,88,23.756710100002238,0.24294534999808093,True,,hard_wall,True,runtime_4methods_csv:74
Runtime-budget comparison,PyVRP,bier127_gen2_m4,2,2500,23.99965545000032,23.74965545000032,63098,4918.0,5123.0,4.001561585008784,58694.244089414424,89,23.756622699998843,0.2430327500014755,True,,hard_wall,True,runtime_4methods_csv:75
Runtime-budget comparison,PyVRP,bier127_gen2_m4,3,2500,23.99965545000032,23.74965545000032,62128,4939.0,5123.0,3.591645520203006,58232.386162444476,92,23.756714600000123,0.2429408500001955,True,,hard_wall,True,runtime_4methods_csv:76
Runtime-budget comparison,PyVRP,bier127_gen3_m2,0,2500,44.40461825000011,44.15461825000011,304428,2461.0,2885.0,14.696707105719238,58996.09738619731,67,44.162073899999086,0.24254435000102603,True,,hard_wall,True,runtime_4methods_csv:89
Runtime-budget comparison,PyVRP,bier127_gen3_m2,1,2500,44.40461825000011,44.15461825000011,332648,2456.0,2885.0,14.870017331022531,59114.58533720936,61,44.1615307999964,0.24308745000371346,True,,hard_wall,True,runtime_4methods_csv:90
Runtime-budget comparison,PyVRP,bier127_gen3_m2,2,2500,44.40461825000011,44.15461825000011,322971,2592.0,2885.0,10.155979202772963,59079.709289150036,80,44.16185320000659,0.24276504999352255,True,,hard_wall,True,runtime_4methods_csv:91
Runtime-budget comparison,PyVRP,bier127_gen3_m2,3,2500,44.40461825000011,44.15461825000011,333416,2582.0,2885.0,10.50259965337955,59078.697666567496,74,44.1618259,0.24279235000011568,True,,hard_wall,True,runtime_4methods_csv:92
Runtime-budget comparison,PyVRP,bier127_gen3_m3,0,2500,37.86989892500014,37.61989892500014,270861,2325.0,2706.0,14.079822616407982,58834.448667971876,74,37.6271395,0.2427594250001448,True,,hard_wall,True,runtime_4methods_csv:105
Runtime-budget comparison,PyVRP,bier127_gen3_m3,1,2500,37.86989892500014,37.61989892500014,327052,2364.0,2706.0,12.638580931263858,58787.167942470885,62,37.62635069999999,0.24354822500015416,True,,hard_wall,True,runtime_4methods_csv:106
Runtime-budget comparison,PyVRP,bier127_gen3_m3,2,2500,37.86989892500014,37.61989892500014,320938,2359.0,2706.0,12.823355506282336,58875.997040403374,63,37.626363399999946,0.2435355250001976,True,,hard_wall,True,runtime_4methods_csv:107
Runtime-budget comparison,PyVRP,bier127_gen3_m3,3,2500,37.86989892500014,37.61989892500014,349260,2394.0,2706.0,11.529933481152993,59053.19662546399,66,37.62657049999984,0.24332842500029983,True,,hard_wall,True,runtime_4methods_csv:108
Runtime-budget comparison,PyVRP,bier127_gen3_m4,0,2500,28.300104599999713,28.050104599999713,269205,1763.0,2402.0,26.602830974188176,58780.847613853664,72,28.056420600000138,0.24368399999957546,True,,hard_wall,True,runtime_4methods_csv:121
Runtime-budget comparison,PyVRP,bier127_gen3_m4,1,2500,28.300104599999713,28.050104599999713,246900,1571.0,2402.0,34.59616985845129,49010.527953205725,62,28.056897299999946,0.2432072999997672,True,,hard_wall,True,runtime_4methods_csv:122
Runtime-budget comparison,PyVRP,bier127_gen3_m4,2,2500,28.300104599999713,28.050104599999713,274760,1947.0,2402.0,18.94254787676936,58479.105290277555,67,28.056295500000033,0.24380909999968026,True,,hard_wall,True,runtime_4methods_csv:123
Runtime-budget comparison,PyVRP,bier127_gen3_m4,3,2500,28.300104599999713,28.050104599999713,274201,1778.0,2402.0,25.97835137385512,58668.85330576242,65,28.056251900000007,0.2438526999997066,True,,hard_wall,True,runtime_4methods_csv:124
Runtime-budget comparison,PyVRP,cmt101c_m3,0,2500,13.720634825000161,13.470634825000161,40579,1230.0,1300.0,5.384615384615385,377.6082205106531,65,13.475527499999998,0.24510732500016275,True,,hard_wall,True,runtime_4methods_csv:137
Runtime-budget comparison,PyVRP,cmt101c_m3,1,2500,13.720634825000161,13.470634825000161,47718,1220.0,1300.0,6.153846153846154,372.64554603261274,64,13.476085999999896,0.24454882500026542,True,,hard_wall,True,runtime_4methods_csv:138
Runtime-budget comparison,PyVRP,cmt101c_m3,2,2500,13.720634825000161,13.470634825000161,46880,1250.0,1300.0,3.8461538461538463,378.4550213233213,67,13.475615999999945,0.24501882500021566,True,,hard_wall,True,runtime_4methods_csv:139
Runtime-budget comparison,PyVRP,cmt101c_m3,3,2500,13.720634825000161,13.470634825000161,46342,1200.0,1300.0,7.6923076923076925,377.977926845249,67,13.47554480000008,0.24509002500008137,True,,hard_wall,True,runtime_4methods_csv:140
Runtime-budget comparison,PyVRP,cmt151b_m3,0,2500,23.452230249999957,23.202230249999957,109881,1278.0,1385.0,7.725631768953068,347.6012302949135,68,23.211208400000032,0.2410218499999246,True,,hard_wall,True,runtime_4methods_csv:153
Runtime-budget comparison,PyVRP,cmt151b_m3,1,2500,23.452230249999957,23.202230249999957,95667,1305.0,1385.0,5.776173285198556,349.0049639995629,69,23.21237599999995,0.2398542500000076,True,,hard_wall,True,runtime_4methods_csv:154
Runtime-budget comparison,PyVRP,cmt151b_m3,2,2500,23.452230249999957,23.202230249999957,96872,1318.0,1385.0,4.837545126353791,349.2505262497863,73,23.211689900000238,0.24054034999971918,True,,hard_wall,True,runtime_4methods_csv:155
Runtime-budget comparison,PyVRP,cmt151b_m3,3,2500,23.452230249999957,23.202230249999957,100009,1284.0,1385.0,7.292418772563177,348.03530520556905,67,23.21276779999971,0.23946245000024646,True,,hard_wall,True,runtime_4methods_csv:156
Runtime-budget comparison,PyVRP,cmt151c_m2,0,2500,35.23979887500013,34.98979887500013,69898,1890.0,1964.0,3.7678207739307537,524.3188220651004,107,34.9992328999997,0.24056597500043608,True,,hard_wall,True,runtime_4methods_csv:169
Runtime-budget comparison,PyVRP,cmt151c_m2,1,2500,35.23979887500013,34.98979887500013,74507,1862.0,1964.0,5.193482688391039,524.5571229738559,104,34.9987701,0.24102877500013165,True,,hard_wall,True,runtime_4methods_csv:170
Runtime-budget comparison,PyVRP,cmt151c_m2,2,2500,35.23979887500013,34.98979887500013,88394,1853.0,1964.0,5.65173116089613,524.0502607843268,105,34.99916429999985,0.24063457500028562,True,,hard_wall,True,runtime_4methods_csv:171
Runtime-budget comparison,PyVRP,cmt151c_m2,3,2500,35.23979887500013,34.98979887500013,67010,1886.0,1964.0,3.9714867617107945,524.6932780930059,105,35.00045629999977,0.23934257500036438,True,,hard_wall,True,runtime_4methods_csv:172
Runtime-budget comparison,PyVRP,cmt151c_m3,0,2500,29.997989475000168,29.747989475000168,85009,1816.0,1916.0,5.219206680584551,524.238929910371,101,29.757123500000034,0.2408659750001334,True,,hard_wall,True,runtime_4methods_csv:185
Runtime-budget comparison,PyVRP,cmt151c_m3,1,2500,29.997989475000168,29.747989475000168,84090,1804.0,1916.0,5.845511482254698,522.6299022525707,100,29.75628259999985,0.24170687500031818,True,,hard_wall,True,runtime_4methods_csv:186
Runtime-budget comparison,PyVRP,cmt151c_m3,2,2500,29.997989475000168,29.747989475000168,76556,1795.0,1916.0,6.315240083507307,523.0698918050188,101,29.757046400000036,0.240943075000132,True,,hard_wall,True,runtime_4methods_csv:187
Runtime-budget comparison,PyVRP,cmt151c_m3,3,2500,29.997989475000168,29.747989475000168,83389,1779.0,1916.0,7.150313152400835,523.2065307172234,100,29.75689390000025,0.24109557499991752,True,,hard_wall,True,runtime_4methods_csv:188
Runtime-budget comparison,PyVRP,cmt151c_m4,0,2500,25.793135625000104,25.543135625000104,82196,1765.0,1880.0,6.117021276595745,523.2365950622586,98,25.552898899999946,0.2402367250001589,True,,hard_wall,True,runtime_4methods_csv:201
Runtime-budget comparison,PyVRP,cmt151c_m4,1,2500,25.793135625000104,25.543135625000104,82474,1768.0,1880.0,5.957446808510638,523.414322924436,99,25.551949499999864,0.24118612500024028,True,,hard_wall,True,runtime_4methods_csv:202
Runtime-budget comparison,PyVRP,cmt151c_m4,2,2500,25.793135625000104,25.543135625000104,89358,1728.0,1880.0,8.085106382978724,523.2026651670416,95,25.55199760000005,0.24113802500005477,True,,hard_wall,True,runtime_4methods_csv:203
Runtime-budget comparison,PyVRP,cmt151c_m4,3,2500,25.793135625000104,25.543135625000104,88288,1784.0,1880.0,5.1063829787234045,522.5126281122062,99,25.552328900000248,0.24080672499985667,True,,hard_wall,True,runtime_4methods_csv:204
Runtime-budget comparison,PyVRP,cmt200b_m2,0,2500,61.60824172499974,61.300200516374744,206044,1991.0,2096.0,5.009541984732825,380.98811811632254,103,61.315522599999895,0.29271912499984865,True,,hard_wall,True,runtime_4methods_csv:217
Runtime-budget comparison,PyVRP,cmt200b_m2,1,2500,61.60824172499974,61.300200516374744,224396,1927.0,2096.0,8.062977099236642,381.4735573917977,100,61.31501319999916,0.29322852500058616,True,,hard_wall,True,runtime_4methods_csv:218
Runtime-budget comparison,PyVRP,cmt200b_m2,2,2500,61.60824172499974,61.300200516374744,231719,1948.0,2096.0,7.061068702290076,381.30936159178145,99,61.315337,0.29290472499974385,True,,hard_wall,True,runtime_4methods_csv:219
Runtime-budget comparison,PyVRP,cmt200b_m2,3,2500,61.60824172499974,61.300200516374744,209411,1919.0,2096.0,8.444656488549619,381.17213373925847,97,61.31549630000063,0.2927454249991115,True,,hard_wall,True,runtime_4methods_csv:220
Runtime-budget comparison,PyVRP,cmt200b_m3,0,2500,43.168239249999715,42.918239249999715,182183,1875.0,2019.0,7.132243684992571,381.16081407169366,97,42.93374380000023,0.23449544999948557,True,,hard_wall,True,runtime_4methods_csv:233
Runtime-budget comparison,PyVRP,cmt200b_m3,1,2500,43.168239249999715,42.918239249999715,179304,1812.0,2019.0,10.252600297176821,381.1006173583864,95,42.93347939999967,0.23475985000004584,True,,hard_wall,True,runtime_4methods_csv:234
Runtime-budget comparison,PyVRP,cmt200b_m3,2,2500,43.168239249999715,42.918239249999715,179719,1818.0,2019.0,9.955423476968797,381.48810308388056,91,42.93337100000008,0.23486824999963574,True,,hard_wall,True,runtime_4methods_csv:235
Runtime-budget comparison,PyVRP,cmt200b_m3,3,2500,43.168239249999715,42.918239249999715,176144,1868.0,2019.0,7.478949975235265,380.9910832761077,96,42.93299470000056,0.2352445499991518,True,,hard_wall,True,runtime_4methods_csv:236
Runtime-budget comparison,PyVRP,cmt200b_m4,0,2500,36.43267667500004,36.18267667500004,176280,1655.0,1894.0,12.618796198521647,381.10032030564673,83,36.197392500000205,0.23528417499983334,True,,hard_wall,True,runtime_4methods_csv:249
Runtime-budget comparison,PyVRP,cmt200b_m4,1,2500,36.43267667500004,36.18267667500004,181641,1586.0,1894.0,16.261879619852166,380.6396310621901,80,36.19674930000019,0.2359273749998465,True,,hard_wall,True,runtime_4methods_csv:250
Runtime-budget comparison,PyVRP,cmt200b_m4,2,2500,36.43267667500004,36.18267667500004,173429,1680.0,1894.0,11.29883843717001,381.00026464510125,87,36.1986595999997,0.23401707500033808,True,,hard_wall,True,runtime_4methods_csv:251
Runtime-budget comparison,PyVRP,cmt200b_m4,3,2500,36.43267667500004,36.18267667500004,187227,1674.0,1894.0,11.615628299894404,378.4114456510623,90,36.197090700000444,0.23558597499959433,True,,hard_wall,True,runtime_4methods_csv:252
Runtime-budget comparison,PyVRP,cmt200c_m2,0,2500,74.74050765000015,74.36680511175015,200968,2562.0,2818.0,9.084457061745919,572.0600234078607,135,74.38164819999929,0.35885945000086394,True,,hard_wall,True,runtime_4methods_csv:265
Runtime-budget comparison,PyVRP,cmt200c_m2,1,2500,74.74050765000015,74.36680511175015,180638,2535.0,2818.0,10.042583392476933,572.3749822096781,137,74.38223070000004,0.3582769500001177,True,,hard_wall,True,runtime_4methods_csv:266
Runtime-budget comparison,PyVRP,cmt200c_m2,2,2500,74.74050765000015,74.36680511175015,164362,2537.0,2818.0,9.971611071682045,570.8300867170033,135,74.38141799999994,0.35908965000021453,True,,hard_wall,True,runtime_4methods_csv:267
Runtime-budget comparison,PyVRP,cmt200c_m2,3,2500,74.74050765000015,74.36680511175015,166610,2519.0,2818.0,10.610361958836053,571.7626396822045,133,74.38157330000013,0.3589343500000268,True,,hard_wall,True,runtime_4methods_csv:268
Runtime-budget comparison,PyVRP,cmt200c_m3,0,2500,57.302805800000215,57.01629177100021,141600,2486.0,2766.0,10.122921185827911,572.0860925012335,131,57.03173689999949,0.2710689000007278,True,,hard_wall,True,runtime_4methods_csv:281
Runtime-budget comparison,PyVRP,cmt200c_m3,1,2500,57.302805800000215,57.01629177100021,138015,2532.0,2766.0,8.459869848156183,571.8700970032849,136,57.032032099999924,0.2707737000002908,True,,hard_wall,True,runtime_4methods_csv:282
Runtime-budget comparison,PyVRP,cmt200c_m3,2,2500,57.302805800000215,57.01629177100021,148327,2531.0,2766.0,8.496023138105567,569.6177230871472,136,57.03175859999919,0.27104720000102134,True,,hard_wall,True,runtime_4methods_csv:283
Runtime-budget comparison,PyVRP,cmt200c_m3,3,2500,57.302805800000215,57.01629177100021,131961,2502.0,2766.0,9.544468546637743,569.2255623085352,133,57.030807500000265,0.2719982999999502,True,,hard_wall,True,runtime_4methods_csv:284
Runtime-budget comparison,PyVRP,cmt200c_m4,0,2500,49.67051197500018,49.42051197500018,146848,2351.0,2712.0,13.311209439528023,570.8125262119336,124,49.43586789999972,0.23464407500046036,True,,hard_wall,True,runtime_4methods_csv:297
Runtime-budget comparison,PyVRP,cmt200c_m4,1,2500,49.67051197500018,49.42051197500018,172634,2411.0,2712.0,11.09882005899705,570.4342052643022,131,49.435081999999966,0.23542997500021556,True,,hard_wall,True,runtime_4methods_csv:298
Runtime-budget comparison,PyVRP,cmt200c_m4,2,2500,49.67051197500018,49.42051197500018,166135,2267.0,2712.0,16.408554572271388,569.3793775978611,120,49.435912499999176,0.23459947500100498,True,,hard_wall,True,runtime_4methods_csv:299
Runtime-budget comparison,PyVRP,cmt200c_m4,3,2500,49.67051197500018,49.42051197500018,190045,2256.0,2712.0,16.8141592920354,569.6171195673373,116,49.435238500000196,0.2352734749999854,True,,hard_wall,True,runtime_4methods_csv:300
Runtime-budget comparison,PyVRP,eil101b_m3,0,2500,11.140341025000225,10.890341025000225,50578,894.0,916.0,2.4017467248908297,313.19016326173335,49,10.895359399999506,0.24498162500071885,True,,hard_wall,True,runtime_4methods_csv:313
Runtime-budget comparison,PyVRP,eil101b_m3,1,2500,11.140341025000225,10.890341025000225,49110,900.0,916.0,1.7467248908296944,312.8746041009377,50,10.894739100000152,0.2456019250000736,True,,hard_wall,True,runtime_4methods_csv:314
Runtime-budget comparison,PyVRP,eil101b_m3,2,2500,11.140341025000225,10.890341025000225,50092,904.0,916.0,1.3100436681222707,312.92874661179127,49,10.895137700001214,0.24520332499901087,True,,hard_wall,True,runtime_4methods_csv:315
Runtime-budget comparison,PyVRP,eil101b_m3,3,2500,11.140341025000225,10.890341025000225,46783,913.0,916.0,0.32751091703056767,313.2899210143419,51,10.895087499999136,0.24525352500108966,True,,hard_wall,True,runtime_4methods_csv:316
Runtime-budget comparison,PyVRP,eil101c_m2,0,2500,16.907939650000117,16.657939650000117,38044,1284.0,1305.0,1.6091954022988506,470.5477301068291,72,16.662548800000877,0.24539084999923944,True,,hard_wall,True,runtime_4methods_csv:329
Runtime-budget comparison,PyVRP,eil101c_m2,1,2500,16.907939650000117,16.657939650000117,43389,1277.0,1305.0,2.1455938697318007,471.38346853678433,72,16.66305579999971,0.2448838500004058,True,,hard_wall,True,runtime_4methods_csv:330
Runtime-budget comparison,PyVRP,eil101c_m2,2,2500,16.907939650000117,16.657939650000117,40792,1282.0,1305.0,1.7624521072796935,470.92488967490976,73,16.662868699999308,0.2450709500008088,True,,hard_wall,True,runtime_4methods_csv:331
Runtime-budget comparison,PyVRP,eil101c_m2,3,2500,16.907939650000117,16.657939650000117,45437,1272.0,1305.0,2.528735632183908,471.172837990889,73,16.66307919999963,0.24486045000048762,True,,hard_wall,True,runtime_4methods_csv:332
Runtime-budget comparison,PyVRP,eil101c_m3,0,2500,14.348517775000118,14.098517775000118,47384,1204.0,1251.0,3.7569944044764187,469.99047209291297,69,14.103451700000733,0.24506607499938582,True,,hard_wall,True,runtime_4methods_csv:345
Runtime-budget comparison,PyVRP,eil101c_m3,1,2500,14.348517775000118,14.098517775000118,51038,1197.0,1251.0,4.316546762589928,469.76951325773143,67,14.102681600001233,0.24583617499888533,True,,hard_wall,True,runtime_4methods_csv:346
Runtime-budget comparison,PyVRP,eil101c_m3,2,2500,14.348517775000118,14.098517775000118,45441,1200.0,1251.0,4.07673860911271,469.11696231435633,70,14.103171900000234,0.24534587499988447,True,,hard_wall,True,runtime_4methods_csv:347
Runtime-budget comparison,PyVRP,eil101c_m3,3,2500,14.348517775000118,14.098517775000118,52351,1198.0,1251.0,4.236610711430855,468.9787633255894,69,14.102856399998927,0.24566137500119112,True,,hard_wall,True,runtime_4methods_csv:348
Runtime-budget comparison,PyVRP,gil262_gen1_m3,0,2500,41.54455177500017,41.29455177500017,415936,55.0,101.0,45.54455445544554,1185.1296139172223,55,41.318157800000336,0.22639397499983716,True,,hard_wall,True,runtime_4methods_csv:361
Runtime-budget comparison,PyVRP,gil262_gen1_m3,1,2500,41.54455177500017,41.29455177500017,402152,53.0,101.0,47.524752475247524,913.8496296959404,53,41.31811579999885,0.22643597500132273,True,,hard_wall,True,runtime_4methods_csv:362
Runtime-budget comparison,PyVRP,gil262_gen1_m3,2,2500,41.54455177500017,41.29455177500017,378815,63.0,101.0,37.62376237623762,1150.1081818849852,63,41.31883310000012,0.22571867500005283,True,,hard_wall,True,runtime_4methods_csv:363
Runtime-budget comparison,PyVRP,gil262_gen1_m3,3,2500,41.54455177500017,41.29455177500017,390274,68.0,101.0,32.67326732673267,1180.969998952608,68,41.31749929999933,0.22705247500084624,True,,hard_wall,True,runtime_4methods_csv:364
Runtime-budget comparison,PyVRP,gil262_gen1_m4,0,2500,29.95938504999981,29.70938504999981,355397,63.0,78.0,19.23076923076923,1180.9958070444059,63,29.731545200000255,0.22783984999955464,True,,hard_wall,True,runtime_4methods_csv:377
Runtime-budget comparison,PyVRP,gil262_gen1_m4,1,2500,29.95938504999981,29.70938504999981,309060,52.0,78.0,33.333333333333336,1158.0824940635623,52,29.730898400001024,0.22848664999878565,True,,hard_wall,True,runtime_4methods_csv:378
Runtime-budget comparison,PyVRP,gil262_gen1_m4,2,2500,29.95938504999981,29.70938504999981,329546,57.0,78.0,26.923076923076923,1122.5020367081645,57,29.7336092000005,0.22577584999930878,True,,hard_wall,True,runtime_4methods_csv:379
Runtime-budget comparison,PyVRP,gil262_gen1_m4,3,2500,29.95938504999981,29.70938504999981,360023,50.0,78.0,35.8974358974359,1125.5015679478538,50,29.732478099998843,0.2269069500009664,True,,hard_wall,True,runtime_4methods_csv:380
Runtime-budget comparison,PyVRP,gil262_gen2_m2,0,2500,90.52335557499987,90.07073879712487,392601,6522.0,7498.0,13.016804481194985,1188.8738825275686,97,90.09510939999927,0.42824617500059503,True,,hard_wall,True,runtime_4methods_csv:393
Runtime-budget comparison,PyVRP,gil262_gen2_m2,1,2500,90.52335557499987,90.07073879712487,407819,6535.0,7498.0,12.843424913310216,1188.353031081233,97,90.09448410000005,0.4288714749998235,True,,hard_wall,True,runtime_4methods_csv:394
Runtime-budget comparison,PyVRP,gil262_gen2_m2,2,2500,90.52335557499987,90.07073879712487,392905,6601.0,7498.0,11.963190184049079,1188.832878746312,96,90.0953169000004,0.42803867499947046,True,,hard_wall,True,runtime_4methods_csv:395
Runtime-budget comparison,PyVRP,gil262_gen2_m2,3,2500,90.52335557499987,90.07073879712487,360936,6446.0,7498.0,14.030408108829022,1187.371394693318,96,90.09616939999978,0.42718617500008804,True,,hard_wall,True,runtime_4methods_csv:396
Runtime-budget comparison,PyVRP,gil262_gen2_m3,0,2500,45.5297865,45.2797865,301816,4827.0,5615.0,14.033837934105076,1185.5652049602033,76,45.303037499999846,0.2267490000001544,True,,hard_wall,True,runtime_4methods_csv:409
Runtime-budget comparison,PyVRP,gil262_gen2_m3,1,2500,45.5297865,45.2797865,288057,4546.0,5615.0,19.038290293855745,1185.903289292984,71,45.30408560000069,0.22570089999931042,True,,hard_wall,True,runtime_4methods_csv:410
Runtime-budget comparison,PyVRP,gil262_gen2_m3,2,2500,45.5297865,45.2797865,266170,4861.0,5615.0,13.428317008014247,1183.2453128377394,81,45.30405410000094,0.22573239999906036,True,,hard_wall,True,runtime_4methods_csv:411
Runtime-budget comparison,PyVRP,gil262_gen2_m3,3,2500,45.5297865,45.2797865,286033,4807.0,5615.0,14.390026714158504,1186.555696097947,74,45.30366669999967,0.22611980000033327,True,,hard_wall,True,runtime_4methods_csv:412
Runtime-budget comparison,PyVRP,gil262_gen3_m2,0,2500,90.57186982500025,90.11901047587524,620312,5019.0,7183.0,30.126688013364888,1187.564112934786,71,90.1421234999998,0.4297463250004512,True,,hard_wall,True,runtime_4methods_csv:425
Runtime-budget comparison,PyVRP,gil262_gen3_m2,1,2500,90.57186982500025,90.11901047587524,698943,4727.0,7183.0,34.19184184880969,1187.718607628812,64,90.15646600000036,0.4154038249998848,True,,hard_wall,True,runtime_4methods_csv:426
Runtime-budget comparison,PyVRP,gil262_gen3_m2,2,2500,90.57186982500025,90.11901047587524,627834,4880.0,7183.0,32.0618126131143,1186.978215571215,68,90.14252339999985,0.42934642500040354,True,,hard_wall,True,runtime_4methods_csv:427
Runtime-budget comparison,PyVRP,gil262_gen3_m2,3,2500,90.57186982500025,90.11901047587524,658348,4947.0,7183.0,31.12905471251566,1188.5640012715621,68,90.14230920000045,0.4295606249997945,True,,hard_wall,True,runtime_4methods_csv:428
Runtime-budget comparison,PyVRP,gil262_gen3_m4,0,2500,35.10205910000013,34.85205910000013,537523,1182.0,2507.0,52.852014359792584,1151.89882228742,35,34.8747843000001,0.22727480000003197,True,,hard_wall,True,runtime_4methods_csv:441
Runtime-budget comparison,PyVRP,gil262_gen3_m4,1,2500,35.10205910000013,34.85205910000013,561002,905.0,2507.0,63.901076984443556,1114.5024660958227,27,34.87432769999941,0.2277314000007209,True,,hard_wall,True,runtime_4methods_csv:442
Runtime-budget comparison,PyVRP,gil262_gen3_m4,2,2500,35.10205910000013,34.85205910000013,564948,1040.0,2507.0,58.51615476665337,1152.354427815393,30,34.874337999999625,0.22772110000050816,True,,hard_wall,True,runtime_4methods_csv:443
Runtime-budget comparison,PyVRP,gil262_gen3_m4,3,2500,35.10205910000013,34.85205910000013,555953,889.0,2507.0,64.5392899880335,1106.7716034126333,25,34.875672699999996,0.22638640000013766,True,,hard_wall,True,runtime_4methods_csv:444
Runtime-budget comparison,PyVRP,gil262a_m2,0,2500,36.572948849999875,36.322948849999875,215053,3811.0,4078.0,6.547327121137813,594.5652404282894,58,36.34413780000068,0.22881104999919444,True,,hard_wall,True,runtime_4methods_csv:457
Runtime-budget comparison,PyVRP,gil262a_m2,1,2500,36.572948849999875,36.322948849999875,220745,3856.0,4078.0,5.443845022069642,594.2690022562807,60,36.34351489999972,0.22943395000015698,True,,hard_wall,True,runtime_4methods_csv:458
Runtime-budget comparison,PyVRP,gil262a_m2,2,2500,36.572948849999875,36.322948849999875,219981,3733.0,4078.0,8.460029426189308,593.9359397711662,60,36.343248799999856,0.22970005000001947,True,,hard_wall,True,runtime_4methods_csv:459
Runtime-budget comparison,PyVRP,gil262a_m2,3,2500,36.572948849999875,36.322948849999875,237929,3599.0,4078.0,11.745953898970084,594.497796837938,54,36.34296099999847,0.22998785000140742,True,,hard_wall,True,runtime_4methods_csv:460
Runtime-budget comparison,PyVRP,gil262a_m4,0,2500,20.958374275000324,20.708374275000324,149680,2806.0,3175.0,11.622047244094489,587.860027697796,50,20.7292594999999,0.22911477500042565,True,,hard_wall,True,runtime_4methods_csv:473
Runtime-budget comparison,PyVRP,gil262a_m4,1,2500,20.958374275000324,20.708374275000324,171689,2661.0,3175.0,16.188976377952756,590.1160465571201,44,20.72915749999993,0.2292167750003955,True,,hard_wall,True,runtime_4methods_csv:474
Runtime-budget comparison,PyVRP,gil262a_m4,2,2500,20.958374275000324,20.708374275000324,173847,2624.0,3175.0,17.35433070866142,501.6549198362316,43,20.729884100001073,0.2284901749992514,True,,hard_wall,True,runtime_4methods_csv:475
Runtime-budget comparison,PyVRP,gil262a_m4,3,2500,20.958374275000324,20.708374275000324,194717,2247.0,3175.0,29.228346456692915,590.4349301987838,36,20.728759600000558,0.22961467499976607,True,,hard_wall,True,runtime_4methods_csv:476
Runtime-budget comparison,PyVRP,gil262b_m2,0,2500,87.55881489999979,87.12102082549978,347024,7189.0,8081.0,11.038237841851256,1186.8125899846277,108,87.14251710000099,0.41629779999880157,True,,hard_wall,True,runtime_4methods_csv:489
Runtime-budget comparison,PyVRP,gil262b_m2,1,2500,87.55881489999979,87.12102082549978,308436,7108.0,8081.0,12.040589036010395,1186.4766300965193,109,87.14261569999871,0.41619920000107413,True,,hard_wall,True,runtime_4methods_csv:490
Runtime-budget comparison,PyVRP,gil262b_m2,2,2500,87.55881489999979,87.12102082549978,338110,7595.0,8081.0,6.014107164954832,1188.2720257836233,121,87.14139879999857,0.4174161000012191,True,,hard_wall,True,runtime_4methods_csv:491
Runtime-budget comparison,PyVRP,gil262b_m2,3,2500,87.55881489999979,87.12102082549978,268516,7512.0,8081.0,7.041207771315431,1188.8924473395277,116,87.14270240000042,0.4161124999993717,True,,hard_wall,True,runtime_4methods_csv:492
Runtime-budget comparison,PyVRP,gil262b_m3,0,2500,64.91935212499993,64.59475536437493,282379,6614.0,7585.0,12.801582069874753,1185.5882915679547,100,64.61589559999993,0.3034565250000014,True,,hard_wall,True,runtime_4methods_csv:505
Runtime-budget comparison,PyVRP,gil262b_m3,1,2500,64.91935212499993,64.59475536437493,293310,6893.0,7585.0,9.12326961107449,1186.4823574775794,108,64.61567890000151,0.30367322499841976,True,,hard_wall,True,runtime_4methods_csv:506
Runtime-budget comparison,PyVRP,gil262b_m3,2,2500,64.91935212499993,64.59475536437493,258447,6762.0,7585.0,10.850362557679631,1186.0959455866976,106,64.61622330000318,0.3031288249967474,True,,hard_wall,True,runtime_4methods_csv:507
Runtime-budget comparison,PyVRP,gil262b_m3,3,2500,64.91935212499993,64.59475536437493,215438,6997.0,7585.0,7.752142386288727,1186.310227269486,109,64.61578999999983,0.3035621250000986,True,,hard_wall,True,runtime_4methods_csv:508
Runtime-budget comparison,PyVRP,gil262b_m4,0,2500,51.18372272500005,50.92780411137505,249275,6056.0,6781.0,10.69163840141572,1184.6344954432748,95,50.95012499999939,0.23359772500066356,True,,hard_wall,True,runtime_4methods_csv:521
Runtime-budget comparison,PyVRP,gil262b_m4,1,2500,51.18372272500005,50.92780411137505,273794,5884.0,6781.0,13.228137442855036,1184.9529232704833,91,50.948751300002186,0.23497142499786605,True,,hard_wall,True,runtime_4methods_csv:522
Runtime-budget comparison,PyVRP,gil262b_m4,2,2500,51.18372272500005,50.92780411137505,250484,6144.0,6781.0,9.393894705795605,1187.3242594501576,99,50.94894340000246,0.23477932499758936,True,,hard_wall,True,runtime_4methods_csv:523
Runtime-budget comparison,PyVRP,gil262b_m4,3,2500,51.18372272500005,50.92780411137505,260525,5984.0,6781.0,11.753428697832177,1186.5180016402146,95,50.94801609999922,0.23570662500083017,True,,hard_wall,True,runtime_4methods_csv:524
Runtime-budget comparison,PyVRP,gil262c_m2,0,2500,118.90269032499987,118.30817687337486,268968,9677.0,11030.0,12.266545784224842,1783.5973525670606,154,118.33020630000101,0.5724840249988574,True,,hard_wall,True,runtime_4methods_csv:537
Runtime-budget comparison,PyVRP,gil262c_m2,1,2500,118.90269032499987,118.30817687337486,290879,10013.0,11030.0,9.220308250226655,1779.7146035580201,163,118.32987460000004,0.5728157249998276,True,,hard_wall,True,runtime_4methods_csv:538
Runtime-budget comparison,PyVRP,gil262c_m2,2,2500,118.90269032499987,118.30817687337486,263619,9913.0,11030.0,10.12692656391659,1781.9387827067994,159,118.32878210000126,0.573908224998604,True,,hard_wall,True,runtime_4methods_csv:539
Runtime-budget comparison,PyVRP,gil262c_m2,3,2500,118.90269032499987,118.30817687337486,251005,9743.0,11030.0,11.668177697189483,1783.0794251535822,157,118.32982610000181,0.5728642249980567,True,,hard_wall,True,runtime_4methods_csv:540
Runtime-budget comparison,PyVRP,gil262c_m3,0,2500,90.03205027499985,89.58189002362485,234541,9658.0,10757.0,10.216603142140002,1783.0677155291646,148,89.60397130000274,0.42807897499710634,True,,hard_wall,True,runtime_4methods_csv:553
Runtime-budget comparison,PyVRP,gil262c_m3,1,2500,90.03205027499985,89.58189002362485,260995,9753.0,10757.0,9.333457283629265,1782.191071627221,155,89.60287149999931,0.4291787750005369,True,,hard_wall,True,runtime_4methods_csv:554
Runtime-budget comparison,PyVRP,gil262c_m3,2,2500,90.03205027499985,89.58189002362485,244172,9518.0,10757.0,11.518081249418984,1778.3379661961294,152,89.60294509999949,0.42910517500035894,True,,hard_wall,True,runtime_4methods_csv:555
Runtime-budget comparison,PyVRP,gil262c_m3,3,2500,90.03205027499985,89.58189002362485,275259,9129.0,10757.0,15.13433113321558,1780.1567363853942,149,89.60290420000092,0.42914607499892554,True,,hard_wall,True,runtime_4methods_csv:556
Runtime-budget comparison,PyVRP,gil262c_m4,0,2500,78.50297740000042,78.11046251300041,314826,9288.0,10281.0,9.65859352203093,1776.757195675526,154,78.13136419999864,0.3716132000017751,True,,hard_wall,True,runtime_4methods_csv:569
Runtime-budget comparison,PyVRP,gil262c_m4,1,2500,78.50297740000042,78.11046251300041,219160,9397.0,10281.0,8.598385371072853,1782.5808191964945,154,78.13249730000098,0.3704800999994404,True,,hard_wall,True,runtime_4methods_csv:570
Runtime-budget comparison,PyVRP,gil262c_m4,2,2500,78.50297740000042,78.11046251300041,241411,9096.0,10281.0,11.52611613656259,1777.751183302737,142,78.13327260000005,0.3697048000003633,True,,hard_wall,True,runtime_4methods_csv:571
Runtime-budget comparison,PyVRP,gil262c_m4,3,2500,78.50297740000042,78.11046251300041,233464,9402.0,10281.0,8.549751969652757,1781.7069236242503,155,78.13223710000238,0.37074029999803315,True,,hard_wall,True,runtime_4methods_csv:572
Runtime-budget comparison,PyVRP,gr229_gen1_m4,0,2500,54.22746647500003,53.95632914262503,201330,164.0,223.0,26.457399103139014,1732.7021567130946,164,53.974490100001276,0.25297637499875236,True,,hard_wall,True,runtime_4methods_csv:585
Runtime-budget comparison,PyVRP,gr229_gen1_m4,1,2500,54.22746647500003,53.95632914262503,215654,170.0,223.0,23.766816143497756,1754.5554344050909,170,53.97349490000124,0.2539715749987863,True,,hard_wall,True,runtime_4methods_csv:586
Runtime-budget comparison,PyVRP,gr229_gen1_m4,2,2500,54.22746647500003,53.95632914262503,221726,165.0,223.0,26.00896860986547,1757.8885990798012,165,53.97456779999993,0.2528986750000968,True,,hard_wall,True,runtime_4methods_csv:587
Runtime-budget comparison,PyVRP,gr229_gen1_m4,3,2500,54.22746647500003,53.95632914262503,214558,171.0,223.0,23.318385650224215,1759.608900278054,171,53.972819799997524,0.2546466750025047,True,,hard_wall,True,runtime_4methods_csv:588
Runtime-budget comparison,PyVRP,gr229_gen2_m3,0,2500,45.25229902499996,45.00229902499996,65921,10809.0,11566.0,6.5450458239668,1760.7662314181393,188,45.02149409999765,0.2308049250023032,True,,hard_wall,True,runtime_4methods_csv:601
Runtime-budget comparison,PyVRP,gr229_gen2_m3,1,2500,45.25229902499996,45.00229902499996,63941,11150.0,11566.0,3.5967490921666956,1762.4268330600235,203,45.02032920000056,0.23196982499939622,True,,hard_wall,True,runtime_4methods_csv:602
Runtime-budget comparison,PyVRP,gr229_gen2_m3,2,2500,45.25229902499996,45.00229902499996,62917,11121.0,11566.0,3.8474840048417778,1763.0904605952703,204,45.020031899999594,0.23226712500036228,True,,hard_wall,True,runtime_4methods_csv:603
Runtime-budget comparison,PyVRP,gr229_gen2_m3,3,2500,45.25229902499996,45.00229902499996,62559,11158.0,11566.0,3.527580840394259,1759.9388168196497,205,45.02001640000162,0.23228262499833363,True,,hard_wall,True,runtime_4methods_csv:604
Runtime-budget comparison,PyVRP,gr229_gen2_m4,0,2500,69.16926597499992,68.82341964512491,156740,10470.0,11355.0,7.793923381770146,1758.6740963297686,182,68.84314789999917,0.32611807500074974,True,,hard_wall,True,runtime_4methods_csv:617
Runtime-budget comparison,PyVRP,gr229_gen2_m4,1,2500,69.16926597499992,68.82341964512491,131078,10915.0,11355.0,3.874944958168208,1759.317268654367,207,68.84224990000075,0.32701607499916463,True,,hard_wall,True,runtime_4methods_csv:618
Runtime-budget comparison,PyVRP,gr229_gen2_m4,2,2500,69.16926597499992,68.82341964512491,168180,10498.0,11355.0,7.54733597534126,1759.748599068522,194,68.84145839999837,0.3278075750015432,True,,hard_wall,True,runtime_4methods_csv:619
Runtime-budget comparison,PyVRP,gr229_gen2_m4,3,2500,69.16926597499992,68.82341964512491,105842,10593.0,11355.0,6.7107001321003965,1757.6697631612428,187,68.84272330000022,0.32654267499970047,True,,hard_wall,True,runtime_4methods_csv:620
Runtime-budget comparison,PyVRP,gr229_gen3_m3,0,2500,42.98476207500016,42.73476207500016,421042,5909.0,8056.0,26.650943396226417,1759.920917970045,148,42.75292850000187,0.23183357499829071,True,,hard_wall,True,runtime_4methods_csv:633
Runtime-budget comparison,PyVRP,gr229_gen3_m3,1,2500,42.98476207500016,42.73476207500016,359103,5852.0,8056.0,27.358490566037737,1762.3564974607311,128,42.75228699999934,0.23247507500082065,True,,hard_wall,True,runtime_4methods_csv:634
Runtime-budget comparison,PyVRP,gr229_gen3_m3,2,2500,42.98476207500016,42.73476207500016,392714,5597.0,8056.0,30.523833167825224,1753.8912582020891,119,42.75191580000319,0.23284627499697308,True,,hard_wall,True,runtime_4methods_csv:635
Runtime-budget comparison,PyVRP,gr229_gen3_m3,3,2500,42.98476207500016,42.73476207500016,376358,5987.0,8056.0,25.68272095332671,1763.3550762909226,131,42.75201699999889,0.23274507500127584,True,,hard_wall,True,runtime_4methods_csv:636
Runtime-budget comparison,PyVRP,gr229_gen3_m4,0,2500,86.95338342499963,86.51861650787463,801812,5617.0,7651.0,26.584760162070317,1750.727308042322,137,86.53765410000051,0.41572932499911985,True,,hard_wall,True,runtime_4methods_csv:649
Runtime-budget comparison,PyVRP,gr229_gen3_m4,1,2500,86.95338342499963,86.51861650787463,849071,5365.0,7651.0,29.878447261795845,1751.1298296239247,135,86.53695460000017,0.416428824999457,True,,hard_wall,True,runtime_4methods_csv:650
Runtime-budget comparison,PyVRP,gr229_gen3_m4,2,2500,86.95338342499963,86.51861650787463,843953,5529.0,7651.0,27.734936609593518,1741.0134378920834,136,86.53584789999877,0.4175355250008579,True,,hard_wall,True,runtime_4methods_csv:651
Runtime-budget comparison,PyVRP,gr229_gen3_m4,3,2500,86.95338342499963,86.51861650787463,881695,5513.0,7651.0,27.94405960005228,1744.3203618606944,129,86.53622299999915,0.4171604250004748,True,,hard_wall,True,runtime_4methods_csv:652
Runtime-budget comparison,PyVRP,kroA150_gen2_m2,0,2500,36.216728274999696,35.966728274999696,165770,4299.0,4335.0,0.8304498269896193,13237.576607861254,69,35.974781999997504,0.24194627500219212,True,,hard_wall,True,runtime_4methods_csv:665
Runtime-budget comparison,PyVRP,kroA150_gen2_m2,1,2500,36.216728274999696,35.966728274999696,152138,4057.0,4335.0,6.412918108419839,13222.915238643169,66,35.97540510000181,0.2413231749978877,True,,hard_wall,True,runtime_4methods_csv:666
Runtime-budget comparison,PyVRP,kroA150_gen2_m2,2,2500,36.216728274999696,35.966728274999696,157898,4278.0,4335.0,1.314878892733564,13253.015276885588,68,35.97549419999996,0.24123407499973837,True,,hard_wall,True,runtime_4methods_csv:667
Runtime-budget comparison,PyVRP,kroA150_gen2_m2,3,2500,36.216728274999696,35.966728274999696,165105,4220.0,4335.0,2.6528258362168398,13255.931667818411,69,35.97490910000124,0.2418191749984544,True,,hard_wall,True,runtime_4methods_csv:668
Runtime-budget comparison,PyVRP,kroA150_gen3_m3,0,2500,23.301351624999825,23.051351624999825,231759,1670.0,2726.0,38.738077769625825,13169.051922800652,33,23.060563900002307,0.24078772499751722,True,,hard_wall,True,runtime_4methods_csv:681
Runtime-budget comparison,PyVRP,kroA150_gen3_m3,1,2500,23.301351624999825,23.051351624999825,251764,1708.0,2726.0,37.344093910491566,13163.964997055911,35,23.059771800002636,0.24157982499718855,True,,hard_wall,True,runtime_4methods_csv:682
Runtime-budget comparison,PyVRP,kroA150_gen3_m3,2,2500,23.301351624999825,23.051351624999825,231545,1713.0,2726.0,37.160674981658104,12786.137484784156,36,23.060004700000718,0.2413469249991067,True,,hard_wall,True,runtime_4methods_csv:683
Runtime-budget comparison,PyVRP,kroA150_gen3_m3,3,2500,23.301351624999825,23.051351624999825,237913,1662.0,2726.0,39.03154805575935,13177.7879341644,34,23.060245399999985,0.24110622499983947,True,,hard_wall,True,runtime_4methods_csv:684
Runtime-budget comparison,PyVRP,kroA200_gen1_m4,0,2500,23.759642525000118,23.509642525000118,216459,71.0,81.0,12.345679012345679,14368.145316536098,71,23.523716700001387,0.2359258249987306,True,,hard_wall,True,runtime_4methods_csv:697
Runtime-budget comparison,PyVRP,kroA200_gen1_m4,1,2500,23.759642525000118,23.509642525000118,270175,62.0,81.0,23.45679012345679,13434.052276875298,62,23.52298289999817,0.23665962500194837,True,,hard_wall,True,runtime_4methods_csv:698
Runtime-budget comparison,PyVRP,kroA200_gen1_m4,2,2500,23.759642525000118,23.509642525000118,242631,61.0,81.0,24.691358024691358,14473.066029000807,61,23.52231759999995,0.23732492500016633,True,,hard_wall,True,runtime_4methods_csv:699
Runtime-budget comparison,PyVRP,kroA200_gen1_m4,3,2500,23.759642525000118,23.509642525000118,214785,60.0,81.0,25.925925925925927,14227.320341267572,60,23.52276669999992,0.23687582500019744,True,,hard_wall,True,runtime_4methods_csv:700
Runtime-budget comparison,PyVRP,kroB200_gen1_m2,0,2500,41.53134917500006,41.28134917500006,442211,52.0,111.0,53.153153153153156,14696.787768703824,52,41.294870900001115,0.23647827499894447,True,,hard_wall,True,runtime_4methods_csv:713
Runtime-budget comparison,PyVRP,kroB200_gen1_m2,1,2500,41.53134917500006,41.28134917500006,337277,78.0,111.0,29.72972972972973,14698.513908681929,78,41.294484699999884,0.23686447500017493,True,,hard_wall,True,runtime_4methods_csv:714
Runtime-budget comparison,PyVRP,kroB200_gen1_m2,2,2500,41.53134917500006,41.28134917500006,353216,79.0,111.0,28.82882882882883,14660.52972949502,79,41.29472420000093,0.23662497499913115,True,,hard_wall,True,runtime_4methods_csv:715
Runtime-budget comparison,PyVRP,kroB200_gen1_m2,3,2500,41.53134917500006,41.28134917500006,391104,73.0,111.0,34.234234234234236,14716.229242718799,73,41.293973700001516,0.23737547499854372,True,,hard_wall,True,runtime_4methods_csv:716
Runtime-budget comparison,PyVRP,kroB200_gen2_m2,0,2500,62.08210577499972,61.77169524612472,308082,5770.0,6185.0,6.709781729991916,14709.614235170819,85,61.78659300000072,0.295512774998997,True,,hard_wall,True,runtime_4methods_csv:729
Runtime-budget comparison,PyVRP,kroB200_gen2_m2,1,2500,62.08210577499972,61.77169524612472,256480,5830.0,6185.0,5.739692805173807,14702.793861919203,89,61.78603740000108,0.29606837499864014,True,,hard_wall,True,runtime_4methods_csv:730
Runtime-budget comparison,PyVRP,kroB200_gen2_m2,2,2500,62.08210577499972,61.77169524612472,261733,5808.0,6185.0,6.095392077607114,14714.984049222145,89,61.78555939999933,0.29654637500038916,True,,hard_wall,True,runtime_4methods_csv:731
Runtime-budget comparison,PyVRP,kroB200_gen2_m2,3,2500,62.08210577499972,61.77169524612472,268068,5802.0,6185.0,6.192400970088925,14664.656988788112,90,61.78601440000057,0.2960913749991505,True,,hard_wall,True,runtime_4methods_csv:732
Runtime-budget comparison,PyVRP,kroB200_gen2_m4,0,2500,32.196645024999725,31.946645024999725,215194,4071.0,4944.0,17.65776699029126,14650.80360984986,68,31.960571999999956,0.23607302499976868,True,,hard_wall,True,runtime_4methods_csv:745
Runtime-budget comparison,PyVRP,kroB200_gen2_m4,1,2500,32.196645024999725,31.946645024999725,199038,4264.0,4944.0,13.754045307443366,14629.381966194142,71,31.960867699999653,0.23577732500007187,True,,hard_wall,True,runtime_4methods_csv:746
Runtime-budget comparison,PyVRP,kroB200_gen2_m4,2,2500,32.196645024999725,31.946645024999725,239024,4222.0,4944.0,14.603559870550162,14648.167920692775,66,31.960058000000572,0.23658702499915307,True,,hard_wall,True,runtime_4methods_csv:747
Runtime-budget comparison,PyVRP,kroB200_gen2_m4,3,2500,32.196645024999725,31.946645024999725,200257,4330.0,4944.0,12.419093851132686,14547.607918461119,71,31.95988859999852,0.23675642500120375,True,,hard_wall,True,runtime_4methods_csv:748
Runtime-budget comparison,PyVRP,kroB200_gen3_m2,0,2500,37.97947245,37.72947245,286926,3991.0,4765.0,16.243441762854143,14668.66988576031,54,37.74359480000203,0.235877649997974,True,,hard_wall,True,runtime_4methods_csv:761
Runtime-budget comparison,PyVRP,kroB200_gen3_m2,1,2500,37.97947245,37.72947245,269034,3881.0,4765.0,18.551941238195173,14691.319657357511,52,37.74268569999913,0.23678675000087424,True,,hard_wall,True,runtime_4methods_csv:762
Runtime-budget comparison,PyVRP,kroB200_gen3_m2,2,2500,37.97947245,37.72947245,256030,3895.0,4765.0,18.25813221406086,14699.691788299446,54,37.74340800000209,0.23606444999791165,True,,hard_wall,True,runtime_4methods_csv:763
Runtime-budget comparison,PyVRP,kroB200_gen3_m2,3,2500,37.97947245,37.72947245,258037,3938.0,4765.0,17.355718782791186,14705.452294557374,55,37.74313379999876,0.23633865000124388,True,,hard_wall,True,runtime_4methods_csv:764
Runtime-budget comparison,PyVRP,kroB200_gen3_m3,0,2500,40.62570832500023,40.37570832500023,744117,1152.0,3028.0,61.955085865257594,13938.983658552583,25,40.389787199997954,0.23592112500227813,True,,hard_wall,True,runtime_4methods_csv:777
Runtime-budget comparison,PyVRP,kroB200_gen3_m3,1,2500,40.62570832500023,40.37570832500023,749468,1178.0,3028.0,61.09643328929987,14006.40185375072,23,40.38960940000106,0.23609892499916896,True,,hard_wall,True,runtime_4methods_csv:778
Runtime-budget comparison,PyVRP,kroB200_gen3_m3,2,2500,40.62570832500023,40.37570832500023,778292,1167.0,3028.0,61.459709379128135,13775.40639940948,25,40.38970139999583,0.23600692500440346,True,,hard_wall,True,runtime_4methods_csv:779
Runtime-budget comparison,PyVRP,kroB200_gen3_m3,3,2500,40.62570832500023,40.37570832500023,745394,1380.0,3028.0,54.425363276089826,14629.381815618719,26,40.38940919999732,0.2362991250029154,True,,hard_wall,True,runtime_4methods_csv:780
Runtime-budget comparison,PyVRP,lin318_gen1_m2,0,2500,101.44979787500006,100.94254888562506,633038,103.0,180.0,42.77777777777778,21019.74724503205,103,100.97705500000302,0.4727428749970386,True,,hard_wall,True,runtime_4methods_csv:793
Runtime-budget comparison,PyVRP,lin318_gen1_m2,1,2500,101.44979787500006,100.94254888562506,664493,99.0,180.0,45.0,21001.468092391144,99,100.97591210000246,0.47388577499759776,True,,hard_wall,True,runtime_4methods_csv:794
Runtime-budget comparison,PyVRP,lin318_gen1_m2,2,2500,101.44979787500006,100.94254888562506,636923,97.0,180.0,46.111111111111114,20919.017028685776,97,100.97513310000068,0.47466477499938264,True,,hard_wall,True,runtime_4methods_csv:795
Runtime-budget comparison,PyVRP,lin318_gen1_m2,3,2500,101.44979787500006,100.94254888562506,627609,104.0,180.0,42.22222222222222,20992.110144907783,104,100.97484409999743,0.47495377500263203,True,,hard_wall,True,runtime_4methods_csv:796
Runtime-budget comparison,PyVRP,lin318_gen1_m3,0,2500,70.91047490000028,70.55592252550028,419803,93.0,149.0,37.58389261744966,20913.84517701321,93,70.58896160000586,0.3215132999944217,True,,hard_wall,True,runtime_4methods_csv:809
Runtime-budget comparison,PyVRP,lin318_gen1_m3,1,2500,70.91047490000028,70.55592252550028,459565,89.0,149.0,40.26845637583892,20974.02858135079,89,70.58780599999591,0.3226689000043734,True,,hard_wall,True,runtime_4methods_csv:810
Runtime-budget comparison,PyVRP,lin318_gen1_m3,2,2500,70.91047490000028,70.55592252550028,507971,100.0,149.0,32.88590604026846,20876.522746179748,100,70.5885030999998,0.3219718000004832,True,,hard_wall,True,runtime_4methods_csv:811
Runtime-budget comparison,PyVRP,lin318_gen1_m3,3,2500,70.91047490000028,70.55592252550028,481553,83.0,149.0,44.29530201342282,20838.079448556877,83,70.5890855999969,0.32138930000337496,True,,hard_wall,True,runtime_4methods_csv:812
Runtime-budget comparison,PyVRP,lin318_gen2_m2,0,2500,162.0738855000002,161.26351607250018,689214,8668.0,9544.0,9.178541492036882,21020.770924239863,138,161.29753530000016,0.7763502000000244,True,,hard_wall,True,runtime_4methods_csv:825
Runtime-budget comparison,PyVRP,lin318_gen2_m2,1,2500,162.0738855000002,161.26351607250018,659417,8695.0,9544.0,8.895641240569992,21037.018682320202,138,161.29742160000023,0.7764638999999534,True,,hard_wall,True,runtime_4methods_csv:826
Runtime-budget comparison,PyVRP,lin318_gen2_m2,2,2500,162.0738855000002,161.26351607250018,625702,8575.0,9544.0,10.152975691533948,21040.922289140144,141,161.2975282000043,0.7763572999958797,True,,hard_wall,True,runtime_4methods_csv:827
Runtime-budget comparison,PyVRP,lin318_gen2_m2,3,2500,162.0738855000002,161.26351607250018,640543,8508.0,9544.0,10.85498742665549,21038.107210114096,135,161.29800380000233,0.7758816999978535,True,,hard_wall,True,runtime_4methods_csv:828
Runtime-budget comparison,PyVRP,lin318_gen2_m3,0,2500,85.28340412500006,84.85698710437507,440944,7216.0,7807.0,7.570129371077238,21017.5830709991,125,84.89267519999703,0.3907289250030317,True,,hard_wall,True,runtime_4methods_csv:841
Runtime-budget comparison,PyVRP,lin318_gen2_m3,1,2500,85.28340412500006,84.85698710437507,421233,6777.0,7807.0,13.193288074804663,21028.26566170041,113,84.890373000002,0.3930311249980605,True,,hard_wall,True,runtime_4methods_csv:842
Runtime-budget comparison,PyVRP,lin318_gen2_m3,2,2500,85.28340412500006,84.85698710437507,463310,7172.0,7807.0,8.133726143204816,21030.277938817708,117,84.89180990000023,0.3915942249998352,True,,hard_wall,True,runtime_4methods_csv:843
Runtime-budget comparison,PyVRP,lin318_gen2_m3,3,2500,85.28340412500006,84.85698710437507,481327,6772.0,7807.0,13.257333162546432,21026.403644149468,115,84.89123780000227,0.39216632499778825,True,,hard_wall,True,runtime_4methods_csv:844
Runtime-budget comparison,PyVRP,lin318_gen3_m2,0,2500,143.6197539499999,142.90165518024992,1047427,4745.0,7936.0,40.209173387096776,21029.031086822175,71,142.93582279999828,0.6839311500016265,True,,hard_wall,True,runtime_4methods_csv:857
Runtime-budget comparison,PyVRP,lin318_gen3_m2,1,2500,143.6197539499999,142.90165518024992,1056818,4968.0,7936.0,37.399193548387096,21035.93016441781,75,142.9365300999998,0.683223850000104,True,,hard_wall,True,runtime_4methods_csv:858
Runtime-budget comparison,PyVRP,lin318_gen3_m2,2,2500,143.6197539499999,142.90165518024992,1044795,4874.0,7936.0,38.58366935483871,21024.793313681606,74,142.9364676999976,0.6832862500023111,True,,hard_wall,True,runtime_4methods_csv:859
Runtime-budget comparison,PyVRP,lin318_gen3_m2,3,2500,143.6197539499999,142.90165518024992,1113163,4613.0,7936.0,41.87247983870968,21028.16490935372,66,142.9370607000019,0.6826932499980103,True,,hard_wall,True,runtime_4methods_csv:860
Runtime-budget comparison,PyVRP,lin318_gen3_m4,0,2500,60.70490552499973,60.40138099737473,765845,1663.0,3797.0,56.20226494601001,20542.105102842117,55,60.43560079999588,0.26930472500384894,True,,hard_wall,True,runtime_4methods_csv:873
Runtime-budget comparison,PyVRP,lin318_gen3_m4,1,2500,60.70490552499973,60.40138099737473,814933,1241.0,3797.0,67.31630234395575,20329.03711050658,34,60.43417010000121,0.2707354249985201,True,,hard_wall,True,runtime_4methods_csv:874
Runtime-budget comparison,PyVRP,lin318_gen3_m4,2,2500,60.70490552499973,60.40138099737473,856210,1493.0,3797.0,60.67948380300237,20701.62873062714,45,60.434985699997924,0.2699198250018071,True,,hard_wall,True,runtime_4methods_csv:875
Runtime-budget comparison,PyVRP,lin318_gen3_m4,3,2500,60.70490552499973,60.40138099737473,813467,1403.0,3797.0,63.04977613905715,20550.51378013027,41,60.43480999999883,0.2700955250008974,True,,hard_wall,True,runtime_4methods_csv:876
Runtime-budget comparison,PyVRP,pr136_gen1_m2,0,2500,15.963301450000017,15.713301450000017,109936,52.0,63.0,17.46031746031746,48003.70015412643,52,15.720671499999298,0.24262995000071896,True,,hard_wall,True,runtime_4methods_csv:889
Runtime-budget comparison,PyVRP,pr136_gen1_m2,1,2500,15.963301450000017,15.713301450000017,110253,53.0,63.0,15.873015873015873,47584.56635123374,53,15.719903699995484,0.243397750004533,True,,hard_wall,True,runtime_4methods_csv:890
Runtime-budget comparison,PyVRP,pr136_gen1_m2,2,2500,15.963301450000017,15.713301450000017,106007,53.0,63.0,15.873015873015873,48112.16018983802,53,15.720149100001436,0.24315234999858149,True,,hard_wall,True,runtime_4methods_csv:891
Runtime-budget comparison,PyVRP,pr136_gen1_m2,3,2500,15.963301450000017,15.713301450000017,104903,53.0,63.0,15.873015873015873,48169.007145634365,53,15.719782699998177,0.2435187500018401,True,,hard_wall,True,runtime_4methods_csv:892
Runtime-budget comparison,PyVRP,pr136_gen2_m2,0,2500,19.648977925000054,19.398977925000054,103803,3512.0,3646.0,3.6752605595172794,48207.12601977463,56,19.406041899994307,0.24293602500574707,True,,hard_wall,True,runtime_4methods_csv:905
Runtime-budget comparison,PyVRP,pr136_gen2_m2,1,2500,19.648977925000054,19.398977925000054,106115,3498.0,3646.0,4.05924300603401,48103.97606160301,58,19.405608400003985,0.24336952499606923,True,,hard_wall,True,runtime_4methods_csv:906
Runtime-budget comparison,PyVRP,pr136_gen2_m2,2,2500,19.648977925000054,19.398977925000054,100194,3504.0,3646.0,3.8946791003839825,48228.55226826113,56,19.40588050000224,0.2430974249978135,True,,hard_wall,True,runtime_4methods_csv:907
Runtime-budget comparison,PyVRP,pr136_gen2_m2,3,2500,19.648977925000054,19.398977925000054,101004,3545.0,3646.0,2.7701590784421284,48238.60622991841,56,19.405711300001713,0.24326662499834129,True,,hard_wall,True,runtime_4methods_csv:908
Runtime-budget comparison,PyVRP,pr264_gen1_m4,0,2500,42.47028717500007,42.22028717500007,279918,84.0,107.0,21.49532710280374,24420.03291353033,84,42.24518530000205,0.2251018749980176,True,,hard_wall,True,runtime_4methods_csv:921
Runtime-budget comparison,PyVRP,pr264_gen1_m4,1,2500,42.47028717500007,42.22028717500007,319288,85.0,107.0,20.560747663551403,24384.73560728592,85,42.25465310000436,0.2156340749957053,True,,hard_wall,True,runtime_4methods_csv:922
Runtime-budget comparison,PyVRP,pr264_gen1_m4,2,2500,42.47028717500007,42.22028717500007,327338,80.0,107.0,25.233644859813083,24380.517923678282,80,42.242178599997715,0.22810857500235215,True,,hard_wall,True,runtime_4methods_csv:923
Runtime-budget comparison,PyVRP,pr264_gen1_m4,3,2500,42.47028717500007,42.22028717500007,314561,82.0,107.0,23.364485981308412,24378.43151774044,82,42.24295180000627,0.22733537499379963,True,,hard_wall,True,runtime_4methods_csv:924
Runtime-budget comparison,PyVRP,pr264_gen2_m2,0,2500,103.4976217750002,102.9801336661252,467699,6420.0,6635.0,3.2403918613413714,24517.58583437643,123,103.00574920000508,0.4918725749951136,True,,hard_wall,True,runtime_4methods_csv:937
Runtime-budget comparison,PyVRP,pr264_gen2_m2,1,2500,103.4976217750002,102.9801336661252,443215,6393.0,6635.0,3.647324792765637,24500.982466564335,121,103.00399740000285,0.4936243749973528,True,,hard_wall,True,runtime_4methods_csv:938
Runtime-budget comparison,PyVRP,pr264_gen2_m2,2,2500,103.4976217750002,102.9801336661252,483102,6327.0,6635.0,4.642049736247174,24510.483959733356,115,103.00332699999854,0.49429477500166286,True,,hard_wall,True,runtime_4methods_csv:939
Runtime-budget comparison,PyVRP,pr264_gen2_m2,3,2500,103.4976217750002,102.9801336661252,475403,6321.0,6635.0,4.732479276563677,24540.00182790097,117,103.00322350000351,0.49439827499668354,True,,hard_wall,True,runtime_4methods_csv:940
Runtime-budget comparison,PyVRP,pr264_gen2_m3,0,2500,59.427914599999895,59.13077502699989,295995,6010.0,6420.0,6.386292834890965,24460.333065297797,104,59.15346729999874,0.2744473000011567,True,,hard_wall,True,runtime_4methods_csv:953
Runtime-budget comparison,PyVRP,pr264_gen2_m3,1,2500,59.427914599999895,59.13077502699989,264396,5945.0,6420.0,7.398753894080997,24361.816828998344,103,59.15532230000099,0.2725922999989052,True,,hard_wall,True,runtime_4methods_csv:954
Runtime-budget comparison,PyVRP,pr264_gen2_m3,2,2500,59.427914599999895,59.13077502699989,297050,6040.0,6420.0,5.919003115264798,24376.42415045314,103,59.153566399996635,0.27434820000326,True,,hard_wall,True,runtime_4methods_csv:955
Runtime-budget comparison,PyVRP,pr264_gen2_m3,3,2500,59.427914599999895,59.13077502699989,309875,5888.0,6420.0,8.286604361370717,24444.87276620206,99,59.15497519999917,0.27293940000072325,True,,hard_wall,True,runtime_4methods_csv:956
Runtime-budget comparison,PyVRP,pr264_gen2_m4,0,2500,59.24541129999989,58.949184243499886,332669,5404.0,5584.0,3.2234957020057307,24370.954229492436,95,58.97312000000238,0.2722912999975051,True,,hard_wall,True,runtime_4methods_csv:969
Runtime-budget comparison,PyVRP,pr264_gen2_m4,1,2500,59.24541129999989,58.949184243499886,360009,5149.0,5584.0,7.790114613180516,24468.337820410725,88,58.97236200000043,0.2730492999994567,True,,hard_wall,True,runtime_4methods_csv:970
Runtime-budget comparison,PyVRP,pr264_gen2_m4,2,2500,59.24541129999989,58.949184243499886,357468,5126.0,5584.0,8.202005730659026,24430.366264720356,93,58.97268260000419,0.27272869999569593,True,,hard_wall,True,runtime_4methods_csv:971
Runtime-budget comparison,PyVRP,pr264_gen2_m4,3,2500,59.24541129999989,58.949184243499886,365159,5179.0,5584.0,7.252865329512894,24478.139824391423,89,58.972271899998304,0.27313940000158254,True,,hard_wall,True,runtime_4methods_csv:972
Runtime-budget comparison,PyVRP,pr264_gen3_m3,0,2500,65.92646522500013,65.59683289887514,508471,1713.0,2772.0,38.2034632034632,24226.528758776923,75,65.62017099999503,0.3062942250051037,True,,hard_wall,True,runtime_4methods_csv:985
Runtime-budget comparison,PyVRP,pr264_gen3_m3,1,2500,65.92646522500013,65.59683289887514,541171,1710.0,2772.0,38.311688311688314,24446.185253948202,72,65.62137950000033,0.3050857249997989,True,,hard_wall,True,runtime_4methods_csv:986
Runtime-budget comparison,PyVRP,pr264_gen3_m3,2,2500,65.92646522500013,65.59683289887514,533013,1615.0,2772.0,41.73881673881674,24329.911938800444,73,65.61932579999848,0.30713942500165103,True,,hard_wall,True,runtime_4methods_csv:987
Runtime-budget comparison,PyVRP,pr264_gen3_m3,3,2500,65.92646522500013,65.59683289887514,464930,1448.0,2772.0,47.76334776334777,23911.183964448956,70,65.62068349999754,0.30578172500258916,True,,hard_wall,True,runtime_4methods_csv:988
Runtime-budget comparison,PyVRP,pr299_gen1_m2,0,2500,73.08424942499983,72.71882817787483,422873,79.0,139.0,43.16546762589928,24002.22395305107,79,72.74907629999507,0.3351731250047578,True,,hard_wall,True,runtime_4methods_csv:1001
Runtime-budget comparison,PyVRP,pr299_gen1_m2,1,2500,73.08424942499983,72.71882817787483,418576,69.0,139.0,50.35971223021583,24067.204824324035,69,72.74833680000302,0.3359126249968085,True,,hard_wall,True,runtime_4methods_csv:1002
Runtime-budget comparison,PyVRP,pr299_gen1_m2,2,2500,73.08424942499983,72.71882817787483,414511,64.0,139.0,53.9568345323741,24043.292566528264,64,72.74738990000333,0.3368595249964983,True,,hard_wall,True,runtime_4methods_csv:1003
Runtime-budget comparison,PyVRP,pr299_gen1_m2,3,2500,73.08424942499983,72.71882817787483,423883,70.0,139.0,49.64028776978417,23923.98364467085,70,72.74727680000069,0.3369726249991345,True,,hard_wall,True,runtime_4methods_csv:1004
Runtime-budget comparison,PyVRP,pr299_gen1_m3,0,2500,48.98347787499961,48.73347787499961,245608,50.0,111.0,54.95495495495496,21084.597502895085,50,48.76174390000233,0.22173397499727798,True,,hard_wall,True,runtime_4methods_csv:1017
Runtime-budget comparison,PyVRP,pr299_gen1_m3,1,2500,48.98347787499961,48.73347787499961,300742,53.0,111.0,52.252252252252255,23438.531213937626,53,48.76221749999968,0.2212603749999289,True,,hard_wall,True,runtime_4methods_csv:1018
Runtime-budget comparison,PyVRP,pr299_gen1_m3,2,2500,48.98347787499961,48.73347787499961,262575,41.0,111.0,63.06306306306306,19058.43852601605,41,48.76174949999404,0.22172837500556852,True,,hard_wall,True,runtime_4methods_csv:1019
Runtime-budget comparison,PyVRP,pr299_gen1_m3,3,2500,48.98347787499961,48.73347787499961,290650,50.0,111.0,54.95495495495496,21718.61248918186,50,48.76195629999711,0.22152157500249814,True,,hard_wall,True,runtime_4methods_csv:1020
Runtime-budget comparison,PyVRP,pr299_gen1_m4,0,2500,33.69549555000003,33.44549555000003,254270,35.0,84.0,58.333333333333336,17897.422763482507,35,33.47618700000021,0.2193085499998233,True,,hard_wall,True,runtime_4methods_csv:1033
Runtime-budget comparison,PyVRP,pr299_gen1_m4,1,2500,33.69549555000003,33.44549555000003,242547,36.0,84.0,57.142857142857146,22226.024708261277,36,33.47299319999729,0.22250235000274188,True,,hard_wall,True,runtime_4methods_csv:1034
Runtime-budget comparison,PyVRP,pr299_gen1_m4,2,2500,33.69549555000003,33.44549555000003,261280,36.0,84.0,57.142857142857146,22728.24187408451,36,33.47336550000182,0.2221300499982135,True,,hard_wall,True,runtime_4methods_csv:1035
Runtime-budget comparison,PyVRP,pr299_gen1_m4,3,2500,33.69549555000003,33.44549555000003,242894,32.0,84.0,61.904761904761905,22479.11321050579,32,33.474048299998685,0.22144725000134713,True,,hard_wall,True,runtime_4methods_csv:1036
Runtime-budget comparison,PyVRP,pr299_gen2_m3,0,2500,58.31247112500023,58.020908769375225,392405,5580.0,6018.0,7.278165503489531,24039.567255155474,89,58.05051749999984,0.26195362500038755,True,,hard_wall,True,runtime_4methods_csv:1049
Runtime-budget comparison,PyVRP,pr299_gen2_m3,1,2500,58.31247112500023,58.020908769375225,457172,5060.0,6018.0,15.918909936856098,23983.98456734038,83,58.051182700000936,0.26128842499929306,True,,hard_wall,True,runtime_4methods_csv:1050
Runtime-budget comparison,PyVRP,pr299_gen2_m3,2,2500,58.31247112500023,58.020908769375225,452650,4229.0,6018.0,29.727484214024592,22898.591430962908,67,58.04998280000291,0.2624883249973209,True,,hard_wall,True,runtime_4methods_csv:1051
Runtime-budget comparison,PyVRP,pr299_gen2_m3,3,2500,58.31247112500023,58.020908769375225,382718,5206.0,6018.0,13.492854769026254,24053.274286859698,84,58.050504799997725,0.26196632500250416,True,,hard_wall,True,runtime_4methods_csv:1052
Runtime-budget comparison,PyVRP,pr299_gen2_m4,0,2500,36.81183002500029,36.56183002500029,334026,3468.0,4457.0,22.189813776082566,24003.419028515782,59,36.591856999999436,0.21997302500085425,True,,hard_wall,True,runtime_4methods_csv:1065
Runtime-budget comparison,PyVRP,pr299_gen2_m4,1,2500,36.81183002500029,36.56183002500029,375978,2949.0,4457.0,33.83441776980031,23609.708118294504,51,36.5920471999998,0.21978282500049318,True,,hard_wall,True,runtime_4methods_csv:1066
Runtime-budget comparison,PyVRP,pr299_gen2_m4,2,2500,36.81183002500029,36.56183002500029,310229,3547.0,4457.0,20.417321067982947,23688.77239258285,61,36.59205739999743,0.21977262500286088,True,,hard_wall,True,runtime_4methods_csv:1067
Runtime-budget comparison,PyVRP,pr299_gen2_m4,3,2500,36.81183002500029,36.56183002500029,338279,3206.0,4457.0,28.068207314337,23621.546785042156,53,36.59153779999906,0.2202922250012307,True,,hard_wall,True,runtime_4methods_csv:1068
Runtime-budget comparison,PyVRP,pr299_gen3_m2,0,2500,129.8826262249995,129.23321309387453,1808892,2252.0,5729.0,60.69122010822133,23974.832386661838,37,129.2634590000016,0.6191672249979092,True,,hard_wall,True,runtime_4methods_csv:1081
Runtime-budget comparison,PyVRP,pr299_gen3_m2,1,2500,129.8826262249995,129.23321309387453,1502814,2756.0,5729.0,51.89387327631349,24047.246935090574,49,129.26364289999765,0.6189833250018637,True,,hard_wall,True,runtime_4methods_csv:1082
Runtime-budget comparison,PyVRP,pr299_gen3_m2,2,2500,129.8826262249995,129.23321309387453,1755300,2272.0,5729.0,60.342119043463086,23889.829045619623,41,129.26309249999758,0.6195337250019293,True,,hard_wall,True,runtime_4methods_csv:1083
Runtime-budget comparison,PyVRP,pr299_gen3_m2,3,2500,129.8826262249995,129.23321309387453,1671513,2351.0,5729.0,58.963169837668005,24062.606436950853,40,129.26297179999528,0.619654425004228,True,,hard_wall,True,runtime_4methods_csv:1084
Runtime-budget comparison,PyVRP,pr299_gen3_m3,0,2500,67.10188205000031,66.76637263975032,816921,1379.0,3655.0,62.270861833105336,23952.897783690376,41,66.79716250000638,0.30471954999393347,True,,hard_wall,True,runtime_4methods_csv:1097
Runtime-budget comparison,PyVRP,pr299_gen3_m3,1,2500,67.10188205000031,66.76637263975032,758461,1370.0,3655.0,62.517099863201096,23239.17829898641,42,66.79848849999689,0.3033935500034204,True,,hard_wall,True,runtime_4methods_csv:1098
Runtime-budget comparison,PyVRP,pr299_gen3_m3,2,2500,67.10188205000031,66.76637263975032,896233,1247.0,3655.0,65.88235294117646,23130.39977210378,37,66.79505510000308,0.30682694999723026,True,,hard_wall,True,runtime_4methods_csv:1099
Runtime-budget comparison,PyVRP,pr299_gen3_m3,3,2500,67.10188205000031,66.76637263975032,806766,1405.0,3655.0,61.55950752393981,24025.239618501524,42,66.79570170000079,0.30618034999952215,True,,hard_wall,True,runtime_4methods_csv:1100
Runtime-budget comparison,PyVRP,pr299_gen3_m4,0,2500,39.1256511749998,38.8756511749998,431407,1090.0,2268.0,51.94003527336861,23537.739745275183,39,38.90561599999637,0.2200351750034315,True,,hard_wall,True,runtime_4methods_csv:1113
Runtime-budget comparison,PyVRP,pr299_gen3_m4,1,2500,39.1256511749998,38.8756511749998,490379,1009.0,2268.0,55.51146384479718,23756.878006128187,38,38.90581660000316,0.21983457499663928,True,,hard_wall,True,runtime_4methods_csv:1114
Runtime-budget comparison,PyVRP,pr299_gen3_m4,2,2500,39.1256511749998,38.8756511749998,440979,1220.0,2268.0,46.208112874779545,23985.705700630606,43,38.904734999996435,0.22091617500336724,True,,hard_wall,True,runtime_4methods_csv:1115
Runtime-budget comparison,PyVRP,pr299_gen3_m4,3,2500,39.1256511749998,38.8756511749998,507801,1150.0,2268.0,49.29453262786596,23855.154251783577,41,38.90408770000067,0.22156347499912954,True,,hard_wall,True,runtime_4methods_csv:1116
Runtime-budget comparison,PyVRP,rat195_gen2_m2,0,2500,39.65561865000018,39.40561865000018,151970,4980.0,5148.0,3.2634032634032635,1161.458805023493,82,39.41982950000238,0.23578914999779954,True,,hard_wall,True,runtime_4methods_csv:1129
Runtime-budget comparison,PyVRP,rat195_gen2_m2,1,2500,39.65561865000018,39.40561865000018,153983,4702.0,5148.0,8.663558663558664,1159.0751653422685,71,39.41884610000125,0.23677254999893194,True,,hard_wall,True,runtime_4methods_csv:1130
Runtime-budget comparison,PyVRP,rat195_gen2_m2,2,2500,39.65561865000018,39.40561865000018,173886,4836.0,5148.0,6.0606060606060606,1161.3206116178453,78,39.41929569999775,0.23632295000243175,True,,hard_wall,True,runtime_4methods_csv:1131
Runtime-budget comparison,PyVRP,rat195_gen2_m2,3,2500,39.65561865000018,39.40561865000018,171707,5005.0,5148.0,2.7777777777777777,1160.3411330621716,83,39.41937730000063,0.2362413499995455,True,,hard_wall,True,runtime_4methods_csv:1132
Runtime-budget comparison,PyVRP,rat195_gen3_m3,0,2500,33.92039642500049,33.67039642500049,295395,811.0,2574.0,68.49261849261849,1056.2031787245194,28,33.68329819999781,0.23709822500268274,True,,hard_wall,True,runtime_4methods_csv:1145
Runtime-budget comparison,PyVRP,rat195_gen3_m3,1,2500,33.92039642500049,33.67039642500049,439118,1249.0,2574.0,51.47630147630148,1142.7808327149855,36,33.68429399999877,0.23610242500171807,True,,hard_wall,True,runtime_4methods_csv:1146
Runtime-budget comparison,PyVRP,rat195_gen3_m3,2,2500,33.92039642500049,33.67039642500049,388359,1246.0,2574.0,51.592851592851595,1136.5434585715134,38,33.683155600003374,0.23724082499711585,True,,hard_wall,True,runtime_4methods_csv:1147
Runtime-budget comparison,PyVRP,rat195_gen3_m3,3,2500,33.92039642500049,33.67039642500049,403523,1384.0,2574.0,46.23154623154623,1148.57586766533,38,33.683138399996096,0.23725802500439386,True,,hard_wall,True,runtime_4methods_csv:1148
Runtime-budget comparison,PyVRP,rd400_gen1_m2,0,2500,223.00533550000046,222.00533550000046,1094597,157.0,232.0,32.327586206896555,7623.2266974544345,157,222.06090860000404,0.9444268999964152,True,,hard_wall,True,runtime_4methods_csv:1161
Runtime-budget comparison,PyVRP,rd400_gen1_m2,1,2500,223.00533550000046,222.00533550000046,1080815,167.0,232.0,28.017241379310345,7606.016570939952,167,222.06273679999867,0.9425987000017813,True,,hard_wall,True,runtime_4methods_csv:1162
Runtime-budget comparison,PyVRP,rd400_gen1_m2,2,2500,223.00533550000046,222.00533550000046,1108536,165.0,232.0,28.879310344827587,7631.24935795308,165,222.06149839999853,0.9438371000019288,True,,hard_wall,True,runtime_4methods_csv:1163
Runtime-budget comparison,PyVRP,rd400_gen1_m2,3,2500,223.00533550000046,222.00533550000046,1052313,159.0,232.0,31.46551724137931,7634.777586248218,159,222.05932880000182,0.9460066999986338,True,,hard_wall,True,runtime_4methods_csv:1164
Runtime-budget comparison,PyVRP,rd400_gen1_m3,0,2500,185.6676365999997,184.7392984169997,1193623,152.0,224.0,32.142857142857146,7632.589195204593,152,184.79631230000086,0.8713242999988324,True,,hard_wall,True,runtime_4methods_csv:1177
Runtime-budget comparison,PyVRP,rd400_gen1_m3,1,2500,185.6676365999997,184.7392984169997,1135770,162.0,224.0,27.678571428571427,7622.341369543072,162,184.7946688000011,0.8729677999986052,True,,hard_wall,True,runtime_4methods_csv:1178
Runtime-budget comparison,PyVRP,rd400_gen1_m3,2,2500,185.6676365999997,184.7392984169997,1254275,158.0,224.0,29.464285714285715,7638.924918098022,158,184.79630100000213,0.8713355999975647,True,,hard_wall,True,runtime_4methods_csv:1179
Runtime-budget comparison,PyVRP,rd400_gen1_m3,3,2500,185.6676365999997,184.7392984169997,1295425,155.0,224.0,30.803571428571427,7604.428275207329,155,184.79390499999863,0.8737316000010651,True,,hard_wall,True,runtime_4methods_csv:1180
Runtime-budget comparison,PyVRP,rd400_gen1_m4,0,2500,158.66772430000037,157.87438567850037,1289701,132.0,213.0,38.028169014084504,7637.9680876253615,132,157.9299330000067,0.7377912999936598,True,,hard_wall,True,runtime_4methods_csv:1193
Runtime-budget comparison,PyVRP,rd400_gen1_m4,1,2500,158.66772430000037,157.87438567850037,1008821,145.0,213.0,31.92488262910798,7613.721163486813,145,157.92994430000545,0.7377799999949275,True,,hard_wall,True,runtime_4methods_csv:1194
Runtime-budget comparison,PyVRP,rd400_gen1_m4,2,2500,158.66772430000037,157.87438567850037,1127666,134.0,213.0,37.08920187793427,7626.251225803377,134,157.93053839998902,0.7371859000113545,True,,hard_wall,True,runtime_4methods_csv:1195
Runtime-budget comparison,PyVRP,rd400_gen1_m4,3,2500,158.66772430000037,157.87438567850037,1139148,152.0,213.0,28.63849765258216,7606.91675759003,152,157.9301806000003,0.7375437000000602,True,,hard_wall,True,runtime_4methods_csv:1196
Runtime-budget comparison,PyVRP,rd400_gen2_m2,0,2500,263.8937799750006,262.8937799750006,874731,11244.0,13045.0,13.806055960137984,7638.0616450672915,168,262.95508260000497,0.9386973749956269,True,,hard_wall,True,runtime_4methods_csv:1209
Runtime-budget comparison,PyVRP,rd400_gen2_m2,1,2500,263.8937799750006,262.8937799750006,954466,10983.0,13045.0,15.80682253737064,7638.222367670234,164,262.9566416000016,0.9371383749989945,True,,hard_wall,True,runtime_4methods_csv:1210
Runtime-budget comparison,PyVRP,rd400_gen2_m2,2,2500,263.8937799750006,262.8937799750006,872524,10963.0,13045.0,15.960137983901879,7634.590837329364,166,262.95589649998874,0.9378834750118585,True,,hard_wall,True,runtime_4methods_csv:1211
Runtime-budget comparison,PyVRP,rd400_gen2_m2,3,2500,263.8937799750006,262.8937799750006,932492,10958.0,13045.0,15.998466845534688,7631.580289155643,161,262.9526534000033,0.9411265749972699,True,,hard_wall,True,runtime_4methods_csv:1212
Runtime-budget comparison,PyVRP,rd400_gen2_m3,0,2500,211.91072160000067,210.91072160000067,854261,10028.0,12646.0,20.70219832358058,7617.778980043204,150,210.9691320000129,0.9415895999877648,True,,hard_wall,True,runtime_4methods_csv:1225
Runtime-budget comparison,PyVRP,rd400_gen2_m3,1,2500,211.91072160000067,210.91072160000067,831181,10084.0,12646.0,20.259370551953186,7631.40138186633,152,210.97177519999968,0.9389464000009866,True,,hard_wall,True,runtime_4methods_csv:1226
Runtime-budget comparison,PyVRP,rd400_gen2_m3,2,2500,211.91072160000067,210.91072160000067,877211,10013.0,12646.0,20.820812905266486,7621.132819198854,147,210.96865280000202,0.9420687999986512,True,,hard_wall,True,runtime_4methods_csv:1227
Runtime-budget comparison,PyVRP,rd400_gen2_m3,3,2500,211.91072160000067,210.91072160000067,784509,10389.0,12646.0,17.847540724339712,7633.240747937622,157,210.96990229999938,0.9408193000012943,True,,hard_wall,True,runtime_4methods_csv:1228
Runtime-budget comparison,PyVRP,rd400_gen2_m4,0,2500,154.48436360000005,153.71194178200005,778790,9456.0,12032.0,21.409574468085108,7631.609862923628,138,153.7710977999959,0.7132658000041374,True,,hard_wall,True,runtime_4methods_csv:1241
Runtime-budget comparison,PyVRP,rd400_gen2_m4,1,2500,154.48436360000005,153.71194178200005,705897,9965.0,12032.0,17.179188829787233,7628.181735656082,150,153.76850400000694,0.7158595999931094,True,,hard_wall,True,runtime_4methods_csv:1242
Runtime-budget comparison,PyVRP,rd400_gen2_m4,2,2500,154.48436360000005,153.71194178200005,603774,9760.0,12032.0,18.882978723404257,7629.349071730873,150,153.77245170000242,0.7119118999976308,True,,hard_wall,True,runtime_4methods_csv:1243
Runtime-budget comparison,PyVRP,rd400_gen2_m4,3,2500,154.48436360000005,153.71194178200005,663287,9521.0,12032.0,20.86934840425532,7617.607217538092,137,153.7737458000047,0.7106177999953616,True,,hard_wall,True,runtime_4methods_csv:1244
Runtime-budget comparison,PyVRP,rd400_gen3_m2,0,2500,261.92568397499963,260.92568397499963,2099894,9088.0,12431.0,26.89244630359585,7634.32500116592,132,260.9833624999883,0.9423214750113402,True,,hard_wall,True,runtime_4methods_csv:1257
Runtime-budget comparison,PyVRP,rd400_gen3_m2,1,2500,261.92568397499963,260.92568397499963,2079096,8985.0,12431.0,27.721020030568738,7628.576750174652,128,260.98353379999753,0.942150175002098,True,,hard_wall,True,runtime_4methods_csv:1258
Runtime-budget comparison,PyVRP,rd400_gen3_m2,2,2500,261.92568397499963,260.92568397499963,2090524,9242.0,12431.0,25.653607915694636,7631.860414293194,132,260.98433680000016,0.9413471749994642,True,,hard_wall,True,runtime_4methods_csv:1259
Runtime-budget comparison,PyVRP,rd400_gen3_m2,3,2500,261.92568397499963,260.92568397499963,2197416,8615.0,12431.0,30.69744992357815,7615.983832554555,125,260.98335169999336,0.9423322750062653,True,,hard_wall,True,runtime_4methods_csv:1260
Runtime-budget comparison,PyVRP,rd400_gen3_m3,0,2500,201.04796192499998,200.04796192499998,1891664,8384.0,11639.0,27.966320130595413,7618.4688912890315,119,200.10633830000006,0.9416236249999201,True,,hard_wall,True,runtime_4methods_csv:1273
Runtime-budget comparison,PyVRP,rd400_gen3_m3,1,2500,201.04796192499998,200.04796192499998,1868868,8392.0,11639.0,27.89758570323911,7625.254047557626,122,200.10537599999225,0.9425859250077337,True,,hard_wall,True,runtime_4methods_csv:1274
Runtime-budget comparison,PyVRP,rd400_gen3_m3,2,2500,201.04796192499998,200.04796192499998,1844036,8360.0,11639.0,28.17252341266432,7618.41516747161,119,200.1039574000024,0.944004524997581,True,,hard_wall,True,runtime_4methods_csv:1275
Runtime-budget comparison,PyVRP,rd400_gen3_m3,3,2500,201.04796192499998,200.04796192499998,1873925,8308.0,11639.0,28.61929719048028,7618.509300803491,118,200.10615859999962,0.9418033250003646,True,,hard_wall,True,runtime_4methods_csv:1276
Runtime-budget comparison,PyVRP,rd400_gen3_m4,0,2500,156.93396472500035,156.14929490137536,1548458,7365.0,10436.0,29.4269835185895,7622.3891740674735,101,156.2062062000041,0.7277585249962613,True,,hard_wall,True,runtime_4methods_csv:1289
Runtime-budget comparison,PyVRP,rd400_gen3_m4,1,2500,156.93396472500035,156.14929490137536,1478478,7511.0,10436.0,28.02798006899195,7611.625273130738,105,156.20462140000018,0.7293433250001726,True,,hard_wall,True,runtime_4methods_csv:1290
Runtime-budget comparison,PyVRP,rd400_gen3_m4,2,2500,156.93396472500035,156.14929490137536,1362794,7398.0,10436.0,29.11077041011882,7618.359916999916,104,156.20674399999552,0.7272207250048268,True,,hard_wall,True,runtime_4methods_csv:1291
Runtime-budget comparison,PyVRP,rd400_gen3_m4,3,2500,156.93396472500035,156.14929490137536,1528166,7410.0,10436.0,28.99578382522039,7604.288737980688,104,156.20663489999424,0.7273298250061089,True,,hard_wall,True,runtime_4methods_csv:1292
Runtime-budget comparison,PyVRP,ts225_gen2_m2,0,2500,58.3808446500002,58.0889404267502,303082,5197.0,5859.0,11.298856460146784,63243.00645304209,93,58.10657230000652,0.2742723499936801,True,,hard_wall,True,runtime_4methods_csv:1305
Runtime-budget comparison,PyVRP,ts225_gen2_m2,1,2500,58.3808446500002,58.0889404267502,344262,5593.0,5859.0,4.540023894862604,63266.690174469666,95,58.10721089999424,0.27363375000595624,True,,hard_wall,True,runtime_4methods_csv:1306
Runtime-budget comparison,PyVRP,ts225_gen2_m2,2,2500,58.3808446500002,58.0889404267502,276922,5162.0,5859.0,11.896228025260283,63158.13396511849,92,58.10585469999933,0.27498995000087234,True,,hard_wall,True,runtime_4methods_csv:1307
Runtime-budget comparison,PyVRP,ts225_gen2_m2,3,2500,58.3808446500002,58.0889404267502,342421,5533.0,5859.0,5.564089435057177,62995.187147646415,97,58.10650180000812,0.27434284999208103,True,,hard_wall,True,runtime_4methods_csv:1308
Runtime-budget comparison,VNS,bier127_gen1_m2,0,2500,26.947047625000096,26.697047625000096,8903,99.0,106.0,6.60377358490566,58416.26849342419,99,26.681283299993083,0.2657643250070123,True,,hard_wall,True,runtime_4methods_csv:13
Runtime-budget comparison,VNS,bier127_gen1_m2,1,2500,26.947047625000096,26.697047625000096,8915,100.0,106.0,5.660377358490566,59039.22204502167,100,26.686498099996243,0.260549525003853,True,,hard_wall,True,runtime_4methods_csv:14
Runtime-budget comparison,VNS,bier127_gen1_m2,2,2500,26.947047625000096,26.697047625000096,9187,99.0,106.0,6.60377358490566,58724.06781981341,99,26.69063940000342,0.2564082249966759,True,,hard_wall,True,runtime_4methods_csv:15
Runtime-budget comparison,VNS,bier127_gen1_m2,3,2500,26.947047625000096,26.697047625000096,9056,100.0,106.0,5.660377358490566,58695.509391432824,100,26.690423899999587,0.2566237250005088,True,,hard_wall,True,runtime_4methods_csv:16
Runtime-budget comparison,VNS,bier127_gen1_m3,0,2500,22.197212824999724,21.947212824999724,8347,99.0,103.0,3.883495145631068,57047.95200418319,99,21.934469300002092,0.26274352499763154,True,,hard_wall,True,runtime_4methods_csv:29
Runtime-budget comparison,VNS,bier127_gen1_m3,1,2500,22.197212824999724,21.947212824999724,8328,99.0,103.0,3.883495145631068,56890.61216523692,99,21.938537000001816,0.2586758249979084,True,,hard_wall,True,runtime_4methods_csv:30
Runtime-budget comparison,VNS,bier127_gen1_m3,2,2500,22.197212824999724,21.947212824999724,8574,99.0,103.0,3.883495145631068,57047.95200418319,99,21.940317200002028,0.25689562499769636,True,,hard_wall,True,runtime_4methods_csv:31
Runtime-budget comparison,VNS,bier127_gen1_m3,3,2500,22.197212824999724,21.947212824999724,8291,99.0,103.0,3.883495145631068,56547.93543385667,99,21.935943899996346,0.26126892500337817,True,,hard_wall,True,runtime_4methods_csv:32
Runtime-budget comparison,VNS,bier127_gen2_m2,0,2500,39.04240269999991,38.79240269999991,13739,5201.0,5464.0,4.813323572474378,58382.61414000806,97,38.78248470000108,0.2599179999988337,True,,hard_wall,True,runtime_4methods_csv:45
Runtime-budget comparison,VNS,bier127_gen2_m2,1,2500,39.04240269999991,38.79240269999991,13705,5201.0,5464.0,4.813323572474378,58382.61414000806,97,38.78489009999612,0.2575126000037926,True,,hard_wall,True,runtime_4methods_csv:46
Runtime-budget comparison,VNS,bier127_gen2_m2,2,2500,39.04240269999991,38.79240269999991,13643,5201.0,5464.0,4.813323572474378,58382.61414000806,97,38.78624839999975,0.25615430000016204,True,,hard_wall,True,runtime_4methods_csv:47
Runtime-budget comparison,VNS,bier127_gen2_m2,3,2500,39.04240269999991,38.79240269999991,13612,5216.0,5464.0,4.538799414348462,58236.17475335486,95,38.778757300002326,0.2636453999975856,True,,hard_wall,True,runtime_4methods_csv:48
Runtime-budget comparison,VNS,bier127_gen2_m3,0,2500,25.10175977499989,24.85175977499989,9879,4912.0,5393.0,8.918969033932877,55343.34116810828,93,24.845106300002954,0.2566534749969378,True,,hard_wall,True,runtime_4methods_csv:61
Runtime-budget comparison,VNS,bier127_gen2_m3,1,2500,25.10175977499989,24.85175977499989,9933,4912.0,5393.0,8.918969033932877,55343.34116810828,93,24.845209899998736,0.25654987500115567,True,,hard_wall,True,runtime_4methods_csv:62
Runtime-budget comparison,VNS,bier127_gen2_m3,2,2500,25.10175977499989,24.85175977499989,10227,4948.0,5393.0,8.251437048025219,55150.9456321841,91,24.833959600000526,0.2678001749993655,True,,hard_wall,True,runtime_4methods_csv:63
Runtime-budget comparison,VNS,bier127_gen2_m3,3,2500,25.10175977499989,24.85175977499989,9900,4948.0,5393.0,8.251437048025219,56734.57896191262,91,24.843985799998336,0.2577739750015553,True,,hard_wall,True,runtime_4methods_csv:64
Runtime-budget comparison,VNS,bier127_gen2_m4,0,2500,23.99965545000032,23.74965545000032,12126,4621.0,5123.0,9.798945930119071,55807.65194260044,84,23.74524950000341,0.254405949996908,True,,hard_wall,True,runtime_4methods_csv:77
Runtime-budget comparison,VNS,bier127_gen2_m4,1,2500,23.99965545000032,23.74965545000032,12058,4768.0,5123.0,6.929533476478626,56127.035498902944,86,23.744459699999425,0.2551957500008939,True,,hard_wall,True,runtime_4methods_csv:78
Runtime-budget comparison,VNS,bier127_gen2_m4,2,2500,23.99965545000032,23.74965545000032,12009,4768.0,5123.0,6.929533476478626,56367.51124483676,86,23.744556400000874,0.2550990499994441,True,,hard_wall,True,runtime_4methods_csv:79
Runtime-budget comparison,VNS,bier127_gen2_m4,3,2500,23.99965545000032,23.74965545000032,12105,4768.0,5123.0,6.929533476478626,56367.51124483676,86,23.74368919999688,0.2559662500034392,True,,hard_wall,True,runtime_4methods_csv:80
Runtime-budget comparison,VNS,bier127_gen3_m2,0,2500,44.40461825000011,44.15461825000011,20880,2227.0,2885.0,22.807625649913344,53863.9745300099,84,44.149253900002805,0.2553643499973077,True,,hard_wall,True,runtime_4methods_csv:93
Runtime-budget comparison,VNS,bier127_gen3_m2,1,2500,44.40461825000011,44.15461825000011,20893,2227.0,2885.0,22.807625649913344,53756.08567018264,84,44.15085790000012,0.2537603499999932,True,,hard_wall,True,runtime_4methods_csv:94
Runtime-budget comparison,VNS,bier127_gen3_m2,2,2500,44.40461825000011,44.15461825000011,20093,2227.0,2885.0,22.807625649913344,53756.08567018264,84,44.1448945000011,0.2597237499990115,True,,hard_wall,True,runtime_4methods_csv:95
Runtime-budget comparison,VNS,bier127_gen3_m2,3,2500,44.40461825000011,44.15461825000011,18690,2227.0,2885.0,22.807625649913344,54258.85892901991,84,44.146531700003834,0.25808654999627834,True,,hard_wall,True,runtime_4methods_csv:96
Runtime-budget comparison,VNS,bier127_gen3_m3,0,2500,37.86989892500014,37.61989892500014,18769,1998.0,2706.0,26.164079822616408,50633.40454899743,86,37.61352820000002,0.25637072500012437,True,,hard_wall,True,runtime_4methods_csv:109
Runtime-budget comparison,VNS,bier127_gen3_m3,1,2500,37.86989892500014,37.61989892500014,18723,1998.0,2706.0,26.164079822616408,50651.25104978176,86,37.61375620000001,0.2561427250001316,True,,hard_wall,True,runtime_4methods_csv:110
Runtime-budget comparison,VNS,bier127_gen3_m3,2,2500,37.86989892500014,37.61989892500014,18712,1998.0,2706.0,26.164079822616408,50633.40454899743,86,37.61399140000003,0.2559075250001115,True,,hard_wall,True,runtime_4methods_csv:111
Runtime-budget comparison,VNS,bier127_gen3_m3,3,2500,37.86989892500014,37.61989892500014,18164,1998.0,2706.0,26.164079822616408,50633.40454899743,86,37.6118103,0.2580886250001413,True,,hard_wall,True,runtime_4methods_csv:112
Runtime-budget comparison,VNS,bier127_gen3_m4,0,2500,28.300104599999713,28.050104599999713,14939,1829.0,2402.0,23.85512073272273,51970.36189824452,83,28.036734999999908,0.26336959999980536,True,,hard_wall,True,runtime_4methods_csv:125
Runtime-budget comparison,VNS,bier127_gen3_m4,1,2500,28.300104599999713,28.050104599999713,14613,1829.0,2402.0,23.85512073272273,51335.61206668085,83,28.042799899999864,0.2573046999998496,True,,hard_wall,True,runtime_4methods_csv:126
Runtime-budget comparison,VNS,bier127_gen3_m4,2,2500,28.300104599999713,28.050104599999713,15304,1829.0,2402.0,23.85512073272273,52255.60344428945,83,28.043710000000146,0.2563945999995667,True,,hard_wall,True,runtime_4methods_csv:127
Runtime-budget comparison,VNS,bier127_gen3_m4,3,2500,28.300104599999713,28.050104599999713,15418,1829.0,2402.0,23.85512073272273,51970.36189824452,83,28.043585800000074,0.25651879999963967,True,,hard_wall,True,runtime_4methods_csv:128
Runtime-budget comparison,VNS,cmt101c_m3,0,2500,13.720634825000161,13.470634825000161,13633,1140.0,1300.0,12.307692307692308,366.677761695449,62,13.467791499999976,0.25284332500018536,True,,hard_wall,True,runtime_4methods_csv:141
Runtime-budget comparison,VNS,cmt101c_m3,1,2500,13.720634825000161,13.470634825000161,13699,1100.0,1300.0,15.384615384615385,356.1850010113745,61,13.467339000000038,0.25329582500012293,True,,hard_wall,True,runtime_4methods_csv:142
Runtime-budget comparison,VNS,cmt101c_m3,2,2500,13.720634825000161,13.470634825000161,13703,1100.0,1300.0,15.384615384615385,357.5030486401373,61,13.46703609999986,0.2535987250003018,True,,hard_wall,True,runtime_4methods_csv:143
Runtime-budget comparison,VNS,cmt101c_m3,3,2500,13.720634825000161,13.470634825000161,13270,1100.0,1300.0,15.384615384615385,356.1850010113745,61,13.465551600000026,0.2550832250001349,True,,hard_wall,True,runtime_4methods_csv:144
Runtime-budget comparison,VNS,cmt151b_m3,0,2500,23.452230249999957,23.202230249999957,21495,1217.0,1385.0,12.129963898916968,345.29790905593444,66,23.198017599999957,0.2542126499999995,True,,hard_wall,True,runtime_4methods_csv:157
Runtime-budget comparison,VNS,cmt151b_m3,1,2500,23.452230249999957,23.202230249999957,21527,1176.0,1385.0,15.090252707581227,343.7620609093372,66,23.19954329999996,0.2526869499999975,True,,hard_wall,True,runtime_4methods_csv:158
Runtime-budget comparison,VNS,cmt151b_m3,2,2500,23.452230249999957,23.202230249999957,20973,1170.0,1385.0,15.52346570397112,337.2129330480983,67,23.199082599999883,0.25314765000007355,True,,hard_wall,True,runtime_4methods_csv:159
Runtime-budget comparison,VNS,cmt151b_m3,3,2500,23.452230249999957,23.202230249999957,20982,1170.0,1385.0,15.52346570397112,337.2129330480983,67,23.198430300000155,0.25379994999980227,True,,hard_wall,True,runtime_4methods_csv:160
Runtime-budget comparison,VNS,cmt151c_m2,0,2500,35.23979887500013,34.98979887500013,9748,1897.0,1964.0,3.4114052953156824,524.1323894744736,108,34.9854191999998,0.25437967500033665,True,,hard_wall,True,runtime_4methods_csv:173
Runtime-budget comparison,VNS,cmt151c_m2,1,2500,35.23979887500013,34.98979887500013,9680,1875.0,1964.0,4.531568228105907,520.9750811801939,108,34.9706898999998,0.2691089750003357,True,,hard_wall,True,runtime_4methods_csv:174
Runtime-budget comparison,VNS,cmt151c_m2,2,2500,35.23979887500013,34.98979887500013,9890,1870.0,1964.0,4.786150712830957,519.9505596840531,106,34.97939400000041,0.26040487499972187,True,,hard_wall,True,runtime_4methods_csv:175
Runtime-budget comparison,VNS,cmt151c_m2,3,2500,35.23979887500013,34.98979887500013,9819,1900.0,1964.0,3.258655804480652,523.911876121781,108,34.98322550000012,0.2565733750000163,True,,hard_wall,True,runtime_4methods_csv:176
Runtime-budget comparison,VNS,cmt151c_m3,0,2500,29.997989475000168,29.747989475000168,9125,1830.0,1916.0,4.488517745302714,521.6222917984256,105,29.734508800000185,0.2634806749999825,True,,hard_wall,True,runtime_4methods_csv:189
Runtime-budget comparison,VNS,cmt151c_m3,1,2500,29.997989475000168,29.747989475000168,9628,1720.0,1916.0,10.22964509394572,515.5338757855691,102,29.73870990000023,0.2592795749999368,True,,hard_wall,True,runtime_4methods_csv:190
Runtime-budget comparison,VNS,cmt151c_m3,2,2500,29.997989475000168,29.747989475000168,9350,1802.0,1916.0,5.949895615866389,521.7342758528836,105,29.744332300000224,0.2536571749999439,True,,hard_wall,True,runtime_4methods_csv:191
Runtime-budget comparison,VNS,cmt151c_m3,3,2500,29.997989475000168,29.747989475000168,9368,1830.0,1916.0,4.488517745302714,521.8925930265957,105,29.73945810000032,0.2585313749998477,True,,hard_wall,True,runtime_4methods_csv:192
Runtime-budget comparison,VNS,cmt151c_m4,0,2500,25.793135625000104,25.543135625000104,9882,1740.0,1880.0,7.446808510638298,512.3449209607322,99,25.532826800000294,0.2603088249998109,True,,hard_wall,True,runtime_4methods_csv:205
Runtime-budget comparison,VNS,cmt151c_m4,1,2500,25.793135625000104,25.543135625000104,10108,1738.0,1880.0,7.553191489361702,511.03309470814855,98,25.514622900000177,0.27851272499992774,True,,hard_wall,True,runtime_4methods_csv:206
Runtime-budget comparison,VNS,cmt151c_m4,2,2500,25.793135625000104,25.543135625000104,10484,1706.0,1880.0,9.25531914893617,513.2440989388755,96,25.536295899999914,0.2568397250001908,True,,hard_wall,True,runtime_4methods_csv:207
Runtime-budget comparison,VNS,cmt151c_m4,3,2500,25.793135625000104,25.543135625000104,10447,1736.0,1880.0,7.659574468085107,512.5159725855929,98,25.537160700000186,0.2559749249999186,True,,hard_wall,True,runtime_4methods_csv:208
Runtime-budget comparison,VNS,cmt200b_m2,0,2500,61.60824172499974,61.300200516374744,21067,1804.0,2096.0,13.931297709923664,376.1420234627825,98,61.28964340000039,0.3185983249993569,True,,hard_wall,True,runtime_4methods_csv:221
Runtime-budget comparison,VNS,cmt200b_m2,1,2500,61.60824172499974,61.300200516374744,21531,1804.0,2096.0,13.931297709923664,377.6521949799776,98,61.288773899999796,0.31946782499994697,True,,hard_wall,True,runtime_4methods_csv:222
Runtime-budget comparison,VNS,cmt200b_m2,2,2500,61.60824172499974,61.300200516374744,20558,1804.0,2096.0,13.931297709923664,377.6521949799776,98,61.28821229999994,0.32002942499980236,True,,hard_wall,True,runtime_4methods_csv:223
Runtime-budget comparison,VNS,cmt200b_m2,3,2500,61.60824172499974,61.300200516374744,21315,1804.0,2096.0,13.931297709923664,376.1420234627825,98,61.289390699999785,0.3188510249999581,True,,hard_wall,True,runtime_4methods_csv:224
Runtime-budget comparison,VNS,cmt200b_m3,0,2500,43.168239249999715,42.918239249999715,17795,1708.0,2019.0,15.403665180782566,379.43062848859586,92,42.91105349999998,0.257185749999735,True,,hard_wall,True,runtime_4methods_csv:237
Runtime-budget comparison,VNS,cmt200b_m3,1,2500,43.168239249999715,42.918239249999715,17932,1698.0,2019.0,15.898959881129272,375.44197979798,91,42.911750199999915,0.25648904999980005,True,,hard_wall,True,runtime_4methods_csv:238
Runtime-budget comparison,VNS,cmt200b_m3,2,2500,43.168239249999715,42.918239249999715,17749,1685.0,2019.0,16.54284299157999,371.5142010064658,92,42.911116199999924,0.25712304999979096,True,,hard_wall,True,runtime_4methods_csv:239
Runtime-budget comparison,VNS,cmt200b_m3,3,2500,43.168239249999715,42.918239249999715,17785,1684.0,2019.0,16.592372461614662,370.9210381305525,92,42.91328419999991,0.25495504999980767,True,,hard_wall,True,runtime_4methods_csv:240
Runtime-budget comparison,VNS,cmt200b_m4,0,2500,36.43267667500004,36.18267667500004,17881,1533.0,1894.0,19.060190073917635,352.92392148665715,88,36.17848570000024,0.25419097499980126,True,,hard_wall,True,runtime_4methods_csv:253
Runtime-budget comparison,VNS,cmt200b_m4,1,2500,36.43267667500004,36.18267667500004,17898,1533.0,1894.0,19.060190073917635,352.92392148665715,88,36.175974900000256,0.2567017749997831,True,,hard_wall,True,runtime_4methods_csv:254
Runtime-budget comparison,VNS,cmt200b_m4,2,2500,36.43267667500004,36.18267667500004,18531,1533.0,1894.0,19.060190073917635,346.9901064318033,88,36.17862060000061,0.2540560749994256,True,,hard_wall,True,runtime_4methods_csv:255
Runtime-budget comparison,VNS,cmt200b_m4,3,2500,36.43267667500004,36.18267667500004,17791,1533.0,1894.0,19.060190073917635,352.92392148665715,88,36.1784746000003,0.2542020749997391,True,,hard_wall,True,runtime_4methods_csv:256
Runtime-budget comparison,VNS,cmt200c_m2,0,2500,74.74050765000015,74.36680511175015,10996,2494.0,2818.0,11.497515968772179,564.5263955169835,139,74.34987960000035,0.3906280499998047,True,,hard_wall,True,runtime_4methods_csv:269
Runtime-budget comparison,VNS,cmt200c_m2,1,2500,74.74050765000015,74.36680511175015,11257,2475.0,2818.0,12.171753016323633,566.5982329136996,136,74.36000940000031,0.38049824999984594,True,,hard_wall,True,runtime_4methods_csv:270
Runtime-budget comparison,VNS,cmt200c_m2,2,2500,74.74050765000015,74.36680511175015,11143,2491.0,2818.0,11.603974449964515,562.4619004147376,138,74.3461443999995,0.39436325000065153,True,,hard_wall,True,runtime_4methods_csv:271
Runtime-budget comparison,VNS,cmt200c_m2,3,2500,74.74050765000015,74.36680511175015,11362,2479.0,2818.0,12.029808374733854,562.9050240612564,138,74.34367460000067,0.3968330499994863,True,,hard_wall,True,runtime_4methods_csv:272
Runtime-budget comparison,VNS,cmt200c_m3,0,2500,57.302805800000215,57.01629177100021,9210,2531.0,2766.0,8.496023138105567,562.2942052698965,139,56.999156400000174,0.30364940000004026,True,,hard_wall,True,runtime_4methods_csv:285
Runtime-budget comparison,VNS,cmt200c_m3,1,2500,57.302805800000215,57.01629177100021,9111,2530.0,2766.0,8.532176428054953,561.2349053843757,139,57.003301900000224,0.2995038999999906,True,,hard_wall,True,runtime_4methods_csv:286
Runtime-budget comparison,VNS,cmt200c_m3,2,2500,57.302805800000215,57.01629177100021,8081,2592.0,2766.0,6.290672451193059,563.0502744781418,143,56.998715800000355,0.3040899999998601,True,,hard_wall,True,runtime_4methods_csv:287
Runtime-budget comparison,VNS,cmt200c_m3,3,2500,57.302805800000215,57.01629177100021,9223,2530.0,2766.0,8.532176428054953,557.782085047407,139,57.00140470000042,0.3014010999997936,True,,hard_wall,True,runtime_4methods_csv:288
Runtime-budget comparison,VNS,cmt200c_m4,0,2500,49.67051197500018,49.42051197500018,8326,2475.0,2712.0,8.738938053097344,559.4859799508502,138,49.41240260000086,0.2581093749993215,True,,hard_wall,True,runtime_4methods_csv:301
Runtime-budget comparison,VNS,cmt200c_m4,1,2500,49.67051197500018,49.42051197500018,8330,2475.0,2712.0,8.738938053097344,558.9564885303664,138,49.4063172999995,0.26419467500068095,True,,hard_wall,True,runtime_4methods_csv:302
Runtime-budget comparison,VNS,cmt200c_m4,2,2500,49.67051197500018,49.42051197500018,8388,2440.0,2712.0,10.029498525073747,553.7190697097662,137,49.38890849999916,0.28160347500102034,True,,hard_wall,True,runtime_4methods_csv:303
Runtime-budget comparison,VNS,cmt200c_m4,3,2500,49.67051197500018,49.42051197500018,8277,2475.0,2712.0,8.738938053097344,558.9564885303664,138,49.40913790000013,0.26137407500004883,True,,hard_wall,True,runtime_4methods_csv:304
Runtime-budget comparison,VNS,eil101b_m3,0,2500,11.140341025000225,10.890341025000225,21232,787.0,916.0,14.08296943231441,298.98335004974035,46,10.88883899999928,0.25150202500094565,True,,hard_wall,True,runtime_4methods_csv:317
Runtime-budget comparison,VNS,eil101b_m3,1,2500,11.140341025000225,10.890341025000225,20999,813.0,916.0,11.244541484716157,309.8650815965307,47,10.889019700000063,0.2513213250001627,True,,hard_wall,True,runtime_4methods_csv:318
Runtime-budget comparison,VNS,eil101b_m3,2,2500,11.140341025000225,10.890341025000225,21239,787.0,916.0,14.08296943231441,298.98335004974035,46,10.888645199998791,0.25169582500143406,True,,hard_wall,True,runtime_4methods_csv:319
Runtime-budget comparison,VNS,eil101b_m3,3,2500,11.140341025000225,10.890341025000225,21128,787.0,916.0,14.08296943231441,298.98335004974035,46,10.888719999999012,0.25162102500121364,True,,hard_wall,True,runtime_4methods_csv:320
Runtime-budget comparison,VNS,eil101c_m2,0,2500,16.907939650000117,16.657939650000117,11762,1237.0,1305.0,5.210727969348659,463.05674767285916,72,16.653827699999965,0.2541119500001514,True,,hard_wall,True,runtime_4methods_csv:333
Runtime-budget comparison,VNS,eil101c_m2,1,2500,16.907939650000117,16.657939650000117,11638,1255.0,1305.0,3.8314176245210727,465.6021264267597,72,16.653836800000136,0.2541028499999811,True,,hard_wall,True,runtime_4methods_csv:334
Runtime-budget comparison,VNS,eil101c_m2,2,2500,16.907939650000117,16.657939650000117,13608,1232.0,1305.0,5.593869731800766,468.0143135652122,70,16.654135799999494,0.25380385000062233,True,,hard_wall,True,runtime_4methods_csv:335
Runtime-budget comparison,VNS,eil101c_m2,3,2500,16.907939650000117,16.657939650000117,11364,1261.0,1305.0,3.371647509578544,463.1096134151316,73,16.654280599999765,0.25365905000035127,True,,hard_wall,True,runtime_4methods_csv:336
Runtime-budget comparison,VNS,eil101c_m3,0,2500,14.348517775000118,14.098517775000118,12895,1115.0,1251.0,10.871302957633892,456.52164374191466,67,14.096438799999305,0.25207897500081344,True,,hard_wall,True,runtime_4methods_csv:349
Runtime-budget comparison,VNS,eil101c_m3,1,2500,14.348517775000118,14.098517775000118,13025,1150.0,1251.0,8.073541167066347,461.8009301967309,66,14.095377899999221,0.2531398750008975,True,,hard_wall,True,runtime_4methods_csv:350
Runtime-budget comparison,VNS,eil101c_m3,2,2500,14.348517775000118,14.098517775000118,12663,1153.0,1251.0,7.8337330135891285,466.43107628268103,69,14.095292500000141,0.25322527499997705,True,,hard_wall,True,runtime_4methods_csv:351
Runtime-budget comparison,VNS,eil101c_m3,3,2500,14.348517775000118,14.098517775000118,12861,1115.0,1251.0,10.871302957633892,457.13799512975197,67,14.095543299999918,0.252974475000201,True,,hard_wall,True,runtime_4methods_csv:352
Runtime-budget comparison,VNS,gil262_gen1_m3,0,2500,41.54455177500017,41.29455177500017,26150,79.0,101.0,21.782178217821784,1091.5801347268573,79,41.29052039999988,0.25403137500029516,True,,hard_wall,True,runtime_4methods_csv:365
Runtime-budget comparison,VNS,gil262_gen1_m3,1,2500,41.54455177500017,41.29455177500017,21651,81.0,101.0,19.801980198019802,1133.6754754508656,81,41.28904019999936,0.2555115750008099,True,,hard_wall,True,runtime_4methods_csv:366
Runtime-budget comparison,VNS,gil262_gen1_m3,2,2500,41.54455177500017,41.29455177500017,21708,81.0,101.0,19.801980198019802,1133.6754754508656,81,41.28869340000165,0.2558583749985246,True,,hard_wall,True,runtime_4methods_csv:367
Runtime-budget comparison,VNS,gil262_gen1_m3,3,2500,41.54455177500017,41.29455177500017,21227,81.0,101.0,19.801980198019802,1133.6754754508656,81,41.272308700001304,0.2722430749988689,True,,hard_wall,True,runtime_4methods_csv:368
Runtime-budget comparison,VNS,gil262_gen1_m4,0,2500,29.95938504999981,29.70938504999981,28772,64.0,78.0,17.94871794871795,1046.9220979665402,64,29.70274160000008,0.25664344999972855,True,,hard_wall,True,runtime_4methods_csv:381
Runtime-budget comparison,VNS,gil262_gen1_m4,1,2500,29.95938504999981,29.70938504999981,28409,64.0,78.0,17.94871794871795,1046.9220979665402,64,29.7060494999987,0.2533355500011112,True,,hard_wall,True,runtime_4methods_csv:382
Runtime-budget comparison,VNS,gil262_gen1_m4,2,2500,29.95938504999981,29.70938504999981,28537,64.0,78.0,17.94871794871795,1045.7139483655196,64,29.707722600000125,0.2516624499996851,True,,hard_wall,True,runtime_4methods_csv:383
Runtime-budget comparison,VNS,gil262_gen1_m4,3,2500,29.95938504999981,29.70938504999981,28540,64.0,78.0,17.94871794871795,1036.1622028517859,64,29.70597850000013,0.2534065499996814,True,,hard_wall,True,runtime_4methods_csv:384
Runtime-budget comparison,VNS,gil262_gen2_m2,0,2500,90.52335557499987,90.07073879712487,26665,6055.0,7498.0,19.24513203520939,1169.4964103837215,102,90.05979339999976,0.46356217500010644,True,,hard_wall,True,runtime_4methods_csv:397
Runtime-budget comparison,VNS,gil262_gen2_m2,1,2500,90.52335557499987,90.07073879712487,26452,6050.0,7498.0,19.311816484395838,1171.8761245128621,102,90.06230359999972,0.46105197500014583,True,,hard_wall,True,runtime_4methods_csv:398
Runtime-budget comparison,VNS,gil262_gen2_m2,2,2500,90.52335557499987,90.07073879712487,26350,5983.0,7498.0,20.205388103494265,1169.6481364959968,102,90.05085060000056,0.47250497499931043,True,,hard_wall,True,runtime_4methods_csv:399
Runtime-budget comparison,VNS,gil262_gen2_m2,3,2500,90.52335557499987,90.07073879712487,26416,5983.0,7498.0,20.205388103494265,1167.0830648643414,102,90.0614158999997,0.46193967500016697,True,,hard_wall,True,runtime_4methods_csv:400
Runtime-budget comparison,VNS,gil262_gen2_m3,0,2500,45.5297865,45.2797865,24032,4820.0,5615.0,14.158504007123776,1165.2737826241091,82,45.27446150000105,0.25532499999894753,True,,hard_wall,True,runtime_4methods_csv:413
Runtime-budget comparison,VNS,gil262_gen2_m3,1,2500,45.5297865,45.2797865,23661,4811.0,5615.0,14.318788958147818,1153.7131110841458,81,45.273581999999806,0.25620450000019446,True,,hard_wall,True,runtime_4methods_csv:414
Runtime-budget comparison,VNS,gil262_gen2_m3,2,2500,45.5297865,45.2797865,24000,4820.0,5615.0,14.158504007123776,1165.2737826241091,82,45.27559889999975,0.2541876000002503,True,,hard_wall,True,runtime_4methods_csv:415
Runtime-budget comparison,VNS,gil262_gen2_m3,3,2500,45.5297865,45.2797865,23869,4820.0,5615.0,14.158504007123776,1165.2737826241091,82,45.27686429999994,0.2529222000000573,True,,hard_wall,True,runtime_4methods_csv:416
Runtime-budget comparison,VNS,gil262_gen3_m2,0,2500,90.57186982500025,90.11901047587524,26234,4180.0,7183.0,41.807044410413475,1127.5999957250747,102,90.1142319999999,0.4576378250003472,True,,hard_wall,True,runtime_4methods_csv:429
Runtime-budget comparison,VNS,gil262_gen3_m2,1,2500,90.57186982500025,90.11901047587524,26201,4180.0,7183.0,41.807044410413475,1117.3894027622569,102,90.10746449999897,0.4644053250012803,True,,hard_wall,True,runtime_4methods_csv:430
Runtime-budget comparison,VNS,gil262_gen3_m2,2,2500,90.57186982500025,90.11901047587524,26078,4180.0,7183.0,41.807044410413475,1114.8243311306012,102,90.11182019999978,0.4600496250004653,True,,hard_wall,True,runtime_4methods_csv:431
Runtime-budget comparison,VNS,gil262_gen3_m2,3,2500,90.57186982500025,90.11901047587524,26128,4180.0,7183.0,41.807044410413475,1114.8243311306012,102,90.11419980000028,0.45767002499997034,True,,hard_wall,True,runtime_4methods_csv:432
Runtime-budget comparison,VNS,gil262_gen3_m4,0,2500,35.10205910000013,34.85205910000013,31280,2019.0,2507.0,19.465496609493417,1116.3139403236753,67,34.849706299999525,0.2523528000006081,True,,hard_wall,True,runtime_4methods_csv:445
Runtime-budget comparison,VNS,gil262_gen3_m4,1,2500,35.10205910000013,34.85205910000013,31388,2019.0,2507.0,19.465496609493417,1116.3139403236753,67,34.84210519999942,0.25995390000070984,True,,hard_wall,True,runtime_4methods_csv:446
Runtime-budget comparison,VNS,gil262_gen3_m4,2,2500,35.10205910000013,34.85205910000013,31602,2019.0,2507.0,19.465496609493417,1103.9893007897767,67,34.84756560000096,0.25449349999917104,True,,hard_wall,True,runtime_4methods_csv:447
Runtime-budget comparison,VNS,gil262_gen3_m4,3,2500,35.10205910000013,34.85205910000013,31733,2019.0,2507.0,19.465496609493417,1116.3139403236753,67,34.849639100000786,0.25241999999934706,True,,hard_wall,True,runtime_4methods_csv:448
Runtime-budget comparison,VNS,gil262a_m2,0,2500,36.572948849999875,36.322948849999875,42408,3078.0,4078.0,24.521824423737126,559.7818047424103,59,36.319612600000255,0.2533362499996201,True,,hard_wall,True,runtime_4methods_csv:461
Runtime-budget comparison,VNS,gil262a_m2,1,2500,36.572948849999875,36.322948849999875,42356,3078.0,4078.0,24.521824423737126,559.7818047424103,59,36.316969999999856,0.2559788500000195,True,,hard_wall,True,runtime_4methods_csv:462
Runtime-budget comparison,VNS,gil262a_m2,2,2500,36.572948849999875,36.322948849999875,41933,3078.0,4078.0,24.521824423737126,559.7818047424103,59,36.30924279999999,0.26370604999988245,True,,hard_wall,True,runtime_4methods_csv:463
Runtime-budget comparison,VNS,gil262a_m2,3,2500,36.572948849999875,36.322948849999875,42223,3078.0,4078.0,24.521824423737126,559.7818047424103,59,36.320390200000475,0.2525586499994006,True,,hard_wall,True,runtime_4methods_csv:464
Runtime-budget comparison,VNS,gil262a_m4,0,2500,20.958374275000324,20.708374275000324,36921,2561.0,3175.0,19.338582677165356,547.0700079499128,48,20.706741599999077,0.25163267500124675,True,,hard_wall,True,runtime_4methods_csv:477
Runtime-budget comparison,VNS,gil262a_m4,1,2500,20.958374275000324,20.708374275000324,36167,2561.0,3175.0,19.338582677165356,550.3874508862198,48,20.70690359999935,0.25147067500097364,True,,hard_wall,True,runtime_4methods_csv:478
Runtime-budget comparison,VNS,gil262a_m4,2,2500,20.958374275000324,20.708374275000324,36387,2561.0,3175.0,19.338582677165356,547.2975804764563,48,20.706922100000156,0.2514521750001677,True,,hard_wall,True,runtime_4methods_csv:479
Runtime-budget comparison,VNS,gil262a_m4,3,2500,20.958374275000324,20.708374275000324,37598,2561.0,3175.0,19.338582677165356,547.0700079499128,48,20.706776400000308,0.25159787500001585,True,,hard_wall,True,runtime_4methods_csv:480
Runtime-budget comparison,VNS,gil262b_m2,0,2500,87.55881489999979,87.12102082549978,23816,5997.0,8081.0,25.788887513921544,1181.584739091435,109,87.11411179999959,0.4447031000001971,True,,hard_wall,True,runtime_4methods_csv:493
Runtime-budget comparison,VNS,gil262b_m2,1,2500,87.55881489999979,87.12102082549978,21331,6041.0,8081.0,25.24440044548942,1185.687559361905,111,87.11010929999975,0.44870560000003934,True,,hard_wall,True,runtime_4methods_csv:494
Runtime-budget comparison,VNS,gil262b_m2,2,2500,87.55881489999979,87.12102082549978,23121,6005.0,8081.0,25.689889865115703,1179.4822540478342,110,87.10961959999986,0.44919529999992847,True,,hard_wall,True,runtime_4methods_csv:495
Runtime-budget comparison,VNS,gil262b_m2,3,2500,87.55881489999979,87.12102082549978,20997,6004.0,8081.0,25.702264571216432,1177.956016961059,112,87.11011910000161,0.4486957999981769,True,,hard_wall,True,runtime_4methods_csv:496
Runtime-budget comparison,VNS,gil262b_m3,0,2500,64.91935212499993,64.59475536437493,18970,5674.0,7585.0,25.194462755438366,1084.1560310169618,108,64.58429690000048,0.33505522499945073,True,,hard_wall,True,runtime_4methods_csv:509
Runtime-budget comparison,VNS,gil262b_m3,1,2500,64.91935212499993,64.59475536437493,18761,5675.0,7585.0,25.181278839815427,1087.6240949583164,109,64.58187590000307,0.3374762249968626,True,,hard_wall,True,runtime_4methods_csv:510
Runtime-budget comparison,VNS,gil262b_m3,2,2500,64.91935212499993,64.59475536437493,16817,5715.0,7585.0,24.653922214897825,1120.103613549135,111,64.58206509999945,0.337287025000478,True,,hard_wall,True,runtime_4methods_csv:511
Runtime-budget comparison,VNS,gil262b_m3,3,2500,64.91935212499993,64.59475536437493,19180,5674.0,7585.0,25.194462755438366,1107.2430263231106,108,64.5869234999991,0.3324286250008299,True,,hard_wall,True,runtime_4methods_csv:512
Runtime-budget comparison,VNS,gil262b_m4,0,2500,51.18372272500005,50.92780411137505,16145,5509.0,6781.0,18.758295236690753,1111.2522874291542,104,50.916851800000586,0.2668709249994663,True,,hard_wall,True,runtime_4methods_csv:525
Runtime-budget comparison,VNS,gil262b_m4,1,2500,51.18372272500005,50.92780411137505,16245,5600.0,6781.0,17.41631027871995,1160.301548906024,104,50.9190079,0.2647148250000555,True,,hard_wall,True,runtime_4methods_csv:526
Runtime-budget comparison,VNS,gil262b_m4,2,2500,51.18372272500005,50.92780411137505,16523,5489.0,6781.0,19.053236985695325,1105.08554204563,102,50.91996629999994,0.26375642500011054,True,,hard_wall,True,runtime_4methods_csv:527
Runtime-budget comparison,VNS,gil262b_m4,3,2500,51.18372272500005,50.92780411137505,16389,5489.0,6781.0,19.053236985695325,1105.08554204563,102,50.91661849999946,0.26710422500059394,True,,hard_wall,True,runtime_4methods_csv:528
Runtime-budget comparison,VNS,gil262c_m2,0,2500,118.90269032499987,118.30817687337486,8872,10432.0,11030.0,5.42157751586582,1773.201582676602,180,118.28298550000181,0.6197048249980526,True,,hard_wall,True,runtime_4methods_csv:541
Runtime-budget comparison,VNS,gil262c_m2,1,2500,118.90269032499987,118.30817687337486,8981,10681.0,11030.0,3.1640979147778787,1778.7173882863913,178,118.28225829999792,0.6204320250019464,True,,hard_wall,True,runtime_4methods_csv:542
Runtime-budget comparison,VNS,gil262c_m2,2,2500,118.90269032499987,118.30817687337486,8828,10626.0,11030.0,3.662737987307344,1782.4082368199706,179,118.29119770000034,0.6114926249995278,True,,hard_wall,True,runtime_4methods_csv:543
Runtime-budget comparison,VNS,gil262c_m2,3,2500,118.90269032499987,118.30817687337486,8935,10604.0,11030.0,3.8621940163191297,1772.2823746306544,177,118.27733730000182,0.6253530249980486,True,,hard_wall,True,runtime_4methods_csv:544
Runtime-budget comparison,VNS,gil262c_m3,0,2500,90.03205027499985,89.58189002362485,8718,9083.0,10757.0,15.561959654178674,1769.7978704175973,166,89.56386810000186,0.46818217499799175,True,,hard_wall,True,runtime_4methods_csv:557
Runtime-budget comparison,VNS,gil262c_m3,1,2500,90.03205027499985,89.58189002362485,8546,9683.0,10757.0,9.984196337268756,1759.9594572886194,167,89.55909830000019,0.4729519749996598,True,,hard_wall,True,runtime_4methods_csv:558
Runtime-budget comparison,VNS,gil262c_m3,2,2500,90.03205027499985,89.58189002362485,8703,9739.0,10757.0,9.463605094357163,1769.2367788605802,166,89.54657280000174,0.4854774749981061,True,,hard_wall,True,runtime_4methods_csv:559
Runtime-budget comparison,VNS,gil262c_m3,3,2500,90.03205027499985,89.58189002362485,8566,9772.0,10757.0,9.156828111927117,1778.7349527078127,170,89.55428229999961,0.4777679750002335,True,,hard_wall,True,runtime_4methods_csv:560
Runtime-budget comparison,VNS,gil262c_m4,0,2500,78.50297740000042,78.11046251300041,10639,7940.0,10281.0,22.77015854488863,1748.660535128629,150,78.08569510000234,0.4172822999980781,True,,hard_wall,True,runtime_4methods_csv:573
Runtime-budget comparison,VNS,gil262c_m4,1,2500,78.50297740000042,78.11046251300041,10611,8032.0,10281.0,21.875303958758877,1774.178659531694,150,78.09006759999829,0.41290980000212585,True,,hard_wall,True,runtime_4methods_csv:574
Runtime-budget comparison,VNS,gil262c_m4,2,2500,78.50297740000042,78.11046251300041,10271,8479.0,10281.0,17.527477871802354,1746.7831851210676,153,78.08695169999919,0.41602570000122796,True,,hard_wall,True,runtime_4methods_csv:575
Runtime-budget comparison,VNS,gil262c_m4,3,2500,78.50297740000042,78.11046251300041,10562,7868.0,10281.0,23.470479525338003,1760.9086581975835,150,78.08999129999938,0.4129861000010351,True,,hard_wall,True,runtime_4methods_csv:576
Runtime-budget comparison,VNS,gr229_gen1_m4,0,2500,54.22746647500003,53.95632914262503,3836,220.0,223.0,1.345291479820628,1666.511020373523,220,53.914811999999074,0.31265447500095433,True,,hard_wall,True,runtime_4methods_csv:589
Runtime-budget comparison,VNS,gr229_gen1_m4,1,2500,54.22746647500003,53.95632914262503,3642,219.0,223.0,1.7937219730941705,1555.6765540732583,219,53.91894399999728,0.30852247500274643,True,,hard_wall,True,runtime_4methods_csv:590
Runtime-budget comparison,VNS,gr229_gen1_m4,2,2500,54.22746647500003,53.95632914262503,3724,220.0,223.0,1.345291479820628,1546.5645839692527,220,53.91694379999899,0.3105226750010388,True,,hard_wall,True,runtime_4methods_csv:591
Runtime-budget comparison,VNS,gr229_gen1_m4,3,2500,54.22746647500003,53.95632914262503,3751,220.0,223.0,1.345291479820628,1595.1319563930092,220,53.897372300001734,0.33009417499829397,True,,hard_wall,True,runtime_4methods_csv:592
Runtime-budget comparison,VNS,gr229_gen2_m3,0,2500,45.25229902499996,45.00229902499996,2857,11120.0,11566.0,3.856130036313332,1396.161080878891,220,44.946524099999806,0.3057749250001507,True,,hard_wall,True,runtime_4methods_csv:605
Runtime-budget comparison,VNS,gr229_gen2_m3,1,2500,45.25229902499996,45.00229902499996,2860,11120.0,11566.0,3.856130036313332,1391.4732659225833,220,44.981114700000035,0.27118432499992196,True,,hard_wall,True,runtime_4methods_csv:606
Runtime-budget comparison,VNS,gr229_gen2_m3,2,2500,45.25229902499996,45.00229902499996,3079,11326.0,11566.0,2.0750475531730936,1731.8948840828011,224,44.967629200000374,0.2846698249995825,True,,hard_wall,True,runtime_4methods_csv:607
Runtime-budget comparison,VNS,gr229_gen2_m3,3,2500,45.25229902499996,45.00229902499996,2811,11120.0,11566.0,3.856130036313332,1414.472962415833,220,44.96893470000214,0.2833643249978195,True,,hard_wall,True,runtime_4methods_csv:608
Runtime-budget comparison,VNS,gr229_gen2_m4,0,2500,69.16926597499992,68.82341964512491,4778,11120.0,11355.0,2.0695728753852927,1526.913146209163,220,68.76729070000147,0.4019752749984491,True,,hard_wall,True,runtime_4methods_csv:621
Runtime-budget comparison,VNS,gr229_gen2_m4,1,2500,69.16926597499992,68.82341964512491,4850,11120.0,11355.0,2.0695728753852927,1607.959990066796,220,68.77349089999916,0.39577507500075626,True,,hard_wall,True,runtime_4methods_csv:622
Runtime-budget comparison,VNS,gr229_gen2_m4,2,2500,69.16926597499992,68.82341964512491,4975,11120.0,11355.0,2.0695728753852927,1602.6777435683327,220,68.77963340000133,0.3896325749985863,True,,hard_wall,True,runtime_4methods_csv:623
Runtime-budget comparison,VNS,gr229_gen2_m4,3,2500,69.16926597499992,68.82341964512491,4789,11120.0,11355.0,2.0695728753852927,1555.2011350161483,220,68.7719651999978,0.39730077500212246,True,,hard_wall,True,runtime_4methods_csv:624
Runtime-budget comparison,VNS,gr229_gen3_m3,0,2500,42.98476207500016,42.73476207500016,2666,7355.0,8056.0,8.701588877855015,1376.7236057811185,220,42.700085799999215,0.2846762750009475,True,,hard_wall,True,runtime_4methods_csv:637
Runtime-budget comparison,VNS,gr229_gen3_m3,1,2500,42.98476207500016,42.73476207500016,2652,7355.0,8056.0,8.701588877855015,1370.2050734009447,220,42.716297200000554,0.2684648749996086,True,,hard_wall,True,runtime_4methods_csv:638
Runtime-budget comparison,VNS,gr229_gen3_m3,2,2500,42.98476207500016,42.73476207500016,2645,7355.0,8056.0,8.701588877855015,1365.2291989613461,220,42.71122259999902,0.27353947500114373,True,,hard_wall,True,runtime_4methods_csv:639
Runtime-budget comparison,VNS,gr229_gen3_m3,3,2500,42.98476207500016,42.73476207500016,2652,7355.0,8056.0,8.701588877855015,1373.1157557426377,220,42.702987500000745,0.2817745749994174,True,,hard_wall,True,runtime_4methods_csv:640
Runtime-budget comparison,VNS,gr229_gen3_m4,0,2500,86.95338342499963,86.51861650787463,5269,7042.0,7651.0,7.959743824336688,1561.9420754628024,216,86.47564770000099,0.47773572499863803,True,,hard_wall,True,runtime_4methods_csv:653
Runtime-budget comparison,VNS,gr229_gen3_m4,1,2500,86.95338342499963,86.51861650787463,5219,7042.0,7651.0,7.959743824336688,1542.7822234885755,216,86.47263649999877,0.480746925000858,True,,hard_wall,True,runtime_4methods_csv:654
Runtime-budget comparison,VNS,gr229_gen3_m4,2,2500,86.95338342499963,86.51861650787463,5964,7355.0,7651.0,3.868775323487126,1578.1640916381946,220,86.47044889999961,0.48293452500001877,True,,hard_wall,True,runtime_4methods_csv:655
Runtime-budget comparison,VNS,gr229_gen3_m4,3,2500,86.95338342499963,86.51861650787463,5108,6968.0,7651.0,8.92693765520847,1504.1188114567894,215,86.47455550000086,0.47882792499876814,True,,hard_wall,True,runtime_4methods_csv:656
Runtime-budget comparison,VNS,kroA150_gen2_m2,0,2500,36.216728274999696,35.966728274999696,30729,3671.0,4335.0,15.317185697808535,12715.113760741897,67,35.96333720000257,0.25339107499712554,True,,hard_wall,True,runtime_4methods_csv:669
Runtime-budget comparison,VNS,kroA150_gen2_m2,1,2500,36.216728274999696,35.966728274999696,30931,3671.0,4335.0,15.317185697808535,12715.113760741897,67,35.96498950000023,0.25173877499946684,True,,hard_wall,True,runtime_4methods_csv:670
Runtime-budget comparison,VNS,kroA150_gen2_m2,2,2500,36.216728274999696,35.966728274999696,30879,3671.0,4335.0,15.317185697808535,12715.113760741897,67,35.96474609999859,0.2519821750011033,True,,hard_wall,True,runtime_4methods_csv:671
Runtime-budget comparison,VNS,kroA150_gen2_m2,3,2500,36.216728274999696,35.966728274999696,30958,3671.0,4335.0,15.317185697808535,12715.113760741897,67,35.963811599998735,0.2529166750009608,True,,hard_wall,True,runtime_4methods_csv:672
Runtime-budget comparison,VNS,kroA150_gen3_m3,0,2500,23.301351624999825,23.051351624999825,30540,2079.0,2726.0,23.734409391049155,12692.264128121624,58,23.048172499999055,0.25317912500077,True,,hard_wall,True,runtime_4methods_csv:685
Runtime-budget comparison,VNS,kroA150_gen3_m3,1,2500,23.301351624999825,23.051351624999825,30454,2079.0,2726.0,23.734409391049155,12692.264128121624,58,23.048779699998704,0.2525719250011207,True,,hard_wall,True,runtime_4methods_csv:686
Runtime-budget comparison,VNS,kroA150_gen3_m3,2,2500,23.301351624999825,23.051351624999825,27557,2079.0,2726.0,23.734409391049155,12728.999213276838,58,23.041946699999244,0.259404925000581,True,,hard_wall,True,runtime_4methods_csv:687
Runtime-budget comparison,VNS,kroA150_gen3_m3,3,2500,23.301351624999825,23.051351624999825,27748,2079.0,2726.0,23.734409391049155,12692.264128121624,58,23.04109629999948,0.2602553250003439,True,,hard_wall,True,runtime_4methods_csv:688
Runtime-budget comparison,VNS,kroA200_gen1_m4,0,2500,23.759642525000118,23.509642525000118,23097,63.0,81.0,22.22222222222222,12958.490902582442,63,23.50607609999861,0.25356642500150883,True,,hard_wall,True,runtime_4methods_csv:701
Runtime-budget comparison,VNS,kroA200_gen1_m4,1,2500,23.759642525000118,23.509642525000118,23123,63.0,81.0,22.22222222222222,13276.070146393675,63,23.50653659999807,0.2531059250020462,True,,hard_wall,True,runtime_4methods_csv:702
Runtime-budget comparison,VNS,kroA200_gen1_m4,2,2500,23.759642525000118,23.509642525000118,22815,63.0,81.0,22.22222222222222,12871.245085586186,63,23.5066590000024,0.2529835249977168,True,,hard_wall,True,runtime_4methods_csv:703
Runtime-budget comparison,VNS,kroA200_gen1_m4,3,2500,23.759642525000118,23.509642525000118,22310,63.0,81.0,22.22222222222222,12871.245085586186,63,23.488014400001703,0.27162812499841493,True,,hard_wall,True,runtime_4methods_csv:704
Runtime-budget comparison,VNS,kroB200_gen1_m2,0,2500,41.53134917500006,41.28134917500006,21004,81.0,111.0,27.027027027027028,13534.331591341108,81,41.276363500001025,0.254985674999034,True,,hard_wall,True,runtime_4methods_csv:717
Runtime-budget comparison,VNS,kroB200_gen1_m2,1,2500,41.53134917500006,41.28134917500006,21072,81.0,111.0,27.027027027027028,13534.331591341108,81,41.278739000001224,0.25261017499883565,True,,hard_wall,True,runtime_4methods_csv:718
Runtime-budget comparison,VNS,kroB200_gen1_m2,2,2500,41.53134917500006,41.28134917500006,20987,81.0,111.0,27.027027027027028,13443.100139435544,81,41.27434030000222,0.25700887499783676,True,,hard_wall,True,runtime_4methods_csv:719
Runtime-budget comparison,VNS,kroB200_gen1_m2,3,2500,41.53134917500006,41.28134917500006,21127,81.0,111.0,27.027027027027028,13534.331591341108,81,41.276208600000245,0.2551405749998139,True,,hard_wall,True,runtime_4methods_csv:720
Runtime-budget comparison,VNS,kroB200_gen2_m2,0,2500,62.08210577499972,61.77169524612472,38355,4628.0,6185.0,25.17380759902991,13600.877774345163,77,61.745874500000355,0.33623127499936345,True,,hard_wall,True,runtime_4methods_csv:733
Runtime-budget comparison,VNS,kroB200_gen2_m2,1,2500,62.08210577499972,61.77169524612472,38835,4629.0,6185.0,25.157639450282943,13702.20708340859,77,61.767873699998745,0.31423207500097305,True,,hard_wall,True,runtime_4methods_csv:734
Runtime-budget comparison,VNS,kroB200_gen2_m2,2,2500,62.08210577499972,61.77169524612472,37956,4663.0,6185.0,24.607922392886014,13609.612931427691,78,61.76646550000078,0.3156402749989411,True,,hard_wall,True,runtime_4methods_csv:735
Runtime-budget comparison,VNS,kroB200_gen2_m2,3,2500,62.08210577499972,61.77169524612472,38444,4626.0,6185.0,25.206143896523848,13491.742743994244,77,61.76572959999976,0.3163761749999594,True,,hard_wall,True,runtime_4methods_csv:736
Runtime-budget comparison,VNS,kroB200_gen2_m4,0,2500,32.196645024999725,31.946645024999725,28728,4002.0,4944.0,19.053398058252426,13329.148061797037,68,31.94368469999972,0.25296032500000365,True,,hard_wall,True,runtime_4methods_csv:749
Runtime-budget comparison,VNS,kroB200_gen2_m4,1,2500,32.196645024999725,31.946645024999725,28927,4002.0,4944.0,19.053398058252426,13329.148061797037,68,31.943859000002703,0.25278602499702174,True,,hard_wall,True,runtime_4methods_csv:750
Runtime-budget comparison,VNS,kroB200_gen2_m4,2,2500,32.196645024999725,31.946645024999725,29032,4002.0,4944.0,19.053398058252426,13329.148061797037,68,31.9435702999981,0.25307472500162476,True,,hard_wall,True,runtime_4methods_csv:751
Runtime-budget comparison,VNS,kroB200_gen2_m4,3,2500,32.196645024999725,31.946645024999725,28883,4002.0,4944.0,19.053398058252426,13329.148061797037,68,31.936863099999755,0.2597819249999702,True,,hard_wall,True,runtime_4methods_csv:752
Runtime-budget comparison,VNS,kroB200_gen3_m2,0,2500,37.97947245,37.72947245,17795,2995.0,4765.0,37.14585519412382,13511.696285131206,86,37.72381260000111,0.25565984999889224,True,,hard_wall,True,runtime_4methods_csv:765
Runtime-budget comparison,VNS,kroB200_gen3_m2,1,2500,37.97947245,37.72947245,17835,2995.0,4765.0,37.14585519412382,13511.696285131206,86,37.72336859999996,0.256103850000045,True,,hard_wall,True,runtime_4methods_csv:766
Runtime-budget comparison,VNS,kroB200_gen3_m2,2,2500,37.97947245,37.72947245,17820,2995.0,4765.0,37.14585519412382,13511.696285131206,86,37.723994399999356,0.25547805000064727,True,,hard_wall,True,runtime_4methods_csv:767
Runtime-budget comparison,VNS,kroB200_gen3_m2,3,2500,37.97947245,37.72947245,17863,2995.0,4765.0,37.14585519412382,13511.696285131206,86,37.72586339999907,0.25360905000093226,True,,hard_wall,True,runtime_4methods_csv:768
Runtime-budget comparison,VNS,kroB200_gen3_m3,0,2500,40.62570832500023,40.37570832500023,28271,2326.0,3028.0,23.18361955085865,13141.03853582061,75,40.36835390000124,0.25735442499899364,True,,hard_wall,True,runtime_4methods_csv:781
Runtime-budget comparison,VNS,kroB200_gen3_m3,1,2500,40.62570832500023,40.37570832500023,28226,2326.0,3028.0,23.18361955085865,13165.63321186217,75,40.367478199998004,0.2582301250022283,True,,hard_wall,True,runtime_4methods_csv:782
Runtime-budget comparison,VNS,kroB200_gen3_m3,2,2500,40.62570832500023,40.37570832500023,28031,2326.0,3028.0,23.18361955085865,13165.63321186217,75,40.35253179999927,0.273176525000963,True,,hard_wall,True,runtime_4methods_csv:783
Runtime-budget comparison,VNS,kroB200_gen3_m3,3,2500,40.62570832500023,40.37570832500023,28084,2326.0,3028.0,23.18361955085865,13165.63321186217,75,40.37278270000024,0.25292562499998894,True,,hard_wall,True,runtime_4methods_csv:784
Runtime-budget comparison,VNS,lin318_gen1_m2,0,2500,101.44979787500006,100.94254888562506,11260,151.0,180.0,16.11111111111111,20558.488528854996,151,100.92630459999782,0.5234932750022381,True,,hard_wall,True,runtime_4methods_csv:797
Runtime-budget comparison,VNS,lin318_gen1_m2,1,2500,101.44979787500006,100.94254888562506,11221,151.0,180.0,16.11111111111111,20574.430232268267,151,100.91932110000198,0.5304767749980783,True,,hard_wall,True,runtime_4methods_csv:798
Runtime-budget comparison,VNS,lin318_gen1_m2,2,2500,101.44979787500006,100.94254888562506,11220,151.0,180.0,16.11111111111111,20598.41270002797,151,100.91976570000406,0.5300321749959949,True,,hard_wall,True,runtime_4methods_csv:799
Runtime-budget comparison,VNS,lin318_gen1_m2,3,2500,101.44979787500006,100.94254888562506,11273,151.0,180.0,16.11111111111111,20582.4709966147,151,100.92134910000459,0.5284487749954678,True,,hard_wall,True,runtime_4methods_csv:800
Runtime-budget comparison,VNS,lin318_gen1_m3,0,2500,70.91047490000028,70.55592252550028,14396,123.0,149.0,17.449664429530202,20597.127640832194,123,70.5463791000002,0.36409580000008646,True,,hard_wall,True,runtime_4methods_csv:813
Runtime-budget comparison,VNS,lin318_gen1_m3,1,2500,70.91047490000028,70.55592252550028,14896,121.0,149.0,18.79194630872483,19704.982331564068,121,70.54527849999431,0.36519640000597064,True,,hard_wall,True,runtime_4methods_csv:814
Runtime-budget comparison,VNS,lin318_gen1_m3,2,2500,70.91047490000028,70.55592252550028,14579,122.0,149.0,18.120805369127517,20185.24484999545,122,70.54494759999943,0.3655273000008492,True,,hard_wall,True,runtime_4methods_csv:815
Runtime-budget comparison,VNS,lin318_gen1_m3,3,2500,70.91047490000028,70.55592252550028,14163,123.0,149.0,17.449664429530202,20597.127640832194,123,70.54043739999906,0.37003750000121727,True,,hard_wall,True,runtime_4methods_csv:816
Runtime-budget comparison,VNS,lin318_gen2_m2,0,2500,162.0738855000002,161.26351607250018,20103,7594.0,9544.0,20.431684828164293,19570.20613671811,142,161.24949480000214,0.8243906999980481,True,,hard_wall,True,runtime_4methods_csv:829
Runtime-budget comparison,VNS,lin318_gen2_m2,1,2500,162.0738855000002,161.26351607250018,19789,7594.0,9544.0,20.431684828164293,19570.20613671811,142,161.2354981000026,0.8383873999976004,True,,hard_wall,True,runtime_4methods_csv:830
Runtime-budget comparison,VNS,lin318_gen2_m2,2,2500,162.0738855000002,161.26351607250018,20233,7594.0,9544.0,20.431684828164293,19571.567057423686,142,161.24416770000244,0.8297177999977521,True,,hard_wall,True,runtime_4methods_csv:831
Runtime-budget comparison,VNS,lin318_gen2_m2,3,2500,162.0738855000002,161.26351607250018,20452,7594.0,9544.0,20.431684828164293,19571.567057423686,142,161.24218719999772,0.831698300002472,True,,hard_wall,True,runtime_4methods_csv:832
Runtime-budget comparison,VNS,lin318_gen2_m3,0,2500,85.28340412500006,84.85698710437507,20811,6089.0,7807.0,22.005892148072242,19290.844472147455,115,84.83177119999891,0.4516329250011495,True,,hard_wall,True,runtime_4methods_csv:845
Runtime-budget comparison,VNS,lin318_gen2_m3,1,2500,85.28340412500006,84.85698710437507,20882,6089.0,7807.0,22.005892148072242,19290.844472147455,115,84.8324821999995,0.45092192500055717,True,,hard_wall,True,runtime_4methods_csv:846
Runtime-budget comparison,VNS,lin318_gen2_m3,2,2500,85.28340412500006,84.85698710437507,20728,6133.0,7807.0,21.442295375944664,19547.87614656051,116,84.84864169999491,0.4347624250051467,True,,hard_wall,True,runtime_4methods_csv:847
Runtime-budget comparison,VNS,lin318_gen2_m3,3,2500,85.28340412500006,84.85698710437507,20638,6133.0,7807.0,21.442295375944664,19654.347075112113,116,84.85010790000524,0.43329622499481957,True,,hard_wall,True,runtime_4methods_csv:848
Runtime-budget comparison,VNS,lin318_gen3_m2,0,2500,143.6197539499999,142.90165518024992,17929,5012.0,7936.0,36.84475806451613,19260.29200978528,144,142.87806969999656,0.7416842500033454,True,,hard_wall,True,runtime_4methods_csv:861
Runtime-budget comparison,VNS,lin318_gen3_m2,1,2500,143.6197539499999,142.90165518024992,17896,5012.0,7936.0,36.84475806451613,19244.35030637201,144,142.8800665000017,0.7396874499982005,True,,hard_wall,True,runtime_4methods_csv:862
Runtime-budget comparison,VNS,lin318_gen3_m2,2,2500,143.6197539499999,142.90165518024992,17822,5012.0,7936.0,36.84475806451613,19244.93610797767,144,142.89155390000087,0.7282000499990318,True,,hard_wall,True,runtime_4methods_csv:863
Runtime-budget comparison,VNS,lin318_gen3_m2,3,2500,143.6197539499999,142.90165518024992,17928,5012.0,7936.0,36.84475806451613,19228.9944045644,144,142.8850317000033,0.7347222499965937,True,,hard_wall,True,runtime_4methods_csv:864
Runtime-budget comparison,VNS,lin318_gen3_m4,0,2500,60.70490552499973,60.40138099737473,18928,2810.0,3797.0,25.99420595206742,18693.94790029758,101,60.39175260000047,0.3131529249992582,True,,hard_wall,True,runtime_4methods_csv:877
Runtime-budget comparison,VNS,lin318_gen3_m4,1,2500,60.70490552499973,60.40138099737473,19136,2810.0,3797.0,25.99420595206742,18628.874596764414,101,60.39059989999805,0.3143056250016798,True,,hard_wall,True,runtime_4methods_csv:878
Runtime-budget comparison,VNS,lin318_gen3_m4,2,2500,60.70490552499973,60.40138099737473,19116,2810.0,3797.0,25.99420595206742,18701.425770751302,101,60.392044799998985,0.31286072500074624,True,,hard_wall,True,runtime_4methods_csv:879
Runtime-budget comparison,VNS,lin318_gen3_m4,3,2500,60.70490552499973,60.40138099737473,19254,2810.0,3797.0,25.99420595206742,18628.874596764414,101,60.39235770000232,0.3125478249974094,True,,hard_wall,True,runtime_4methods_csv:880
Runtime-budget comparison,VNS,pr136_gen1_m2,0,2500,15.963301450000017,15.713301450000017,25614,50.0,63.0,20.634920634920636,40919.37077438113,50,15.710918099997798,0.25238335000221923,True,,hard_wall,True,runtime_4methods_csv:893
Runtime-budget comparison,VNS,pr136_gen1_m2,1,2500,15.963301450000017,15.713301450000017,26177,50.0,63.0,20.634920634920636,40969.90523424258,50,15.711386299997685,0.25191515000233267,True,,hard_wall,True,runtime_4methods_csv:894
Runtime-budget comparison,VNS,pr136_gen1_m2,2,2500,15.963301450000017,15.713301450000017,23064,51.0,63.0,19.047619047619047,47352.63128469889,51,15.711215100003756,0.25208634999626156,True,,hard_wall,True,runtime_4methods_csv:895
Runtime-budget comparison,VNS,pr136_gen1_m2,3,2500,15.963301450000017,15.713301450000017,23560,51.0,63.0,19.047619047619047,47918.65896101213,51,15.711047299999336,0.25225415000068097,True,,hard_wall,True,runtime_4methods_csv:896
Runtime-budget comparison,VNS,pr136_gen2_m2,0,2500,19.648977925000054,19.398977925000054,27048,3013.0,3646.0,17.361492046077892,46903.822957056924,52,19.395899399998598,0.253078525001456,True,,hard_wall,True,runtime_4methods_csv:909
Runtime-budget comparison,VNS,pr136_gen2_m2,1,2500,19.648977925000054,19.398977925000054,27339,3101.0,3646.0,14.947888096544158,48266.806372210296,52,19.397153199999593,0.2518247250004606,True,,hard_wall,True,runtime_4methods_csv:910
Runtime-budget comparison,VNS,pr136_gen2_m2,2,2500,19.648977925000054,19.398977925000054,27732,3009.0,3646.0,17.471201316511245,46494.019982269274,51,19.395929400001478,0.2530485249985759,True,,hard_wall,True,runtime_4methods_csv:911
Runtime-budget comparison,VNS,pr136_gen2_m2,3,2500,19.648977925000054,19.398977925000054,27320,3101.0,3646.0,14.947888096544158,48266.806372210296,52,19.396934500000498,0.252043424999556,True,,hard_wall,True,runtime_4methods_csv:912
Runtime-budget comparison,VNS,pr264_gen1_m4,0,2500,42.47028717500007,42.22028717500007,16781,99.0,107.0,7.4766355140186915,21966.561230295072,99,42.21347489999607,0.2568122750039947,True,,hard_wall,True,runtime_4methods_csv:925
Runtime-budget comparison,VNS,pr264_gen1_m4,1,2500,42.47028717500007,42.22028717500007,21330,89.0,107.0,16.822429906542055,21023.413399774287,89,42.21531210000103,0.25497507499903804,True,,hard_wall,True,runtime_4methods_csv:926
Runtime-budget comparison,VNS,pr264_gen1_m4,2,2500,42.47028717500007,42.22028717500007,16686,99.0,107.0,7.4766355140186915,23676.40124813994,99,42.211332999999286,0.2589541750007811,True,,hard_wall,True,runtime_4methods_csv:927
Runtime-budget comparison,VNS,pr264_gen1_m4,3,2500,42.47028717500007,42.22028717500007,15818,98.0,107.0,8.411214953271028,22778.019545743653,98,42.198386299998674,0.2719008750013927,True,,hard_wall,True,runtime_4methods_csv:928
Runtime-budget comparison,VNS,pr264_gen2_m2,0,2500,103.4976217750002,102.9801336661252,27588,5576.0,6635.0,15.960813865862848,21700.672432200965,107,102.96084189999965,0.5367798750005477,True,,hard_wall,True,runtime_4methods_csv:941
Runtime-budget comparison,VNS,pr264_gen2_m2,1,2500,103.4976217750002,102.9801336661252,27612,5583.0,6635.0,15.855312735493595,21717.828589957953,108,102.9659537999978,0.5316679750023923,True,,hard_wall,True,runtime_4methods_csv:942
Runtime-budget comparison,VNS,pr264_gen2_m2,2,2500,103.4976217750002,102.9801336661252,27720,5583.0,6635.0,15.855312735493595,21717.828589957953,108,102.97079619999568,0.5268255750045228,True,,hard_wall,True,runtime_4methods_csv:943
Runtime-budget comparison,VNS,pr264_gen2_m2,3,2500,103.4976217750002,102.9801336661252,27632,5583.0,6635.0,15.855312735493595,21754.66441825818,108,102.96977119999792,0.527850575002276,True,,hard_wall,True,runtime_4methods_csv:944
Runtime-budget comparison,VNS,pr264_gen2_m3,0,2500,59.427914599999895,59.13077502699989,17495,5646.0,6420.0,12.05607476635514,21164.35945257423,108,59.120092700002715,0.30782189999717957,True,,hard_wall,True,runtime_4methods_csv:957
Runtime-budget comparison,VNS,pr264_gen2_m3,1,2500,59.427914599999895,59.13077502699989,17410,5646.0,6420.0,12.05607476635514,20947.741995244178,108,59.115171099998406,0.31274350000148843,True,,hard_wall,True,runtime_4methods_csv:958
Runtime-budget comparison,VNS,pr264_gen2_m3,2,2500,59.427914599999895,59.13077502699989,17208,5646.0,6420.0,12.05607476635514,20947.741995244178,108,59.124094299993885,0.30382030000600935,True,,hard_wall,True,runtime_4methods_csv:959
Runtime-budget comparison,VNS,pr264_gen2_m3,3,2500,59.427914599999895,59.13077502699989,17322,5646.0,6420.0,12.05607476635514,20947.741995244178,108,59.121145699995395,0.3067689000044993,True,,hard_wall,True,runtime_4methods_csv:960
Runtime-budget comparison,VNS,pr264_gen2_m4,0,2500,59.24541129999989,58.949184243499886,28725,4641.0,5584.0,16.88753581661891,20579.099556980993,87,58.94219560000056,0.3032156999993276,True,,hard_wall,True,runtime_4methods_csv:973
Runtime-budget comparison,VNS,pr264_gen2_m4,1,2500,59.24541129999989,58.949184243499886,28935,4641.0,5584.0,16.88753581661891,20133.927128961215,87,58.94358630000352,0.30182499999637,True,,hard_wall,True,runtime_4methods_csv:974
Runtime-budget comparison,VNS,pr264_gen2_m4,2,2500,59.24541129999989,58.949184243499886,28878,4641.0,5584.0,16.88753581661891,20869.578996185664,87,58.94522180000058,0.30018949999930555,True,,hard_wall,True,runtime_4methods_csv:975
Runtime-budget comparison,VNS,pr264_gen2_m4,3,2500,59.24541129999989,58.949184243499886,28995,4641.0,5584.0,16.88753581661891,19942.288088426365,87,58.939063999998325,0.30634730000156196,True,,hard_wall,True,runtime_4methods_csv:976
Runtime-budget comparison,VNS,pr264_gen3_m3,0,2500,65.92646522500013,65.59683289887514,20220,2004.0,2772.0,27.705627705627705,20945.6944691827,103,65.58781330000056,0.3386519249995672,True,,hard_wall,True,runtime_4methods_csv:989
Runtime-budget comparison,VNS,pr264_gen3_m3,1,2500,65.92646522500013,65.59683289887514,20239,2004.0,2772.0,27.705627705627705,21669.94847738971,103,65.58698300000106,0.3394822249990739,True,,hard_wall,True,runtime_4methods_csv:990
Runtime-budget comparison,VNS,pr264_gen3_m3,2,2500,65.92646522500013,65.59683289887514,20107,2004.0,2772.0,27.705627705627705,21038.850664321144,103,65.58607620000112,0.3403890249990127,True,,hard_wall,True,runtime_4methods_csv:991
Runtime-budget comparison,VNS,pr264_gen3_m3,3,2500,65.92646522500013,65.59683289887514,20396,2004.0,2772.0,27.705627705627705,21523.253550888294,103,65.59073129999888,0.3357339250012501,True,,hard_wall,True,runtime_4methods_csv:992
Runtime-budget comparison,VNS,pr299_gen1_m2,0,2500,73.08424942499983,72.71882817787483,16201,114.0,139.0,17.985611510791365,21823.701242943604,114,72.70125259999622,0.38299682500360177,True,,hard_wall,True,runtime_4methods_csv:1005
Runtime-budget comparison,VNS,pr299_gen1_m2,1,2500,73.08424942499983,72.71882817787483,16112,114.0,139.0,17.985611510791365,21823.701242943604,114,72.70705330000055,0.3771961249992728,True,,hard_wall,True,runtime_4methods_csv:1006
Runtime-budget comparison,VNS,pr299_gen1_m2,2,2500,73.08424942499983,72.71882817787483,14580,114.0,139.0,17.985611510791365,21823.701242943604,114,72.68523689999711,0.39901252500271767,True,,hard_wall,True,runtime_4methods_csv:1007
Runtime-budget comparison,VNS,pr299_gen1_m2,3,2500,73.08424942499983,72.71882817787483,15261,114.0,139.0,17.985611510791365,21823.701242943604,114,72.69808989999729,0.38615952500254025,True,,hard_wall,True,runtime_4methods_csv:1008
Runtime-budget comparison,VNS,pr299_gen1_m3,0,2500,48.98347787499961,48.73347787499961,18505,98.0,111.0,11.711711711711711,22171.449807186582,98,48.725889800000004,0.2575880749996031,True,,hard_wall,True,runtime_4methods_csv:1021
Runtime-budget comparison,VNS,pr299_gen1_m3,1,2500,48.98347787499961,48.73347787499961,18506,98.0,111.0,11.711711711711711,22251.775356216316,98,48.72706599999947,0.25641187500013984,True,,hard_wall,True,runtime_4methods_csv:1022
Runtime-budget comparison,VNS,pr299_gen1_m3,2,2500,48.98347787499961,48.73347787499961,18949,99.0,111.0,10.81081081081081,22443.913013681227,99,48.72915650000505,0.25432137499456076,True,,hard_wall,True,runtime_4methods_csv:1023
Runtime-budget comparison,VNS,pr299_gen1_m3,3,2500,48.98347787499961,48.73347787499961,18365,98.0,111.0,11.711711711711711,22171.449807186582,98,48.72418219999963,0.25929567499997574,True,,hard_wall,True,runtime_4methods_csv:1024
Runtime-budget comparison,VNS,pr299_gen1_m4,0,2500,33.69549555000003,33.44549555000003,30350,66.0,84.0,21.428571428571427,21862.825992403017,66,33.4420642000041,0.2534313499959353,True,,hard_wall,True,runtime_4methods_csv:1037
Runtime-budget comparison,VNS,pr299_gen1_m4,1,2500,33.69549555000003,33.44549555000003,30445,66.0,84.0,21.428571428571427,21862.825992403017,66,33.44376049999846,0.2517350500015709,True,,hard_wall,True,runtime_4methods_csv:1038
Runtime-budget comparison,VNS,pr299_gen1_m4,2,2500,33.69549555000003,33.44549555000003,30251,66.0,84.0,21.428571428571427,21796.009868160756,66,33.442305399999896,0.2531901500001368,True,,hard_wall,True,runtime_4methods_csv:1039
Runtime-budget comparison,VNS,pr299_gen1_m4,3,2500,33.69549555000003,33.44549555000003,30357,66.0,84.0,21.428571428571427,21796.009868160756,66,33.44202509999741,0.2534704500026237,True,,hard_wall,True,runtime_4methods_csv:1040
Runtime-budget comparison,VNS,pr299_gen2_m3,0,2500,58.31247112500023,58.020908769375225,24601,5067.0,6018.0,15.80259222333001,22526.33708438497,92,58.01341330000287,0.29905782499736233,True,,hard_wall,True,runtime_4methods_csv:1053
Runtime-budget comparison,VNS,pr299_gen2_m3,1,2500,58.31247112500023,58.020908769375225,23988,5081.0,6018.0,15.569956796277832,22831.92866374892,91,58.006633500001044,0.3058376249991852,True,,hard_wall,True,runtime_4methods_csv:1054
Runtime-budget comparison,VNS,pr299_gen2_m3,2,2500,58.31247112500023,58.020908769375225,23605,5067.0,6018.0,15.80259222333001,22713.7304012071,92,58.00825939999777,0.3042117250024603,True,,hard_wall,True,runtime_4methods_csv:1055
Runtime-budget comparison,VNS,pr299_gen2_m3,3,2500,58.31247112500023,58.020908769375225,23825,5081.0,6018.0,15.569956796277832,22912.94358358695,91,58.01320670000132,0.2992644249989098,True,,hard_wall,True,runtime_4methods_csv:1056
Runtime-budget comparison,VNS,pr299_gen2_m4,0,2500,36.81183002500029,36.56183002500029,32182,3561.0,4457.0,20.103208436167826,22301.74333271933,68,36.558509599999525,0.2533204250007657,True,,hard_wall,True,runtime_4methods_csv:1069
Runtime-budget comparison,VNS,pr299_gen2_m4,1,2500,36.81183002500029,36.56183002500029,32183,3561.0,4457.0,20.103208436167826,22130.876345763983,68,36.559549899997364,0.25228012500292607,True,,hard_wall,True,runtime_4methods_csv:1070
Runtime-budget comparison,VNS,pr299_gen2_m4,2,2500,36.81183002500029,36.56183002500029,32042,3561.0,4457.0,20.103208436167826,22301.74333271933,68,36.55880559999787,0.2530244250024225,True,,hard_wall,True,runtime_4methods_csv:1071
Runtime-budget comparison,VNS,pr299_gen2_m4,3,2500,36.81183002500029,36.56183002500029,32043,3561.0,4457.0,20.103208436167826,22301.74333271933,68,36.55882519999432,0.25300482500597354,True,,hard_wall,True,runtime_4methods_csv:1072
Runtime-budget comparison,VNS,pr299_gen3_m2,0,2500,129.8826262249995,129.23321309387453,29380,3532.0,5729.0,38.34875196369349,21853.041109135367,114,129.2259669999985,0.6566592250010217,True,,hard_wall,True,runtime_4methods_csv:1085
Runtime-budget comparison,VNS,pr299_gen3_m2,1,2500,129.8826262249995,129.23321309387453,29358,3532.0,5729.0,38.34875196369349,21853.041109135367,114,129.22195649999776,0.6606697250017532,True,,hard_wall,True,runtime_4methods_csv:1086
Runtime-budget comparison,VNS,pr299_gen3_m2,2,2500,129.8826262249995,129.23321309387453,29166,3532.0,5729.0,38.34875196369349,21853.041109135367,114,129.21958579999773,0.6630404250017818,True,,hard_wall,True,runtime_4methods_csv:1087
Runtime-budget comparison,VNS,pr299_gen3_m2,3,2500,129.8826262249995,129.23321309387453,29333,3532.0,5729.0,38.34875196369349,21853.041109135367,114,129.22152379999898,0.6611024250005357,True,,hard_wall,True,runtime_4methods_csv:1088
Runtime-budget comparison,VNS,pr299_gen3_m3,0,2500,67.10188205000031,66.76637263975032,26693,2607.0,3655.0,28.673050615595074,21514.8507438863,92,66.74146830000245,0.3604137499978606,True,,hard_wall,True,runtime_4methods_csv:1101
Runtime-budget comparison,VNS,pr299_gen3_m3,1,2500,67.10188205000031,66.76637263975032,26616,2607.0,3655.0,28.673050615595074,21518.7810162739,92,66.76157269999385,0.34030935000646423,True,,hard_wall,True,runtime_4methods_csv:1102
Runtime-budget comparison,VNS,pr299_gen3_m3,2,2500,67.10188205000031,66.76637263975032,26624,2607.0,3655.0,28.673050615595074,21518.7810162739,92,66.76219739999942,0.33968465000089054,True,,hard_wall,True,runtime_4methods_csv:1103
Runtime-budget comparison,VNS,pr299_gen3_m3,3,2500,67.10188205000031,66.76637263975032,26744,2607.0,3655.0,28.673050615595074,21514.8507438863,92,66.76015010000265,0.34173194999766565,True,,hard_wall,True,runtime_4methods_csv:1104
Runtime-budget comparison,VNS,pr299_gen3_m4,0,2500,39.1256511749998,38.8756511749998,32580,1627.0,2268.0,28.26278659611993,20477.093565875257,67,38.872913499995775,0.25273767500402755,True,,hard_wall,True,runtime_4methods_csv:1117
Runtime-budget comparison,VNS,pr299_gen3_m4,1,2500,39.1256511749998,38.8756511749998,32613,1627.0,2268.0,28.26278659611993,20477.093565875257,67,38.85096550000162,0.27468567499818164,True,,hard_wall,True,runtime_4methods_csv:1118
Runtime-budget comparison,VNS,pr299_gen3_m4,2,2500,39.1256511749998,38.8756511749998,32752,1627.0,2268.0,28.26278659611993,21782.448913986846,67,38.8717273000002,0.25392387499960023,True,,hard_wall,True,runtime_4methods_csv:1119
Runtime-budget comparison,VNS,pr299_gen3_m4,3,2500,39.1256511749998,38.8756511749998,32939,1627.0,2268.0,28.26278659611993,21782.448913986846,67,38.872860900002706,0.2527902749970963,True,,hard_wall,True,runtime_4methods_csv:1120
Runtime-budget comparison,VNS,rat195_gen2_m2,0,2500,39.65561865000018,39.40561865000018,26832,4262.0,5148.0,17.21056721056721,1153.8899240459114,74,39.401238999998895,0.25437965000128315,True,,hard_wall,True,runtime_4methods_csv:1133
Runtime-budget comparison,VNS,rat195_gen2_m2,1,2500,39.65561865000018,39.40561865000018,26062,4225.0,5148.0,17.92929292929293,1131.0865276013606,75,39.40160019999894,0.2540184500012401,True,,hard_wall,True,runtime_4methods_csv:1134
Runtime-budget comparison,VNS,rat195_gen2_m2,2,2500,39.65561865000018,39.40561865000018,25748,4280.0,5148.0,16.86091686091686,1130.6397964212779,76,39.40255579999939,0.2530628500007879,True,,hard_wall,True,runtime_4methods_csv:1135
Runtime-budget comparison,VNS,rat195_gen2_m2,3,2500,39.65561865000018,39.40561865000018,25678,4271.0,5148.0,17.035742035742036,1130.252146620414,76,39.400402200000826,0.25521644999935233,True,,hard_wall,True,runtime_4methods_csv:1136
Runtime-budget comparison,VNS,rat195_gen3_m3,0,2500,33.92039642500049,33.67039642500049,24529,2051.0,2574.0,20.31857031857032,1061.0286698051552,73,33.664913000000524,0.2554834249999658,True,,hard_wall,True,runtime_4methods_csv:1149
Runtime-budget comparison,VNS,rat195_gen3_m3,1,2500,33.92039642500049,33.67039642500049,24574,2051.0,2574.0,20.31857031857032,1061.0286698051552,73,33.666509600006975,0.2538868249935149,True,,hard_wall,True,runtime_4methods_csv:1150
Runtime-budget comparison,VNS,rat195_gen3_m3,2,2500,33.92039642500049,33.67039642500049,24676,2051.0,2574.0,20.31857031857032,1061.0286698051552,73,33.665902599997935,0.25449382500255524,True,,hard_wall,True,runtime_4methods_csv:1151
Runtime-budget comparison,VNS,rat195_gen3_m3,3,2500,33.92039642500049,33.67039642500049,24565,2051.0,2574.0,20.31857031857032,1061.0286698051552,73,33.66590219999489,0.25449422500560104,True,,hard_wall,True,runtime_4methods_csv:1152
Runtime-budget comparison,VNS,rd400_gen1_m2,0,2500,223.00533550000046,222.00533550000046,12928,186.0,232.0,19.82758620689655,7632.375446874112,186,221.9484863999969,1.0568491000035465,True,,hard_wall,True,runtime_4methods_csv:1165
Runtime-budget comparison,VNS,rd400_gen1_m2,1,2500,223.00533550000046,222.00533550000046,12722,186.0,232.0,19.82758620689655,7511.630257142947,186,221.97012600000016,1.0352095000002919,True,,hard_wall,True,runtime_4methods_csv:1166
Runtime-budget comparison,VNS,rd400_gen1_m2,2,2500,223.00533550000046,222.00533550000046,12949,185.0,232.0,20.25862068965517,7472.558714689587,185,221.9543638000032,1.0509716999972625,True,,hard_wall,True,runtime_4methods_csv:1167
Runtime-budget comparison,VNS,rd400_gen1_m2,3,2500,223.00533550000046,222.00533550000046,12831,185.0,232.0,20.25862068965517,7466.212969946027,185,221.96288629999617,1.0424492000042846,True,,hard_wall,True,runtime_4methods_csv:1168
Runtime-budget comparison,VNS,rd400_gen1_m3,0,2500,185.6676365999997,184.7392984169997,11863,182.0,224.0,18.75,7340.332243849043,182,184.69603420000203,0.9716023999976642,True,,hard_wall,True,runtime_4methods_csv:1181
Runtime-budget comparison,VNS,rd400_gen1_m3,1,2500,185.6676365999997,184.7392984169997,11208,183.0,224.0,18.303571428571427,7388.45049005531,183,184.63370959999884,1.0339270000008582,True,,hard_wall,True,runtime_4methods_csv:1182
Runtime-budget comparison,VNS,rd400_gen1_m3,2,2500,185.6676365999997,184.7392984169997,11724,185.0,224.0,17.410714285714285,7559.352833788306,185,184.703024800001,0.9646117999986927,True,,hard_wall,True,runtime_4methods_csv:1183
Runtime-budget comparison,VNS,rd400_gen1_m3,3,2500,185.6676365999997,184.7392984169997,11820,183.0,224.0,18.303571428571427,7451.70861072725,183,184.7043121999959,0.9633244000037848,True,,hard_wall,True,runtime_4methods_csv:1184
Runtime-budget comparison,VNS,rd400_gen1_m4,0,2500,158.66772430000037,157.87438567850037,12072,173.0,213.0,18.779342723004696,7355.549022414023,173,157.80631219999486,0.8614121000055093,True,,hard_wall,True,runtime_4methods_csv:1197
Runtime-budget comparison,VNS,rd400_gen1_m4,1,2500,158.66772430000037,157.87438567850037,12300,173.0,213.0,18.779342723004696,7355.549022414023,173,157.75713139999425,0.9105929000061224,True,,hard_wall,True,runtime_4methods_csv:1198
Runtime-budget comparison,VNS,rd400_gen1_m4,2,2500,158.66772430000037,157.87438567850037,12505,173.0,213.0,18.779342723004696,7355.549022414023,173,157.8476784000086,0.8200458999917828,True,,hard_wall,True,runtime_4methods_csv:1199
Runtime-budget comparison,VNS,rd400_gen1_m4,3,2500,158.66772430000037,157.87438567850037,12431,173.0,213.0,18.779342723004696,7355.549022414023,173,157.8317151000083,0.8360091999920769,True,,hard_wall,True,runtime_4methods_csv:1200
Runtime-budget comparison,VNS,rd400_gen2_m2,0,2500,263.8937799750006,262.8937799750006,15174,10999.0,13045.0,15.68417018014565,7606.00467658161,184,262.85568759999296,1.0380923750076363,True,,hard_wall,True,runtime_4methods_csv:1213
Runtime-budget comparison,VNS,rd400_gen2_m2,1,2500,263.8937799750006,262.8937799750006,15400,10895.0,13045.0,16.481410502108087,7508.307467192015,181,262.8608086999884,1.032971275012187,True,,hard_wall,True,runtime_4methods_csv:1214
Runtime-budget comparison,VNS,rd400_gen2_m2,2,2500,263.8937799750006,262.8937799750006,16745,10893.0,13045.0,16.496742046761213,7600.338993769213,180,262.85946360000526,1.034316374995342,True,,hard_wall,True,runtime_4methods_csv:1215
Runtime-budget comparison,VNS,rd400_gen2_m2,3,2500,263.8937799750006,262.8937799750006,15207,10915.0,13045.0,16.32809505557685,7546.312972979213,183,262.8504772000015,1.0433027749991197,True,,hard_wall,True,runtime_4methods_csv:1216
Runtime-budget comparison,VNS,rd400_gen2_m3,0,2500,211.91072160000067,210.91072160000067,17385,9680.0,12646.0,23.45405661869366,7542.311418241138,170,210.86687769999844,1.04384390000223,True,,hard_wall,True,runtime_4methods_csv:1229
Runtime-budget comparison,VNS,rd400_gen2_m3,1,2500,211.91072160000067,210.91072160000067,17396,9680.0,12646.0,23.45405661869366,7542.311418241138,170,210.8780463999865,1.0326752000141823,True,,hard_wall,True,runtime_4methods_csv:1230
Runtime-budget comparison,VNS,rd400_gen2_m3,2,2500,211.91072160000067,210.91072160000067,17547,9667.0,12646.0,23.556855922821445,7603.529218725661,168,210.87897020000673,1.0317513999939365,True,,hard_wall,True,runtime_4methods_csv:1231
Runtime-budget comparison,VNS,rd400_gen2_m3,3,2500,211.91072160000067,210.91072160000067,18195,9753.0,12646.0,22.876798987822237,7589.9726170195545,164,210.872801599995,1.0379200000056699,True,,hard_wall,True,runtime_4methods_csv:1232
Runtime-budget comparison,VNS,rd400_gen2_m4,0,2500,154.48436360000005,153.71194178200005,13085,9499.0,12032.0,21.05219414893617,7345.538462409594,168,153.6768682999973,0.8074953000027563,True,,hard_wall,True,runtime_4methods_csv:1245
Runtime-budget comparison,VNS,rd400_gen2_m4,1,2500,154.48436360000005,153.71194178200005,12957,9511.0,12032.0,20.95246010638298,7317.656442005553,170,153.66783459999715,0.8165290000029017,True,,hard_wall,True,runtime_4methods_csv:1246
Runtime-budget comparison,VNS,rd400_gen2_m4,2,2500,154.48436360000005,153.71194178200005,13509,9467.0,12032.0,21.31815159574468,7354.575500322996,168,153.6882137999928,0.7961498000072424,True,,hard_wall,True,runtime_4methods_csv:1247
Runtime-budget comparison,VNS,rd400_gen2_m4,3,2500,154.48436360000005,153.71194178200005,13059,9510.0,12032.0,20.960771276595743,7338.977422034079,169,153.67982079999638,0.8045428000036736,True,,hard_wall,True,runtime_4methods_csv:1248
Runtime-budget comparison,VNS,rd400_gen3_m2,0,2500,261.92568397499963,260.92568397499963,16331,8604.0,12431.0,30.78593837985681,7043.4699960201515,180,260.8464071999915,1.0792767750081111,True,,hard_wall,True,runtime_4methods_csv:1261
Runtime-budget comparison,VNS,rd400_gen3_m2,1,2500,261.92568397499963,260.92568397499963,16556,8604.0,12431.0,30.78593837985681,7044.023271640706,180,260.8998319999955,1.025851975004116,True,,hard_wall,True,runtime_4methods_csv:1262
Runtime-budget comparison,VNS,rd400_gen3_m2,2,2500,261.92568397499963,260.92568397499963,16373,8604.0,12431.0,30.78593837985681,7043.4699960201515,180,260.8589798999892,1.0667040750104206,True,,hard_wall,True,runtime_4methods_csv:1263
Runtime-budget comparison,VNS,rd400_gen3_m2,3,2500,261.92568397499963,260.92568397499963,16596,8604.0,12431.0,30.78593837985681,7044.023271640706,180,260.8927354000043,1.0329485749953164,True,,hard_wall,True,runtime_4methods_csv:1264
Runtime-budget comparison,VNS,rd400_gen3_m3,0,2500,201.04796192499998,200.04796192499998,12245,9373.0,11639.0,19.469026548672566,7293.085308265495,187,200.00013600000239,1.0478259249975963,True,,hard_wall,True,runtime_4methods_csv:1277
Runtime-budget comparison,VNS,rd400_gen3_m3,1,2500,201.04796192499998,200.04796192499998,12060,9432.0,11639.0,18.962110146919837,7316.9700740880835,189,200.003375100001,1.0445868249989871,True,,hard_wall,True,runtime_4methods_csv:1278
Runtime-budget comparison,VNS,rd400_gen3_m3,2,2500,201.04796192499998,200.04796192499998,12142,9430.0,11639.0,18.979293753758913,7300.714760392914,188,200.00428850000026,1.0436734249997244,True,,hard_wall,True,runtime_4methods_csv:1279
Runtime-budget comparison,VNS,rd400_gen3_m3,3,2500,201.04796192499998,200.04796192499998,12381,9393.0,11639.0,19.29719048028181,7308.170176910855,184,200.00596109998878,1.0420008250112005,True,,hard_wall,True,runtime_4methods_csv:1280
Runtime-budget comparison,VNS,rd400_gen3_m4,0,2500,156.93396472500035,156.14929490137536,11474,7670.0,10436.0,26.504407819087774,7326.752901324649,180,156.1097609999997,0.8242037250006433,True,,hard_wall,True,runtime_4methods_csv:1293
Runtime-budget comparison,VNS,rd400_gen3_m4,1,2500,156.93396472500035,156.14929490137536,11613,7651.0,10436.0,26.68646991184362,7320.069921103779,179,156.1190665000031,0.8148982249972505,True,,hard_wall,True,runtime_4methods_csv:1294
Runtime-budget comparison,VNS,rd400_gen3_m4,2,2500,156.93396472500035,156.14929490137536,9631,7881.0,10436.0,24.48256036795707,7426.041984262052,183,156.06559610000113,0.8683686249992206,True,,hard_wall,True,runtime_4methods_csv:1295
Runtime-budget comparison,VNS,rd400_gen3_m4,3,2500,156.93396472500035,156.14929490137536,10549,7726.0,10436.0,25.96780375622844,7404.520580742841,180,156.0662270999892,0.8677376250111593,True,,hard_wall,True,runtime_4methods_csv:1296
Runtime-budget comparison,VNS,ts225_gen2_m2,0,2500,58.3808446500002,58.0889404267502,25926,4780.0,5859.0,18.416111964499063,60374.37446033116,89,58.07802109999466,0.3028235500055416,True,,hard_wall,True,runtime_4methods_csv:1309
Runtime-budget comparison,VNS,ts225_gen2_m2,1,2500,58.3808446500002,58.0889404267502,25993,4780.0,5859.0,18.416111964499063,60374.37446033116,89,58.081478600011906,0.2993660499882935,True,,hard_wall,True,runtime_4methods_csv:1310
Runtime-budget comparison,VNS,ts225_gen2_m2,2,2500,58.3808446500002,58.0889404267502,25982,4780.0,5859.0,18.416111964499063,60374.37446033116,89,58.08646320000116,0.2943814499990367,True,,hard_wall,True,runtime_4methods_csv:1311
Runtime-budget comparison,VNS,ts225_gen2_m2,3,2500,58.3808446500002,58.0889404267502,26125,4780.0,5859.0,18.416111964499063,60374.37446033116,89,58.08384550000483,0.29699914999537214,True,,hard_wall,True,runtime_4methods_csv:1312
