Protocol,Benchmark,Algorithm,Instance,Seed,Reference_Iterations,Budget_Seconds,Effective_Time_Limit_Seconds,Completed_Iterations,Reward,BKS,BKS_Gap_Percent,Total_Distance,Visited_Customers,Runtime_Seconds,Runtime_Slack_Seconds,Within_Budget,Feasible,Batch_Workers,Source_Record
Runtime budget baseline,Chao,GRASP,p4.2.a,0,2500,2.09690492499999,1.8469049249999896,15950,206.0,206.0,0.0,49.62527483598225,10,1.8470461999968395,0.2498587250031505,True,True,2,05_runtime_budget_baselines/raw_runs.csv
Runtime budget baseline,Chao,GRASP,p4.2.a,1,2500,2.09690492499999,1.8469049249999896,15805,206.0,206.0,0.0,49.62527483598225,10,1.8472312000012607,0.249673724998729,True,True,2,05_runtime_budget_baselines/raw_runs.csv
Runtime budget baseline,Chao,GRASP,p4.2.a,2,2500,2.09690492499999,1.8469049249999896,16045,206.0,206.0,0.0,49.62527483598225,10,1.8470806000004811,0.2498243249995084,True,True,2,05_runtime_budget_baselines/raw_runs.csv
Runtime budget baseline,Chao,GRASP,p4.2.a,3,2500,2.09690492499999,1.8469049249999896,15984,206.0,206.0,0.0,49.62527483598225,10,1.847011300000304,0.2498936249996859,True,True,2,05_runtime_budget_baselines/raw_runs.csv
Runtime budget baseline,Chao,GRASP,p4.2.b,0,2500,3.48707622500001,3.23707622500001,24653,332.0,341.0,2.6392961876832843,58.88766015430588,20,3.237221600000339,0.2498546249996707,True,True,2,05_runtime_budget_baselines/raw_runs.csv
Runtime budget baseline,Chao,GRASP,p4.2.b,1,2500,3.48707622500001,3.23707622500001,24552,340.0,341.0,0.2932551319648094,59.35666726150848,21,3.2374624999974912,0.2496137250025185,True,True,2,05_runtime_budget_baselines/raw_runs.csv
Runtime budget baseline,Chao,GRASP,p4.2.b,2,2500,3.48707622500001,3.23707622500001,24383,321.0,341.0,5.865102639296188,58.64705249311645,19,3.237473499997577,0.2496027250024326,True,True,2,05_runtime_budget_baselines/raw_runs.csv
Runtime budget baseline,Chao,GRASP,p4.2.b,3,2500,3.48707622500001,3.23707622500001,24367,322.0,341.0,5.571847507331379,58.83459415997284,21,3.237315700000181,0.2497605249998287,True,True,2,05_runtime_budget_baselines/raw_runs.csv
Runtime budget baseline,Chao,GRASP,p4.2.c,0,2500,4.77421177500014,4.52421177500014,29903,432.0,452.0,4.424778761061947,69.84717293261758,27,4.524349100000109,0.2498626750000312,True,True,2,05_runtime_budget_baselines/raw_runs.csv
Runtime budget baseline,Chao,GRASP,p4.2.c,1,2500,4.77421177500014,4.52421177500014,29886,424.0,452.0,6.1946902654867255,69.28394275594472,26,4.524342799999431,0.2498689750007088,True,True,2,05_runtime_budget_baselines/raw_runs.csv
Runtime budget baseline,Chao,GRASP,p4.2.c,2,2500,4.77421177500014,4.52421177500014,29806,431.0,452.0,4.646017699115045,69.28516190339931,28,4.524488700000802,0.2497230749993377,True,True,2,05_runtime_budget_baselines/raw_runs.csv
Runtime budget baseline,Chao,GRASP,p4.2.c,3,2500,4.77421177500014,4.52421177500014,29970,432.0,452.0,4.424778761061947,69.84717293261758,27,4.524386799999775,0.2498249750003651,True,True,2,05_runtime_budget_baselines/raw_runs.csv
Runtime budget baseline,Chao,GRASP,p4.2.d,0,2500,6.292604850000089,6.042604850000089,35155,498.0,531.0,6.214689265536723,76.8944790129797,30,6.042781200001627,0.2498236499984614,True,True,2,05_runtime_budget_baselines/raw_runs.csv
Runtime budget baseline,Chao,GRASP,p4.2.d,1,2500,6.292604850000089,6.042604850000089,35173,490.0,531.0,7.721280602636535,79.65676957066226,30,6.0428406999999424,0.2497641500001464,True,True,2,05_runtime_budget_baselines/raw_runs.csv
Runtime budget baseline,Chao,GRASP,p4.2.d,2,2500,6.292604850000089,6.042604850000089,35076,494.0,531.0,6.967984934086629,79.42423783322121,32,6.04281919999994,0.2497856500001489,True,True,2,05_runtime_budget_baselines/raw_runs.csv
Runtime budget baseline,Chao,GRASP,p4.2.d,3,2500,6.292604850000089,6.042604850000089,35104,493.0,531.0,7.1563088512241055,79.18988845446506,31,6.04273529999773,0.2498695500023586,True,True,2,05_runtime_budget_baselines/raw_runs.csv
Runtime budget baseline,Chao,GRASP,p4.2.e,0,2500,7.438603824999973,7.188603824999973,37462,570.0,618.0,7.766990291262136,89.04826887323483,39,7.18873750000057,0.2498663249994024,True,True,2,05_runtime_budget_baselines/raw_runs.csv
Runtime budget baseline,Chao,GRASP,p4.2.e,1,2500,7.438603824999973,7.188603824999973,37469,563.0,618.0,8.89967637540453,89.7204020320393,40,7.188822100000834,0.2497817249991385,True,True,2,05_runtime_budget_baselines/raw_runs.csv
Runtime budget baseline,Chao,GRASP,p4.2.e,2,2500,7.438603824999973,7.188603824999973,37442,563.0,618.0,8.89967637540453,88.555680694767,39,7.188841499999398,0.2497623250005745,True,True,2,05_runtime_budget_baselines/raw_runs.csv
Runtime budget baseline,Chao,GRASP,p4.2.e,3,2500,7.438603824999973,7.188603824999973,37410,572.0,618.0,7.44336569579288,89.15339735179259,38,7.188958400001866,0.249645424998107,True,True,2,05_runtime_budget_baselines/raw_runs.csv
Runtime budget baseline,Chao,GRASP,p4.2.f,0,2500,8.789560700000038,8.539560700000038,39877,634.0,687.0,7.714701601164483,97.63446728259828,42,8.539766600002622,0.2497940999974162,True,True,2,05_runtime_budget_baselines/raw_runs.csv
Runtime budget baseline,Chao,GRASP,p4.2.f,1,2500,8.789560700000038,8.539560700000038,39980,635.0,687.0,7.569141193595342,98.44886449610864,41,8.539900600000692,0.2496600999993461,True,True,2,05_runtime_budget_baselines/raw_runs.csv
Runtime budget baseline,Chao,GRASP,p4.2.f,2,2500,8.789560700000038,8.539560700000038,40074,629.0,687.0,8.442503639010189,98.84879277194057,43,8.539812300001358,0.2497483999986798,True,True,2,05_runtime_budget_baselines/raw_runs.csv
Runtime budget baseline,Chao,GRASP,p4.2.f,3,2500,8.789560700000038,8.539560700000038,40016,632.0,687.0,8.005822416302765,98.58631574328903,41,8.539894400000776,0.2496662999992622,True,True,2,05_runtime_budget_baselines/raw_runs.csv
Runtime budget baseline,Chao,GRASP,p4.2.g,0,2500,10.080847449999965,9.830847449999965,42013,680.0,757.0,10.171730515191545,108.13014704815856,46,9.830998699999329,0.2498487500006376,True,True,2,05_runtime_budget_baselines/raw_runs.csv
Runtime budget baseline,Chao,GRASP,p4.2.g,1,2500,10.080847449999965,9.830847449999965,42015,701.0,757.0,7.397622192866579,107.78615066126768,49,9.83111529999951,0.2497321500004545,True,True,2,05_runtime_budget_baselines/raw_runs.csv
Runtime budget baseline,Chao,GRASP,p4.2.g,2,2500,10.080847449999965,9.830847449999965,41992,681.0,757.0,10.039630118890356,108.1878704493956,44,9.831065800000944,0.2497816499990222,True,True,2,05_runtime_budget_baselines/raw_runs.csv
Runtime budget baseline,Chao,GRASP,p4.2.g,3,2500,10.080847449999965,9.830847449999965,42055,683.0,757.0,9.775429326287979,108.0629292004437,47,9.83099619999848,0.249851250001484,True,True,2,05_runtime_budget_baselines/raw_runs.csv
Runtime budget baseline,Chao,GRASP,p4.2.h,0,2500,12.11024479999992,11.86024479999992,46061,754.0,835.0,9.70059880239521,116.40865840622396,53,11.860499599999455,0.2497452000004614,True,True,2,05_runtime_budget_baselines/raw_runs.csv
Runtime budget baseline,Chao,GRASP,p4.2.h,1,2500,12.11024479999992,11.86024479999992,45999,764.0,835.0,8.502994011976048,119.41218968780085,52,11.860507400000644,0.249737399999276,True,True,2,05_runtime_budget_baselines/raw_runs.csv
Runtime budget baseline,Chao,GRASP,p4.2.h,2,2500,12.11024479999992,11.86024479999992,46015,756.0,835.0,9.461077844311378,117.73400194764686,50,11.860431600001904,0.249813199998016,True,True,2,05_runtime_budget_baselines/raw_runs.csv
Runtime budget baseline,Chao,GRASP,p4.2.h,3,2500,12.11024479999992,11.86024479999992,46039,757.0,835.0,9.341317365269461,116.28401256701736,52,11.860585700000229,0.2496590999996897,True,True,2,05_runtime_budget_baselines/raw_runs.csv
Runtime budget baseline,Chao,GRASP,p4.2.i,0,2500,12.539814824999894,12.289814824999894,43489,810.0,918.0,11.764705882352942,126.92285441729756,52,12.289997899999436,0.2498169250004593,True,True,2,05_runtime_budget_baselines/raw_runs.csv
Runtime budget baseline,Chao,GRASP,p4.2.i,1,2500,12.539814824999894,12.289814824999894,43626,798.0,918.0,13.071895424836601,127.91919565548504,54,12.290165700000216,0.2496491249996779,True,True,2,05_runtime_budget_baselines/raw_runs.csv
Runtime budget baseline,Chao,GRASP,p4.2.i,2,2500,12.539814824999894,12.289814824999894,43656,810.0,918.0,11.764705882352942,127.5968734331784,52,12.29010449999987,0.2497103250000236,True,True,2,05_runtime_budget_baselines/raw_runs.csv
Runtime budget baseline,Chao,GRASP,p4.2.i,3,2500,12.539814824999894,12.289814824999894,43728,821.0,918.0,10.566448801742919,128.2296138055945,53,12.290205600002082,0.2496092249978119,True,True,2,05_runtime_budget_baselines/raw_runs.csv
Runtime budget baseline,Chao,GRASP,p4.2.j,0,2500,11.574825825000062,11.324825825000062,36132,856.0,965.0,11.295336787564766,138.1316390771209,61,11.325083600000651,0.2497422249994088,True,True,2,05_runtime_budget_baselines/raw_runs.csv
Runtime budget baseline,Chao,GRASP,p4.2.j,1,2500,11.574825825000062,11.324825825000062,36304,861.0,965.0,10.77720207253886,137.18955610730598,58,11.32514159999846,0.2496842250016016,True,True,2,05_runtime_budget_baselines/raw_runs.csv
Runtime budget baseline,Chao,GRASP,p4.2.j,2,2500,11.574825825000062,11.324825825000062,34553,859.0,965.0,10.984455958549223,138.0991562317817,55,11.325061800002004,0.2497640249980577,True,True,2,05_runtime_budget_baselines/raw_runs.csv
Runtime budget baseline,Chao,GRASP,p4.2.j,3,2500,11.574825825000062,11.324825825000062,34568,861.0,965.0,10.77720207253886,137.18955610730598,58,11.325248799999828,0.2495770250002351,True,True,2,05_runtime_budget_baselines/raw_runs.csv
Runtime budget baseline,Chao,GRASP,p4.2.k,0,2500,12.205864174999988,11.955864174999988,35859,910.0,1022.0,10.95890410958904,147.00055465159582,59,11.956108899998071,0.2497552750019167,True,True,2,05_runtime_budget_baselines/raw_runs.csv
Runtime budget baseline,Chao,GRASP,p4.2.k,1,2500,12.205864174999988,11.955864174999988,35962,908.0,1022.0,11.154598825831702,149.2203815410545,62,11.956369799998356,0.2494943750016318,True,True,2,05_runtime_budget_baselines/raw_runs.csv
Runtime budget baseline,Chao,GRASP,p4.2.k,2,2500,12.205864174999988,11.955864174999988,36502,912.0,1022.0,10.76320939334638,146.88413192941653,61,11.956106400000865,0.2497577749991251,True,True,2,05_runtime_budget_baselines/raw_runs.csv
Runtime budget baseline,Chao,GRASP,p4.2.k,3,2500,12.205864174999988,11.955864174999988,36574,909.0,1022.0,11.056751467710372,147.58486759571176,60,11.956114000000523,0.2497501749994626,True,True,2,05_runtime_budget_baselines/raw_runs.csv
Runtime budget baseline,Chao,GRASP,p4.2.l,0,2500,12.181557350000048,11.931557350000048,33739,959.0,1074.0,10.707635009310987,157.20651065681028,67,11.931995999999344,0.2495613500007039,True,True,2,05_runtime_budget_baselines/raw_runs.csv
Runtime budget baseline,Chao,GRASP,p4.2.l,1,2500,12.181557350000048,11.931557350000048,33783,966.0,1074.0,10.05586592178771,158.79693127718218,61,11.931727600000158,0.2498297499998898,True,True,2,05_runtime_budget_baselines/raw_runs.csv
Runtime budget baseline,Chao,GRASP,p4.2.l,2,2500,12.181557350000048,11.931557350000048,33709,967.0,1074.0,9.962756052141527,157.52684892109738,69,11.931971100002556,0.2495862499974919,True,True,2,05_runtime_budget_baselines/raw_runs.csv
Runtime budget baseline,Chao,GRASP,p4.2.l,3,2500,12.181557350000048,11.931557350000048,33750,953.0,1074.0,11.266294227188082,157.87616326652946,66,11.931735400001344,0.2498219499987044,True,True,2,05_runtime_budget_baselines/raw_runs.csv
Runtime budget baseline,Chao,GRASP,p4.2.m,0,2500,12.442858424999711,12.192858424999711,32309,1004.0,1132.0,11.307420494699647,168.73841909222187,69,12.193184499999916,0.2496739249997972,True,True,2,05_runtime_budget_baselines/raw_runs.csv
Runtime budget baseline,Chao,GRASP,p4.2.m,1,2500,12.442858424999711,12.192858424999711,32427,1002.0,1132.0,11.484098939929329,166.53881374951405,64,12.193279999999504,0.2495784250002088,True,True,2,05_runtime_budget_baselines/raw_runs.csv
Runtime budget baseline,Chao,GRASP,p4.2.m,2,2500,12.442858424999711,12.192858424999711,32330,1003.0,1132.0,11.395759717314487,167.2531791933692,68,12.193200400000933,0.2496580249987801,True,True,2,05_runtime_budget_baselines/raw_runs.csv
Runtime budget baseline,Chao,GRASP,p4.2.m,3,2500,12.442858424999711,12.192858424999711,32431,1013.0,1132.0,10.512367491166078,168.13505225921622,68,12.19320180000068,0.2496566249990337,True,True,2,05_runtime_budget_baselines/raw_runs.csv
Runtime budget baseline,Chao,GRASP,p4.2.n,0,2500,11.478437850000546,11.228437850000546,28062,1042.0,1174.0,11.243611584327088,178.15906609144758,74,11.228930000001128,0.2495078499994178,True,True,2,05_runtime_budget_baselines/raw_runs.csv
Runtime budget baseline,Chao,GRASP,p4.2.n,1,2500,11.478437850000546,11.228437850000546,28207,1055.0,1174.0,10.136286201022147,175.4938881619221,72,11.2289595000002,0.249478350000345,True,True,2,05_runtime_budget_baselines/raw_runs.csv
Runtime budget baseline,Chao,GRASP,p4.2.n,2,2500,11.478437850000546,11.228437850000546,28020,1059.0,1174.0,9.795570698466781,177.62857349091468,73,11.2286337000005,0.2498041500000454,True,True,2,05_runtime_budget_baselines/raw_runs.csv
Runtime budget baseline,Chao,GRASP,p4.2.n,3,2500,11.478437850000546,11.228437850000546,28298,1056.0,1174.0,10.051107325383304,178.2624953427646,69,11.22858350000024,0.2498543500003052,True,True,2,05_runtime_budget_baselines/raw_runs.csv
Runtime budget baseline,Chao,GRASP,p4.2.o,0,2500,12.127632750000204,11.877632750000204,28513,1102.0,1218.0,9.523809523809524,185.8955879431162,77,11.87821580000309,0.2494169499971121,True,True,2,05_runtime_budget_baselines/raw_runs.csv
Runtime budget baseline,Chao,GRASP,p4.2.o,1,2500,12.127632750000204,11.877632750000204,28283,1105.0,1218.0,9.277504105090312,189.0008668075789,72,11.87798649999968,0.2496462500005236,True,True,2,05_runtime_budget_baselines/raw_runs.csv
Runtime budget baseline,Chao,GRASP,p4.2.o,2,2500,12.127632750000204,11.877632750000204,28536,1109.0,1218.0,8.949096880131362,187.299937295946,75,11.877844599999662,0.2497881500005405,True,True,2,05_runtime_budget_baselines/raw_runs.csv
Runtime budget baseline,Chao,GRASP,p4.2.o,3,2500,12.127632750000204,11.877632750000204,28427,1106.0,1218.0,9.195402298850574,185.6020668389668,75,11.878223499999876,0.2494092500003262,True,True,2,05_runtime_budget_baselines/raw_runs.csv
Runtime budget baseline,Chao,GRASP,p4.2.p,0,2500,10.97855225000012,10.72855225000012,24340,1142.0,1242.0,8.051529790660226,197.7851389174317,79,10.729086000003008,0.2494662499971127,True,True,2,05_runtime_budget_baselines/raw_runs.csv
Runtime budget baseline,Chao,GRASP,p4.2.p,1,2500,10.97855225000012,10.72855225000012,24214,1142.0,1242.0,8.051529790660226,195.1325419596188,79,10.72890660000121,0.2496456499989108,True,True,2,05_runtime_budget_baselines/raw_runs.csv
Runtime budget baseline,Chao,GRASP,p4.2.p,2,2500,10.97855225000012,10.72855225000012,24314,1155.0,1242.0,7.004830917874396,197.51354125169323,80,10.72901080000156,0.2495414499985599,True,True,2,05_runtime_budget_baselines/raw_runs.csv
Runtime budget baseline,Chao,GRASP,p4.2.p,3,2500,10.97855225000012,10.72855225000012,24358,1116.0,1242.0,10.144927536231885,197.6064566707392,79,10.7292019000015,0.2493503499986218,True,True,2,05_runtime_budget_baselines/raw_runs.csv
Runtime budget baseline,Chao,GRASP,p4.2.q,0,2500,9.957844875000092,9.707844875000092,21253,1179.0,1268.0,7.018927444794953,205.8287448314064,78,9.708196699997645,0.2496481750024486,True,True,2,05_runtime_budget_baselines/raw_runs.csv
Runtime budget baseline,Chao,GRASP,p4.2.q,1,2500,9.957844875000092,9.707844875000092,21205,1180.0,1268.0,6.94006309148265,207.4139670159553,80,9.70855180000217,0.2492930749979223,True,True,2,05_runtime_budget_baselines/raw_runs.csv
Runtime budget baseline,Chao,GRASP,p4.2.q,2,2500,9.957844875000092,9.707844875000092,21186,1190.0,1268.0,6.151419558359621,206.9525829722799,80,9.70856840000124,0.2492764749988509,True,True,2,05_runtime_budget_baselines/raw_runs.csv
Runtime budget baseline,Chao,GRASP,p4.2.q,3,2500,9.957844875000092,9.707844875000092,21312,1169.0,1268.0,7.807570977917981,206.60694448576533,82,9.708061799999996,0.2497830750000957,True,True,2,05_runtime_budget_baselines/raw_runs.csv
Runtime budget baseline,Chao,GRASP,p4.2.r,0,2500,9.02643665000005,8.77643665000005,18504,1214.0,1292.0,6.037151702786378,216.3069067542631,82,8.776798200000485,0.2496384499995656,True,True,2,05_runtime_budget_baselines/raw_runs.csv
Runtime budget baseline,Chao,GRASP,p4.2.r,1,2500,9.02643665000005,8.77643665000005,18563,1199.0,1292.0,7.198142414860681,215.24491897802383,87,8.777065300000686,0.2493713499993646,True,True,2,05_runtime_budget_baselines/raw_runs.csv
Runtime budget baseline,Chao,GRASP,p4.2.r,2,2500,9.02643665000005,8.77643665000005,18586,1224.0,1292.0,5.2631578947368425,217.2515440816366,84,8.776777399998537,0.249659250001514,True,True,2,05_runtime_budget_baselines/raw_runs.csv
Runtime budget baseline,Chao,GRASP,p4.2.r,3,2500,9.02643665000005,8.77643665000005,18598,1211.0,1292.0,6.269349845201238,217.4216970491443,81,8.776664000000892,0.2497726499991586,True,True,2,05_runtime_budget_baselines/raw_runs.csv
Runtime budget baseline,Chao,GRASP,p4.2.s,0,2500,7.750026475000368,7.500026475000368,15403,1230.0,1304.0,5.674846625766871,227.3662331001144,87,7.500218299999688,0.2498081750006804,True,True,2,05_runtime_budget_baselines/raw_runs.csv
Runtime budget baseline,Chao,GRASP,p4.2.s,1,2500,7.750026475000368,7.500026475000368,15540,1254.0,1304.0,3.834355828220859,223.3317081855924,88,7.500715800000762,0.2493106749996059,True,True,2,05_runtime_budget_baselines/raw_runs.csv
Runtime budget baseline,Chao,GRASP,p4.2.s,2,2500,7.750026475000368,7.500026475000368,15134,1223.0,1304.0,6.211656441717792,224.48328682718187,84,7.500654899999063,0.2493715750013052,True,True,2,05_runtime_budget_baselines/raw_runs.csv
Runtime budget baseline,Chao,GRASP,p4.2.s,3,2500,7.750026475000368,7.500026475000368,15148,1237.0,1304.0,5.138036809815951,228.52195510796432,87,7.500843699999677,0.2491827750006905,True,True,2,05_runtime_budget_baselines/raw_runs.csv
Runtime budget baseline,Chao,GRASP,p4.2.t,0,2500,7.1081534000009015,6.8581534000009015,13769,1257.0,1306.0,3.7519142419601836,234.44190855494023,87,6.858490700000402,0.2496627000004991,True,True,2,05_runtime_budget_baselines/raw_runs.csv
Runtime budget baseline,Chao,GRASP,p4.2.t,1,2500,7.1081534000009015,6.8581534000009015,13745,1269.0,1306.0,2.8330781010719757,237.06474823896107,91,6.858737400001701,0.2494159999992007,True,True,2,05_runtime_budget_baselines/raw_runs.csv
Runtime budget baseline,Chao,GRASP,p4.2.t,2,2500,7.1081534000009015,6.8581534000009015,13672,1270.0,1306.0,2.756508422664625,236.2484463718303,90,6.858813799997733,0.249339600003168,True,True,2,05_runtime_budget_baselines/raw_runs.csv
Runtime budget baseline,Chao,GRASP,p4.2.t,3,2500,7.1081534000009015,6.8581534000009015,13728,1276.0,1306.0,2.2970903522205206,234.0756143646852,90,6.858376599997428,0.2497768000034739,True,True,2,05_runtime_budget_baselines/raw_runs.csv
Runtime budget baseline,Chao,GRASP,p4.3.c,0,2500,2.0727383750004265,1.8227383750004265,14208,193.0,193.0,0.0,68.84769108851907,12,1.822872600001574,0.2498657749988524,True,True,2,05_runtime_budget_baselines/raw_runs.csv
Runtime budget baseline,Chao,GRASP,p4.3.c,1,2500,2.0727383750004265,1.8227383750004265,14347,193.0,193.0,0.0,68.84769108851907,12,1.822930800000904,0.2498075749995223,True,True,2,05_runtime_budget_baselines/raw_runs.csv
Runtime budget baseline,Chao,GRASP,p4.3.c,2,2500,2.0727383750004265,1.8227383750004265,14253,193.0,193.0,0.0,68.84769108851907,12,1.8231218000000808,0.2496165750003456,True,True,2,05_runtime_budget_baselines/raw_runs.csv
Runtime budget baseline,Chao,GRASP,p4.3.c,3,2500,2.0727383750004265,1.8227383750004265,14253,193.0,193.0,0.0,68.84769108851907,12,1.822843699999794,0.2498946750006325,True,True,2,05_runtime_budget_baselines/raw_runs.csv
Runtime budget baseline,Chao,GRASP,p4.3.d,0,2500,3.224414650000199,2.974414650000199,19751,326.0,335.0,2.6865671641791047,79.52033436628393,23,2.974744000002829,0.2496706499973697,True,True,2,05_runtime_budget_baselines/raw_runs.csv
Runtime budget baseline,Chao,GRASP,p4.3.d,1,2500,3.224414650000199,2.974414650000199,19883,324.0,335.0,3.283582089552239,79.61439680398787,24,2.975313200000528,0.2491014499996708,True,True,2,05_runtime_budget_baselines/raw_runs.csv
Runtime budget baseline,Chao,GRASP,p4.3.d,2,2500,3.224414650000199,2.974414650000199,19875,324.0,335.0,3.283582089552239,79.61439680398787,24,2.974654300000111,0.2497603500000877,True,True,2,05_runtime_budget_baselines/raw_runs.csv
Runtime budget baseline,Chao,GRASP,p4.3.d,3,2500,3.224414650000199,2.974414650000199,19850,332.0,335.0,0.8955223880597015,79.88244866409681,23,2.974560099999508,0.2498545500006912,True,True,2,05_runtime_budget_baselines/raw_runs.csv
Runtime budget baseline,Chao,GRASP,p4.3.e,0,2500,4.653492950000327,4.403492950000327,26067,441.0,468.0,5.769230769230769,88.85592328557084,27,4.4036498999994365,0.2498430500008908,True,True,2,05_runtime_budget_baselines/raw_runs.csv
Runtime budget baseline,Chao,GRASP,p4.3.e,1,2500,4.653492950000327,4.403492950000327,26054,441.0,468.0,5.769230769230769,89.26714632027881,26,4.403705900000205,0.2497870500001227,True,True,2,05_runtime_budget_baselines/raw_runs.csv
Runtime budget baseline,Chao,GRASP,p4.3.e,2,2500,4.653492950000327,4.403492950000327,26285,441.0,468.0,5.769230769230769,89.26714632027881,26,4.403672300002654,0.2498206499976731,True,True,2,05_runtime_budget_baselines/raw_runs.csv
Runtime budget baseline,Chao,GRASP,p4.3.e,3,2500,4.653492950000327,4.403492950000327,26326,442.0,468.0,5.555555555555555,88.4495382089924,28,4.403655199999776,0.2498377500005517,True,True,2,05_runtime_budget_baselines/raw_runs.csv
Runtime budget baseline,Chao,GRASP,p4.3.f,0,2500,5.310437875000844,5.060437875000844,27454,537.0,579.0,7.253886010362694,99.56599024969238,35,5.060629299998254,0.2498085750025893,True,True,2,05_runtime_budget_baselines/raw_runs.csv
Runtime budget baseline,Chao,GRASP,p4.3.f,1,2500,5.310437875000844,5.060437875000844,27490,528.0,579.0,8.808290155440414,99.35168151766676,35,5.0608885000001465,0.2495493750006971,True,True,2,05_runtime_budget_baselines/raw_runs.csv
Runtime budget baseline,Chao,GRASP,p4.3.f,2,2500,5.310437875000844,5.060437875000844,27539,534.0,579.0,7.772020725388601,99.1845157281274,34,5.0609825999999885,0.2494552750008551,True,True,2,05_runtime_budget_baselines/raw_runs.csv
Runtime budget baseline,Chao,GRASP,p4.3.f,3,2500,5.310437875000844,5.060437875000844,27525,537.0,579.0,7.253886010362694,99.56599024969238,35,5.060636099999101,0.2498017750017425,True,True,2,05_runtime_budget_baselines/raw_runs.csv
Runtime budget baseline,Chao,GRASP,p4.3.g,0,2500,6.209602974999143,5.959602974999143,29186,612.0,653.0,6.278713629402756,108.24533091982356,42,5.959828499999276,0.2497744749998673,True,True,2,05_runtime_budget_baselines/raw_runs.csv
Runtime budget baseline,Chao,GRASP,p4.3.g,1,2500,6.209602974999143,5.959602974999143,29220,608.0,653.0,6.891271056661562,107.05050539633184,42,5.959738599998673,0.2498643750004703,True,True,2,05_runtime_budget_baselines/raw_runs.csv
Runtime budget baseline,Chao,GRASP,p4.3.g,2,2500,6.209602974999143,5.959602974999143,29073,612.0,653.0,6.278713629402756,108.24533091982356,42,5.959742600000027,0.2498603749991161,True,True,2,05_runtime_budget_baselines/raw_runs.csv
Runtime budget baseline,Chao,GRASP,p4.3.g,3,2500,6.209602974999143,5.959602974999143,29259,598.0,653.0,8.422664624808576,108.61021311362332,39,5.959894899999199,0.249708074999944,True,True,2,05_runtime_budget_baselines/raw_runs.csv
Runtime budget baseline,Chao,GRASP,p4.3.h,0,2500,7.29379172499921,7.04379172499921,31674,674.0,729.0,7.544581618655693,119.49840415033236,50,7.043990199999826,0.2498015249993841,True,True,2,05_runtime_budget_baselines/raw_runs.csv
Runtime budget baseline,Chao,GRASP,p4.3.h,1,2500,7.29379172499921,7.04379172499921,31663,666.0,729.0,8.641975308641975,117.2099795597606,46,7.044146200001705,0.2496455249975042,True,True,2,05_runtime_budget_baselines/raw_runs.csv
Runtime budget baseline,Chao,GRASP,p4.3.h,2,2500,7.29379172499921,7.04379172499921,31329,666.0,729.0,8.641975308641975,117.2099795597606,46,7.044092799998907,0.2496989250003025,True,True,2,05_runtime_budget_baselines/raw_runs.csv
Runtime budget baseline,Chao,GRASP,p4.3.h,3,2500,7.29379172499921,7.04379172499921,31314,673.0,729.0,7.681755829903978,117.1344001109902,44,7.044257300000027,0.2495344249991831,True,True,2,05_runtime_budget_baselines/raw_runs.csv
Runtime budget baseline,Chao,GRASP,p4.3.i,0,2500,8.776482175000183,8.526482175000183,35534,755.0,809.0,6.6749072929542645,128.83825496357545,54,8.526713200000813,0.2497689749993696,True,True,2,05_runtime_budget_baselines/raw_runs.csv
Runtime budget baseline,Chao,GRASP,p4.3.i,1,2500,8.776482175000183,8.526482175000183,35689,739.0,809.0,8.65265760197775,128.4331590701377,49,8.52675299999828,0.249729175001903,True,True,2,05_runtime_budget_baselines/raw_runs.csv
Runtime budget baseline,Chao,GRASP,p4.3.i,2,2500,8.776482175000183,8.526482175000183,35476,740.0,809.0,8.529048207663783,128.2716730181295,53,8.52689989999999,0.2495822750001934,True,True,2,05_runtime_budget_baselines/raw_runs.csv
Runtime budget baseline,Chao,GRASP,p4.3.i,3,2500,8.776482175000183,8.526482175000183,35559,722.0,809.0,10.754017305315204,127.51584944047056,47,8.526787399998284,0.2496947750018989,True,True,2,05_runtime_budget_baselines/raw_runs.csv
Runtime budget baseline,Chao,GRASP,p4.3.j,0,2500,9.85806404999994,9.60806404999994,37498,789.0,861.0,8.362369337979095,137.3545945461227,55,9.60827430000063,0.2497897499993087,True,True,2,05_runtime_budget_baselines/raw_runs.csv
Runtime budget baseline,Chao,GRASP,p4.3.j,1,2500,9.85806404999994,9.60806404999994,37389,793.0,861.0,7.897793263646922,135.86742736515782,55,9.608339300000807,0.2497247499991317,True,True,2,05_runtime_budget_baselines/raw_runs.csv
Runtime budget baseline,Chao,GRASP,p4.3.j,2,2500,9.85806404999994,9.60806404999994,37311,791.0,861.0,8.130081300813009,135.91664805830092,56,9.608217600001808,0.249846449998131,True,True,2,05_runtime_budget_baselines/raw_runs.csv
Runtime budget baseline,Chao,GRASP,p4.3.j,3,2500,9.85806404999994,9.60806404999994,37274,796.0,861.0,7.549361207897793,139.48065148543955,56,9.60839400000259,0.2496700499973485,True,True,2,05_runtime_budget_baselines/raw_runs.csv
Runtime budget baseline,Chao,GRASP,p4.3.k,0,2500,10.00703465000015,9.75703465000015,35387,855.0,919.0,6.9640914036996735,148.08847896478616,59,9.757214999997814,0.2498196500023368,True,True,2,05_runtime_budget_baselines/raw_runs.csv
Runtime budget baseline,Chao,GRASP,p4.3.k,1,2500,10.00703465000015,9.75703465000015,35439,870.0,919.0,5.331882480957563,147.61445555825327,62,9.757375299999694,0.2496593500004564,True,True,2,05_runtime_budget_baselines/raw_runs.csv
Runtime budget baseline,Chao,GRASP,p4.3.k,2,2500,10.00703465000015,9.75703465000015,35230,873.0,919.0,5.00544069640914,148.27978546133917,61,9.757243799998832,0.2497908500013181,True,True,2,05_runtime_budget_baselines/raw_runs.csv
Runtime budget baseline,Chao,GRASP,p4.3.k,3,2500,10.00703465000015,9.75703465000015,35411,862.0,919.0,6.2023939064200215,147.9061526170235,62,9.757646699999896,0.2493879500002549,True,True,2,05_runtime_budget_baselines/raw_runs.csv
Runtime budget baseline,Chao,GRASP,p4.3.l,0,2500,9.492194874999312,9.242194874999312,31135,902.0,979.0,7.865168539325842,155.63441903995343,61,9.24249090000012,0.2497039749991927,True,True,2,05_runtime_budget_baselines/raw_runs.csv
Runtime budget baseline,Chao,GRASP,p4.3.l,1,2500,9.492194874999312,9.242194874999312,31202,931.0,979.0,4.902962206332993,156.98628479868188,63,9.242374800000109,0.2498200749992065,True,True,2,05_runtime_budget_baselines/raw_runs.csv
Runtime budget baseline,Chao,GRASP,p4.3.l,2,2500,9.492194874999312,9.242194874999312,31107,918.0,979.0,6.230847803881511,156.64566435007563,61,9.242376500002138,0.2498183749971758,True,True,2,05_runtime_budget_baselines/raw_runs.csv
Runtime budget baseline,Chao,GRASP,p4.3.l,3,2500,9.492194874999312,9.242194874999312,31248,920.0,979.0,6.026557711950971,158.18118908509803,61,9.242513599998349,0.2496812750009667,True,True,2,05_runtime_budget_baselines/raw_runs.csv
Runtime budget baseline,Chao,GRASP,p4.3.m,0,2500,9.458147900000313,9.208147900000313,28885,973.0,1063.0,8.466603951081844,165.04793615062266,65,9.208866199998738,0.2492817000015748,True,True,2,05_runtime_budget_baselines/raw_runs.csv
Runtime budget baseline,Chao,GRASP,p4.3.m,1,2500,9.458147900000313,9.208147900000313,28972,984.0,1063.0,7.431796801505174,167.18214075153787,65,9.208506200000556,0.2496416999997563,True,True,2,05_runtime_budget_baselines/raw_runs.csv
Runtime budget baseline,Chao,GRASP,p4.3.m,2,2500,9.458147900000313,9.208147900000313,28857,946.0,1063.0,11.006585136406397,166.69697441467738,67,9.208327299998928,0.2498206000013851,True,True,2,05_runtime_budget_baselines/raw_runs.csv
Runtime budget baseline,Chao,GRASP,p4.3.m,3,2500,9.458147900000313,9.208147900000313,28978,960.0,1063.0,9.689557855127,167.87211175281035,63,9.208597400000144,0.2495505000001685,True,True,2,05_runtime_budget_baselines/raw_runs.csv
Runtime budget baseline,Chao,GRASP,p4.3.n,0,2500,9.54739010000003,9.29739010000003,27211,1008.0,1121.0,10.08028545941124,174.56666002588923,70,9.297908499996993,0.2494816000030368,True,True,2,05_runtime_budget_baselines/raw_runs.csv
Runtime budget baseline,Chao,GRASP,p4.3.n,1,2500,9.54739010000003,9.29739010000003,27116,1008.0,1121.0,10.08028545941124,178.59862196123098,68,9.297583100000338,0.2498069999996914,True,True,2,05_runtime_budget_baselines/raw_runs.csv
Runtime budget baseline,Chao,GRASP,p4.3.n,2,2500,9.54739010000003,9.29739010000003,27601,1009.0,1121.0,9.991079393398751,175.12872561181172,69,9.297601800000848,0.2497882999991816,True,True,2,05_runtime_budget_baselines/raw_runs.csv
Runtime budget baseline,Chao,GRASP,p4.3.n,3,2500,9.54739010000003,9.29739010000003,27546,1038.0,1121.0,7.404103479036574,177.14203860830605,72,9.297699200000352,0.2496908999996776,True,True,2,05_runtime_budget_baselines/raw_runs.csv
Runtime budget baseline,Chao,GRASP,p4.3.o,0,2500,9.600253350000456,9.350253350000456,26629,1047.0,1172.0,10.665529010238908,183.471054072907,75,9.350596000000223,0.2496573500002341,True,True,2,05_runtime_budget_baselines/raw_runs.csv
Runtime budget baseline,Chao,GRASP,p4.3.o,1,2500,9.600253350000456,9.350253350000456,26633,1050.0,1172.0,10.409556313993175,182.05439314805528,76,9.350784700000077,0.2494686500003808,True,True,2,05_runtime_budget_baselines/raw_runs.csv
Runtime budget baseline,Chao,GRASP,p4.3.o,2,2500,9.600253350000456,9.350253350000456,26750,1047.0,1172.0,10.665529010238908,185.3576435709394,75,9.350663399996847,0.2495899500036102,True,True,2,05_runtime_budget_baselines/raw_runs.csv
Runtime budget baseline,Chao,GRASP,p4.3.o,3,2500,9.600253350000456,9.350253350000456,26671,1047.0,1172.0,10.665529010238908,181.05645679464988,75,9.3507271999988,0.2495261500016568,True,True,2,05_runtime_budget_baselines/raw_runs.csv
Runtime budget baseline,Chao,GRASP,p4.3.p,0,2500,9.074289999999564,8.824289999999564,23858,1104.0,1222.0,9.656301145662848,197.39699222686045,72,8.824793700001464,0.2494962999980998,True,True,2,05_runtime_budget_baselines/raw_runs.csv
Runtime budget baseline,Chao,GRASP,p4.3.p,1,2500,9.074289999999564,8.824289999999564,23849,1145.0,1222.0,6.301145662847791,194.71017644452243,81,8.824477899997873,0.2498121000016908,True,True,2,05_runtime_budget_baselines/raw_runs.csv
Runtime budget baseline,Chao,GRASP,p4.3.p,2,2500,9.074289999999564,8.824289999999564,23737,1086.0,1222.0,11.129296235679215,196.38988988910424,76,8.824679199999082,0.2496108000004824,True,True,2,05_runtime_budget_baselines/raw_runs.csv
Runtime budget baseline,Chao,GRASP,p4.3.p,3,2500,9.074289999999564,8.824289999999564,23765,1103.0,1222.0,9.738134206219312,196.8193264798045,76,8.824537899999996,0.2497520999995686,True,True,2,05_runtime_budget_baselines/raw_runs.csv
Runtime budget baseline,Chao,GRASP,p4.3.q,0,2500,9.11141975000055,8.86141975000055,22964,1117.0,1253.0,10.853950518754989,206.3833769156216,79,8.861996800002089,0.2494229499984612,True,True,2,05_runtime_budget_baselines/raw_runs.csv
Runtime budget baseline,Chao,GRASP,p4.3.q,1,2500,9.11141975000055,8.86141975000055,22884,1158.0,1253.0,7.581803671189146,207.5662637686065,81,8.86199200000192,0.249427749998631,True,True,2,05_runtime_budget_baselines/raw_runs.csv
Runtime budget baseline,Chao,GRASP,p4.3.q,2,2500,9.11141975000055,8.86141975000055,22913,1134.0,1253.0,9.497206703910615,206.40153649478972,76,8.861821899998176,0.2495978500023739,True,True,2,05_runtime_budget_baselines/raw_runs.csv
Runtime budget baseline,Chao,GRASP,p4.3.q,3,2500,9.11141975000055,8.86141975000055,22938,1127.0,1253.0,10.05586592178771,204.8176890574143,76,8.861725099999603,0.2496946500009471,True,True,2,05_runtime_budget_baselines/raw_runs.csv
Runtime budget baseline,Chao,GRASP,p4.3.r,0,2500,7.666611625000314,7.416611625000314,18375,1164.0,1273.0,8.562450903377847,216.62500271646107,83,7.416946699999244,0.2496649250010705,True,True,2,05_runtime_budget_baselines/raw_runs.csv
Runtime budget baseline,Chao,GRASP,p4.3.r,1,2500,7.666611625000314,7.416611625000314,18503,1189.0,1273.0,6.598586017282011,215.79982049842928,86,7.41682800000126,0.2497836249990541,True,True,2,05_runtime_budget_baselines/raw_runs.csv
Runtime budget baseline,Chao,GRASP,p4.3.r,2,2500,7.666611625000314,7.416611625000314,18416,1176.0,1273.0,7.619795758051846,214.94808437167924,86,7.417189600000711,0.2494220249996033,True,True,2,05_runtime_budget_baselines/raw_runs.csv
Runtime budget baseline,Chao,GRASP,p4.3.r,3,2500,7.666611625000314,7.416611625000314,18479,1168.0,1273.0,8.248232521602514,217.9733144572445,83,7.41689100000076,0.2497206249995542,True,True,2,05_runtime_budget_baselines/raw_runs.csv
Runtime budget baseline,Chao,GRASP,p4.3.s,0,2500,7.327271674999793,7.077271674999793,17067,1190.0,1295.0,8.108108108108109,223.0132771812126,85,7.077740200002154,0.2495314749976387,True,True,2,05_runtime_budget_baselines/raw_runs.csv
Runtime budget baseline,Chao,GRASP,p4.3.s,1,2500,7.327271674999793,7.077271674999793,16986,1209.0,1295.0,6.640926640926641,222.3058688622989,84,7.077835800002504,0.2494358749972889,True,True,2,05_runtime_budget_baselines/raw_runs.csv
Runtime budget baseline,Chao,GRASP,p4.3.s,2,2500,7.327271674999793,7.077271674999793,17093,1193.0,1295.0,7.876447876447877,222.7366360925764,86,7.077506800000265,0.2497648749995278,True,True,2,05_runtime_budget_baselines/raw_runs.csv
Runtime budget baseline,Chao,GRASP,p4.3.s,3,2500,7.327271674999793,7.077271674999793,17086,1208.0,1295.0,6.718146718146718,220.93975783299945,88,7.077519099999336,0.249752575000457,True,True,2,05_runtime_budget_baselines/raw_runs.csv
Runtime budget baseline,Chao,GRASP,p4.3.t,0,2500,6.438867599999412,6.188867599999412,14550,1238.0,1305.0,5.134099616858237,232.73489728646928,88,6.1893181999985245,0.2495494000008875,True,True,2,05_runtime_budget_baselines/raw_runs.csv
Runtime budget baseline,Chao,GRASP,p4.3.t,1,2500,6.438867599999412,6.188867599999412,14498,1221.0,1305.0,6.436781609195402,231.74716442260345,86,6.189291999999114,0.2495756000002984,True,True,2,05_runtime_budget_baselines/raw_runs.csv
Runtime budget baseline,Chao,GRASP,p4.3.t,2,2500,6.438867599999412,6.188867599999412,14526,1222.0,1305.0,6.360153256704981,234.77011410864375,86,6.18920259999868,0.2496650000007321,True,True,2,05_runtime_budget_baselines/raw_runs.csv
Runtime budget baseline,Chao,GRASP,p4.3.t,3,2500,6.438867599999412,6.188867599999412,14490,1255.0,1305.0,3.8314176245210727,231.4375727605889,89,6.189099600000191,0.2497679999992215,True,True,2,05_runtime_budget_baselines/raw_runs.csv
Runtime budget baseline,Chao,GRASP,p4.4.e,0,2500,1.968330700000024,1.718330700000024,11173,183.0,183.0,0.0,88.4034580996323,13,1.7187672999971255,0.2495634000028985,True,True,2,05_runtime_budget_baselines/raw_runs.csv
Runtime budget baseline,Chao,GRASP,p4.4.e,1,2500,1.968330700000024,1.718330700000024,11207,183.0,183.0,0.0,88.4034580996323,13,1.7185312000001431,0.2497994999998809,True,True,2,05_runtime_budget_baselines/raw_runs.csv
Runtime budget baseline,Chao,GRASP,p4.4.e,2,2500,1.968330700000024,1.718330700000024,11132,183.0,183.0,0.0,88.4034580996323,13,1.7184331999997084,0.2498975000003156,True,True,2,05_runtime_budget_baselines/raw_runs.csv
Runtime budget baseline,Chao,GRASP,p4.4.e,3,2500,1.968330700000024,1.718330700000024,11164,183.0,183.0,0.0,88.4034580996323,13,1.7184618999999657,0.2498688000000584,True,True,2,05_runtime_budget_baselines/raw_runs.csv
Runtime budget baseline,Chao,GRASP,p4.4.f,0,2500,3.190492099999574,2.940492099999574,18415,308.0,324.0,4.938271604938271,98.42211501965303,21,2.9406542999968224,0.2498378000027514,True,True,2,05_runtime_budget_baselines/raw_runs.csv
Runtime budget baseline,Chao,GRASP,p4.4.f,1,2500,3.190492099999574,2.940492099999574,18545,315.0,324.0,2.7777777777777777,98.67506824161988,22,2.940655499998684,0.24983660000089,True,True,2,05_runtime_budget_baselines/raw_runs.csv
Runtime budget baseline,Chao,GRASP,p4.4.f,2,2500,3.190492099999574,2.940492099999574,18388,315.0,324.0,2.7777777777777777,98.67506824161988,22,2.940632499998173,0.2498596000014004,True,True,2,05_runtime_budget_baselines/raw_runs.csv
Runtime budget baseline,Chao,GRASP,p4.4.f,3,2500,3.190492099999574,2.940492099999574,18515,308.0,324.0,4.938271604938271,98.42211501965303,21,2.94103229999746,0.2494598000021142,True,True,2,05_runtime_budget_baselines/raw_runs.csv
Runtime budget baseline,Chao,GRASP,p4.4.g,0,2500,4.28755612499981,4.03755612499981,22425,436.0,461.0,5.422993492407809,109.39118123588791,30,4.037914000000455,0.2496421249993545,True,True,2,05_runtime_budget_baselines/raw_runs.csv
Runtime budget baseline,Chao,GRASP,p4.4.g,1,2500,4.28755612499981,4.03755612499981,22559,436.0,461.0,5.422993492407809,108.575323137476,30,4.037813899998582,0.2497422250012277,True,True,2,05_runtime_budget_baselines/raw_runs.csv
Runtime budget baseline,Chao,GRASP,p4.4.g,2,2500,4.28755612499981,4.03755612499981,22506,436.0,461.0,5.422993492407809,108.575323137476,30,4.037810699999682,0.2497454250001283,True,True,2,05_runtime_budget_baselines/raw_runs.csv
Runtime budget baseline,Chao,GRASP,p4.4.g,3,2500,4.28755612499981,4.03755612499981,22622,436.0,461.0,5.422993492407809,108.575323137476,30,4.037672800001019,0.249883324998791,True,True,2,05_runtime_budget_baselines/raw_runs.csv
Runtime budget baseline,Chao,GRASP,p4.4.h,0,2500,5.165406449999409,4.915406449999409,25001,517.0,571.0,9.457092819614711,117.91457108253508,35,4.915619499999593,0.249786949999816,True,True,2,05_runtime_budget_baselines/raw_runs.csv
Runtime budget baseline,Chao,GRASP,p4.4.h,1,2500,5.165406449999409,4.915406449999409,24919,522.0,571.0,8.581436077057793,117.72563652938403,35,4.915541999998823,0.2498644500005866,True,True,2,05_runtime_budget_baselines/raw_runs.csv
Runtime budget baseline,Chao,GRASP,p4.4.h,2,2500,5.165406449999409,4.915406449999409,25146,531.0,571.0,7.005253940455342,118.70745631697574,35,4.915730199998507,0.2496762500009026,True,True,2,05_runtime_budget_baselines/raw_runs.csv
Runtime budget baseline,Chao,GRASP,p4.4.h,3,2500,5.165406449999409,4.915406449999409,25146,523.0,571.0,8.40630472854641,119.42523215863434,35,4.915562299996964,0.2498441500024455,True,True,2,05_runtime_budget_baselines/raw_runs.csv
Runtime budget baseline,Chao,GRASP,p4.4.i,0,2500,5.946116475000508,5.696116475000508,27161,594.0,657.0,9.58904109589041,128.8358892166451,40,5.696329500002321,0.2497869749981873,True,True,2,05_runtime_budget_baselines/raw_runs.csv
Runtime budget baseline,Chao,GRASP,p4.4.i,1,2500,5.946116475000508,5.696116475000508,26980,600.0,657.0,8.67579908675799,129.0311246117235,41,5.696373899998434,0.2497425750020738,True,True,2,05_runtime_budget_baselines/raw_runs.csv
Runtime budget baseline,Chao,GRASP,p4.4.i,2,2500,5.946116475000508,5.696116475000508,26900,597.0,657.0,9.132420091324201,127.14822897686686,40,5.696324700002151,0.2497917749983571,True,True,2,05_runtime_budget_baselines/raw_runs.csv
Runtime budget baseline,Chao,GRASP,p4.4.i,3,2500,5.946116475000508,5.696116475000508,26820,599.0,657.0,8.82800608828006,128.4725836081569,40,5.696279199997662,0.2498372750028465,True,True,2,05_runtime_budget_baselines/raw_runs.csv
Runtime budget baseline,Chao,GRASP,p4.4.j,0,2500,6.796319374999712,6.546319374999712,28642,670.0,732.0,8.469945355191257,137.85350095268203,45,6.546643800000311,0.2496755749994008,True,True,2,05_runtime_budget_baselines/raw_runs.csv
Runtime budget baseline,Chao,GRASP,p4.4.j,1,2500,6.796319374999712,6.546319374999712,28682,664.0,732.0,9.289617486338798,138.14009774017742,43,6.546486499999446,0.2498328750002656,True,True,2,05_runtime_budget_baselines/raw_runs.csv
Runtime budget baseline,Chao,GRASP,p4.4.j,2,2500,6.796319374999712,6.546319374999712,28852,677.0,732.0,7.5136612021857925,138.9276976877994,46,6.546696899997187,0.2496224750025248,True,True,2,05_runtime_budget_baselines/raw_runs.csv
Runtime budget baseline,Chao,GRASP,p4.4.j,3,2500,6.796319374999712,6.546319374999712,28818,668.0,732.0,8.743169398907105,137.15982934330208,46,6.546673600001668,0.2496457749980436,True,True,2,05_runtime_budget_baselines/raw_runs.csv
Runtime budget baseline,Chao,GRASP,p4.4.k,0,2500,8.15633514999945,7.90633514999945,32220,748.0,821.0,8.891595615103533,148.1115086853255,52,7.906523200002994,0.2498119499964559,True,True,2,05_runtime_budget_baselines/raw_runs.csv
Runtime budget baseline,Chao,GRASP,p4.4.k,1,2500,8.15633514999945,7.90633514999945,32257,736.0,821.0,10.353227771010962,148.23320276456224,50,7.9065714999997,0.2497636499997497,True,True,2,05_runtime_budget_baselines/raw_runs.csv
Runtime budget baseline,Chao,GRASP,p4.4.k,2,2500,8.15633514999945,7.90633514999945,32120,726.0,821.0,11.571254567600487,145.4878126226244,51,7.906673900000896,0.2496612499985531,True,True,2,05_runtime_budget_baselines/raw_runs.csv
Runtime budget baseline,Chao,GRASP,p4.4.k,3,2500,8.15633514999945,7.90633514999945,32187,731.0,821.0,10.962241169305726,147.73658115674982,48,7.906582499999786,0.2497526499996638,True,True,2,05_runtime_budget_baselines/raw_runs.csv
Runtime budget baseline,Chao,GRASP,p4.4.l,0,2500,8.395748049999838,8.145748049999838,30988,788.0,880.0,10.454545454545455,158.8346465978068,56,8.14623869999923,0.2495093500006078,True,True,2,05_runtime_budget_baselines/raw_runs.csv
Runtime budget baseline,Chao,GRASP,p4.4.l,1,2500,8.395748049999838,8.145748049999838,31096,791.0,880.0,10.113636363636363,156.79545804557637,56,8.14615120000235,0.2495968499974878,True,True,2,05_runtime_budget_baselines/raw_runs.csv
Runtime budget baseline,Chao,GRASP,p4.4.l,2,2500,8.395748049999838,8.145748049999838,31103,797.0,880.0,9.431818181818182,158.22252271486792,57,8.146053000000393,0.2496950499994454,True,True,2,05_runtime_budget_baselines/raw_runs.csv
Runtime budget baseline,Chao,GRASP,p4.4.l,3,2500,8.395748049999838,8.145748049999838,31181,788.0,880.0,10.454545454545455,158.8346465978068,56,8.146017000002757,0.2497310499970808,True,True,2,05_runtime_budget_baselines/raw_runs.csv
Runtime budget baseline,Chao,GRASP,p4.4.m,0,2500,9.052383624999491,8.802383624999493,31811,847.0,919.0,7.834602829162133,167.78821082046042,61,8.802605600001698,0.249778024997795,True,True,2,05_runtime_budget_baselines/raw_runs.csv
Runtime budget baseline,Chao,GRASP,p4.4.m,1,2500,9.052383624999491,8.802383624999493,31882,847.0,919.0,7.834602829162133,166.37032534699748,62,8.80267079999976,0.2497128249997331,True,True,2,05_runtime_budget_baselines/raw_runs.csv
Runtime budget baseline,Chao,GRASP,p4.4.m,2,2500,9.052383624999491,8.802383624999493,31904,847.0,919.0,7.834602829162133,167.30119266197266,61,8.802656800002296,0.2497268249971966,True,True,2,05_runtime_budget_baselines/raw_runs.csv
Runtime budget baseline,Chao,GRASP,p4.4.m,3,2500,9.052383624999491,8.802383624999493,31918,838.0,919.0,8.8139281828074,166.7898017619757,61,8.802661400000943,0.2497222249985498,True,True,2,05_runtime_budget_baselines/raw_runs.csv
Runtime budget baseline,Chao,GRASP,p4.4.n,0,2500,9.472798925000006,9.222798925000006,31314,884.0,976.0,9.426229508196721,174.58408932261383,67,9.222986600001605,0.2498123249984019,True,True,2,05_runtime_budget_baselines/raw_runs.csv
Runtime budget baseline,Chao,GRASP,p4.4.n,1,2500,9.472798925000006,9.222798925000006,31250,894.0,976.0,8.401639344262295,177.40139825332204,64,9.223133799998324,0.2496651250016839,True,True,2,05_runtime_budget_baselines/raw_runs.csv
Runtime budget baseline,Chao,GRASP,p4.4.n,2,2500,9.472798925000006,9.222798925000006,31404,888.0,976.0,9.01639344262295,176.70095568964396,67,9.223089099999925,0.2497098250000817,True,True,2,05_runtime_budget_baselines/raw_runs.csv
Runtime budget baseline,Chao,GRASP,p4.4.n,3,2500,9.472798925000006,9.222798925000006,31282,879.0,976.0,9.938524590163935,178.697375025175,63,9.222952899999656,0.2498460250003518,True,True,2,05_runtime_budget_baselines/raw_runs.csv
Runtime budget baseline,Chao,GRASP,p4.4.o,0,2500,8.759460175000186,8.509460175000186,27594,926.0,1061.0,12.723845428840717,185.6799888776847,68,8.50973150000209,0.2497286749980958,True,True,2,05_runtime_budget_baselines/raw_runs.csv
Runtime budget baseline,Chao,GRASP,p4.4.o,1,2500,8.759460175000186,8.509460175000186,27564,936.0,1061.0,11.7813383600377,183.5104761244328,69,8.50992160000169,0.2495385749984962,True,True,2,05_runtime_budget_baselines/raw_runs.csv
Runtime budget baseline,Chao,GRASP,p4.4.o,2,2500,8.759460175000186,8.509460175000186,27604,950.0,1061.0,10.461828463713477,184.2677312928741,68,8.509877100001177,0.2495830749990091,True,True,2,05_runtime_budget_baselines/raw_runs.csv
Runtime budget baseline,Chao,GRASP,p4.4.o,3,2500,8.759460175000186,8.509460175000186,27538,933.0,1061.0,12.064090480678605,183.42792081124952,72,8.50979340000049,0.2496667749996959,True,True,2,05_runtime_budget_baselines/raw_runs.csv
Runtime budget baseline,Chao,GRASP,p4.4.p,0,2500,9.107960350000212,8.857960350000212,27639,977.0,1124.0,13.078291814946619,197.34622985576715,71,8.858307099999365,0.249653250000847,True,True,2,05_runtime_budget_baselines/raw_runs.csv
Runtime budget baseline,Chao,GRASP,p4.4.p,1,2500,9.107960350000212,8.857960350000212,27517,969.0,1124.0,13.790035587188612,193.83447665737089,72,8.858235100000456,0.2497252499997557,True,True,2,05_runtime_budget_baselines/raw_runs.csv
Runtime budget baseline,Chao,GRASP,p4.4.p,2,2500,9.107960350000212,8.857960350000212,27613,986.0,1124.0,12.277580071174377,195.76546591078704,70,8.858190700000705,0.2497696499995072,True,True,2,05_runtime_budget_baselines/raw_runs.csv
Runtime budget baseline,Chao,GRASP,p4.4.p,3,2500,9.107960350000212,8.857960350000212,27562,974.0,1124.0,13.345195729537366,196.99591838318972,70,8.858373500002926,0.2495868499972857,True,True,2,05_runtime_budget_baselines/raw_runs.csv
Runtime budget baseline,Chao,GRASP,p4.4.q,0,2500,8.05738297500011,7.80738297500011,23338,1042.0,1161.0,10.249784668389319,204.4777298838005,74,7.807721199998923,0.2496617750011864,True,True,2,05_runtime_budget_baselines/raw_runs.csv
Runtime budget baseline,Chao,GRASP,p4.4.q,1,2500,8.05738297500011,7.80738297500011,23290,1027.0,1161.0,11.541774332472007,206.5850045880381,70,7.807771499999944,0.2496114750001652,True,True,2,05_runtime_budget_baselines/raw_runs.csv
Runtime budget baseline,Chao,GRASP,p4.4.q,2,2500,8.05738297500011,7.80738297500011,23306,1028.0,1161.0,11.455641688199828,207.47974387459163,70,7.80787070000224,0.2495122749978691,True,True,2,05_runtime_budget_baselines/raw_runs.csv
Runtime budget baseline,Chao,GRASP,p4.4.q,3,2500,8.05738297500011,7.80738297500011,23304,1042.0,1161.0,10.249784668389319,206.27102051913897,74,7.8077200000007,0.2496629749994099,True,True,2,05_runtime_budget_baselines/raw_runs.csv
Runtime budget baseline,Chao,GRASP,p4.4.r,0,2500,7.936711199999536,7.686711199999536,22188,1103.0,1216.0,9.292763157894736,216.8482613899532,78,7.686990400001378,0.2497207999981583,True,True,2,05_runtime_budget_baselines/raw_runs.csv
Runtime budget baseline,Chao,GRASP,p4.4.r,1,2500,7.936711199999536,7.686711199999536,22195,1092.0,1216.0,10.197368421052632,214.86422182213704,77,7.687096600002405,0.2496145999971304,True,True,2,05_runtime_budget_baselines/raw_runs.csv
Runtime budget baseline,Chao,GRASP,p4.4.r,2,2500,7.936711199999536,7.686711199999536,22231,1105.0,1216.0,9.12828947368421,217.52670227220585,72,7.687114800002746,0.2495963999967898,True,True,2,05_runtime_budget_baselines/raw_runs.csv
Runtime budget baseline,Chao,GRASP,p4.4.r,3,2500,7.936711199999536,7.686711199999536,22177,1108.0,1216.0,8.881578947368421,215.93398270876315,76,7.687055300000793,0.2496558999987428,True,True,2,05_runtime_budget_baselines/raw_runs.csv
Runtime budget baseline,Chao,GRASP,p4.4.s,0,2500,7.267381775000558,7.017381775000558,19540,1144.0,1260.0,9.206349206349206,224.23389342934323,82,7.017795700001443,0.2495860749991152,True,True,2,05_runtime_budget_baselines/raw_runs.csv
Runtime budget baseline,Chao,GRASP,p4.4.s,1,2500,7.267381775000558,7.017381775000558,19546,1133.0,1260.0,10.079365079365079,224.0519851714652,82,7.017809000000852,0.2495727749997058,True,True,2,05_runtime_budget_baselines/raw_runs.csv
Runtime budget baseline,Chao,GRASP,p4.4.s,2,2500,7.267381775000558,7.017381775000558,19344,1143.0,1260.0,9.285714285714286,224.4079814615289,81,7.017634899999393,0.2497468750011648,True,True,2,05_runtime_budget_baselines/raw_runs.csv
Runtime budget baseline,Chao,GRASP,p4.4.s,3,2500,7.267381775000558,7.017381775000558,19487,1135.0,1260.0,9.920634920634921,227.163426185346,84,7.017597199999727,0.2497845750008309,True,True,2,05_runtime_budget_baselines/raw_runs.csv
Runtime budget baseline,Chao,GRASP,p4.4.t,0,2500,6.894636874999833,6.644636874999833,17892,1191.0,1285.0,7.315175097276264,236.3457650776266,85,6.6449351999981445,0.2497016750016882,True,True,2,05_runtime_budget_baselines/raw_runs.csv
Runtime budget baseline,Chao,GRASP,p4.4.t,1,2500,6.894636874999833,6.644636874999833,17774,1166.0,1285.0,9.26070038910506,230.61468141587656,87,6.645165000001725,0.2494718749981075,True,True,2,05_runtime_budget_baselines/raw_runs.csv
Runtime budget baseline,Chao,GRASP,p4.4.t,2,2500,6.894636874999833,6.644636874999833,17957,1166.0,1285.0,9.26070038910506,231.42853392824003,87,6.644964600000094,0.2496722749997388,True,True,2,05_runtime_budget_baselines/raw_runs.csv
Runtime budget baseline,Chao,GRASP,p4.4.t,3,2500,6.894636874999833,6.644636874999833,17905,1192.0,1285.0,7.237354085603113,235.0041949488609,87,6.644951800000854,0.2496850749989789,True,True,2,05_runtime_budget_baselines/raw_runs.csv
Runtime budget baseline,Chao,GRASP,p5.2.h,0,2500,2.5047752749997017,2.2547752749997017,19251,390.0,410.0,4.878048780487805,38.12899020449196,18,2.2549436000008427,0.2498316749988589,True,True,2,05_runtime_budget_baselines/raw_runs.csv
Runtime budget baseline,Chao,GRASP,p5.2.h,1,2500,2.5047752749997017,2.2547752749997017,19286,390.0,410.0,4.878048780487805,38.12899020449196,18,2.2549036999989767,0.249871575000725,True,True,2,05_runtime_budget_baselines/raw_runs.csv
Runtime budget baseline,Chao,GRASP,p5.2.h,2,2500,2.5047752749997017,2.2547752749997017,19584,390.0,410.0,4.878048780487805,38.12899020449196,18,2.2549481999994896,0.249827075000212,True,True,2,05_runtime_budget_baselines/raw_runs.csv
Runtime budget baseline,Chao,GRASP,p5.2.h,3,2500,2.5047752749997017,2.2547752749997017,19555,390.0,410.0,4.878048780487805,38.12899020449196,18,2.254873099998804,0.2499021750008978,True,True,2,05_runtime_budget_baselines/raw_runs.csv
Runtime budget baseline,Chao,GRASP,p5.2.j,0,2500,2.6727737749997686,2.4227737749997686,17386,560.0,580.0,3.4482758620689653,48.47213595499958,24,2.4228776000018115,0.2498961749979571,True,True,2,05_runtime_budget_baselines/raw_runs.csv
Runtime budget baseline,Chao,GRASP,p5.2.j,1,2500,2.6727737749997686,2.4227737749997686,17500,560.0,580.0,3.4482758620689653,48.47213595499958,24,2.4229042000006302,0.2498695749991384,True,True,2,05_runtime_budget_baselines/raw_runs.csv
Runtime budget baseline,Chao,GRASP,p5.2.j,2,2500,2.6727737749997686,2.4227737749997686,17483,560.0,580.0,3.4482758620689653,48.47213595499958,24,2.423000599999796,0.2497731749999729,True,True,2,05_runtime_budget_baselines/raw_runs.csv
Runtime budget baseline,Chao,GRASP,p5.2.j,3,2500,2.6727737749997686,2.4227737749997686,17612,560.0,580.0,3.4482758620689653,48.47213595499958,24,2.422920100001648,0.2498536749981212,True,True,2,05_runtime_budget_baselines/raw_runs.csv
Runtime budget baseline,Chao,GRASP,p5.2.k,0,2500,3.485266225000487,3.235266225000487,21995,630.0,670.0,5.970149253731344,54.12899020449196,26,3.235701199999312,0.2495650250011749,True,True,2,05_runtime_budget_baselines/raw_runs.csv
Runtime budget baseline,Chao,GRASP,p5.2.k,1,2500,3.485266225000487,3.235266225000487,21987,630.0,670.0,5.970149253731344,54.12899020449196,26,3.2353995999983454,0.2498666250021415,True,True,2,05_runtime_budget_baselines/raw_runs.csv
Runtime budget baseline,Chao,GRASP,p5.2.k,2,2500,3.485266225000487,3.235266225000487,21945,630.0,670.0,5.970149253731344,54.12899020449196,26,3.23542069999894,0.2498455250015467,True,True,2,05_runtime_budget_baselines/raw_runs.csv
Runtime budget baseline,Chao,GRASP,p5.2.k,3,2500,3.485266225000487,3.235266225000487,21966,630.0,670.0,5.970149253731344,54.12899020449196,26,3.235450400003174,0.249815824997313,True,True,2,05_runtime_budget_baselines/raw_runs.csv
Runtime budget baseline,Chao,GRASP,p5.2.l,0,2500,3.2870740499997737,3.0370740499997737,19175,700.0,800.0,12.5,56.47213595499958,28,3.037337300000217,0.2497367499995562,True,True,2,05_runtime_budget_baselines/raw_runs.csv
Runtime budget baseline,Chao,GRASP,p5.2.l,1,2500,3.2870740499997737,3.0370740499997737,19184,700.0,800.0,12.5,56.47213595499958,28,3.037271700002748,0.2498023499970258,True,True,2,05_runtime_budget_baselines/raw_runs.csv
Runtime budget baseline,Chao,GRASP,p5.2.l,2,2500,3.2870740499997737,3.0370740499997737,19160,700.0,800.0,12.5,56.47213595499958,28,3.0372657000007166,0.2498083499990571,True,True,2,05_runtime_budget_baselines/raw_runs.csv
Runtime budget baseline,Chao,GRASP,p5.2.l,3,2500,3.2870740499997737,3.0370740499997737,19226,710.0,800.0,11.25,59.70353861930931,28,3.037345799999457,0.2497282500003166,True,True,2,05_runtime_budget_baselines/raw_runs.csv
Runtime budget baseline,Chao,GRASP,p5.2.m,0,2500,4.330206825000005,4.080206825000005,23973,820.0,860.0,4.651162790697675,64.47213595499957,32,4.080326499999501,0.2498803250005039,True,True,2,05_runtime_budget_baselines/raw_runs.csv
Runtime budget baseline,Chao,GRASP,p5.2.m,1,2500,4.330206825000005,4.080206825000005,24000,820.0,860.0,4.651162790697675,64.47213595499957,32,4.080306899999414,0.2498999250005908,True,True,2,05_runtime_budget_baselines/raw_runs.csv
Runtime budget baseline,Chao,GRASP,p5.2.m,2,2500,4.330206825000005,4.080206825000005,24045,820.0,860.0,4.651162790697675,64.47213595499957,32,4.080288699999073,0.2499181250009314,True,True,2,05_runtime_budget_baselines/raw_runs.csv
Runtime budget baseline,Chao,GRASP,p5.2.m,3,2500,4.330206825000005,4.080206825000005,24085,820.0,860.0,4.651162790697675,64.47213595499957,32,4.080358300001535,0.2498485249984696,True,True,2,05_runtime_budget_baselines/raw_runs.csv
Runtime budget baseline,Chao,GRASP,p5.2.n,0,2500,4.147918699999536,3.897918699999536,22428,860.0,925.0,7.027027027027027,69.56550625461946,32,3.898055999998178,0.2498627000013584,True,True,2,05_runtime_budget_baselines/raw_runs.csv
Runtime budget baseline,Chao,GRASP,p5.2.n,1,2500,4.147918699999536,3.897918699999536,22392,860.0,925.0,7.027027027027027,69.56550625461946,32,3.898027399998682,0.2498913000008542,True,True,2,05_runtime_budget_baselines/raw_runs.csv
Runtime budget baseline,Chao,GRASP,p5.2.n,2,2500,4.147918699999536,3.897918699999536,21766,860.0,925.0,7.027027027027027,69.56550625461946,32,3.898270700003195,0.2496479999963412,True,True,2,05_runtime_budget_baselines/raw_runs.csv
Runtime budget baseline,Chao,GRASP,p5.2.n,3,2500,4.147918699999536,3.897918699999536,21776,860.0,925.0,7.027027027027027,69.56550625461946,32,3.898316500002693,0.2496021999968434,True,True,2,05_runtime_budget_baselines/raw_runs.csv
Runtime budget baseline,Chao,GRASP,p5.2.o,0,2500,4.055512049999834,3.805512049999834,20489,940.0,1020.0,7.8431372549019605,72.47213595499957,36,3.805631200000789,0.2498808499990445,True,True,2,05_runtime_budget_baselines/raw_runs.csv
Runtime budget baseline,Chao,GRASP,p5.2.o,1,2500,4.055512049999834,3.805512049999834,20453,940.0,1020.0,7.8431372549019605,72.47213595499957,36,3.805738899998687,0.2497731500011468,True,True,2,05_runtime_budget_baselines/raw_runs.csv
Runtime budget baseline,Chao,GRASP,p5.2.o,2,2500,4.055512049999834,3.805512049999834,20682,940.0,1020.0,7.8431372549019605,72.47213595499957,36,3.805712200002745,0.249799849997089,True,True,2,05_runtime_budget_baselines/raw_runs.csv
Runtime budget baseline,Chao,GRASP,p5.2.o,3,2500,4.055512049999834,3.805512049999834,20708,940.0,1020.0,7.8431372549019605,72.47213595499957,36,3.805674600000202,0.2498374499996316,True,True,2,05_runtime_budget_baselines/raw_runs.csv
Runtime budget baseline,Chao,GRASP,p5.2.p,0,2500,4.571272224999575,4.321272224999575,22679,1010.0,1150.0,12.173913043478262,78.12899020449196,38,4.321471800001746,0.2498004249978294,True,True,2,05_runtime_budget_baselines/raw_runs.csv
Runtime budget baseline,Chao,GRASP,p5.2.p,1,2500,4.571272224999575,4.321272224999575,22663,1010.0,1150.0,12.173913043478262,78.12899020449196,38,4.321470099999715,0.2498021249998601,True,True,2,05_runtime_budget_baselines/raw_runs.csv
Runtime budget baseline,Chao,GRASP,p5.2.p,2,2500,4.571272224999575,4.321272224999575,22595,1010.0,1150.0,12.173913043478262,78.12899020449196,38,4.321384499999112,0.2498877250004625,True,True,2,05_runtime_budget_baselines/raw_runs.csv
Runtime budget baseline,Chao,GRASP,p5.2.p,3,2500,4.571272224999575,4.321272224999575,22605,1010.0,1150.0,12.173913043478262,78.12899020449196,38,4.321560800002771,0.2497114249968035,True,True,2,05_runtime_budget_baselines/raw_runs.csv
Runtime budget baseline,Chao,GRASP,p5.2.q,0,2500,4.418994250000196,4.168994250000196,21067,1085.0,1195.0,9.205020920502092,84.70820393249937,41,4.169126400000096,0.2498678500001006,True,True,2,05_runtime_budget_baselines/raw_runs.csv
Runtime budget baseline,Chao,GRASP,p5.2.q,1,2500,4.418994250000196,4.168994250000196,21017,1085.0,1195.0,9.205020920502092,84.70820393249937,41,4.169289000001299,0.2497052499988967,True,True,2,05_runtime_budget_baselines/raw_runs.csv
Runtime budget baseline,Chao,GRASP,p5.2.q,2,2500,4.418994250000196,4.168994250000196,21035,1085.0,1195.0,9.205020920502092,84.70820393249937,41,4.169170199998916,0.2498240500012798,True,True,2,05_runtime_budget_baselines/raw_runs.csv
Runtime budget baseline,Chao,GRASP,p5.2.q,3,2500,4.418994250000196,4.168994250000196,21071,1090.0,1195.0,8.786610878661088,84.94427190999916,40,4.169135000000097,0.2498592500000995,True,True,2,05_runtime_budget_baselines/raw_runs.csv
Runtime budget baseline,Chao,GRASP,p5.2.r,0,2500,4.87192237499994,4.62192237499994,22500,1200.0,1260.0,4.761904761904762,88.47213595499957,44,4.622098200001346,0.2498241749985936,True,True,2,05_runtime_budget_baselines/raw_runs.csv
Runtime budget baseline,Chao,GRASP,p5.2.r,1,2500,4.87192237499994,4.62192237499994,22438,1200.0,1260.0,4.761904761904762,88.47213595499957,44,4.622254400001111,0.2496679749988288,True,True,2,05_runtime_budget_baselines/raw_runs.csv
Runtime budget baseline,Chao,GRASP,p5.2.r,2,2500,4.87192237499994,4.62192237499994,22406,1200.0,1260.0,4.761904761904762,88.47213595499957,44,4.622160399998393,0.2497619750015474,True,True,2,05_runtime_budget_baselines/raw_runs.csv
Runtime budget baseline,Chao,GRASP,p5.2.r,3,2500,4.87192237499994,4.62192237499994,22391,1200.0,1260.0,4.761904761904762,88.47213595499957,44,4.6221932000007655,0.2497291749991745,True,True,2,05_runtime_budget_baselines/raw_runs.csv
Runtime budget baseline,Chao,GRASP,p5.2.s,0,2500,4.718533475000186,4.468533475000186,21053,1270.0,1340.0,5.223880597014926,94.12899020449196,46,4.468691300000501,0.249842174999685,True,True,2,05_runtime_budget_baselines/raw_runs.csv
Runtime budget baseline,Chao,GRASP,p5.2.s,1,2500,4.718533475000186,4.468533475000186,21005,1270.0,1340.0,5.223880597014926,94.12899020449196,46,4.468640700000833,0.2498927749993527,True,True,2,05_runtime_budget_baselines/raw_runs.csv
Runtime budget baseline,Chao,GRASP,p5.2.s,2,2500,4.718533475000186,4.468533475000186,20886,1270.0,1340.0,5.223880597014926,94.12899020449196,46,4.468767700000171,0.2497657750000144,True,True,2,05_runtime_budget_baselines/raw_runs.csv
Runtime budget baseline,Chao,GRASP,p5.2.s,3,2500,4.718533475000186,4.468533475000186,20904,1270.0,1340.0,5.223880597014926,94.12899020449196,46,4.46867679999923,0.2498566750009558,True,True,2,05_runtime_budget_baselines/raw_runs.csv
Runtime budget baseline,Chao,GRASP,p5.2.t,0,2500,4.595996725000077,4.345996725000077,20105,1330.0,1400.0,5.0,98.12899020449196,48,4.346108500001719,0.249888224998358,True,True,2,05_runtime_budget_baselines/raw_runs.csv
Runtime budget baseline,Chao,GRASP,p5.2.t,1,2500,4.595996725000077,4.345996725000077,20030,1330.0,1400.0,5.0,98.12899020449196,48,4.346276600001147,0.2497201249989302,True,True,2,05_runtime_budget_baselines/raw_runs.csv
Runtime budget baseline,Chao,GRASP,p5.2.t,2,2500,4.595996725000077,4.345996725000077,19985,1320.0,1400.0,5.714285714285714,96.47213595499956,48,4.346139599998423,0.2498571250016539,True,True,2,05_runtime_budget_baselines/raw_runs.csv
Runtime budget baseline,Chao,GRASP,p5.2.t,3,2500,4.595996725000077,4.345996725000077,20003,1330.0,1400.0,5.0,98.12899020449196,48,4.346258500001568,0.2497382249985094,True,True,2,05_runtime_budget_baselines/raw_runs.csv
Runtime budget baseline,Chao,GRASP,p5.2.u,0,2500,4.712462625000171,4.462462625000171,20398,1440.0,1460.0,1.36986301369863,104.47213595499956,52,4.462713499997335,0.249749125002836,True,True,2,05_runtime_budget_baselines/raw_runs.csv
Runtime budget baseline,Chao,GRASP,p5.2.u,1,2500,4.712462625000171,4.462462625000171,20401,1440.0,1460.0,1.36986301369863,104.47213595499956,52,4.462672000001476,0.2497906249986954,True,True,2,05_runtime_budget_baselines/raw_runs.csv
Runtime budget baseline,Chao,GRASP,p5.2.u,2,2500,4.712462625000171,4.462462625000171,20441,1440.0,1460.0,1.36986301369863,104.47213595499956,52,4.462611599999946,0.2498510250002255,True,True,2,05_runtime_budget_baselines/raw_runs.csv
Runtime budget baseline,Chao,GRASP,p5.2.u,3,2500,4.712462625000171,4.462462625000171,20472,1440.0,1460.0,1.36986301369863,104.47213595499956,52,4.462626699998509,0.2498359250016619,True,True,2,05_runtime_budget_baselines/raw_runs.csv
Runtime budget baseline,Chao,GRASP,p5.2.v,0,2500,4.337932524999815,4.087932524999815,18527,1480.0,1505.0,1.6611295681063123,109.56550625461946,52,4.08806259999983,0.2498699249999845,True,True,2,05_runtime_budget_baselines/raw_runs.csv
Runtime budget baseline,Chao,GRASP,p5.2.v,1,2500,4.337932524999815,4.087932524999815,18492,1480.0,1505.0,1.6611295681063123,109.56550625461946,52,4.088099000000511,0.2498335249993033,True,True,2,05_runtime_budget_baselines/raw_runs.csv
Runtime budget baseline,Chao,GRASP,p5.2.v,2,2500,4.337932524999815,4.087932524999815,18492,1480.0,1505.0,1.6611295681063123,109.56550625461946,52,4.088039700000081,0.2498928249997334,True,True,2,05_runtime_budget_baselines/raw_runs.csv
Runtime budget baseline,Chao,GRASP,p5.2.v,3,2500,4.337932524999815,4.087932524999815,18510,1480.0,1505.0,1.6611295681063123,109.56550625461946,52,4.0881743999998434,0.2497581249999712,True,True,2,05_runtime_budget_baselines/raw_runs.csv
Runtime budget baseline,Chao,GRASP,p5.2.w,0,2500,4.114311649999763,3.864311649999763,17511,1560.0,1565.0,0.3194888178913738,112.47213595499956,56,3.864587299998675,0.2497243500010881,True,True,2,05_runtime_budget_baselines/raw_runs.csv
Runtime budget baseline,Chao,GRASP,p5.2.w,1,2500,4.114311649999763,3.864311649999763,17527,1560.0,1565.0,0.3194888178913738,112.47213595499956,56,3.8644733000001,0.2498383499996634,True,True,2,05_runtime_budget_baselines/raw_runs.csv
Runtime budget baseline,Chao,GRASP,p5.2.w,2,2500,4.114311649999763,3.864311649999763,17443,1560.0,1565.0,0.3194888178913738,112.47213595499956,56,3.864568800003326,0.2497428499964371,True,True,2,05_runtime_budget_baselines/raw_runs.csv
Runtime budget baseline,Chao,GRASP,p5.2.w,3,2500,4.114311649999763,3.864311649999763,17460,1560.0,1565.0,0.3194888178913738,112.47213595499956,56,3.864652899999783,0.2496587499999805,True,True,2,05_runtime_budget_baselines/raw_runs.csv
Runtime budget baseline,Chao,GRASP,p5.2.x,0,2500,3.4747546999992664,3.2247546999992664,14481,1590.0,1610.0,1.2422360248447204,118.12899020449196,58,3.224972699998034,0.2497820000012325,True,True,2,05_runtime_budget_baselines/raw_runs.csv
Runtime budget baseline,Chao,GRASP,p5.2.x,1,2500,3.4747546999992664,3.2247546999992664,14472,1600.0,1610.0,0.6211180124223602,119.55985314354524,58,3.224886100000731,0.2498685999985355,True,True,2,05_runtime_budget_baselines/raw_runs.csv
Runtime budget baseline,Chao,GRASP,p5.2.x,2,2500,3.4747546999992664,3.2247546999992664,14469,1590.0,1610.0,1.2422360248447204,118.12899020449196,58,3.224946099999215,0.2498086000000512,True,True,2,05_runtime_budget_baselines/raw_runs.csv
Runtime budget baseline,Chao,GRASP,p5.2.x,3,2500,3.4747546999992664,3.2247546999992664,14508,1590.0,1610.0,1.2422360248447204,118.12899020449196,58,3.225060899996606,0.2496938000026602,True,True,2,05_runtime_budget_baselines/raw_runs.csv
Runtime budget baseline,Chao,GRASP,p5.2.y,0,2500,3.2344877250002355,2.9844877250002355,13671,1635.0,1645.0,0.60790273556231,124.3954832313988,61,2.9846217000012984,0.249866024998937,True,True,2,05_runtime_budget_baselines/raw_runs.csv
Runtime budget baseline,Chao,GRASP,p5.2.y,1,2500,3.2344877250002355,2.9844877250002355,13629,1635.0,1645.0,0.60790273556231,124.3954832313988,61,2.9846318999989307,0.2498558250013047,True,True,2,05_runtime_budget_baselines/raw_runs.csv
Runtime budget baseline,Chao,GRASP,p5.2.y,2,2500,3.2344877250002355,2.9844877250002355,13648,1635.0,1645.0,0.60790273556231,124.3954832313988,61,2.9848220000021684,0.2496657249980671,True,True,2,05_runtime_budget_baselines/raw_runs.csv
Runtime budget baseline,Chao,GRASP,p5.2.y,3,2500,3.2344877250002355,2.9844877250002355,13594,1635.0,1645.0,0.60790273556231,124.3954832313988,61,2.984675299998344,0.2498124250018918,True,True,2,05_runtime_budget_baselines/raw_runs.csv
Runtime budget baseline,Chao,GRASP,p5.2.z,0,2500,2.5367986249998467,2.2867986249998467,10517,1680.0,1680.0,0.0,128.47213595499957,64,2.286972699999751,0.2498259250000956,True,True,2,05_runtime_budget_baselines/raw_runs.csv
Runtime budget baseline,Chao,GRASP,p5.2.z,1,2500,2.5367986249998467,2.2867986249998467,10527,1665.0,1680.0,0.8928571428571429,128.67004637770998,63,2.286943600000086,0.2498550249997606,True,True,2,05_runtime_budget_baselines/raw_runs.csv
Runtime budget baseline,Chao,GRASP,p5.2.z,2,2500,2.5367986249998467,2.2867986249998467,10546,1665.0,1680.0,0.8928571428571429,127.30056307974576,63,2.2869339999997464,0.2498646250001002,True,True,2,05_runtime_budget_baselines/raw_runs.csv
Runtime budget baseline,Chao,GRASP,p5.2.z,3,2500,2.5367986249998467,2.2867986249998467,10580,1680.0,1680.0,0.0,129.84161925296377,64,2.2870675999984087,0.2497310250014379,True,True,2,05_runtime_budget_baselines/raw_runs.csv
Runtime budget baseline,Chao,GRASP,p5.3.k,0,2500,2.763983450000069,2.513983450000069,17971,485.0,495.0,2.0202020202020203,52.44216760121573,23,2.5141269999985525,0.2498564500015163,True,True,2,05_runtime_budget_baselines/raw_runs.csv
Runtime budget baseline,Chao,GRASP,p5.3.k,1,2500,2.763983450000069,2.513983450000069,18036,485.0,495.0,2.0202020202020203,52.093368739633874,23,2.51407659999677,0.249906850003299,True,True,2,05_runtime_budget_baselines/raw_runs.csv
Runtime budget baseline,Chao,GRASP,p5.3.k,2,2500,2.763983450000069,2.513983450000069,18136,485.0,495.0,2.0202020202020203,52.093368739633874,23,2.5141260999989754,0.2498573500010934,True,True,2,05_runtime_budget_baselines/raw_runs.csv
Runtime budget baseline,Chao,GRASP,p5.3.k,3,2500,2.763983450000069,2.513983450000069,18044,485.0,495.0,2.0202020202020203,52.093368739633874,23,2.5141035999986343,0.2498798500014345,True,True,2,05_runtime_budget_baselines/raw_runs.csv
Runtime budget baseline,Chao,GRASP,p5.3.l,0,2500,2.844513474999985,2.594513474999985,17258,575.0,595.0,3.361344537815126,57.29005467744567,25,2.594665900000109,0.2498475749998761,True,True,2,05_runtime_budget_baselines/raw_runs.csv
Runtime budget baseline,Chao,GRASP,p5.3.l,1,2500,2.844513474999985,2.594513474999985,17270,575.0,595.0,3.361344537815126,57.29005467744567,25,2.594823599996744,0.2496898750032414,True,True,2,05_runtime_budget_baselines/raw_runs.csv
Runtime budget baseline,Chao,GRASP,p5.3.l,2,2500,2.844513474999985,2.594513474999985,17332,575.0,595.0,3.361344537815126,57.29005467744567,25,2.5945986000006087,0.2499148749993764,True,True,2,05_runtime_budget_baselines/raw_runs.csv
Runtime budget baseline,Chao,GRASP,p5.3.l,3,2500,2.844513474999985,2.594513474999985,17303,575.0,595.0,3.361344537815126,57.29005467744567,25,2.5949719000018376,0.2495415749981475,True,True,2,05_runtime_budget_baselines/raw_runs.csv
Runtime budget baseline,Chao,GRASP,p5.3.n,0,2500,3.4665860499999326,3.2165860499999326,19205,755.0,755.0,0.0,69.29005467744567,31,3.216715499998827,0.2498705500011055,True,True,2,05_runtime_budget_baselines/raw_runs.csv
Runtime budget baseline,Chao,GRASP,p5.3.n,1,2500,3.4665860499999326,3.2165860499999326,19152,755.0,755.0,0.0,69.29005467744567,31,3.2167727000014565,0.249813349998476,True,True,2,05_runtime_budget_baselines/raw_runs.csv
Runtime budget baseline,Chao,GRASP,p5.3.n,2,2500,3.4665860499999326,3.2165860499999326,19005,755.0,755.0,0.0,69.29005467744567,31,3.216747700000269,0.2498383499996634,True,True,2,05_runtime_budget_baselines/raw_runs.csv
Runtime budget baseline,Chao,GRASP,p5.3.n,3,2500,3.4665860499999326,3.2165860499999326,19064,755.0,755.0,0.0,69.29005467744567,31,3.2167315000006056,0.249854549999327,True,True,2,05_runtime_budget_baselines/raw_runs.csv
Runtime budget baseline,Chao,GRASP,p5.3.o,0,2500,3.565351675000329,3.315351675000329,19017,830.0,870.0,4.597701149425287,72.8047733032071,34,3.3154571000013675,0.2498945749989616,True,True,2,05_runtime_budget_baselines/raw_runs.csv
Runtime budget baseline,Chao,GRASP,p5.3.o,1,2500,3.565351675000329,3.315351675000329,18914,830.0,870.0,4.597701149425287,72.8047733032071,34,3.315555900000618,0.2497957749997112,True,True,2,05_runtime_budget_baselines/raw_runs.csv
Runtime budget baseline,Chao,GRASP,p5.3.o,2,2500,3.565351675000329,3.315351675000329,18980,830.0,870.0,4.597701149425287,72.8047733032071,34,3.3155444000003627,0.2498072749999664,True,True,2,05_runtime_budget_baselines/raw_runs.csv
Runtime budget baseline,Chao,GRASP,p5.3.o,3,2500,3.565351675000329,3.315351675000329,19065,830.0,870.0,4.597701149425287,72.8047733032071,34,3.3155418999995163,0.2498097750008128,True,True,2,05_runtime_budget_baselines/raw_runs.csv
Runtime budget baseline,Chao,GRASP,p5.3.q,0,2500,4.059889250000197,3.8098892500001966,20174,1005.0,1070.0,6.074766355140187,83.71926839744424,39,3.810069099999964,0.2498201500002324,True,True,2,05_runtime_budget_baselines/raw_runs.csv
Runtime budget baseline,Chao,GRASP,p5.3.q,1,2500,4.059889250000197,3.8098892500001966,20219,1005.0,1070.0,6.074766355140187,83.63320042795328,39,3.8099847000012232,0.2499045499989733,True,True,2,05_runtime_budget_baselines/raw_runs.csv
Runtime budget baseline,Chao,GRASP,p5.3.q,2,2500,4.059889250000197,3.8098892500001966,20200,1005.0,1070.0,6.074766355140187,83.63320042795328,39,3.810079099999712,0.249810150000485,True,True,2,05_runtime_budget_baselines/raw_runs.csv
Runtime budget baseline,Chao,GRASP,p5.3.q,3,2500,4.059889250000197,3.8098892500001966,20126,1005.0,1070.0,6.074766355140187,83.63320042795328,39,3.810064500001317,0.2498247499988792,True,True,2,05_runtime_budget_baselines/raw_runs.csv
Runtime budget baseline,Chao,GRASP,p5.3.r,0,2500,3.944829324999773,3.694829324999773,19012,1040.0,1125.0,7.555555555555555,84.8047733032071,40,3.695010600000387,0.2498187249993861,True,True,2,05_runtime_budget_baselines/raw_runs.csv
Runtime budget baseline,Chao,GRASP,p5.3.r,1,2500,3.944829324999773,3.694829324999773,19052,1040.0,1125.0,7.555555555555555,85.92438178326199,40,3.694967600000382,0.2498617249993913,True,True,2,05_runtime_budget_baselines/raw_runs.csv
Runtime budget baseline,Chao,GRASP,p5.3.r,2,2500,3.944829324999773,3.694829324999773,19019,1040.0,1125.0,7.555555555555555,86.88363830959067,40,3.694929900000716,0.2498994249990573,True,True,2,05_runtime_budget_baselines/raw_runs.csv
Runtime budget baseline,Chao,GRASP,p5.3.r,3,2500,3.944829324999773,3.694829324999773,19022,1040.0,1125.0,7.555555555555555,86.88363830959067,40,3.695031000002928,0.2497983249968456,True,True,2,05_runtime_budget_baselines/raw_runs.csv
Runtime budget baseline,Chao,GRASP,p5.3.s,0,2500,4.45866100000012,4.20866100000012,21069,1145.0,1190.0,3.7815126050420167,93.29005467744568,43,4.208907099997305,0.2497539000028155,True,True,2,05_runtime_budget_baselines/raw_runs.csv
Runtime budget baseline,Chao,GRASP,p5.3.s,1,2500,4.45866100000012,4.20866100000012,20978,1145.0,1190.0,3.7815126050420167,93.3761226469366,43,4.208846900000935,0.2498140999991847,True,True,2,05_runtime_budget_baselines/raw_runs.csv
Runtime budget baseline,Chao,GRASP,p5.3.s,2,2500,4.45866100000012,4.20866100000012,21173,1145.0,1190.0,3.7815126050420167,93.29005467744568,43,4.208964899997227,0.2496961000028932,True,True,2,05_runtime_budget_baselines/raw_runs.csv
Runtime budget baseline,Chao,GRASP,p5.3.s,3,2500,4.45866100000012,4.20866100000012,21163,1145.0,1190.0,3.7815126050420167,93.3761226469366,43,4.2088165000022855,0.2498444999978346,True,True,2,05_runtime_budget_baselines/raw_runs.csv
Runtime budget baseline,Chao,GRASP,p5.3.t,0,2500,4.4674831249994895,4.2174831249994895,20808,1220.0,1260.0,3.1746031746031744,96.80477330320709,46,4.217652700001054,0.2498304249984357,True,True,2,05_runtime_budget_baselines/raw_runs.csv
Runtime budget baseline,Chao,GRASP,p5.3.t,1,2500,4.4674831249994895,4.2174831249994895,20847,1220.0,1260.0,3.1746031746031744,96.80477330320709,46,4.21780139999828,0.24968172500121,True,True,2,05_runtime_budget_baselines/raw_runs.csv
Runtime budget baseline,Chao,GRASP,p5.3.t,2,2500,4.4674831249994895,4.2174831249994895,20771,1220.0,1260.0,3.1746031746031744,96.80477330320709,46,4.217780500002846,0.2497026249966438,True,True,2,05_runtime_budget_baselines/raw_runs.csv
Runtime budget baseline,Chao,GRASP,p5.3.t,3,2500,4.4674831249994895,4.2174831249994895,20814,1220.0,1260.0,3.1746031746031744,96.80477330320709,46,4.217777999998361,0.2497051250011281,True,True,2,05_runtime_budget_baselines/raw_runs.csv
Runtime budget baseline,Chao,GRASP,p5.3.u,0,2500,4.153086850000818,3.903086850000818,19005,1300.0,1345.0,3.345724907063197,104.55334863326466,48,3.903208799998538,0.2498780500022803,True,True,2,05_runtime_budget_baselines/raw_runs.csv
Runtime budget baseline,Chao,GRASP,p5.3.u,1,2500,4.153086850000818,3.903086850000818,19002,1300.0,1345.0,3.345724907063197,104.55334863326466,48,3.903381399999489,0.2497054500013291,True,True,2,05_runtime_budget_baselines/raw_runs.csv
Runtime budget baseline,Chao,GRASP,p5.3.u,2,2500,4.153086850000818,3.903086850000818,19031,1300.0,1345.0,3.345724907063197,104.55334863326466,48,3.903309799999988,0.24977705000083,True,True,2,05_runtime_budget_baselines/raw_runs.csv
Runtime budget baseline,Chao,GRASP,p5.3.u,3,2500,4.153086850000818,3.903086850000818,19007,1290.0,1345.0,4.089219330855019,102.89649438377228,48,3.903235500001756,0.2498513499990622,True,True,2,05_runtime_budget_baselines/raw_runs.csv
Runtime budget baseline,Chao,GRASP,p5.3.v,0,2500,3.92622317499945,3.67622317499945,17705,1400.0,1425.0,1.7543859649122806,108.80477330320709,52,3.6764186000000336,0.2498045749994162,True,True,2,05_runtime_budget_baselines/raw_runs.csv
Runtime budget baseline,Chao,GRASP,p5.3.v,1,2500,3.92622317499945,3.67622317499945,17702,1400.0,1425.0,1.7543859649122806,108.89084127269804,52,3.676471000002493,0.2497521749969564,True,True,2,05_runtime_budget_baselines/raw_runs.csv
Runtime budget baseline,Chao,GRASP,p5.3.v,2,2500,3.92622317499945,3.67622317499945,17755,1400.0,1425.0,1.7543859649122806,108.80477330320709,52,3.676390500000707,0.2498326749987427,True,True,2,05_runtime_budget_baselines/raw_runs.csv
Runtime budget baseline,Chao,GRASP,p5.3.v,3,2500,3.92622317499945,3.67622317499945,17727,1400.0,1425.0,1.7543859649122806,108.80477330320709,52,3.6763337000011234,0.2498894749983264,True,True,2,05_runtime_budget_baselines/raw_runs.csv
Runtime budget baseline,Chao,GRASP,p5.3.w,0,2500,3.7727935000002617,3.5227935000002617,16810,1420.0,1485.0,4.377104377104377,114.19734680857542,52,3.522906800000783,0.2498866999994788,True,True,2,05_runtime_budget_baselines/raw_runs.csv
Runtime budget baseline,Chao,GRASP,p5.3.w,1,2500,3.7727935000002617,3.5227935000002617,16872,1420.0,1485.0,4.377104377104377,113.86140402117518,52,3.5229680000011285,0.2498254999991331,True,True,2,05_runtime_budget_baselines/raw_runs.csv
Runtime budget baseline,Chao,GRASP,p5.3.w,2,2500,3.7727935000002617,3.5227935000002617,16810,1420.0,1485.0,4.377104377104377,114.19734680857542,52,3.5229514999991807,0.249842000001081,True,True,2,05_runtime_budget_baselines/raw_runs.csv
Runtime budget baseline,Chao,GRASP,p5.3.w,3,2500,3.7727935000002617,3.5227935000002617,16901,1420.0,1485.0,4.377104377104377,114.19734680857542,52,3.522927300000447,0.2498661999998148,True,True,2,05_runtime_budget_baselines/raw_runs.csv
Runtime budget baseline,Chao,GRASP,p5.3.x,0,2500,3.480222550000235,3.230222550000235,15398,1505.0,1555.0,3.215434083601286,117.3761226469366,55,3.2305736999987857,0.2496488500014493,True,True,2,05_runtime_budget_baselines/raw_runs.csv
Runtime budget baseline,Chao,GRASP,p5.3.x,1,2500,3.480222550000235,3.230222550000235,15374,1505.0,1555.0,3.215434083601286,117.29005467744564,55,3.230652199999895,0.2495703500003401,True,True,2,05_runtime_budget_baselines/raw_runs.csv
Runtime budget baseline,Chao,GRASP,p5.3.x,2,2500,3.480222550000235,3.230222550000235,15371,1505.0,1555.0,3.215434083601286,117.29005467744564,55,3.2304887999998755,0.2497337500003595,True,True,2,05_runtime_budget_baselines/raw_runs.csv
Runtime budget baseline,Chao,GRASP,p5.3.x,3,2500,3.480222550000235,3.230222550000235,15317,1505.0,1555.0,3.215434083601286,117.29005467744564,55,3.2304017999995267,0.2498207500007083,True,True,2,05_runtime_budget_baselines/raw_runs.csv
Runtime budget baseline,Chao,GRASP,p5.3.y,0,2500,3.2831944999998086,3.0331944999998086,13803,1590.0,1595.0,0.31347962382445144,121.22678406009828,58,3.0335655999988376,0.249628900000971,True,True,2,05_runtime_budget_baselines/raw_runs.csv
Runtime budget baseline,Chao,GRASP,p5.3.y,1,2500,3.2831944999998086,3.0331944999998086,13830,1590.0,1595.0,0.31347962382445144,121.22678406009828,58,3.0333158999965235,0.2498786000032851,True,True,2,05_runtime_budget_baselines/raw_runs.csv
Runtime budget baseline,Chao,GRASP,p5.3.y,2,2500,3.2831944999998086,3.0331944999998086,14111,1590.0,1595.0,0.31347962382445144,120.89084127269804,58,3.0334309000027133,0.2497635999970953,True,True,2,05_runtime_budget_baselines/raw_runs.csv
Runtime budget baseline,Chao,GRASP,p5.3.y,3,2500,3.2831944999998086,3.0331944999998086,14076,1590.0,1595.0,0.31347962382445144,120.89084127269804,58,3.033551800002897,0.2496426999969117,True,True,2,05_runtime_budget_baselines/raw_runs.csv
Runtime budget baseline,Chao,GRASP,p5.3.z,0,2500,2.795735500000319,2.545735500000319,11915,1620.0,1635.0,0.9174311926605505,126.54769552219042,60,2.545894999999291,0.2498405000010279,True,True,2,05_runtime_budget_baselines/raw_runs.csv
Runtime budget baseline,Chao,GRASP,p5.3.z,1,2500,2.795735500000319,2.545735500000319,11909,1625.0,1635.0,0.6116207951070336,129.29005467744565,61,2.5460265000001527,0.2497090000001662,True,True,2,05_runtime_budget_baselines/raw_runs.csv
Runtime budget baseline,Chao,GRASP,p5.3.z,2,2500,2.795735500000319,2.545735500000319,12127,1620.0,1635.0,0.9174311926605505,127.68884334803718,60,2.5458474999977625,0.2498880000025565,True,True,2,05_runtime_budget_baselines/raw_runs.csv
Runtime budget baseline,Chao,GRASP,p5.3.z,3,2500,2.795735500000319,2.545735500000319,12131,1635.0,1635.0,0.0,128.0319890985448,61,2.5461310999999114,0.2496044000004076,True,True,2,05_runtime_budget_baselines/raw_runs.csv
Runtime budget baseline,Chao,GRASP,p5.4.m,0,2500,2.9150769500001843,2.6650769500001843,16801,550.0,555.0,0.9009009009009009,62.96640083988888,26,2.665275799998198,0.2498011500019856,True,True,2,05_runtime_budget_baselines/raw_runs.csv
Runtime budget baseline,Chao,GRASP,p5.4.m,1,2500,2.9150769500001843,2.6650769500001843,16790,555.0,555.0,0.0,64.26800943142202,25,2.6652193999980227,0.2498575500021616,True,True,2,05_runtime_budget_baselines/raw_runs.csv
Runtime budget baseline,Chao,GRASP,p5.4.m,2,2500,2.9150769500001843,2.6650769500001843,17027,555.0,555.0,0.0,64.26800943142202,25,2.665211100000306,0.2498658499998782,True,True,2,05_runtime_budget_baselines/raw_runs.csv
Runtime budget baseline,Chao,GRASP,p5.4.m,3,2500,2.9150769500001843,2.6650769500001843,16995,555.0,555.0,0.0,64.26800943142202,25,2.6652548000020038,0.2498221499981809,True,True,2,05_runtime_budget_baselines/raw_runs.csv
Runtime budget baseline,Chao,GRASP,p5.4.o,0,2500,3.3340727249997144,3.0840727249997144,17985,660.0,690.0,4.3478260869565215,72.19427805639711,30,3.0841987999992853,0.2498739250004291,True,True,2,05_runtime_budget_baselines/raw_runs.csv
Runtime budget baseline,Chao,GRASP,p5.4.o,1,2500,3.3340727249997144,3.0840727249997144,17985,660.0,690.0,4.3478260869565215,73.37923654810751,30,3.084440100003121,0.2496326249965932,True,True,2,05_runtime_budget_baselines/raw_runs.csv
Runtime budget baseline,Chao,GRASP,p5.4.o,2,2500,3.3340727249997144,3.0840727249997144,18083,660.0,690.0,4.3478260869565215,73.0608627359327,30,3.084184899998945,0.2498878250007692,True,True,2,05_runtime_budget_baselines/raw_runs.csv
Runtime budget baseline,Chao,GRASP,p5.4.o,3,2500,3.3340727249997144,3.0840727249997144,18146,660.0,690.0,4.3478260869565215,72.54307691797896,30,3.084277100002509,0.2497956249972048,True,True,2,05_runtime_budget_baselines/raw_runs.csv
Runtime budget baseline,Chao,GRASP,p5.4.p,0,2500,3.456452624999656,3.206452624999656,17916,760.0,765.0,0.6535947712418301,76.45111915039936,32,3.2066010999988066,0.2498515250008495,True,True,2,05_runtime_budget_baselines/raw_runs.csv
Runtime budget baseline,Chao,GRASP,p5.4.p,1,2500,3.456452624999656,3.206452624999656,17930,760.0,765.0,0.6535947712418301,76.45111915039936,32,3.2066109999977925,0.2498416250018635,True,True,2,05_runtime_budget_baselines/raw_runs.csv
Runtime budget baseline,Chao,GRASP,p5.4.p,2,2500,3.456452624999656,3.206452624999656,17911,760.0,765.0,0.6535947712418301,76.45111915039936,32,3.206671100000676,0.2497815249989798,True,True,2,05_runtime_budget_baselines/raw_runs.csv
Runtime budget baseline,Chao,GRASP,p5.4.p,3,2500,3.456452624999656,3.206452624999656,17885,760.0,765.0,0.6535947712418301,76.45111915039936,32,3.206715600001189,0.2497370249984669,True,True,2,05_runtime_budget_baselines/raw_runs.csv
Runtime budget baseline,Chao,GRASP,p5.4.q,0,2500,3.827465775000292,3.577465775000292,19127,860.0,860.0,0.0,81.1374106514146,36,3.577602900000784,0.2498628749995077,True,True,2,05_runtime_budget_baselines/raw_runs.csv
Runtime budget baseline,Chao,GRASP,p5.4.q,1,2500,3.827465775000292,3.577465775000292,19114,860.0,860.0,0.0,81.1374106514146,36,3.577674299998762,0.2497914750015297,True,True,2,05_runtime_budget_baselines/raw_runs.csv
Runtime budget baseline,Chao,GRASP,p5.4.q,2,2500,3.827465775000292,3.577465775000292,19147,860.0,860.0,0.0,81.1374106514146,36,3.577609300002223,0.2498564749980687,True,True,2,05_runtime_budget_baselines/raw_runs.csv
Runtime budget baseline,Chao,GRASP,p5.4.q,3,2500,3.827465775000292,3.577465775000292,19074,860.0,860.0,0.0,81.1374106514146,36,3.5775887000017974,0.2498770749984942,True,True,2,05_runtime_budget_baselines/raw_runs.csv
Runtime budget baseline,Chao,GRASP,p5.4.r,0,2500,3.974126500000239,3.724126500000239,19459,885.0,960.0,7.8125,86.13077075203532,37,3.724334899998212,0.2497916000020268,True,True,2,05_runtime_budget_baselines/raw_runs.csv
Runtime budget baseline,Chao,GRASP,p5.4.r,1,2500,3.974126500000239,3.724126500000239,19516,880.0,960.0,8.333333333333334,84.45111915039936,36,3.724256500001502,0.2498699999987366,True,True,2,05_runtime_budget_baselines/raw_runs.csv
Runtime budget baseline,Chao,GRASP,p5.4.r,2,2500,3.974126500000239,3.724126500000239,19530,890.0,960.0,7.291666666666667,86.19404136938269,36,3.72436050000033,0.2497659999999086,True,True,2,05_runtime_budget_baselines/raw_runs.csv
Runtime budget baseline,Chao,GRASP,p5.4.r,3,2500,3.974126500000239,3.724126500000239,19610,890.0,960.0,7.291666666666667,86.28010933887364,36,3.7243894999992335,0.249737000001005,True,True,2,05_runtime_budget_baselines/raw_runs.csv
Runtime budget baseline,Chao,GRASP,p5.4.s,0,2500,4.035515250000117,3.785515250000117,19042,1000.0,1030.0,2.912621359223301,92.45111915039936,40,3.785642800001369,0.2498724499987474,True,True,2,05_runtime_budget_baselines/raw_runs.csv
Runtime budget baseline,Chao,GRASP,p5.4.s,1,2500,4.035515250000117,3.785515250000117,19036,1000.0,1030.0,2.912621359223301,92.45111915039936,40,3.78581480000139,0.2497004499987269,True,True,2,05_runtime_budget_baselines/raw_runs.csv
Runtime budget baseline,Chao,GRASP,p5.4.s,2,2500,4.035515250000117,3.785515250000117,18936,1000.0,1030.0,2.912621359223301,92.45111915039936,40,3.785852100001648,0.2496631499984687,True,True,2,05_runtime_budget_baselines/raw_runs.csv
Runtime budget baseline,Chao,GRASP,p5.4.s,3,2500,4.035515250000117,3.785515250000117,18920,1000.0,1030.0,2.912621359223301,92.45111915039936,40,3.785803599999781,0.2497116500003358,True,True,2,05_runtime_budget_baselines/raw_runs.csv
Runtime budget baseline,Chao,GRASP,p5.4.t,0,2500,4.042686750000485,3.7926867500004846,18745,1100.0,1160.0,5.172413793103448,97.1374106514146,44,3.792955200002325,0.2497315499981596,True,True,2,05_runtime_budget_baselines/raw_runs.csv
Runtime budget baseline,Chao,GRASP,p5.4.t,1,2500,4.042686750000485,3.7926867500004846,18729,1100.0,1160.0,5.172413793103448,97.1374106514146,44,3.79291960000046,0.2497671500000251,True,True,2,05_runtime_budget_baselines/raw_runs.csv
Runtime budget baseline,Chao,GRASP,p5.4.t,2,2500,4.042686750000485,3.7926867500004846,18751,1100.0,1160.0,5.172413793103448,97.1374106514146,44,3.7930029000017385,0.2496838499987461,True,True,2,05_runtime_budget_baselines/raw_runs.csv
Runtime budget baseline,Chao,GRASP,p5.4.t,3,2500,4.042686750000485,3.7926867500004846,18773,1100.0,1160.0,5.172413793103448,97.1374106514146,44,3.792830200000026,0.2498565500004588,True,True,2,05_runtime_budget_baselines/raw_runs.csv
Runtime budget baseline,Chao,GRASP,p5.4.u,0,2500,3.711924900000213,3.461924900000213,16871,1120.0,1300.0,13.846153846153847,99.70636467864004,44,3.462100199998531,0.2498247000016817,True,True,2,05_runtime_budget_baselines/raw_runs.csv
Runtime budget baseline,Chao,GRASP,p5.4.u,1,2500,3.711924900000213,3.461924900000213,16873,1130.0,1300.0,13.076923076923077,102.28010933887364,44,3.4621336000018346,0.2497912999983782,True,True,2,05_runtime_budget_baselines/raw_runs.csv
Runtime budget baseline,Chao,GRASP,p5.4.u,2,2500,3.711924900000213,3.461924900000213,16875,1130.0,1300.0,13.076923076923077,102.28010933887364,44,3.4620304999989457,0.249894400001267,True,True,2,05_runtime_budget_baselines/raw_runs.csv
Runtime budget baseline,Chao,GRASP,p5.4.u,3,2500,3.711924900000213,3.461924900000213,16890,1135.0,1300.0,12.692307692307692,103.05257762133996,45,3.462159700000484,0.2497651999997288,True,True,2,05_runtime_budget_baselines/raw_runs.csv
Runtime budget baseline,Chao,GRASP,p5.4.v,0,2500,3.5700283500000296,3.3200283500000296,15971,1240.0,1320.0,6.0606060606060606,108.45111915039936,48,3.320251400000416,0.2497769499996138,True,True,2,05_runtime_budget_baselines/raw_runs.csv
Runtime budget baseline,Chao,GRASP,p5.4.v,1,2500,3.5700283500000296,3.3200283500000296,15983,1240.0,1320.0,6.0606060606060606,108.45111915039936,48,3.320368900000176,0.2496594499998536,True,True,2,05_runtime_budget_baselines/raw_runs.csv
Runtime budget baseline,Chao,GRASP,p5.4.v,2,2500,3.5700283500000296,3.3200283500000296,15962,1240.0,1320.0,6.0606060606060606,108.45111915039936,48,3.3202344000019366,0.249793949998093,True,True,2,05_runtime_budget_baselines/raw_runs.csv
Runtime budget baseline,Chao,GRASP,p5.4.v,3,2500,3.5700283500000296,3.3200283500000296,15907,1240.0,1320.0,6.0606060606060606,108.45111915039936,48,3.3202956999994058,0.2497326500006238,True,True,2,05_runtime_budget_baselines/raw_runs.csv
Runtime budget baseline,Chao,GRASP,p5.4.w,0,2500,3.8709747749999215,3.6209747749999215,17231,1360.0,1390.0,2.158273381294964,113.22347862090557,52,3.621187100001407,0.2497876749985152,True,True,2,05_runtime_budget_baselines/raw_runs.csv
Runtime budget baseline,Chao,GRASP,p5.4.w,1,2500,3.8709747749999215,3.6209747749999215,17260,1370.0,1390.0,1.4388489208633093,113.30954659039652,52,3.621085899998434,0.2498888750014885,True,True,2,05_runtime_budget_baselines/raw_runs.csv
Runtime budget baseline,Chao,GRASP,p5.4.w,2,2500,3.8709747749999215,3.6209747749999215,17349,1370.0,1390.0,1.4388489208633093,113.1374106514146,52,3.6214213999992353,0.249553375000687,True,True,2,05_runtime_budget_baselines/raw_runs.csv
Runtime budget baseline,Chao,GRASP,p5.4.w,3,2500,3.8709747749999215,3.6209747749999215,17371,1370.0,1390.0,1.4388489208633093,113.22347862090557,52,3.6212062000013248,0.2497685749985976,True,True,2,05_runtime_budget_baselines/raw_runs.csv
Runtime budget baseline,Chao,GRASP,p5.4.x,0,2500,3.6577532249998512,3.4077532249998512,16203,1370.0,1450.0,5.517241379310345,115.6639985630526,52,3.4079220999992685,0.2498311250005827,True,True,2,05_runtime_budget_baselines/raw_runs.csv
Runtime budget baseline,Chao,GRASP,p5.4.x,1,2500,3.6577532249998512,3.4077532249998512,16217,1380.0,1450.0,4.827586206896552,118.10797339989176,52,3.40807859999768,0.2496746250021715,True,True,2,05_runtime_budget_baselines/raw_runs.csv
Runtime budget baseline,Chao,GRASP,p5.4.x,2,2500,3.6577532249998512,3.4077532249998512,16063,1370.0,1450.0,5.517241379310345,113.22347862090557,52,3.4080259000002115,0.2497273249996396,True,True,2,05_runtime_budget_baselines/raw_runs.csv
Runtime budget baseline,Chao,GRASP,p5.4.x,3,2500,3.6577532249998512,3.4077532249998512,16096,1370.0,1450.0,5.517241379310345,113.65834545197836,52,3.40794200000164,0.2498112249982114,True,True,2,05_runtime_budget_baselines/raw_runs.csv
Runtime budget baseline,Chao,GRASP,p5.4.y,0,2500,3.121943425000154,2.871943425000154,13839,1490.0,1520.0,1.9736842105263157,124.45111915039936,56,2.8721924999990733,0.2497509250010807,True,True,2,05_runtime_budget_baselines/raw_runs.csv
Runtime budget baseline,Chao,GRASP,p5.4.y,1,2500,3.121943425000154,2.871943425000154,13765,1500.0,1520.0,1.3157894736842106,124.45111915039936,56,2.872152300002199,0.2497911249979552,True,True,2,05_runtime_budget_baselines/raw_runs.csv
Runtime budget baseline,Chao,GRASP,p5.4.y,2,2500,3.121943425000154,2.871943425000154,13824,1490.0,1520.0,1.9736842105263157,124.45111915039936,56,2.872064600000158,0.2498788249999961,True,True,2,05_runtime_budget_baselines/raw_runs.csv
Runtime budget baseline,Chao,GRASP,p5.4.y,3,2500,3.121943425000154,2.871943425000154,13766,1490.0,1520.0,1.9736842105263157,124.45111915039936,56,2.872104699999909,0.2498387250002451,True,True,2,05_runtime_budget_baselines/raw_runs.csv
Runtime budget baseline,Chao,GRASP,p5.4.z,0,2500,2.5860553499996968,2.3360553499996968,11261,1620.0,1620.0,0.0,129.1374106514146,60,2.336211400001048,0.2498439499986489,True,True,2,05_runtime_budget_baselines/raw_runs.csv
Runtime budget baseline,Chao,GRASP,p5.4.z,1,2500,2.5860553499996968,2.3360553499996968,11282,1620.0,1620.0,0.0,129.1374106514146,60,2.3362931000010576,0.2497622499986391,True,True,2,05_runtime_budget_baselines/raw_runs.csv
Runtime budget baseline,Chao,GRASP,p5.4.z,2,2500,2.5860553499996968,2.3360553499996968,11067,1620.0,1620.0,0.0,129.1374106514146,60,2.336223899998004,0.2498314500016931,True,True,2,05_runtime_budget_baselines/raw_runs.csv
Runtime budget baseline,Chao,GRASP,p5.4.z,3,2500,2.5860553499996968,2.3360553499996968,11085,1620.0,1620.0,0.0,129.1374106514146,60,2.336183999999776,0.2498713499999212,True,True,2,05_runtime_budget_baselines/raw_runs.csv
Runtime budget baseline,Chao,GRASP,p6.2.d,0,2500,2.159697099999903,1.909697099999903,19174,192.0,192.0,0.0,29.65685424949238,14,1.9098004000006767,0.2498966999992262,True,True,2,05_runtime_budget_baselines/raw_runs.csv
Runtime budget baseline,Chao,GRASP,p6.2.d,1,2500,2.159697099999903,1.909697099999903,19189,192.0,192.0,0.0,29.65685424949238,14,1.9098474999991597,0.2498496000007435,True,True,2,05_runtime_budget_baselines/raw_runs.csv
Runtime budget baseline,Chao,GRASP,p6.2.d,2,2500,2.159697099999903,1.909697099999903,19116,192.0,192.0,0.0,29.65685424949238,14,1.9098412999992436,0.2498558000006596,True,True,2,05_runtime_budget_baselines/raw_runs.csv
Runtime budget baseline,Chao,GRASP,p6.2.d,3,2500,2.159697099999903,1.909697099999903,19098,192.0,192.0,0.0,29.65685424949238,14,1.9097894000005908,0.2499076999993121,True,True,2,05_runtime_budget_baselines/raw_runs.csv
Runtime budget baseline,Chao,GRASP,p6.2.j,0,2500,4.075300524999875,3.825300524999875,16941,828.0,948.0,12.658227848101266,58.91168824543143,38,3.825607200000377,0.2496933249994981,True,True,2,05_runtime_budget_baselines/raw_runs.csv
Runtime budget baseline,Chao,GRASP,p6.2.j,1,2500,4.075300524999875,3.825300524999875,16929,834.0,948.0,12.025316455696203,59.254833995939045,37,3.825499499998841,0.2498010250010338,True,True,2,05_runtime_budget_baselines/raw_runs.csv
Runtime budget baseline,Chao,GRASP,p6.2.j,2,2500,4.075300524999875,3.825300524999875,16962,828.0,948.0,12.658227848101266,58.91168824543143,38,3.8253819000019575,0.2499186249979175,True,True,2,05_runtime_budget_baselines/raw_runs.csv
Runtime budget baseline,Chao,GRASP,p6.2.j,3,2500,4.075300524999875,3.825300524999875,16923,828.0,948.0,12.658227848101266,58.91168824543143,38,3.8255210000024817,0.2497795249973933,True,True,2,05_runtime_budget_baselines/raw_runs.csv
Runtime budget baseline,Chao,GRASP,p6.2.l,0,2500,4.253416824999931,4.003416824999931,15700,1032.0,1116.0,7.526881720430108,68.22539674441619,45,4.0036254999977245,0.2497913250022065,True,True,2,05_runtime_budget_baselines/raw_runs.csv
Runtime budget baseline,Chao,GRASP,p6.2.l,1,2500,4.253416824999931,4.003416824999931,15640,1032.0,1116.0,7.526881720430108,68.22539674441619,45,4.003684400002385,0.2497324249975463,True,True,2,05_runtime_budget_baselines/raw_runs.csv
Runtime budget baseline,Chao,GRASP,p6.2.l,2,2500,4.253416824999931,4.003416824999931,15896,1032.0,1116.0,7.526881720430108,68.22539674441619,45,4.003591500000766,0.2498253249991648,True,True,2,05_runtime_budget_baselines/raw_runs.csv
Runtime budget baseline,Chao,GRASP,p6.2.l,3,2500,4.253416824999931,4.003416824999931,15893,1032.0,1116.0,7.526881720430108,68.22539674441619,45,4.003527400000166,0.2498894249997647,True,True,2,05_runtime_budget_baselines/raw_runs.csv
Runtime budget baseline,Chao,GRASP,p6.2.m,0,2500,3.923616524999943,3.673616524999943,14011,1110.0,1188.0,6.565656565656566,73.05382386916239,48,3.673748200002592,0.249868324997351,True,True,2,05_runtime_budget_baselines/raw_runs.csv
Runtime budget baseline,Chao,GRASP,p6.2.m,1,2500,3.923616524999943,3.673616524999943,14027,1140.0,1188.0,4.040404040404041,73.88225099390857,49,3.673788700001751,0.2498278249981922,True,True,2,05_runtime_budget_baselines/raw_runs.csv
Runtime budget baseline,Chao,GRASP,p6.2.m,2,2500,3.923616524999943,3.673616524999943,14158,1134.0,1188.0,4.545454545454546,73.88225099390857,49,3.673744499999884,0.2498720250000587,True,True,2,05_runtime_budget_baselines/raw_runs.csv
Runtime budget baseline,Chao,GRASP,p6.2.m,3,2500,3.923616524999943,3.673616524999943,14139,1134.0,1188.0,4.545454545454546,73.88225099390857,49,3.6737452999987,0.2498712250012431,True,True,2,05_runtime_budget_baselines/raw_runs.csv
Runtime budget baseline,Chao,GRASP,p6.2.n,0,2500,3.613294375000805,3.3632943750008053,12736,1200.0,1260.0,4.761904761904762,78.71067811865476,52,3.363467600000149,0.2498267750006562,True,True,2,05_runtime_budget_baselines/raw_runs.csv
Runtime budget baseline,Chao,GRASP,p6.2.n,1,2500,3.613294375000805,3.3632943750008053,12811,1200.0,1260.0,4.761904761904762,78.71067811865476,52,3.363410699999804,0.2498836750010014,True,True,2,05_runtime_budget_baselines/raw_runs.csv
Runtime budget baseline,Chao,GRASP,p6.2.n,2,2500,3.613294375000805,3.3632943750008053,12709,1200.0,1260.0,4.761904761904762,78.71067811865476,52,3.363467499999388,0.2498268750014176,True,True,2,05_runtime_budget_baselines/raw_runs.csv
Runtime budget baseline,Chao,GRASP,p6.2.n,3,2500,3.613294375000805,3.3632943750008053,12709,1200.0,1260.0,4.761904761904762,78.71067811865476,52,3.3636717000008503,0.249622674999955,True,True,2,05_runtime_budget_baselines/raw_runs.csv
Runtime budget baseline,Chao,GRASP,p6.3.g,0,2500,2.50615095000012,2.25615095000012,17490,276.0,282.0,2.127659574468085,44.55790079237062,19,2.2563262000003306,0.2498247499997887,True,True,2,05_runtime_budget_baselines/raw_runs.csv
Runtime budget baseline,Chao,GRASP,p6.3.g,1,2500,2.50615095000012,2.25615095000012,17567,276.0,282.0,2.127659574468085,44.55790079237062,19,2.256237899997359,0.2499130500027604,True,True,2,05_runtime_budget_baselines/raw_runs.csv
Runtime budget baseline,Chao,GRASP,p6.3.g,2,2500,2.50615095000012,2.25615095000012,17553,282.0,282.0,0.0,44.55790079237062,19,2.256335999998555,0.2498149500015642,True,True,2,05_runtime_budget_baselines/raw_runs.csv
Runtime budget baseline,Chao,GRASP,p6.3.g,3,2500,2.50615095000012,2.25615095000012,17536,282.0,282.0,0.0,44.55790079237062,19,2.2562585000014224,0.2498924499986969,True,True,2,05_runtime_budget_baselines/raw_runs.csv
Runtime budget baseline,Chao,GRASP,p6.3.h,0,2500,3.609835825000573,3.359835825000573,23267,390.0,444.0,12.162162162162161,47.79898987322333,25,3.360026800000924,0.2498090249996494,True,True,2,05_runtime_budget_baselines/raw_runs.csv
Runtime budget baseline,Chao,GRASP,p6.3.h,1,2500,3.609835825000573,3.359835825000573,23276,408.0,444.0,8.108108108108109,48.62741699796952,26,3.359989200002019,0.249846624998554,True,True,2,05_runtime_budget_baselines/raw_runs.csv
Runtime budget baseline,Chao,GRASP,p6.3.h,2,2500,3.609835825000573,3.359835825000573,23078,408.0,444.0,8.108108108108109,48.62741699796952,26,3.359983700000157,0.2498521250004159,True,True,2,05_runtime_budget_baselines/raw_runs.csv
Runtime budget baseline,Chao,GRASP,p6.3.h,3,2500,3.609835825000573,3.359835825000573,23023,408.0,444.0,8.108108108108109,48.62741699796952,26,3.3600159999987227,0.2498198250018504,True,True,2,05_runtime_budget_baselines/raw_runs.csv
Runtime budget baseline,Chao,GRASP,p6.3.i,0,2500,3.885602074999952,3.635602074999952,22440,486.0,642.0,24.299065420560748,51.941125496954285,30,3.635846299999685,0.249755775000267,True,True,2,05_runtime_budget_baselines/raw_runs.csv
Runtime budget baseline,Chao,GRASP,p6.3.i,1,2500,3.885602074999952,3.635602074999952,22391,486.0,642.0,24.299065420560748,51.941125496954285,30,3.6357204000014463,0.2498816749985053,True,True,2,05_runtime_budget_baselines/raw_runs.csv
Runtime budget baseline,Chao,GRASP,p6.3.i,2,2500,3.885602074999952,3.635602074999952,22422,474.0,642.0,26.16822429906542,53.941125496954285,30,3.635732500002632,0.2498695749973194,True,True,2,05_runtime_budget_baselines/raw_runs.csv
Runtime budget baseline,Chao,GRASP,p6.3.i,3,2500,3.885602074999952,3.635602074999952,22420,486.0,642.0,24.299065420560748,51.941125496954285,30,3.635861700000533,0.2497403749994191,True,True,2,05_runtime_budget_baselines/raw_runs.csv
Runtime budget baseline,Chao,GRASP,p6.3.k,0,2500,3.726914500000021,3.476914500000021,18237,612.0,894.0,31.543624161073826,63.34604384424195,35,3.477058000000397,0.2498564999996233,True,True,2,05_runtime_budget_baselines/raw_runs.csv
Runtime budget baseline,Chao,GRASP,p6.3.k,1,2500,3.726914500000021,3.476914500000021,18205,612.0,894.0,31.543624161073826,63.34604384424195,35,3.4770994999998948,0.249815000000126,True,True,2,05_runtime_budget_baselines/raw_runs.csv
Runtime budget baseline,Chao,GRASP,p6.3.k,2,2500,3.726914500000021,3.476914500000021,18258,612.0,894.0,31.543624161073826,63.34604384424195,35,3.477045499999804,0.249869000000217,True,True,2,05_runtime_budget_baselines/raw_runs.csv
Runtime budget baseline,Chao,GRASP,p6.3.k,3,2500,3.726914500000021,3.476914500000021,18251,612.0,894.0,31.543624161073826,63.34604384424195,35,3.477119800001674,0.2497946999983469,True,True,2,05_runtime_budget_baselines/raw_runs.csv
Runtime budget baseline,Chao,GRASP,p6.3.l,0,2500,3.7523309249991135,3.5023309249991144,16427,690.0,1002.0,31.137724550898202,69.03084979546165,37,3.502577400002337,0.2497535249967768,True,True,2,05_runtime_budget_baselines/raw_runs.csv
Runtime budget baseline,Chao,GRASP,p6.3.l,1,2500,3.7523309249991135,3.5023309249991144,16434,690.0,1002.0,31.137724550898202,67.34604384424195,37,3.502594500001578,0.2497364249975362,True,True,2,05_runtime_budget_baselines/raw_runs.csv
Runtime budget baseline,Chao,GRASP,p6.3.l,2,2500,3.7523309249991135,3.5023309249991144,16426,702.0,1002.0,29.940119760479043,67.83132521848052,39,3.502600499999972,0.249730424999143,True,True,2,05_runtime_budget_baselines/raw_runs.csv
Runtime budget baseline,Chao,GRASP,p6.3.l,3,2500,3.7523309249991135,3.5023309249991144,16396,690.0,1002.0,31.137724550898202,69.03084979546165,37,3.502632299998368,0.2496986250007467,True,True,2,05_runtime_budget_baselines/raw_runs.csv
Runtime budget baseline,Chao,GRASP,p6.3.m,0,2500,3.9035824749998937,3.6535824749998937,15915,810.0,1080.0,25.0,73.57938931627581,42,3.653730300000461,0.2498521749994324,True,True,2,05_runtime_budget_baselines/raw_runs.csv
Runtime budget baseline,Chao,GRASP,p6.3.m,1,2500,3.9035824749998937,3.6535824749998937,15926,810.0,1080.0,25.0,73.4881794679729,43,3.653872600003524,0.2497098749963697,True,True,2,05_runtime_budget_baselines/raw_runs.csv
Runtime budget baseline,Chao,GRASP,p6.3.m,2,2500,3.9035824749998937,3.6535824749998937,15860,810.0,1080.0,25.0,74.40781644102199,43,3.65383010000005,0.2497523749998436,True,True,2,05_runtime_budget_baselines/raw_runs.csv
Runtime budget baseline,Chao,GRASP,p6.3.m,3,2500,3.9035824749998937,3.6535824749998937,15825,810.0,1080.0,25.0,73.4881794679729,43,3.653767499999958,0.2498149749999356,True,True,2,05_runtime_budget_baselines/raw_runs.csv
Runtime budget baseline,Chao,GRASP,p6.3.n,0,2500,3.487434950000079,3.237434950000079,13284,906.0,1170.0,22.564102564102566,79.81273478830965,46,3.2377632000025187,0.2496717499975602,True,True,2,05_runtime_budget_baselines/raw_runs.csv
Runtime budget baseline,Chao,GRASP,p6.3.n,1,2500,3.487434950000079,3.237434950000079,13289,942.0,1170.0,19.487179487179485,79.81273478830965,46,3.237823400002526,0.249611549997553,True,True,2,05_runtime_budget_baselines/raw_runs.csv
Runtime budget baseline,Chao,GRASP,p6.3.n,2,2500,3.487434950000079,3.237434950000079,13269,942.0,1170.0,19.487179487179485,79.81273478830965,46,3.2376023000033456,0.2498326499967333,True,True,2,05_runtime_budget_baselines/raw_runs.csv
Runtime budget baseline,Chao,GRASP,p6.3.n,3,2500,3.487434950000079,3.237434950000079,13307,924.0,1170.0,21.025641025641026,79.81273478830965,46,3.237616500002332,0.2498184499977469,True,True,2,05_runtime_budget_baselines/raw_runs.csv
Runtime budget baseline,Chao,GRASP,p6.4.j,0,2500,2.6613815750006324,2.4113815750006324,16051,348.0,366.0,4.918032786885246,58.60112615949154,24,2.4114737000018067,0.2499078749988257,True,True,2,05_runtime_budget_baselines/raw_runs.csv
Runtime budget baseline,Chao,GRASP,p6.4.j,1,2500,2.6613815750006324,2.4113815750006324,16064,348.0,366.0,4.918032786885246,58.60112615949154,24,2.411512099999527,0.2498694750011054,True,True,2,05_runtime_budget_baselines/raw_runs.csv
Runtime budget baseline,Chao,GRASP,p6.4.j,2,2500,2.6613815750006324,2.4113815750006324,15914,348.0,366.0,4.918032786885246,58.60112615949154,24,2.4115908999992826,0.2497906750013498,True,True,2,05_runtime_budget_baselines/raw_runs.csv
Runtime budget baseline,Chao,GRASP,p6.4.j,3,2500,2.6613815750006324,2.4113815750006324,15990,348.0,366.0,4.918032786885246,58.60112615949154,24,2.411828799999057,0.2495527750015753,True,True,2,05_runtime_budget_baselines/raw_runs.csv
Runtime budget baseline,Chao,GRASP,p6.4.k,0,2500,3.4565733000004,3.2065733000004,19363,462.0,528.0,12.5,63.17217237110114,29,3.2066813000019465,0.2498919999984536,True,True,2,05_runtime_budget_baselines/raw_runs.csv
Runtime budget baseline,Chao,GRASP,p6.4.k,1,2500,3.4565733000004,3.2065733000004,19415,456.0,528.0,13.636363636363637,63.6010829589798,29,3.207144399999379,0.2494289000010212,True,True,2,05_runtime_budget_baselines/raw_runs.csv
Runtime budget baseline,Chao,GRASP,p6.4.k,2,2500,3.4565733000004,3.2065733000004,19417,462.0,528.0,12.5,63.17217237110114,29,3.206675900000846,0.2498973999995541,True,True,2,05_runtime_budget_baselines/raw_runs.csv
Runtime budget baseline,Chao,GRASP,p6.4.k,3,2500,3.4565733000004,3.2065733000004,19475,462.0,528.0,12.5,63.17217237110114,29,3.2067465000000084,0.2498268000003918,True,True,2,05_runtime_budget_baselines/raw_runs.csv
Runtime budget baseline,Chao,GRASP,p6.4.l,0,2500,4.096919024999806,3.8469190249998064,21569,558.0,696.0,19.82758620689655,68.51761671949575,34,3.8470305999981065,0.2498884250016999,True,True,2,05_runtime_budget_baselines/raw_runs.csv
Runtime budget baseline,Chao,GRASP,p6.4.l,1,2500,4.096919024999806,3.8469190249998064,21593,558.0,696.0,19.82758620689655,68.51761671949575,34,3.847074999997858,0.2498440250019484,True,True,2,05_runtime_budget_baselines/raw_runs.csv
Runtime budget baseline,Chao,GRASP,p6.4.l,2,2500,4.096919024999806,3.8469190249998064,21511,558.0,696.0,19.82758620689655,68.51761671949575,34,3.847062199998618,0.2498568250011885,True,True,2,05_runtime_budget_baselines/raw_runs.csv
Runtime budget baseline,Chao,GRASP,p6.4.l,3,2500,4.096919024999806,3.8469190249998064,21512,558.0,696.0,19.82758620689655,68.51761671949575,34,3.8471583999998975,0.249760624999908,True,True,2,05_runtime_budget_baselines/raw_runs.csv
Runtime budget baseline,Chao,GRASP,p7.2.d,0,2500,1.9407258000001093,1.6907258000001093,15357,190.0,190.0,0.0,78.6737065912388,10,1.6908489999987069,0.2498768000014024,True,True,2,05_runtime_budget_baselines/raw_runs.csv
Runtime budget baseline,Chao,GRASP,p7.2.d,1,2500,1.9407258000001093,1.6907258000001093,15432,190.0,190.0,0.0,78.6737065912388,10,1.6908618999987084,0.2498639000014009,True,True,2,05_runtime_budget_baselines/raw_runs.csv
Runtime budget baseline,Chao,GRASP,p7.2.d,2,2500,1.9407258000001093,1.6907258000001093,15594,190.0,190.0,0.0,78.6737065912388,10,1.6911567999995896,0.2495690000005197,True,True,2,05_runtime_budget_baselines/raw_runs.csv
Runtime budget baseline,Chao,GRASP,p7.2.d,3,2500,1.9407258000001093,1.6907258000001093,15643,190.0,190.0,0.0,78.6737065912388,10,1.6910968000011053,0.249628999999004,True,True,2,05_runtime_budget_baselines/raw_runs.csv
Runtime budget baseline,Chao,GRASP,p7.2.e,0,2500,2.4477318999997806,2.1977318999997806,18089,290.0,290.0,0.0,98.36318612174394,15,2.198103400001856,0.2496284999979252,True,True,2,05_runtime_budget_baselines/raw_runs.csv
Runtime budget baseline,Chao,GRASP,p7.2.e,1,2500,2.4477318999997806,2.1977318999997806,18056,290.0,290.0,0.0,98.36318612174394,15,2.197872600001574,0.2498592999982065,True,True,2,05_runtime_budget_baselines/raw_runs.csv
Runtime budget baseline,Chao,GRASP,p7.2.e,2,2500,2.4477318999997806,2.1977318999997806,18067,290.0,290.0,0.0,98.36318612174394,15,2.197824799997761,0.2499071000020194,True,True,2,05_runtime_budget_baselines/raw_runs.csv
Runtime budget baseline,Chao,GRASP,p7.2.e,3,2500,2.4477318999997806,2.1977318999997806,17988,290.0,290.0,0.0,98.36318612174394,15,2.197867500002758,0.2498643999970227,True,True,2,05_runtime_budget_baselines/raw_runs.csv
Runtime budget baseline,Chao,GRASP,p7.2.f,0,2500,3.569863325000369,3.319863325000369,24823,384.0,387.0,0.7751937984496124,119.56640980441024,20,3.320010999999795,0.2498523250005746,True,True,2,05_runtime_budget_baselines/raw_runs.csv
Runtime budget baseline,Chao,GRASP,p7.2.f,1,2500,3.569863325000369,3.319863325000369,24749,382.0,387.0,1.2919896640826873,119.5323452821927,20,3.320028399997682,0.2498349250026876,True,True,2,05_runtime_budget_baselines/raw_runs.csv
Runtime budget baseline,Chao,GRASP,p7.2.f,2,2500,3.569863325000369,3.319863325000369,24680,382.0,387.0,1.2919896640826873,119.40453701286584,20,3.320046099997853,0.2498172250025163,True,True,2,05_runtime_budget_baselines/raw_runs.csv
Runtime budget baseline,Chao,GRASP,p7.2.f,3,2500,3.569863325000369,3.319863325000369,24703,380.0,387.0,1.8087855297157622,117.45014310237474,21,3.320553100002144,0.2493102249982257,True,True,2,05_runtime_budget_baselines/raw_runs.csv
Runtime budget baseline,Chao,GRASP,p7.2.g,0,2500,5.193349575000411,4.943349575000411,33731,459.0,459.0,0.0,138.60041403222436,25,4.94353079999928,0.2498187750011311,True,True,2,05_runtime_budget_baselines/raw_runs.csv
Runtime budget baseline,Chao,GRASP,p7.2.g,1,2500,5.193349575000411,4.943349575000411,33422,453.0,459.0,1.3071895424836601,137.30050410519442,27,4.943566499998269,0.2497830750021421,True,True,2,05_runtime_budget_baselines/raw_runs.csv
Runtime budget baseline,Chao,GRASP,p7.2.g,2,2500,5.193349575000411,4.943349575000411,33712,459.0,459.0,0.0,138.60041403222436,25,4.943826800001261,0.24952277499915,True,True,2,05_runtime_budget_baselines/raw_runs.csv
Runtime budget baseline,Chao,GRASP,p7.2.g,3,2500,5.193349575000411,4.943349575000411,33631,453.0,459.0,1.3071895424836601,137.30050410519442,27,4.9434671999988495,0.2498823750015617,True,True,2,05_runtime_budget_baselines/raw_runs.csv
Runtime budget baseline,Chao,GRASP,p7.2.h,0,2500,5.941513924999981,5.691513924999981,35335,517.0,521.0,0.7677543186180422,158.9789795818879,31,5.691659200001595,0.2498547249983858,True,True,2,05_runtime_budget_baselines/raw_runs.csv
Runtime budget baseline,Chao,GRASP,p7.2.h,1,2500,5.941513924999981,5.691513924999981,35383,516.0,521.0,0.9596928982725528,155.7872915189217,30,5.691690300001937,0.2498236249980436,True,True,2,05_runtime_budget_baselines/raw_runs.csv
Runtime budget baseline,Chao,GRASP,p7.2.h,2,2500,5.941513924999981,5.691513924999981,35242,517.0,521.0,0.7677543186180422,156.36852033265507,31,5.691627000000153,0.2498869249998279,True,True,2,05_runtime_budget_baselines/raw_runs.csv
Runtime budget baseline,Chao,GRASP,p7.2.h,3,2500,5.941513924999981,5.691513924999981,35263,517.0,521.0,0.7677543186180422,158.9789795818879,31,5.691756800002622,0.2497571249973589,True,True,2,05_runtime_budget_baselines/raw_runs.csv
Runtime budget baseline,Chao,GRASP,p7.2.i,0,2500,6.343717100000049,6.093717100000049,35357,578.0,580.0,0.3448275862068966,179.5179048994524,36,6.093941099999938,0.2497760000001108,True,True,2,05_runtime_budget_baselines/raw_runs.csv
Runtime budget baseline,Chao,GRASP,p7.2.i,1,2500,6.343717100000049,6.093717100000049,35272,572.0,580.0,1.3793103448275863,177.82542228749506,35,6.093937999998161,0.2497791000018878,True,True,2,05_runtime_budget_baselines/raw_runs.csv
Runtime budget baseline,Chao,GRASP,p7.2.i,2,2500,6.343717100000049,6.093717100000049,35413,573.0,580.0,1.206896551724138,178.70034273140462,32,6.094013699999778,0.2497034000002713,True,True,2,05_runtime_budget_baselines/raw_runs.csv
Runtime budget baseline,Chao,GRASP,p7.2.i,3,2500,6.343717100000049,6.093717100000049,35336,572.0,580.0,1.3793103448275863,179.181023298505,35,6.094451200002368,0.2492658999976811,True,True,2,05_runtime_budget_baselines/raw_runs.csv
Runtime budget baseline,Chao,GRASP,p7.2.j,0,2500,6.691466100000525,6.441466100000525,34785,626.0,646.0,3.0959752321981426,196.6340055970329,37,6.441714200002025,0.2497518999985004,True,True,2,05_runtime_budget_baselines/raw_runs.csv
Runtime budget baseline,Chao,GRASP,p7.2.j,1,2500,6.691466100000525,6.441466100000525,34882,620.0,646.0,4.024767801857585,198.7420833335717,37,6.441777299998648,0.2496888000018771,True,True,2,05_runtime_budget_baselines/raw_runs.csv
Runtime budget baseline,Chao,GRASP,p7.2.j,2,2500,6.691466100000525,6.441466100000525,34680,613.0,646.0,5.108359133126935,198.6859322802107,38,6.441639699998632,0.2498264000018935,True,True,2,05_runtime_budget_baselines/raw_runs.csv
Runtime budget baseline,Chao,GRASP,p7.2.j,3,2500,6.691466100000525,6.441466100000525,34781,617.0,646.0,4.489164086687307,197.3457034464261,35,6.441684899997199,0.2497812000033263,True,True,2,05_runtime_budget_baselines/raw_runs.csv
Runtime budget baseline,Chao,GRASP,p7.2.k,0,2500,7.009295225000187,6.759295225000187,34034,674.0,705.0,4.397163120567376,218.51454591945924,38,6.759493100002146,0.2498021249980411,True,True,2,05_runtime_budget_baselines/raw_runs.csv
Runtime budget baseline,Chao,GRASP,p7.2.k,1,2500,7.009295225000187,6.759295225000187,34231,685.0,705.0,2.8368794326241136,218.73245036128665,39,6.759421499999007,0.24987372500118,True,True,2,05_runtime_budget_baselines/raw_runs.csv
Runtime budget baseline,Chao,GRASP,p7.2.k,2,2500,7.009295225000187,6.759295225000187,33985,689.0,705.0,2.269503546099291,217.5266145744631,40,6.759528300000966,0.2497669249992213,True,True,2,05_runtime_budget_baselines/raw_runs.csv
Runtime budget baseline,Chao,GRASP,p7.2.k,3,2500,7.009295225000187,6.759295225000187,34106,677.0,705.0,3.971631205673759,218.94916183487453,39,6.759459799999604,0.2498354250005832,True,True,2,05_runtime_budget_baselines/raw_runs.csv
Runtime budget baseline,Chao,GRASP,p7.2.l,0,2500,7.582449850000557,7.332449850000557,34757,727.0,767.0,5.215123859191656,239.07592538873567,41,7.332839900002,0.2496099499985575,True,True,2,05_runtime_budget_baselines/raw_runs.csv
Runtime budget baseline,Chao,GRASP,p7.2.l,1,2500,7.582449850000557,7.332449850000557,34874,729.0,767.0,4.954367666232073,239.029989348274,42,7.332723999999871,0.2497258500006864,True,True,2,05_runtime_budget_baselines/raw_runs.csv
Runtime budget baseline,Chao,GRASP,p7.2.l,2,2500,7.582449850000557,7.332449850000557,34469,727.0,767.0,5.215123859191656,234.04947808132076,43,7.332703100000799,0.2497467499997583,True,True,2,05_runtime_budget_baselines/raw_runs.csv
Runtime budget baseline,Chao,GRASP,p7.2.l,3,2500,7.582449850000557,7.332449850000557,34512,733.0,767.0,4.432855280312907,238.24797007865072,41,7.332588199999009,0.2498616500015487,True,True,2,05_runtime_budget_baselines/raw_runs.csv
Runtime budget baseline,Chao,GRASP,p7.2.m,0,2500,8.282400724999206,8.032400724999206,36103,791.0,827.0,4.353083434099154,258.4048221880147,45,8.032725600001868,0.2496751249973385,True,True,2,05_runtime_budget_baselines/raw_runs.csv
Runtime budget baseline,Chao,GRASP,p7.2.m,1,2500,8.282400724999206,8.032400724999206,36179,789.0,827.0,4.594921402660217,257.6213591788826,46,8.032610599999316,0.2497901249998904,True,True,2,05_runtime_budget_baselines/raw_runs.csv
Runtime budget baseline,Chao,GRASP,p7.2.m,2,2500,8.282400724999206,8.032400724999206,36090,778.0,827.0,5.92503022974607,256.90171503123366,46,8.032731100000092,0.2496696249991146,True,True,2,05_runtime_budget_baselines/raw_runs.csv
Runtime budget baseline,Chao,GRASP,p7.2.m,3,2500,8.282400724999206,8.032400724999206,36122,780.0,827.0,5.683192261185006,258.0329033133178,45,8.032629500001349,0.2497712249978576,True,True,2,05_runtime_budget_baselines/raw_runs.csv
Runtime budget baseline,Chao,GRASP,p7.2.n,0,2500,8.72089752500051,8.47089752500051,35719,833.0,888.0,6.193693693693693,274.5874471628256,48,8.471200700001646,0.249696824998864,True,True,2,05_runtime_budget_baselines/raw_runs.csv
Runtime budget baseline,Chao,GRASP,p7.2.n,1,2500,8.72089752500051,8.47089752500051,35703,826.0,888.0,6.981981981981982,273.90222544197303,49,8.471029100001033,0.2498684249994767,True,True,2,05_runtime_budget_baselines/raw_runs.csv
Runtime budget baseline,Chao,GRASP,p7.2.n,2,2500,8.72089752500051,8.47089752500051,35397,833.0,888.0,6.193693693693693,273.32070392890284,49,8.471043399997143,0.2498541250033668,True,True,2,05_runtime_budget_baselines/raw_runs.csv
Runtime budget baseline,Chao,GRASP,p7.2.n,3,2500,8.72089752500051,8.47089752500051,35586,839.0,888.0,5.518018018018018,278.05047182825336,48,8.471051999997144,0.2498455250033657,True,True,2,05_runtime_budget_baselines/raw_runs.csv
Runtime budget baseline,Chao,GRASP,p7.2.o,0,2500,9.018516125000133,8.768516125000133,35048,878.0,945.0,7.08994708994709,292.88883450178474,51,8.768753399999696,0.249762725000437,True,True,2,05_runtime_budget_baselines/raw_runs.csv
Runtime budget baseline,Chao,GRASP,p7.2.o,1,2500,9.018516125000133,8.768516125000133,35049,868.0,945.0,8.148148148148149,299.2904887069068,51,8.768809999997757,0.2497061250023762,True,True,2,05_runtime_budget_baselines/raw_runs.csv
Runtime budget baseline,Chao,GRASP,p7.2.o,2,2500,9.018516125000133,8.768516125000133,35016,871.0,945.0,7.830687830687831,288.64223386637497,51,8.768913099997008,0.2496030250031253,True,True,2,05_runtime_budget_baselines/raw_runs.csv
Runtime budget baseline,Chao,GRASP,p7.2.o,3,2500,9.018516125000133,8.768516125000133,34975,884.0,945.0,6.455026455026455,293.4909518340993,50,8.768869299998187,0.2496468250019461,True,True,2,05_runtime_budget_baselines/raw_runs.csv
Runtime budget baseline,Chao,GRASP,p7.2.p,0,2500,9.66209047500024,9.41209047500024,36024,913.0,1002.0,8.882235528942116,314.3271667772826,51,9.41228719999708,0.2498032750031598,True,True,2,05_runtime_budget_baselines/raw_runs.csv
Runtime budget baseline,Chao,GRASP,p7.2.p,1,2500,9.66209047500024,9.41209047500024,35889,922.0,1002.0,7.984031936127744,316.03011899886224,54,9.412393099999464,0.2496973750007782,True,True,2,05_runtime_budget_baselines/raw_runs.csv
Runtime budget baseline,Chao,GRASP,p7.2.p,2,2500,9.66209047500024,9.41209047500024,35898,923.0,1002.0,7.884231536926148,319.0242438575052,53,9.412252699999954,0.2498377750002873,True,True,2,05_runtime_budget_baselines/raw_runs.csv
Runtime budget baseline,Chao,GRASP,p7.2.p,3,2500,9.66209047500024,9.41209047500024,35874,916.0,1002.0,8.582834331337326,314.712815023208,53,9.412281699998855,0.2498087750013837,True,True,2,05_runtime_budget_baselines/raw_runs.csv
Runtime budget baseline,Chao,GRASP,p7.2.q,0,2500,10.50594052500037,10.25594052500037,37197,957.0,1044.0,8.333333333333334,329.48036842859506,57,10.25608519999878,0.2498553250015902,True,True,2,05_runtime_budget_baselines/raw_runs.csv
Runtime budget baseline,Chao,GRASP,p7.2.q,1,2500,10.50594052500037,10.25594052500037,37291,948.0,1044.0,9.195402298850574,336.52890071156145,56,10.25621129999854,0.249729225001829,True,True,2,05_runtime_budget_baselines/raw_runs.csv
Runtime budget baseline,Chao,GRASP,p7.2.q,2,2500,10.50594052500037,10.25594052500037,37151,967.0,1044.0,7.375478927203065,334.33034206725864,56,10.256494199998995,0.2494463250013723,True,True,2,05_runtime_budget_baselines/raw_runs.csv
Runtime budget baseline,Chao,GRASP,p7.2.q,3,2500,10.50594052500037,10.25594052500037,37219,963.0,1044.0,7.758620689655173,334.11830176872115,56,10.25635500000135,0.2495855249990199,True,True,2,05_runtime_budget_baselines/raw_runs.csv
Runtime budget baseline,Chao,GRASP,p7.2.r,0,2500,10.3198067000003,10.0698067000003,35339,1002.0,1094.0,8.409506398537477,357.42569710931485,59,10.070198100002017,0.2496085999982824,True,True,2,05_runtime_budget_baselines/raw_runs.csv
Runtime budget baseline,Chao,GRASP,p7.2.r,1,2500,10.3198067000003,10.0698067000003,35370,1006.0,1094.0,8.043875685557587,349.91361616060993,59,10.070060100002593,0.2497465999977066,True,True,2,05_runtime_budget_baselines/raw_runs.csv
Runtime budget baseline,Chao,GRASP,p7.2.r,2,2500,10.3198067000003,10.0698067000003,35293,996.0,1094.0,8.957952468007313,358.4333571299255,60,10.069985800000724,0.2498208999995768,True,True,2,05_runtime_budget_baselines/raw_runs.csv
Runtime budget baseline,Chao,GRASP,p7.2.r,3,2500,10.3198067000003,10.0698067000003,35388,1012.0,1094.0,7.495429616087751,352.3142725873927,59,10.070107100000314,0.2496995999999853,True,True,2,05_runtime_budget_baselines/raw_runs.csv
Runtime budget baseline,Chao,GRASP,p7.2.s,0,2500,10.608844649999355,10.358844649999355,34586,1033.0,1136.0,9.066901408450704,373.20735028440345,61,10.359856600000056,0.2489880499992978,True,True,2,05_runtime_budget_baselines/raw_runs.csv
Runtime budget baseline,Chao,GRASP,p7.2.s,1,2500,10.608844649999355,10.358844649999355,34759,1049.0,1136.0,7.658450704225352,366.0127975961568,61,10.35920719999922,0.2496374500001366,True,True,2,05_runtime_budget_baselines/raw_runs.csv
Runtime budget baseline,Chao,GRASP,p7.2.s,2,2500,10.608844649999355,10.358844649999355,34536,1046.0,1136.0,7.922535211267606,377.85278972153736,63,10.359621499999776,0.2492231499995796,True,True,2,05_runtime_budget_baselines/raw_runs.csv
Runtime budget baseline,Chao,GRASP,p7.2.s,3,2500,10.608844649999355,10.358844649999355,34439,1068.0,1136.0,5.985915492957746,370.201536886612,62,10.359005700000123,0.2498389499992299,True,True,2,05_runtime_budget_baselines/raw_runs.csv
Runtime budget baseline,Chao,GRASP,p7.2.t,0,2500,10.843478000000232,10.593478000000232,34198,1097.0,1179.0,6.955046649703139,393.0325811230096,64,10.593669899997622,0.2498081000026104,True,True,2,05_runtime_budget_baselines/raw_runs.csv
Runtime budget baseline,Chao,GRASP,p7.2.t,1,2500,10.843478000000232,10.593478000000232,34160,1079.0,1179.0,8.481764206955047,394.2396477515626,63,10.593733900001098,0.249744099999134,True,True,2,05_runtime_budget_baselines/raw_runs.csv
Runtime budget baseline,Chao,GRASP,p7.2.t,2,2500,10.843478000000232,10.593478000000232,34181,1093.0,1179.0,7.29431721798134,395.4603213845469,64,10.593737899998814,0.2497401000014179,True,True,2,05_runtime_budget_baselines/raw_runs.csv
Runtime budget baseline,Chao,GRASP,p7.2.t,3,2500,10.843478000000232,10.593478000000232,33969,1073.0,1179.0,8.99067005937235,390.1085373672559,60,10.593692099999316,0.2497859000009157,True,True,2,05_runtime_budget_baselines/raw_runs.csv
Runtime budget baseline,Chao,GRASP,p7.3.h,0,2500,3.63703277500008,3.38703277500008,21880,425.0,425.0,0.0,156.17821347409,24,3.3871848000017053,0.2498479749983744,True,True,2,05_runtime_budget_baselines/raw_runs.csv
Runtime budget baseline,Chao,GRASP,p7.3.h,1,2500,3.63703277500008,3.38703277500008,21986,416.0,425.0,2.1176470588235294,156.76103134797708,23,3.387164600000688,0.249868174999392,True,True,2,05_runtime_budget_baselines/raw_runs.csv
Runtime budget baseline,Chao,GRASP,p7.3.h,2,2500,3.63703277500008,3.38703277500008,21827,423.0,425.0,0.47058823529411764,158.51603583414033,24,3.3872109000003547,0.2498218749997249,True,True,2,05_runtime_budget_baselines/raw_runs.csv
Runtime budget baseline,Chao,GRASP,p7.3.h,3,2500,3.63703277500008,3.38703277500008,22033,425.0,425.0,0.0,155.33992998874575,24,3.387243700002728,0.2497890749973521,True,True,2,05_runtime_budget_baselines/raw_runs.csv
Runtime budget baseline,Chao,GRASP,p7.3.i,0,2500,4.341944450000483,4.091944450000483,24622,469.0,487.0,3.696098562628337,176.814127619037,28,4.092625799999951,0.2493186500005322,True,True,2,05_runtime_budget_baselines/raw_runs.csv
Runtime budget baseline,Chao,GRASP,p7.3.i,1,2500,4.341944450000483,4.091944450000483,24604,477.0,487.0,2.0533880903490758,178.44292392811184,28,4.0921557000001485,0.2497887500003344,True,True,2,05_runtime_budget_baselines/raw_runs.csv
Runtime budget baseline,Chao,GRASP,p7.3.i,2,2500,4.341944450000483,4.091944450000483,24626,476.0,487.0,2.2587268993839835,177.976304497961,27,4.092144400001416,0.2498000499990667,True,True,2,05_runtime_budget_baselines/raw_runs.csv
Runtime budget baseline,Chao,GRASP,p7.3.i,3,2500,4.341944450000483,4.091944450000483,24673,476.0,487.0,2.2587268993839835,177.21495815839037,26,4.092124800001329,0.2498196499991536,True,True,2,05_runtime_budget_baselines/raw_runs.csv
Runtime budget baseline,Chao,GRASP,p7.3.j,0,2500,4.910080750000816,4.660080750000816,26601,548.0,564.0,2.8368794326241136,194.5617559013191,29,4.660257999999885,0.2498227500009306,True,True,2,05_runtime_budget_baselines/raw_runs.csv
Runtime budget baseline,Chao,GRASP,p7.3.j,1,2500,4.910080750000816,4.660080750000816,26455,541.0,564.0,4.078014184397163,196.10054128719383,30,4.6605450000024575,0.2495357499983583,True,True,2,05_runtime_budget_baselines/raw_runs.csv
Runtime budget baseline,Chao,GRASP,p7.3.j,2,2500,4.910080750000816,4.660080750000816,26446,551.0,564.0,2.3049645390070923,195.0656277057285,30,4.660198300000047,0.2498824500007685,True,True,2,05_runtime_budget_baselines/raw_runs.csv
Runtime budget baseline,Chao,GRASP,p7.3.j,3,2500,4.910080750000816,4.660080750000816,26536,541.0,564.0,4.078014184397163,196.1909636641433,32,4.660240000001068,0.2498407499997483,True,True,2,05_runtime_budget_baselines/raw_runs.csv
Runtime budget baseline,Chao,GRASP,p7.3.k,0,2500,6.26389805000008,6.01389805000008,32529,608.0,633.0,3.949447077409163,216.3651512559111,37,6.014121800002613,0.2497762499974669,True,True,2,05_runtime_budget_baselines/raw_runs.csv
Runtime budget baseline,Chao,GRASP,p7.3.k,1,2500,6.26389805000008,6.01389805000008,32447,604.0,633.0,4.581358609794629,217.8823110132884,37,6.014546099999279,0.2493519500008005,True,True,2,05_runtime_budget_baselines/raw_runs.csv
Runtime budget baseline,Chao,GRASP,p7.3.k,2,2500,6.26389805000008,6.01389805000008,32548,606.0,633.0,4.265402843601896,216.94732932447943,34,6.014177799999743,0.2497202500003368,True,True,2,05_runtime_budget_baselines/raw_runs.csv
Runtime budget baseline,Chao,GRASP,p7.3.k,3,2500,6.26389805000008,6.01389805000008,32558,619.0,633.0,2.211690363349131,217.3206275563076,37,6.014754100000573,0.2491439499995067,True,True,2,05_runtime_budget_baselines/raw_runs.csv
Runtime budget baseline,Chao,GRASP,p7.3.l,0,2500,6.489253450000433,6.239253450000433,31835,660.0,684.0,3.508771929824561,238.6676261779021,36,6.239457300001959,0.249796149998474,True,True,2,05_runtime_budget_baselines/raw_runs.csv
Runtime budget baseline,Chao,GRASP,p7.3.l,1,2500,6.489253450000433,6.239253450000433,31917,666.0,684.0,2.6315789473684212,234.43377137712585,41,6.239438699998573,0.2498147500018603,True,True,2,05_runtime_budget_baselines/raw_runs.csv
Runtime budget baseline,Chao,GRASP,p7.3.l,2,2500,6.489253450000433,6.239253450000433,31845,656.0,684.0,4.093567251461988,234.0687750457197,41,6.239537000001292,0.2497164499991413,True,True,2,05_runtime_budget_baselines/raw_runs.csv
Runtime budget baseline,Chao,GRASP,p7.3.l,3,2500,6.489253450000433,6.239253450000433,31684,655.0,684.0,4.239766081871345,236.84882191910685,39,6.2393926000004285,0.2498608500000045,True,True,2,05_runtime_budget_baselines/raw_runs.csv
Runtime budget baseline,Chao,GRASP,p7.3.m,0,2500,6.316391799999565,6.066391799999565,29204,715.0,762.0,6.167979002624672,256.6538084389652,42,6.066706999998132,0.2496848000014324,True,True,2,05_runtime_budget_baselines/raw_runs.csv
Runtime budget baseline,Chao,GRASP,p7.3.m,1,2500,6.316391799999565,6.066391799999565,29106,719.0,762.0,5.6430446194225725,254.13119601916057,43,6.067063099999359,0.2493287000002055,True,True,2,05_runtime_budget_baselines/raw_runs.csv
Runtime budget baseline,Chao,GRASP,p7.3.m,2,2500,6.316391799999565,6.066391799999565,29179,727.0,762.0,4.593175853018373,258.11399539762965,42,6.066579800000909,0.2498119999986556,True,True,2,05_runtime_budget_baselines/raw_runs.csv
Runtime budget baseline,Chao,GRASP,p7.3.m,3,2500,6.316391799999565,6.066391799999565,29224,714.0,762.0,6.299212598425197,257.7829753376987,43,6.0667074999983015,0.2496843000012631,True,True,2,05_runtime_budget_baselines/raw_runs.csv
Runtime budget baseline,Chao,GRASP,p7.3.n,0,2500,6.954018099999757,6.704018099999757,30637,765.0,820.0,6.7073170731707314,272.9005263898812,46,6.704195700000128,0.2498223999996298,True,True,2,05_runtime_budget_baselines/raw_runs.csv
Runtime budget baseline,Chao,GRASP,p7.3.n,1,2500,6.954018099999757,6.704018099999757,30782,760.0,820.0,7.317073170731708,270.93424894246266,44,6.704222799999116,0.2497953000006418,True,True,2,05_runtime_budget_baselines/raw_runs.csv
Runtime budget baseline,Chao,GRASP,p7.3.n,2,2500,6.954018099999757,6.704018099999757,30663,765.0,820.0,6.7073170731707314,273.233549307807,45,6.704202299999452,0.2498158000003059,True,True,2,05_runtime_budget_baselines/raw_runs.csv
Runtime budget baseline,Chao,GRASP,p7.3.n,3,2500,6.954018099999757,6.704018099999757,30679,766.0,820.0,6.585365853658536,274.2237341545209,45,6.704237900001317,0.2497801999984403,True,True,2,05_runtime_budget_baselines/raw_runs.csv
Runtime budget baseline,Chao,GRASP,p7.3.o,0,2500,7.014665999999579,6.764665999999579,29773,806.0,874.0,7.780320366132723,290.29023691313887,47,6.765014199998404,0.2496518000011747,True,True,2,05_runtime_budget_baselines/raw_runs.csv
Runtime budget baseline,Chao,GRASP,p7.3.o,1,2500,7.014665999999579,6.764665999999579,29676,830.0,874.0,5.034324942791762,290.83297081337474,49,6.76514970000062,0.2495162999989588,True,True,2,05_runtime_budget_baselines/raw_runs.csv
Runtime budget baseline,Chao,GRASP,p7.3.o,2,2500,7.014665999999579,6.764665999999579,29784,799.0,874.0,8.581235697940503,288.14167006279547,47,6.764942999998311,0.2497230000012678,True,True,2,05_runtime_budget_baselines/raw_runs.csv
Runtime budget baseline,Chao,GRASP,p7.3.o,3,2500,7.014665999999579,6.764665999999579,29684,812.0,874.0,7.093821510297483,291.4732341353134,48,6.764929799999663,0.2497361999999157,True,True,2,05_runtime_budget_baselines/raw_runs.csv
Runtime budget baseline,Chao,GRASP,p7.3.p,0,2500,7.389539050000167,7.139539050000167,29787,858.0,929.0,7.642626480086114,311.45325215095,52,7.139808399999311,0.2497306500008562,True,True,2,05_runtime_budget_baselines/raw_runs.csv
Runtime budget baseline,Chao,GRASP,p7.3.p,1,2500,7.389539050000167,7.139539050000167,29856,861.0,929.0,7.3196986006458555,316.76351281810133,54,7.139826099999482,0.2497129500006849,True,True,2,05_runtime_budget_baselines/raw_runs.csv
Runtime budget baseline,Chao,GRASP,p7.3.p,2,2500,7.389539050000167,7.139539050000167,29861,856.0,929.0,7.857911733046286,318.6089005518052,50,7.139761399997951,0.2497776500022155,True,True,2,05_runtime_budget_baselines/raw_runs.csv
Runtime budget baseline,Chao,GRASP,p7.3.p,3,2500,7.389539050000167,7.139539050000167,29840,860.0,929.0,7.427341227125942,314.4269221184169,51,7.139731499999471,0.2498075500006962,True,True,2,05_runtime_budget_baselines/raw_runs.csv
Runtime budget baseline,Chao,GRASP,p7.3.q,0,2500,7.743643349999729,7.493643349999729,30113,910.0,987.0,7.801418439716312,327.2188601457558,54,7.4940023999988625,0.2496409500008667,True,True,2,05_runtime_budget_baselines/raw_runs.csv
Runtime budget baseline,Chao,GRASP,p7.3.q,1,2500,7.743643349999729,7.493643349999729,29982,894.0,987.0,9.422492401215806,323.47413325608795,51,7.493964700002834,0.2496786499968948,True,True,2,05_runtime_budget_baselines/raw_runs.csv
Runtime budget baseline,Chao,GRASP,p7.3.q,2,2500,7.743643349999729,7.493643349999729,30247,897.0,987.0,9.118541033434651,335.5274089882761,53,7.49380409999867,0.2498392500010595,True,True,2,05_runtime_budget_baselines/raw_runs.csv
Runtime budget baseline,Chao,GRASP,p7.3.q,3,2500,7.743643349999729,7.493643349999729,30258,901.0,987.0,8.713272543059777,333.95724269136224,53,7.493887199998426,0.2497561500013034,True,True,2,05_runtime_budget_baselines/raw_runs.csv
Runtime budget baseline,Chao,GRASP,p7.3.r,0,2500,8.269940325000334,8.019940325000334,31222,967.0,1026.0,5.750487329434698,353.13071164131134,57,8.020317800001067,0.2496225249992676,True,True,2,05_runtime_budget_baselines/raw_runs.csv
Runtime budget baseline,Chao,GRASP,p7.3.r,1,2500,8.269940325000334,8.019940325000334,31179,951.0,1026.0,7.309941520467836,353.1758453878457,56,8.020121800000197,0.249818525000137,True,True,2,05_runtime_budget_baselines/raw_runs.csv
Runtime budget baseline,Chao,GRASP,p7.3.r,2,2500,8.269940325000334,8.019940325000334,31238,944.0,1026.0,7.992202729044834,353.50250683170754,55,8.020530900001177,0.2494094249991576,True,True,2,05_runtime_budget_baselines/raw_runs.csv
Runtime budget baseline,Chao,GRASP,p7.3.r,3,2500,8.269940325000334,8.019940325000334,31171,949.0,1026.0,7.504873294346979,355.68497668470513,55,8.020167300001049,0.2497730249992855,True,True,2,05_runtime_budget_baselines/raw_runs.csv
Runtime budget baseline,Chao,GRASP,p7.3.s,0,2500,8.896971825000492,8.646971825000492,32162,1003.0,1081.0,7.215541165587419,373.2564906967781,55,8.64729190000071,0.2496799249997821,True,True,2,05_runtime_budget_baselines/raw_runs.csv
Runtime budget baseline,Chao,GRASP,p7.3.s,1,2500,8.896971825000492,8.646971825000492,32323,995.0,1081.0,7.955596669750231,378.2278536413145,58,8.647303199999442,0.2496686250010498,True,True,2,05_runtime_budget_baselines/raw_runs.csv
Runtime budget baseline,Chao,GRASP,p7.3.s,2,2500,8.896971825000492,8.646971825000492,32201,1018.0,1081.0,5.827937095282146,376.2720847872702,59,8.647358999998687,0.2496128250018046,True,True,2,05_runtime_budget_baselines/raw_runs.csv
Runtime budget baseline,Chao,GRASP,p7.3.s,3,2500,8.896971825000492,8.646971825000492,32288,1011.0,1081.0,6.475485661424607,373.5859342477,59,8.647267100001045,0.2497047249994466,True,True,2,05_runtime_budget_baselines/raw_runs.csv
Runtime budget baseline,Chao,GRASP,p7.3.t,0,2500,9.199892474999617,8.949892474999615,31897,1035.0,1120.0,7.589285714285714,396.3780870434566,61,8.950348899998062,0.2495435750015531,True,True,2,05_runtime_budget_baselines/raw_runs.csv
Runtime budget baseline,Chao,GRASP,p7.3.t,1,2500,9.199892474999617,8.949892474999615,32027,1041.0,1120.0,7.053571428571429,385.54031347285616,60,8.950085699998453,0.2498067750011614,True,True,2,05_runtime_budget_baselines/raw_runs.csv
Runtime budget baseline,Chao,GRASP,p7.3.t,2,2500,9.199892474999617,8.949892474999615,31912,1048.0,1120.0,6.428571428571429,393.79615813715503,61,8.950239500001771,0.2496529749978435,True,True,2,05_runtime_budget_baselines/raw_runs.csv
Runtime budget baseline,Chao,GRASP,p7.3.t,3,2500,9.199892474999617,8.949892474999615,31947,1045.0,1120.0,6.696428571428571,392.3015819510003,62,8.950207000001683,0.249685474997932,True,True,2,05_runtime_budget_baselines/raw_runs.csv
Runtime budget baseline,Chao,GRASP,p7.4.g,0,2500,2.230402299999241,1.9804022999992408,14144,217.0,217.0,0.0,131.83781040222212,14,1.980561399999715,0.2498408999995263,True,True,2,05_runtime_budget_baselines/raw_runs.csv
Runtime budget baseline,Chao,GRASP,p7.4.g,1,2500,2.230402299999241,1.9804022999992408,13996,217.0,217.0,0.0,131.83781040222212,14,1.980731899999228,0.2496704000000136,True,True,2,05_runtime_budget_baselines/raw_runs.csv
Runtime budget baseline,Chao,GRASP,p7.4.g,2,2500,2.230402299999241,1.9804022999992408,14007,217.0,217.0,0.0,131.83781040222212,14,1.9808105999982215,0.2495917000010195,True,True,2,05_runtime_budget_baselines/raw_runs.csv
Runtime budget baseline,Chao,GRASP,p7.4.g,3,2500,2.230402299999241,1.9804022999992408,14146,217.0,217.0,0.0,131.83781040222212,14,1.98054879999836,0.2498535000008814,True,True,2,05_runtime_budget_baselines/raw_runs.csv
Runtime budget baseline,Chao,GRASP,p7.4.h,0,2500,2.711994350000168,2.461994350000168,16533,283.0,285.0,0.7017543859649122,151.88977041672777,16,2.4622983999979624,0.2496959500022058,True,True,2,05_runtime_budget_baselines/raw_runs.csv
Runtime budget baseline,Chao,GRASP,p7.4.h,1,2500,2.711994350000168,2.461994350000168,16541,285.0,285.0,0.0,152.97054868272767,17,2.4624563999968814,0.2495379500032868,True,True,2,05_runtime_budget_baselines/raw_runs.csv
Runtime budget baseline,Chao,GRASP,p7.4.h,2,2500,2.711994350000168,2.461994350000168,16607,283.0,285.0,0.7017543859649122,156.25027409944562,16,2.462142100001074,0.249852249999094,True,True,2,05_runtime_budget_baselines/raw_runs.csv
Runtime budget baseline,Chao,GRASP,p7.4.h,3,2500,2.711994350000168,2.461994350000168,16633,283.0,285.0,0.7017543859649122,153.36318988284708,17,2.4621404000026814,0.2498539499974867,True,True,2,05_runtime_budget_baselines/raw_runs.csv
Runtime budget baseline,Chao,GRASP,p7.4.i,0,2500,3.1855116500000804,2.9355116500000804,18280,354.0,366.0,3.278688524590164,175.94192473033843,20,2.9357522999998764,0.249759350000204,True,True,2,05_runtime_budget_baselines/raw_runs.csv
Runtime budget baseline,Chao,GRASP,p7.4.i,1,2500,3.1855116500000804,2.9355116500000804,18212,363.0,366.0,0.819672131147541,177.58186423772875,22,2.936133799998061,0.2493778500020198,True,True,2,05_runtime_budget_baselines/raw_runs.csv
Runtime budget baseline,Chao,GRASP,p7.4.i,2,2500,3.1855116500000804,2.9355116500000804,18409,354.0,366.0,3.278688524590164,175.94192473033843,20,2.935671800001728,0.2498398499983523,True,True,2,05_runtime_budget_baselines/raw_runs.csv
Runtime budget baseline,Chao,GRASP,p7.4.i,3,2500,3.1855116500000804,2.9355116500000804,18533,354.0,366.0,3.278688524590164,175.94192473033843,20,2.9356717000009667,0.2498399499991137,True,True,2,05_runtime_budget_baselines/raw_runs.csv
Runtime budget baseline,Chao,GRASP,p7.4.k,0,2500,4.843515449999359,4.593515449999359,25268,501.0,520.0,3.6538461538461537,213.359285412114,31,4.593686199998047,0.2498292500013121,True,True,2,05_runtime_budget_baselines/raw_runs.csv
Runtime budget baseline,Chao,GRASP,p7.4.k,1,2500,4.843515449999359,4.593515449999359,25197,510.0,520.0,1.9230769230769231,212.2254593791488,30,4.593757400001778,0.2497580499975811,True,True,2,05_runtime_budget_baselines/raw_runs.csv
Runtime budget baseline,Chao,GRASP,p7.4.k,2,2500,4.843515449999359,4.593515449999359,25381,505.0,520.0,2.8846153846153846,216.42840486223184,28,4.593758399998478,0.2497570500008805,True,True,2,05_runtime_budget_baselines/raw_runs.csv
Runtime budget baseline,Chao,GRASP,p7.4.k,3,2500,4.843515449999359,4.593515449999359,25297,502.0,520.0,3.4615384615384617,213.3308386351403,30,4.593673900002614,0.249841549996745,True,True,2,05_runtime_budget_baselines/raw_runs.csv
Runtime budget baseline,Chao,GRASP,p7.4.l,0,2500,5.106824675000098,4.856824675000098,25168,563.0,590.0,4.576271186440678,234.5814634927852,34,4.857098599997698,0.2497260750023997,True,True,2,05_runtime_budget_baselines/raw_runs.csv
Runtime budget baseline,Chao,GRASP,p7.4.l,1,2500,5.106824675000098,4.856824675000098,25114,568.0,590.0,3.7288135593220337,236.3608969909536,35,4.856952800000727,0.2498718749993713,True,True,2,05_runtime_budget_baselines/raw_runs.csv
Runtime budget baseline,Chao,GRASP,p7.4.l,2,2500,5.106824675000098,4.856824675000098,24954,561.0,590.0,4.915254237288136,230.6200859916676,33,4.856950900000811,0.2498737749992869,True,True,2,05_runtime_budget_baselines/raw_runs.csv
Runtime budget baseline,Chao,GRASP,p7.4.l,3,2500,5.106824675000098,4.856824675000098,24942,567.0,590.0,3.8983050847457625,236.5174397757514,34,4.856986000002507,0.2498386749975907,True,True,2,05_runtime_budget_baselines/raw_runs.csv
Runtime budget baseline,Chao,GRASP,p7.4.m,0,2500,5.672325449999789,5.422325449999789,26866,629.0,646.0,2.6315789473684212,255.7806486727912,37,5.422485899998719,0.2498395500010701,True,True,2,05_runtime_budget_baselines/raw_runs.csv
Runtime budget baseline,Chao,GRASP,p7.4.m,1,2500,5.672325449999789,5.422325449999789,26912,632.0,646.0,2.1671826625387,259.33035841494063,37,5.422662299999502,0.2496631500002877,True,True,2,05_runtime_budget_baselines/raw_runs.csv
Runtime budget baseline,Chao,GRASP,p7.4.m,2,2500,5.672325449999789,5.422325449999789,27055,616.0,646.0,4.643962848297214,259.02173548200096,40,5.422612599999411,0.2497128500003782,True,True,2,05_runtime_budget_baselines/raw_runs.csv
Runtime budget baseline,Chao,GRASP,p7.4.m,3,2500,5.672325449999789,5.422325449999789,27064,619.0,646.0,4.179566563467493,251.0710024475268,38,5.422606899999664,0.2497185500001251,True,True,2,05_runtime_budget_baselines/raw_runs.csv
Runtime budget baseline,Chao,GRASP,p7.4.n,0,2500,6.741882575000091,6.491882575000091,30780,677.0,730.0,7.260273972602739,274.17157397134497,43,6.4925217000018165,0.249360874998274,True,True,2,05_runtime_budget_baselines/raw_runs.csv
Runtime budget baseline,Chao,GRASP,p7.4.n,1,2500,6.741882575000091,6.491882575000091,30809,666.0,730.0,8.767123287671232,274.85872553584375,40,6.492151099999319,0.2497314750007717,True,True,2,05_runtime_budget_baselines/raw_runs.csv
Runtime budget baseline,Chao,GRASP,p7.4.n,2,2500,6.741882575000091,6.491882575000091,30557,674.0,730.0,7.671232876712328,276.29821412772174,38,6.492184599999746,0.2496979750003447,True,True,2,05_runtime_budget_baselines/raw_runs.csv
Runtime budget baseline,Chao,GRASP,p7.4.n,3,2500,6.741882575000091,6.491882575000091,30641,665.0,730.0,8.904109589041095,274.4139495121843,39,6.492030400000658,0.2498521749994324,True,True,2,05_runtime_budget_baselines/raw_runs.csv
Runtime budget baseline,Chao,GRASP,p7.4.o,0,2500,6.809454424999785,6.559454424999785,29714,728.0,781.0,6.786171574903969,292.1789506448465,42,6.5597084000000905,0.2497460249996947,True,True,2,05_runtime_budget_baselines/raw_runs.csv
Runtime budget baseline,Chao,GRASP,p7.4.o,1,2500,6.809454424999785,6.559454424999785,29532,726.0,781.0,7.042253521126761,290.6760658233657,42,6.5596359000010125,0.2498185249987727,True,True,2,05_runtime_budget_baselines/raw_runs.csv
Runtime budget baseline,Chao,GRASP,p7.4.o,2,2500,6.809454424999785,6.559454424999785,29457,738.0,781.0,5.505761843790013,291.5762760258303,43,6.5597271000006,0.2497273249991849,True,True,2,05_runtime_budget_baselines/raw_runs.csv
Runtime budget baseline,Chao,GRASP,p7.4.o,3,2500,6.809454424999785,6.559454424999785,29504,721.0,781.0,7.682458386683739,297.08629460727184,45,6.5597809000028064,0.2496735249969788,True,True,2,05_runtime_budget_baselines/raw_runs.csv
Runtime budget baseline,Chao,GRASP,p7.4.p,0,2500,7.157711650000692,6.907711650000692,29735,795.0,846.0,6.028368794326241,314.8820853283908,50,6.908548799998243,0.2491628500024489,True,True,2,05_runtime_budget_baselines/raw_runs.csv
Runtime budget baseline,Chao,GRASP,p7.4.p,1,2500,7.157711650000692,6.907711650000692,29590,780.0,846.0,7.801418439716312,317.5382487090119,50,6.908519599997817,0.2491920500028754,True,True,2,05_runtime_budget_baselines/raw_runs.csv
Runtime budget baseline,Chao,GRASP,p7.4.p,2,2500,7.157711650000692,6.907711650000692,29686,800.0,846.0,5.4373522458628845,315.8318090031988,48,6.908013399999618,0.2496982500010744,True,True,2,05_runtime_budget_baselines/raw_runs.csv
Runtime budget baseline,Chao,GRASP,p7.4.p,3,2500,7.157711650000692,6.907711650000692,29646,780.0,846.0,7.801418439716312,313.95548490608326,47,6.907939300002909,0.2497723499977837,True,True,2,05_runtime_budget_baselines/raw_runs.csv
Runtime budget baseline,Chao,GRASP,p7.4.q,0,2500,7.599131425000451,7.349131425000451,30531,840.0,909.0,7.590759075907591,332.7005748300841,48,7.349391800002195,0.2497396249982557,True,True,2,05_runtime_budget_baselines/raw_runs.csv
Runtime budget baseline,Chao,GRASP,p7.4.q,1,2500,7.599131425000451,7.349131425000451,30576,864.0,909.0,4.9504950495049505,333.6062531071591,51,7.349393399999826,0.2497380250006244,True,True,2,05_runtime_budget_baselines/raw_runs.csv
Runtime budget baseline,Chao,GRASP,p7.4.q,2,2500,7.599131425000451,7.349131425000451,30400,845.0,909.0,7.040704070407041,333.3277022863505,49,7.349415399999998,0.2497160250004526,True,True,2,05_runtime_budget_baselines/raw_runs.csv
Runtime budget baseline,Chao,GRASP,p7.4.q,3,2500,7.599131425000451,7.349131425000451,30443,854.0,909.0,6.050605060506051,330.1486697722381,51,7.349373600001854,0.2497578249985963,True,True,2,05_runtime_budget_baselines/raw_runs.csv
Runtime budget baseline,Chao,GRASP,p7.4.r,0,2500,7.4638690249998945,7.2138690249998945,28796,916.0,970.0,5.56701030927835,353.1255374256206,53,7.214190399998188,0.2496786250017066,True,True,2,05_runtime_budget_baselines/raw_runs.csv
Runtime budget baseline,Chao,GRASP,p7.4.r,1,2500,7.4638690249998945,7.2138690249998945,28762,918.0,970.0,5.360824742268041,358.494824759145,55,7.214260599997942,0.2496084250019521,True,True,2,05_runtime_budget_baselines/raw_runs.csv
Runtime budget baseline,Chao,GRASP,p7.4.r,2,2500,7.4638690249998945,7.2138690249998945,28653,903.0,970.0,6.907216494845361,351.7397692900143,54,7.214048400001047,0.249820624998847,True,True,2,05_runtime_budget_baselines/raw_runs.csv
Runtime budget baseline,Chao,GRASP,p7.4.r,3,2500,7.4638690249998945,7.2138690249998945,28643,902.0,970.0,7.010309278350515,356.86193829064706,53,7.214202700000897,0.2496663249989978,True,True,2,05_runtime_budget_baselines/raw_runs.csv
Runtime budget baseline,Chao,GRASP,p7.4.s,0,2500,7.606512374999056,7.356512374999056,28393,948.0,1022.0,7.240704500978474,365.7111354417551,55,7.356871899999533,0.2496404749995235,True,True,2,05_runtime_budget_baselines/raw_runs.csv
Runtime budget baseline,Chao,GRASP,p7.4.s,1,2500,7.606512374999056,7.356512374999056,28473,955.0,1022.0,6.555772994129159,369.84086563343976,53,7.356781299997237,0.2497310750018186,True,True,2,05_runtime_budget_baselines/raw_runs.csv
Runtime budget baseline,Chao,GRASP,p7.4.s,2,2500,7.606512374999056,7.356512374999056,28258,935.0,1022.0,8.512720156555773,371.9979880468584,55,7.35688449999725,0.2496278750018064,True,True,2,05_runtime_budget_baselines/raw_runs.csv
Runtime budget baseline,Chao,GRASP,p7.4.s,3,2500,7.606512374999056,7.356512374999056,28193,939.0,1022.0,8.12133072407045,374.26644762576734,55,7.356712699998752,0.2497996750003039,True,True,2,05_runtime_budget_baselines/raw_runs.csv
Runtime budget baseline,Chao,GRASP,p7.4.t,0,2500,7.737363849999383,7.487363849999383,28062,990.0,1077.0,8.07799442896936,393.0334717846784,59,7.487804399999732,0.2495594499996514,True,True,2,05_runtime_budget_baselines/raw_runs.csv
Runtime budget baseline,Chao,GRASP,p7.4.t,1,2500,7.737363849999383,7.487363849999383,28008,968.0,1077.0,10.120705663881152,390.62638692170094,58,7.487506599998596,0.2498572500007867,True,True,2,05_runtime_budget_baselines/raw_runs.csv
Runtime budget baseline,Chao,GRASP,p7.4.t,2,2500,7.737363849999383,7.487363849999383,28245,982.0,1077.0,8.820798514391829,391.38177251669305,59,7.487623100001656,0.2497407499977271,True,True,2,05_runtime_budget_baselines/raw_runs.csv
Runtime budget baseline,Chao,GRASP,p7.4.t,3,2500,7.737363849999383,7.487363849999383,28030,999.0,1077.0,7.242339832869081,393.5697804029846,58,7.487537700002576,0.2498261499968066,True,True,2,05_runtime_budget_baselines/raw_runs.csv
Runtime budget baseline,Chao,ILS,p4.2.a,0,2500,2.09690492499999,1.8469049249999896,22164,162.0,206.0,21.359223300970875,48.366228979073625,11,1.8449830999998085,0.2519218250001813,True,True,2,05_runtime_budget_baselines/raw_runs.csv
Runtime budget baseline,Chao,ILS,p4.2.a,1,2500,2.09690492499999,1.8469049249999896,21915,162.0,206.0,21.359223300970875,48.366228979073625,11,1.8449976000010797,0.2519073249989105,True,True,2,05_runtime_budget_baselines/raw_runs.csv
Runtime budget baseline,Chao,ILS,p4.2.a,2,2500,2.09690492499999,1.8469049249999896,21962,162.0,206.0,21.359223300970875,48.366228979073625,11,1.8449727000006533,0.2519322249993365,True,True,2,05_runtime_budget_baselines/raw_runs.csv
Runtime budget baseline,Chao,ILS,p4.2.a,3,2500,2.09690492499999,1.8469049249999896,22062,162.0,206.0,21.359223300970875,48.366228979073625,11,1.844974399999046,0.2519305250009438,True,True,2,05_runtime_budget_baselines/raw_runs.csv
Runtime budget baseline,Chao,ILS,p4.2.b,0,2500,3.48707622500001,3.23707622500001,24827,278.0,341.0,18.475073313782993,58.765067773374696,17,3.234965399999055,0.2521108250009547,True,True,2,05_runtime_budget_baselines/raw_runs.csv
Runtime budget baseline,Chao,ILS,p4.2.b,1,2500,3.48707622500001,3.23707622500001,24901,278.0,341.0,18.475073313782993,58.765067773374696,17,3.2351748000000957,0.2519014249999145,True,True,2,05_runtime_budget_baselines/raw_runs.csv
Runtime budget baseline,Chao,ILS,p4.2.b,2,2500,3.48707622500001,3.23707622500001,25024,278.0,341.0,18.475073313782993,58.765067773374696,17,3.235274100003153,0.2518021249968569,True,True,2,05_runtime_budget_baselines/raw_runs.csv
Runtime budget baseline,Chao,ILS,p4.2.b,3,2500,3.48707622500001,3.23707622500001,24958,278.0,341.0,18.475073313782993,58.765067773374696,17,3.2312114000014844,0.2558648249985253,True,True,2,05_runtime_budget_baselines/raw_runs.csv
Runtime budget baseline,Chao,ILS,p4.2.c,0,2500,4.77421177500014,4.52421177500014,19836,354.0,452.0,21.68141592920354,64.96484248820659,22,4.517966100000194,0.2562456749999455,True,True,2,05_runtime_budget_baselines/raw_runs.csv
Runtime budget baseline,Chao,ILS,p4.2.c,1,2500,4.77421177500014,4.52421177500014,19886,354.0,452.0,21.68141592920354,64.96484248820659,22,4.522377799999958,0.2518339750001814,True,True,2,05_runtime_budget_baselines/raw_runs.csv
Runtime budget baseline,Chao,ILS,p4.2.c,2,2500,4.77421177500014,4.52421177500014,19825,354.0,452.0,21.68141592920354,64.96484248820659,22,4.5223742999987735,0.2518374750013663,True,True,2,05_runtime_budget_baselines/raw_runs.csv
Runtime budget baseline,Chao,ILS,p4.2.c,3,2500,4.77421177500014,4.52421177500014,19928,354.0,452.0,21.68141592920354,64.96484248820659,22,4.522343300002831,0.251868474997309,True,True,2,05_runtime_budget_baselines/raw_runs.csv
Runtime budget baseline,Chao,ILS,p4.2.d,0,2500,6.292604850000089,6.042604850000089,14839,442.0,531.0,16.760828625235405,76.19437140897914,31,6.040629399998579,0.2519754500015096,True,True,2,05_runtime_budget_baselines/raw_runs.csv
Runtime budget baseline,Chao,ILS,p4.2.d,1,2500,6.292604850000089,6.042604850000089,14854,442.0,531.0,16.760828625235405,76.19437140897914,31,6.038632100000541,0.2539727499995479,True,True,2,05_runtime_budget_baselines/raw_runs.csv
Runtime budget baseline,Chao,ILS,p4.2.d,2,2500,6.292604850000089,6.042604850000089,14788,442.0,531.0,16.760828625235405,76.19437140897914,31,6.040856300001906,0.2517485499981831,True,True,2,05_runtime_budget_baselines/raw_runs.csv
Runtime budget baseline,Chao,ILS,p4.2.d,3,2500,6.292604850000089,6.042604850000089,14912,442.0,531.0,16.760828625235405,76.19437140897914,31,6.040897999999288,0.2517068500008008,True,True,2,05_runtime_budget_baselines/raw_runs.csv
Runtime budget baseline,Chao,ILS,p4.2.e,0,2500,7.438603824999973,7.188603824999973,15592,485.0,618.0,21.521035598705502,86.45110828351028,35,7.18316010000126,0.2554437249987131,True,True,2,05_runtime_budget_baselines/raw_runs.csv
Runtime budget baseline,Chao,ILS,p4.2.e,1,2500,7.438603824999973,7.188603824999973,15559,485.0,618.0,21.521035598705502,86.45110828351028,35,7.182586899998569,0.2560169250014041,True,True,2,05_runtime_budget_baselines/raw_runs.csv
Runtime budget baseline,Chao,ILS,p4.2.e,2,2500,7.438603824999973,7.188603824999973,15607,485.0,618.0,21.521035598705502,86.45110828351028,35,7.1840333999971335,0.2545704250028393,True,True,2,05_runtime_budget_baselines/raw_runs.csv
Runtime budget baseline,Chao,ILS,p4.2.e,3,2500,7.438603824999973,7.188603824999973,15587,485.0,618.0,21.521035598705502,86.45110828351028,35,7.183174800000415,0.2554290249995574,True,True,2,05_runtime_budget_baselines/raw_runs.csv
Runtime budget baseline,Chao,ILS,p4.2.f,0,2500,8.789560700000038,8.539560700000038,17005,553.0,687.0,19.50509461426492,91.71254827782452,38,8.533104499998444,0.2564562000015939,True,True,2,05_runtime_budget_baselines/raw_runs.csv
Runtime budget baseline,Chao,ILS,p4.2.f,1,2500,8.789560700000038,8.539560700000038,17124,553.0,687.0,19.50509461426492,91.71254827782452,38,8.533685399997921,0.255875300002117,True,True,2,05_runtime_budget_baselines/raw_runs.csv
Runtime budget baseline,Chao,ILS,p4.2.f,2,2500,8.789560700000038,8.539560700000038,17075,553.0,687.0,19.50509461426492,91.71254827782452,38,8.534133099998144,0.2554276000018944,True,True,2,05_runtime_budget_baselines/raw_runs.csv
Runtime budget baseline,Chao,ILS,p4.2.f,3,2500,8.789560700000038,8.539560700000038,17194,553.0,687.0,19.50509461426492,91.71254827782452,38,8.537624200002028,0.2519364999980098,True,True,2,05_runtime_budget_baselines/raw_runs.csv
Runtime budget baseline,Chao,ILS,p4.2.g,0,2500,10.080847449999965,9.830847449999965,12944,635.0,757.0,16.116248348745046,106.4139431046815,44,9.819855000001551,0.2609924499984117,True,True,2,05_runtime_budget_baselines/raw_runs.csv
Runtime budget baseline,Chao,ILS,p4.2.g,1,2500,10.080847449999965,9.830847449999965,12976,645.0,757.0,14.795244385733158,107.58152274349804,44,9.819326799999544,0.2615206500004206,True,True,2,05_runtime_budget_baselines/raw_runs.csv
Runtime budget baseline,Chao,ILS,p4.2.g,2,2500,10.080847449999965,9.830847449999965,13041,645.0,757.0,14.795244385733158,107.43787190168196,44,9.828496099999027,0.2523513500009358,True,True,2,05_runtime_budget_baselines/raw_runs.csv
Runtime budget baseline,Chao,ILS,p4.2.g,3,2500,10.080847449999965,9.830847449999965,12776,646.0,757.0,14.663143989431969,108.3718597768578,45,9.828787700000248,0.2520597499997166,True,True,2,05_runtime_budget_baselines/raw_runs.csv
Runtime budget baseline,Chao,ILS,p4.2.h,0,2500,12.11024479999992,11.86024479999992,14707,670.0,835.0,19.760479041916167,113.83957894299832,47,11.85351769999761,0.2567271000023083,True,True,2,05_runtime_budget_baselines/raw_runs.csv
Runtime budget baseline,Chao,ILS,p4.2.h,1,2500,12.11024479999992,11.86024479999992,14696,670.0,835.0,19.760479041916167,113.83957894299832,47,11.85779470000125,0.2524500999986685,True,True,2,05_runtime_budget_baselines/raw_runs.csv
Runtime budget baseline,Chao,ILS,p4.2.h,2,2500,12.11024479999992,11.86024479999992,14692,670.0,835.0,19.760479041916167,113.83957894299832,47,11.858388299999206,0.2518565000007129,True,True,2,05_runtime_budget_baselines/raw_runs.csv
Runtime budget baseline,Chao,ILS,p4.2.h,3,2500,12.11024479999992,11.86024479999992,14729,670.0,835.0,19.760479041916167,113.83957894299832,47,11.856680400000188,0.2535643999997319,True,True,2,05_runtime_budget_baselines/raw_runs.csv
Runtime budget baseline,Chao,ILS,p4.2.i,0,2500,12.539814824999894,12.289814824999894,14158,698.0,918.0,23.965141612200437,120.4498046175828,50,12.28696139999738,0.2528534250025132,True,True,2,05_runtime_budget_baselines/raw_runs.csv
Runtime budget baseline,Chao,ILS,p4.2.i,1,2500,12.539814824999894,12.289814824999894,14203,698.0,918.0,23.965141612200437,120.4498046175828,50,12.28247609999744,0.2573387250024552,True,True,2,05_runtime_budget_baselines/raw_runs.csv
Runtime budget baseline,Chao,ILS,p4.2.i,2,2500,12.539814824999894,12.289814824999894,15107,720.0,918.0,21.568627450980394,127.07311523132364,48,12.283360900000844,0.2564539249990503,True,True,2,05_runtime_budget_baselines/raw_runs.csv
Runtime budget baseline,Chao,ILS,p4.2.i,3,2500,12.539814824999894,12.289814824999894,14164,698.0,918.0,23.965141612200437,120.4498046175828,50,12.282861600000617,0.256953224999279,True,True,2,05_runtime_budget_baselines/raw_runs.csv
Runtime budget baseline,Chao,ILS,p4.2.j,0,2500,11.574825825000062,11.324825825000062,9211,776.0,965.0,19.585492227979273,138.88909506306365,50,11.320939699999144,0.2538861250009177,True,True,2,05_runtime_budget_baselines/raw_runs.csv
Runtime budget baseline,Chao,ILS,p4.2.j,1,2500,11.574825825000062,11.324825825000062,10679,780.0,965.0,19.17098445595855,137.25290594710216,47,11.32180629999857,0.2530195250014913,True,True,2,05_runtime_budget_baselines/raw_runs.csv
Runtime budget baseline,Chao,ILS,p4.2.j,2,2500,11.574825825000062,11.324825825000062,11344,780.0,965.0,19.17098445595855,137.25290594710216,47,11.320425300000352,0.2544005249997099,True,True,2,05_runtime_budget_baselines/raw_runs.csv
Runtime budget baseline,Chao,ILS,p4.2.j,3,2500,11.574825825000062,11.324825825000062,9962,747.0,965.0,22.590673575129532,135.55406291145525,51,11.320601300001726,0.2542245249983352,True,True,2,05_runtime_budget_baselines/raw_runs.csv
Runtime budget baseline,Chao,ILS,p4.2.k,0,2500,12.205864174999988,11.955864174999988,13827,888.0,1022.0,13.111545988258317,149.06895496912108,50,11.949452400000157,0.2564117749998331,True,True,2,05_runtime_budget_baselines/raw_runs.csv
Runtime budget baseline,Chao,ILS,p4.2.k,1,2500,12.205864174999988,11.955864174999988,11266,899.0,1022.0,12.03522504892368,148.0965936446139,51,11.948463400000035,0.2574007749999509,True,True,2,05_runtime_budget_baselines/raw_runs.csv
Runtime budget baseline,Chao,ILS,p4.2.k,2,2500,12.205864174999988,11.955864174999988,10091,899.0,1022.0,12.03522504892368,148.88630303118953,54,11.953328099996725,0.2525360750032632,True,True,2,05_runtime_budget_baselines/raw_runs.csv
Runtime budget baseline,Chao,ILS,p4.2.k,3,2500,12.205864174999988,11.955864174999988,11851,903.0,1022.0,11.643835616438356,149.64817324674942,51,11.953213600001618,0.2526505749983698,True,True,2,05_runtime_budget_baselines/raw_runs.csv
Runtime budget baseline,Chao,ILS,p4.2.l,0,2500,12.181557350000048,11.931557350000048,9433,978.0,1074.0,8.938547486033519,156.8351694862082,57,11.92951979999998,0.2520375500000682,True,True,2,05_runtime_budget_baselines/raw_runs.csv
Runtime budget baseline,Chao,ILS,p4.2.l,1,2500,12.181557350000048,11.931557350000048,9462,978.0,1074.0,8.938547486033519,156.8351694862082,57,11.929094300001452,0.252463049998596,True,True,2,05_runtime_budget_baselines/raw_runs.csv
Runtime budget baseline,Chao,ILS,p4.2.l,2,2500,12.181557350000048,11.931557350000048,8984,973.0,1074.0,9.404096834264433,158.0858365026998,60,11.923168699999223,0.2583886500008248,True,True,2,05_runtime_budget_baselines/raw_runs.csv
Runtime budget baseline,Chao,ILS,p4.2.l,3,2500,12.181557350000048,11.931557350000048,9226,969.0,1074.0,9.776536312849162,156.27554876441332,58,11.92955350000193,0.2520038499981183,True,True,2,05_runtime_budget_baselines/raw_runs.csv
Runtime budget baseline,Chao,ILS,p4.2.m,0,2500,12.442858424999711,12.192858424999711,8039,1000.0,1132.0,11.66077738515901,166.39775100080055,61,12.188791700002184,0.2540667249975286,True,True,2,05_runtime_budget_baselines/raw_runs.csv
Runtime budget baseline,Chao,ILS,p4.2.m,1,2500,12.442858424999711,12.192858424999711,6861,1012.0,1132.0,10.60070671378092,166.46255525049028,64,12.190449599998828,0.2524088250008844,True,True,2,05_runtime_budget_baselines/raw_runs.csv
Runtime budget baseline,Chao,ILS,p4.2.m,2,2500,12.442858424999711,12.192858424999711,6862,1009.0,1132.0,10.865724381625443,166.74014445018992,64,12.189168499997322,0.2536899250023907,True,True,2,05_runtime_budget_baselines/raw_runs.csv
Runtime budget baseline,Chao,ILS,p4.2.m,3,2500,12.442858424999711,12.192858424999711,6959,1011.0,1132.0,10.68904593639576,165.30032844476548,63,12.188611800000215,0.2542466249994959,True,True,2,05_runtime_budget_baselines/raw_runs.csv
Runtime budget baseline,Chao,ILS,p4.2.n,0,2500,11.478437850000546,11.228437850000546,5859,1079.0,1174.0,8.09199318568995,174.43547033943582,69,11.22260710000046,0.2558307500000865,True,True,2,05_runtime_budget_baselines/raw_runs.csv
Runtime budget baseline,Chao,ILS,p4.2.n,1,2500,11.478437850000546,11.228437850000546,5975,1058.0,1174.0,9.880749574105621,174.0754962413942,67,11.2219213999997,0.256516450000845,True,True,2,05_runtime_budget_baselines/raw_runs.csv
Runtime budget baseline,Chao,ILS,p4.2.n,2,2500,11.478437850000546,11.228437850000546,5037,1110.0,1174.0,5.45144804088586,178.5915651847539,71,11.22570259999702,0.2527352500035249,True,True,2,05_runtime_budget_baselines/raw_runs.csv
Runtime budget baseline,Chao,ILS,p4.2.n,3,2500,11.478437850000546,11.228437850000546,5654,1099.0,1174.0,6.388415672913117,177.93845592331974,71,11.22247570000036,0.2559621500001867,True,True,2,05_runtime_budget_baselines/raw_runs.csv
Runtime budget baseline,Chao,ILS,p4.2.o,0,2500,12.127632750000204,11.877632750000204,5352,1124.0,1218.0,7.717569786535304,185.2435418020181,71,11.874670299999709,0.2529624500004956,True,True,2,05_runtime_budget_baselines/raw_runs.csv
Runtime budget baseline,Chao,ILS,p4.2.o,1,2500,12.127632750000204,11.877632750000204,4565,1139.0,1218.0,6.486042692939245,188.53368675750264,75,11.873068500000954,0.2545642499992482,True,True,2,05_runtime_budget_baselines/raw_runs.csv
Runtime budget baseline,Chao,ILS,p4.2.o,2,2500,12.127632750000204,11.877632750000204,4635,1143.0,1218.0,6.157635467980295,187.6268239047605,75,11.869167600001674,0.2584651499985284,True,True,2,05_runtime_budget_baselines/raw_runs.csv
Runtime budget baseline,Chao,ILS,p4.2.o,3,2500,12.127632750000204,11.877632750000204,4707,1142.0,1218.0,6.239737274220033,188.3905840579198,74,11.871193100003438,0.2564396499967643,True,True,2,05_runtime_budget_baselines/raw_runs.csv
Runtime budget baseline,Chao,ILS,p4.2.p,0,2500,10.97855225000012,10.72855225000012,3918,1180.0,1242.0,4.99194847020934,199.55881615896337,80,10.721282899998188,0.257269350001934,True,True,2,05_runtime_budget_baselines/raw_runs.csv
Runtime budget baseline,Chao,ILS,p4.2.p,1,2500,10.97855225000012,10.72855225000012,3961,1165.0,1242.0,6.199677938808374,192.88154240904467,78,10.724381700001686,0.2541705499984346,True,True,2,05_runtime_budget_baselines/raw_runs.csv
Runtime budget baseline,Chao,ILS,p4.2.p,2,2500,10.97855225000012,10.72855225000012,3923,1169.0,1242.0,5.877616747181965,199.1689480059925,78,10.721877800002405,0.2566744499977176,True,True,2,05_runtime_budget_baselines/raw_runs.csv
Runtime budget baseline,Chao,ILS,p4.2.p,3,2500,10.97855225000012,10.72855225000012,4092,1203.0,1242.0,3.140096618357488,199.53538016781775,77,10.72244209999917,0.2561101500009499,True,True,2,05_runtime_budget_baselines/raw_runs.csv
Runtime budget baseline,Chao,ILS,p4.2.q,0,2500,9.957844875000092,9.707844875000092,2815,1252.0,1268.0,1.2618296529968454,209.61434340777092,87,9.701381999999285,0.2564628750008069,True,True,2,05_runtime_budget_baselines/raw_runs.csv
Runtime budget baseline,Chao,ILS,p4.2.q,1,2500,9.957844875000092,9.707844875000092,2635,1212.0,1268.0,4.416403785488959,207.037080015693,89,9.699857799998426,0.2579870750016653,True,True,2,05_runtime_budget_baselines/raw_runs.csv
Runtime budget baseline,Chao,ILS,p4.2.q,2,2500,9.957844875000092,9.707844875000092,2817,1205.0,1268.0,4.968454258675079,206.4430367367397,83,9.70029699999941,0.2575478750006823,True,True,2,05_runtime_budget_baselines/raw_runs.csv
Runtime budget baseline,Chao,ILS,p4.2.q,3,2500,9.957844875000092,9.707844875000092,2651,1212.0,1268.0,4.416403785488959,207.037080015693,89,9.699615800000174,0.2582290749999174,True,True,2,05_runtime_budget_baselines/raw_runs.csv
Runtime budget baseline,Chao,ILS,p4.2.r,0,2500,9.02643665000005,8.77643665000005,2465,1279.0,1292.0,1.0061919504643964,219.25762173899568,91,8.76925510000001,0.2571815500000411,True,True,2,05_runtime_budget_baselines/raw_runs.csv
Runtime budget baseline,Chao,ILS,p4.2.r,1,2500,9.02643665000005,8.77643665000005,2482,1279.0,1292.0,1.0061919504643964,219.25762173899568,91,8.770826700001635,0.2556099499984157,True,True,2,05_runtime_budget_baselines/raw_runs.csv
Runtime budget baseline,Chao,ILS,p4.2.r,2,2500,9.02643665000005,8.77643665000005,2475,1279.0,1292.0,1.0061919504643964,219.25762173899568,91,8.771156300001167,0.255280349998884,True,True,2,05_runtime_budget_baselines/raw_runs.csv
Runtime budget baseline,Chao,ILS,p4.2.r,3,2500,9.02643665000005,8.77643665000005,2442,1271.0,1292.0,1.6253869969040247,219.10045104807145,92,8.77116439999736,0.2552722500026902,True,True,2,05_runtime_budget_baselines/raw_runs.csv
Runtime budget baseline,Chao,ILS,p4.2.s,0,2500,7.750026475000368,7.500026475000368,2056,1237.0,1304.0,5.138036809815951,228.67969505832912,92,7.495134100001451,0.2548923749989171,True,True,2,05_runtime_budget_baselines/raw_runs.csv
Runtime budget baseline,Chao,ILS,p4.2.s,1,2500,7.750026475000368,7.500026475000368,2110,1278.0,1304.0,1.9938650306748467,225.78833509610044,92,7.49517090000154,0.2548555749988281,True,True,2,05_runtime_budget_baselines/raw_runs.csv
Runtime budget baseline,Chao,ILS,p4.2.s,2,2500,7.750026475000368,7.500026475000368,2073,1268.0,1304.0,2.7607361963190185,229.80960678441255,91,7.493666700000176,0.2563597750001918,True,True,2,05_runtime_budget_baselines/raw_runs.csv
Runtime budget baseline,Chao,ILS,p4.2.s,3,2500,7.750026475000368,7.500026475000368,2151,1282.0,1304.0,1.687116564417178,229.86938085215476,91,7.49368030000187,0.2563461749984981,True,True,2,05_runtime_budget_baselines/raw_runs.csv
Runtime budget baseline,Chao,ILS,p4.2.t,0,2500,7.1081534000009015,6.8581534000009015,2413,1298.0,1306.0,0.6125574272588055,236.98019421467853,96,6.851326199997857,0.2568272000030447,True,True,2,05_runtime_budget_baselines/raw_runs.csv
Runtime budget baseline,Chao,ILS,p4.2.t,1,2500,7.1081534000009015,6.8581534000009015,2828,1303.0,1306.0,0.22970903522205208,239.0510034124905,97,6.848184200000105,0.2599692000007962,True,True,2,05_runtime_budget_baselines/raw_runs.csv
Runtime budget baseline,Chao,ILS,p4.2.t,2,2500,7.1081534000009015,6.8581534000009015,2305,1297.0,1306.0,0.6891271056661562,239.00667955383852,95,6.8523552999977255,0.2557981000031759,True,True,2,05_runtime_budget_baselines/raw_runs.csv
Runtime budget baseline,Chao,ILS,p4.2.t,3,2500,7.1081534000009015,6.8581534000009015,2355,1298.0,1306.0,0.6125574272588055,236.98019421467853,96,6.85228669999924,0.2558667000016612,True,True,2,05_runtime_budget_baselines/raw_runs.csv
Runtime budget baseline,Chao,ILS,p4.3.c,0,2500,2.0727383750004265,1.8227383750004265,15476,177.0,193.0,8.290155440414507,66.98566153547822,11,1.820925399999396,0.2518129750010303,True,True,2,05_runtime_budget_baselines/raw_runs.csv
Runtime budget baseline,Chao,ILS,p4.3.c,1,2500,2.0727383750004265,1.8227383750004265,15519,177.0,193.0,8.290155440414507,66.98566153547822,11,1.8208283999993,0.2519099750011264,True,True,2,05_runtime_budget_baselines/raw_runs.csv
Runtime budget baseline,Chao,ILS,p4.3.c,2,2500,2.0727383750004265,1.8227383750004265,15611,177.0,193.0,8.290155440414507,66.98566153547822,11,1.820921800001088,0.2518165749993386,True,True,2,05_runtime_budget_baselines/raw_runs.csv
Runtime budget baseline,Chao,ILS,p4.3.c,3,2500,2.0727383750004265,1.8227383750004265,15596,177.0,193.0,8.290155440414507,66.98566153547822,11,1.8209341000001589,0.2518042750002678,True,True,2,05_runtime_budget_baselines/raw_runs.csv
Runtime budget baseline,Chao,ILS,p4.3.d,0,2500,3.224414650000199,2.974414650000199,19903,270.0,335.0,19.402985074626866,75.49626880677617,18,2.9685382999996364,0.2558763500005625,True,True,2,05_runtime_budget_baselines/raw_runs.csv
Runtime budget baseline,Chao,ILS,p4.3.d,1,2500,3.224414650000199,2.974414650000199,19848,270.0,335.0,19.402985074626866,75.49626880677617,18,2.971549899997626,0.2528647500025727,True,True,2,05_runtime_budget_baselines/raw_runs.csv
Runtime budget baseline,Chao,ILS,p4.3.d,2,2500,3.224414650000199,2.974414650000199,20053,270.0,335.0,19.402985074626866,75.49626880677617,18,2.9725566000015533,0.2518580499986456,True,True,2,05_runtime_budget_baselines/raw_runs.csv
Runtime budget baseline,Chao,ILS,p4.3.d,3,2500,3.224414650000199,2.974414650000199,20006,270.0,335.0,19.402985074626866,75.49626880677617,18,2.972508200000448,0.2519064499997512,True,True,2,05_runtime_budget_baselines/raw_runs.csv
Runtime budget baseline,Chao,ILS,p4.3.e,0,2500,4.653492950000327,4.403492950000327,16863,369.0,468.0,21.153846153846153,85.88178224660962,25,4.401720999998361,0.2517719500019666,True,True,2,05_runtime_budget_baselines/raw_runs.csv
Runtime budget baseline,Chao,ILS,p4.3.e,1,2500,4.653492950000327,4.403492950000327,16826,369.0,468.0,21.153846153846153,85.88178224660962,25,4.401807000002009,0.2516859499983184,True,True,2,05_runtime_budget_baselines/raw_runs.csv
Runtime budget baseline,Chao,ILS,p4.3.e,2,2500,4.653492950000327,4.403492950000327,16891,369.0,468.0,21.153846153846153,85.88178224660962,25,4.40158010000232,0.251912849998007,True,True,2,05_runtime_budget_baselines/raw_runs.csv
Runtime budget baseline,Chao,ILS,p4.3.e,3,2500,4.653492950000327,4.403492950000327,16891,369.0,468.0,21.153846153846153,85.88178224660962,25,4.401819899998372,0.2516730500019548,True,True,2,05_runtime_budget_baselines/raw_runs.csv
Runtime budget baseline,Chao,ILS,p4.3.f,0,2500,5.310437875000844,5.060437875000844,17205,449.0,579.0,22.45250431778929,94.35248653962984,29,5.058518800000456,0.2519190750003872,True,True,2,05_runtime_budget_baselines/raw_runs.csv
Runtime budget baseline,Chao,ILS,p4.3.f,1,2500,5.310437875000844,5.060437875000844,17166,449.0,579.0,22.45250431778929,94.35248653962984,29,5.058668599998782,0.2517692750020615,True,True,2,05_runtime_budget_baselines/raw_runs.csv
Runtime budget baseline,Chao,ILS,p4.3.f,2,2500,5.310437875000844,5.060437875000844,17155,449.0,579.0,22.45250431778929,94.35248653962984,29,5.058798800000659,0.2516390750001847,True,True,2,05_runtime_budget_baselines/raw_runs.csv
Runtime budget baseline,Chao,ILS,p4.3.f,3,2500,5.310437875000844,5.060437875000844,17172,449.0,579.0,22.45250431778929,94.95237825357516,29,5.058716499999719,0.2517213750011251,True,True,2,05_runtime_budget_baselines/raw_runs.csv
Runtime budget baseline,Chao,ILS,p4.3.g,0,2500,6.209602974999143,5.959602974999143,11978,563.0,653.0,13.782542113323125,104.07835924389026,37,5.958187899999757,0.251415074999386,True,True,2,05_runtime_budget_baselines/raw_runs.csv
Runtime budget baseline,Chao,ILS,p4.3.g,1,2500,6.209602974999143,5.959602974999143,12030,554.0,653.0,15.160796324655436,102.18919725914462,37,5.95781359999819,0.2517893750009534,True,True,2,05_runtime_budget_baselines/raw_runs.csv
Runtime budget baseline,Chao,ILS,p4.3.g,2,2500,6.209602974999143,5.959602974999143,11833,564.0,653.0,13.629402756508423,102.2718107480115,37,5.9567731999995885,0.2528297749995545,True,True,2,05_runtime_budget_baselines/raw_runs.csv
Runtime budget baseline,Chao,ILS,p4.3.g,3,2500,6.209602974999143,5.959602974999143,11686,565.0,653.0,13.476263399693721,102.83029636937049,38,5.957962199998292,0.2516407750008511,True,True,2,05_runtime_budget_baselines/raw_runs.csv
Runtime budget baseline,Chao,ILS,p4.3.h,0,2500,7.29379172499921,7.04379172499921,9161,619.0,729.0,15.089163237311386,113.44826462637694,43,7.042489299998124,0.2513024250010858,True,True,2,05_runtime_budget_baselines/raw_runs.csv
Runtime budget baseline,Chao,ILS,p4.3.h,1,2500,7.29379172499921,7.04379172499921,8876,652.0,729.0,10.562414266117969,117.79387556887433,45,7.041682300001412,0.2521094249977977,True,True,2,05_runtime_budget_baselines/raw_runs.csv
Runtime budget baseline,Chao,ILS,p4.3.h,2,2500,7.29379172499921,7.04379172499921,9129,648.0,729.0,11.11111111111111,116.1139752025299,43,7.036865500002023,0.2569262249971871,True,True,2,05_runtime_budget_baselines/raw_runs.csv
Runtime budget baseline,Chao,ILS,p4.3.h,3,2500,7.29379172499921,7.04379172499921,9036,639.0,729.0,12.345679012345679,116.04864822563002,44,7.036449100000027,0.2573426249991826,True,True,2,05_runtime_budget_baselines/raw_runs.csv
Runtime budget baseline,Chao,ILS,p4.3.i,0,2500,8.776482175000183,8.526482175000183,10407,678.0,809.0,16.19283065512979,125.33486201374282,46,8.51967909999803,0.2568030750021535,True,True,2,05_runtime_budget_baselines/raw_runs.csv
Runtime budget baseline,Chao,ILS,p4.3.i,1,2500,8.776482175000183,8.526482175000183,10258,697.0,809.0,13.8442521631644,125.7389416354195,47,8.520020100000693,0.2564620749994901,True,True,2,05_runtime_budget_baselines/raw_runs.csv
Runtime budget baseline,Chao,ILS,p4.3.i,2,2500,8.776482175000183,8.526482175000183,10607,674.0,809.0,16.687268232385662,123.2162273711566,45,8.523510399998486,0.2529717750016971,True,True,2,05_runtime_budget_baselines/raw_runs.csv
Runtime budget baseline,Chao,ILS,p4.3.i,3,2500,8.776482175000183,8.526482175000183,10714,684.0,809.0,15.451174289245984,124.40618149635304,45,8.524433300000965,0.2520488749992182,True,True,2,05_runtime_budget_baselines/raw_runs.csv
Runtime budget baseline,Chao,ILS,p4.3.j,0,2500,9.85806404999994,9.60806404999994,8256,745.0,861.0,13.472706155632984,132.587222383801,52,9.60622069999954,0.2518433500003993,True,True,2,05_runtime_budget_baselines/raw_runs.csv
Runtime budget baseline,Chao,ILS,p4.3.j,1,2500,9.85806404999994,9.60806404999994,9305,734.0,861.0,14.750290360046458,131.96367368199924,51,9.605742399999144,0.2523216500007947,True,True,2,05_runtime_budget_baselines/raw_runs.csv
Runtime budget baseline,Chao,ILS,p4.3.j,2,2500,9.85806404999994,9.60806404999994,8236,726.0,861.0,15.679442508710801,133.25521189889005,52,9.606145499998092,0.2519185500018466,True,True,2,05_runtime_budget_baselines/raw_runs.csv
Runtime budget baseline,Chao,ILS,p4.3.j,3,2500,9.85806404999994,9.60806404999994,9461,722.0,861.0,16.144018583042975,134.9331896134826,51,9.606448399998044,0.2516156500018951,True,True,2,05_runtime_budget_baselines/raw_runs.csv
Runtime budget baseline,Chao,ILS,p4.3.k,0,2500,10.00703465000015,9.75703465000015,11001,759.0,919.0,17.410228509249183,131.48124340911366,50,9.755631800002448,0.251402849997703,True,True,2,05_runtime_budget_baselines/raw_runs.csv
Runtime budget baseline,Chao,ILS,p4.3.k,1,2500,10.00703465000015,9.75703465000015,11010,759.0,919.0,17.410228509249183,131.48124340911366,50,9.755980699999782,0.2510539500003688,True,True,2,05_runtime_budget_baselines/raw_runs.csv
Runtime budget baseline,Chao,ILS,p4.3.k,2,2500,10.00703465000015,9.75703465000015,10946,759.0,919.0,17.410228509249183,131.48124340911366,50,9.750853699999425,0.2561809500007257,True,True,2,05_runtime_budget_baselines/raw_runs.csv
Runtime budget baseline,Chao,ILS,p4.3.k,3,2500,10.00703465000015,9.75703465000015,10981,759.0,919.0,17.410228509249183,131.48124340911366,50,9.75038730000233,0.2566473499978201,True,True,2,05_runtime_budget_baselines/raw_runs.csv
Runtime budget baseline,Chao,ILS,p4.3.l,0,2500,9.492194874999312,9.242194874999312,7727,867.0,979.0,11.440245148110316,156.97153518363336,53,9.239577600001212,0.2526172749981015,True,True,2,05_runtime_budget_baselines/raw_runs.csv
Runtime budget baseline,Chao,ILS,p4.3.l,1,2500,9.492194874999312,9.242194874999312,7494,838.0,979.0,14.402451481103167,151.3432872134199,54,9.240106900000685,0.2520879749986306,True,True,2,05_runtime_budget_baselines/raw_runs.csv
Runtime budget baseline,Chao,ILS,p4.3.l,2,2500,9.492194874999312,9.242194874999312,7518,845.0,979.0,13.687436159346271,149.70641549209455,54,9.239914199999475,0.2522806749998381,True,True,2,05_runtime_budget_baselines/raw_runs.csv
Runtime budget baseline,Chao,ILS,p4.3.l,3,2500,9.492194874999312,9.242194874999312,7738,842.0,979.0,13.993871297242084,154.44419473322495,53,9.239662500000122,0.2525323749991912,True,True,2,05_runtime_budget_baselines/raw_runs.csv
Runtime budget baseline,Chao,ILS,p4.3.m,0,2500,9.458147900000313,9.208147900000313,6944,888.0,1063.0,16.462841015992474,163.8910365892596,59,9.206117599998834,0.2520303000014792,True,True,2,05_runtime_budget_baselines/raw_runs.csv
Runtime budget baseline,Chao,ILS,p4.3.m,1,2500,9.458147900000313,9.208147900000313,7087,853.0,1063.0,19.75540921919097,158.22882416331228,57,9.187440900001093,0.27070699999922,True,True,2,05_runtime_budget_baselines/raw_runs.csv
Runtime budget baseline,Chao,ILS,p4.3.m,2,2500,9.458147900000313,9.208147900000313,6932,874.0,1063.0,17.77986829727187,161.93161886808602,59,9.203052999997452,0.2550949000028595,True,True,2,05_runtime_budget_baselines/raw_runs.csv
Runtime budget baseline,Chao,ILS,p4.3.m,3,2500,9.458147900000313,9.208147900000313,7063,904.0,1063.0,14.957666980244591,162.93854850855897,58,9.20452160000059,0.2536262999997234,True,True,2,05_runtime_budget_baselines/raw_runs.csv
Runtime budget baseline,Chao,ILS,p4.3.n,0,2500,9.54739010000003,9.29739010000003,5067,997.0,1121.0,11.061552185548617,177.3607308461386,65,9.2910023000004,0.2563877999996293,True,True,2,05_runtime_budget_baselines/raw_runs.csv
Runtime budget baseline,Chao,ILS,p4.3.n,1,2500,9.54739010000003,9.29739010000003,4986,964.0,1121.0,14.00535236396075,170.52330842209187,66,9.29301999999734,0.2543701000026885,True,True,2,05_runtime_budget_baselines/raw_runs.csv
Runtime budget baseline,Chao,ILS,p4.3.n,2,2500,9.54739010000003,9.29739010000003,5053,961.0,1121.0,14.272970561998216,174.8704614789545,65,9.294722200000251,0.2526678999997784,True,True,2,05_runtime_budget_baselines/raw_runs.csv
Runtime budget baseline,Chao,ILS,p4.3.n,3,2500,9.54739010000003,9.29739010000003,5116,948.0,1121.0,15.43264942016057,169.29223580260873,64,9.292591899997204,0.2547982000028241,True,True,2,05_runtime_budget_baselines/raw_runs.csv
Runtime budget baseline,Chao,ILS,p4.3.o,0,2500,9.600253350000456,9.350253350000456,4952,1021.0,1172.0,12.8839590443686,185.12936502689064,67,9.346820300001127,0.2534330499993302,True,True,2,05_runtime_budget_baselines/raw_runs.csv
Runtime budget baseline,Chao,ILS,p4.3.o,1,2500,9.600253350000456,9.350253350000456,5061,1042.0,1172.0,11.092150170648464,187.64376379849605,66,9.34544829999868,0.254805050001778,True,True,2,05_runtime_budget_baselines/raw_runs.csv
Runtime budget baseline,Chao,ILS,p4.3.o,2,2500,9.600253350000456,9.350253350000456,5010,1025.0,1172.0,12.542662116040956,185.88731988505583,66,9.346473899997363,0.2537794500030941,True,True,2,05_runtime_budget_baselines/raw_runs.csv
Runtime budget baseline,Chao,ILS,p4.3.o,3,2500,9.600253350000456,9.350253350000456,4888,1044.0,1172.0,10.921501706484642,186.7882969014369,67,9.346290699999372,0.2539626500010854,True,True,2,05_runtime_budget_baselines/raw_runs.csv
Runtime budget baseline,Chao,ILS,p4.3.p,0,2500,9.074289999999564,8.824289999999564,3978,1105.0,1222.0,9.574468085106384,192.98549197263324,69,8.819253999998182,0.2550360000013825,True,True,2,05_runtime_budget_baselines/raw_runs.csv
Runtime budget baseline,Chao,ILS,p4.3.p,1,2500,9.074289999999564,8.824289999999564,3442,1118.0,1222.0,8.51063829787234,198.7789151136364,73,8.821606099998462,0.2526839000011023,True,True,2,05_runtime_budget_baselines/raw_runs.csv
Runtime budget baseline,Chao,ILS,p4.3.p,2,2500,9.074289999999564,8.824289999999564,3469,1088.0,1222.0,10.965630114566284,198.98929421498195,72,8.818947600000683,0.2553423999988808,True,True,2,05_runtime_budget_baselines/raw_runs.csv
Runtime budget baseline,Chao,ILS,p4.3.p,3,2500,9.074289999999564,8.824289999999564,3775,1103.0,1222.0,9.738134206219312,197.90467548519476,71,8.819244500002242,0.2550454999973226,True,True,2,05_runtime_budget_baselines/raw_runs.csv
Runtime budget baseline,Chao,ILS,p4.3.q,0,2500,9.11141975000055,8.86141975000055,3416,1135.0,1253.0,9.417398244213887,205.7095704513657,74,8.853124500001286,0.2582952499992643,True,True,2,05_runtime_budget_baselines/raw_runs.csv
Runtime budget baseline,Chao,ILS,p4.3.q,1,2500,9.11141975000055,8.86141975000055,3300,1118.0,1253.0,10.77414205905826,205.5509923389224,75,8.852270899998985,0.2591488500015657,True,True,2,05_runtime_budget_baselines/raw_runs.csv
Runtime budget baseline,Chao,ILS,p4.3.q,2,2500,9.11141975000055,8.86141975000055,3255,1124.0,1253.0,10.295291300877894,207.68294573874093,79,8.856262399996922,0.2551573500036284,True,True,2,05_runtime_budget_baselines/raw_runs.csv
Runtime budget baseline,Chao,ILS,p4.3.q,3,2500,9.11141975000055,8.86141975000055,3329,1129.0,1253.0,9.896249002394255,208.91897022936143,77,8.857886400001007,0.2535333499995431,True,True,2,05_runtime_budget_baselines/raw_runs.csv
Runtime budget baseline,Chao,ILS,p4.3.r,0,2500,7.666611625000314,7.416611625000314,2262,1189.0,1273.0,6.598586017282011,215.1465618714484,83,7.412300899999536,0.2543107250007779,True,True,2,05_runtime_budget_baselines/raw_runs.csv
Runtime budget baseline,Chao,ILS,p4.3.r,1,2500,7.666611625000314,7.416611625000314,2646,1159.0,1273.0,8.955223880597014,215.9142402940936,80,7.409685399998125,0.2569262250021893,True,True,2,05_runtime_budget_baselines/raw_runs.csv
Runtime budget baseline,Chao,ILS,p4.3.r,2,2500,7.666611625000314,7.416611625000314,2677,1171.0,1273.0,8.012568735271014,214.3342849251303,80,7.411370800000441,0.2552408249998734,True,True,2,05_runtime_budget_baselines/raw_runs.csv
Runtime budget baseline,Chao,ILS,p4.3.r,3,2500,7.666611625000314,7.416611625000314,2275,1161.0,1273.0,8.798114689709347,216.2793981941582,81,7.409785300002113,0.256826324998201,True,True,2,05_runtime_budget_baselines/raw_runs.csv
Runtime budget baseline,Chao,ILS,p4.3.s,0,2500,7.327271674999793,7.077271674999793,1960,1195.0,1295.0,7.722007722007722,224.50019046200148,86,7.067140200000722,0.2601314749990706,True,True,2,05_runtime_budget_baselines/raw_runs.csv
Runtime budget baseline,Chao,ILS,p4.3.s,1,2500,7.327271674999793,7.077271674999793,1978,1194.0,1295.0,7.7992277992278,223.7098534286417,85,7.06829789999756,0.2589737750022323,True,True,2,05_runtime_budget_baselines/raw_runs.csv
Runtime budget baseline,Chao,ILS,p4.3.s,2,2500,7.327271674999793,7.077271674999793,1949,1195.0,1295.0,7.722007722007722,225.836092238343,86,7.069496300002356,0.2577753749974363,True,True,2,05_runtime_budget_baselines/raw_runs.csv
Runtime budget baseline,Chao,ILS,p4.3.s,3,2500,7.327271674999793,7.077271674999793,1953,1196.0,1295.0,7.644787644787645,227.47682618410977,86,7.072041299998091,0.2552303750017017,True,True,2,05_runtime_budget_baselines/raw_runs.csv
Runtime budget baseline,Chao,ILS,p4.3.t,0,2500,6.438867599999412,6.188867599999412,1813,1277.0,1305.0,2.1455938697318007,238.97282231177653,93,6.183910700001434,0.2549568999979783,True,True,2,05_runtime_budget_baselines/raw_runs.csv
Runtime budget baseline,Chao,ILS,p4.3.t,1,2500,6.438867599999412,6.188867599999412,2178,1297.0,1305.0,0.6130268199233716,235.5527710793482,95,6.182638799997221,0.2562288000021908,True,True,2,05_runtime_budget_baselines/raw_runs.csv
Runtime budget baseline,Chao,ILS,p4.3.t,2,2500,6.438867599999412,6.188867599999412,1982,1286.0,1305.0,1.4559386973180077,238.1695000059668,93,6.183877100000245,0.2549904999991668,True,True,2,05_runtime_budget_baselines/raw_runs.csv
Runtime budget baseline,Chao,ILS,p4.3.t,3,2500,6.438867599999412,6.188867599999412,1864,1277.0,1305.0,2.1455938697318007,237.173612758826,93,6.184792100000777,0.2540754999986347,True,True,2,05_runtime_budget_baselines/raw_runs.csv
Runtime budget baseline,Chao,ILS,p4.4.e,0,2500,1.968330700000024,1.718330700000024,13163,172.0,183.0,6.0109289617486334,86.14511788549547,12,1.716523099999904,0.2518076000001201,True,True,2,05_runtime_budget_baselines/raw_runs.csv
Runtime budget baseline,Chao,ILS,p4.4.e,1,2500,1.968330700000024,1.718330700000024,13076,172.0,183.0,6.0109289617486334,86.14511788549547,12,1.7164437000028556,0.2518869999971684,True,True,2,05_runtime_budget_baselines/raw_runs.csv
Runtime budget baseline,Chao,ILS,p4.4.e,2,2500,1.968330700000024,1.718330700000024,13161,172.0,183.0,6.0109289617486334,86.14511788549547,12,1.716494899999816,0.2518358000002081,True,True,2,05_runtime_budget_baselines/raw_runs.csv
Runtime budget baseline,Chao,ILS,p4.4.e,3,2500,1.968330700000024,1.718330700000024,13140,172.0,183.0,6.0109289617486334,86.14511788549547,12,1.7164185000001453,0.2519121999998788,True,True,2,05_runtime_budget_baselines/raw_runs.csv
Runtime budget baseline,Chao,ILS,p4.4.f,0,2500,3.190492099999574,2.940492099999574,19291,278.0,324.0,14.197530864197532,95.98006811222884,17,2.938606099996832,0.2518860000027416,True,True,2,05_runtime_budget_baselines/raw_runs.csv
Runtime budget baseline,Chao,ILS,p4.4.f,1,2500,3.190492099999574,2.940492099999574,19322,278.0,324.0,14.197530864197532,95.98006811222884,17,2.938638799998444,0.2518533000011302,True,True,2,05_runtime_budget_baselines/raw_runs.csv
Runtime budget baseline,Chao,ILS,p4.4.f,2,2500,3.190492099999574,2.940492099999574,19264,278.0,324.0,14.197530864197532,95.98006811222884,17,2.93860759999734,0.2518845000022338,True,True,2,05_runtime_budget_baselines/raw_runs.csv
Runtime budget baseline,Chao,ILS,p4.4.f,3,2500,3.190492099999574,2.940492099999574,19386,278.0,324.0,14.197530864197532,95.98006811222884,17,2.93870059999972,0.2517914999998538,True,True,2,05_runtime_budget_baselines/raw_runs.csv
Runtime budget baseline,Chao,ILS,p4.4.g,0,2500,4.28755612499981,4.03755612499981,13971,382.0,461.0,17.136659436008678,104.30553152856749,26,4.031487699998252,0.2560684250015583,True,True,2,05_runtime_budget_baselines/raw_runs.csv
Runtime budget baseline,Chao,ILS,p4.4.g,1,2500,4.28755612499981,4.03755612499981,14011,382.0,461.0,17.136659436008678,104.30553152856749,26,4.031294700002036,0.2562614249977741,True,True,2,05_runtime_budget_baselines/raw_runs.csv
Runtime budget baseline,Chao,ILS,p4.4.g,2,2500,4.28755612499981,4.03755612499981,13964,382.0,461.0,17.136659436008678,104.30553152856749,26,4.035796899999696,0.2517592250001144,True,True,2,05_runtime_budget_baselines/raw_runs.csv
Runtime budget baseline,Chao,ILS,p4.4.g,3,2500,4.28755612499981,4.03755612499981,14027,382.0,461.0,17.136659436008678,104.30553152856749,26,4.0357788000001165,0.2517773249996935,True,True,2,05_runtime_budget_baselines/raw_runs.csv
Runtime budget baseline,Chao,ILS,p4.4.h,0,2500,5.165406449999409,4.915406449999409,9959,483.0,571.0,15.411558669001751,112.76155987951172,34,4.913555600000109,0.2518508499993004,True,True,2,05_runtime_budget_baselines/raw_runs.csv
Runtime budget baseline,Chao,ILS,p4.4.h,1,2500,5.165406449999409,4.915406449999409,9932,483.0,571.0,15.411558669001751,112.76155987951172,34,4.913968700002442,0.2514377499969669,True,True,2,05_runtime_budget_baselines/raw_runs.csv
Runtime budget baseline,Chao,ILS,p4.4.h,2,2500,5.165406449999409,4.915406449999409,9979,483.0,571.0,15.411558669001751,112.76155987951172,34,4.913510700000188,0.2518957499992211,True,True,2,05_runtime_budget_baselines/raw_runs.csv
Runtime budget baseline,Chao,ILS,p4.4.h,3,2500,5.165406449999409,4.915406449999409,9960,483.0,571.0,15.411558669001751,112.76155987951172,34,4.909024300002784,0.2563821499966252,True,True,2,05_runtime_budget_baselines/raw_runs.csv
Runtime budget baseline,Chao,ILS,p4.4.i,0,2500,5.946116475000508,5.696116475000508,10736,544.0,657.0,17.199391171993913,124.10115030618115,38,5.694933399998263,0.2511830750022454,True,True,2,05_runtime_budget_baselines/raw_runs.csv
Runtime budget baseline,Chao,ILS,p4.4.i,1,2500,5.946116475000508,5.696116475000508,10871,573.0,657.0,12.785388127853881,126.3848635205383,37,5.694742799998494,0.2513736750020143,True,True,2,05_runtime_budget_baselines/raw_runs.csv
Runtime budget baseline,Chao,ILS,p4.4.i,2,2500,5.946116475000508,5.696116475000508,10784,573.0,657.0,12.785388127853881,126.3848635205383,37,5.6945727999991504,0.2515436750013577,True,True,2,05_runtime_budget_baselines/raw_runs.csv
Runtime budget baseline,Chao,ILS,p4.4.i,3,2500,5.946116475000508,5.696116475000508,10709,544.0,657.0,17.199391171993913,124.10115030618115,38,5.694206100000884,0.2519103749996247,True,True,2,05_runtime_budget_baselines/raw_runs.csv
Runtime budget baseline,Chao,ILS,p4.4.j,0,2500,6.796319374999712,6.546319374999712,8183,651.0,732.0,11.065573770491802,135.2127726317123,43,6.543841800001246,0.2524775749984655,True,True,2,05_runtime_budget_baselines/raw_runs.csv
Runtime budget baseline,Chao,ILS,p4.4.j,1,2500,6.796319374999712,6.546319374999712,8187,651.0,732.0,11.065573770491802,135.2127726317123,43,6.544344699999783,0.2519746749999285,True,True,2,05_runtime_budget_baselines/raw_runs.csv
Runtime budget baseline,Chao,ILS,p4.4.j,2,2500,6.796319374999712,6.546319374999712,8180,651.0,732.0,11.065573770491802,135.2127726317123,43,6.543997699998727,0.2523216750009851,True,True,2,05_runtime_budget_baselines/raw_runs.csv
Runtime budget baseline,Chao,ILS,p4.4.j,3,2500,6.796319374999712,6.546319374999712,8170,651.0,732.0,11.065573770491802,135.2127726317123,43,6.5429108000025735,0.2534085749971382,True,True,2,05_runtime_budget_baselines/raw_runs.csv
Runtime budget baseline,Chao,ILS,p4.4.k,0,2500,8.15633514999945,7.90633514999945,8713,703.0,821.0,14.372716199756395,144.464879728565,50,7.904542100000981,0.2517930499984686,True,True,2,05_runtime_budget_baselines/raw_runs.csv
Runtime budget baseline,Chao,ILS,p4.4.k,1,2500,8.15633514999945,7.90633514999945,8823,686.0,821.0,16.443361753958587,141.9453038130132,49,7.904492300000129,0.2518428499993206,True,True,2,05_runtime_budget_baselines/raw_runs.csv
Runtime budget baseline,Chao,ILS,p4.4.k,2,2500,8.15633514999945,7.90633514999945,8743,703.0,821.0,14.372716199756395,144.464879728565,50,7.903458299999329,0.2528768500001206,True,True,2,05_runtime_budget_baselines/raw_runs.csv
Runtime budget baseline,Chao,ILS,p4.4.k,3,2500,8.15633514999945,7.90633514999945,8739,703.0,821.0,14.372716199756395,144.464879728565,50,7.903379800001858,0.2529553499975918,True,True,2,05_runtime_budget_baselines/raw_runs.csv
Runtime budget baseline,Chao,ILS,p4.4.l,0,2500,8.395748049999838,8.145748049999838,6451,756.0,880.0,14.090909090909092,153.2399951878909,53,8.138371299999562,0.2573767500002759,True,True,2,05_runtime_budget_baselines/raw_runs.csv
Runtime budget baseline,Chao,ILS,p4.4.l,1,2500,8.395748049999838,8.145748049999838,6469,745.0,880.0,15.340909090909092,151.81462731723616,53,8.139801400000579,0.2559466499992595,True,True,2,05_runtime_budget_baselines/raw_runs.csv
Runtime budget baseline,Chao,ILS,p4.4.l,2,2500,8.395748049999838,8.145748049999838,6517,756.0,880.0,14.090909090909092,153.2399951878909,53,8.142356899999868,0.2533911499999703,True,True,2,05_runtime_budget_baselines/raw_runs.csv
Runtime budget baseline,Chao,ILS,p4.4.l,3,2500,8.395748049999838,8.145748049999838,6475,745.0,880.0,15.340909090909092,149.4700205346801,53,8.143531300000177,0.2522167499996612,True,True,2,05_runtime_budget_baselines/raw_runs.csv
Runtime budget baseline,Chao,ILS,p4.4.m,0,2500,9.052383624999491,8.802383624999493,6626,780.0,919.0,15.12513601741023,156.2089819004435,57,8.796187399999326,0.256196225000167,True,True,2,05_runtime_budget_baselines/raw_runs.csv
Runtime budget baseline,Chao,ILS,p4.4.m,1,2500,9.052383624999491,8.802383624999493,6741,777.0,919.0,15.451577801958651,163.44691227546355,56,8.794707900000503,0.2576757249989896,True,True,2,05_runtime_budget_baselines/raw_runs.csv
Runtime budget baseline,Chao,ILS,p4.4.m,2,2500,9.052383624999491,8.802383624999493,6671,763.0,919.0,16.974972796517953,156.488267911483,56,8.79582389999996,0.2565597249995335,True,True,2,05_runtime_budget_baselines/raw_runs.csv
Runtime budget baseline,Chao,ILS,p4.4.m,3,2500,9.052383624999491,8.802383624999493,6633,780.0,919.0,15.12513601741023,158.67497499468706,57,8.795461400000931,0.2569222249985614,True,True,2,05_runtime_budget_baselines/raw_runs.csv
Runtime budget baseline,Chao,ILS,p4.4.n,0,2500,9.472798925000006,9.222798925000006,6549,846.0,976.0,13.319672131147541,165.79588348672064,60,9.215739699997355,0.2570592250026493,True,True,2,05_runtime_budget_baselines/raw_runs.csv
Runtime budget baseline,Chao,ILS,p4.4.n,1,2500,9.472798925000006,9.222798925000006,6546,846.0,976.0,13.319672131147541,165.79588348672064,60,9.214574400000856,0.2582245249991501,True,True,2,05_runtime_budget_baselines/raw_runs.csv
Runtime budget baseline,Chao,ILS,p4.4.n,2,2500,9.472798925000006,9.222798925000006,6550,846.0,976.0,13.319672131147541,166.12875231906838,60,9.217418700001872,0.2553802249981345,True,True,2,05_runtime_budget_baselines/raw_runs.csv
Runtime budget baseline,Chao,ILS,p4.4.n,3,2500,9.472798925000006,9.222798925000006,6548,846.0,976.0,13.319672131147541,166.12875231906838,60,9.218262800000955,0.2545361249990492,True,True,2,05_runtime_budget_baselines/raw_runs.csv
Runtime budget baseline,Chao,ILS,p4.4.o,0,2500,8.759460175000186,8.509460175000186,5444,888.0,1061.0,16.305372290292176,186.03280121268727,61,8.504561199999443,0.2548989750007422,True,True,2,05_runtime_budget_baselines/raw_runs.csv
Runtime budget baseline,Chao,ILS,p4.4.o,1,2500,8.759460175000186,8.509460175000186,4808,891.0,1061.0,16.022620169651272,182.68682789302497,62,8.505799599999591,0.2536605750005947,True,True,2,05_runtime_budget_baselines/raw_runs.csv
Runtime budget baseline,Chao,ILS,p4.4.o,2,2500,8.759460175000186,8.509460175000186,6067,850.0,1061.0,19.886899151743638,175.95877365639043,60,8.507263600000442,0.2521965749997434,True,True,2,05_runtime_budget_baselines/raw_runs.csv
Runtime budget baseline,Chao,ILS,p4.4.o,3,2500,8.759460175000186,8.509460175000186,5717,884.0,1061.0,16.682375117813383,185.06196797886008,60,8.506927099999302,0.2525330750008834,True,True,2,05_runtime_budget_baselines/raw_runs.csv
Runtime budget baseline,Chao,ILS,p4.4.p,0,2500,9.107960350000212,8.857960350000212,4603,997.0,1124.0,11.298932384341636,191.1509651185247,66,8.854933499998879,0.2530268500013335,True,True,2,05_runtime_budget_baselines/raw_runs.csv
Runtime budget baseline,Chao,ILS,p4.4.p,1,2500,9.107960350000212,8.857960350000212,4639,948.0,1124.0,15.658362989323843,184.1117707958384,65,8.854071500001737,0.253888849998475,True,True,2,05_runtime_budget_baselines/raw_runs.csv
Runtime budget baseline,Chao,ILS,p4.4.p,2,2500,9.107960350000212,8.857960350000212,4651,949.0,1124.0,15.569395017793594,184.9645457963364,65,8.854327099998045,0.2536332500021672,True,True,2,05_runtime_budget_baselines/raw_runs.csv
Runtime budget baseline,Chao,ILS,p4.4.p,3,2500,9.107960350000212,8.857960350000212,4735,956.0,1124.0,14.946619217081851,185.2297926547174,64,8.85490639999989,0.2530539500003215,True,True,2,05_runtime_budget_baselines/raw_runs.csv
Runtime budget baseline,Chao,ILS,p4.4.q,0,2500,8.05738297500011,7.80738297500011,3834,1024.0,1161.0,11.800172265288545,204.76856977681413,69,7.80318780000016,0.2541951749999498,True,True,2,05_runtime_budget_baselines/raw_runs.csv
Runtime budget baseline,Chao,ILS,p4.4.q,1,2500,8.05738297500011,7.80738297500011,3857,1031.0,1161.0,11.19724375538329,205.6230955922381,69,7.802960600001825,0.2544223749982848,True,True,2,05_runtime_budget_baselines/raw_runs.csv
Runtime budget baseline,Chao,ILS,p4.4.q,2,2500,8.05738297500011,7.80738297500011,3939,993.0,1161.0,14.470284237726098,197.95545194585887,66,7.803501300000789,0.2538816749993202,True,True,2,05_runtime_budget_baselines/raw_runs.csv
Runtime budget baseline,Chao,ILS,p4.4.q,3,2500,8.05738297500011,7.80738297500011,3918,1029.0,1161.0,11.369509043927648,205.09396094066457,67,7.804181499999686,0.2532014750004236,True,True,2,05_runtime_budget_baselines/raw_runs.csv
Runtime budget baseline,Chao,ILS,p4.4.r,0,2500,7.936711199999536,7.686711199999536,2944,1155.0,1216.0,5.016447368421052,215.9341998278939,73,7.681477899997844,0.2552333000016915,True,True,2,05_runtime_budget_baselines/raw_runs.csv
Runtime budget baseline,Chao,ILS,p4.4.r,1,2500,7.936711199999536,7.686711199999536,2790,1133.0,1216.0,6.8256578947368425,213.7225398233745,77,7.680777300000045,0.2559338999994907,True,True,2,05_runtime_budget_baselines/raw_runs.csv
Runtime budget baseline,Chao,ILS,p4.4.r,2,2500,7.936711199999536,7.686711199999536,2966,1159.0,1216.0,4.6875,219.43877688281052,73,7.68196639999951,0.2547448000000258,True,True,2,05_runtime_budget_baselines/raw_runs.csv
Runtime budget baseline,Chao,ILS,p4.4.r,3,2500,7.936711199999536,7.686711199999536,2946,1169.0,1216.0,3.8651315789473686,215.09105755495855,73,7.683685399999376,0.2530258000001595,True,True,2,05_runtime_budget_baselines/raw_runs.csv
Runtime budget baseline,Chao,ILS,p4.4.s,0,2500,7.267381775000558,7.017381775000558,2010,1240.0,1260.0,1.5873015873015872,227.710310525102,82,7.011501299999509,0.2558804750010495,True,True,2,05_runtime_budget_baselines/raw_runs.csv
Runtime budget baseline,Chao,ILS,p4.4.s,1,2500,7.267381775000558,7.017381775000558,2485,1208.0,1260.0,4.126984126984127,226.1937115219616,78,7.013376099999732,0.2540056750008261,True,True,2,05_runtime_budget_baselines/raw_runs.csv
Runtime budget baseline,Chao,ILS,p4.4.s,2,2500,7.267381775000558,7.017381775000558,2459,1227.0,1260.0,2.619047619047619,225.17073441591543,80,7.012594600000739,0.2547871749998194,True,True,2,05_runtime_budget_baselines/raw_runs.csv
Runtime budget baseline,Chao,ILS,p4.4.s,3,2500,7.267381775000558,7.017381775000558,2521,1202.0,1260.0,4.603174603174603,226.07814048831017,78,7.013070500001049,0.2543112749995089,True,True,2,05_runtime_budget_baselines/raw_runs.csv
Runtime budget baseline,Chao,ILS,p4.4.t,0,2500,6.894636874999833,6.644636874999833,1802,1251.0,1285.0,2.6459143968871595,234.226583230486,90,6.640112000000954,0.2545248749988786,True,True,2,05_runtime_budget_baselines/raw_runs.csv
Runtime budget baseline,Chao,ILS,p4.4.t,1,2500,6.894636874999833,6.644636874999833,1777,1257.0,1285.0,2.178988326848249,237.92997541858028,87,6.633228599999711,0.2614082750001216,True,True,2,05_runtime_budget_baselines/raw_runs.csv
Runtime budget baseline,Chao,ILS,p4.4.t,2,2500,6.894636874999833,6.644636874999833,1741,1263.0,1285.0,1.7120622568093384,237.89067105515423,91,6.6371384999984,0.2574983750014326,True,True,2,05_runtime_budget_baselines/raw_runs.csv
Runtime budget baseline,Chao,ILS,p4.4.t,3,2500,6.894636874999833,6.644636874999833,1747,1240.0,1285.0,3.501945525291829,237.38003683163697,91,6.6398407999986375,0.2547960750011953,True,True,2,05_runtime_budget_baselines/raw_runs.csv
Runtime budget baseline,Chao,ILS,p5.2.h,0,2500,2.5047752749997017,2.2547752749997017,17148,390.0,410.0,4.878048780487805,39.49847350245616,18,2.25285189999704,0.2519233750026615,True,True,2,05_runtime_budget_baselines/raw_runs.csv
Runtime budget baseline,Chao,ILS,p5.2.h,1,2500,2.5047752749997017,2.2547752749997017,17265,390.0,410.0,4.878048780487805,39.49847350245616,18,2.2528283999999985,0.2519468749997031,True,True,2,05_runtime_budget_baselines/raw_runs.csv
Runtime budget baseline,Chao,ILS,p5.2.h,2,2500,2.5047752749997017,2.2547752749997017,17156,390.0,410.0,4.878048780487805,39.49847350245616,18,2.2528535000019474,0.2519217749977542,True,True,2,05_runtime_budget_baselines/raw_runs.csv
Runtime budget baseline,Chao,ILS,p5.2.h,3,2500,2.5047752749997017,2.2547752749997017,17246,390.0,410.0,4.878048780487805,39.49847350245616,18,2.252901899999415,0.2518733750002866,True,True,2,05_runtime_budget_baselines/raw_runs.csv
Runtime budget baseline,Chao,ILS,p5.2.j,0,2500,2.6727737749997686,2.4227737749997686,10360,560.0,580.0,3.4482758620689653,49.84161925296378,24,2.4210125999998127,0.251761174999956,True,True,2,05_runtime_budget_baselines/raw_runs.csv
Runtime budget baseline,Chao,ILS,p5.2.j,1,2500,2.6727737749997686,2.4227737749997686,10435,560.0,580.0,3.4482758620689653,49.84161925296378,24,2.4208412999978464,0.2519324750019223,True,True,2,05_runtime_budget_baselines/raw_runs.csv
Runtime budget baseline,Chao,ILS,p5.2.j,2,2500,2.6727737749997686,2.4227737749997686,10374,560.0,580.0,3.4482758620689653,49.84161925296378,24,2.4206386000005296,0.2521351749992391,True,True,2,05_runtime_budget_baselines/raw_runs.csv
Runtime budget baseline,Chao,ILS,p5.2.j,3,2500,2.6727737749997686,2.4227737749997686,10429,560.0,580.0,3.4482758620689653,49.84161925296378,24,2.4209605000032752,0.2518132749964934,True,True,2,05_runtime_budget_baselines/raw_runs.csv
Runtime budget baseline,Chao,ILS,p5.2.k,0,2500,3.485266225000487,3.235266225000487,13794,620.0,670.0,7.462686567164179,54.64757033209087,24,3.233524399998714,0.2517418250017726,True,True,2,05_runtime_budget_baselines/raw_runs.csv
Runtime budget baseline,Chao,ILS,p5.2.k,1,2500,3.485266225000487,3.235266225000487,13821,620.0,670.0,7.462686567164179,54.64757033209087,24,3.233518799999729,0.2517474250007581,True,True,2,05_runtime_budget_baselines/raw_runs.csv
Runtime budget baseline,Chao,ILS,p5.2.k,2,2500,3.485266225000487,3.235266225000487,13848,620.0,670.0,7.462686567164179,54.64757033209087,24,3.233478099999047,0.2517881250014397,True,True,2,05_runtime_budget_baselines/raw_runs.csv
Runtime budget baseline,Chao,ILS,p5.2.k,3,2500,3.485266225000487,3.235266225000487,13860,620.0,670.0,7.462686567164179,54.64757033209087,24,3.2334343000002264,0.2518319250002605,True,True,2,05_runtime_budget_baselines/raw_runs.csv
Runtime budget baseline,Chao,ILS,p5.2.l,0,2500,3.2870740499997737,3.0370740499997737,11465,700.0,800.0,12.5,57.84161925296378,28,3.035164500000974,0.2519095499987998,True,True,2,05_runtime_budget_baselines/raw_runs.csv
Runtime budget baseline,Chao,ILS,p5.2.l,1,2500,3.2870740499997737,3.0370740499997737,11508,700.0,800.0,12.5,57.84161925296378,28,3.035346100001334,0.2517279499984397,True,True,2,05_runtime_budget_baselines/raw_runs.csv
Runtime budget baseline,Chao,ILS,p5.2.l,2,2500,3.2870740499997737,3.0370740499997737,11428,700.0,800.0,12.5,57.84161925296378,28,3.03531060000023,0.2517634499995438,True,True,2,05_runtime_budget_baselines/raw_runs.csv
Runtime budget baseline,Chao,ILS,p5.2.l,3,2500,3.2870740499997737,3.0370740499997737,11526,700.0,800.0,12.5,57.84161925296378,28,3.035176199999114,0.2518978500006597,True,True,2,05_runtime_budget_baselines/raw_runs.csv
Runtime budget baseline,Chao,ILS,p5.2.m,0,2500,4.330206825000005,4.080206825000005,14471,770.0,860.0,10.465116279069768,63.49847350245616,30,4.078377999998338,0.2518288250016667,True,True,2,05_runtime_budget_baselines/raw_runs.csv
Runtime budget baseline,Chao,ILS,p5.2.m,1,2500,4.330206825000005,4.080206825000005,14514,770.0,860.0,10.465116279069768,63.49847350245616,30,4.078387500001554,0.2518193249984506,True,True,2,05_runtime_budget_baselines/raw_runs.csv
Runtime budget baseline,Chao,ILS,p5.2.m,2,2500,4.330206825000005,4.080206825000005,14575,770.0,860.0,10.465116279069768,63.49847350245616,30,4.078368899998168,0.251837925001837,True,True,2,05_runtime_budget_baselines/raw_runs.csv
Runtime budget baseline,Chao,ILS,p5.2.m,3,2500,4.330206825000005,4.080206825000005,14494,770.0,860.0,10.465116279069768,63.49847350245616,30,4.078471799999534,0.251735025000471,True,True,2,05_runtime_budget_baselines/raw_runs.csv
Runtime budget baseline,Chao,ILS,p5.2.n,0,2500,4.147918699999536,3.897918699999536,9395,820.0,925.0,11.35135135135135,65.84161925296378,32,3.896015499998612,0.2519032000009247,True,True,2,05_runtime_budget_baselines/raw_runs.csv
Runtime budget baseline,Chao,ILS,p5.2.n,1,2500,4.147918699999536,3.897918699999536,9372,820.0,925.0,11.35135135135135,65.84161925296378,32,3.896207199999481,0.2517115000000558,True,True,2,05_runtime_budget_baselines/raw_runs.csv
Runtime budget baseline,Chao,ILS,p5.2.n,2,2500,4.147918699999536,3.897918699999536,9368,820.0,925.0,11.35135135135135,65.84161925296378,32,3.894762100000662,0.2531565999988743,True,True,2,05_runtime_budget_baselines/raw_runs.csv
Runtime budget baseline,Chao,ILS,p5.2.n,3,2500,4.147918699999536,3.897918699999536,9369,820.0,925.0,11.35135135135135,65.84161925296378,32,3.8949778999995033,0.252940800000033,True,True,2,05_runtime_budget_baselines/raw_runs.csv
Runtime budget baseline,Chao,ILS,p5.2.o,0,2500,4.055512049999834,3.805512049999834,8268,940.0,1020.0,7.8431372549019605,73.84161925296378,36,3.803788400000485,0.2517236499993487,True,True,2,05_runtime_budget_baselines/raw_runs.csv
Runtime budget baseline,Chao,ILS,p5.2.o,1,2500,4.055512049999834,3.805512049999834,8206,940.0,1020.0,7.8431372549019605,73.84161925296378,36,3.800897399996757,0.2546146500030772,True,True,2,05_runtime_budget_baselines/raw_runs.csv
Runtime budget baseline,Chao,ILS,p5.2.o,2,2500,4.055512049999834,3.805512049999834,8263,940.0,1020.0,7.8431372549019605,73.84161925296378,36,3.8031861999988905,0.2523258500009433,True,True,2,05_runtime_budget_baselines/raw_runs.csv
Runtime budget baseline,Chao,ILS,p5.2.o,3,2500,4.055512049999834,3.805512049999834,8196,940.0,1020.0,7.8431372549019605,73.84161925296378,36,3.80393290000211,0.251579149997724,True,True,2,05_runtime_budget_baselines/raw_runs.csv
Runtime budget baseline,Chao,ILS,p5.2.p,0,2500,4.571272224999575,4.321272224999575,9063,1020.0,1150.0,11.304347826086957,79.49847350245616,38,4.319569300001604,0.2517029249979714,True,True,2,05_runtime_budget_baselines/raw_runs.csv
Runtime budget baseline,Chao,ILS,p5.2.p,1,2500,4.571272224999575,4.321272224999575,9000,1020.0,1150.0,11.304347826086957,79.49847350245616,38,4.319606999997632,0.2516652250019433,True,True,2,05_runtime_budget_baselines/raw_runs.csv
Runtime budget baseline,Chao,ILS,p5.2.p,2,2500,4.571272224999575,4.321272224999575,9076,1020.0,1150.0,11.304347826086957,79.49847350245616,38,4.319575800000166,0.2516964249994089,True,True,2,05_runtime_budget_baselines/raw_runs.csv
Runtime budget baseline,Chao,ILS,p5.2.p,3,2500,4.571272224999575,4.321272224999575,9026,1020.0,1150.0,11.304347826086957,79.49847350245616,38,4.319666200000938,0.2516060249986367,True,True,2,05_runtime_budget_baselines/raw_runs.csv
Runtime budget baseline,Chao,ILS,p5.2.q,0,2500,4.418994250000196,4.168994250000196,8169,1070.0,1195.0,10.460251046025105,81.84161925296378,40,4.164345699999103,0.2546485500010931,True,True,2,05_runtime_budget_baselines/raw_runs.csv
Runtime budget baseline,Chao,ILS,p5.2.q,1,2500,4.418994250000196,4.168994250000196,8220,1070.0,1195.0,10.460251046025105,81.84161925296378,40,4.166187500002707,0.2528067499974895,True,True,2,05_runtime_budget_baselines/raw_runs.csv
Runtime budget baseline,Chao,ILS,p5.2.q,2,2500,4.418994250000196,4.168994250000196,8218,1070.0,1195.0,10.460251046025105,81.84161925296378,40,4.167535799999314,0.2514584500008823,True,True,2,05_runtime_budget_baselines/raw_runs.csv
Runtime budget baseline,Chao,ILS,p5.2.q,3,2500,4.418994250000196,4.168994250000196,8210,1070.0,1195.0,10.460251046025105,81.84161925296378,40,4.167386499997519,0.2516077500026767,True,True,2,05_runtime_budget_baselines/raw_runs.csv
Runtime budget baseline,Chao,ILS,p5.2.r,0,2500,4.87192237499994,4.62192237499994,6196,1190.0,1260.0,5.555555555555555,89.84161925296378,44,4.608223699997325,0.2636986750026153,True,True,2,05_runtime_budget_baselines/raw_runs.csv
Runtime budget baseline,Chao,ILS,p5.2.r,1,2500,4.87192237499994,4.62192237499994,6186,1190.0,1260.0,5.555555555555555,89.84161925296378,44,4.610618499998964,0.2613038750009764,True,True,2,05_runtime_budget_baselines/raw_runs.csv
Runtime budget baseline,Chao,ILS,p5.2.r,2,2500,4.87192237499994,4.62192237499994,6243,1190.0,1260.0,5.555555555555555,89.84161925296378,44,4.620429200000217,0.2514931749997231,True,True,2,05_runtime_budget_baselines/raw_runs.csv
Runtime budget baseline,Chao,ILS,p5.2.r,3,2500,4.87192237499994,4.62192237499994,6254,1190.0,1260.0,5.555555555555555,89.84161925296378,44,4.619307299999491,0.252615075000449,True,True,2,05_runtime_budget_baselines/raw_runs.csv
Runtime budget baseline,Chao,ILS,p5.2.s,0,2500,4.718533475000186,4.468533475000186,6008,1250.0,1340.0,6.7164179104477615,94.64757033209088,44,4.466881799999101,0.2516516750010851,True,True,2,05_runtime_budget_baselines/raw_runs.csv
Runtime budget baseline,Chao,ILS,p5.2.s,1,2500,4.718533475000186,4.468533475000186,5977,1250.0,1340.0,6.7164179104477615,94.64757033209088,44,4.466453599998204,0.2520798750019821,True,True,2,05_runtime_budget_baselines/raw_runs.csv
Runtime budget baseline,Chao,ILS,p5.2.s,2,2500,4.718533475000186,4.468533475000186,5987,1250.0,1340.0,6.7164179104477615,94.64757033209088,44,4.467142200002854,0.2513912749973315,True,True,2,05_runtime_budget_baselines/raw_runs.csv
Runtime budget baseline,Chao,ILS,p5.2.s,3,2500,4.718533475000186,4.468533475000186,5976,1250.0,1340.0,6.7164179104477615,94.64757033209088,44,4.467159600000741,0.2513738749994445,True,True,2,05_runtime_budget_baselines/raw_runs.csv
Runtime budget baseline,Chao,ILS,p5.2.t,0,2500,4.595996725000077,4.345996725000077,5341,1310.0,1400.0,6.428571428571429,97.84161925296378,48,4.344588700001623,0.2514080249984545,True,True,2,05_runtime_budget_baselines/raw_runs.csv
Runtime budget baseline,Chao,ILS,p5.2.t,1,2500,4.595996725000077,4.345996725000077,5373,1310.0,1400.0,6.428571428571429,97.84161925296378,48,4.344216699999379,0.2517800250006985,True,True,2,05_runtime_budget_baselines/raw_runs.csv
Runtime budget baseline,Chao,ILS,p5.2.t,2,2500,4.595996725000077,4.345996725000077,5348,1310.0,1400.0,6.428571428571429,97.84161925296378,48,4.339448200000334,0.2565485249997437,True,True,2,05_runtime_budget_baselines/raw_runs.csv
Runtime budget baseline,Chao,ILS,p5.2.t,3,2500,4.595996725000077,4.345996725000077,5348,1310.0,1400.0,6.428571428571429,97.84161925296378,48,4.340027300000656,0.2559694249994209,True,True,2,05_runtime_budget_baselines/raw_runs.csv
Runtime budget baseline,Chao,ILS,p5.2.u,0,2500,4.712462625000171,4.462462625000171,5352,1435.0,1460.0,1.7123287671232876,104.83354528450442,49,4.460532199998852,0.2519304250013192,True,True,2,05_runtime_budget_baselines/raw_runs.csv
Runtime budget baseline,Chao,ILS,p5.2.u,1,2500,4.712462625000171,4.462462625000171,5290,1430.0,1460.0,2.0547945205479454,104.9907160825985,50,4.460833000001003,0.2516296249991683,True,True,2,05_runtime_budget_baselines/raw_runs.csv
Runtime budget baseline,Chao,ILS,p5.2.u,2,2500,4.712462625000171,4.462462625000171,5321,1430.0,1460.0,2.0547945205479454,104.9907160825985,50,4.4606148999992,0.2518477250009709,True,True,2,05_runtime_budget_baselines/raw_runs.csv
Runtime budget baseline,Chao,ILS,p5.2.u,3,2500,4.712462625000171,4.462462625000171,5315,1430.0,1460.0,2.0547945205479454,104.9907160825985,50,4.461220400000457,0.2512422249997144,True,True,2,05_runtime_budget_baselines/raw_runs.csv
Runtime budget baseline,Chao,ILS,p5.2.v,0,2500,4.337932524999815,4.087932524999815,3577,1440.0,1505.0,4.318936877076412,105.84161925296378,52,4.086171499999182,0.2517610250006328,True,True,2,05_runtime_budget_baselines/raw_runs.csv
Runtime budget baseline,Chao,ILS,p5.2.v,1,2500,4.337932524999815,4.087932524999815,3572,1440.0,1505.0,4.318936877076412,105.84161925296378,52,4.08461829999942,0.2533142250003948,True,True,2,05_runtime_budget_baselines/raw_runs.csv
Runtime budget baseline,Chao,ILS,p5.2.v,2,2500,4.337932524999815,4.087932524999815,3615,1445.0,1505.0,3.9867109634551494,105.84161925296378,51,4.085536200000206,0.2523963249996086,True,True,2,05_runtime_budget_baselines/raw_runs.csv
Runtime budget baseline,Chao,ILS,p5.2.v,3,2500,4.337932524999815,4.087932524999815,3567,1440.0,1505.0,4.318936877076412,105.84161925296378,52,4.084874699998181,0.2530578250016333,True,True,2,05_runtime_budget_baselines/raw_runs.csv
Runtime budget baseline,Chao,ILS,p5.2.w,0,2500,4.114311649999763,3.864311649999763,3139,1560.0,1565.0,0.3194888178913738,113.84161925296378,56,3.8594402000017,0.2548714499980633,True,True,2,05_runtime_budget_baselines/raw_runs.csv
Runtime budget baseline,Chao,ILS,p5.2.w,1,2500,4.114311649999763,3.864311649999763,3138,1560.0,1565.0,0.3194888178913738,113.84161925296378,56,3.8606448999998975,0.2536667499998657,True,True,2,05_runtime_budget_baselines/raw_runs.csv
Runtime budget baseline,Chao,ILS,p5.2.w,2,2500,4.114311649999763,3.864311649999763,3162,1560.0,1565.0,0.3194888178913738,113.84161925296378,56,3.862995399998909,0.2513162500008548,True,True,2,05_runtime_budget_baselines/raw_runs.csv
Runtime budget baseline,Chao,ILS,p5.2.w,3,2500,4.114311649999763,3.864311649999763,3158,1560.0,1565.0,0.3194888178913738,113.84161925296378,56,3.862848099997791,0.2514635500019722,True,True,2,05_runtime_budget_baselines/raw_runs.csv
Runtime budget baseline,Chao,ILS,p5.2.x,0,2500,3.4747546999992664,3.2247546999992664,2527,1590.0,1610.0,1.2422360248447204,119.49847350245616,58,3.2233013000004576,0.2514533999988089,True,True,2,05_runtime_budget_baselines/raw_runs.csv
Runtime budget baseline,Chao,ILS,p5.2.x,1,2500,3.4747546999992664,3.2247546999992664,2524,1590.0,1610.0,1.2422360248447204,119.49847350245616,58,3.222862100003113,0.2518925999961539,True,True,2,05_runtime_budget_baselines/raw_runs.csv
Runtime budget baseline,Chao,ILS,p5.2.x,2,2500,3.4747546999992664,3.2247546999992664,2552,1590.0,1610.0,1.2422360248447204,119.49847350245616,58,3.223330900000292,0.2514237999989746,True,True,2,05_runtime_budget_baselines/raw_runs.csv
Runtime budget baseline,Chao,ILS,p5.2.x,3,2500,3.4747546999992664,3.2247546999992664,2549,1590.0,1610.0,1.2422360248447204,119.49847350245616,58,3.222915700000158,0.2518389999991086,True,True,2,05_runtime_budget_baselines/raw_runs.csv
Runtime budget baseline,Chao,ILS,p5.2.y,0,2500,3.2344877250002355,2.9844877250002355,2678,1630.0,1645.0,0.9118541033434651,122.73142601879904,60,2.9828718999997363,0.2516158250004991,True,True,2,05_runtime_budget_baselines/raw_runs.csv
Runtime budget baseline,Chao,ILS,p5.2.y,1,2500,3.2344877250002355,2.9844877250002355,2718,1630.0,1645.0,0.9118541033434651,122.73142601879904,60,2.982626100001653,0.2518616249985825,True,True,2,05_runtime_budget_baselines/raw_runs.csv
Runtime budget baseline,Chao,ILS,p5.2.y,2,2500,3.2344877250002355,2.9844877250002355,2702,1630.0,1645.0,0.9118541033434651,122.73142601879904,60,2.9825572000008838,0.2519305249993522,True,True,2,05_runtime_budget_baselines/raw_runs.csv
Runtime budget baseline,Chao,ILS,p5.2.y,3,2500,3.2344877250002355,2.9844877250002355,2704,1630.0,1645.0,0.9118541033434651,122.73142601879904,60,2.9828758999974525,0.251611825002783,True,True,2,05_runtime_budget_baselines/raw_runs.csv
Runtime budget baseline,Chao,ILS,p5.2.z,0,2500,2.5367986249998467,2.2867986249998467,2206,1660.0,1680.0,1.1904761904761905,128.3882802682914,62,2.285723799999687,0.2510748250001597,True,True,2,05_runtime_budget_baselines/raw_runs.csv
Runtime budget baseline,Chao,ILS,p5.2.z,1,2500,2.5367986249998467,2.2867986249998467,2203,1660.0,1680.0,1.1904761904761905,128.3882802682914,62,2.284874699998909,0.2519239250009377,True,True,2,05_runtime_budget_baselines/raw_runs.csv
Runtime budget baseline,Chao,ILS,p5.2.z,2,2500,2.5367986249998467,2.2867986249998467,2193,1660.0,1680.0,1.1904761904761905,128.3882802682914,62,2.2839653000010003,0.2528333249988463,True,True,2,05_runtime_budget_baselines/raw_runs.csv
Runtime budget baseline,Chao,ILS,p5.2.z,3,2500,2.5367986249998467,2.2867986249998467,2187,1660.0,1680.0,1.1904761904761905,128.3882802682914,62,2.28398179999931,0.2528168250005365,True,True,2,05_runtime_budget_baselines/raw_runs.csv
Runtime budget baseline,Chao,ILS,p5.3.k,0,2500,2.763983450000069,2.513983450000069,10784,470.0,495.0,5.05050505050505,49.22678406009828,22,2.51204879999932,0.2519346500007486,True,True,2,05_runtime_budget_baselines/raw_runs.csv
Runtime budget baseline,Chao,ILS,p5.3.k,1,2500,2.763983450000069,2.513983450000069,10736,470.0,495.0,5.05050505050505,49.22678406009828,22,2.512048099997628,0.2519353500024408,True,True,2,05_runtime_budget_baselines/raw_runs.csv
Runtime budget baseline,Chao,ILS,p5.3.k,2,2500,2.763983450000069,2.513983450000069,10863,470.0,495.0,5.05050505050505,49.22678406009828,22,2.512148200003139,0.2518352499969296,True,True,2,05_runtime_budget_baselines/raw_runs.csv
Runtime budget baseline,Chao,ILS,p5.3.k,3,2500,2.763983450000069,2.513983450000069,10873,470.0,495.0,5.05050505050505,49.22678406009828,22,2.512186200001452,0.2517972499986172,True,True,2,05_runtime_budget_baselines/raw_runs.csv
Runtime budget baseline,Chao,ILS,p5.3.l,0,2500,2.844513474999985,2.594513474999985,10204,575.0,595.0,3.361344537815126,57.71206543433685,25,2.592605400001048,0.2519080749989371,True,True,2,05_runtime_budget_baselines/raw_runs.csv
Runtime budget baseline,Chao,ILS,p5.3.l,1,2500,2.844513474999985,2.594513474999985,10183,575.0,595.0,3.361344537815126,57.71206543433685,25,2.592606899997918,0.2519065750020672,True,True,2,05_runtime_budget_baselines/raw_runs.csv
Runtime budget baseline,Chao,ILS,p5.3.l,2,2500,2.844513474999985,2.594513474999985,10207,575.0,595.0,3.361344537815126,57.71206543433685,25,2.5865295000003243,0.2579839749996608,True,True,2,05_runtime_budget_baselines/raw_runs.csv
Runtime budget baseline,Chao,ILS,p5.3.l,3,2500,2.844513474999985,2.594513474999985,10184,575.0,595.0,3.361344537815126,57.71206543433685,25,2.586799599997903,0.2577138750020822,True,True,2,05_runtime_budget_baselines/raw_runs.csv
Runtime budget baseline,Chao,ILS,p5.3.n,0,2500,3.4665860499999326,3.2165860499999326,10997,720.0,755.0,4.635761589403973,68.03617596751683,30,3.2147977000022365,0.251788349997696,True,True,2,05_runtime_budget_baselines/raw_runs.csv
Runtime budget baseline,Chao,ILS,p5.3.n,1,2500,3.4665860499999326,3.2165860499999326,11297,695.0,755.0,7.947019867549669,65.71206543433686,29,3.2146509000012884,0.2519351499986442,True,True,2,05_runtime_budget_baselines/raw_runs.csv
Runtime budget baseline,Chao,ILS,p5.3.n,2,2500,3.4665860499999326,3.2165860499999326,11128,695.0,755.0,7.947019867549669,65.71206543433686,29,3.2147922000003746,0.251793849999558,True,True,2,05_runtime_budget_baselines/raw_runs.csv
Runtime budget baseline,Chao,ILS,p5.3.n,3,2500,3.4665860499999326,3.2165860499999326,11193,695.0,755.0,7.947019867549669,65.71206543433686,29,3.214694299997064,0.2518917500028692,True,True,2,05_runtime_budget_baselines/raw_runs.csv
Runtime budget baseline,Chao,ILS,p5.3.o,0,2500,3.565351675000329,3.315351675000329,7458,805.0,870.0,7.471264367816092,72.05521118484448,33,3.313792700002523,0.2515589749978062,True,True,2,05_runtime_budget_baselines/raw_runs.csv
Runtime budget baseline,Chao,ILS,p5.3.o,1,2500,3.565351675000329,3.315351675000329,7459,805.0,870.0,7.471264367816092,72.05521118484448,33,3.313505599999189,0.25184607500114,True,True,2,05_runtime_budget_baselines/raw_runs.csv
Runtime budget baseline,Chao,ILS,p5.3.o,2,2500,3.565351675000329,3.315351675000329,7451,805.0,870.0,7.471264367816092,72.05521118484448,33,3.313789200001338,0.2515624749989911,True,True,2,05_runtime_budget_baselines/raw_runs.csv
Runtime budget baseline,Chao,ILS,p5.3.o,3,2500,3.565351675000329,3.315351675000329,7444,805.0,870.0,7.471264367816092,72.05521118484448,33,3.3136342000034347,0.2517174749968944,True,True,2,05_runtime_budget_baselines/raw_runs.csv
Runtime budget baseline,Chao,ILS,p5.3.q,0,2500,4.059889250000197,3.8098892500001966,7839,935.0,1070.0,12.616822429906541,81.71206543433685,37,3.808397299999342,0.2514919500008545,True,True,2,05_runtime_budget_baselines/raw_runs.csv
Runtime budget baseline,Chao,ILS,p5.3.q,1,2500,4.059889250000197,3.8098892500001966,7858,935.0,1070.0,12.616822429906541,81.71206543433685,37,3.808420200002729,0.2514690499974676,True,True,2,05_runtime_budget_baselines/raw_runs.csv
Runtime budget baseline,Chao,ILS,p5.3.q,2,2500,4.059889250000197,3.8098892500001966,7780,935.0,1070.0,12.616822429906541,81.71206543433685,37,3.808210499999405,0.2516787500007922,True,True,2,05_runtime_budget_baselines/raw_runs.csv
Runtime budget baseline,Chao,ILS,p5.3.q,3,2500,4.059889250000197,3.8098892500001966,7825,935.0,1070.0,12.616822429906541,81.71206543433685,37,3.808171499997116,0.2517177500030811,True,True,2,05_runtime_budget_baselines/raw_runs.csv
Runtime budget baseline,Chao,ILS,p5.3.r,0,2500,3.944829324999773,3.694829324999773,7022,1000.0,1125.0,11.11111111111111,85.22678406009828,40,3.693512500001816,0.2513168249979571,True,True,2,05_runtime_budget_baselines/raw_runs.csv
Runtime budget baseline,Chao,ILS,p5.3.r,1,2500,3.944829324999773,3.694829324999773,7041,1000.0,1125.0,11.11111111111111,85.22678406009828,40,3.693249899999501,0.2515794250002727,True,True,2,05_runtime_budget_baselines/raw_runs.csv
Runtime budget baseline,Chao,ILS,p5.3.r,2,2500,3.944829324999773,3.694829324999773,7037,1000.0,1125.0,11.11111111111111,85.22678406009828,40,3.688858400000754,0.2559709249990192,True,True,2,05_runtime_budget_baselines/raw_runs.csv
Runtime budget baseline,Chao,ILS,p5.3.r,3,2500,3.944829324999773,3.694829324999773,7072,1000.0,1125.0,11.11111111111111,86.71673074752691,40,3.688285400003224,0.2565439249965493,True,True,2,05_runtime_budget_baselines/raw_runs.csv
Runtime budget baseline,Chao,ILS,p5.3.s,0,2500,4.45866100000012,4.20866100000012,6351,1035.0,1190.0,13.025210084033613,89.71206543433685,41,4.20731159999923,0.2513494000008904,True,True,2,05_runtime_budget_baselines/raw_runs.csv
Runtime budget baseline,Chao,ILS,p5.3.s,1,2500,4.45866100000012,4.20866100000012,5745,1035.0,1190.0,13.025210084033613,88.05521118484447,41,4.207047899999452,0.251613100000668,True,True,2,05_runtime_budget_baselines/raw_runs.csv
Runtime budget baseline,Chao,ILS,p5.3.s,2,2500,4.45866100000012,4.20866100000012,5786,1035.0,1190.0,13.025210084033613,88.05521118484447,41,4.207374199999322,0.2512868000007984,True,True,2,05_runtime_budget_baselines/raw_runs.csv
Runtime budget baseline,Chao,ILS,p5.3.s,3,2500,4.45866100000012,4.20866100000012,5821,1035.0,1190.0,13.025210084033613,88.05521118484447,41,4.207025700001395,0.2516352999987248,True,True,2,05_runtime_budget_baselines/raw_runs.csv
Runtime budget baseline,Chao,ILS,p5.3.t,0,2500,4.4674831249994895,4.2174831249994895,5618,1095.0,1260.0,13.095238095238095,98.669482763575,43,4.215436500002397,0.2520466249970923,True,True,2,05_runtime_budget_baselines/raw_runs.csv
Runtime budget baseline,Chao,ILS,p5.3.t,1,2500,4.4674831249994895,4.2174831249994895,5592,1075.0,1260.0,14.682539682539682,96.37976650518124,43,4.215996499999164,0.2514866250003251,True,True,2,05_runtime_budget_baselines/raw_runs.csv
Runtime budget baseline,Chao,ILS,p5.3.t,2,2500,4.4674831249994895,4.2174831249994895,5570,1075.0,1260.0,14.682539682539682,93.20774884277064,43,4.215955800002121,0.2515273249973688,True,True,2,05_runtime_budget_baselines/raw_runs.csv
Runtime budget baseline,Chao,ILS,p5.3.t,3,2500,4.4674831249994895,4.2174831249994895,5583,1075.0,1260.0,14.682539682539682,96.37976650518124,43,4.215530500001478,0.2519526249980117,True,True,2,05_runtime_budget_baselines/raw_runs.csv
Runtime budget baseline,Chao,ILS,p5.3.u,0,2500,4.153086850000818,3.903086850000818,4899,1300.0,1345.0,3.345724907063197,103.40589946269864,46,3.9001200000020617,0.2529668499987565,True,True,2,05_runtime_budget_baselines/raw_runs.csv
Runtime budget baseline,Chao,ILS,p5.3.u,1,2500,4.153086850000818,3.903086850000818,5027,1300.0,1345.0,3.345724907063197,103.19860346649617,46,3.8969557999989775,0.2561310500018408,True,True,2,05_runtime_budget_baselines/raw_runs.csv
Runtime budget baseline,Chao,ILS,p5.3.u,2,2500,4.153086850000818,3.903086850000818,4925,1300.0,1345.0,3.345724907063197,103.40589946269864,46,3.9018381999994745,0.2512486500013438,True,True,2,05_runtime_budget_baselines/raw_runs.csv
Runtime budget baseline,Chao,ILS,p5.3.u,3,2500,4.153086850000818,3.903086850000818,5073,1210.0,1345.0,10.037174721189592,102.19734680857542,44,3.90126059999966,0.2518262500011587,True,True,2,05_runtime_budget_baselines/raw_runs.csv
Runtime budget baseline,Chao,ILS,p5.3.v,0,2500,3.92622317499945,3.67622317499945,4527,1150.0,1425.0,19.29824561403509,102.05521118484448,46,3.66886500000328,0.2573581749961704,True,True,2,05_runtime_budget_baselines/raw_runs.csv
Runtime budget baseline,Chao,ILS,p5.3.v,1,2500,3.92622317499945,3.67622317499945,4488,1335.0,1425.0,6.315789473684211,108.11848180219184,49,3.668888899999729,0.2573342749997209,True,True,2,05_runtime_budget_baselines/raw_runs.csv
Runtime budget baseline,Chao,ILS,p5.3.v,2,2500,3.92622317499945,3.67622317499945,4558,1150.0,1425.0,19.29824561403509,102.2045497716828,46,3.674610999998549,0.2516121750009006,True,True,2,05_runtime_budget_baselines/raw_runs.csv
Runtime budget baseline,Chao,ILS,p5.3.v,3,2500,3.92622317499945,3.67622317499945,4593,1190.0,1425.0,16.49122807017544,107.20819362992742,46,3.673915700001089,0.2523074749983607,True,True,2,05_runtime_budget_baselines/raw_runs.csv
Runtime budget baseline,Chao,ILS,p5.3.w,0,2500,3.7727935000002617,3.5227935000002617,4165,1285.0,1485.0,13.468013468013469,113.91529135409948,49,3.521266600000672,0.2515268999995896,True,True,2,05_runtime_budget_baselines/raw_runs.csv
Runtime budget baseline,Chao,ILS,p5.3.w,1,2500,3.7727935000002617,3.5227935000002617,3491,1455.0,1485.0,2.0202020202020203,114.48164900792528,51,3.5204766999995627,0.252316800000699,True,True,2,05_runtime_budget_baselines/raw_runs.csv
Runtime budget baseline,Chao,ILS,p5.3.w,2,2500,3.7727935000002617,3.5227935000002617,4185,1210.0,1485.0,18.51851851851852,105.35577426459024,48,3.521476599999005,0.2513169000012567,True,True,2,05_runtime_budget_baselines/raw_runs.csv
Runtime budget baseline,Chao,ILS,p5.3.w,3,2500,3.7727935000002617,3.5227935000002617,3400,1430.0,1485.0,3.7037037037037037,111.54515787227312,52,3.520899400002236,0.2518940999980259,True,True,2,05_runtime_budget_baselines/raw_runs.csv
Runtime budget baseline,Chao,ILS,p5.3.x,0,2500,3.480222550000235,3.230222550000235,3028,1465.0,1555.0,5.787781350482315,116.84572095201888,53,3.227920600002108,0.2523019499981274,True,True,2,05_runtime_budget_baselines/raw_runs.csv
Runtime budget baseline,Chao,ILS,p5.3.x,1,2500,3.480222550000235,3.230222550000235,2727,1520.0,1555.0,2.2508038585209005,117.95336579259602,54,3.2286023999986355,0.2516201500015995,True,True,2,05_runtime_budget_baselines/raw_runs.csv
Runtime budget baseline,Chao,ILS,p5.3.x,2,2500,3.480222550000235,3.230222550000235,2650,1505.0,1555.0,3.215434083601286,116.69350866122724,55,3.22781440000108,0.2524081499991553,True,True,2,05_runtime_budget_baselines/raw_runs.csv
Runtime budget baseline,Chao,ILS,p5.3.x,3,2500,3.480222550000235,3.230222550000235,2618,1495.0,1555.0,3.8585209003215435,116.69350866122724,55,3.2273678999990807,0.2528546500011543,True,True,2,05_runtime_budget_baselines/raw_runs.csv
Runtime budget baseline,Chao,ILS,p5.3.y,0,2500,3.2831944999998086,3.0331944999998086,2261,1575.0,1595.0,1.2539184952978057,123.48556978365195,57,3.031608099998266,0.2515864000015426,True,True,2,05_runtime_budget_baselines/raw_runs.csv
Runtime budget baseline,Chao,ILS,p5.3.y,1,2500,3.2831944999998086,3.0331944999998086,2222,1590.0,1595.0,0.31347962382445144,123.54515787227312,58,3.030499600001349,0.2526948999984597,True,True,2,05_runtime_budget_baselines/raw_runs.csv
Runtime budget baseline,Chao,ILS,p5.3.y,2,2500,3.2831944999998086,3.0331944999998086,2238,1580.0,1595.0,0.9404388714733543,122.05521118484448,58,3.030927800002246,0.2522666999975627,True,True,2,05_runtime_budget_baselines/raw_runs.csv
Runtime budget baseline,Chao,ILS,p5.3.y,3,2500,3.2831944999998086,3.0331944999998086,2232,1590.0,1595.0,0.31347962382445144,123.54515787227312,58,3.0307626000030723,0.2524318999967363,True,True,2,05_runtime_budget_baselines/raw_runs.csv
Runtime budget baseline,Chao,ILS,p5.3.z,0,2500,2.795735500000319,2.545735500000319,2069,1635.0,1635.0,0.0,128.00876701224513,61,2.5433052999978827,0.2524302000024363,True,True,2,05_runtime_budget_baselines/raw_runs.csv
Runtime budget baseline,Chao,ILS,p5.3.z,1,2500,2.795735500000319,2.545735500000319,1939,1620.0,1635.0,0.9174311926605505,125.86508153648106,60,2.543389300000854,0.2523461999994651,True,True,2,05_runtime_budget_baselines/raw_runs.csv
Runtime budget baseline,Chao,ILS,p5.3.z,2,2500,2.795735500000319,2.545735500000319,2108,1620.0,1635.0,0.9174311926605505,125.86508153648106,60,2.542825199998333,0.2529103000019859,True,True,2,05_runtime_budget_baselines/raw_runs.csv
Runtime budget baseline,Chao,ILS,p5.3.z,3,2500,2.795735500000319,2.545735500000319,2094,1615.0,1635.0,1.2232415902140672,128.00876701224513,61,2.543569599998591,0.252165900001728,True,True,2,05_runtime_budget_baselines/raw_runs.csv
Runtime budget baseline,Chao,ILS,p5.4.m,0,2500,2.9150769500001843,2.6650769500001843,9790,550.0,555.0,0.9009009009009009,63.22913173197979,26,2.663220000002184,0.2518569499980003,True,True,2,05_runtime_budget_baselines/raw_runs.csv
Runtime budget baseline,Chao,ILS,p5.4.m,1,2500,2.9150769500001843,2.6650769500001843,9808,550.0,555.0,0.9009009009009009,62.96640083988888,26,2.6631984999985434,0.2518784500016409,True,True,2,05_runtime_budget_baselines/raw_runs.csv
Runtime budget baseline,Chao,ILS,p5.4.m,2,2500,2.9150769500001843,2.6650769500001843,9783,550.0,555.0,0.9009009009009009,63.22913173197979,26,2.663261699999566,0.2518152500006181,True,True,2,05_runtime_budget_baselines/raw_runs.csv
Runtime budget baseline,Chao,ILS,p5.4.m,3,2500,2.9150769500001843,2.6650769500001843,9782,550.0,555.0,0.9009009009009009,62.96640083988888,26,2.6633452999994915,0.2517316500006927,True,True,2,05_runtime_budget_baselines/raw_runs.csv
Runtime budget baseline,Chao,ILS,p5.4.o,0,2500,3.3340727249997144,3.0840727249997144,10509,620.0,690.0,10.144927536231885,65.1374106514146,28,3.0822317999991355,0.2518409250005788,True,True,2,05_runtime_budget_baselines/raw_runs.csv
Runtime budget baseline,Chao,ILS,p5.4.o,1,2500,3.3340727249997144,3.0840727249997144,10479,620.0,690.0,10.144927536231885,65.1374106514146,28,3.0822291000004043,0.2518436249993101,True,True,2,05_runtime_budget_baselines/raw_runs.csv
Runtime budget baseline,Chao,ILS,p5.4.o,2,2500,3.3340727249997144,3.0840727249997144,10541,620.0,690.0,10.144927536231885,65.1374106514146,28,3.082237200000236,0.2518355249994783,True,True,2,05_runtime_budget_baselines/raw_runs.csv
Runtime budget baseline,Chao,ILS,p5.4.o,3,2500,3.3340727249997144,3.0840727249997144,10492,620.0,690.0,10.144927536231885,65.1374106514146,28,3.0820219999986875,0.2520507250010269,True,True,2,05_runtime_budget_baselines/raw_runs.csv
Runtime budget baseline,Chao,ILS,p5.4.p,0,2500,3.456452624999656,3.206452624999656,6892,760.0,765.0,0.6535947712418301,76.45111915039936,32,3.204796300000453,0.2516563249992032,True,True,2,05_runtime_budget_baselines/raw_runs.csv
Runtime budget baseline,Chao,ILS,p5.4.p,1,2500,3.456452624999656,3.206452624999656,6894,760.0,765.0,0.6535947712418301,76.45111915039936,32,3.2047069999971427,0.2517456250025134,True,True,2,05_runtime_budget_baselines/raw_runs.csv
Runtime budget baseline,Chao,ILS,p5.4.p,2,2500,3.456452624999656,3.206452624999656,6969,760.0,765.0,0.6535947712418301,76.45111915039936,32,3.2047894000024826,0.2516632249971735,True,True,2,05_runtime_budget_baselines/raw_runs.csv
Runtime budget baseline,Chao,ILS,p5.4.p,3,2500,3.456452624999656,3.206452624999656,6955,760.0,765.0,0.6535947712418301,76.45111915039936,32,3.2045562000021164,0.2518964249975397,True,True,2,05_runtime_budget_baselines/raw_runs.csv
Runtime budget baseline,Chao,ILS,p5.4.q,0,2500,3.827465775000292,3.577465775000292,7159,860.0,860.0,0.0,81.1374106514146,36,3.575915699999314,0.2515500750009778,True,True,2,05_runtime_budget_baselines/raw_runs.csv
Runtime budget baseline,Chao,ILS,p5.4.q,1,2500,3.827465775000292,3.577465775000292,7120,860.0,860.0,0.0,81.1374106514146,36,3.575768900002004,0.2516968749982879,True,True,2,05_runtime_budget_baselines/raw_runs.csv
Runtime budget baseline,Chao,ILS,p5.4.q,2,2500,3.827465775000292,3.577465775000292,7153,860.0,860.0,0.0,81.1374106514146,36,3.575955200001772,0.2515105749985196,True,True,2,05_runtime_budget_baselines/raw_runs.csv
Runtime budget baseline,Chao,ILS,p5.4.q,3,2500,3.827465775000292,3.577465775000292,7093,860.0,860.0,0.0,81.1374106514146,36,3.5759899000004225,0.2514758749998691,True,True,2,05_runtime_budget_baselines/raw_runs.csv
Runtime budget baseline,Chao,ILS,p5.4.r,0,2500,3.974126500000239,3.724126500000239,7352,870.0,960.0,9.375,82.79426490090698,36,3.722368799997639,0.2517577000025994,True,True,2,05_runtime_budget_baselines/raw_runs.csv
Runtime budget baseline,Chao,ILS,p5.4.r,1,2500,3.974126500000239,3.724126500000239,7352,870.0,960.0,9.375,82.79426490090698,36,3.722731699999713,0.2513948000005257,True,True,2,05_runtime_budget_baselines/raw_runs.csv
Runtime budget baseline,Chao,ILS,p5.4.r,2,2500,3.974126500000239,3.724126500000239,7323,870.0,960.0,9.375,82.79426490090698,36,3.72160200000144,0.252524499998799,True,True,2,05_runtime_budget_baselines/raw_runs.csv
Runtime budget baseline,Chao,ILS,p5.4.r,3,2500,3.974126500000239,3.724126500000239,7362,870.0,960.0,9.375,82.79426490090698,36,3.722359999999753,0.2517665000004854,True,True,2,05_runtime_budget_baselines/raw_runs.csv
Runtime budget baseline,Chao,ILS,p5.4.s,0,2500,4.035515250000117,3.785515250000117,6921,1000.0,1030.0,2.912621359223301,92.45111915039936,40,3.778484700000263,0.257030549999854,True,True,2,05_runtime_budget_baselines/raw_runs.csv
Runtime budget baseline,Chao,ILS,p5.4.s,1,2500,4.035515250000117,3.785515250000117,6889,1000.0,1030.0,2.912621359223301,92.45111915039936,40,3.7791550000001735,0.2563602499999433,True,True,2,05_runtime_budget_baselines/raw_runs.csv
Runtime budget baseline,Chao,ILS,p5.4.s,2,2500,4.035515250000117,3.785515250000117,6927,1000.0,1030.0,2.912621359223301,92.45111915039936,40,3.78415170000153,0.2513635499985867,True,True,2,05_runtime_budget_baselines/raw_runs.csv
Runtime budget baseline,Chao,ILS,p5.4.s,3,2500,4.035515250000117,3.785515250000117,6903,1000.0,1030.0,2.912621359223301,92.45111915039936,40,3.783811599998444,0.2517036500016729,True,True,2,05_runtime_budget_baselines/raw_runs.csv
Runtime budget baseline,Chao,ILS,p5.4.t,0,2500,4.042686750000485,3.7926867500004846,4796,1075.0,1160.0,7.327586206896552,95.9658377761608,43,3.78717609999876,0.2555106500017245,True,True,2,05_runtime_budget_baselines/raw_runs.csv
Runtime budget baseline,Chao,ILS,p5.4.t,1,2500,4.042686750000485,3.7926867500004846,4772,1075.0,1160.0,7.327586206896552,95.9658377761608,43,3.786522999998851,0.2561637500016331,True,True,2,05_runtime_budget_baselines/raw_runs.csv
Runtime budget baseline,Chao,ILS,p5.4.t,2,2500,4.042686750000485,3.7926867500004846,4776,1075.0,1160.0,7.327586206896552,95.9658377761608,43,3.78988820000086,0.2527985499996248,True,True,2,05_runtime_budget_baselines/raw_runs.csv
Runtime budget baseline,Chao,ILS,p5.4.t,3,2500,4.042686750000485,3.7926867500004846,4798,1075.0,1160.0,7.327586206896552,95.9658377761608,43,3.790547200002038,0.2521395499984464,True,True,2,05_runtime_budget_baselines/raw_runs.csv
Runtime budget baseline,Chao,ILS,p5.4.u,0,2500,3.711924900000213,3.461924900000213,4274,1130.0,1300.0,13.076923076923077,102.10797339989176,44,3.4600372000022617,0.2518876999979511,True,True,2,05_runtime_budget_baselines/raw_runs.csv
Runtime budget baseline,Chao,ILS,p5.4.u,1,2500,3.711924900000213,3.461924900000213,4306,1120.0,1300.0,13.846153846153847,100.45111915039936,44,3.460288900001615,0.251635999998598,True,True,2,05_runtime_budget_baselines/raw_runs.csv
Runtime budget baseline,Chao,ILS,p5.4.u,2,2500,3.711924900000213,3.461924900000213,4318,1140.0,1300.0,12.307692307692308,103.76482764938412,44,3.460386900002049,0.2515379999981633,True,True,2,05_runtime_budget_baselines/raw_runs.csv
Runtime budget baseline,Chao,ILS,p5.4.u,3,2500,3.711924900000213,3.461924900000213,4287,1130.0,1300.0,13.076923076923077,102.10797339989176,44,3.460169699999824,0.2517552000003888,True,True,2,05_runtime_budget_baselines/raw_runs.csv
Runtime budget baseline,Chao,ILS,p5.4.v,0,2500,3.5700283500000296,3.3200283500000296,3863,1260.0,1320.0,4.545454545454546,108.45111915039936,48,3.318553900000552,0.2514744499994776,True,True,2,05_runtime_budget_baselines/raw_runs.csv
Runtime budget baseline,Chao,ILS,p5.4.v,1,2500,3.5700283500000296,3.3200283500000296,3849,1260.0,1320.0,4.545454545454546,108.45111915039936,48,3.318256700000348,0.2517716499996822,True,True,2,05_runtime_budget_baselines/raw_runs.csv
Runtime budget baseline,Chao,ILS,p5.4.v,2,2500,3.5700283500000296,3.3200283500000296,3849,1260.0,1320.0,4.545454545454546,108.45111915039936,48,3.3186731999994663,0.2513551500005633,True,True,2,05_runtime_budget_baselines/raw_runs.csv
Runtime budget baseline,Chao,ILS,p5.4.v,3,2500,3.5700283500000296,3.3200283500000296,3819,1260.0,1320.0,4.545454545454546,108.45111915039936,48,3.3178149000013946,0.252213449998635,True,True,2,05_runtime_budget_baselines/raw_runs.csv
Runtime budget baseline,Chao,ILS,p5.4.w,0,2500,3.8709747749999215,3.6209747749999215,3982,1310.0,1390.0,5.755395683453237,109.1374106514146,50,3.6190127000008943,0.2519620749990281,True,True,2,05_runtime_budget_baselines/raw_runs.csv
Runtime budget baseline,Chao,ILS,p5.4.w,1,2500,3.8709747749999215,3.6209747749999215,3990,1310.0,1390.0,5.755395683453237,109.1374106514146,50,3.619066900002508,0.2519078749974142,True,True,2,05_runtime_budget_baselines/raw_runs.csv
Runtime budget baseline,Chao,ILS,p5.4.w,2,2500,3.8709747749999215,3.6209747749999215,4067,1285.0,1390.0,7.553956834532374,107.9658377761608,49,3.618078899999091,0.2528958750008314,True,True,2,05_runtime_budget_baselines/raw_runs.csv
Runtime budget baseline,Chao,ILS,p5.4.w,3,2500,3.8709747749999215,3.6209747749999215,4019,1310.0,1390.0,5.755395683453237,109.1374106514146,50,3.6178770000005898,0.2530977749993326,True,True,2,05_runtime_budget_baselines/raw_runs.csv
Runtime budget baseline,Chao,ILS,p5.4.x,0,2500,3.6577532249998512,3.4077532249998512,2776,1340.0,1450.0,7.586206896551724,113.1374106514146,52,3.405578499998228,0.2521747250016233,True,True,2,05_runtime_budget_baselines/raw_runs.csv
Runtime budget baseline,Chao,ILS,p5.4.x,1,2500,3.6577532249998512,3.4077532249998512,2811,1350.0,1450.0,6.896551724137931,114.79426490090698,52,3.4063540999995894,0.2513991250002618,True,True,2,05_runtime_budget_baselines/raw_runs.csv
Runtime budget baseline,Chao,ILS,p5.4.x,2,2500,3.6577532249998512,3.4077532249998512,2761,1350.0,1450.0,6.896551724137931,114.79426490090698,52,3.4051237999992736,0.2526294250005776,True,True,2,05_runtime_budget_baselines/raw_runs.csv
Runtime budget baseline,Chao,ILS,p5.4.x,3,2500,3.6577532249998512,3.4077532249998512,2785,1350.0,1450.0,6.896551724137931,116.02148069624472,52,3.402615799997875,0.2551374250019762,True,True,2,05_runtime_budget_baselines/raw_runs.csv
Runtime budget baseline,Chao,ILS,p5.4.y,0,2500,3.121943425000154,2.871943425000154,2261,1455.0,1520.0,4.276315789473684,123.27954627514556,55,2.8695502999980818,0.2523931250020723,True,True,2,05_runtime_budget_baselines/raw_runs.csv
Runtime budget baseline,Chao,ILS,p5.4.y,1,2500,3.121943425000154,2.871943425000154,2227,1470.0,1520.0,3.289473684210526,124.45111915039936,56,2.870113900000433,0.2518295249997209,True,True,2,05_runtime_budget_baselines/raw_runs.csv
Runtime budget baseline,Chao,ILS,p5.4.y,2,2500,3.121943425000154,2.871943425000154,2252,1455.0,1520.0,4.276315789473684,122.99359329675498,55,2.867440699999861,0.2545027250002931,True,True,2,05_runtime_budget_baselines/raw_runs.csv
Runtime budget baseline,Chao,ILS,p5.4.y,3,2500,3.121943425000154,2.871943425000154,2254,1445.0,1520.0,4.934210526315789,123.27954627514556,55,2.8664352000014333,0.2555082249987208,True,True,2,05_runtime_budget_baselines/raw_runs.csv
Runtime budget baseline,Chao,ILS,p5.4.z,0,2500,2.5860553499996968,2.3360553499996968,1788,1460.0,1620.0,9.876543209876543,122.79426490090698,56,2.3331972999985737,0.252858050001123,True,True,2,05_runtime_budget_baselines/raw_runs.csv
Runtime budget baseline,Chao,ILS,p5.4.z,1,2500,2.5860553499996968,2.3360553499996968,1778,1460.0,1620.0,9.876543209876543,122.79426490090698,56,2.3333421999996062,0.2527131500000905,True,True,2,05_runtime_budget_baselines/raw_runs.csv
Runtime budget baseline,Chao,ILS,p5.4.z,2,2500,2.5860553499996968,2.3360553499996968,1754,1520.0,1620.0,6.172839506172839,125.1374106514146,58,2.334307600001921,0.2517477499977758,True,True,2,05_runtime_budget_baselines/raw_runs.csv
Runtime budget baseline,Chao,ILS,p5.4.z,3,2500,2.5860553499996968,2.3360553499996968,1754,1520.0,1620.0,6.172839506172839,125.1374106514146,58,2.3343557999978657,0.2516995500018311,True,True,2,05_runtime_budget_baselines/raw_runs.csv
Runtime budget baseline,Chao,ILS,p6.2.d,0,2500,2.159697099999903,1.909697099999903,17462,192.0,192.0,0.0,29.65685424949238,14,1.9078434000002744,0.2518536999996286,True,True,2,05_runtime_budget_baselines/raw_runs.csv
Runtime budget baseline,Chao,ILS,p6.2.d,1,2500,2.159697099999903,1.909697099999903,17461,192.0,192.0,0.0,29.65685424949238,14,1.9078240999988336,0.2518730000010691,True,True,2,05_runtime_budget_baselines/raw_runs.csv
Runtime budget baseline,Chao,ILS,p6.2.d,2,2500,2.159697099999903,1.909697099999903,17482,192.0,192.0,0.0,29.65685424949238,14,1.9078219999973955,0.2518751000025077,True,True,2,05_runtime_budget_baselines/raw_runs.csv
Runtime budget baseline,Chao,ILS,p6.2.d,3,2500,2.159697099999903,1.909697099999903,17413,192.0,192.0,0.0,29.65685424949238,14,1.907821699998749,0.251875400001154,True,True,2,05_runtime_budget_baselines/raw_runs.csv
Runtime budget baseline,Chao,ILS,p6.2.j,0,2500,4.075300524999875,3.825300524999875,8107,888.0,948.0,6.329113924050633,58.08326112068524,37,3.82369319999998,0.2516073249998953,True,True,2,05_runtime_budget_baselines/raw_runs.csv
Runtime budget baseline,Chao,ILS,p6.2.j,1,2500,4.075300524999875,3.825300524999875,8443,864.0,948.0,8.860759493670885,59.254833995939045,36,3.8237545999982094,0.2515459250016647,True,True,2,05_runtime_budget_baselines/raw_runs.csv
Runtime budget baseline,Chao,ILS,p6.2.j,2,2500,4.075300524999875,3.825300524999875,8351,876.0,948.0,7.594936708860759,58.08326112068524,36,3.82365949999803,0.2516410250018452,True,True,2,05_runtime_budget_baselines/raw_runs.csv
Runtime budget baseline,Chao,ILS,p6.2.j,3,2500,4.075300524999875,3.825300524999875,8249,876.0,948.0,7.594936708860759,57.254833995939045,36,3.823633200001496,0.2516673249983796,True,True,2,05_runtime_budget_baselines/raw_runs.csv
Runtime budget baseline,Chao,ILS,p6.2.l,0,2500,4.253416824999931,4.003416824999931,5404,1092.0,1116.0,2.150537634408602,69.14503371746528,44,4.002129500000592,0.251287324999339,True,True,2,05_runtime_budget_baselines/raw_runs.csv
Runtime budget baseline,Chao,ILS,p6.2.l,1,2500,4.253416824999931,4.003416824999931,5470,1098.0,1116.0,1.6129032258064515,69.72152494000676,44,4.001601700001629,0.251815124998302,True,True,2,05_runtime_budget_baselines/raw_runs.csv
Runtime budget baseline,Chao,ILS,p6.2.l,2,2500,4.253416824999931,4.003416824999931,5405,1092.0,1116.0,2.150537634408602,69.14503371746528,44,4.001014999998006,0.2524018250019253,True,True,2,05_runtime_budget_baselines/raw_runs.csv
Runtime budget baseline,Chao,ILS,p6.2.l,3,2500,4.253416824999931,4.003416824999931,5365,1080.0,1116.0,3.225806451612903,69.14503371746528,44,4.002059399997961,0.2513574250019701,True,True,2,05_runtime_budget_baselines/raw_runs.csv
Runtime budget baseline,Chao,ILS,p6.2.m,0,2500,3.923616524999943,3.673616524999943,4494,1152.0,1188.0,3.0303030303030303,73.05382386916239,48,3.6721754999998666,0.2514410250000765,True,True,2,05_runtime_budget_baselines/raw_runs.csv
Runtime budget baseline,Chao,ILS,p6.2.m,1,2500,3.923616524999943,3.673616524999943,4477,1176.0,1188.0,1.0101010101010102,74.20680631424533,48,3.6716171000007303,0.2519994249992123,True,True,2,05_runtime_budget_baselines/raw_runs.csv
Runtime budget baseline,Chao,ILS,p6.2.m,2,2500,3.923616524999943,3.673616524999943,4437,1170.0,1188.0,1.5151515151515151,73.88225099390857,49,3.6695331999981136,0.2540833250018295,True,True,2,05_runtime_budget_baselines/raw_runs.csv
Runtime budget baseline,Chao,ILS,p6.2.m,3,2500,3.923616524999943,3.673616524999943,4447,1170.0,1188.0,1.5151515151515151,73.88225099390857,49,3.6698834000017087,0.2537331249982344,True,True,2,05_runtime_budget_baselines/raw_runs.csv
Runtime budget baseline,Chao,ILS,p6.2.n,0,2500,3.613294375000805,3.3632943750008053,2911,1242.0,1260.0,1.4285714285714286,78.36753236814714,53,3.361790899998596,0.2515034750022096,True,True,2,05_runtime_budget_baselines/raw_runs.csv
Runtime budget baseline,Chao,ILS,p6.2.n,1,2500,3.613294375000805,3.3632943750008053,2934,1236.0,1260.0,1.9047619047619047,79.53910524340094,53,3.360613500000909,0.2526808749998963,True,True,2,05_runtime_budget_baselines/raw_runs.csv
Runtime budget baseline,Chao,ILS,p6.2.n,2,2500,3.613294375000805,3.3632943750008053,2878,1242.0,1260.0,1.4285714285714286,78.36753236814714,53,3.361134899998433,0.2521594750023723,True,True,2,05_runtime_budget_baselines/raw_runs.csv
Runtime budget baseline,Chao,ILS,p6.2.n,3,2500,3.613294375000805,3.3632943750008053,2901,1242.0,1260.0,1.4285714285714286,79.53910524340094,53,3.360544900002424,0.2527494749983816,True,True,2,05_runtime_budget_baselines/raw_runs.csv
Runtime budget baseline,Chao,ILS,p6.3.g,0,2500,2.50615095000012,2.25615095000012,15070,264.0,282.0,6.382978723404255,43.65685424949238,20,2.254265800002031,0.2518851499980883,True,True,2,05_runtime_budget_baselines/raw_runs.csv
Runtime budget baseline,Chao,ILS,p6.3.g,1,2500,2.50615095000012,2.25615095000012,15155,264.0,282.0,6.382978723404255,43.65685424949238,20,2.2542896999984805,0.2518612500016388,True,True,2,05_runtime_budget_baselines/raw_runs.csv
Runtime budget baseline,Chao,ILS,p6.3.g,2,2500,2.50615095000012,2.25615095000012,15155,264.0,282.0,6.382978723404255,43.65685424949238,20,2.254244899999321,0.2519060500007981,True,True,2,05_runtime_budget_baselines/raw_runs.csv
Runtime budget baseline,Chao,ILS,p6.3.g,3,2500,2.50615095000012,2.25615095000012,15148,264.0,282.0,6.382978723404255,43.65685424949238,20,2.254316300000937,0.2518346499991821,True,True,2,05_runtime_budget_baselines/raw_runs.csv
Runtime budget baseline,Chao,ILS,p6.3.h,0,2500,3.609835825000573,3.359835825000573,13400,360.0,444.0,18.91891891891892,46.97056274847714,24,3.358004300000175,0.2518315250003979,True,True,2,05_runtime_budget_baselines/raw_runs.csv
Runtime budget baseline,Chao,ILS,p6.3.h,1,2500,3.609835825000573,3.359835825000573,13450,360.0,444.0,18.91891891891892,46.97056274847714,24,3.357966800002032,0.2518690249985411,True,True,2,05_runtime_budget_baselines/raw_runs.csv
Runtime budget baseline,Chao,ILS,p6.3.h,2,2500,3.609835825000573,3.359835825000573,13457,360.0,444.0,18.91891891891892,46.97056274847714,24,3.357936000000336,0.2518998250002369,True,True,2,05_runtime_budget_baselines/raw_runs.csv
Runtime budget baseline,Chao,ILS,p6.3.h,3,2500,3.609835825000573,3.359835825000573,13484,360.0,444.0,18.91891891891892,46.97056274847714,24,3.357903099997202,0.2519327250033711,True,True,2,05_runtime_budget_baselines/raw_runs.csv
Runtime budget baseline,Chao,ILS,p6.3.i,0,2500,3.885602074999952,3.635602074999952,12734,444.0,642.0,30.8411214953271,51.11269837220809,29,3.633738599997741,0.2518634750022102,True,True,2,05_runtime_budget_baselines/raw_runs.csv
Runtime budget baseline,Chao,ILS,p6.3.i,1,2500,3.885602074999952,3.635602074999952,12806,444.0,642.0,30.8411214953271,51.11269837220809,29,3.6337061999984144,0.2518958750015372,True,True,2,05_runtime_budget_baselines/raw_runs.csv
Runtime budget baseline,Chao,ILS,p6.3.i,2,2500,3.885602074999952,3.635602074999952,12710,444.0,642.0,30.8411214953271,51.112698372208094,29,3.633703600000445,0.251898474999507,True,True,2,05_runtime_budget_baselines/raw_runs.csv
Runtime budget baseline,Chao,ILS,p6.3.i,3,2500,3.885602074999952,3.635602074999952,12791,444.0,642.0,30.8411214953271,51.112698372208094,29,3.6338443999993615,0.2517576750005901,True,True,2,05_runtime_budget_baselines/raw_runs.csv
Runtime budget baseline,Chao,ILS,p6.3.k,0,2500,3.726914500000021,3.476914500000021,7317,642.0,894.0,28.187919463087248,60.42640687119285,36,3.4725144999974877,0.2544000000025335,True,True,2,05_runtime_budget_baselines/raw_runs.csv
Runtime budget baseline,Chao,ILS,p6.3.k,1,2500,3.726914500000021,3.476914500000021,7517,570.0,894.0,36.241610738255034,56.42640687119285,34,3.4729160999995656,0.2539984000004551,True,True,2,05_runtime_budget_baselines/raw_runs.csv
Runtime budget baseline,Chao,ILS,p6.3.k,2,2500,3.726914500000021,3.476914500000021,7510,618.0,894.0,30.87248322147651,62.26568081729104,34,3.475214300000516,0.2517001999995045,True,True,2,05_runtime_budget_baselines/raw_runs.csv
Runtime budget baseline,Chao,ILS,p6.3.k,3,2500,3.726914500000021,3.476914500000021,7510,570.0,894.0,36.241610738255034,56.42640687119285,34,3.475324899998668,0.2515896000013526,True,True,2,05_runtime_budget_baselines/raw_runs.csv
Runtime budget baseline,Chao,ILS,p6.3.l,0,2500,3.7523309249991135,3.5023309249991144,4900,900.0,1002.0,10.179640718562874,69.23624356576818,41,3.495231099997909,0.2570998250012053,True,True,2,05_runtime_budget_baselines/raw_runs.csv
Runtime budget baseline,Chao,ILS,p6.3.l,1,2500,3.7523309249991135,3.5023309249991144,7151,894.0,1002.0,10.778443113772456,69.07551751186637,37,3.4956453000013425,0.2566856249977718,True,True,2,05_runtime_budget_baselines/raw_runs.csv
Runtime budget baseline,Chao,ILS,p6.3.l,2,2500,3.7523309249991135,3.5023309249991144,7118,876.0,1002.0,12.574850299401197,68.06467069051438,37,3.5004623999993782,0.2518685249997361,True,True,2,05_runtime_budget_baselines/raw_runs.csv
Runtime budget baseline,Chao,ILS,p6.3.l,3,2500,3.7523309249991135,3.5023309249991144,6798,864.0,1002.0,13.77245508982036,68.98430766356347,40,3.500644799998554,0.2516861250005604,True,True,2,05_runtime_budget_baselines/raw_runs.csv
Runtime budget baseline,Chao,ILS,p6.3.m,0,2500,3.9035824749998937,3.6535824749998937,4828,972.0,1080.0,10.0,72.08326112068524,43,3.651855600001,0.2517268749988943,True,True,2,05_runtime_budget_baselines/raw_runs.csv
Runtime budget baseline,Chao,ILS,p6.3.m,1,2500,3.9035824749998937,3.6535824749998937,5068,1002.0,1080.0,7.222222222222222,74.06467069051438,42,3.651982199997292,0.2516002750026018,True,True,2,05_runtime_budget_baselines/raw_runs.csv
Runtime budget baseline,Chao,ILS,p6.3.m,2,2500,3.9035824749998937,3.6535824749998937,4946,996.0,1080.0,7.777777777777778,72.80188796695765,42,3.6518063000003167,0.251776174999577,True,True,2,05_runtime_budget_baselines/raw_runs.csv
Runtime budget baseline,Chao,ILS,p6.3.m,3,2500,3.9035824749998937,3.6535824749998937,5066,942.0,1080.0,12.777777777777779,72.06467069051438,41,3.652138299999933,0.2514441749999605,True,True,2,05_runtime_budget_baselines/raw_runs.csv
Runtime budget baseline,Chao,ILS,p6.3.n,0,2500,3.487434950000079,3.237434950000079,3843,1134.0,1170.0,3.076923076923077,79.05382386916237,49,3.235001799999736,0.2524331500003427,True,True,2,05_runtime_budget_baselines/raw_runs.csv
Runtime budget baseline,Chao,ILS,p6.3.n,1,2500,3.487434950000079,3.237434950000079,3904,1128.0,1170.0,3.58974358974359,78.71067811865476,48,3.23617280000326,0.251262149996819,True,True,2,05_runtime_budget_baselines/raw_runs.csv
Runtime budget baseline,Chao,ILS,p6.3.n,2,2500,3.487434950000079,3.237434950000079,4042,1104.0,1170.0,5.641025641025641,78.71067811865476,47,3.2355450999966706,0.2518898500034083,True,True,2,05_runtime_budget_baselines/raw_runs.csv
Runtime budget baseline,Chao,ILS,p6.3.n,3,2500,3.487434950000079,3.237434950000079,3954,1086.0,1170.0,7.17948717948718,78.80188796695766,48,3.23563540000032,0.2517995499997596,True,True,2,05_runtime_budget_baselines/raw_runs.csv
Runtime budget baseline,Chao,ILS,p6.4.j,0,2500,2.6613815750006324,2.4113815750006324,9020,348.0,366.0,4.918032786885246,58.60112615949154,24,2.4096137000015005,0.2517678749991319,True,True,2,05_runtime_budget_baselines/raw_runs.csv
Runtime budget baseline,Chao,ILS,p6.4.j,1,2500,2.6613815750006324,2.4113815750006324,8995,348.0,366.0,4.918032786885246,58.60112615949154,24,2.409692300003371,0.2516892749972612,True,True,2,05_runtime_budget_baselines/raw_runs.csv
Runtime budget baseline,Chao,ILS,p6.4.j,2,2500,2.6613815750006324,2.4113815750006324,9105,348.0,366.0,4.918032786885246,58.60112615949154,24,2.409453600001143,0.2519279749994894,True,True,2,05_runtime_budget_baselines/raw_runs.csv
Runtime budget baseline,Chao,ILS,p6.4.j,3,2500,2.6613815750006324,2.4113815750006324,9043,348.0,366.0,4.918032786885246,58.60112615949154,24,2.409549199997855,0.2518323750027775,True,True,2,05_runtime_budget_baselines/raw_runs.csv
Runtime budget baseline,Chao,ILS,p6.4.k,0,2500,3.4565733000004,3.2065733000004,10790,420.0,528.0,20.454545454545453,60.46669094406771,28,3.2047934000001987,0.2517799000002014,True,True,2,05_runtime_budget_baselines/raw_runs.csv
Runtime budget baseline,Chao,ILS,p6.4.k,1,2500,3.4565733000004,3.2065733000004,10809,420.0,528.0,20.454545454545453,60.46669094406771,28,3.2047042999984114,0.2518690000019887,True,True,2,05_runtime_budget_baselines/raw_runs.csv
Runtime budget baseline,Chao,ILS,p6.4.k,2,2500,3.4565733000004,3.2065733000004,10916,420.0,528.0,20.454545454545453,60.46669094406771,28,3.204899899999873,0.2516734000005272,True,True,2,05_runtime_budget_baselines/raw_runs.csv
Runtime budget baseline,Chao,ILS,p6.4.k,3,2500,3.4565733000004,3.2065733000004,10904,420.0,528.0,20.454545454545453,60.46669094406771,28,3.204890000000887,0.2516832999995131,True,True,2,05_runtime_budget_baselines/raw_runs.csv
Runtime budget baseline,Chao,ILS,p6.4.l,0,2500,4.096919024999806,3.8469190249998064,8190,534.0,696.0,23.275862068965516,64.60882656779866,33,3.8454334999987614,0.2514855250010441,True,True,2,05_runtime_budget_baselines/raw_runs.csv
Runtime budget baseline,Chao,ILS,p6.4.l,1,2500,4.096919024999806,3.8469190249998064,8178,534.0,696.0,23.275862068965516,64.60882656779866,33,3.845011699999304,0.2519073250005021,True,True,2,05_runtime_budget_baselines/raw_runs.csv
Runtime budget baseline,Chao,ILS,p6.4.l,2,2500,4.096919024999806,3.8469190249998064,8216,534.0,696.0,23.275862068965516,64.60882656779866,33,3.841511999999057,0.2554070250007498,True,True,2,05_runtime_budget_baselines/raw_runs.csv
Runtime budget baseline,Chao,ILS,p6.4.l,3,2500,4.096919024999806,3.8469190249998064,8189,534.0,696.0,23.275862068965516,64.60882656779866,33,3.844459899999492,0.2524591250003141,True,True,2,05_runtime_budget_baselines/raw_runs.csv
Runtime budget baseline,Chao,ILS,p7.2.d,0,2500,1.9407258000001093,1.6907258000001093,24390,190.0,190.0,0.0,78.6737065912388,10,1.6888578999969468,0.2518679000031625,True,True,2,05_runtime_budget_baselines/raw_runs.csv
Runtime budget baseline,Chao,ILS,p7.2.d,1,2500,1.9407258000001093,1.6907258000001093,24289,190.0,190.0,0.0,78.6737065912388,10,1.6888504000016835,0.2518753999984255,True,True,2,05_runtime_budget_baselines/raw_runs.csv
Runtime budget baseline,Chao,ILS,p7.2.d,2,2500,1.9407258000001093,1.6907258000001093,25066,190.0,190.0,0.0,78.6737065912388,10,1.6888137999994797,0.2519120000006296,True,True,2,05_runtime_budget_baselines/raw_runs.csv
Runtime budget baseline,Chao,ILS,p7.2.d,3,2500,1.9407258000001093,1.6907258000001093,24536,190.0,190.0,0.0,78.6737065912388,10,1.6888385000020207,0.2518872999980885,True,True,2,05_runtime_budget_baselines/raw_runs.csv
Runtime budget baseline,Chao,ILS,p7.2.e,0,2500,2.4477318999997806,2.1977318999997806,18531,290.0,290.0,0.0,98.36318612174394,15,2.195856400001503,0.2518754999982775,True,True,2,05_runtime_budget_baselines/raw_runs.csv
Runtime budget baseline,Chao,ILS,p7.2.e,1,2500,2.4477318999997806,2.1977318999997806,18397,290.0,290.0,0.0,98.36318612174394,15,2.1958130999992136,0.251918800000567,True,True,2,05_runtime_budget_baselines/raw_runs.csv
Runtime budget baseline,Chao,ILS,p7.2.e,2,2500,2.4477318999997806,2.1977318999997806,18551,290.0,290.0,0.0,98.36318612174394,15,2.19585189999998,0.2518799999998009,True,True,2,05_runtime_budget_baselines/raw_runs.csv
Runtime budget baseline,Chao,ILS,p7.2.e,3,2500,2.4477318999997806,2.1977318999997806,18537,290.0,290.0,0.0,98.36318612174394,15,2.1959098000006634,0.2518220999991172,True,True,2,05_runtime_budget_baselines/raw_runs.csv
Runtime budget baseline,Chao,ILS,p7.2.f,0,2500,3.569863325000369,3.319863325000369,23442,356.0,387.0,8.010335917312661,118.62936352177957,19,3.318022399998881,0.2518409250014883,True,True,2,05_runtime_budget_baselines/raw_runs.csv
Runtime budget baseline,Chao,ILS,p7.2.f,1,2500,3.569863325000369,3.319863325000369,24122,345.0,387.0,10.852713178294573,117.39562759804716,18,3.31803360000049,0.2518297249998795,True,True,2,05_runtime_budget_baselines/raw_runs.csv
Runtime budget baseline,Chao,ILS,p7.2.f,2,2500,3.569863325000369,3.319863325000369,23992,338.0,387.0,12.661498708010337,114.67155574084286,18,3.3179777000004838,0.2518856249998862,True,True,2,05_runtime_budget_baselines/raw_runs.csv
Runtime budget baseline,Chao,ILS,p7.2.f,3,2500,3.569863325000369,3.319863325000369,23849,345.0,387.0,10.852713178294573,117.39562759804716,18,3.318052099999477,0.2518112250008926,True,True,2,05_runtime_budget_baselines/raw_runs.csv
Runtime budget baseline,Chao,ILS,p7.2.g,0,2500,5.193349575000411,4.943349575000411,18404,427.0,459.0,6.971677559912854,133.7749708393689,27,4.94153820000065,0.251811374999761,True,True,2,05_runtime_budget_baselines/raw_runs.csv
Runtime budget baseline,Chao,ILS,p7.2.g,1,2500,5.193349575000411,4.943349575000411,18153,427.0,459.0,6.971677559912854,133.7749708393689,27,4.941609400000743,0.2517401749996679,True,True,2,05_runtime_budget_baselines/raw_runs.csv
Runtime budget baseline,Chao,ILS,p7.2.g,2,2500,5.193349575000411,4.943349575000411,18607,427.0,459.0,6.971677559912854,133.7749708393689,27,4.941692899999907,0.251656675000504,True,True,2,05_runtime_budget_baselines/raw_runs.csv
Runtime budget baseline,Chao,ILS,p7.2.g,3,2500,5.193349575000411,4.943349575000411,18440,427.0,459.0,6.971677559912854,133.7749708393689,27,4.941573799998878,0.2517757750015335,True,True,2,05_runtime_budget_baselines/raw_runs.csv
Runtime budget baseline,Chao,ILS,p7.2.h,0,2500,5.941513924999981,5.691513924999981,19302,489.0,521.0,6.142034548944338,151.47722665928512,30,5.688524299999699,0.2529896250002821,True,True,2,05_runtime_budget_baselines/raw_runs.csv
Runtime budget baseline,Chao,ILS,p7.2.h,1,2500,5.941513924999981,5.691513924999981,19288,489.0,521.0,6.142034548944338,151.47722665928512,30,5.688035099999979,0.2534788250000019,True,True,2,05_runtime_budget_baselines/raw_runs.csv
Runtime budget baseline,Chao,ILS,p7.2.h,2,2500,5.941513924999981,5.691513924999981,19361,489.0,521.0,6.142034548944338,151.47722665928512,30,5.689662100001442,0.2518518249985391,True,True,2,05_runtime_budget_baselines/raw_runs.csv
Runtime budget baseline,Chao,ILS,p7.2.h,3,2500,5.941513924999981,5.691513924999981,19253,489.0,521.0,6.142034548944338,151.47722665928512,30,5.689847700003156,0.2516662249968249,True,True,2,05_runtime_budget_baselines/raw_runs.csv
Runtime budget baseline,Chao,ILS,p7.2.i,0,2500,6.343717100000049,6.093717100000049,15245,527.0,580.0,9.137931034482758,164.37984429413353,31,6.091817100001208,0.2518999999988409,True,True,2,05_runtime_budget_baselines/raw_runs.csv
Runtime budget baseline,Chao,ILS,p7.2.i,1,2500,6.343717100000049,6.093717100000049,15013,527.0,580.0,9.137931034482758,164.37984429413353,31,6.092049799997767,0.251667300002282,True,True,2,05_runtime_budget_baselines/raw_runs.csv
Runtime budget baseline,Chao,ILS,p7.2.i,2,2500,6.343717100000049,6.093717100000049,15238,527.0,580.0,9.137931034482758,164.37984429413353,31,6.0921179999968444,0.2515991000032045,True,True,2,05_runtime_budget_baselines/raw_runs.csv
Runtime budget baseline,Chao,ILS,p7.2.i,3,2500,6.343717100000049,6.093717100000049,15065,527.0,580.0,9.137931034482758,164.37984429413353,31,6.092201399998885,0.2515157000011641,True,True,2,05_runtime_budget_baselines/raw_runs.csv
Runtime budget baseline,Chao,ILS,p7.2.j,0,2500,6.691466100000525,6.441466100000525,14640,587.0,646.0,9.13312693498452,198.82804565698464,34,6.439911700002995,0.2515543999975307,True,True,2,05_runtime_budget_baselines/raw_runs.csv
Runtime budget baseline,Chao,ILS,p7.2.j,1,2500,6.691466100000525,6.441466100000525,14498,556.0,646.0,13.93188854489164,174.21065978804586,33,6.439680499999668,0.2517856000008578,True,True,2,05_runtime_budget_baselines/raw_runs.csv
Runtime budget baseline,Chao,ILS,p7.2.j,2,2500,6.691466100000525,6.441466100000525,14329,582.0,646.0,9.907120743034056,194.74042178966903,34,6.437626499999169,0.2538396000013563,True,True,2,05_runtime_budget_baselines/raw_runs.csv
Runtime budget baseline,Chao,ILS,p7.2.j,3,2500,6.691466100000525,6.441466100000525,14738,581.0,646.0,10.061919504643964,194.447388766498,33,6.437939399998868,0.2535267000016574,True,True,2,05_runtime_budget_baselines/raw_runs.csv
Runtime budget baseline,Chao,ILS,p7.2.k,0,2500,7.009295225000187,6.759295225000187,14205,607.0,705.0,13.900709219858156,203.06488972179105,36,6.752363299998251,0.2569319250019362,True,True,2,05_runtime_budget_baselines/raw_runs.csv
Runtime budget baseline,Chao,ILS,p7.2.k,1,2500,7.009295225000187,6.759295225000187,14229,607.0,705.0,13.900709219858156,203.06488972179105,36,6.752170600000682,0.2571246249995056,True,True,2,05_runtime_budget_baselines/raw_runs.csv
Runtime budget baseline,Chao,ILS,p7.2.k,2,2500,7.009295225000187,6.759295225000187,14282,607.0,705.0,13.900709219858156,204.69487901103025,36,6.757839699999749,0.2514555250004378,True,True,2,05_runtime_budget_baselines/raw_runs.csv
Runtime budget baseline,Chao,ILS,p7.2.k,3,2500,7.009295225000187,6.759295225000187,14320,607.0,705.0,13.900709219858156,203.06488972179105,36,6.757497200000216,0.2517980249999709,True,True,2,05_runtime_budget_baselines/raw_runs.csv
Runtime budget baseline,Chao,ILS,p7.2.l,0,2500,7.582449850000557,7.332449850000557,15311,623.0,767.0,18.77444589308996,228.1221465858957,36,7.325406899999507,0.2570429500010505,True,True,2,05_runtime_budget_baselines/raw_runs.csv
Runtime budget baseline,Chao,ILS,p7.2.l,1,2500,7.582449850000557,7.332449850000557,16417,630.0,767.0,17.86179921773142,228.90964530043547,33,7.325454499998159,0.2569953500023985,True,True,2,05_runtime_budget_baselines/raw_runs.csv
Runtime budget baseline,Chao,ILS,p7.2.l,2,2500,7.582449850000557,7.332449850000557,15432,623.0,767.0,18.77444589308996,228.1221465858957,36,7.330842299998039,0.2516075500025181,True,True,2,05_runtime_budget_baselines/raw_runs.csv
Runtime budget baseline,Chao,ILS,p7.2.l,3,2500,7.582449850000557,7.332449850000557,15405,623.0,767.0,18.77444589308996,228.1221465858957,36,7.330570000001899,0.2518798499986587,True,True,2,05_runtime_budget_baselines/raw_runs.csv
Runtime budget baseline,Chao,ILS,p7.2.m,0,2500,8.282400724999206,8.032400724999206,15576,689.0,827.0,16.68681983071342,249.12254188091885,39,8.026530999999522,0.2558697249996839,True,True,2,05_runtime_budget_baselines/raw_runs.csv
Runtime budget baseline,Chao,ILS,p7.2.m,1,2500,8.282400724999206,8.032400724999206,15465,670.0,827.0,18.98428053204353,251.67340807543263,40,8.026518899998337,0.2558818250008698,True,True,2,05_runtime_budget_baselines/raw_runs.csv
Runtime budget baseline,Chao,ILS,p7.2.m,2,2500,8.282400724999206,8.032400724999206,15386,670.0,827.0,18.98428053204353,251.67340807543263,40,8.030903799997759,0.2514969250014474,True,True,2,05_runtime_budget_baselines/raw_runs.csv
Runtime budget baseline,Chao,ILS,p7.2.m,3,2500,8.282400724999206,8.032400724999206,15239,692.0,827.0,16.324062877871825,252.237471337686,40,8.030968799997936,0.2514319250012704,True,True,2,05_runtime_budget_baselines/raw_runs.csv
Runtime budget baseline,Chao,ILS,p7.2.n,0,2500,8.72089752500051,8.47089752500051,11436,738.0,888.0,16.89189189189189,262.70487670337485,42,8.469544000003225,0.2513535249972847,True,True,2,05_runtime_budget_baselines/raw_runs.csv
Runtime budget baseline,Chao,ILS,p7.2.n,1,2500,8.72089752500051,8.47089752500051,11457,738.0,888.0,16.89189189189189,262.70487670337485,42,8.469373200001428,0.2515243249990817,True,True,2,05_runtime_budget_baselines/raw_runs.csv
Runtime budget baseline,Chao,ILS,p7.2.n,2,2500,8.72089752500051,8.47089752500051,11352,737.0,888.0,17.004504504504503,259.8828265818754,42,8.468444199999794,0.2524533250007152,True,True,2,05_runtime_budget_baselines/raw_runs.csv
Runtime budget baseline,Chao,ILS,p7.2.n,3,2500,8.72089752500051,8.47089752500051,11405,770.0,888.0,13.288288288288289,272.38424324611736,42,8.468538200002513,0.2523593249979967,True,True,2,05_runtime_budget_baselines/raw_runs.csv
Runtime budget baseline,Chao,ILS,p7.2.o,0,2500,9.018516125000133,8.768516125000133,11017,807.0,945.0,14.603174603174603,297.8932280035983,46,8.762153100000432,0.2563630249997004,True,True,2,05_runtime_budget_baselines/raw_runs.csv
Runtime budget baseline,Chao,ILS,p7.2.o,1,2500,9.018516125000133,8.768516125000133,11009,807.0,945.0,14.603174603174603,297.8932280035983,46,8.761796099999628,0.2567200250005044,True,True,2,05_runtime_budget_baselines/raw_runs.csv
Runtime budget baseline,Chao,ILS,p7.2.o,2,2500,9.018516125000133,8.768516125000133,11087,807.0,945.0,14.603174603174603,297.8932280035983,46,8.766971799999737,0.2515443250003955,True,True,2,05_runtime_budget_baselines/raw_runs.csv
Runtime budget baseline,Chao,ILS,p7.2.o,3,2500,9.018516125000133,8.768516125000133,11032,807.0,945.0,14.603174603174603,297.8932280035983,46,8.766740800001571,0.2517753249985617,True,True,2,05_runtime_budget_baselines/raw_runs.csv
Runtime budget baseline,Chao,ILS,p7.2.p,0,2500,9.66209047500024,9.41209047500024,11356,843.0,1002.0,15.868263473053892,307.79687305679147,47,9.405296799999633,0.2567936750006083,True,True,2,05_runtime_budget_baselines/raw_runs.csv
Runtime budget baseline,Chao,ILS,p7.2.p,1,2500,9.66209047500024,9.41209047500024,11156,843.0,1002.0,15.868263473053892,307.79687305679147,47,9.405549499999324,0.2565409750009166,True,True,2,05_runtime_budget_baselines/raw_runs.csv
Runtime budget baseline,Chao,ILS,p7.2.p,2,2500,9.66209047500024,9.41209047500024,11429,843.0,1002.0,15.868263473053892,307.79687305679147,47,9.410504100000251,0.251586374999988,True,True,2,05_runtime_budget_baselines/raw_runs.csv
Runtime budget baseline,Chao,ILS,p7.2.p,3,2500,9.66209047500024,9.41209047500024,11193,843.0,1002.0,15.868263473053892,307.79687305679147,47,9.410542399997212,0.2515480750030292,True,True,2,05_runtime_budget_baselines/raw_runs.csv
Runtime budget baseline,Chao,ILS,p7.2.q,0,2500,10.50594052500037,10.25594052500037,8619,876.0,1044.0,16.091954022988507,327.19196070213366,53,10.253455800000664,0.2524847249997037,True,True,2,05_runtime_budget_baselines/raw_runs.csv
Runtime budget baseline,Chao,ILS,p7.2.q,1,2500,10.50594052500037,10.25594052500037,8613,876.0,1044.0,16.091954022988507,327.19196070213366,53,10.254108799999813,0.2518317250005566,True,True,2,05_runtime_budget_baselines/raw_runs.csv
Runtime budget baseline,Chao,ILS,p7.2.q,2,2500,10.50594052500037,10.25594052500037,8642,876.0,1044.0,16.091954022988507,327.19196070213366,53,10.251867599999969,0.2540729250004006,True,True,2,05_runtime_budget_baselines/raw_runs.csv
Runtime budget baseline,Chao,ILS,p7.2.q,3,2500,10.50594052500037,10.25594052500037,8674,876.0,1044.0,16.091954022988507,327.19196070213366,53,10.25300199999765,0.2529385250027189,True,True,2,05_runtime_budget_baselines/raw_runs.csv
Runtime budget baseline,Chao,ILS,p7.2.r,0,2500,10.3198067000003,10.0698067000003,7943,941.0,1094.0,13.985374771480805,349.1963621142768,57,10.066281100000197,0.2535256000001027,True,True,2,05_runtime_budget_baselines/raw_runs.csv
Runtime budget baseline,Chao,ILS,p7.2.r,1,2500,10.3198067000003,10.0698067000003,7918,941.0,1094.0,13.985374771480805,349.1963621142768,57,10.065923999998631,0.2538827000016681,True,True,2,05_runtime_budget_baselines/raw_runs.csv
Runtime budget baseline,Chao,ILS,p7.2.r,2,2500,10.3198067000003,10.0698067000003,8212,950.0,1094.0,13.162705667276052,353.8293119725494,55,10.067700800002058,0.2521058999982415,True,True,2,05_runtime_budget_baselines/raw_runs.csv
Runtime budget baseline,Chao,ILS,p7.2.r,3,2500,10.3198067000003,10.0698067000003,8016,934.0,1094.0,14.625228519195613,344.71039260929297,56,10.068168999998306,0.2516377000019929,True,True,2,05_runtime_budget_baselines/raw_runs.csv
Runtime budget baseline,Chao,ILS,p7.2.s,0,2500,10.608844649999355,10.358844649999355,8035,955.0,1136.0,15.933098591549296,355.7883908686431,57,10.356008800001293,0.2528358499980641,True,True,2,05_runtime_budget_baselines/raw_runs.csv
Runtime budget baseline,Chao,ILS,p7.2.s,1,2500,10.608844649999355,10.358844649999355,7979,982.0,1136.0,13.556338028169014,370.4688394755348,58,10.35736149999866,0.2514831500006949,True,True,2,05_runtime_budget_baselines/raw_runs.csv
Runtime budget baseline,Chao,ILS,p7.2.s,2,2500,10.608844649999355,10.358844649999355,8137,972.0,1136.0,14.43661971830986,367.68989361473166,57,10.35320639999918,0.2556382500001746,True,True,2,05_runtime_budget_baselines/raw_runs.csv
Runtime budget baseline,Chao,ILS,p7.2.s,3,2500,10.608844649999355,10.358844649999355,7942,965.0,1136.0,15.05281690140845,362.5762720804125,58,10.353169099998922,0.2556755500004328,True,True,2,05_runtime_budget_baselines/raw_runs.csv
Runtime budget baseline,Chao,ILS,p7.2.t,0,2500,10.843478000000232,10.593478000000232,8168,1065.0,1179.0,9.669211195928753,397.35278250898335,59,10.590532399997755,0.2529456000024765,True,True,2,05_runtime_budget_baselines/raw_runs.csv
Runtime budget baseline,Chao,ILS,p7.2.t,1,2500,10.843478000000232,10.593478000000232,8143,1068.0,1179.0,9.414758269720101,393.3023373407637,59,10.591967100001057,0.2515108999991753,True,True,2,05_runtime_budget_baselines/raw_runs.csv
Runtime budget baseline,Chao,ILS,p7.2.t,2,2500,10.843478000000232,10.593478000000232,8065,1054.0,1179.0,10.60220525869381,395.4277137705436,59,10.586576500001684,0.2569014999985484,True,True,2,05_runtime_budget_baselines/raw_runs.csv
Runtime budget baseline,Chao,ILS,p7.2.t,3,2500,10.843478000000232,10.593478000000232,7841,1018.0,1179.0,13.655640373197626,375.88936136185066,60,10.5863231000003,0.2571548999999322,True,True,2,05_runtime_budget_baselines/raw_runs.csv
Runtime budget baseline,Chao,ILS,p7.3.h,0,2500,3.63703277500008,3.38703277500008,14318,390.0,425.0,8.235294117647058,144.93832463823398,22,3.385313500002667,0.2517192749974128,True,True,2,05_runtime_budget_baselines/raw_runs.csv
Runtime budget baseline,Chao,ILS,p7.3.h,1,2500,3.63703277500008,3.38703277500008,14231,390.0,425.0,8.235294117647058,144.93832463823398,22,3.38524370000232,0.2517890749977596,True,True,2,05_runtime_budget_baselines/raw_runs.csv
Runtime budget baseline,Chao,ILS,p7.3.h,2,2500,3.63703277500008,3.38703277500008,14298,390.0,425.0,8.235294117647058,144.93832463823398,22,3.385340600001655,0.2516921749984249,True,True,2,05_runtime_budget_baselines/raw_runs.csv
Runtime budget baseline,Chao,ILS,p7.3.h,3,2500,3.63703277500008,3.38703277500008,14206,390.0,425.0,8.235294117647058,144.93832463823398,22,3.3852095999973244,0.2518231750027553,True,True,2,05_runtime_budget_baselines/raw_runs.csv
Runtime budget baseline,Chao,ILS,p7.3.i,0,2500,4.341944450000483,4.091944450000483,15656,442.0,487.0,9.240246406570842,158.3721892172655,25,4.090036199999304,0.2519082500011791,True,True,2,05_runtime_budget_baselines/raw_runs.csv
Runtime budget baseline,Chao,ILS,p7.3.i,1,2500,4.341944450000483,4.091944450000483,15718,442.0,487.0,9.240246406570842,158.3721892172655,25,4.0902692999989085,0.2516751500015743,True,True,2,05_runtime_budget_baselines/raw_runs.csv
Runtime budget baseline,Chao,ILS,p7.3.i,2,2500,4.341944450000483,4.091944450000483,15520,442.0,487.0,9.240246406570842,158.3721892172655,25,4.090039500002604,0.2519049499978791,True,True,2,05_runtime_budget_baselines/raw_runs.csv
Runtime budget baseline,Chao,ILS,p7.3.i,3,2500,4.341944450000483,4.091944450000483,15592,442.0,487.0,9.240246406570842,158.3721892172655,25,4.090075899999647,0.2518685500008359,True,True,2,05_runtime_budget_baselines/raw_runs.csv
Runtime budget baseline,Chao,ILS,p7.3.j,0,2500,4.910080750000816,4.660080750000816,10809,510.0,564.0,9.574468085106384,186.8180391818288,31,4.656084600002941,0.2539961499978744,True,True,2,05_runtime_budget_baselines/raw_runs.csv
Runtime budget baseline,Chao,ILS,p7.3.j,1,2500,4.910080750000816,4.660080750000816,10875,510.0,564.0,9.574468085106384,186.8180391818288,31,4.656096400001843,0.2539843499989729,True,True,2,05_runtime_budget_baselines/raw_runs.csv
Runtime budget baseline,Chao,ILS,p7.3.j,2,2500,4.910080750000816,4.660080750000816,10820,510.0,564.0,9.574468085106384,186.8180391818288,31,4.658455299999332,0.2516254500014838,True,True,2,05_runtime_budget_baselines/raw_runs.csv
Runtime budget baseline,Chao,ILS,p7.3.j,3,2500,4.910080750000816,4.660080750000816,10887,510.0,564.0,9.574468085106384,186.8180391818288,31,4.658549499999936,0.2515312500008804,True,True,2,05_runtime_budget_baselines/raw_runs.csv
Runtime budget baseline,Chao,ILS,p7.3.k,0,2500,6.26389805000008,6.01389805000008,12370,541.0,633.0,14.533965244865719,203.99095016458227,36,6.007605999999214,0.2562920500008658,True,True,2,05_runtime_budget_baselines/raw_runs.csv
Runtime budget baseline,Chao,ILS,p7.3.k,1,2500,6.26389805000008,6.01389805000008,12347,541.0,633.0,14.533965244865719,203.99095016458227,36,6.007789200000843,0.2561088499992365,True,True,2,05_runtime_budget_baselines/raw_runs.csv
Runtime budget baseline,Chao,ILS,p7.3.k,2,2500,6.26389805000008,6.01389805000008,12350,541.0,633.0,14.533965244865719,203.99095016458227,36,6.012620400000742,0.2512776499993379,True,True,2,05_runtime_budget_baselines/raw_runs.csv
Runtime budget baseline,Chao,ILS,p7.3.k,3,2500,6.26389805000008,6.01389805000008,12352,541.0,633.0,14.533965244865719,203.99095016458227,36,6.012383500001306,0.2515145499987739,True,True,2,05_runtime_budget_baselines/raw_runs.csv
Runtime budget baseline,Chao,ILS,p7.3.l,0,2500,6.489253450000433,6.239253450000433,12135,601.0,684.0,12.134502923976608,221.1853648778574,38,6.237687299999379,0.2515661500010537,True,True,2,05_runtime_budget_baselines/raw_runs.csv
Runtime budget baseline,Chao,ILS,p7.3.l,1,2500,6.489253450000433,6.239253450000433,12009,601.0,684.0,12.134502923976608,221.1853648778574,38,6.237513500000205,0.2517399500002284,True,True,2,05_runtime_budget_baselines/raw_runs.csv
Runtime budget baseline,Chao,ILS,p7.3.l,2,2500,6.489253450000433,6.239253450000433,12011,601.0,684.0,12.134502923976608,221.1853648778574,38,6.237158799998724,0.2520946500017089,True,True,2,05_runtime_budget_baselines/raw_runs.csv
Runtime budget baseline,Chao,ILS,p7.3.l,3,2500,6.489253450000433,6.239253450000433,12081,601.0,684.0,12.134502923976608,221.1853648778574,38,6.237197899998137,0.2520555500022965,True,True,2,05_runtime_budget_baselines/raw_runs.csv
Runtime budget baseline,Chao,ILS,p7.3.m,0,2500,6.316391799999565,6.066391799999565,11131,670.0,762.0,12.073490813648293,246.9587428881647,40,6.06492470000012,0.251467099999445,True,True,2,05_runtime_budget_baselines/raw_runs.csv
Runtime budget baseline,Chao,ILS,p7.3.m,1,2500,6.316391799999565,6.066391799999565,11107,670.0,762.0,12.073490813648293,246.9587428881647,40,6.06144299999869,0.254948800000875,True,True,2,05_runtime_budget_baselines/raw_runs.csv
Runtime budget baseline,Chao,ILS,p7.3.m,2,2500,6.316391799999565,6.066391799999565,11236,670.0,762.0,12.073490813648293,246.9587428881647,40,6.064947300001222,0.2514444999983425,True,True,2,05_runtime_budget_baselines/raw_runs.csv
Runtime budget baseline,Chao,ILS,p7.3.m,3,2500,6.316391799999565,6.066391799999565,11317,670.0,762.0,12.073490813648293,246.9587428881647,40,6.064607599997544,0.2517842000020209,True,True,2,05_runtime_budget_baselines/raw_runs.csv
Runtime budget baseline,Chao,ILS,p7.3.n,0,2500,6.954018099999757,6.704018099999757,8678,732.0,820.0,10.731707317073171,263.00250668331154,43,6.701078300000518,0.2529397999992397,True,True,2,05_runtime_budget_baselines/raw_runs.csv
Runtime budget baseline,Chao,ILS,p7.3.n,1,2500,6.954018099999757,6.704018099999757,8694,732.0,820.0,10.731707317073171,263.00250668331154,43,6.702128299999458,0.2518898000002991,True,True,2,05_runtime_budget_baselines/raw_runs.csv
Runtime budget baseline,Chao,ILS,p7.3.n,2,2500,6.954018099999757,6.704018099999757,8647,725.0,820.0,11.585365853658537,264.54694539247475,43,6.701565800001845,0.2524522999979126,True,True,2,05_runtime_budget_baselines/raw_runs.csv
Runtime budget baseline,Chao,ILS,p7.3.n,3,2500,6.954018099999757,6.704018099999757,8673,732.0,820.0,10.731707317073171,263.00250668331154,43,6.701947199999268,0.2520709000004899,True,True,2,05_runtime_budget_baselines/raw_runs.csv
Runtime budget baseline,Chao,ILS,p7.3.o,0,2500,7.014665999999579,6.764665999999579,8345,769.0,874.0,12.013729977116705,276.4613483337492,45,6.757411300000968,0.2572546999986116,True,True,2,05_runtime_budget_baselines/raw_runs.csv
Runtime budget baseline,Chao,ILS,p7.3.o,1,2500,7.014665999999579,6.764665999999579,8390,769.0,874.0,12.013729977116705,276.4613483337492,45,6.757703999999649,0.2569619999999304,True,True,2,05_runtime_budget_baselines/raw_runs.csv
Runtime budget baseline,Chao,ILS,p7.3.o,2,2500,7.014665999999579,6.764665999999579,8374,769.0,874.0,12.013729977116705,276.4613483337492,45,6.763322399998287,0.2513436000012916,True,True,2,05_runtime_budget_baselines/raw_runs.csv
Runtime budget baseline,Chao,ILS,p7.3.o,3,2500,7.014665999999579,6.764665999999579,8399,769.0,874.0,12.013729977116705,276.4613483337492,45,6.763470699999743,0.2511952999998357,True,True,2,05_runtime_budget_baselines/raw_runs.csv
Runtime budget baseline,Chao,ILS,p7.3.p,0,2500,7.389539050000167,7.139539050000167,8700,839.0,929.0,9.68783638320775,312.20470215959966,46,7.136580900001718,0.2529581499984488,True,True,2,05_runtime_budget_baselines/raw_runs.csv
Runtime budget baseline,Chao,ILS,p7.3.p,1,2500,7.389539050000167,7.139539050000167,8729,831.0,929.0,10.54897739504844,313.9190355576259,46,7.137340900000709,0.2521981499994581,True,True,2,05_runtime_budget_baselines/raw_runs.csv
Runtime budget baseline,Chao,ILS,p7.3.p,2,2500,7.389539050000167,7.139539050000167,8705,840.0,929.0,9.580193756727665,313.71493312138443,46,7.137249800001882,0.2522892499982845,True,True,2,05_runtime_budget_baselines/raw_runs.csv
Runtime budget baseline,Chao,ILS,p7.3.p,3,2500,7.389539050000167,7.139539050000167,8994,824.0,929.0,11.302475780409042,310.15195037858905,43,7.132618600000569,0.2569204499995976,True,True,2,05_runtime_budget_baselines/raw_runs.csv
Runtime budget baseline,Chao,ILS,p7.3.q,0,2500,7.743643349999729,7.493643349999729,8702,877.0,987.0,11.144883485309018,335.9332317040381,49,7.492263100000855,0.2513802499988742,True,True,2,05_runtime_budget_baselines/raw_runs.csv
Runtime budget baseline,Chao,ILS,p7.3.q,1,2500,7.743643349999729,7.493643349999729,8705,890.0,987.0,9.827760891590678,337.58586244556574,49,7.492587099997763,0.2510562500019659,True,True,2,05_runtime_budget_baselines/raw_runs.csv
Runtime budget baseline,Chao,ILS,p7.3.q,2,2500,7.743643349999729,7.493643349999729,8755,877.0,987.0,11.144883485309018,335.9332317040381,49,7.485536899999715,0.2581064500000138,True,True,2,05_runtime_budget_baselines/raw_runs.csv
Runtime budget baseline,Chao,ILS,p7.3.q,3,2500,7.743643349999729,7.493643349999729,8694,877.0,987.0,11.144883485309018,334.3032424147989,49,7.491232799999125,0.2524105500006044,True,True,2,05_runtime_budget_baselines/raw_runs.csv
Runtime budget baseline,Chao,ILS,p7.3.r,0,2500,8.269940325000334,8.019940325000334,9132,856.0,1026.0,16.569200779727094,343.36754180825324,48,8.018295199999557,0.2516451250007776,True,True,2,05_runtime_budget_baselines/raw_runs.csv
Runtime budget baseline,Chao,ILS,p7.3.r,1,2500,8.269940325000334,8.019940325000334,9277,817.0,1026.0,20.37037037037037,350.7825717565152,49,8.018118399999366,0.2518219250009679,True,True,2,05_runtime_budget_baselines/raw_runs.csv
Runtime budget baseline,Chao,ILS,p7.3.r,2,2500,8.269940325000334,8.019940325000334,9281,863.0,1026.0,15.886939571150098,347.9004043255513,48,8.016709299998183,0.253231025002151,True,True,2,05_runtime_budget_baselines/raw_runs.csv
Runtime budget baseline,Chao,ILS,p7.3.r,3,2500,8.269940325000334,8.019940325000334,9145,820.0,1026.0,20.077972709551656,354.24582104385564,50,8.01716049999959,0.2527798250007436,True,True,2,05_runtime_budget_baselines/raw_runs.csv
Runtime budget baseline,Chao,ILS,p7.3.s,0,2500,8.896971825000492,8.646971825000492,7731,887.0,1081.0,17.946345975948198,364.21883527197866,51,8.645657799999753,0.2513140250007382,True,True,2,05_runtime_budget_baselines/raw_runs.csv
Runtime budget baseline,Chao,ILS,p7.3.s,1,2500,8.896971825000492,8.646971825000492,7153,868.0,1081.0,19.703977798334876,364.288418399948,53,8.645668999997724,0.2513028250027673,True,True,2,05_runtime_budget_baselines/raw_runs.csv
Runtime budget baseline,Chao,ILS,p7.3.s,2,2500,8.896971825000492,8.646971825000492,7202,880.0,1081.0,18.593894542090656,369.4994123649618,51,8.64505470000222,0.2519171249982719,True,True,2,05_runtime_budget_baselines/raw_runs.csv
Runtime budget baseline,Chao,ILS,p7.3.s,3,2500,8.896971825000492,8.646971825000492,7142,879.0,1081.0,18.68640148011101,363.90291136050746,52,8.643987899999047,0.2529839250014447,True,True,2,05_runtime_budget_baselines/raw_runs.csv
Runtime budget baseline,Chao,ILS,p7.3.t,0,2500,9.199892474999617,8.949892474999615,6873,961.0,1120.0,14.196428571428571,388.70701297927656,58,8.943715999997949,0.2561764750016664,True,True,2,05_runtime_budget_baselines/raw_runs.csv
Runtime budget baseline,Chao,ILS,p7.3.t,1,2500,9.199892474999617,8.949892474999615,6866,961.0,1120.0,14.196428571428571,388.70701297927656,58,8.942688999999518,0.2572034750000966,True,True,2,05_runtime_budget_baselines/raw_runs.csv
Runtime budget baseline,Chao,ILS,p7.3.t,2,2500,9.199892474999617,8.949892474999615,6895,963.0,1120.0,14.017857142857142,387.0767352138964,58,8.94343519999893,0.2564572750006846,True,True,2,05_runtime_budget_baselines/raw_runs.csv
Runtime budget baseline,Chao,ILS,p7.3.t,3,2500,9.199892474999617,8.949892474999615,6887,961.0,1120.0,14.196428571428571,388.70701297927656,58,8.944457000001421,0.2554354749981939,True,True,2,05_runtime_budget_baselines/raw_runs.csv
Runtime budget baseline,Chao,ILS,p7.4.g,0,2500,2.230402299999241,1.9804022999992408,15048,187.0,217.0,13.824884792626728,108.98529553679148,12,1.978495199997269,0.2519071000019721,True,True,2,05_runtime_budget_baselines/raw_runs.csv
Runtime budget baseline,Chao,ILS,p7.4.g,1,2500,2.230402299999241,1.9804022999992408,14987,187.0,217.0,13.824884792626728,107.97115965679852,12,1.9785369000019275,0.2518653999973139,True,True,2,05_runtime_budget_baselines/raw_runs.csv
Runtime budget baseline,Chao,ILS,p7.4.g,2,2500,2.230402299999241,1.9804022999992408,15052,187.0,217.0,13.824884792626728,108.98529553679148,12,1.9785804999992247,0.2518218000000161,True,True,2,05_runtime_budget_baselines/raw_runs.csv
Runtime budget baseline,Chao,ILS,p7.4.g,3,2500,2.230402299999241,1.9804022999992408,15083,187.0,217.0,13.824884792626728,108.98529553679148,12,1.9785746999987168,0.2518276000005244,True,True,2,05_runtime_budget_baselines/raw_runs.csv
Runtime budget baseline,Chao,ILS,p7.4.h,0,2500,2.711994350000168,2.461994350000168,17200,259.0,285.0,9.12280701754386,146.58439802159165,15,2.4597152000023925,0.2522791499977757,True,True,2,05_runtime_budget_baselines/raw_runs.csv
Runtime budget baseline,Chao,ILS,p7.4.h,1,2500,2.711994350000168,2.461994350000168,17261,259.0,285.0,9.12280701754386,146.58439802159165,15,2.459910800000216,0.2520835499999521,True,True,2,05_runtime_budget_baselines/raw_runs.csv
Runtime budget baseline,Chao,ILS,p7.4.h,2,2500,2.711994350000168,2.461994350000168,17157,259.0,285.0,9.12280701754386,146.58439802159165,15,2.4601297000008344,0.2518646499993338,True,True,2,05_runtime_budget_baselines/raw_runs.csv
Runtime budget baseline,Chao,ILS,p7.4.h,3,2500,2.711994350000168,2.461994350000168,17210,259.0,285.0,9.12280701754386,146.58439802159165,15,2.4600705999982893,0.2519237500018789,True,True,2,05_runtime_budget_baselines/raw_runs.csv
Runtime budget baseline,Chao,ILS,p7.4.i,0,2500,3.1855116500000804,2.9355116500000804,17608,338.0,366.0,7.6502732240437155,172.7826311836675,20,2.9336799000011524,0.251831749998928,True,True,2,05_runtime_budget_baselines/raw_runs.csv
Runtime budget baseline,Chao,ILS,p7.4.i,1,2500,3.1855116500000804,2.9355116500000804,17451,338.0,366.0,7.6502732240437155,172.7826311836675,20,2.9335920000012266,0.2519196499988538,True,True,2,05_runtime_budget_baselines/raw_runs.csv
Runtime budget baseline,Chao,ILS,p7.4.i,2,2500,3.1855116500000804,2.9355116500000804,17608,338.0,366.0,7.6502732240437155,172.7826311836675,20,2.933597600000212,0.2519140499998684,True,True,2,05_runtime_budget_baselines/raw_runs.csv
Runtime budget baseline,Chao,ILS,p7.4.i,3,2500,3.1855116500000804,2.9355116500000804,17471,338.0,366.0,7.6502732240437155,172.7826311836675,20,2.9336813000008988,0.2518303499991816,True,True,2,05_runtime_budget_baselines/raw_runs.csv
Runtime budget baseline,Chao,ILS,p7.4.k,0,2500,4.843515449999359,4.593515449999359,14778,462.0,520.0,11.153846153846153,199.07040840360395,29,4.591613300002791,0.2519021499965674,True,True,2,05_runtime_budget_baselines/raw_runs.csv
Runtime budget baseline,Chao,ILS,p7.4.k,1,2500,4.843515449999359,4.593515449999359,14847,462.0,520.0,11.153846153846153,199.07040840360395,29,4.591977500000212,0.2515379499991468,True,True,2,05_runtime_budget_baselines/raw_runs.csv
Runtime budget baseline,Chao,ILS,p7.4.k,2,2500,4.843515449999359,4.593515449999359,14868,462.0,520.0,11.153846153846153,199.07040840360395,29,4.591691500001616,0.2518239499977426,True,True,2,05_runtime_budget_baselines/raw_runs.csv
Runtime budget baseline,Chao,ILS,p7.4.k,3,2500,4.843515449999359,4.593515449999359,14913,462.0,520.0,11.153846153846153,199.07040840360395,29,4.591761800002132,0.2517536499972266,True,True,2,05_runtime_budget_baselines/raw_runs.csv
Runtime budget baseline,Chao,ILS,p7.4.l,0,2500,5.106824675000098,4.856824675000098,11521,519.0,590.0,12.033898305084746,222.759798409554,32,4.855032999999821,0.2517916750002769,True,True,2,05_runtime_budget_baselines/raw_runs.csv
Runtime budget baseline,Chao,ILS,p7.4.l,1,2500,5.106824675000098,4.856824675000098,11796,519.0,590.0,12.033898305084746,222.759798409554,32,4.8549772999976994,0.2518473750023986,True,True,2,05_runtime_budget_baselines/raw_runs.csv
Runtime budget baseline,Chao,ILS,p7.4.l,2,2500,5.106824675000098,4.856824675000098,11500,519.0,590.0,12.033898305084746,222.759798409554,32,4.854930500001501,0.251894174998597,True,True,2,05_runtime_budget_baselines/raw_runs.csv
Runtime budget baseline,Chao,ILS,p7.4.l,3,2500,5.106824675000098,4.856824675000098,11532,519.0,590.0,12.033898305084746,222.759798409554,32,4.855193199997302,0.2516314750027959,True,True,2,05_runtime_budget_baselines/raw_runs.csv
Runtime budget baseline,Chao,ILS,p7.4.m,0,2500,5.672325449999789,5.422325449999789,10983,563.0,646.0,12.84829721362229,232.63930736858904,34,5.420832399999199,0.2514930500005903,True,True,2,05_runtime_budget_baselines/raw_runs.csv
Runtime budget baseline,Chao,ILS,p7.4.m,1,2500,5.672325449999789,5.422325449999789,11058,563.0,646.0,12.84829721362229,232.63930736858904,34,5.420641200002137,0.2516842499976519,True,True,2,05_runtime_budget_baselines/raw_runs.csv
Runtime budget baseline,Chao,ILS,p7.4.m,2,2500,5.672325449999789,5.422325449999789,10987,563.0,646.0,12.84829721362229,232.63930736858904,34,5.420980999999301,0.251344450000488,True,True,2,05_runtime_budget_baselines/raw_runs.csv
Runtime budget baseline,Chao,ILS,p7.4.m,3,2500,5.672325449999789,5.422325449999789,11046,563.0,646.0,12.84829721362229,232.63930736858904,34,5.420679899998504,0.2516455500012853,True,True,2,05_runtime_budget_baselines/raw_runs.csv
Runtime budget baseline,Chao,ILS,p7.4.n,0,2500,6.741882575000091,6.491882575000091,11991,607.0,730.0,16.84931506849315,251.5015227657672,38,6.486230500002421,0.2556520749976698,True,True,2,05_runtime_budget_baselines/raw_runs.csv
Runtime budget baseline,Chao,ILS,p7.4.n,1,2500,6.741882575000091,6.491882575000091,12054,607.0,730.0,16.84931506849315,253.3228400543886,38,6.490044499998476,0.2518380750016149,True,True,2,05_runtime_budget_baselines/raw_runs.csv
Runtime budget baseline,Chao,ILS,p7.4.n,2,2500,6.741882575000091,6.491882575000091,11976,607.0,730.0,16.84931506849315,250.54576261264936,38,6.490096800000174,0.2517857749999166,True,True,2,05_runtime_budget_baselines/raw_runs.csv
Runtime budget baseline,Chao,ILS,p7.4.n,3,2500,6.741882575000091,6.491882575000091,12032,607.0,730.0,16.84931506849315,251.5015227657672,38,6.490291099999013,0.2515914750010779,True,True,2,05_runtime_budget_baselines/raw_runs.csv
Runtime budget baseline,Chao,ILS,p7.4.o,0,2500,6.809454424999785,6.559454424999785,8368,662.0,781.0,15.236875800256081,274.4451931067624,41,6.558218600002874,0.2512358249969111,True,True,2,05_runtime_budget_baselines/raw_runs.csv
Runtime budget baseline,Chao,ILS,p7.4.o,1,2500,6.809454424999785,6.559454424999785,8339,662.0,781.0,15.236875800256081,274.4451931067624,41,6.556921999999759,0.2525324250000267,True,True,2,05_runtime_budget_baselines/raw_runs.csv
Runtime budget baseline,Chao,ILS,p7.4.o,2,2500,6.809454424999785,6.559454424999785,8372,662.0,781.0,15.236875800256081,274.4451931067624,41,6.556931300001452,0.2525231249983335,True,True,2,05_runtime_budget_baselines/raw_runs.csv
Runtime budget baseline,Chao,ILS,p7.4.o,3,2500,6.809454424999785,6.559454424999785,8398,662.0,781.0,15.236875800256081,274.4451931067624,41,6.557590399999754,0.2518640250000317,True,True,2,05_runtime_budget_baselines/raw_runs.csv
Runtime budget baseline,Chao,ILS,p7.4.p,0,2500,7.157711650000692,6.907711650000692,8659,736.0,846.0,13.002364066193854,304.3651278758802,42,6.906112700002268,0.2515989499984243,True,True,2,05_runtime_budget_baselines/raw_runs.csv
Runtime budget baseline,Chao,ILS,p7.4.p,1,2500,7.157711650000692,6.907711650000692,10735,729.0,846.0,13.829787234042554,302.8013421995333,40,6.905644399997982,0.2520672500027103,True,True,2,05_runtime_budget_baselines/raw_runs.csv
Runtime budget baseline,Chao,ILS,p7.4.p,2,2500,7.157711650000692,6.907711650000692,8507,730.0,846.0,13.711583924349881,300.8255790186477,43,6.906205899998895,0.2515057500017974,True,True,2,05_runtime_budget_baselines/raw_runs.csv
Runtime budget baseline,Chao,ILS,p7.4.p,3,2500,7.157711650000692,6.907711650000692,8549,730.0,846.0,13.711583924349881,300.8255790186477,43,6.906384800000524,0.2513268500001686,True,True,2,05_runtime_budget_baselines/raw_runs.csv
Runtime budget baseline,Chao,ILS,p7.4.q,0,2500,7.599131425000451,7.349131425000451,8592,782.0,909.0,13.971397139713972,314.0348911099157,46,7.347036700000899,0.2520947249995515,True,True,2,05_runtime_budget_baselines/raw_runs.csv
Runtime budget baseline,Chao,ILS,p7.4.q,1,2500,7.599131425000451,7.349131425000451,8775,772.0,909.0,15.071507150715071,307.7248041749145,45,7.347511699997995,0.2516197250024561,True,True,2,05_runtime_budget_baselines/raw_runs.csv
Runtime budget baseline,Chao,ILS,p7.4.q,2,2500,7.599131425000451,7.349131425000451,8713,772.0,909.0,15.071507150715071,307.7248041749145,45,7.342597499999101,0.2565339250013494,True,True,2,05_runtime_budget_baselines/raw_runs.csv
Runtime budget baseline,Chao,ILS,p7.4.q,3,2500,7.599131425000451,7.349131425000451,8744,776.0,909.0,14.631463146314632,332.8413095163439,46,7.34228720000101,0.2568442249994405,True,True,2,05_runtime_budget_baselines/raw_runs.csv
Runtime budget baseline,Chao,ILS,p7.4.r,0,2500,7.4638690249998945,7.2138690249998945,7873,873.0,970.0,10.0,337.5450398883359,50,7.212293100001261,0.2515759249986331,True,True,2,05_runtime_budget_baselines/raw_runs.csv
Runtime budget baseline,Chao,ILS,p7.4.r,1,2500,7.4638690249998945,7.2138690249998945,8027,874.0,970.0,9.896907216494846,334.8871484097639,49,7.211987200000294,0.2518818249996002,True,True,2,05_runtime_budget_baselines/raw_runs.csv
Runtime budget baseline,Chao,ILS,p7.4.r,2,2500,7.4638690249998945,7.2138690249998945,7852,880.0,970.0,9.278350515463918,336.0006011791727,50,7.206494699999894,0.2573743250000007,True,True,2,05_runtime_budget_baselines/raw_runs.csv
Runtime budget baseline,Chao,ILS,p7.4.r,3,2500,7.4638690249998945,7.2138690249998945,7896,881.0,970.0,9.175257731958762,335.3605139129029,50,7.207648300001892,0.2562207249980019,True,True,2,05_runtime_budget_baselines/raw_runs.csv
Runtime budget baseline,Chao,ILS,p7.4.s,0,2500,7.606512374999056,7.356512374999056,5832,912.0,1022.0,10.76320939334638,350.7801959833682,53,7.350325399998837,0.2561869750002188,True,True,2,05_runtime_budget_baselines/raw_runs.csv
Runtime budget baseline,Chao,ILS,p7.4.s,1,2500,7.606512374999056,7.356512374999056,5855,912.0,1022.0,10.76320939334638,350.7801959833682,53,7.353409600000305,0.2531027749987515,True,True,2,05_runtime_budget_baselines/raw_runs.csv
Runtime budget baseline,Chao,ILS,p7.4.s,2,2500,7.606512374999056,7.356512374999056,5854,905.0,1022.0,11.448140900195694,347.71793823506965,53,7.3546181000019715,0.2518942749970847,True,True,2,05_runtime_budget_baselines/raw_runs.csv
Runtime budget baseline,Chao,ILS,p7.4.s,3,2500,7.606512374999056,7.356512374999056,5868,905.0,1022.0,11.448140900195694,352.3246346925314,53,7.353628700002446,0.2528836749966103,True,True,2,05_runtime_budget_baselines/raw_runs.csv
Runtime budget baseline,Chao,ILS,p7.4.t,0,2500,7.737363849999383,7.487363849999383,5938,998.0,1077.0,7.3351903435468895,386.0649805192247,53,7.484130599998025,0.2532332500013581,True,True,2,05_runtime_budget_baselines/raw_runs.csv
Runtime budget baseline,Chao,ILS,p7.4.t,1,2500,7.737363849999383,7.487363849999383,5862,971.0,1077.0,9.842154131847725,376.81282357014135,54,7.481148700000631,0.2562151499987521,True,True,2,05_runtime_budget_baselines/raw_runs.csv
Runtime budget baseline,Chao,ILS,p7.4.t,2,2500,7.737363849999383,7.487363849999383,5774,973.0,1077.0,9.656453110492107,377.7045088414632,55,7.482402699999511,0.2549611499998718,True,True,2,05_runtime_budget_baselines/raw_runs.csv
Runtime budget baseline,Chao,ILS,p7.4.t,3,2500,7.737363849999383,7.487363849999383,5849,961.0,1077.0,10.770659238625813,387.8128368102758,54,7.48329410000224,0.2540697499971429,True,True,2,05_runtime_budget_baselines/raw_runs.csv
Runtime budget baseline,Chao,PyVRP,p4.2.a,0,2500,2.09690492499999,1.8469049249999896,1965,34.0,206.0,83.49514563106796,48.77380044181429,4,1.8528802000000724,0.2440247249999174,True,True,2,05_runtime_budget_baselines/raw_runs.csv
Runtime budget baseline,Chao,PyVRP,p4.2.a,1,2500,2.09690492499999,1.8469049249999896,1950,78.0,206.0,62.13592233009709,49.2774576263885,7,1.852079699998285,0.2448252250017049,True,True,2,05_runtime_budget_baselines/raw_runs.csv
Runtime budget baseline,Chao,PyVRP,p4.2.a,2,2500,2.09690492499999,1.8469049249999896,1965,97.0,206.0,52.9126213592233,49.797801702547964,8,1.85180820000096,0.2450967249990299,True,True,2,05_runtime_budget_baselines/raw_runs.csv
Runtime budget baseline,Chao,PyVRP,p4.2.a,3,2500,2.09690492499999,1.8469049249999896,1932,39.0,206.0,81.06796116504854,49.57718475281269,4,1.854004699998768,0.2429002250012217,True,True,2,05_runtime_budget_baselines/raw_runs.csv
Runtime budget baseline,Chao,PyVRP,p4.2.b,0,2500,3.48707622500001,3.23707622500001,3689,95.0,341.0,72.14076246334311,53.87213208706116,7,3.242475999999442,0.2446002250005676,True,True,2,05_runtime_budget_baselines/raw_runs.csv
Runtime budget baseline,Chao,PyVRP,p4.2.b,1,2500,3.48707622500001,3.23707622500001,3871,123.0,341.0,63.929618768328446,58.46848964700954,9,3.242310199999338,0.244766025000672,True,True,2,05_runtime_budget_baselines/raw_runs.csv
Runtime budget baseline,Chao,PyVRP,p4.2.b,2,2500,3.48707622500001,3.23707622500001,3744,194.0,341.0,43.10850439882698,59.89054760624785,14,3.2429005000012694,0.2441757249987404,True,True,2,05_runtime_budget_baselines/raw_runs.csv
Runtime budget baseline,Chao,PyVRP,p4.2.b,3,2500,3.48707622500001,3.23707622500001,3716,113.0,341.0,66.86217008797654,58.302691706338464,9,3.2421012000013434,0.2449750249986664,True,True,2,05_runtime_budget_baselines/raw_runs.csv
Runtime budget baseline,Chao,PyVRP,p4.2.c,0,2500,4.77421177500014,4.52421177500014,11460,443.0,452.0,1.991150442477876,69.53060935368171,25,4.528801899999962,0.2454098750001776,True,True,2,05_runtime_budget_baselines/raw_runs.csv
Runtime budget baseline,Chao,PyVRP,p4.2.c,1,2500,4.77421177500014,4.52421177500014,11432,436.0,452.0,3.5398230088495577,69.6349918458282,24,4.529007699999056,0.2452040750010837,True,True,2,05_runtime_budget_baselines/raw_runs.csv
Runtime budget baseline,Chao,PyVRP,p4.2.c,2,2500,4.77421177500014,4.52421177500014,11735,443.0,452.0,1.991150442477876,69.87399516921087,24,4.52891869999803,0.2452930750021096,True,True,2,05_runtime_budget_baselines/raw_runs.csv
Runtime budget baseline,Chao,PyVRP,p4.2.c,3,2500,4.77421177500014,4.52421177500014,10016,442.0,452.0,2.2123893805309733,69.94674982144619,22,4.528891500001919,0.245320274998221,True,True,2,05_runtime_budget_baselines/raw_runs.csv
Runtime budget baseline,Chao,PyVRP,p4.2.d,0,2500,6.292604850000089,6.042604850000089,23520,515.0,531.0,3.0131826741996233,79.17064829457054,28,6.04721950000021,0.2453853499998786,True,True,2,05_runtime_budget_baselines/raw_runs.csv
Runtime budget baseline,Chao,PyVRP,p4.2.d,1,2500,6.292604850000089,6.042604850000089,23155,509.0,531.0,4.143126177024482,79.04349747642456,27,6.046882899998309,0.24572195000178,True,True,2,05_runtime_budget_baselines/raw_runs.csv
Runtime budget baseline,Chao,PyVRP,p4.2.d,2,2500,6.292604850000089,6.042604850000089,28876,517.0,531.0,2.6365348399246704,79.31414555872021,29,6.047200100001646,0.2454047499984426,True,True,2,05_runtime_budget_baselines/raw_runs.csv
Runtime budget baseline,Chao,PyVRP,p4.2.d,3,2500,6.292604850000089,6.042604850000089,22444,523.0,531.0,1.5065913370998116,79.38064551646937,31,6.0472319000000425,0.2453729500000463,True,True,2,05_runtime_budget_baselines/raw_runs.csv
Runtime budget baseline,Chao,PyVRP,p4.2.e,0,2500,7.438603824999973,7.188603824999973,27870,609.0,618.0,1.4563106796116505,89.39054893473349,35,7.193418300001213,0.2451855249987602,True,True,2,05_runtime_budget_baselines/raw_runs.csv
Runtime budget baseline,Chao,PyVRP,p4.2.e,1,2500,7.438603824999973,7.188603824999973,27177,612.0,618.0,0.970873786407767,89.5456760124599,37,7.193123400000332,0.2454804249996414,True,True,2,05_runtime_budget_baselines/raw_runs.csv
Runtime budget baseline,Chao,PyVRP,p4.2.e,2,2500,7.438603824999973,7.188603824999973,27850,609.0,618.0,1.4563106796116505,89.39054893473349,35,7.193142500000249,0.2454613249997237,True,True,2,05_runtime_budget_baselines/raw_runs.csv
Runtime budget baseline,Chao,PyVRP,p4.2.e,3,2500,7.438603824999973,7.188603824999973,28792,593.0,618.0,4.0453074433656955,89.01770313469666,34,7.1930691999987175,0.2455346250012553,True,True,2,05_runtime_budget_baselines/raw_runs.csv
Runtime budget baseline,Chao,PyVRP,p4.2.f,0,2500,8.789560700000038,8.539560700000038,35070,667.0,687.0,2.911208151382824,99.63051981153434,40,8.544236999998247,0.2453237000017907,True,True,2,05_runtime_budget_baselines/raw_runs.csv
Runtime budget baseline,Chao,PyVRP,p4.2.f,1,2500,8.789560700000038,8.539560700000038,32127,666.0,687.0,3.056768558951965,99.5142782108306,41,8.544267699999182,0.2452930000008564,True,True,2,05_runtime_budget_baselines/raw_runs.csv
Runtime budget baseline,Chao,PyVRP,p4.2.f,2,2500,8.789560700000038,8.539560700000038,35630,661.0,687.0,3.784570596797671,99.50049811661096,43,8.544244699998671,0.2453160000013667,True,True,2,05_runtime_budget_baselines/raw_runs.csv
Runtime budget baseline,Chao,PyVRP,p4.2.f,3,2500,8.789560700000038,8.539560700000038,30656,670.0,687.0,2.4745269286754,99.73294855610666,42,8.544157899999846,0.2454028000001926,True,True,2,05_runtime_budget_baselines/raw_runs.csv
Runtime budget baseline,Chao,PyVRP,p4.2.g,0,2500,10.080847449999965,9.830847449999965,35839,745.0,757.0,1.5852047556142668,109.83724167107272,49,9.835590499998943,0.2452569500010213,True,True,2,05_runtime_budget_baselines/raw_runs.csv
Runtime budget baseline,Chao,PyVRP,p4.2.g,1,2500,10.080847449999965,9.830847449999965,40866,730.0,757.0,3.5667107001321003,109.68897675780592,44,9.835900499998388,0.2449469500015766,True,True,2,05_runtime_budget_baselines/raw_runs.csv
Runtime budget baseline,Chao,PyVRP,p4.2.g,2,2500,10.080847449999965,9.830847449999965,38780,734.0,757.0,3.038309114927345,109.87565322289645,45,9.837614100000792,0.2432333499991728,True,True,2,05_runtime_budget_baselines/raw_runs.csv
Runtime budget baseline,Chao,PyVRP,p4.2.g,3,2500,10.080847449999965,9.830847449999965,36309,750.0,757.0,0.9247027741083224,109.63253673552684,47,9.837836399998196,0.243011050001769,True,True,2,05_runtime_budget_baselines/raw_runs.csv
Runtime budget baseline,Chao,PyVRP,p4.2.h,0,2500,12.11024479999992,11.86024479999992,46808,832.0,835.0,0.3592814371257485,119.34421897535128,53,11.865075999998226,0.2451688000016929,True,True,2,05_runtime_budget_baselines/raw_runs.csv
Runtime budget baseline,Chao,PyVRP,p4.2.h,1,2500,12.11024479999992,11.86024479999992,47114,831.0,835.0,0.47904191616766467,119.47404800480336,50,11.86480440000014,0.2454403999997794,True,True,2,05_runtime_budget_baselines/raw_runs.csv
Runtime budget baseline,Chao,PyVRP,p4.2.h,2,2500,12.11024479999992,11.86024479999992,45947,832.0,835.0,0.3592814371257485,119.34421897535128,53,11.86506510000254,0.2451796999973794,True,True,2,05_runtime_budget_baselines/raw_runs.csv
Runtime budget baseline,Chao,PyVRP,p4.2.h,3,2500,12.11024479999992,11.86024479999992,44822,832.0,835.0,0.3592814371257485,119.61771539043131,53,11.865117699999246,0.2451271000006727,True,True,2,05_runtime_budget_baselines/raw_runs.csv
Runtime budget baseline,Chao,PyVRP,p4.2.i,0,2500,12.539814824999894,12.289814824999894,40910,898.0,918.0,2.178649237472767,129.7071824599123,54,12.294706399999995,0.2451084249998985,True,True,2,05_runtime_budget_baselines/raw_runs.csv
Runtime budget baseline,Chao,PyVRP,p4.2.i,1,2500,12.539814824999894,12.289814824999894,39133,904.0,918.0,1.5250544662309369,129.65424571764282,56,12.294796399997722,0.245018425002172,True,True,2,05_runtime_budget_baselines/raw_runs.csv
Runtime budget baseline,Chao,PyVRP,p4.2.i,2,2500,12.539814824999894,12.289814824999894,42088,915.0,918.0,0.32679738562091504,129.7983254495929,59,12.294712900002196,0.245101924997698,True,True,2,05_runtime_budget_baselines/raw_runs.csv
Runtime budget baseline,Chao,PyVRP,p4.2.i,3,2500,12.539814824999894,12.289814824999894,40800,894.0,918.0,2.6143790849673203,129.72367558626505,55,12.294641200001934,0.2451736249979603,True,True,2,05_runtime_budget_baselines/raw_runs.csv
Runtime budget baseline,Chao,PyVRP,p4.2.j,0,2500,11.574825825000062,11.324825825000062,41474,948.0,965.0,1.761658031088083,139.27301101157326,59,11.329525000001013,0.2453008249990489,True,True,2,05_runtime_budget_baselines/raw_runs.csv
Runtime budget baseline,Chao,PyVRP,p4.2.j,1,2500,11.574825825000062,11.324825825000062,38120,956.0,965.0,0.9326424870466321,139.7180818245743,59,11.329608799998825,0.2452170250012386,True,True,2,05_runtime_budget_baselines/raw_runs.csv
Runtime budget baseline,Chao,PyVRP,p4.2.j,2,2500,11.574825825000062,11.324825825000062,36680,959.0,965.0,0.6217616580310881,139.3025122921328,61,11.329553199997465,0.2452726250025989,True,True,2,05_runtime_budget_baselines/raw_runs.csv
Runtime budget baseline,Chao,PyVRP,p4.2.j,3,2500,11.574825825000062,11.324825825000062,33275,965.0,965.0,0.0,139.78745423588845,64,11.330556600001728,0.2442692249983338,True,True,2,05_runtime_budget_baselines/raw_runs.csv
Runtime budget baseline,Chao,PyVRP,p4.2.k,0,2500,12.205864174999988,11.955864174999988,39367,1001.0,1022.0,2.0547945205479454,149.83844534400237,62,11.96082529999694,0.245038875003047,True,True,2,05_runtime_budget_baselines/raw_runs.csv
Runtime budget baseline,Chao,PyVRP,p4.2.k,1,2500,12.205864174999988,11.955864174999988,37180,1003.0,1022.0,1.8590998043052838,149.60181136131985,62,11.960640099998272,0.2452240750017154,True,True,2,05_runtime_budget_baselines/raw_runs.csv
Runtime budget baseline,Chao,PyVRP,p4.2.k,2,2500,12.205864174999988,11.955864174999988,44753,976.0,1022.0,4.500978473581213,149.69016306280082,58,11.960549000003084,0.2453151749969038,True,True,2,05_runtime_budget_baselines/raw_runs.csv
Runtime budget baseline,Chao,PyVRP,p4.2.k,3,2500,12.205864174999988,11.955864174999988,35827,996.0,1022.0,2.544031311154599,149.59498495235556,65,11.96046380000189,0.2454003749980984,True,True,2,05_runtime_budget_baselines/raw_runs.csv
Runtime budget baseline,Chao,PyVRP,p4.2.l,0,2500,12.181557350000048,11.931557350000048,39555,1067.0,1074.0,0.6517690875232774,159.80040092792564,60,11.936442700000043,0.2451146500000049,True,True,2,05_runtime_budget_baselines/raw_runs.csv
Runtime budget baseline,Chao,PyVRP,p4.2.l,1,2500,12.181557350000048,11.931557350000048,37111,1016.0,1074.0,5.400372439478585,159.33939335995626,63,11.9364639000014,0.2450934499986488,True,True,2,05_runtime_budget_baselines/raw_runs.csv
Runtime budget baseline,Chao,PyVRP,p4.2.l,2,2500,12.181557350000048,11.931557350000048,39382,1028.0,1074.0,4.283054003724395,159.7195100902095,61,11.936748500000247,0.2448088499997993,True,True,2,05_runtime_budget_baselines/raw_runs.csv
Runtime budget baseline,Chao,PyVRP,p4.2.l,3,2500,12.181557350000048,11.931557350000048,35005,1059.0,1074.0,1.3966480446927374,159.34619666239894,63,11.936365099998511,0.2451922500015371,True,True,2,05_runtime_budget_baselines/raw_runs.csv
Runtime budget baseline,Chao,PyVRP,p4.2.m,0,2500,12.442858424999711,12.192858424999711,34893,1112.0,1132.0,1.7667844522968197,169.4644206957719,68,12.197692599998843,0.2451658250008677,True,True,2,05_runtime_budget_baselines/raw_runs.csv
Runtime budget baseline,Chao,PyVRP,p4.2.m,1,2500,12.442858424999711,12.192858424999711,35966,1027.0,1132.0,9.275618374558304,169.43546343395548,63,12.197621200000867,0.2452372249988457,True,True,2,05_runtime_budget_baselines/raw_runs.csv
Runtime budget baseline,Chao,PyVRP,p4.2.m,2,2500,12.442858424999711,12.192858424999711,34734,1105.0,1132.0,2.385159010600707,169.6227031923994,69,12.197601299998496,0.245257125001217,True,True,2,05_runtime_budget_baselines/raw_runs.csv
Runtime budget baseline,Chao,PyVRP,p4.2.m,3,2500,12.442858424999711,12.192858424999711,32467,1081.0,1132.0,4.5053003533568905,169.60700784456554,70,12.197561800003314,0.2452966249963992,True,True,2,05_runtime_budget_baselines/raw_runs.csv
Runtime budget baseline,Chao,PyVRP,p4.2.n,0,2500,11.478437850000546,11.228437850000546,34129,1107.0,1174.0,5.706984667802385,178.4328070923205,64,11.233470499999385,0.2449673500011613,True,True,2,05_runtime_budget_baselines/raw_runs.csv
Runtime budget baseline,Chao,PyVRP,p4.2.n,1,2500,11.478437850000546,11.228437850000546,27642,1171.0,1174.0,0.2555366269165247,179.4953790424251,73,11.233498800000234,0.2449390500003119,True,True,2,05_runtime_budget_baselines/raw_runs.csv
Runtime budget baseline,Chao,PyVRP,p4.2.n,2,2500,11.478437850000546,11.228437850000546,29464,1137.0,1174.0,3.151618398637138,179.75980146953628,69,11.2334832000015,0.2449546499990447,True,True,2,05_runtime_budget_baselines/raw_runs.csv
Runtime budget baseline,Chao,PyVRP,p4.2.n,3,2500,11.478437850000546,11.228437850000546,30565,1127.0,1174.0,4.003407155025553,179.50611693371528,66,11.233134000001884,0.2453038499986632,True,True,2,05_runtime_budget_baselines/raw_runs.csv
Runtime budget baseline,Chao,PyVRP,p4.2.o,0,2500,12.127632750000204,11.877632750000204,31629,1186.0,1218.0,2.6272577996715927,188.79680260967228,73,11.88246330000038,0.2451694499998211,True,True,2,05_runtime_budget_baselines/raw_runs.csv
Runtime budget baseline,Chao,PyVRP,p4.2.o,1,2500,12.127632750000204,11.877632750000204,25974,1216.0,1218.0,0.16420361247947454,189.81029087999127,78,11.88250700000208,0.2451257499981238,True,True,2,05_runtime_budget_baselines/raw_runs.csv
Runtime budget baseline,Chao,PyVRP,p4.2.o,2,2500,12.127632750000204,11.877632750000204,29538,1192.0,1218.0,2.134646962233169,189.41823805147263,78,11.882614199999807,0.2450185500003954,True,True,2,05_runtime_budget_baselines/raw_runs.csv
Runtime budget baseline,Chao,PyVRP,p4.2.o,3,2500,12.127632750000204,11.877632750000204,28286,1214.0,1218.0,0.3284072249589491,188.9583784861284,78,11.882557000000816,0.2450757499993869,True,True,2,05_runtime_budget_baselines/raw_runs.csv
Runtime budget baseline,Chao,PyVRP,p4.2.p,0,2500,10.97855225000012,10.72855225000012,18859,1240.0,1242.0,0.1610305958132045,199.49790448847108,85,10.734287499999482,0.2442647500006387,True,True,2,05_runtime_budget_baselines/raw_runs.csv
Runtime budget baseline,Chao,PyVRP,p4.2.p,1,2500,10.97855225000012,10.72855225000012,23524,1237.0,1242.0,0.4025764895330113,199.45347750277207,83,10.733579799998552,0.2449724500015691,True,True,2,05_runtime_budget_baselines/raw_runs.csv
Runtime budget baseline,Chao,PyVRP,p4.2.p,2,2500,10.97855225000012,10.72855225000012,24763,1216.0,1242.0,2.0933977455716586,197.3842579015656,76,10.733316200003172,0.2452360499969472,True,True,2,05_runtime_budget_baselines/raw_runs.csv
Runtime budget baseline,Chao,PyVRP,p4.2.p,3,2500,10.97855225000012,10.72855225000012,23423,1238.0,1242.0,0.322061191626409,199.7132548847094,84,10.733447599999636,0.2451046500004849,True,True,2,05_runtime_budget_baselines/raw_runs.csv
Runtime budget baseline,Chao,PyVRP,p4.2.q,0,2500,9.957844875000092,9.707844875000092,22397,1223.0,1268.0,3.548895899053628,209.85531091319052,77,9.712847099999635,0.2449977750004563,True,True,2,05_runtime_budget_baselines/raw_runs.csv
Runtime budget baseline,Chao,PyVRP,p4.2.q,1,2500,9.957844875000092,9.707844875000092,16012,1254.0,1268.0,1.1041009463722398,209.46841280252116,85,9.713278600000194,0.2445662749998973,True,True,2,05_runtime_budget_baselines/raw_runs.csv
Runtime budget baseline,Chao,PyVRP,p4.2.q,2,2500,9.957844875000092,9.707844875000092,21368,1256.0,1268.0,0.9463722397476341,209.02183305488285,85,9.71248800000103,0.2453568749990609,True,True,2,05_runtime_budget_baselines/raw_runs.csv
Runtime budget baseline,Chao,PyVRP,p4.2.q,3,2500,9.957844875000092,9.707844875000092,16475,1250.0,1268.0,1.4195583596214512,209.03460882572625,84,9.712693700003,0.2451511749970905,True,True,2,05_runtime_budget_baselines/raw_runs.csv
Runtime budget baseline,Chao,PyVRP,p4.2.r,0,2500,9.02643665000005,8.77643665000005,13778,1277.0,1292.0,1.1609907120743035,219.6283809202796,90,8.781598599998688,0.2448380500013627,True,True,2,05_runtime_budget_baselines/raw_runs.csv
Runtime budget baseline,Chao,PyVRP,p4.2.r,1,2500,9.02643665000005,8.77643665000005,16605,1266.0,1292.0,2.0123839009287927,219.7243282296613,83,8.78151980000257,0.2449168499974803,True,True,2,05_runtime_budget_baselines/raw_runs.csv
Runtime budget baseline,Chao,PyVRP,p4.2.r,2,2500,9.02643665000005,8.77643665000005,15102,1265.0,1292.0,2.0897832817337463,219.14027358041076,86,8.782001199997467,0.2444354500025838,True,True,2,05_runtime_budget_baselines/raw_runs.csv
Runtime budget baseline,Chao,PyVRP,p4.2.r,3,2500,9.02643665000005,8.77643665000005,17556,1277.0,1292.0,1.1609907120743035,219.30152280114248,90,8.781877599998552,0.2445590500014987,True,True,2,05_runtime_budget_baselines/raw_runs.csv
Runtime budget baseline,Chao,PyVRP,p4.2.s,0,2500,7.750026475000368,7.500026475000368,12891,1291.0,1304.0,0.9969325153374233,229.8261152595677,92,7.505060600000434,0.2449658749999343,True,True,2,05_runtime_budget_baselines/raw_runs.csv
Runtime budget baseline,Chao,PyVRP,p4.2.s,1,2500,7.750026475000368,7.500026475000368,12298,1290.0,1304.0,1.0736196319018405,229.553178331014,91,7.505107100001624,0.2449193749987444,True,True,2,05_runtime_budget_baselines/raw_runs.csv
Runtime budget baseline,Chao,PyVRP,p4.2.s,2,2500,7.750026475000368,7.500026475000368,11499,1289.0,1304.0,1.1503067484662577,228.4491323456704,92,7.504987500000425,0.2450389749999431,True,True,2,05_runtime_budget_baselines/raw_runs.csv
Runtime budget baseline,Chao,PyVRP,p4.2.s,3,2500,7.750026475000368,7.500026475000368,12688,1294.0,1304.0,0.7668711656441718,228.7865625742744,93,7.504595400001563,0.2454310749988053,True,True,2,05_runtime_budget_baselines/raw_runs.csv
Runtime budget baseline,Chao,PyVRP,p4.2.t,0,2500,7.1081534000009015,6.8581534000009015,8511,1306.0,1306.0,0.0,239.09494790901115,98,6.864910399999644,0.2432430000012573,True,True,2,05_runtime_budget_baselines/raw_runs.csv
Runtime budget baseline,Chao,PyVRP,p4.2.t,1,2500,7.1081534000009015,6.8581534000009015,9083,1301.0,1306.0,0.38284839203675347,239.337462852081,95,6.865305499999522,0.2428479000013794,True,True,2,05_runtime_budget_baselines/raw_runs.csv
Runtime budget baseline,Chao,PyVRP,p4.2.t,2,2500,7.1081534000009015,6.8581534000009015,9016,1303.0,1306.0,0.22970903522205208,239.69766188597916,95,6.863190299998678,0.2449631000022236,True,True,2,05_runtime_budget_baselines/raw_runs.csv
Runtime budget baseline,Chao,PyVRP,p4.2.t,3,2500,7.1081534000009015,6.8581534000009015,8339,1306.0,1306.0,0.0,239.01744577898208,98,6.863259100002324,0.2448942999985774,True,True,2,05_runtime_budget_baselines/raw_runs.csv
Runtime budget baseline,Chao,PyVRP,p4.3.c,0,2500,2.0727383750004265,1.8227383750004265,1715,149.0,193.0,22.797927461139896,67.21800716728214,10,1.8288489000005936,0.2438894749998326,True,True,2,05_runtime_budget_baselines/raw_runs.csv
Runtime budget baseline,Chao,PyVRP,p4.3.c,1,2500,2.0727383750004265,1.8227383750004265,1784,98.0,193.0,49.22279792746114,65.19331753210997,6,1.8274678999987373,0.2452704750016892,True,True,2,05_runtime_budget_baselines/raw_runs.csv
Runtime budget baseline,Chao,PyVRP,p4.3.c,2,2500,2.0727383750004265,1.8227383750004265,1790,107.0,193.0,44.55958549222798,68.27197512298171,8,1.8282091000000944,0.2445292750003318,True,True,2,05_runtime_budget_baselines/raw_runs.csv
Runtime budget baseline,Chao,PyVRP,p4.3.c,3,2500,2.0727383750004265,1.8227383750004265,1905,117.0,193.0,39.37823834196891,67.73497062247675,9,1.827628499999264,0.2451098750011624,True,True,2,05_runtime_budget_baselines/raw_runs.csv
Runtime budget baseline,Chao,PyVRP,p4.3.d,0,2500,3.224414650000199,2.974414650000199,3161,177.0,335.0,47.16417910447761,79.20390600901963,13,2.9799247000009927,0.2444899499992061,True,True,2,05_runtime_budget_baselines/raw_runs.csv
Runtime budget baseline,Chao,PyVRP,p4.3.d,1,2500,3.224414650000199,2.974414650000199,3098,133.0,335.0,60.298507462686565,77.4376801609915,11,2.979100300002756,0.245314349997443,True,True,2,05_runtime_budget_baselines/raw_runs.csv
Runtime budget baseline,Chao,PyVRP,p4.3.d,2,2500,3.224414650000199,2.974414650000199,3201,143.0,335.0,57.3134328358209,78.14203429196125,11,2.979588700000022,0.2448259500001768,True,True,2,05_runtime_budget_baselines/raw_runs.csv
Runtime budget baseline,Chao,PyVRP,p4.3.d,3,2500,3.224414650000199,2.974414650000199,3261,153.0,335.0,54.32835820895522,78.88794199498471,10,2.9803443000018888,0.2440703499983101,True,True,2,05_runtime_budget_baselines/raw_runs.csv
Runtime budget baseline,Chao,PyVRP,p4.3.e,0,2500,4.653492950000327,4.403492950000327,8149,442.0,468.0,5.555555555555555,89.81195515168622,24,4.408197299999301,0.2452956500010259,True,True,2,05_runtime_budget_baselines/raw_runs.csv
Runtime budget baseline,Chao,PyVRP,p4.3.e,1,2500,4.653492950000327,4.403492950000327,6651,399.0,468.0,14.743589743589743,89.06584914517803,27,4.408187799999723,0.245305150000604,True,True,2,05_runtime_budget_baselines/raw_runs.csv
Runtime budget baseline,Chao,PyVRP,p4.3.e,2,2500,4.653492950000327,4.403492950000327,8877,386.0,468.0,17.521367521367523,86.43313018507111,19,4.408380199998646,0.2451127500016809,True,True,2,05_runtime_budget_baselines/raw_runs.csv
Runtime budget baseline,Chao,PyVRP,p4.3.e,3,2500,4.653492950000327,4.403492950000327,10003,449.0,468.0,4.05982905982906,89.40438016050582,26,4.408017999998265,0.2454749500020625,True,True,2,05_runtime_budget_baselines/raw_runs.csv
Runtime budget baseline,Chao,PyVRP,p4.3.f,0,2500,5.310437875000844,5.060437875000844,14420,554.0,579.0,4.317789291882556,98.6226587461041,34,5.065212999998039,0.2452248750028047,True,True,2,05_runtime_budget_baselines/raw_runs.csv
Runtime budget baseline,Chao,PyVRP,p4.3.f,1,2500,5.310437875000844,5.060437875000844,13719,538.0,579.0,7.081174438687392,97.90061389135542,33,5.065104499997688,0.2453333750031561,True,True,2,05_runtime_budget_baselines/raw_runs.csv
Runtime budget baseline,Chao,PyVRP,p4.3.f,2,2500,5.310437875000844,5.060437875000844,14362,550.0,579.0,5.008635578583765,99.5316560359004,33,5.065375899997889,0.2450619750029545,True,True,2,05_runtime_budget_baselines/raw_runs.csv
Runtime budget baseline,Chao,PyVRP,p4.3.f,3,2500,5.310437875000844,5.060437875000844,14562,546.0,579.0,5.699481865284974,99.1279238925698,34,5.064992999999959,0.245444875000885,True,True,2,05_runtime_budget_baselines/raw_runs.csv
Runtime budget baseline,Chao,PyVRP,p4.3.g,0,2500,6.209602974999143,5.959602974999143,18355,634.0,653.0,2.909647779479326,109.07449837563163,38,5.964686100000108,0.2449168749990349,True,True,2,05_runtime_budget_baselines/raw_runs.csv
Runtime budget baseline,Chao,PyVRP,p4.3.g,1,2500,6.209602974999143,5.959602974999143,20139,635.0,653.0,2.756508422664625,109.31825652136511,38,5.9645143000016105,0.2450886749975325,True,True,2,05_runtime_budget_baselines/raw_runs.csv
Runtime budget baseline,Chao,PyVRP,p4.3.g,2,2500,6.209602974999143,5.959602974999143,19432,642.0,653.0,1.6845329249617151,109.64510498856774,38,5.9642386000014085,0.2453643749977345,True,True,2,05_runtime_budget_baselines/raw_runs.csv
Runtime budget baseline,Chao,PyVRP,p4.3.g,3,2500,6.209602974999143,5.959602974999143,19056,632.0,653.0,3.215926493108729,109.47093073357652,39,5.964326299999812,0.2452766749993316,True,True,2,05_runtime_budget_baselines/raw_runs.csv
Runtime budget baseline,Chao,PyVRP,p4.3.h,0,2500,7.29379172499921,7.04379172499921,23007,696.0,729.0,4.526748971193416,119.82847670894311,44,7.048553700002231,0.2452380249969792,True,True,2,05_runtime_budget_baselines/raw_runs.csv
Runtime budget baseline,Chao,PyVRP,p4.3.h,1,2500,7.29379172499921,7.04379172499921,22991,696.0,729.0,4.526748971193416,119.56026379904957,43,7.04869470000267,0.2450970249965394,True,True,2,05_runtime_budget_baselines/raw_runs.csv
Runtime budget baseline,Chao,PyVRP,p4.3.h,2,2500,7.29379172499921,7.04379172499921,23509,694.0,729.0,4.801097393689986,119.42605924249982,41,7.04844360000061,0.2453481249985998,True,True,2,05_runtime_budget_baselines/raw_runs.csv
Runtime budget baseline,Chao,PyVRP,p4.3.h,3,2500,7.29379172499921,7.04379172499921,24851,719.0,729.0,1.3717421124828533,119.54879928005327,43,7.048540399999183,0.2452513250000265,True,True,2,05_runtime_budget_baselines/raw_runs.csv
Runtime budget baseline,Chao,PyVRP,p4.3.i,0,2500,8.776482175000183,8.526482175000183,26909,793.0,809.0,1.9777503090234858,129.5435337189169,52,8.531433500000276,0.2450486749999072,True,True,2,05_runtime_budget_baselines/raw_runs.csv
Runtime budget baseline,Chao,PyVRP,p4.3.i,1,2500,8.776482175000183,8.526482175000183,30907,767.0,809.0,5.19159456118665,128.80355012007945,50,8.531545800000458,0.2449363749997246,True,True,2,05_runtime_budget_baselines/raw_runs.csv
Runtime budget baseline,Chao,PyVRP,p4.3.i,2,2500,8.776482175000183,8.526482175000183,28904,795.0,809.0,1.73053152039555,129.7615235166688,51,8.53128690000085,0.2451952749993324,True,True,2,05_runtime_budget_baselines/raw_runs.csv
Runtime budget baseline,Chao,PyVRP,p4.3.i,3,2500,8.776482175000183,8.526482175000183,28822,804.0,809.0,0.6180469715698393,129.66509524910003,54,8.531217499999912,0.2452646750002713,True,True,2,05_runtime_budget_baselines/raw_runs.csv
Runtime budget baseline,Chao,PyVRP,p4.3.j,0,2500,9.85806404999994,9.60806404999994,31908,835.0,861.0,3.0197444831591174,139.42239614156975,52,9.613233399999444,0.2448306500004946,True,True,2,05_runtime_budget_baselines/raw_runs.csv
Runtime budget baseline,Chao,PyVRP,p4.3.j,1,2500,9.85806404999994,9.60806404999994,32504,839.0,861.0,2.5551684088269453,139.11751815677076,56,9.613148700002055,0.244915349997882,True,True,2,05_runtime_budget_baselines/raw_runs.csv
Runtime budget baseline,Chao,PyVRP,p4.3.j,2,2500,9.85806404999994,9.60806404999994,31949,838.0,861.0,2.671312427409988,139.1833159592001,53,9.612907200000336,0.2451568499996028,True,True,2,05_runtime_budget_baselines/raw_runs.csv
Runtime budget baseline,Chao,PyVRP,p4.3.j,3,2500,9.85806404999994,9.60806404999994,33194,836.0,861.0,2.9036004645760745,139.12947029246243,53,9.613040500000352,0.2450235499995869,True,True,2,05_runtime_budget_baselines/raw_runs.csv
Runtime budget baseline,Chao,PyVRP,p4.3.k,0,2500,10.00703465000015,9.75703465000015,30981,904.0,919.0,1.632208922742111,149.44935480433548,56,9.762337199998,0.2446974500021497,True,True,2,05_runtime_budget_baselines/raw_runs.csv
Runtime budget baseline,Chao,PyVRP,p4.3.k,1,2500,10.00703465000015,9.75703465000015,33914,892.0,919.0,2.9379760609358,149.41014331156097,55,9.76183889999811,0.2451957500020398,True,True,2,05_runtime_budget_baselines/raw_runs.csv
Runtime budget baseline,Chao,PyVRP,p4.3.k,2,2500,10.00703465000015,9.75703465000015,28855,907.0,919.0,1.3057671381936888,149.88152640044123,55,9.761932800000068,0.2451018500000827,True,True,2,05_runtime_budget_baselines/raw_runs.csv
Runtime budget baseline,Chao,PyVRP,p4.3.k,3,2500,10.00703465000015,9.75703465000015,29955,905.0,919.0,1.5233949945593035,149.4179109375374,61,9.762238699997395,0.2447959500027536,True,True,2,05_runtime_budget_baselines/raw_runs.csv
Runtime budget baseline,Chao,PyVRP,p4.3.l,0,2500,9.492194874999312,9.242194874999312,31270,968.0,979.0,1.1235955056179776,158.54103342071355,60,9.247011999999811,0.2451828749995002,True,True,2,05_runtime_budget_baselines/raw_runs.csv
Runtime budget baseline,Chao,PyVRP,p4.3.l,1,2500,9.492194874999312,9.242194874999312,30638,951.0,979.0,2.860061287027579,159.79984598338234,59,9.247110899999823,0.2450839749994884,True,True,2,05_runtime_budget_baselines/raw_runs.csv
Runtime budget baseline,Chao,PyVRP,p4.3.l,2,2500,9.492194874999312,9.242194874999312,27935,940.0,979.0,3.9836567926455566,159.60181751730693,59,9.247240100001363,0.2449547749979501,True,True,2,05_runtime_budget_baselines/raw_runs.csv
Runtime budget baseline,Chao,PyVRP,p4.3.l,3,2500,9.492194874999312,9.242194874999312,32436,939.0,979.0,4.085801838610827,159.26351521544638,56,9.2470304999988,0.2451643750005132,True,True,2,05_runtime_budget_baselines/raw_runs.csv
Runtime budget baseline,Chao,PyVRP,p4.3.m,0,2500,9.458147900000313,9.208147900000313,29223,983.0,1063.0,7.525870178739416,168.98557403556654,60,9.213152399999672,0.2449955000006412,True,True,2,05_runtime_budget_baselines/raw_runs.csv
Runtime budget baseline,Chao,PyVRP,p4.3.m,1,2500,9.458147900000313,9.208147900000313,30828,981.0,1063.0,7.714016933207902,168.57179680279577,57,9.212957499999902,0.2451904000004106,True,True,2,05_runtime_budget_baselines/raw_runs.csv
Runtime budget baseline,Chao,PyVRP,p4.3.m,2,2500,9.458147900000313,9.208147900000313,28925,971.0,1063.0,8.65475070555033,169.49745946261626,59,9.213038099998812,0.2451098000015008,True,True,2,05_runtime_budget_baselines/raw_runs.csv
Runtime budget baseline,Chao,PyVRP,p4.3.m,3,2500,9.458147900000313,9.208147900000313,28720,1028.0,1063.0,3.2925682031984946,169.45912585223422,60,9.21283900000344,0.2453088999968713,True,True,2,05_runtime_budget_baselines/raw_runs.csv
Runtime budget baseline,Chao,PyVRP,p4.3.n,0,2500,9.54739010000003,9.29739010000003,25721,1099.0,1121.0,1.9625334522747546,179.53068415254393,68,9.302457800000411,0.2449322999996184,True,True,2,05_runtime_budget_baselines/raw_runs.csv
Runtime budget baseline,Chao,PyVRP,p4.3.n,1,2500,9.54739010000003,9.29739010000003,27027,1110.0,1121.0,0.9812667261373773,179.55535124754695,68,9.302308400001492,0.2450816999985363,True,True,2,05_runtime_budget_baselines/raw_runs.csv
Runtime budget baseline,Chao,PyVRP,p4.3.n,2,2500,9.54739010000003,9.29739010000003,26024,1075.0,1121.0,4.103479036574487,179.48690987524375,63,9.302196299999196,0.245193800000834,True,True,2,05_runtime_budget_baselines/raw_runs.csv
Runtime budget baseline,Chao,PyVRP,p4.3.n,3,2500,9.54739010000003,9.29739010000003,27770,1079.0,1121.0,3.746654772524532,179.62081766524824,65,9.302048800000192,0.2453412999998363,True,True,2,05_runtime_budget_baselines/raw_runs.csv
Runtime budget baseline,Chao,PyVRP,p4.3.o,0,2500,9.600253350000456,9.350253350000456,26761,1148.0,1172.0,2.04778156996587,189.57087768061135,70,9.355764799998724,0.2444885500017335,True,True,2,05_runtime_budget_baselines/raw_runs.csv
Runtime budget baseline,Chao,PyVRP,p4.3.o,1,2500,9.600253350000456,9.350253350000456,25624,1144.0,1172.0,2.3890784982935154,189.31639540855,74,9.355079699998896,0.2451736500015613,True,True,2,05_runtime_budget_baselines/raw_runs.csv
Runtime budget baseline,Chao,PyVRP,p4.3.o,2,2500,9.600253350000456,9.350253350000456,24379,1122.0,1172.0,4.266211604095563,189.49490520497997,69,9.355161899999077,0.2450914500013823,True,True,2,05_runtime_budget_baselines/raw_runs.csv
Runtime budget baseline,Chao,PyVRP,p4.3.o,3,2500,9.600253350000456,9.350253350000456,26099,1145.0,1172.0,2.303754266211604,189.16073549284675,73,9.355187099998147,0.2450662500023099,True,True,2,05_runtime_budget_baselines/raw_runs.csv
Runtime budget baseline,Chao,PyVRP,p4.3.p,0,2500,9.074289999999564,8.824289999999564,24750,1212.0,1222.0,0.8183306055646481,199.25792877619423,76,8.829511199997796,0.2447788000017681,True,True,2,05_runtime_budget_baselines/raw_runs.csv
Runtime budget baseline,Chao,PyVRP,p4.3.p,1,2500,9.074289999999564,8.824289999999564,21759,1182.0,1222.0,3.2733224222585924,199.5017624002028,74,8.829361000000063,0.2449289999995016,True,True,2,05_runtime_budget_baselines/raw_runs.csv
Runtime budget baseline,Chao,PyVRP,p4.3.p,2,2500,9.074289999999564,8.824289999999564,24643,1193.0,1222.0,2.3731587561374794,199.1177405912211,76,8.829161100002239,0.2451288999973258,True,True,2,05_runtime_budget_baselines/raw_runs.csv
Runtime budget baseline,Chao,PyVRP,p4.3.p,3,2500,9.074289999999564,8.824289999999564,21742,1204.0,1222.0,1.4729950900163666,199.48292333169397,76,8.829481699998723,0.2448083000008409,True,True,2,05_runtime_budget_baselines/raw_runs.csv
Runtime budget baseline,Chao,PyVRP,p4.3.q,0,2500,9.11141975000055,8.86141975000055,17064,1235.0,1253.0,1.4365522745411015,209.6362038497153,85,8.866932100001577,0.2444876499989732,True,True,2,05_runtime_budget_baselines/raw_runs.csv
Runtime budget baseline,Chao,PyVRP,p4.3.q,1,2500,9.11141975000055,8.86141975000055,19683,1227.0,1253.0,2.075019952114924,209.44908981131363,80,8.866272299997945,0.2451474500026051,True,True,2,05_runtime_budget_baselines/raw_runs.csv
Runtime budget baseline,Chao,PyVRP,p4.3.q,2,2500,9.11141975000055,8.86141975000055,21993,1220.0,1253.0,2.633679169992019,209.1097895611548,78,8.866618799998832,0.2448009500017178,True,True,2,05_runtime_budget_baselines/raw_runs.csv
Runtime budget baseline,Chao,PyVRP,p4.3.q,3,2500,9.11141975000055,8.86141975000055,19680,1223.0,1253.0,2.3942537909018355,208.9096546421752,80,8.866329799999221,0.2450899500013292,True,True,2,05_runtime_budget_baselines/raw_runs.csv
Runtime budget baseline,Chao,PyVRP,p4.3.r,0,2500,7.666611625000314,7.416611625000314,13148,1264.0,1273.0,0.7069913589945012,219.243953112572,86,7.422344700000394,0.2442669249999198,True,True,2,05_runtime_budget_baselines/raw_runs.csv
Runtime budget baseline,Chao,PyVRP,p4.3.r,1,2500,7.666611625000314,7.416611625000314,12211,1260.0,1273.0,1.021209740769835,219.02620048210275,84,7.421420499998931,0.2451911250013836,True,True,2,05_runtime_budget_baselines/raw_runs.csv
Runtime budget baseline,Chao,PyVRP,p4.3.r,2,2500,7.666611625000314,7.416611625000314,13909,1268.0,1273.0,0.3927729772191673,217.7470377090686,84,7.421538700000383,0.2450729249999312,True,True,2,05_runtime_budget_baselines/raw_runs.csv
Runtime budget baseline,Chao,PyVRP,p4.3.r,3,2500,7.666611625000314,7.416611625000314,13297,1264.0,1273.0,0.7069913589945012,217.90761492444275,86,7.421653699999297,0.2449579250010174,True,True,2,05_runtime_budget_baselines/raw_runs.csv
Runtime budget baseline,Chao,PyVRP,p4.3.s,0,2500,7.327271674999793,7.077271674999793,10324,1292.0,1295.0,0.23166023166023167,229.60760990151695,93,7.083046799998556,0.2442248750012368,True,True,2,05_runtime_budget_baselines/raw_runs.csv
Runtime budget baseline,Chao,PyVRP,p4.3.s,1,2500,7.327271674999793,7.077271674999793,11295,1287.0,1295.0,0.6177606177606177,228.76957605852604,92,7.082688300000882,0.2445833749989105,True,True,2,05_runtime_budget_baselines/raw_runs.csv
Runtime budget baseline,Chao,PyVRP,p4.3.s,2,2500,7.327271674999793,7.077271674999793,10959,1290.0,1295.0,0.3861003861003861,229.5636355180312,91,7.082280400001764,0.2449912749980285,True,True,2,05_runtime_budget_baselines/raw_runs.csv
Runtime budget baseline,Chao,PyVRP,p4.3.s,3,2500,7.327271674999793,7.077271674999793,11052,1281.0,1295.0,1.0810810810810811,229.6320383573107,89,7.082179199998791,0.2450924750010017,True,True,2,05_runtime_budget_baselines/raw_runs.csv
Runtime budget baseline,Chao,PyVRP,p4.3.t,0,2500,6.438867599999412,6.188867599999412,8411,1304.0,1305.0,0.07662835249042145,237.9560705478177,96,6.194243100002495,0.2446244999969167,True,True,2,05_runtime_budget_baselines/raw_runs.csv
Runtime budget baseline,Chao,PyVRP,p4.3.t,1,2500,6.438867599999412,6.188867599999412,8288,1303.0,1305.0,0.1532567049808429,239.1726577110345,95,6.193830899999739,0.2450366999996731,True,True,2,05_runtime_budget_baselines/raw_runs.csv
Runtime budget baseline,Chao,PyVRP,p4.3.t,2,2500,6.438867599999412,6.188867599999412,8292,1304.0,1305.0,0.07662835249042145,238.70298063696703,96,6.194740400002047,0.2441271999973651,True,True,2,05_runtime_budget_baselines/raw_runs.csv
Runtime budget baseline,Chao,PyVRP,p4.3.t,3,2500,6.438867599999412,6.188867599999412,8058,1304.0,1305.0,0.07662835249042145,239.03031909422887,96,6.193716699999641,0.2451508999997713,True,True,2,05_runtime_budget_baselines/raw_runs.csv
Runtime budget baseline,Chao,PyVRP,p4.4.e,0,2500,1.968330700000024,1.718330700000024,1783,74.0,183.0,59.56284153005465,83.6181724061254,5,1.7241606999996293,0.2441700000003948,True,True,2,05_runtime_budget_baselines/raw_runs.csv
Runtime budget baseline,Chao,PyVRP,p4.4.e,1,2500,1.968330700000024,1.718330700000024,1843,134.0,183.0,26.775956284153004,85.45566063862562,10,1.7239860000008775,0.2443446999991465,True,True,2,05_runtime_budget_baselines/raw_runs.csv
Runtime budget baseline,Chao,PyVRP,p4.4.e,2,2500,1.968330700000024,1.718330700000024,1784,101.0,183.0,44.80874316939891,87.3787261856174,8,1.724275000000489,0.2440556999995351,True,True,2,05_runtime_budget_baselines/raw_runs.csv
Runtime budget baseline,Chao,PyVRP,p4.4.e,3,2500,1.968330700000024,1.718330700000024,1804,155.0,183.0,15.300546448087431,87.10110186205333,11,1.7240223000007973,0.2443083999992268,True,True,2,05_runtime_budget_baselines/raw_runs.csv
Runtime budget baseline,Chao,PyVRP,p4.4.f,0,2500,3.190492099999574,2.940492099999574,3232,120.0,324.0,62.96296296296296,92.8446572764627,8,2.945544799997151,0.2449473000024227,True,True,2,05_runtime_budget_baselines/raw_runs.csv
Runtime budget baseline,Chao,PyVRP,p4.4.f,1,2500,3.190492099999574,2.940492099999574,3294,189.0,324.0,41.666666666666664,93.6350897658699,13,2.945455699999002,0.245036400000572,True,True,2,05_runtime_budget_baselines/raw_runs.csv
Runtime budget baseline,Chao,PyVRP,p4.4.f,2,2500,3.190492099999574,2.940492099999574,3252,210.0,324.0,35.18518518518518,97.74324377577256,14,2.945635199997924,0.2448569000016505,True,True,2,05_runtime_budget_baselines/raw_runs.csv
Runtime budget baseline,Chao,PyVRP,p4.4.f,3,2500,3.190492099999574,2.940492099999574,3335,181.0,324.0,44.135802469135804,96.27072160605412,12,2.945259600001009,0.2452324999985649,True,True,2,05_runtime_budget_baselines/raw_runs.csv
Runtime budget baseline,Chao,PyVRP,p4.4.g,0,2500,4.28755612499981,4.03755612499981,5378,184.0,461.0,60.08676789587852,104.93099573880303,12,4.042583400001604,0.2449727249982061,True,True,2,05_runtime_budget_baselines/raw_runs.csv
Runtime budget baseline,Chao,PyVRP,p4.4.g,1,2500,4.28755612499981,4.03755612499981,5336,228.0,461.0,50.54229934924078,106.91562866734508,16,4.042175999999017,0.2453801250007927,True,True,2,05_runtime_budget_baselines/raw_runs.csv
Runtime budget baseline,Chao,PyVRP,p4.4.g,2,2500,4.28755612499981,4.03755612499981,5575,227.0,461.0,50.759219088937094,103.3583418499555,16,4.04248860000007,0.2450675249997402,True,True,2,05_runtime_budget_baselines/raw_runs.csv
Runtime budget baseline,Chao,PyVRP,p4.4.g,3,2500,4.28755612499981,4.03755612499981,6042,158.0,461.0,65.72668112798264,101.25187568489264,12,4.042241900002409,0.2453142249974007,True,True,2,05_runtime_budget_baselines/raw_runs.csv
Runtime budget baseline,Chao,PyVRP,p4.4.h,0,2500,5.165406449999409,4.915406449999409,12465,553.0,571.0,3.1523642732049035,118.60840006931738,33,4.920322300000407,0.2450841499990019,True,True,2,05_runtime_budget_baselines/raw_runs.csv
Runtime budget baseline,Chao,PyVRP,p4.4.h,1,2500,5.165406449999409,4.915406449999409,13566,534.0,571.0,6.479859894921191,119.31893852337733,31,4.920019299999694,0.2453871499997149,True,True,2,05_runtime_budget_baselines/raw_runs.csv
Runtime budget baseline,Chao,PyVRP,p4.4.h,2,2500,5.165406449999409,4.915406449999409,13274,532.0,571.0,6.830122591943958,119.08057282669968,32,4.920105599998351,0.2453008500010582,True,True,2,05_runtime_budget_baselines/raw_runs.csv
Runtime budget baseline,Chao,PyVRP,p4.4.h,3,2500,5.165406449999409,4.915406449999409,13885,546.0,571.0,4.378283712784588,119.40924674578784,33,4.920003499999439,0.2454029499999706,True,True,2,05_runtime_budget_baselines/raw_runs.csv
Runtime budget baseline,Chao,PyVRP,p4.4.i,0,2500,5.946116475000508,5.696116475000508,17461,604.0,657.0,8.066971080669711,128.74404337533767,38,5.700896199999988,0.2452202750005199,True,True,2,05_runtime_budget_baselines/raw_runs.csv
Runtime budget baseline,Chao,PyVRP,p4.4.i,1,2500,5.946116475000508,5.696116475000508,18222,648.0,657.0,1.36986301369863,129.76644381608924,39,5.70084499999939,0.2452714750011182,True,True,2,05_runtime_budget_baselines/raw_runs.csv
Runtime budget baseline,Chao,PyVRP,p4.4.i,2,2500,5.946116475000508,5.696116475000508,18040,627.0,657.0,4.566210045662101,128.92175944504177,40,5.701001900000847,0.2451145749996612,True,True,2,05_runtime_budget_baselines/raw_runs.csv
Runtime budget baseline,Chao,PyVRP,p4.4.i,3,2500,5.946116475000508,5.696116475000508,17966,645.0,657.0,1.82648401826484,128.4195248190638,40,5.700769000002765,0.2453474749977431,True,True,2,05_runtime_budget_baselines/raw_runs.csv
Runtime budget baseline,Chao,PyVRP,p4.4.j,0,2500,6.796319374999712,6.546319374999712,20500,706.0,732.0,3.551912568306011,139.2495762966975,43,6.551281699998071,0.2450376750016403,True,True,2,05_runtime_budget_baselines/raw_runs.csv
Runtime budget baseline,Chao,PyVRP,p4.4.j,1,2500,6.796319374999712,6.546319374999712,20849,701.0,732.0,4.2349726775956285,138.96675349831963,44,6.551121899999998,0.2451974749997134,True,True,2,05_runtime_budget_baselines/raw_runs.csv
Runtime budget baseline,Chao,PyVRP,p4.4.j,2,2500,6.796319374999712,6.546319374999712,22455,704.0,732.0,3.8251366120218577,139.6541903672532,44,6.551221500001702,0.2450978749980095,True,True,2,05_runtime_budget_baselines/raw_runs.csv
Runtime budget baseline,Chao,PyVRP,p4.4.j,3,2500,6.796319374999712,6.546319374999712,21578,709.0,732.0,3.1420765027322406,138.86274256457864,43,6.551443799999106,0.2448755750006057,True,True,2,05_runtime_budget_baselines/raw_runs.csv
Runtime budget baseline,Chao,PyVRP,p4.4.k,0,2500,8.15633514999945,7.90633514999945,24327,809.0,821.0,1.46163215590743,149.19250328164208,52,7.911082299997361,0.2452528500020889,True,True,2,05_runtime_budget_baselines/raw_runs.csv
Runtime budget baseline,Chao,PyVRP,p4.4.k,1,2500,8.15633514999945,7.90633514999945,26308,809.0,821.0,1.46163215590743,149.43909606225606,52,7.911011899999721,0.2453232499997284,True,True,2,05_runtime_budget_baselines/raw_runs.csv
Runtime budget baseline,Chao,PyVRP,p4.4.k,2,2500,8.15633514999945,7.90633514999945,24607,811.0,821.0,1.218026796589525,149.5667940702083,52,7.910985599999549,0.2453495499999007,True,True,2,05_runtime_budget_baselines/raw_runs.csv
Runtime budget baseline,Chao,PyVRP,p4.4.k,3,2500,8.15633514999945,7.90633514999945,26089,811.0,821.0,1.218026796589525,149.5494093138033,51,7.91106850000142,0.2452666499980296,True,True,2,05_runtime_budget_baselines/raw_runs.csv
Runtime budget baseline,Chao,PyVRP,p4.4.l,0,2500,8.395748049999838,8.145748049999838,28184,815.0,880.0,7.386363636363637,158.29869412629813,56,8.150613999998313,0.2451340500015248,True,True,2,05_runtime_budget_baselines/raw_runs.csv
Runtime budget baseline,Chao,PyVRP,p4.4.l,1,2500,8.395748049999838,8.145748049999838,25699,865.0,880.0,1.7045454545454546,157.89578959312104,59,8.150447399999393,0.2453006500004448,True,True,2,05_runtime_budget_baselines/raw_runs.csv
Runtime budget baseline,Chao,PyVRP,p4.4.l,2,2500,8.395748049999838,8.145748049999838,26142,836.0,880.0,5.0,158.76169058007102,57,8.150346400001581,0.2454016499982572,True,True,2,05_runtime_budget_baselines/raw_runs.csv
Runtime budget baseline,Chao,PyVRP,p4.4.l,3,2500,8.395748049999838,8.145748049999838,28563,834.0,880.0,5.2272727272727275,158.39886783349826,56,8.150603900001443,0.2451441499983957,True,True,2,05_runtime_budget_baselines/raw_runs.csv
Runtime budget baseline,Chao,PyVRP,p4.4.m,0,2500,9.052383624999491,8.802383624999493,29370,885.0,919.0,3.6996735582154514,168.9917525034158,60,8.807413599999563,0.2449700249999296,True,True,2,05_runtime_budget_baselines/raw_runs.csv
Runtime budget baseline,Chao,PyVRP,p4.4.m,1,2500,9.052383624999491,8.802383624999493,29770,903.0,919.0,1.7410228509249184,169.2700184141322,64,8.807306499998958,0.2450771250005345,True,True,2,05_runtime_budget_baselines/raw_runs.csv
Runtime budget baseline,Chao,PyVRP,p4.4.m,2,2500,9.052383624999491,8.802383624999493,30005,889.0,919.0,3.264417845484222,169.63454723033487,57,8.807387900000322,0.2449957249991712,True,True,2,05_runtime_budget_baselines/raw_runs.csv
Runtime budget baseline,Chao,PyVRP,p4.4.m,3,2500,9.052383624999491,8.802383624999493,29436,860.0,919.0,6.420021762785637,169.1051574195932,56,8.807280199998786,0.2451034250007069,True,True,2,05_runtime_budget_baselines/raw_runs.csv
Runtime budget baseline,Chao,PyVRP,p4.4.n,0,2500,9.472798925000006,9.222798925000006,29688,935.0,976.0,4.200819672131147,178.35051589270662,61,9.227820899999642,0.2449780250003641,True,True,2,05_runtime_budget_baselines/raw_runs.csv
Runtime budget baseline,Chao,PyVRP,p4.4.n,1,2500,9.472798925000006,9.222798925000006,29038,937.0,976.0,3.9959016393442623,179.02965808376982,62,9.227642999998352,0.2451559250016544,True,True,2,05_runtime_budget_baselines/raw_runs.csv
Runtime budget baseline,Chao,PyVRP,p4.4.n,2,2500,9.472798925000006,9.222798925000006,27572,941.0,976.0,3.5860655737704916,178.8394367986996,64,9.227942900000926,0.2448560249990805,True,True,2,05_runtime_budget_baselines/raw_runs.csv
Runtime budget baseline,Chao,PyVRP,p4.4.n,3,2500,9.472798925000006,9.222798925000006,27871,916.0,976.0,6.147540983606557,179.71099710429004,59,9.227832300002774,0.2449666249972324,True,True,2,05_runtime_budget_baselines/raw_runs.csv
Runtime budget baseline,Chao,PyVRP,p4.4.o,0,2500,8.759460175000186,8.509460175000186,24584,994.0,1061.0,6.314797360980207,189.25621585827176,63,8.514664900001662,0.2447952749985233,True,True,2,05_runtime_budget_baselines/raw_runs.csv
Runtime budget baseline,Chao,PyVRP,p4.4.o,1,2500,8.759460175000186,8.509460175000186,26224,980.0,1061.0,7.63430725730443,188.7210923178045,61,8.514100899999903,0.2453592750002826,True,True,2,05_runtime_budget_baselines/raw_runs.csv
Runtime budget baseline,Chao,PyVRP,p4.4.o,2,2500,8.759460175000186,8.509460175000186,23378,1010.0,1061.0,4.806786050895382,189.5279219957952,69,8.514138299997285,0.2453218750029009,True,True,2,05_runtime_budget_baselines/raw_runs.csv
Runtime budget baseline,Chao,PyVRP,p4.4.o,3,2500,8.759460175000186,8.509460175000186,25533,997.0,1061.0,6.032045240339302,189.09019362476096,62,8.514261599997553,0.2451985750026324,True,True,2,05_runtime_budget_baselines/raw_runs.csv
Runtime budget baseline,Chao,PyVRP,p4.4.p,0,2500,9.107960350000212,8.857960350000212,24094,1064.0,1124.0,5.338078291814947,198.5592609328212,69,8.862880399999995,0.2450799500002176,True,True,2,05_runtime_budget_baselines/raw_runs.csv
Runtime budget baseline,Chao,PyVRP,p4.4.p,1,2500,9.107960350000212,8.857960350000212,25547,1046.0,1124.0,6.93950177935943,198.31308667232517,73,8.862884999998641,0.2450753500015707,True,True,2,05_runtime_budget_baselines/raw_runs.csv
Runtime budget baseline,Chao,PyVRP,p4.4.p,2,2500,9.107960350000212,8.857960350000212,25975,1045.0,1124.0,7.02846975088968,199.1230057857634,70,8.862831900001765,0.2451284499984467,True,True,2,05_runtime_budget_baselines/raw_runs.csv
Runtime budget baseline,Chao,PyVRP,p4.4.p,3,2500,9.107960350000212,8.857960350000212,27530,1043.0,1124.0,7.2064056939501775,198.2806870388576,67,8.862899100000504,0.2450612499997078,True,True,2,05_runtime_budget_baselines/raw_runs.csv
Runtime budget baseline,Chao,PyVRP,p4.4.q,0,2500,8.05738297500011,7.80738297500011,19818,1113.0,1161.0,4.134366925064599,208.9358078667338,75,7.812772299999779,0.2446106750003309,True,True,2,05_runtime_budget_baselines/raw_runs.csv
Runtime budget baseline,Chao,PyVRP,p4.4.q,1,2500,8.05738297500011,7.80738297500011,20018,1093.0,1161.0,5.8570198105081825,209.61160650616736,65,7.812468199997966,0.2449147750021438,True,True,2,05_runtime_budget_baselines/raw_runs.csv
Runtime budget baseline,Chao,PyVRP,p4.4.q,2,2500,8.05738297500011,7.80738297500011,22527,1082.0,1161.0,6.804478897502153,209.35548683688583,71,7.813634099999035,0.2437488750010743,True,True,2,05_runtime_budget_baselines/raw_runs.csv
Runtime budget baseline,Chao,PyVRP,p4.4.q,3,2500,8.05738297500011,7.80738297500011,19037,1119.0,1161.0,3.6175710594315245,208.7710152847081,72,7.812411999999313,0.2449709750007969,True,True,2,05_runtime_budget_baselines/raw_runs.csv
Runtime budget baseline,Chao,PyVRP,p4.4.r,0,2500,7.936711199999536,7.686711199999536,18697,1177.0,1216.0,3.2072368421052633,219.2538194242549,76,7.691962900000362,0.2447482999991734,True,True,2,05_runtime_budget_baselines/raw_runs.csv
Runtime budget baseline,Chao,PyVRP,p4.4.r,1,2500,7.936711199999536,7.686711199999536,18722,1165.0,1216.0,4.194078947368421,217.28558725404835,76,7.691484599999967,0.2452265999995688,True,True,2,05_runtime_budget_baselines/raw_runs.csv
Runtime budget baseline,Chao,PyVRP,p4.4.r,2,2500,7.936711199999536,7.686711199999536,17870,1172.0,1216.0,3.6184210526315788,218.38976089933823,72,7.691917399999511,0.2447938000000249,True,True,2,05_runtime_budget_baselines/raw_runs.csv
Runtime budget baseline,Chao,PyVRP,p4.4.r,3,2500,7.936711199999536,7.686711199999536,18627,1110.0,1216.0,8.717105263157896,218.82105324487844,76,7.691503199999715,0.2452079999998204,True,True,2,05_runtime_budget_baselines/raw_runs.csv
Runtime budget baseline,Chao,PyVRP,p4.4.s,0,2500,7.267381775000558,7.017381775000558,14652,1173.0,1260.0,6.904761904761905,228.61239162717547,80,7.022616399997787,0.2447653750027711,True,True,2,05_runtime_budget_baselines/raw_runs.csv
Runtime budget baseline,Chao,PyVRP,p4.4.s,1,2500,7.267381775000558,7.017381775000558,14170,1170.0,1260.0,7.142857142857143,229.09307971280845,76,7.022700599998643,0.2446811750019151,True,True,2,05_runtime_budget_baselines/raw_runs.csv
Runtime budget baseline,Chao,PyVRP,p4.4.s,2,2500,7.267381775000558,7.017381775000558,15039,1212.0,1260.0,3.8095238095238093,228.64565810867947,77,7.025733599999512,0.2416481750010461,True,True,2,05_runtime_budget_baselines/raw_runs.csv
Runtime budget baseline,Chao,PyVRP,p4.4.s,3,2500,7.267381775000558,7.017381775000558,16314,1162.0,1260.0,7.777777777777778,229.0354065584113,78,7.022188599999936,0.2451931750006224,True,True,2,05_runtime_budget_baselines/raw_runs.csv
Runtime budget baseline,Chao,PyVRP,p4.4.t,0,2500,6.894636874999833,6.644636874999833,13711,1242.0,1285.0,3.3463035019455254,238.44729247532237,79,6.649494200002664,0.2451426749971688,True,True,2,05_runtime_budget_baselines/raw_runs.csv
Runtime budget baseline,Chao,PyVRP,p4.4.t,1,2500,6.894636874999833,6.644636874999833,13454,1210.0,1285.0,5.836575875486381,239.0891531723896,78,6.649485300000379,0.2451515749994541,True,True,2,05_runtime_budget_baselines/raw_runs.csv
Runtime budget baseline,Chao,PyVRP,p4.4.t,2,2500,6.894636874999833,6.644636874999833,12818,1227.0,1285.0,4.5136186770428015,236.6626596745373,83,6.649435499999527,0.2452013750003061,True,True,2,05_runtime_budget_baselines/raw_runs.csv
Runtime budget baseline,Chao,PyVRP,p4.4.t,3,2500,6.894636874999833,6.644636874999833,13345,1242.0,1285.0,3.3463035019455254,239.0687943703876,84,6.649692699997104,0.244944175002729,True,True,2,05_runtime_budget_baselines/raw_runs.csv
Runtime budget baseline,Chao,PyVRP,p5.2.h,0,2500,2.5047752749997017,2.2547752749997017,7641,350.0,410.0,14.634146341463415,39.40707723861863,14,2.257304999999178,0.2474702750005235,True,True,2,05_runtime_budget_baselines/raw_runs.csv
Runtime budget baseline,Chao,PyVRP,p5.2.h,1,2500,2.5047752749997017,2.2547752749997017,7343,340.0,410.0,17.073170731707318,38.536373091137015,14,2.2571189000009326,0.247656374998769,True,True,2,05_runtime_budget_baselines/raw_runs.csv
Runtime budget baseline,Chao,PyVRP,p5.2.h,2,2500,2.5047752749997017,2.2547752749997017,8875,380.0,410.0,7.317073170731708,38.31162754469063,16,2.2570635000010952,0.2477117749986064,True,True,2,05_runtime_budget_baselines/raw_runs.csv
Runtime budget baseline,Chao,PyVRP,p5.2.h,3,2500,2.5047752749997017,2.2547752749997017,8778,365.0,410.0,10.975609756097562,39.3592150928817,15,2.256989800000156,0.2477854749995458,True,True,2,05_runtime_budget_baselines/raw_runs.csv
Runtime budget baseline,Chao,PyVRP,p5.2.j,0,2500,2.6727737749997686,2.4227737749997686,7918,555.0,580.0,4.310344827586207,49.68323850592756,21,2.42517399999997,0.2475997749997986,True,True,2,05_runtime_budget_baselines/raw_runs.csv
Runtime budget baseline,Chao,PyVRP,p5.2.j,1,2500,2.6727737749997686,2.4227737749997686,9298,580.0,580.0,0.0,49.75022298912626,20,2.4252044999993814,0.2475692750003872,True,True,2,05_runtime_budget_baselines/raw_runs.csv
Runtime budget baseline,Chao,PyVRP,p5.2.j,2,2500,2.6727737749997686,2.4227737749997686,9171,580.0,580.0,0.0,49.75022298912626,20,2.4250853000012285,0.2476884749985402,True,True,2,05_runtime_budget_baselines/raw_runs.csv
Runtime budget baseline,Chao,PyVRP,p5.2.j,3,2500,2.6727737749997686,2.4227737749997686,9482,580.0,580.0,0.0,49.75022298912626,20,2.4249349999990955,0.2478387750006732,True,True,2,05_runtime_budget_baselines/raw_runs.csv
Runtime budget baseline,Chao,PyVRP,p5.2.k,0,2500,3.485266225000487,3.235266225000487,17556,660.0,670.0,1.492537313432836,53.688313805762206,24,3.237844600000244,0.2474216250002427,True,True,2,05_runtime_budget_baselines/raw_runs.csv
Runtime budget baseline,Chao,PyVRP,p5.2.k,1,2500,3.485266225000487,3.235266225000487,16483,670.0,670.0,0.0,54.12899020449196,26,3.2376705999995465,0.2475956250009403,True,True,2,05_runtime_budget_baselines/raw_runs.csv
Runtime budget baseline,Chao,PyVRP,p5.2.k,2,2500,3.485266225000487,3.235266225000487,17715,670.0,670.0,0.0,54.12899020449196,26,3.237753099998372,0.2475131250021149,True,True,2,05_runtime_budget_baselines/raw_runs.csv
Runtime budget baseline,Chao,PyVRP,p5.2.k,3,2500,3.485266225000487,3.235266225000487,17412,665.0,670.0,0.746268656716418,54.052337480891175,25,3.237525900000037,0.2477403250004499,True,True,2,05_runtime_budget_baselines/raw_runs.csv
Runtime budget baseline,Chao,PyVRP,p5.2.l,0,2500,3.2870740499997737,3.0370740499997737,13559,760.0,800.0,5.0,59.71926839744423,26,3.0395343999989564,0.2475396500008173,True,True,2,05_runtime_budget_baselines/raw_runs.csv
Runtime budget baseline,Chao,PyVRP,p5.2.l,1,2500,3.2870740499997737,3.0370740499997737,15663,800.0,800.0,0.0,59.62123278463429,28,3.039682000002358,0.2473920499974156,True,True,2,05_runtime_budget_baselines/raw_runs.csv
Runtime budget baseline,Chao,PyVRP,p5.2.l,2,2500,3.2870740499997737,3.0370740499997737,16448,780.0,800.0,2.5,59.46176988611271,26,3.0393387000003718,0.2477353499994024,True,True,2,05_runtime_budget_baselines/raw_runs.csv
Runtime budget baseline,Chao,PyVRP,p5.2.l,3,2500,3.2870740499997737,3.0370740499997737,15822,770.0,800.0,3.75,59.62123278463429,28,3.0397001999990607,0.247373850000713,True,True,2,05_runtime_budget_baselines/raw_runs.csv
Runtime budget baseline,Chao,PyVRP,p5.2.m,0,2500,4.330206825000005,4.080206825000005,20321,835.0,860.0,2.9069767441860463,64.67004637770997,31,4.082574099997146,0.2476327250028589,True,True,2,05_runtime_budget_baselines/raw_runs.csv
Runtime budget baseline,Chao,PyVRP,p5.2.m,1,2500,4.330206825000005,4.080206825000005,19911,835.0,860.0,2.9069767441860463,64.67004637770997,31,4.0825088000019605,0.2476980249980442,True,True,2,05_runtime_budget_baselines/raw_runs.csv
Runtime budget baseline,Chao,PyVRP,p5.2.m,2,2500,4.330206825000005,4.080206825000005,26059,840.0,860.0,2.3255813953488373,64.92184413334468,28,4.0827338000017335,0.2474730249982712,True,True,2,05_runtime_budget_baselines/raw_runs.csv
Runtime budget baseline,Chao,PyVRP,p5.2.m,3,2500,4.330206825000005,4.080206825000005,24946,825.0,860.0,4.069767441860465,64.88707913788211,29,4.082751499998267,0.2474553250017379,True,True,2,05_runtime_budget_baselines/raw_runs.csv
Runtime budget baseline,Chao,PyVRP,p5.2.n,0,2500,4.147918699999536,3.897918699999536,20339,920.0,925.0,0.5405405405405406,69.62688589570854,32,3.900263200001064,0.2476554999984728,True,True,2,05_runtime_budget_baselines/raw_runs.csv
Runtime budget baseline,Chao,PyVRP,p5.2.n,1,2500,4.147918699999536,3.897918699999536,20444,895.0,925.0,3.2432432432432434,69.4527753705374,31,3.900206900001649,0.2477117999978872,True,True,2,05_runtime_budget_baselines/raw_runs.csv
Runtime budget baseline,Chao,PyVRP,p5.2.n,2,2500,4.147918699999536,3.897918699999536,20785,920.0,925.0,0.5405405405405406,69.23022488838973,32,3.900339799998619,0.2475789000009172,True,True,2,05_runtime_budget_baselines/raw_runs.csv
Runtime budget baseline,Chao,PyVRP,p5.2.n,3,2500,4.147918699999536,3.897918699999536,21660,925.0,925.0,0.0,69.22391035614498,33,3.90015289999792,0.2477658000016163,True,True,2,05_runtime_budget_baselines/raw_runs.csv
Runtime budget baseline,Chao,PyVRP,p5.2.o,0,2500,4.055512049999834,3.805512049999834,20573,1010.0,1020.0,0.9803921568627451,74.93494128361905,34,3.80786789999911,0.247644150000724,True,True,2,05_runtime_budget_baselines/raw_runs.csv
Runtime budget baseline,Chao,PyVRP,p5.2.o,1,2500,4.055512049999834,3.805512049999834,21875,1010.0,1020.0,0.9803921568627451,74.93494128361905,34,3.808017900002597,0.2474941499972374,True,True,2,05_runtime_budget_baselines/raw_runs.csv
Runtime budget baseline,Chao,PyVRP,p5.2.o,2,2500,4.055512049999834,3.805512049999834,20007,1010.0,1020.0,0.9803921568627451,74.93494128361905,34,3.807987500000309,0.2475245499995253,True,True,2,05_runtime_budget_baselines/raw_runs.csv
Runtime budget baseline,Chao,PyVRP,p5.2.o,3,2500,4.055512049999834,3.805512049999834,21980,1020.0,1020.0,0.0,74.85263544894403,34,3.807809499998257,0.247702550001577,True,True,2,05_runtime_budget_baselines/raw_runs.csv
Runtime budget baseline,Chao,PyVRP,p5.2.p,0,2500,4.571272224999575,4.321272224999575,25582,1140.0,1150.0,0.8695652173913043,79.62123278463429,38,4.32358000000022,0.2476922249993549,True,True,2,05_runtime_budget_baselines/raw_runs.csv
Runtime budget baseline,Chao,PyVRP,p5.2.p,1,2500,4.571272224999575,4.321272224999575,23516,1150.0,1150.0,0.0,79.62123278463429,38,4.323780999999144,0.2474912250004308,True,True,2,05_runtime_budget_baselines/raw_runs.csv
Runtime budget baseline,Chao,PyVRP,p5.2.p,2,2500,4.571272224999575,4.321272224999575,24140,1150.0,1150.0,0.0,79.62123278463429,38,4.323785399999906,0.2474868249996689,True,True,2,05_runtime_budget_baselines/raw_runs.csv
Runtime budget baseline,Chao,PyVRP,p5.2.p,3,2500,4.571272224999575,4.321272224999575,25612,1135.0,1150.0,1.3043478260869565,79.19578119945164,37,4.323653100000229,0.2476191249993462,True,True,2,05_runtime_budget_baselines/raw_runs.csv
Runtime budget baseline,Chao,PyVRP,p5.2.q,0,2500,4.418994250000196,4.168994250000196,22916,1150.0,1195.0,3.7656903765690375,83.32047972685271,38,4.171358899999177,0.2476353500010191,True,True,2,05_runtime_budget_baselines/raw_runs.csv
Runtime budget baseline,Chao,PyVRP,p5.2.q,1,2500,4.418994250000196,4.168994250000196,24307,1190.0,1195.0,0.41841004184100417,84.42718386376139,38,4.171492699999362,0.2475015500008339,True,True,2,05_runtime_budget_baselines/raw_runs.csv
Runtime budget baseline,Chao,PyVRP,p5.2.q,2,2500,4.418994250000196,4.168994250000196,22815,1180.0,1195.0,1.2552301255230125,84.42718386376139,38,4.171302200000355,0.2476920499998414,True,True,2,05_runtime_budget_baselines/raw_runs.csv
Runtime budget baseline,Chao,PyVRP,p5.2.q,3,2500,4.418994250000196,4.168994250000196,22556,1190.0,1195.0,0.41841004184100417,84.42718386376139,38,4.171294399999169,0.2476998500010268,True,True,2,05_runtime_budget_baselines/raw_runs.csv
Runtime budget baseline,Chao,PyVRP,p5.2.r,0,2500,4.87192237499994,4.62192237499994,26057,1260.0,1260.0,0.0,88.47213595499957,44,4.624274700003298,0.2476476749966423,True,True,2,05_runtime_budget_baselines/raw_runs.csv
Runtime budget baseline,Chao,PyVRP,p5.2.r,1,2500,4.87192237499994,4.62192237499994,23971,1245.0,1260.0,1.1904761904761905,89.63320042795328,41,4.624249600001349,0.2476727749985912,True,True,2,05_runtime_budget_baselines/raw_runs.csv
Runtime budget baseline,Chao,PyVRP,p5.2.r,2,2500,4.87192237499994,4.62192237499994,24055,1245.0,1260.0,1.1904761904761905,88.80477330320709,41,4.624353799998062,0.2475685750018783,True,True,2,05_runtime_budget_baselines/raw_runs.csv
Runtime budget baseline,Chao,PyVRP,p5.2.r,3,2500,4.87192237499994,4.62192237499994,25326,1220.0,1260.0,3.1746031746031744,89.67559312067931,40,4.6241780999989714,0.2477442750009686,True,True,2,05_runtime_budget_baselines/raw_runs.csv
Runtime budget baseline,Chao,PyVRP,p5.2.s,0,2500,4.718533475000186,4.468533475000186,22235,1290.0,1340.0,3.7313432835820897,93.45997833364478,44,4.471101199997065,0.2474322750031206,True,True,2,05_runtime_budget_baselines/raw_runs.csv
Runtime budget baseline,Chao,PyVRP,p5.2.s,1,2500,4.718533475000186,4.468533475000186,19770,1340.0,1340.0,0.0,94.770329614269,44,4.47124900000199,0.2472844749981959,True,True,2,05_runtime_budget_baselines/raw_runs.csv
Runtime budget baseline,Chao,PyVRP,p5.2.s,2,2500,4.718533475000186,4.468533475000186,23495,1330.0,1340.0,0.746268656716418,94.770329614269,44,4.470933700002206,0.2475997749979797,True,True,2,05_runtime_budget_baselines/raw_runs.csv
Runtime budget baseline,Chao,PyVRP,p5.2.s,3,2500,4.718533475000186,4.468533475000186,20931,1340.0,1340.0,0.0,94.770329614269,44,4.471080400002393,0.247453074997793,True,True,2,05_runtime_budget_baselines/raw_runs.csv
Runtime budget baseline,Chao,PyVRP,p5.2.t,0,2500,4.595996725000077,4.345996725000077,21742,1375.0,1400.0,1.7857142857142858,99.66220234376657,47,4.348369899998943,0.2476268250011344,True,True,2,05_runtime_budget_baselines/raw_runs.csv
Runtime budget baseline,Chao,PyVRP,p5.2.t,1,2500,4.595996725000077,4.345996725000077,23108,1325.0,1400.0,5.357142857142857,97.94525970788334,45,4.3485934999989695,0.2474032250011077,True,True,2,05_runtime_budget_baselines/raw_runs.csv
Runtime budget baseline,Chao,PyVRP,p5.2.t,2,2500,4.595996725000077,4.345996725000077,20511,1385.0,1400.0,1.0714285714285714,99.54458006103351,47,4.348500099997182,0.2474966250028956,True,True,2,05_runtime_budget_baselines/raw_runs.csv
Runtime budget baseline,Chao,PyVRP,p5.2.t,3,2500,4.595996725000077,4.345996725000077,21954,1375.0,1400.0,1.7857142857142858,99.62123278463427,47,4.34840560000157,0.2475911249985074,True,True,2,05_runtime_budget_baselines/raw_runs.csv
Runtime budget baseline,Chao,PyVRP,p5.2.u,0,2500,4.712462625000171,4.462462625000171,22355,1415.0,1460.0,3.0821917808219177,104.3730071857797,49,4.464769500002149,0.2476931249980225,True,True,2,05_runtime_budget_baselines/raw_runs.csv
Runtime budget baseline,Chao,PyVRP,p5.2.u,1,2500,4.712462625000171,4.462462625000171,21278,1420.0,1460.0,2.73972602739726,104.5094896984364,48,4.46496660000048,0.2474960249996911,True,True,2,05_runtime_budget_baselines/raw_runs.csv
Runtime budget baseline,Chao,PyVRP,p5.2.u,2,2500,4.712462625000171,4.462462625000171,21227,1440.0,1460.0,1.36986301369863,103.94755560059706,48,4.464801199999783,0.2476614250003876,True,True,2,05_runtime_budget_baselines/raw_runs.csv
Runtime budget baseline,Chao,PyVRP,p5.2.u,3,2500,4.712462625000171,4.462462625000171,18884,1450.0,1460.0,0.684931506849315,104.94427190999916,50,4.464905000000726,0.2475576249994446,True,True,2,05_runtime_budget_baselines/raw_runs.csv
Runtime budget baseline,Chao,PyVRP,p5.2.v,0,2500,4.337932524999815,4.087932524999815,18154,1485.0,1505.0,1.3289036544850499,109.03452674846211,51,4.090382899998076,0.2475496250017386,True,True,2,05_runtime_budget_baselines/raw_runs.csv
Runtime budget baseline,Chao,PyVRP,p5.2.v,1,2500,4.337932524999815,4.087932524999815,17490,1495.0,1505.0,0.6644518272425249,109.86295387320833,51,4.0904003999967244,0.2475321250030902,True,True,2,05_runtime_budget_baselines/raw_runs.csv
Runtime budget baseline,Chao,PyVRP,p5.2.v,2,2500,4.337932524999815,4.087932524999815,15753,1495.0,1505.0,0.6644518272425249,108.85263544894404,51,4.090402800000447,0.2475297249993673,True,True,2,05_runtime_budget_baselines/raw_runs.csv
Runtime budget baseline,Chao,PyVRP,p5.2.v,3,2500,4.337932524999815,4.087932524999815,18479,1475.0,1505.0,1.9933554817275747,109.25910008576363,51,4.090490599999612,0.2474419250002029,True,True,2,05_runtime_budget_baselines/raw_runs.csv
Runtime budget baseline,Chao,PyVRP,p5.2.w,0,2500,4.114311649999763,3.864311649999763,13350,1550.0,1565.0,0.9584664536741214,113.8319992815263,54,3.866966499997943,0.24734515000182,True,True,2,05_runtime_budget_baselines/raw_runs.csv
Runtime budget baseline,Chao,PyVRP,p5.2.w,1,2500,4.114311649999763,3.864311649999763,14860,1525.0,1565.0,2.5559105431309903,113.83831381377104,53,3.8668268999972497,0.2474847500025134,True,True,2,05_runtime_budget_baselines/raw_runs.csv
Runtime budget baseline,Chao,PyVRP,p5.2.w,2,2500,4.114311649999763,3.864311649999763,14275,1545.0,1565.0,1.2779552715654952,114.46162755269948,53,3.86679279999953,0.2475188500002332,True,True,2,05_runtime_budget_baselines/raw_runs.csv
Runtime budget baseline,Chao,PyVRP,p5.2.w,3,2500,4.114311649999763,3.864311649999763,12336,1560.0,1565.0,0.3194888178913738,114.85263544894404,54,3.867026399999304,0.2472852500004592,True,True,2,05_runtime_budget_baselines/raw_runs.csv
Runtime budget baseline,Chao,PyVRP,p5.2.x,0,2500,3.4747546999992664,3.2247546999992664,9283,1610.0,1610.0,0.0,119.62123278463427,58,3.227442000003066,0.2473126999962005,True,True,2,05_runtime_budget_baselines/raw_runs.csv
Runtime budget baseline,Chao,PyVRP,p5.2.x,1,2500,3.4747546999992664,3.2247546999992664,9926,1580.0,1610.0,1.8633540372670807,118.6243482457912,56,3.22736729999815,0.2473874000011164,True,True,2,05_runtime_budget_baselines/raw_runs.csv
Runtime budget baseline,Chao,PyVRP,p5.2.x,2,2500,3.4747546999992664,3.2247546999992664,9413,1590.0,1610.0,1.2422360248447204,119.49847350245616,58,3.2274348000028112,0.2473198999964552,True,True,2,05_runtime_budget_baselines/raw_runs.csv
Runtime budget baseline,Chao,PyVRP,p5.2.x,3,2500,3.4747546999992664,3.2247546999992664,10462,1595.0,1610.0,0.9316770186335404,119.66220234376657,57,3.2273325999994995,0.2474220999997669,True,True,2,05_runtime_budget_baselines/raw_runs.csv
Runtime budget baseline,Chao,PyVRP,p5.2.y,0,2500,3.2344877250002355,2.9844877250002355,7621,1640.0,1645.0,0.303951367781155,124.9907160825985,60,2.986969500001578,0.2475182249986574,True,True,2,05_runtime_budget_baselines/raw_runs.csv
Runtime budget baseline,Chao,PyVRP,p5.2.y,1,2500,3.2344877250002355,2.9844877250002355,7810,1640.0,1645.0,0.303951367781155,123.62123278463427,60,2.987143199999992,0.2473445250002441,True,True,2,05_runtime_budget_baselines/raw_runs.csv
Runtime budget baseline,Chao,PyVRP,p5.2.y,2,2500,3.2344877250002355,2.9844877250002355,9446,1610.0,1645.0,2.127659574468085,124.2812024952836,58,2.987054299999727,0.2474334250005085,True,True,2,05_runtime_budget_baselines/raw_runs.csv
Runtime budget baseline,Chao,PyVRP,p5.2.y,3,2500,3.2344877250002355,2.9844877250002355,8140,1625.0,1645.0,1.21580547112462,123.93960659680911,59,2.987570699999196,0.2469170250010393,True,True,2,05_runtime_budget_baselines/raw_runs.csv
Runtime budget baseline,Chao,PyVRP,p5.2.z,0,2500,2.5367986249998467,2.2867986249998467,6353,1680.0,1680.0,0.0,129.84161925296377,64,2.289545800002088,0.2472528249977585,True,True,2,05_runtime_budget_baselines/raw_runs.csv
Runtime budget baseline,Chao,PyVRP,p5.2.z,1,2500,2.5367986249998467,2.2867986249998467,5720,1680.0,1680.0,0.0,129.84161925296377,64,2.289311600001384,0.2474870249984633,True,True,2,05_runtime_budget_baselines/raw_runs.csv
Runtime budget baseline,Chao,PyVRP,p5.2.z,2,2500,2.5367986249998467,2.2867986249998467,5403,1105.0,1680.0,34.226190476190474,129.63127915461394,41,2.2896233000028587,0.2471753249969879,True,True,2,05_runtime_budget_baselines/raw_runs.csv
Runtime budget baseline,Chao,PyVRP,p5.2.z,3,2500,2.5367986249998467,2.2867986249998467,5445,1680.0,1680.0,0.0,128.47213595499957,64,2.2896022999993875,0.2471963250004591,True,True,2,05_runtime_budget_baselines/raw_runs.csv
Runtime budget baseline,Chao,PyVRP,p5.3.k,0,2500,2.763983450000069,2.513983450000069,9586,470.0,495.0,5.05050505050505,52.50591660601231,20,2.5162645999989763,0.2477188500010925,True,True,2,05_runtime_budget_baselines/raw_runs.csv
Runtime budget baseline,Chao,PyVRP,p5.3.k,1,2500,2.763983450000069,2.513983450000069,10251,470.0,495.0,5.05050505050505,54.08286033733377,20,2.5162718999999925,0.2477115500000763,True,True,2,05_runtime_budget_baselines/raw_runs.csv
Runtime budget baseline,Chao,PyVRP,p5.3.k,2,2500,2.763983450000069,2.513983450000069,10757,470.0,495.0,5.05050505050505,53.89672046923321,22,2.516418500003056,0.2475649499970131,True,True,2,05_runtime_budget_baselines/raw_runs.csv
Runtime budget baseline,Chao,PyVRP,p5.3.k,3,2500,2.763983450000069,2.513983450000069,10385,455.0,495.0,8.080808080808081,51.19305357149851,19,2.5162698999993154,0.2477135500007534,True,True,2,05_runtime_budget_baselines/raw_runs.csv
Runtime budget baseline,Chao,PyVRP,p5.3.l,0,2500,2.844513474999985,2.594513474999985,10324,575.0,595.0,3.361344537815126,57.37612264693661,25,2.597011499998189,0.2475019750017963,True,True,2,05_runtime_budget_baselines/raw_runs.csv
Runtime budget baseline,Chao,PyVRP,p5.3.l,1,2500,2.844513474999985,2.594513474999985,11620,570.0,595.0,4.201680672268908,58.27371018711884,24,2.596941499999957,0.247571975000028,True,True,2,05_runtime_budget_baselines/raw_runs.csv
Runtime budget baseline,Chao,PyVRP,p5.3.l,2,2500,2.844513474999985,2.594513474999985,9962,565.0,595.0,5.042016806722689,59.01983147719,23,2.596807300000364,0.247706174999621,True,True,2,05_runtime_budget_baselines/raw_runs.csv
Runtime budget baseline,Chao,PyVRP,p5.3.l,3,2500,2.844513474999985,2.594513474999985,10488,585.0,595.0,1.680672268907563,58.93752564251498,25,2.5967334999986638,0.2477799750013218,True,True,2,05_runtime_budget_baselines/raw_runs.csv
Runtime budget baseline,Chao,PyVRP,p5.3.n,0,2500,3.4665860499999326,3.2165860499999326,14949,720.0,755.0,4.635761589403973,68.73806536777144,28,3.218862800000352,0.2477232499995807,True,True,2,05_runtime_budget_baselines/raw_runs.csv
Runtime budget baseline,Chao,PyVRP,p5.3.n,1,2500,3.4665860499999326,3.2165860499999326,15220,750.0,755.0,0.6622516556291391,69.21340195384488,30,3.218972699996812,0.247613350003121,True,True,2,05_runtime_budget_baselines/raw_runs.csv
Runtime budget baseline,Chao,PyVRP,p5.3.n,2,2500,3.4665860499999326,3.2165860499999326,16211,750.0,755.0,0.6622516556291391,69.21340195384488,30,3.2190253000007942,0.2475607499991383,True,True,2,05_runtime_budget_baselines/raw_runs.csv
Runtime budget baseline,Chao,PyVRP,p5.3.n,3,2500,3.4665860499999326,3.2165860499999326,15203,750.0,755.0,0.6622516556291391,69.21340195384488,30,3.2188067000024603,0.2477793499974723,True,True,2,05_runtime_budget_baselines/raw_runs.csv
Runtime budget baseline,Chao,PyVRP,p5.3.o,0,2500,3.565351675000329,3.315351675000329,16389,870.0,870.0,0.0,74.62533448368939,30,3.31774360000054,0.2476080749997891,True,True,2,05_runtime_budget_baselines/raw_runs.csv
Runtime budget baseline,Chao,PyVRP,p5.3.o,1,2500,3.565351675000329,3.315351675000329,15695,870.0,870.0,0.0,74.62533448368939,30,3.317699999999604,0.2476516750007249,True,True,2,05_runtime_budget_baselines/raw_runs.csv
Runtime budget baseline,Chao,PyVRP,p5.3.o,2,2500,3.565351675000329,3.315351675000329,15369,870.0,870.0,0.0,74.62533448368939,30,3.317820700001903,0.2475309749984262,True,True,2,05_runtime_budget_baselines/raw_runs.csv
Runtime budget baseline,Chao,PyVRP,p5.3.o,3,2500,3.565351675000329,3.315351675000329,15536,840.0,870.0,3.4482758620689653,74.08286033733377,30,3.3176079000004397,0.2477437749998898,True,True,2,05_runtime_budget_baselines/raw_runs.csv
Runtime budget baseline,Chao,PyVRP,p5.3.q,0,2500,4.059889250000197,3.8098892500001966,20059,1030.0,1070.0,3.7383177570093458,84.57115780570768,36,3.8123912999981258,0.2474979500020708,True,True,2,05_runtime_budget_baselines/raw_runs.csv
Runtime budget baseline,Chao,PyVRP,p5.3.q,1,2500,4.059889250000197,3.8098892500001966,19847,1065.0,1070.0,0.4672897196261682,84.0680672590261,39,3.812158600001567,0.2477306499986298,True,True,2,05_runtime_budget_baselines/raw_runs.csv
Runtime budget baseline,Chao,PyVRP,p5.3.q,2,2500,4.059889250000197,3.8098892500001966,20756,1060.0,1070.0,0.9345794392523364,83.64261567384345,38,3.812290400001075,0.2475988499991217,True,True,2,05_runtime_budget_baselines/raw_runs.csv
Runtime budget baseline,Chao,PyVRP,p5.3.q,3,2500,4.059889250000197,3.8098892500001966,19440,1005.0,1070.0,6.074766355140187,84.28002471936358,37,3.8122237999996287,0.2476654500005679,True,True,2,05_runtime_budget_baselines/raw_runs.csv
Runtime budget baseline,Chao,PyVRP,p5.3.r,0,2500,3.944829324999773,3.694829324999773,18013,1090.0,1125.0,3.111111111111111,88.4449796055586,40,3.697246600000653,0.2475827249991198,True,True,2,05_runtime_budget_baselines/raw_runs.csv
Runtime budget baseline,Chao,PyVRP,p5.3.r,1,2500,3.944829324999773,3.694829324999773,20457,1095.0,1125.0,2.6666666666666665,88.87401833815318,39,3.6973617000003287,0.2474676249994445,True,True,2,05_runtime_budget_baselines/raw_runs.csv
Runtime budget baseline,Chao,PyVRP,p5.3.r,2,2500,3.944829324999773,3.694829324999773,19334,1115.0,1125.0,0.8888888888888888,89.61637749340842,39,3.697215899999719,0.2476134250000541,True,True,2,05_runtime_budget_baselines/raw_runs.csv
Runtime budget baseline,Chao,PyVRP,p5.3.r,3,2500,3.944829324999773,3.694829324999773,18230,1090.0,1125.0,3.111111111111111,89.84628801958819,38,3.69714440000098,0.2476849249987935,True,True,2,05_runtime_budget_baselines/raw_runs.csv
Runtime budget baseline,Chao,PyVRP,p5.3.s,0,2500,4.45866100000012,4.20866100000012,22064,1165.0,1190.0,2.100840336134454,93.87671306899524,41,4.211087199997564,0.2475738000025558,True,True,2,05_runtime_budget_baselines/raw_runs.csv
Runtime budget baseline,Chao,PyVRP,p5.3.s,1,2500,4.45866100000012,4.20866100000012,22069,1160.0,1190.0,2.5210084033613445,94.28002471936358,42,4.211054899998999,0.2476061000011213,True,True,2,05_runtime_budget_baselines/raw_runs.csv
Runtime budget baseline,Chao,PyVRP,p5.3.s,2,2500,4.45866100000012,4.20866100000012,22374,1190.0,1190.0,0.0,94.88882304572743,40,4.2110705000013695,0.2475904999987506,True,True,2,05_runtime_budget_baselines/raw_runs.csv
Runtime budget baseline,Chao,PyVRP,p5.3.s,3,2500,4.45866100000012,4.20866100000012,23057,1185.0,1190.0,0.42016806722689076,94.2522796532871,41,4.210988200000429,0.247672799999691,True,True,2,05_runtime_budget_baselines/raw_runs.csv
Runtime budget baseline,Chao,PyVRP,p5.3.t,0,2500,4.4674831249994895,4.2174831249994895,21317,1250.0,1260.0,0.7936507936507936,99.05514792524804,44,4.219988800003193,0.2474943249962962,True,True,2,05_runtime_budget_baselines/raw_runs.csv
Runtime budget baseline,Chao,PyVRP,p5.3.t,1,2500,4.4674831249994895,4.2174831249994895,22386,1240.0,1260.0,1.5873015873015872,98.33588413785309,42,4.219804100001056,0.2476790249984333,True,True,2,05_runtime_budget_baselines/raw_runs.csv
Runtime budget baseline,Chao,PyVRP,p5.3.t,2,2500,4.4674831249994895,4.2174831249994895,21397,1230.0,1260.0,2.380952380952381,98.35454977969164,44,4.219866499999625,0.2476166249998641,True,True,2,05_runtime_budget_baselines/raw_runs.csv
Runtime budget baseline,Chao,PyVRP,p5.3.t,3,2500,4.4674831249994895,4.2174831249994895,23203,1250.0,1260.0,0.7936507936507936,97.67357026552548,44,4.219846799998777,0.2476363250007125,True,True,2,05_runtime_budget_baselines/raw_runs.csv
Runtime budget baseline,Chao,PyVRP,p5.3.u,0,2500,4.153086850000818,3.903086850000818,18575,1295.0,1345.0,3.717472118959108,104.34253449175009,45,3.905816700000287,0.2472701500005314,True,True,2,05_runtime_budget_baselines/raw_runs.csv
Runtime budget baseline,Chao,PyVRP,p5.3.u,1,2500,4.153086850000818,3.903086850000818,18307,1330.0,1345.0,1.1152416356877324,104.46066111472892,46,3.905689700000949,0.2473971499998697,True,True,2,05_runtime_budget_baselines/raw_runs.csv
Runtime budget baseline,Chao,PyVRP,p5.3.u,2,2500,4.153086850000818,3.903086850000818,17488,1315.0,1345.0,2.2304832713754648,104.12789704808202,47,3.9059262000009767,0.2471606499998415,True,True,2,05_runtime_budget_baselines/raw_runs.csv
Runtime budget baseline,Chao,PyVRP,p5.3.u,3,2500,4.153086850000818,3.903086850000818,18993,1305.0,1345.0,2.973977695167286,104.2365607805481,45,3.9057150000007823,0.2473718500000359,True,True,2,05_runtime_budget_baselines/raw_runs.csv
Runtime budget baseline,Chao,PyVRP,p5.3.v,0,2500,3.92622317499945,3.67622317499945,16620,1380.0,1425.0,3.1578947368421053,109.145402763711,48,3.6787092000013217,0.2475139749981281,True,True,2,05_runtime_budget_baselines/raw_runs.csv
Runtime budget baseline,Chao,PyVRP,p5.3.v,1,2500,3.92622317499945,3.67622317499945,15301,1400.0,1425.0,1.7543859649122806,109.47989498075172,50,3.678582599997753,0.2476405750016965,True,True,2,05_runtime_budget_baselines/raw_runs.csv
Runtime budget baseline,Chao,PyVRP,p5.3.v,2,2500,3.92622317499945,3.67622317499945,15562,1375.0,1425.0,3.508771929824561,108.2365607805481,47,3.678662400001485,0.2475607749979644,True,True,2,05_runtime_budget_baselines/raw_runs.csv
Runtime budget baseline,Chao,PyVRP,p5.3.v,3,2500,3.92622317499945,3.67622317499945,16953,1395.0,1425.0,2.1052631578947367,109.83358524098456,49,3.678682199999457,0.2475409749999926,True,True,2,05_runtime_budget_baselines/raw_runs.csv
Runtime budget baseline,Chao,PyVRP,p5.3.w,0,2500,3.7727935000002617,3.5227935000002617,15667,1435.0,1485.0,3.367003367003367,114.13999140984038,51,3.525315200000477,0.2474782999997842,True,True,2,05_runtime_budget_baselines/raw_runs.csv
Runtime budget baseline,Chao,PyVRP,p5.3.w,1,2500,3.7727935000002617,3.5227935000002617,13371,1445.0,1485.0,2.6936026936026938,113.82682806810443,51,3.5253136999999697,0.247479800000292,True,True,2,05_runtime_budget_baselines/raw_runs.csv
Runtime budget baseline,Chao,PyVRP,p5.3.w,2,2500,3.7727935000002617,3.5227935000002617,13912,1450.0,1485.0,2.356902356902357,114.1043699449823,50,3.525262900002417,0.2475305999978445,True,True,2,05_runtime_budget_baselines/raw_runs.csv
Runtime budget baseline,Chao,PyVRP,p5.3.w,3,2500,3.7727935000002617,3.5227935000002617,14113,1405.0,1485.0,5.3872053872053876,112.86988948692677,49,3.525351899999805,0.2474416000004566,True,True,2,05_runtime_budget_baselines/raw_runs.csv
Runtime budget baseline,Chao,PyVRP,p5.3.x,0,2500,3.480222550000235,3.230222550000235,9969,1505.0,1555.0,3.215434083601286,117.9196532104755,53,3.2328262999981234,0.2473962500021116,True,True,2,05_runtime_budget_baselines/raw_runs.csv
Runtime budget baseline,Chao,PyVRP,p5.3.x,1,2500,3.480222550000235,3.230222550000235,11364,1495.0,1555.0,3.8585209003215435,119.04305356348968,53,3.232784100000572,0.2474384499996631,True,True,2,05_runtime_budget_baselines/raw_runs.csv
Runtime budget baseline,Chao,PyVRP,p5.3.x,2,2500,3.480222550000235,3.230222550000235,12914,1485.0,1555.0,4.501607717041801,119.71409718402238,53,3.2326978000019158,0.2475247499983197,True,True,2,05_runtime_budget_baselines/raw_runs.csv
Runtime budget baseline,Chao,PyVRP,p5.3.x,3,2500,3.480222550000235,3.230222550000235,10238,1550.0,1555.0,0.3215434083601286,118.8469346932472,54,3.233016599999246,0.2472059500009891,True,True,2,05_runtime_budget_baselines/raw_runs.csv
Runtime budget baseline,Chao,PyVRP,p5.3.y,0,2500,3.2831944999998086,3.0331944999998086,6216,1545.0,1595.0,3.134796238244514,123.46690702767457,55,3.036157999998977,0.2470365000008314,True,True,2,05_runtime_budget_baselines/raw_runs.csv
Runtime budget baseline,Chao,PyVRP,p5.3.y,1,2500,3.2831944999998086,3.0331944999998086,6993,1525.0,1595.0,4.38871473354232,122.44443790174412,53,3.0357501999969827,0.2474443000028259,True,True,2,05_runtime_budget_baselines/raw_runs.csv
Runtime budget baseline,Chao,PyVRP,p5.3.y,2,2500,3.2831944999998086,3.0331944999998086,7655,1545.0,1595.0,3.134796238244514,123.11994648430806,55,3.0359361999981047,0.2472583000017039,True,True,2,05_runtime_budget_baselines/raw_runs.csv
Runtime budget baseline,Chao,PyVRP,p5.3.y,3,2500,3.2831944999998086,3.0331944999998086,8199,1555.0,1595.0,2.5078369905956115,122.59437989200735,55,3.035813999998936,0.2473805000008724,True,True,2,05_runtime_budget_baselines/raw_runs.csv
Runtime budget baseline,Chao,PyVRP,p5.3.z,0,2500,2.795735500000319,2.545735500000319,6537,1605.0,1635.0,1.834862385321101,127.98421157231792,59,2.54838060000111,0.247354899999209,True,True,2,05_runtime_budget_baselines/raw_runs.csv
Runtime budget baseline,Chao,PyVRP,p5.3.z,1,2500,2.795735500000319,2.545735500000319,6450,1625.0,1635.0,0.6116207951070336,129.1635169529541,59,2.548200799999904,0.2475347000004149,True,True,2,05_runtime_budget_baselines/raw_runs.csv
Runtime budget baseline,Chao,PyVRP,p5.3.z,2,2500,2.795735500000319,2.545735500000319,6282,1610.0,1635.0,1.529051987767584,127.96517635499028,58,2.548255400000926,0.2474800999993931,True,True,2,05_runtime_budget_baselines/raw_runs.csv
Runtime budget baseline,Chao,PyVRP,p5.3.z,3,2500,2.795735500000319,2.545735500000319,6757,1630.0,1635.0,0.3058103975535168,128.69769553019927,60,2.548629799999617,0.2471057000007022,True,True,2,05_runtime_budget_baselines/raw_runs.csv
Runtime budget baseline,Chao,PyVRP,p5.4.m,0,2500,2.9150769500001843,2.6650769500001843,11254,530.0,555.0,4.504504504504505,64.48914194043206,24,2.667478100000153,0.2475988500000312,True,True,2,05_runtime_budget_baselines/raw_runs.csv
Runtime budget baseline,Chao,PyVRP,p5.4.m,1,2500,2.9150769500001843,2.6650769500001843,10659,545.0,555.0,1.8018018018018018,64.60182455554953,25,2.6673417999991216,0.2477351500010627,True,True,2,05_runtime_budget_baselines/raw_runs.csv
Runtime budget baseline,Chao,PyVRP,p5.4.m,2,2500,2.9150769500001843,2.6650769500001843,11174,545.0,555.0,1.8018018018018018,64.06697410261614,25,2.667411500002345,0.2476654499978394,True,True,2,05_runtime_budget_baselines/raw_runs.csv
Runtime budget baseline,Chao,PyVRP,p5.4.m,3,2500,2.9150769500001843,2.6650769500001843,10977,545.0,555.0,1.8018018018018018,64.60182455554953,25,2.6674295000011625,0.2476474499990217,True,True,2,05_runtime_budget_baselines/raw_runs.csv
Runtime budget baseline,Chao,PyVRP,p5.4.o,0,2500,3.3340727249997144,3.0840727249997144,15008,660.0,690.0,4.3478260869565215,73.94222706313015,28,3.086447199999384,0.2476255250003305,True,True,2,05_runtime_budget_baselines/raw_runs.csv
Runtime budget baseline,Chao,PyVRP,p5.4.o,1,2500,3.3340727249997144,3.0840727249997144,15593,660.0,690.0,4.3478260869565215,73.55811175349027,28,3.086348100001487,0.2477246249982272,True,True,2,05_runtime_budget_baselines/raw_runs.csv
Runtime budget baseline,Chao,PyVRP,p5.4.o,2,2500,3.3340727249997144,3.0840727249997144,14988,665.0,690.0,3.6231884057971016,74.31469380123895,27,3.086480100002518,0.2475926249971962,True,True,2,05_runtime_budget_baselines/raw_runs.csv
Runtime budget baseline,Chao,PyVRP,p5.4.o,3,2500,3.3340727249997144,3.0840727249997144,15498,660.0,690.0,4.3478260869565215,74.39134652483973,28,3.08642300000065,0.2476497249990643,True,True,2,05_runtime_budget_baselines/raw_runs.csv
Runtime budget baseline,Chao,PyVRP,p5.4.p,0,2500,3.456452624999656,3.206452624999656,15056,755.0,765.0,1.3071895424836601,77.57938116392117,31,3.208847900001274,0.2476047249983821,True,True,2,05_runtime_budget_baselines/raw_runs.csv
Runtime budget baseline,Chao,PyVRP,p5.4.p,1,2500,3.456452624999656,3.206452624999656,15030,750.0,765.0,1.9607843137254901,77.04268684707918,32,3.208849700000428,0.2476029249992279,True,True,2,05_runtime_budget_baselines/raw_runs.csv
Runtime budget baseline,Chao,PyVRP,p5.4.p,2,2500,3.456452624999656,3.206452624999656,16239,745.0,765.0,2.6143790849673203,77.841512334452,31,3.208920400000352,0.2475322249993041,True,True,2,05_runtime_budget_baselines/raw_runs.csv
Runtime budget baseline,Chao,PyVRP,p5.4.p,3,2500,3.456452624999656,3.206452624999656,15375,755.0,765.0,1.3071895424836601,77.19344856751127,31,3.208832299998903,0.2476203250007529,True,True,2,05_runtime_budget_baselines/raw_runs.csv
Runtime budget baseline,Chao,PyVRP,p5.4.q,0,2500,3.827465775000292,3.577465775000292,16297,820.0,860.0,4.651162790697675,82.9970013278476,32,3.5798243999997794,0.2476413750005122,True,True,2,05_runtime_budget_baselines/raw_runs.csv
Runtime budget baseline,Chao,PyVRP,p5.4.q,1,2500,3.827465775000292,3.577465775000292,17966,850.0,860.0,1.1627906976744187,82.00714431356022,36,3.5798594000007142,0.2476063749995773,True,True,2,05_runtime_budget_baselines/raw_runs.csv
Runtime budget baseline,Chao,PyVRP,p5.4.q,2,2500,3.827465775000292,3.577465775000292,17418,845.0,860.0,1.744186046511628,83.14175059747012,35,3.5799513000019942,0.2475144749982973,True,True,2,05_runtime_budget_baselines/raw_runs.csv
Runtime budget baseline,Chao,PyVRP,p5.4.q,3,2500,3.827465775000292,3.577465775000292,17917,835.0,860.0,2.9069767441860463,81.22913173197979,35,3.579874299997755,0.2475914750025367,True,True,2,05_runtime_budget_baselines/raw_runs.csv
Runtime budget baseline,Chao,PyVRP,p5.4.r,0,2500,3.974126500000239,3.724126500000239,18624,910.0,960.0,5.208333333333333,89.20384093827344,34,3.726712700001372,0.247413799998867,True,True,2,05_runtime_budget_baselines/raw_runs.csv
Runtime budget baseline,Chao,PyVRP,p5.4.r,1,2500,3.974126500000239,3.724126500000239,18865,900.0,960.0,6.25,88.8117026215789,34,3.726563299998816,0.2475632000014229,True,True,2,05_runtime_budget_baselines/raw_runs.csv
Runtime budget baseline,Chao,PyVRP,p5.4.r,2,2500,3.974126500000239,3.724126500000239,17922,900.0,960.0,6.25,88.79179687986789,34,3.7266458999984025,0.2474806000018361,True,True,2,05_runtime_budget_baselines/raw_runs.csv
Runtime budget baseline,Chao,PyVRP,p5.4.r,3,2500,3.974126500000239,3.724126500000239,18578,900.0,960.0,6.25,88.79179687986789,34,3.726481699999568,0.2476448000006712,True,True,2,05_runtime_budget_baselines/raw_runs.csv
Runtime budget baseline,Chao,PyVRP,p5.4.s,0,2500,4.035515250000117,3.785515250000117,19201,1015.0,1030.0,1.4563106796116505,95.01308520970582,39,3.7878582999983337,0.2476569500017831,True,True,2,05_runtime_budget_baselines/raw_runs.csv
Runtime budget baseline,Chao,PyVRP,p5.4.s,1,2500,4.035515250000117,3.785515250000117,18163,1020.0,1030.0,0.970873786407767,94.81415447723728,36,3.788039099999878,0.2474761500002387,True,True,2,05_runtime_budget_baselines/raw_runs.csv
Runtime budget baseline,Chao,PyVRP,p5.4.s,2,2500,4.035515250000117,3.785515250000117,18649,1000.0,1030.0,2.912621359223301,94.8833148926733,36,3.788206100001844,0.2473091499982729,True,True,2,05_runtime_budget_baselines/raw_runs.csv
Runtime budget baseline,Chao,PyVRP,p5.4.s,3,2500,4.035515250000117,3.785515250000117,19091,1020.0,1030.0,0.970873786407767,94.81415447723728,36,3.787907199999609,0.2476080500005082,True,True,2,05_runtime_budget_baselines/raw_runs.csv
Runtime budget baseline,Chao,PyVRP,p5.4.t,0,2500,4.042686750000485,3.7926867500004846,18234,1160.0,1160.0,0.0,99.50044597825251,40,3.795137699999032,0.247549050001453,True,True,2,05_runtime_budget_baselines/raw_runs.csv
Runtime budget baseline,Chao,PyVRP,p5.4.t,1,2500,4.042686750000485,3.7926867500004846,19561,1160.0,1160.0,0.0,99.50044597825251,40,3.795234699999128,0.2474520500013568,True,True,2,05_runtime_budget_baselines/raw_runs.csv
Runtime budget baseline,Chao,PyVRP,p5.4.t,2,2500,4.042686750000485,3.7926867500004846,19131,1130.0,1160.0,2.586206896551724,99.12634563606288,40,3.7951307999974233,0.2475559500030613,True,True,2,05_runtime_budget_baselines/raw_runs.csv
Runtime budget baseline,Chao,PyVRP,p5.4.t,3,2500,4.042686750000485,3.7926867500004846,18597,1160.0,1160.0,0.0,99.50044597825251,40,3.7953482999982953,0.2473384500021893,True,True,2,05_runtime_budget_baselines/raw_runs.csv
Runtime budget baseline,Chao,PyVRP,p5.4.u,0,2500,3.711924900000213,3.461924900000213,15656,1270.0,1300.0,2.3076923076923075,103.8126371370781,44,3.464339000001928,0.2475858999982847,True,True,2,05_runtime_budget_baselines/raw_runs.csv
Runtime budget baseline,Chao,PyVRP,p5.4.u,1,2500,3.711924900000213,3.461924900000213,16064,1260.0,1300.0,3.076923076923077,103.96997859255254,42,3.464579600000434,0.2473452999997789,True,True,2,05_runtime_budget_baselines/raw_runs.csv
Runtime budget baseline,Chao,PyVRP,p5.4.u,2,2500,3.711924900000213,3.461924900000213,16581,1270.0,1300.0,2.3076923076923075,103.72656916758716,44,3.464431100001093,0.2474937999991198,True,True,2,05_runtime_budget_baselines/raw_runs.csv
Runtime budget baseline,Chao,PyVRP,p5.4.u,3,2500,3.711924900000213,3.461924900000213,15930,1300.0,1300.0,0.0,104.18673747926776,44,3.464635399999679,0.2472895000005337,True,True,2,05_runtime_budget_baselines/raw_runs.csv
Runtime budget baseline,Chao,PyVRP,p5.4.v,0,2500,3.5700283500000296,3.3200283500000296,13571,1320.0,1320.0,0.0,107.5453980694907,48,3.3225199000007706,0.247508449999259,True,True,2,05_runtime_budget_baselines/raw_runs.csv
Runtime budget baseline,Chao,PyVRP,p5.4.v,1,2500,3.5700283500000296,3.3200283500000296,13781,1310.0,1320.0,0.7575757575757576,106.4410744448058,46,3.322597800000949,0.2474305499990805,True,True,2,05_runtime_budget_baselines/raw_runs.csv
Runtime budget baseline,Chao,PyVRP,p5.4.v,2,2500,3.5700283500000296,3.3200283500000296,13746,1315.0,1320.0,0.3787878787878788,107.11994648430806,47,3.322599800001626,0.2474285499984034,True,True,2,05_runtime_budget_baselines/raw_runs.csv
Runtime budget baseline,Chao,PyVRP,p5.4.v,3,2500,3.5700283500000296,3.3200283500000296,13304,1315.0,1320.0,0.3787878787878788,105.85833526899688,47,3.3224274999993213,0.2476008500007083,True,True,2,05_runtime_budget_baselines/raw_runs.csv
Runtime budget baseline,Chao,PyVRP,p5.4.w,0,2500,3.8709747749999215,3.6209747749999215,16009,1360.0,1390.0,2.158273381294964,113.92530326249424,48,3.623511599998892,0.2474631750010303,True,True,2,05_runtime_budget_baselines/raw_runs.csv
Runtime budget baseline,Chao,PyVRP,p5.4.w,1,2500,3.8709747749999215,3.6209747749999215,16269,1360.0,1390.0,2.158273381294964,112.84197618594476,48,3.623538899999403,0.2474358750005194,True,True,2,05_runtime_budget_baselines/raw_runs.csv
Runtime budget baseline,Chao,PyVRP,p5.4.w,2,2500,3.8709747749999215,3.6209747749999215,15424,1370.0,1390.0,1.4388489208633093,113.50705464041896,48,3.623534099999233,0.2474406750006892,True,True,2,05_runtime_budget_baselines/raw_runs.csv
Runtime budget baseline,Chao,PyVRP,p5.4.w,3,2500,3.8709747749999215,3.6209747749999215,14290,1365.0,1390.0,1.7985611510791366,114.4715581402323,49,3.623428700000659,0.2475460749992635,True,True,2,05_runtime_budget_baselines/raw_runs.csv
Runtime budget baseline,Chao,PyVRP,p5.4.x,0,2500,3.6577532249998512,3.4077532249998512,11881,1420.0,1450.0,2.0689655172413794,118.9786900012874,52,3.410319200000231,0.2474340249996203,True,True,2,05_runtime_budget_baselines/raw_runs.csv
Runtime budget baseline,Chao,PyVRP,p5.4.x,1,2500,3.6577532249998512,3.4077532249998512,13405,1425.0,1450.0,1.7241379310344827,118.43419299977792,51,3.4102316000025894,0.2475216249972618,True,True,2,05_runtime_budget_baselines/raw_runs.csv
Runtime budget baseline,Chao,PyVRP,p5.4.x,2,2500,3.6577532249998512,3.4077532249998512,13719,1440.0,1450.0,0.6896551724137931,119.80435824271092,48,3.4100576999990158,0.2476955250008359,True,True,2,05_runtime_budget_baselines/raw_runs.csv
Runtime budget baseline,Chao,PyVRP,p5.4.x,3,2500,3.6577532249998512,3.4077532249998512,13562,1415.0,1450.0,2.413793103448276,119.3594435564526,49,3.4100645000035,0.247688724996351,True,True,2,05_runtime_budget_baselines/raw_runs.csv
Runtime budget baseline,Chao,PyVRP,p5.4.y,0,2500,3.121943425000154,2.871943425000154,8543,1495.0,1520.0,1.644736842105263,122.46986502266964,55,2.8750789999976405,0.2468644250025136,True,True,2,05_runtime_budget_baselines/raw_runs.csv
Runtime budget baseline,Chao,PyVRP,p5.4.y,1,2500,3.121943425000154,2.871943425000154,9389,1480.0,1520.0,2.6315789473684212,123.74163752455156,52,2.874857599999814,0.2470858250003402,True,True,2,05_runtime_budget_baselines/raw_runs.csv
Runtime budget baseline,Chao,PyVRP,p5.4.y,2,2500,3.121943425000154,2.871943425000154,8952,1445.0,1520.0,4.934210526315789,122.8699035419146,51,2.8744153999978157,0.2475280250023388,True,True,2,05_runtime_budget_baselines/raw_runs.csv
Runtime budget baseline,Chao,PyVRP,p5.4.y,3,2500,3.121943425000154,2.871943425000154,9194,1485.0,1520.0,2.3026315789473686,123.84532158161764,53,2.8744126000019605,0.2475308249981935,True,True,2,05_runtime_budget_baselines/raw_runs.csv
Runtime budget baseline,Chao,PyVRP,p5.4.z,0,2500,2.5860553499996968,2.3360553499996968,5588,865.0,1620.0,46.60493827160494,129.77960990366148,35,2.338665200000833,0.2473901499988642,True,True,2,05_runtime_budget_baselines/raw_runs.csv
Runtime budget baseline,Chao,PyVRP,p5.4.z,1,2500,2.5860553499996968,2.3360553499996968,5719,1230.0,1620.0,24.074074074074073,124.30146650921525,44,2.3388744999974733,0.2471808500022234,True,True,2,05_runtime_budget_baselines/raw_runs.csv
Runtime budget baseline,Chao,PyVRP,p5.4.z,2,2500,2.5860553499996968,2.3360553499996968,5788,1115.0,1620.0,31.17283950617284,129.4600474326997,41,2.3385225999991235,0.2475327500005733,True,True,2,05_runtime_budget_baselines/raw_runs.csv
Runtime budget baseline,Chao,PyVRP,p5.4.z,3,2500,2.5860553499996968,2.3360553499996968,5869,1000.0,1620.0,38.27160493827161,129.39653350770112,38,2.338690399999905,0.2473649499997918,True,True,2,05_runtime_budget_baselines/raw_runs.csv
Runtime budget baseline,Chao,PyVRP,p6.2.d,0,2500,2.159697099999903,1.909697099999903,4374,162.0,192.0,15.625,29.802093085756468,10,1.9119702000025427,0.2477268999973603,True,True,2,05_runtime_budget_baselines/raw_runs.csv
Runtime budget baseline,Chao,PyVRP,p6.2.d,1,2500,2.159697099999903,1.909697099999903,4457,174.0,192.0,9.375,29.845318452877397,9,1.912148600000364,0.2475484999995387,True,True,2,05_runtime_budget_baselines/raw_runs.csv
Runtime budget baseline,Chao,PyVRP,p6.2.d,2,2500,2.159697099999903,1.909697099999903,4406,180.0,192.0,6.25,29.802093085756468,10,1.911893799999234,0.2478033000006689,True,True,2,05_runtime_budget_baselines/raw_runs.csv
Runtime budget baseline,Chao,PyVRP,p6.2.d,3,2500,2.159697099999903,1.909697099999903,4654,84.0,192.0,56.25,29.894998728220862,6,1.911979300002713,0.24771779999719,True,True,2,05_runtime_budget_baselines/raw_runs.csv
Runtime budget baseline,Chao,PyVRP,p6.2.j,0,2500,4.075300524999875,3.825300524999875,14324,936.0,948.0,1.2658227848101267,59.85596015543059,34,3.82788260000234,0.247417924997535,True,True,2,05_runtime_budget_baselines/raw_runs.csv
Runtime budget baseline,Chao,PyVRP,p6.2.j,1,2500,4.075300524999875,3.825300524999875,14777,936.0,948.0,1.2658227848101267,59.85596015543059,34,3.827710800000205,0.2475897249996705,True,True,2,05_runtime_budget_baselines/raw_runs.csv
Runtime budget baseline,Chao,PyVRP,p6.2.j,2,2500,4.075300524999875,3.825300524999875,14961,942.0,948.0,0.6329113924050633,59.85596015543059,35,3.827502399999503,0.2477981250003722,True,True,2,05_runtime_budget_baselines/raw_runs.csv
Runtime budget baseline,Chao,PyVRP,p6.2.j,3,2500,4.075300524999875,3.825300524999875,13883,936.0,948.0,1.2658227848101267,59.85596015543059,34,3.827548000001116,0.2477525249987593,True,True,2,05_runtime_budget_baselines/raw_runs.csv
Runtime budget baseline,Chao,PyVRP,p6.2.l,0,2500,4.253416824999931,4.003416824999931,13101,1104.0,1116.0,1.075268817204301,67.88225099390857,44,4.006012300000293,0.2474045249996379,True,True,2,05_runtime_budget_baselines/raw_runs.csv
Runtime budget baseline,Chao,PyVRP,p6.2.l,1,2500,4.253416824999931,4.003416824999931,13420,1104.0,1116.0,1.075268817204301,68.80188796695766,45,4.006972699997277,0.2464441250026539,True,True,2,05_runtime_budget_baselines/raw_runs.csv
Runtime budget baseline,Chao,PyVRP,p6.2.l,2,2500,4.253416824999931,4.003416824999931,13926,1098.0,1116.0,1.6129032258064515,67.88225099390857,45,4.005850500001543,0.2475663249983881,True,True,2,05_runtime_budget_baselines/raw_runs.csv
Runtime budget baseline,Chao,PyVRP,p6.2.l,3,2500,4.253416824999931,4.003416824999931,13331,1104.0,1116.0,1.075268817204301,68.80188796695766,44,4.005645400000503,0.2477714249994278,True,True,2,05_runtime_budget_baselines/raw_runs.csv
Runtime budget baseline,Chao,PyVRP,p6.2.m,0,2500,3.923616524999943,3.673616524999943,11607,1170.0,1188.0,1.5151515151515151,73.53910524340095,49,3.676085799997964,0.2475307250019796,True,True,2,05_runtime_budget_baselines/raw_runs.csv
Runtime budget baseline,Chao,PyVRP,p6.2.m,1,2500,3.923616524999943,3.673616524999943,11026,1176.0,1188.0,1.0101010101010102,73.53910524340095,48,3.675978299997951,0.2476382250019924,True,True,2,05_runtime_budget_baselines/raw_runs.csv
Runtime budget baseline,Chao,PyVRP,p6.2.m,2,2500,3.923616524999943,3.673616524999943,11041,1182.0,1188.0,0.5050505050505051,73.53910524340095,49,3.676328300000023,0.2472882249999202,True,True,2,05_runtime_budget_baselines/raw_runs.csv
Runtime budget baseline,Chao,PyVRP,p6.2.m,3,2500,3.923616524999943,3.673616524999943,11046,1176.0,1188.0,1.0101010101010102,73.53910524340095,48,3.676197400000092,0.2474191249998512,True,True,2,05_runtime_budget_baselines/raw_runs.csv
Runtime budget baseline,Chao,PyVRP,p6.2.n,0,2500,3.613294375000805,3.3632943750008053,8884,1254.0,1260.0,0.47619047619047616,79.19595949289332,53,3.3657605000007607,0.2475338750000446,True,True,2,05_runtime_budget_baselines/raw_runs.csv
Runtime budget baseline,Chao,PyVRP,p6.2.n,1,2500,3.613294375000805,3.3632943750008053,9140,1242.0,1260.0,1.4285714285714286,79.53910524340094,53,3.365765399998054,0.2475289750027514,True,True,2,05_runtime_budget_baselines/raw_runs.csv
Runtime budget baseline,Chao,PyVRP,p6.2.n,2,2500,3.613294375000805,3.3632943750008053,8865,1260.0,1260.0,0.0,79.19595949289332,54,3.3657525000016904,0.2475418749991149,True,True,2,05_runtime_budget_baselines/raw_runs.csv
Runtime budget baseline,Chao,PyVRP,p6.2.n,3,2500,3.613294375000805,3.3632943750008053,8937,1254.0,1260.0,0.47619047619047616,79.19595949289332,53,3.3657692999986466,0.2475250750021587,True,True,2,05_runtime_budget_baselines/raw_runs.csv
Runtime budget baseline,Chao,PyVRP,p6.3.g,0,2500,2.50615095000012,2.25615095000012,5618,252.0,282.0,10.638297872340425,44.42180967541887,15,2.258452600002784,0.2476983499973357,True,True,2,05_runtime_budget_baselines/raw_runs.csv
Runtime budget baseline,Chao,PyVRP,p6.3.g,1,2500,2.50615095000012,2.25615095000012,5472,180.0,282.0,36.170212765957444,44.796045271099096,12,2.2586783000006108,0.2474726499995085,True,True,2,05_runtime_budget_baselines/raw_runs.csv
Runtime budget baseline,Chao,PyVRP,p6.3.g,2,2500,2.50615095000012,2.25615095000012,5205,240.0,282.0,14.893617021276595,44.55790079237062,16,2.2585268000002543,0.247624149999865,True,True,2,05_runtime_budget_baselines/raw_runs.csv
Runtime budget baseline,Chao,PyVRP,p6.3.g,3,2500,2.50615095000012,2.25615095000012,5637,252.0,282.0,10.638297872340425,44.315326161722346,14,2.258322699999553,0.2478282500005661,True,True,2,05_runtime_budget_baselines/raw_runs.csv
Runtime budget baseline,Chao,PyVRP,p6.3.h,0,2500,3.609835825000573,3.359835825000573,14689,438.0,444.0,1.3513513513513513,49.693265971115245,22,3.3621808999996574,0.2476549250009156,True,True,2,05_runtime_budget_baselines/raw_runs.csv
Runtime budget baseline,Chao,PyVRP,p6.3.h,1,2500,3.609835825000573,3.359835825000573,13948,444.0,444.0,0.0,49.64430832610073,22,3.362085400000069,0.247750425000504,True,True,2,05_runtime_budget_baselines/raw_runs.csv
Runtime budget baseline,Chao,PyVRP,p6.3.h,2,2500,3.609835825000573,3.359835825000573,14202,444.0,444.0,0.0,49.64430832610073,22,3.3622007999983907,0.2476350250021823,True,True,2,05_runtime_budget_baselines/raw_runs.csv
Runtime budget baseline,Chao,PyVRP,p6.3.h,3,2500,3.609835825000573,3.359835825000573,14717,432.0,444.0,2.7027027027027026,49.43559779101693,20,3.362152599998808,0.2476832250017651,True,True,2,05_runtime_budget_baselines/raw_runs.csv
Runtime budget baseline,Chao,PyVRP,p6.3.i,0,2500,3.885602074999952,3.635602074999952,15046,636.0,642.0,0.9345794392523364,54.42640687119285,32,3.6378640000002633,0.2477380749996882,True,True,2,05_runtime_budget_baselines/raw_runs.csv
Runtime budget baseline,Chao,PyVRP,p6.3.i,1,2500,3.885602074999952,3.635602074999952,16140,636.0,642.0,0.9345794392523364,54.42640687119285,32,3.638091100001475,0.2475109749984767,True,True,2,05_runtime_budget_baselines/raw_runs.csv
Runtime budget baseline,Chao,PyVRP,p6.3.i,2,2500,3.885602074999952,3.635602074999952,15754,630.0,642.0,1.8691588785046729,54.42640687119285,31,3.638032300001214,0.2475697749987375,True,True,2,05_runtime_budget_baselines/raw_runs.csv
Runtime budget baseline,Chao,PyVRP,p6.3.i,3,2500,3.885602074999952,3.635602074999952,16375,630.0,642.0,1.8691588785046729,53.92253506678343,31,3.637907800002722,0.2476942749972295,True,True,2,05_runtime_budget_baselines/raw_runs.csv
Runtime budget baseline,Chao,PyVRP,p6.3.k,0,2500,3.726914500000021,3.476914500000021,12578,882.0,894.0,1.342281879194631,64.73237176135875,36,3.479250899999897,0.2476636000001235,True,True,2,05_runtime_budget_baselines/raw_runs.csv
Runtime budget baseline,Chao,PyVRP,p6.3.k,1,2500,3.726914500000021,3.476914500000021,12968,882.0,894.0,1.342281879194631,64.73237176135875,36,3.479212800000824,0.2477016999991974,True,True,2,05_runtime_budget_baselines/raw_runs.csv
Runtime budget baseline,Chao,PyVRP,p6.3.k,2,2500,3.726914500000021,3.476914500000021,12370,882.0,894.0,1.342281879194631,64.73237176135875,36,3.479487500000687,0.2474269999993339,True,True,2,05_runtime_budget_baselines/raw_runs.csv
Runtime budget baseline,Chao,PyVRP,p6.3.k,3,2500,3.726914500000021,3.476914500000021,12903,882.0,894.0,1.342281879194631,64.73237176135875,36,3.479071699999622,0.2478428000003987,True,True,2,05_runtime_budget_baselines/raw_runs.csv
Runtime budget baseline,Chao,PyVRP,p6.3.l,0,2500,3.7523309249991135,3.5023309249991144,11728,978.0,1002.0,2.395209580838323,68.44559679721105,40,3.504687399999966,0.2476435249991482,True,True,2,05_runtime_budget_baselines/raw_runs.csv
Runtime budget baseline,Chao,PyVRP,p6.3.l,1,2500,3.7523309249991135,3.5023309249991144,11836,960.0,1002.0,4.191616766467066,67.72152494000676,39,3.5047110000014072,0.2476199249977071,True,True,2,05_runtime_budget_baselines/raw_runs.csv
Runtime budget baseline,Chao,PyVRP,p6.3.l,2,2500,3.7523309249991135,3.5023309249991144,11899,978.0,1002.0,2.395209580838323,67.97346084221147,41,3.5046585999989475,0.2476723250001669,True,True,2,05_runtime_budget_baselines/raw_runs.csv
Runtime budget baseline,Chao,PyVRP,p6.3.l,3,2500,3.7523309249991135,3.5023309249991144,12251,984.0,1002.0,1.7964071856287425,67.97346084221147,42,3.5046471000023303,0.2476838249967841,True,True,2,05_runtime_budget_baselines/raw_runs.csv
Runtime budget baseline,Chao,PyVRP,p6.3.m,0,2500,3.9035824749998937,3.6535824749998937,11660,1062.0,1080.0,1.6666666666666667,73.97346084221147,44,3.656406400001288,0.247176074998606,True,True,2,05_runtime_budget_baselines/raw_runs.csv
Runtime budget baseline,Chao,PyVRP,p6.3.m,1,2500,3.9035824749998937,3.6535824749998937,12416,1074.0,1080.0,0.5555555555555556,73.97346084221147,46,3.656023899999127,0.2475585750007667,True,True,2,05_runtime_budget_baselines/raw_runs.csv
Runtime budget baseline,Chao,PyVRP,p6.3.m,2,2500,3.9035824749998937,3.6535824749998937,12421,1068.0,1080.0,1.1111111111111112,73.97346084221147,45,3.6559581000001344,0.2476243749997593,True,True,2,05_runtime_budget_baselines/raw_runs.csv
Runtime budget baseline,Chao,PyVRP,p6.3.m,3,2500,3.9035824749998937,3.6535824749998937,11551,1068.0,1080.0,1.1111111111111112,74.22539674441619,45,3.6559197999995376,0.2476626750003561,True,True,2,05_runtime_budget_baselines/raw_runs.csv
Runtime budget baseline,Chao,PyVRP,p6.3.n,0,2500,3.487434950000079,3.237434950000079,8672,1134.0,1170.0,3.076923076923077,79.63031509170385,47,3.239929999999731,0.2475049500003479,True,True,2,05_runtime_budget_baselines/raw_runs.csv
Runtime budget baseline,Chao,PyVRP,p6.3.n,1,2500,3.487434950000079,3.237434950000079,8702,1140.0,1170.0,2.5641025641025643,79.63031509170385,49,3.2404299000008905,0.2470050499991885,True,True,2,05_runtime_budget_baselines/raw_runs.csv
Runtime budget baseline,Chao,PyVRP,p6.3.n,2,2500,3.487434950000079,3.237434950000079,8833,1152.0,1170.0,1.5384615384615385,79.88225099390857,50,3.2397668000012345,0.2476681499988444,True,True,2,05_runtime_budget_baselines/raw_runs.csv
Runtime budget baseline,Chao,PyVRP,p6.3.n,3,2500,3.487434950000079,3.237434950000079,9141,1152.0,1170.0,1.5384615384615385,79.63031509170385,48,3.240035299997544,0.247399650002535,True,True,2,05_runtime_budget_baselines/raw_runs.csv
Runtime budget baseline,Chao,PyVRP,p6.4.j,0,2500,2.6613815750006324,2.4113815750006324,6046,270.0,366.0,26.229508196721312,59.78141430206456,16,2.4136701000024914,0.247711474998141,True,True,2,05_runtime_budget_baselines/raw_runs.csv
Runtime budget baseline,Chao,PyVRP,p6.4.j,1,2500,2.6613815750006324,2.4113815750006324,6200,234.0,366.0,36.0655737704918,59.69709181397733,14,2.4137219000003824,0.24765967500025,True,True,2,05_runtime_budget_baselines/raw_runs.csv
Runtime budget baseline,Chao,PyVRP,p6.4.j,2,2500,2.6613815750006324,2.4113815750006324,6158,306.0,366.0,16.39344262295082,59.15902695186215,20,2.4136639999996987,0.2477175750009337,True,True,2,05_runtime_budget_baselines/raw_runs.csv
Runtime budget baseline,Chao,PyVRP,p6.4.j,3,2500,2.6613815750006324,2.4113815750006324,6125,252.0,366.0,31.147540983606557,59.78141430206456,15,2.413549900000362,0.2478316750002704,True,True,2,05_runtime_budget_baselines/raw_runs.csv
Runtime budget baseline,Chao,PyVRP,p6.4.k,0,2500,3.4565733000004,3.2065733000004,11569,522.0,528.0,1.1363636363636365,64.22079954864219,28,3.2088645000003453,0.2477088000000549,True,True,2,05_runtime_budget_baselines/raw_runs.csv
Runtime budget baseline,Chao,PyVRP,p6.4.k,1,2500,3.4565733000004,3.2065733000004,13736,468.0,528.0,11.363636363636363,64.07321891397937,27,3.209187100001145,0.247386199999255,True,True,2,05_runtime_budget_baselines/raw_runs.csv
Runtime budget baseline,Chao,PyVRP,p6.4.k,2,2500,3.4565733000004,3.2065733000004,12004,504.0,528.0,4.545454545454546,64.55705793893414,26,3.2088776000018697,0.2476956999985304,True,True,2,05_runtime_budget_baselines/raw_runs.csv
Runtime budget baseline,Chao,PyVRP,p6.4.k,3,2500,3.4565733000004,3.2065733000004,11737,516.0,528.0,2.272727272727273,64.1575414020666,27,3.209005900000193,0.2475674000002072,True,True,2,05_runtime_budget_baselines/raw_runs.csv
Runtime budget baseline,Chao,PyVRP,p6.4.l,0,2500,4.096919024999806,3.8469190249998064,15618,684.0,696.0,1.7241379310344827,69.00289809373433,36,3.8491251000014017,0.2477939249984047,True,True,2,05_runtime_budget_baselines/raw_runs.csv
Runtime budget baseline,Chao,PyVRP,p6.4.l,1,2500,4.096919024999806,3.8469190249998064,15924,690.0,696.0,0.8620689655172413,69.00289809373433,37,3.849463200000173,0.2474558249996334,True,True,2,05_runtime_budget_baselines/raw_runs.csv
Runtime budget baseline,Chao,PyVRP,p6.4.l,2,2500,4.096919024999806,3.8469190249998064,16235,678.0,696.0,2.586206896551724,68.49902628932489,35,3.8494954999987385,0.2474235250010679,True,True,2,05_runtime_budget_baselines/raw_runs.csv
Runtime budget baseline,Chao,PyVRP,p6.4.l,3,2500,4.096919024999806,3.8469190249998064,15914,684.0,696.0,1.7241379310344827,69.00289809373433,36,3.849367599999823,0.2475514249999832,True,True,2,05_runtime_budget_baselines/raw_runs.csv
Runtime budget baseline,Chao,PyVRP,p7.2.d,0,2500,1.9407258000001093,1.6907258000001093,1847,99.0,190.0,47.89473684210526,76.0593343073044,7,1.6964067000008072,0.2443190999993021,True,True,2,05_runtime_budget_baselines/raw_runs.csv
Runtime budget baseline,Chao,PyVRP,p7.2.d,1,2500,1.9407258000001093,1.6907258000001093,1911,15.0,190.0,92.10526315789474,68.57221236712235,3,1.6959911000012653,0.244734699998844,True,True,2,05_runtime_budget_baselines/raw_runs.csv
Runtime budget baseline,Chao,PyVRP,p7.2.d,2,2500,1.9407258000001093,1.6907258000001093,1847,129.0,190.0,32.10526315789474,79.0328814995764,8,1.69581560000006,0.2449102000000493,True,True,2,05_runtime_budget_baselines/raw_runs.csv
Runtime budget baseline,Chao,PyVRP,p7.2.d,3,2500,1.9407258000001093,1.6907258000001093,1862,14.0,190.0,92.63157894736842,76.57988806700939,3,1.695472899999004,0.2452529000011054,True,True,2,05_runtime_budget_baselines/raw_runs.csv
Runtime budget baseline,Chao,PyVRP,p7.2.e,0,2500,2.4477318999997806,2.1977318999997806,2591,189.0,290.0,34.827586206896555,97.31622201847117,11,2.202561300000525,0.2451705999992555,True,True,2,05_runtime_budget_baselines/raw_runs.csv
Runtime budget baseline,Chao,PyVRP,p7.2.e,1,2500,2.4477318999997806,2.1977318999997806,2510,67.0,290.0,76.89655172413794,80.10162542766483,6,2.203200100000686,0.2445317999990948,True,True,2,05_runtime_budget_baselines/raw_runs.csv
Runtime budget baseline,Chao,PyVRP,p7.2.e,2,2500,2.4477318999997806,2.1977318999997806,2440,196.0,290.0,32.41379310344828,97.49423368910354,11,2.2024787999980617,0.2452531000017188,True,True,2,05_runtime_budget_baselines/raw_runs.csv
Runtime budget baseline,Chao,PyVRP,p7.2.e,3,2500,2.4477318999997806,2.1977318999997806,2475,38.0,290.0,86.89655172413794,88.28232278884266,4,2.2026186999974016,0.245113200002379,True,True,2,05_runtime_budget_baselines/raw_runs.csv
Runtime budget baseline,Chao,PyVRP,p7.2.f,0,2500,3.569863325000369,3.319863325000369,6236,358.0,387.0,7.493540051679586,118.93023794945036,18,3.324406799998542,0.2454565250018276,True,True,2,05_runtime_budget_baselines/raw_runs.csv
Runtime budget baseline,Chao,PyVRP,p7.2.f,1,2500,3.569863325000369,3.319863325000369,5440,331.0,387.0,14.470284237726098,119.05116910819422,16,3.3241581000002043,0.2457052250001652,True,True,2,05_runtime_budget_baselines/raw_runs.csv
Runtime budget baseline,Chao,PyVRP,p7.2.f,2,2500,3.569863325000369,3.319863325000369,5500,353.0,387.0,8.785529715762275,119.35436390696024,18,3.324457099999563,0.2454062250008064,True,True,2,05_runtime_budget_baselines/raw_runs.csv
Runtime budget baseline,Chao,PyVRP,p7.2.f,3,2500,3.569863325000369,3.319863325000369,5213,333.0,387.0,13.953488372093023,118.9899472371109,16,3.324221700000635,0.2456416249997346,True,True,2,05_runtime_budget_baselines/raw_runs.csv
Runtime budget baseline,Chao,PyVRP,p7.2.g,0,2500,5.193349575000411,4.943349575000411,19793,450.0,459.0,1.9607843137254901,138.36551570467768,25,4.948050199996942,0.2452993750034693,True,True,2,05_runtime_budget_baselines/raw_runs.csv
Runtime budget baseline,Chao,PyVRP,p7.2.g,1,2500,5.193349575000411,4.943349575000411,19998,455.0,459.0,0.8714596949891068,138.7359721886227,24,4.947930299997097,0.2454192750033144,True,True,2,05_runtime_budget_baselines/raw_runs.csv
Runtime budget baseline,Chao,PyVRP,p7.2.g,2,2500,5.193349575000411,4.943349575000411,20330,456.0,459.0,0.6535947712418301,139.17417799158676,24,4.947778500001732,0.2455710749986792,True,True,2,05_runtime_budget_baselines/raw_runs.csv
Runtime budget baseline,Chao,PyVRP,p7.2.g,3,2500,5.193349575000411,4.943349575000411,20826,453.0,459.0,1.3071895424836601,139.24296383962314,26,4.947708200001216,0.2456413749991952,True,True,2,05_runtime_budget_baselines/raw_runs.csv
Runtime budget baseline,Chao,PyVRP,p7.2.h,0,2500,5.941513924999981,5.691513924999981,22724,514.0,521.0,1.3435700575815739,159.4510607697407,29,5.696016800000507,0.2454971249994741,True,True,2,05_runtime_budget_baselines/raw_runs.csv
Runtime budget baseline,Chao,PyVRP,p7.2.h,1,2500,5.941513924999981,5.691513924999981,22773,505.0,521.0,3.071017274472169,159.0340451810489,27,5.69577610000124,0.2457378249987414,True,True,2,05_runtime_budget_baselines/raw_runs.csv
Runtime budget baseline,Chao,PyVRP,p7.2.h,2,2500,5.941513924999981,5.691513924999981,24985,513.0,521.0,1.5355086372360844,159.08386321863372,29,5.696115300001111,0.2453986249988702,True,True,2,05_runtime_budget_baselines/raw_runs.csv
Runtime budget baseline,Chao,PyVRP,p7.2.h,3,2500,5.941513924999981,5.691513924999981,23912,520.0,521.0,0.19193857965451055,159.09747553242062,30,5.696009100000083,0.2455048249998981,True,True,2,05_runtime_budget_baselines/raw_runs.csv
Runtime budget baseline,Chao,PyVRP,p7.2.i,0,2500,6.343717100000049,6.093717100000049,28228,546.0,580.0,5.862068965517241,179.37759801013237,28,6.098291899998003,0.245425200002046,True,True,2,05_runtime_budget_baselines/raw_runs.csv
Runtime budget baseline,Chao,PyVRP,p7.2.i,1,2500,6.343717100000049,6.093717100000049,26004,547.0,580.0,5.689655172413793,179.36707939101174,28,6.097932700002275,0.245784399997774,True,True,2,05_runtime_budget_baselines/raw_runs.csv
Runtime budget baseline,Chao,PyVRP,p7.2.i,2,2500,6.343717100000049,6.093717100000049,26180,566.0,580.0,2.413793103448276,178.81930781470868,28,6.098240899998928,0.2454762000011214,True,True,2,05_runtime_budget_baselines/raw_runs.csv
Runtime budget baseline,Chao,PyVRP,p7.2.i,3,2500,6.343717100000049,6.093717100000049,26631,558.0,580.0,3.793103448275862,179.8765486986922,29,6.098157200001879,0.2455598999981703,True,True,2,05_runtime_budget_baselines/raw_runs.csv
Runtime budget baseline,Chao,PyVRP,p7.2.j,0,2500,6.691466100000525,6.441466100000525,24714,641.0,646.0,0.7739938080495357,198.8956051528991,35,6.446009200000844,0.2454568999996809,True,True,2,05_runtime_budget_baselines/raw_runs.csv
Runtime budget baseline,Chao,PyVRP,p7.2.j,1,2500,6.691466100000525,6.441466100000525,28702,591.0,646.0,8.513931888544892,199.1522884685794,30,6.446226000000024,0.2452401000005011,True,True,2,05_runtime_budget_baselines/raw_runs.csv
Runtime budget baseline,Chao,PyVRP,p7.2.j,2,2500,6.691466100000525,6.441466100000525,26071,638.0,646.0,1.238390092879257,199.76711666613292,35,6.446304900000541,0.2451611999999841,True,True,2,05_runtime_budget_baselines/raw_runs.csv
Runtime budget baseline,Chao,PyVRP,p7.2.j,3,2500,6.691466100000525,6.441466100000525,28039,582.0,646.0,9.907120743034056,198.7913031672616,32,6.445889600003284,0.2455764999972416,True,True,2,05_runtime_budget_baselines/raw_runs.csv
Runtime budget baseline,Chao,PyVRP,p7.2.k,0,2500,7.009295225000187,6.759295225000187,25778,701.0,705.0,0.5673758865248227,219.4348139986317,38,6.763783499998681,0.2455117250015064,True,True,2,05_runtime_budget_baselines/raw_runs.csv
Runtime budget baseline,Chao,PyVRP,p7.2.k,1,2500,7.009295225000187,6.759295225000187,25249,699.0,705.0,0.851063829787234,219.18845040776944,38,6.763830800002324,0.2454644249978628,True,True,2,05_runtime_budget_baselines/raw_runs.csv
Runtime budget baseline,Chao,PyVRP,p7.2.k,2,2500,7.009295225000187,6.759295225000187,27186,655.0,705.0,7.092198581560283,219.45446013430887,33,6.763760900001216,0.245534324998971,True,True,2,05_runtime_budget_baselines/raw_runs.csv
Runtime budget baseline,Chao,PyVRP,p7.2.k,3,2500,7.009295225000187,6.759295225000187,27913,659.0,705.0,6.524822695035461,219.54510776311955,31,6.763745699998253,0.2455495250019339,True,True,2,05_runtime_budget_baselines/raw_runs.csv
Runtime budget baseline,Chao,PyVRP,p7.2.l,0,2500,7.582449850000557,7.332449850000557,28702,732.0,767.0,4.563233376792699,239.1052685455872,39,7.33684809999977,0.2456017500007874,True,True,2,05_runtime_budget_baselines/raw_runs.csv
Runtime budget baseline,Chao,PyVRP,p7.2.l,1,2500,7.582449850000557,7.332449850000557,29212,727.0,767.0,5.215123859191656,239.6679518466054,39,7.337237200001255,0.2452126499993028,True,True,2,05_runtime_budget_baselines/raw_runs.csv
Runtime budget baseline,Chao,PyVRP,p7.2.l,2,2500,7.582449850000557,7.332449850000557,29598,743.0,767.0,3.1290743155149934,239.4804533441633,39,7.336833899997146,0.2456159500034118,True,True,2,05_runtime_budget_baselines/raw_runs.csv
Runtime budget baseline,Chao,PyVRP,p7.2.l,3,2500,7.582449850000557,7.332449850000557,29080,726.0,767.0,5.345501955671447,238.3408904468987,38,7.336903899999015,0.2455459500015422,True,True,2,05_runtime_budget_baselines/raw_runs.csv
Runtime budget baseline,Chao,PyVRP,p7.2.m,0,2500,8.282400724999206,8.032400724999206,28622,806.0,827.0,2.539298669891173,257.12934175950744,43,8.036943099999917,0.2454576249992897,True,True,2,05_runtime_budget_baselines/raw_runs.csv
Runtime budget baseline,Chao,PyVRP,p7.2.m,1,2500,8.282400724999206,8.032400724999206,30794,793.0,827.0,4.111245465538089,259.5894592566467,42,8.037293499997759,0.2451072250014476,True,True,2,05_runtime_budget_baselines/raw_runs.csv
Runtime budget baseline,Chao,PyVRP,p7.2.m,2,2500,8.282400724999206,8.032400724999206,32043,818.0,827.0,1.0882708585247884,258.53126949862315,43,8.036908099998982,0.2454926250002245,True,True,2,05_runtime_budget_baselines/raw_runs.csv
Runtime budget baseline,Chao,PyVRP,p7.2.m,3,2500,8.282400724999206,8.032400724999206,30198,790.0,827.0,4.474002418379686,259.3922532601404,43,8.037106899999344,0.2452938249998624,True,True,2,05_runtime_budget_baselines/raw_runs.csv
Runtime budget baseline,Chao,PyVRP,p7.2.n,0,2500,8.72089752500051,8.47089752500051,29698,854.0,888.0,3.828828828828829,279.58577157112256,46,8.475567599998612,0.2453299250018972,True,True,2,05_runtime_budget_baselines/raw_runs.csv
Runtime budget baseline,Chao,PyVRP,p7.2.n,1,2500,8.72089752500051,8.47089752500051,32611,843.0,888.0,5.0675675675675675,279.6628111493336,46,8.47558299999946,0.2453145250010493,True,True,2,05_runtime_budget_baselines/raw_runs.csv
Runtime budget baseline,Chao,PyVRP,p7.2.n,2,2500,8.72089752500051,8.47089752500051,31035,861.0,888.0,3.0405405405405403,279.53656365239124,46,8.475308600001881,0.2455889249986285,True,True,2,05_runtime_budget_baselines/raw_runs.csv
Runtime budget baseline,Chao,PyVRP,p7.2.n,3,2500,8.72089752500051,8.47089752500051,31774,852.0,888.0,4.054054054054054,278.5853881782584,48,8.47536019999825,0.2455373250022603,True,True,2,05_runtime_budget_baselines/raw_runs.csv
Runtime budget baseline,Chao,PyVRP,p7.2.o,0,2500,9.018516125000133,8.768516125000133,29744,901.0,945.0,4.656084656084656,298.37447578475667,51,8.773224200002005,0.2452919249981278,True,True,2,05_runtime_budget_baselines/raw_runs.csv
Runtime budget baseline,Chao,PyVRP,p7.2.o,1,2500,9.018516125000133,8.768516125000133,30438,905.0,945.0,4.232804232804233,296.652751779685,50,8.772994099999778,0.2455220250003549,True,True,2,05_runtime_budget_baselines/raw_runs.csv
Runtime budget baseline,Chao,PyVRP,p7.2.o,2,2500,9.018516125000133,8.768516125000133,29856,903.0,945.0,4.444444444444445,298.7089601019183,50,8.77329330000066,0.2452228249994732,True,True,2,05_runtime_budget_baselines/raw_runs.csv
Runtime budget baseline,Chao,PyVRP,p7.2.o,3,2500,9.018516125000133,8.768516125000133,30639,898.0,945.0,4.973544973544974,296.1660742821224,50,8.77296429999842,0.2455518250017121,True,True,2,05_runtime_budget_baselines/raw_runs.csv
Runtime budget baseline,Chao,PyVRP,p7.2.p,0,2500,9.66209047500024,9.41209047500024,32065,948.0,1002.0,5.389221556886228,319.4417857229846,53,9.416520399998262,0.2455700750019787,True,True,2,05_runtime_budget_baselines/raw_runs.csv
Runtime budget baseline,Chao,PyVRP,p7.2.p,1,2500,9.66209047500024,9.41209047500024,29837,975.0,1002.0,2.694610778443114,319.2296379134119,51,9.416730599998118,0.2453598750021228,True,True,2,05_runtime_budget_baselines/raw_runs.csv
Runtime budget baseline,Chao,PyVRP,p7.2.p,2,2500,9.66209047500024,9.41209047500024,32393,946.0,1002.0,5.588822355289421,318.67761201328483,49,9.416558400000213,0.2455320750000282,True,True,2,05_runtime_budget_baselines/raw_runs.csv
Runtime budget baseline,Chao,PyVRP,p7.2.p,3,2500,9.66209047500024,9.41209047500024,31373,977.0,1002.0,2.4950099800399204,317.26819822351104,52,9.417234200001984,0.2448562749982556,True,True,2,05_runtime_budget_baselines/raw_runs.csv
Runtime budget baseline,Chao,PyVRP,p7.2.q,0,2500,10.50594052500037,10.25594052500037,30365,1012.0,1044.0,3.0651340996168583,338.7063705565911,54,10.260631699999069,0.2453088250013024,True,True,2,05_runtime_budget_baselines/raw_runs.csv
Runtime budget baseline,Chao,PyVRP,p7.2.q,1,2500,10.50594052500037,10.25594052500037,30004,1012.0,1044.0,3.0651340996168583,339.7564418784839,54,10.260477799998624,0.2454627250017438,True,True,2,05_runtime_budget_baselines/raw_runs.csv
Runtime budget baseline,Chao,PyVRP,p7.2.q,2,2500,10.50594052500037,10.25594052500037,30090,1022.0,1044.0,2.10727969348659,338.0282750930225,55,10.260738999997557,0.2452015250028125,True,True,2,05_runtime_budget_baselines/raw_runs.csv
Runtime budget baseline,Chao,PyVRP,p7.2.q,3,2500,10.50594052500037,10.25594052500037,31737,1026.0,1044.0,1.7241379310344827,339.1857565719919,55,10.2605212999988,0.2454192250015694,True,True,2,05_runtime_budget_baselines/raw_runs.csv
Runtime budget baseline,Chao,PyVRP,p7.2.r,0,2500,10.3198067000003,10.0698067000003,28613,1059.0,1094.0,3.19926873857404,358.9985836991164,56,10.074983999998947,0.2448227000013503,True,True,2,05_runtime_budget_baselines/raw_runs.csv
Runtime budget baseline,Chao,PyVRP,p7.2.r,1,2500,10.3198067000003,10.0698067000003,32256,1065.0,1094.0,2.6508226691042047,358.0017743623032,58,10.074518500001432,0.2452881999988676,True,True,2,05_runtime_budget_baselines/raw_runs.csv
Runtime budget baseline,Chao,PyVRP,p7.2.r,2,2500,10.3198067000003,10.0698067000003,28019,1047.0,1094.0,4.296160877513711,357.5968476741707,56,10.074624500000937,0.2451821999993626,True,True,2,05_runtime_budget_baselines/raw_runs.csv
Runtime budget baseline,Chao,PyVRP,p7.2.r,3,2500,10.3198067000003,10.0698067000003,30300,1072.0,1094.0,2.010968921389397,358.9037121384224,58,10.074744399997144,0.2450623000031555,True,True,2,05_runtime_budget_baselines/raw_runs.csv
Runtime budget baseline,Chao,PyVRP,p7.2.s,0,2500,10.608844649999355,10.358844649999355,28956,1097.0,1136.0,3.433098591549296,378.81920760988623,58,10.363545099997282,0.2452995500020733,True,True,2,05_runtime_budget_baselines/raw_runs.csv
Runtime budget baseline,Chao,PyVRP,p7.2.s,1,2500,10.608844649999355,10.358844649999355,25554,1108.0,1136.0,2.464788732394366,379.61669462979984,61,10.36343829999896,0.245406350000394,True,True,2,05_runtime_budget_baselines/raw_runs.csv
Runtime budget baseline,Chao,PyVRP,p7.2.s,2,2500,10.608844649999355,10.358844649999355,22139,1129.0,1136.0,0.6161971830985915,378.9259053517391,62,10.363519099999394,0.2453255499999613,True,True,2,05_runtime_budget_baselines/raw_runs.csv
Runtime budget baseline,Chao,PyVRP,p7.2.s,3,2500,10.608844649999355,10.358844649999355,29591,1101.0,1136.0,3.0809859154929575,379.3222050016209,59,10.363278200002242,0.2455664499971135,True,True,2,05_runtime_budget_baselines/raw_runs.csv
Runtime budget baseline,Chao,PyVRP,p7.2.t,0,2500,10.843478000000232,10.593478000000232,24881,1142.0,1179.0,3.138252756573367,398.2989052858667,61,10.598874600000272,0.2446033999999599,True,True,2,05_runtime_budget_baselines/raw_runs.csv
Runtime budget baseline,Chao,PyVRP,p7.2.t,1,2500,10.843478000000232,10.593478000000232,23373,1159.0,1179.0,1.6963528413910094,399.1945889701989,66,10.598172999998496,0.2453050000017356,True,True,2,05_runtime_budget_baselines/raw_runs.csv
Runtime budget baseline,Chao,PyVRP,p7.2.t,2,2500,10.843478000000232,10.593478000000232,30119,1131.0,1179.0,4.071246819338422,399.898828754304,62,10.59830249999868,0.2451755000015509,True,True,2,05_runtime_budget_baselines/raw_runs.csv
Runtime budget baseline,Chao,PyVRP,p7.2.t,3,2500,10.843478000000232,10.593478000000232,24348,1149.0,1179.0,2.544529262086514,399.1724461279137,63,10.597980599999572,0.2454974000006586,True,True,2,05_runtime_budget_baselines/raw_runs.csv
Runtime budget baseline,Chao,PyVRP,p7.3.h,0,2500,3.63703277500008,3.38703277500008,4621,109.0,425.0,74.3529411764706,145.95868717081052,9,3.3914905000019644,0.2455422749981153,True,True,2,05_runtime_budget_baselines/raw_runs.csv
Runtime budget baseline,Chao,PyVRP,p7.3.h,1,2500,3.63703277500008,3.38703277500008,6065,369.0,425.0,13.176470588235293,151.2712349044863,19,3.391470800001116,0.2455619749989637,True,True,2,05_runtime_budget_baselines/raw_runs.csv
Runtime budget baseline,Chao,PyVRP,p7.3.h,2,2500,3.63703277500008,3.38703277500008,6743,386.0,425.0,9.176470588235293,157.62393613343977,20,3.391372400001273,0.2456603749988062,True,True,2,05_runtime_budget_baselines/raw_runs.csv
Runtime budget baseline,Chao,PyVRP,p7.3.h,3,2500,3.63703277500008,3.38703277500008,5975,351.0,425.0,17.41176470588235,156.02861546079123,20,3.391396500002884,0.2456362749971958,True,True,2,05_runtime_budget_baselines/raw_runs.csv
Runtime budget baseline,Chao,PyVRP,p7.3.i,0,2500,4.341944450000483,4.091944450000483,12351,458.0,487.0,5.95482546201232,177.94988675908547,27,4.096403899999132,0.2455405500013512,True,True,2,05_runtime_budget_baselines/raw_runs.csv
Runtime budget baseline,Chao,PyVRP,p7.3.i,1,2500,4.341944450000483,4.091944450000483,12484,469.0,487.0,3.696098562628337,178.30466457172258,26,4.096364000000904,0.2455804499995793,True,True,2,05_runtime_budget_baselines/raw_runs.csv
Runtime budget baseline,Chao,PyVRP,p7.3.i,2,2500,4.341944450000483,4.091944450000483,12011,478.0,487.0,1.8480492813141685,177.93004136449397,27,4.096284100000048,0.2456603500004348,True,True,2,05_runtime_budget_baselines/raw_runs.csv
Runtime budget baseline,Chao,PyVRP,p7.3.i,3,2500,4.341944450000483,4.091944450000483,12321,473.0,487.0,2.8747433264887063,177.60913625983716,27,4.096704700001283,0.2452397499992002,True,True,2,05_runtime_budget_baselines/raw_runs.csv
Runtime budget baseline,Chao,PyVRP,p7.3.j,0,2500,4.910080750000816,4.660080750000816,16591,553.0,564.0,1.950354609929078,198.76935173748788,29,4.664427899999282,0.2456528500015338,True,True,2,05_runtime_budget_baselines/raw_runs.csv
Runtime budget baseline,Chao,PyVRP,p7.3.j,1,2500,4.910080750000816,4.660080750000816,18311,495.0,564.0,12.23404255319149,195.10172582977987,26,4.664484900000389,0.2455958500004271,True,True,2,05_runtime_budget_baselines/raw_runs.csv
Runtime budget baseline,Chao,PyVRP,p7.3.j,2,2500,4.910080750000816,4.660080750000816,16807,556.0,564.0,1.4184397163120568,199.78089140992515,33,4.664531700000225,0.2455490500005908,True,True,2,05_runtime_budget_baselines/raw_runs.csv
Runtime budget baseline,Chao,PyVRP,p7.3.j,3,2500,4.910080750000816,4.660080750000816,17653,490.0,564.0,13.120567375886525,196.00223007031573,27,4.664454400000977,0.2456263499998385,True,True,2,05_runtime_budget_baselines/raw_runs.csv
Runtime budget baseline,Chao,PyVRP,p7.3.k,0,2500,6.26389805000008,6.01389805000008,26185,626.0,633.0,1.1058451816745656,218.2535989337876,35,6.018606300000101,0.2452917499999785,True,True,2,05_runtime_budget_baselines/raw_runs.csv
Runtime budget baseline,Chao,PyVRP,p7.3.k,1,2500,6.26389805000008,6.01389805000008,23326,624.0,633.0,1.4218009478672986,218.4866244147845,33,6.0182879000021785,0.2456101499979013,True,True,2,05_runtime_budget_baselines/raw_runs.csv
Runtime budget baseline,Chao,PyVRP,p7.3.k,2,2500,6.26389805000008,6.01389805000008,26617,611.0,633.0,3.4755134281200633,217.64724703629747,36,6.018401799999992,0.2454962500000874,True,True,2,05_runtime_budget_baselines/raw_runs.csv
Runtime budget baseline,Chao,PyVRP,p7.3.k,3,2500,6.26389805000008,6.01389805000008,24692,602.0,633.0,4.897314375987362,218.49935477896904,34,6.018536399998993,0.2453616500010866,True,True,2,05_runtime_budget_baselines/raw_runs.csv
Runtime budget baseline,Chao,PyVRP,p7.3.l,0,2500,6.489253450000433,6.239253450000433,24699,669.0,684.0,2.192982456140351,239.22184671987003,39,6.243744700001116,0.2455087499993169,True,True,2,05_runtime_budget_baselines/raw_runs.csv
Runtime budget baseline,Chao,PyVRP,p7.3.l,1,2500,6.489253450000433,6.239253450000433,24990,672.0,684.0,1.7543859649122806,238.47595469703504,40,6.243870800000877,0.2453826499995557,True,True,2,05_runtime_budget_baselines/raw_runs.csv
Runtime budget baseline,Chao,PyVRP,p7.3.l,2,2500,6.489253450000433,6.239253450000433,24335,678.0,684.0,0.8771929824561403,234.7534961233549,37,6.243691399999079,0.2455620500013537,True,True,2,05_runtime_budget_baselines/raw_runs.csv
Runtime budget baseline,Chao,PyVRP,p7.3.l,3,2500,6.489253450000433,6.239253450000433,28362,631.0,684.0,7.748538011695906,237.49058587566756,34,6.243640700002288,0.2456127499981448,True,True,2,05_runtime_budget_baselines/raw_runs.csv
Runtime budget baseline,Chao,PyVRP,p7.3.m,0,2500,6.316391799999565,6.066391799999565,20560,752.0,762.0,1.3123359580052494,256.971635891431,42,6.071127799998067,0.245264000001498,True,True,2,05_runtime_budget_baselines/raw_runs.csv
Runtime budget baseline,Chao,PyVRP,p7.3.m,1,2500,6.316391799999565,6.066391799999565,21678,719.0,762.0,5.6430446194225725,258.078672237771,39,6.071425400001317,0.2449663999982476,True,True,2,05_runtime_budget_baselines/raw_runs.csv
Runtime budget baseline,Chao,PyVRP,p7.3.m,2,2500,6.316391799999565,6.066391799999565,19779,723.0,762.0,5.118110236220472,254.13868675715895,39,6.071476900000562,0.2449148999990029,True,True,2,05_runtime_budget_baselines/raw_runs.csv
Runtime budget baseline,Chao,PyVRP,p7.3.m,3,2500,6.316391799999565,6.066391799999565,20280,752.0,762.0,1.3123359580052494,258.592130623332,41,6.071072799997637,0.2453190000019276,True,True,2,05_runtime_budget_baselines/raw_runs.csv
Runtime budget baseline,Chao,PyVRP,p7.3.n,0,2500,6.954018099999757,6.704018099999757,21673,786.0,820.0,4.146341463414634,278.8874469307675,41,6.708717700003035,0.2453003999967222,True,True,2,05_runtime_budget_baselines/raw_runs.csv
Runtime budget baseline,Chao,PyVRP,p7.3.n,1,2500,6.954018099999757,6.704018099999757,24588,782.0,820.0,4.634146341463414,276.88327819008884,44,6.708651199998712,0.245366900001045,True,True,2,05_runtime_budget_baselines/raw_runs.csv
Runtime budget baseline,Chao,PyVRP,p7.3.n,2,2500,6.954018099999757,6.704018099999757,23015,764.0,820.0,6.829268292682927,277.96703819877143,40,6.708352199999354,0.2456659000004037,True,True,2,05_runtime_budget_baselines/raw_runs.csv
Runtime budget baseline,Chao,PyVRP,p7.3.n,3,2500,6.954018099999757,6.704018099999757,23079,774.0,820.0,5.609756097560975,276.10638728249154,43,6.708434000000125,0.2455840999996326,True,True,2,05_runtime_budget_baselines/raw_runs.csv
Runtime budget baseline,Chao,PyVRP,p7.3.o,0,2500,7.014665999999579,6.764665999999579,22455,812.0,874.0,7.093821510297483,294.3998160322561,44,6.769222099999752,0.2454438999998274,True,True,2,05_runtime_budget_baselines/raw_runs.csv
Runtime budget baseline,Chao,PyVRP,p7.3.o,1,2500,7.014665999999579,6.764665999999579,23537,834.0,874.0,4.576659038901602,295.9201197144232,46,6.76921140000195,0.2454545999976289,True,True,2,05_runtime_budget_baselines/raw_runs.csv
Runtime budget baseline,Chao,PyVRP,p7.3.o,2,2500,7.014665999999579,6.764665999999579,22520,828.0,874.0,5.2631578947368425,293.7886347268403,48,6.769276899998658,0.2453891000009207,True,True,2,05_runtime_budget_baselines/raw_runs.csv
Runtime budget baseline,Chao,PyVRP,p7.3.o,3,2500,7.014665999999579,6.764665999999579,22594,825.0,874.0,5.606407322654462,297.80315116557324,45,6.769104599999992,0.2455613999995876,True,True,2,05_runtime_budget_baselines/raw_runs.csv
Runtime budget baseline,Chao,PyVRP,p7.3.p,0,2500,7.389539050000167,7.139539050000167,24147,893.0,929.0,3.8751345532831003,317.5643817494868,50,7.144173499997123,0.2453655500030436,True,True,2,05_runtime_budget_baselines/raw_runs.csv
Runtime budget baseline,Chao,PyVRP,p7.3.p,1,2500,7.389539050000167,7.139539050000167,24610,902.0,929.0,2.9063509149623252,319.0549848146492,50,7.144161299998814,0.2453777500013529,True,True,2,05_runtime_budget_baselines/raw_runs.csv
Runtime budget baseline,Chao,PyVRP,p7.3.p,2,2500,7.389539050000167,7.139539050000167,23561,904.0,929.0,2.6910656620021527,318.79850233773345,49,7.144077100001596,0.245461949998571,True,True,2,05_runtime_budget_baselines/raw_runs.csv
Runtime budget baseline,Chao,PyVRP,p7.3.p,3,2500,7.389539050000167,7.139539050000167,23623,912.0,929.0,1.8299246501614639,317.3459390677304,52,7.143879299997934,0.2456597500022326,True,True,2,05_runtime_budget_baselines/raw_runs.csv
Runtime budget baseline,Chao,PyVRP,p7.3.q,0,2500,7.743643349999729,7.493643349999729,26361,935.0,987.0,5.268490374873354,338.81748531423705,53,7.498296800000389,0.2453465499993399,True,True,2,05_runtime_budget_baselines/raw_runs.csv
Runtime budget baseline,Chao,PyVRP,p7.3.q,1,2500,7.743643349999729,7.493643349999729,25423,934.0,987.0,5.369807497467072,336.59108855911575,52,7.4982737000027555,0.2453696499969737,True,True,2,05_runtime_budget_baselines/raw_runs.csv
Runtime budget baseline,Chao,PyVRP,p7.3.q,2,2500,7.743643349999729,7.493643349999729,26073,941.0,987.0,4.660587639311044,337.7259307985824,53,7.497982499997306,0.2456608500024231,True,True,2,05_runtime_budget_baselines/raw_runs.csv
Runtime budget baseline,Chao,PyVRP,p7.3.q,3,2500,7.743643349999729,7.493643349999729,26506,941.0,987.0,4.660587639311044,337.6363914251158,52,7.497990500000014,0.2456528499997148,True,True,2,05_runtime_budget_baselines/raw_runs.csv
Runtime budget baseline,Chao,PyVRP,p7.3.r,0,2500,8.269940325000334,8.019940325000334,25180,1011.0,1026.0,1.4619883040935673,358.04357472878667,56,8.024468700001307,0.2454716249990269,True,True,2,05_runtime_budget_baselines/raw_runs.csv
Runtime budget baseline,Chao,PyVRP,p7.3.r,1,2500,8.269940325000334,8.019940325000334,25644,1005.0,1026.0,2.046783625730994,357.5539500946651,54,8.024711100002605,0.245229224997729,True,True,2,05_runtime_budget_baselines/raw_runs.csv
Runtime budget baseline,Chao,PyVRP,p7.3.r,2,2500,8.269940325000334,8.019940325000334,25659,1011.0,1026.0,1.4619883040935673,359.1594301246053,56,8.024607699997432,0.2453326250029022,True,True,2,05_runtime_budget_baselines/raw_runs.csv
Runtime budget baseline,Chao,PyVRP,p7.3.r,3,2500,8.269940325000334,8.019940325000334,23794,1010.0,1026.0,1.5594541910331383,358.53520381416143,54,8.024480899999617,0.2454594250007176,True,True,2,05_runtime_budget_baselines/raw_runs.csv
Runtime budget baseline,Chao,PyVRP,p7.3.s,0,2500,8.896971825000492,8.646971825000492,25537,1040.0,1081.0,3.7927844588344124,376.2532158233623,58,8.651633599998604,0.2453382250018876,True,True,2,05_runtime_budget_baselines/raw_runs.csv
Runtime budget baseline,Chao,PyVRP,p7.3.s,1,2500,8.896971825000492,8.646971825000492,28466,1035.0,1081.0,4.25531914893617,377.85776324936177,56,8.652042599998822,0.2449292250016697,True,True,2,05_runtime_budget_baselines/raw_runs.csv
Runtime budget baseline,Chao,PyVRP,p7.3.s,2,2500,8.896971825000492,8.646971825000492,26765,1036.0,1081.0,4.162812210915819,378.5803726710768,57,8.651492900000449,0.2454789250000431,True,True,2,05_runtime_budget_baselines/raw_runs.csv
Runtime budget baseline,Chao,PyVRP,p7.3.s,3,2500,8.896971825000492,8.646971825000492,27665,1031.0,1081.0,4.6253469010175765,377.722604135933,56,8.651727099997515,0.2452447250029763,True,True,2,05_runtime_budget_baselines/raw_runs.csv
Runtime budget baseline,Chao,PyVRP,p7.3.t,0,2500,9.199892474999617,8.949892474999615,28125,1080.0,1120.0,3.5714285714285716,397.13407536755375,63,8.95462789999874,0.2452645750008741,True,True,2,05_runtime_budget_baselines/raw_runs.csv
Runtime budget baseline,Chao,PyVRP,p7.3.t,1,2500,9.199892474999617,8.949892474999615,25490,1087.0,1120.0,2.9464285714285716,394.7049242417292,62,8.95464599999832,0.245246475001295,True,True,2,05_runtime_budget_baselines/raw_runs.csv
Runtime budget baseline,Chao,PyVRP,p7.3.t,2,2500,9.199892474999617,8.949892474999615,24523,1078.0,1120.0,3.75,399.1881987538344,60,8.954952899999626,0.2449395749999894,True,True,2,05_runtime_budget_baselines/raw_runs.csv
Runtime budget baseline,Chao,PyVRP,p7.3.t,3,2500,9.199892474999617,8.949892474999615,26468,1072.0,1120.0,4.285714285714286,397.13544078319126,60,8.954444000002695,0.2454484749969196,True,True,2,05_runtime_budget_baselines/raw_runs.csv
Runtime budget baseline,Chao,PyVRP,p7.4.g,0,2500,2.230402299999241,1.9804022999992408,2171,89.0,217.0,58.986175115207374,103.94326097648008,5,1.985210200000438,0.2451920999988033,True,True,2,05_runtime_budget_baselines/raw_runs.csv
Runtime budget baseline,Chao,PyVRP,p7.4.g,1,2500,2.230402299999241,1.9804022999992408,2154,70.0,217.0,67.74193548387096,101.75559067251996,6,1.9848234000019147,0.2455788999973265,True,True,2,05_runtime_budget_baselines/raw_runs.csv
Runtime budget baseline,Chao,PyVRP,p7.4.g,2,2500,2.230402299999241,1.9804022999992408,2081,38.0,217.0,82.48847926267281,93.73361237387282,4,1.985192000000097,0.2452102999991439,True,True,2,05_runtime_budget_baselines/raw_runs.csv
Runtime budget baseline,Chao,PyVRP,p7.4.g,3,2500,2.230402299999241,1.9804022999992408,2167,26.0,217.0,88.0184331797235,33.556101532064574,2,1.9853129999974044,0.2450893000018368,True,True,2,05_runtime_budget_baselines/raw_runs.csv
Runtime budget baseline,Chao,PyVRP,p7.4.h,0,2500,2.711994350000168,2.461994350000168,2760,111.0,285.0,61.05263157894737,114.64423331427412,8,2.466761499999848,0.2452328500003204,True,True,2,05_runtime_budget_baselines/raw_runs.csv
Runtime budget baseline,Chao,PyVRP,p7.4.h,1,2500,2.711994350000168,2.461994350000168,2842,188.0,285.0,34.03508771929825,152.3309019381663,13,2.4670960000003106,0.2448983499998576,True,True,2,05_runtime_budget_baselines/raw_runs.csv
Runtime budget baseline,Chao,PyVRP,p7.4.h,2,2500,2.711994350000168,2.461994350000168,2770,61.0,285.0,78.59649122807018,111.8380061565368,6,2.467294900001434,0.244699449998734,True,True,2,05_runtime_budget_baselines/raw_runs.csv
Runtime budget baseline,Chao,PyVRP,p7.4.h,3,2500,2.711994350000168,2.461994350000168,2824,62.0,285.0,78.24561403508773,39.24086162628534,4,2.466516899999988,0.2454774500001804,True,True,2,05_runtime_budget_baselines/raw_runs.csv
Runtime budget baseline,Chao,PyVRP,p7.4.i,0,2500,3.1855116500000804,2.9355116500000804,3484,207.0,366.0,43.442622950819676,173.808873801235,14,2.9403854999982286,0.2451261500018517,True,True,2,05_runtime_budget_baselines/raw_runs.csv
Runtime budget baseline,Chao,PyVRP,p7.4.i,1,2500,3.1855116500000804,2.9355116500000804,3786,165.0,366.0,54.91803278688525,163.97212694227022,11,2.940593999999692,0.2449176500003886,True,True,2,05_runtime_budget_baselines/raw_runs.csv
Runtime budget baseline,Chao,PyVRP,p7.4.i,2,2500,3.1855116500000804,2.9355116500000804,3596,76.0,366.0,79.23497267759562,121.17105639557612,6,2.940516499998921,0.2449951500011593,True,True,2,05_runtime_budget_baselines/raw_runs.csv
Runtime budget baseline,Chao,PyVRP,p7.4.i,3,2500,3.1855116500000804,2.9355116500000804,3658,88.0,366.0,75.95628415300547,44.15805819537472,5,2.940338399999746,0.2451732500003345,True,True,2,05_runtime_budget_baselines/raw_runs.csv
Runtime budget baseline,Chao,PyVRP,p7.4.k,0,2500,4.843515449999359,4.593515449999359,17660,436.0,520.0,16.153846153846153,198.47948229112367,26,4.598500600000989,0.2450148499983697,True,True,2,05_runtime_budget_baselines/raw_runs.csv
Runtime budget baseline,Chao,PyVRP,p7.4.k,1,2500,4.843515449999359,4.593515449999359,17847,512.0,520.0,1.5384615384615385,216.8461452888276,29,4.598060200001783,0.2454552499975761,True,True,2,05_runtime_budget_baselines/raw_runs.csv
Runtime budget baseline,Chao,PyVRP,p7.4.k,2,2500,4.843515449999359,4.593515449999359,18045,500.0,520.0,3.8461538461538463,216.6785571810761,26,4.598174499999004,0.2453409500003545,True,True,2,05_runtime_budget_baselines/raw_runs.csv
Runtime budget baseline,Chao,PyVRP,p7.4.k,3,2500,4.843515449999359,4.593515449999359,17545,504.0,520.0,3.076923076923077,216.5559434158943,30,4.597946899997623,0.2455685500017352,True,True,2,05_runtime_budget_baselines/raw_runs.csv
Runtime budget baseline,Chao,PyVRP,p7.4.l,0,2500,5.106824675000098,4.856824675000098,20703,528.0,590.0,10.508474576271187,237.24815758374007,28,4.861231800001406,0.2455928749986924,True,True,2,05_runtime_budget_baselines/raw_runs.csv
Runtime budget baseline,Chao,PyVRP,p7.4.l,1,2500,5.106824675000098,4.856824675000098,18821,568.0,590.0,3.7288135593220337,236.99633798129605,34,4.861156299997674,0.245668375002424,True,True,2,05_runtime_budget_baselines/raw_runs.csv
Runtime budget baseline,Chao,PyVRP,p7.4.l,2,2500,5.106824675000098,4.856824675000098,19571,559.0,590.0,5.254237288135593,234.89981489076763,32,4.861169299998437,0.245655375001661,True,True,2,05_runtime_budget_baselines/raw_runs.csv
Runtime budget baseline,Chao,PyVRP,p7.4.l,3,2500,5.106824675000098,4.856824675000098,20083,565.0,590.0,4.237288135593221,237.31056642664203,32,4.861129299999448,0.2456953750006505,True,True,2,05_runtime_budget_baselines/raw_runs.csv
Runtime budget baseline,Chao,PyVRP,p7.4.m,0,2500,5.672325449999789,5.422325449999789,24345,633.0,646.0,2.0123839009287927,255.39625110948563,38,5.426810799999657,0.2455146500001319,True,True,2,05_runtime_budget_baselines/raw_runs.csv
Runtime budget baseline,Chao,PyVRP,p7.4.m,1,2500,5.672325449999789,5.422325449999789,24274,589.0,646.0,8.823529411764707,254.4274449738309,36,5.426826599999913,0.2454988499998762,True,True,2,05_runtime_budget_baselines/raw_runs.csv
Runtime budget baseline,Chao,PyVRP,p7.4.m,2,2500,5.672325449999789,5.422325449999789,22492,637.0,646.0,1.3931888544891642,256.1985614750542,36,5.426754500000243,0.2455709499995464,True,True,2,05_runtime_budget_baselines/raw_runs.csv
Runtime budget baseline,Chao,PyVRP,p7.4.m,3,2500,5.672325449999789,5.422325449999789,22378,611.0,646.0,5.41795665634675,257.3129985811962,37,5.426664700000401,0.2456607499993879,True,True,2,05_runtime_budget_baselines/raw_runs.csv
Runtime budget baseline,Chao,PyVRP,p7.4.n,0,2500,6.741882575000091,6.491882575000091,29893,714.0,730.0,2.191780821917808,278.67509351997194,41,6.496316799999477,0.2455657750006139,True,True,2,05_runtime_budget_baselines/raw_runs.csv
Runtime budget baseline,Chao,PyVRP,p7.4.n,1,2500,6.741882575000091,6.491882575000091,29799,722.0,730.0,1.095890410958904,275.7647659774465,43,6.4964771999984805,0.24540537500161,True,True,2,05_runtime_budget_baselines/raw_runs.csv
Runtime budget baseline,Chao,PyVRP,p7.4.n,2,2500,6.741882575000091,6.491882575000091,28059,723.0,730.0,0.958904109589041,277.88940283116114,43,6.496543200002634,0.2453393749974566,True,True,2,05_runtime_budget_baselines/raw_runs.csv
Runtime budget baseline,Chao,PyVRP,p7.4.n,3,2500,6.741882575000091,6.491882575000091,29536,697.0,730.0,4.52054794520548,273.7748501433027,42,6.496172099999967,0.2457104750001235,True,True,2,05_runtime_budget_baselines/raw_runs.csv
Runtime budget baseline,Chao,PyVRP,p7.4.o,0,2500,6.809454424999785,6.559454424999785,26517,747.0,781.0,4.353393085787452,298.97448874815865,41,6.564333500002249,0.2451209249975363,True,True,2,05_runtime_budget_baselines/raw_runs.csv
Runtime budget baseline,Chao,PyVRP,p7.4.o,1,2500,6.809454424999785,6.559454424999785,25128,766.0,781.0,1.9206145966709347,297.7486888530256,45,6.564012599999842,0.2454418249999435,True,True,2,05_runtime_budget_baselines/raw_runs.csv
Runtime budget baseline,Chao,PyVRP,p7.4.o,2,2500,6.809454424999785,6.559454424999785,25053,769.0,781.0,1.5364916773367479,298.68598897999334,46,6.564038900000014,0.2454155249997711,True,True,2,05_runtime_budget_baselines/raw_runs.csv
Runtime budget baseline,Chao,PyVRP,p7.4.o,3,2500,6.809454424999785,6.559454424999785,25823,770.0,781.0,1.408450704225352,298.6327239192309,44,6.564078499999596,0.2453759250001894,True,True,2,05_runtime_budget_baselines/raw_runs.csv
Runtime budget baseline,Chao,PyVRP,p7.4.p,0,2500,7.157711650000692,6.907711650000692,26097,837.0,846.0,1.0638297872340425,315.2485062521632,46,6.912343200001487,0.245368449999205,True,True,2,05_runtime_budget_baselines/raw_runs.csv
Runtime budget baseline,Chao,PyVRP,p7.4.p,1,2500,7.157711650000692,6.907711650000692,26644,825.0,846.0,2.482269503546099,316.50225607843004,50,6.912347699999373,0.2453639500013196,True,True,2,05_runtime_budget_baselines/raw_runs.csv
Runtime budget baseline,Chao,PyVRP,p7.4.p,2,2500,7.157711650000692,6.907711650000692,27087,825.0,846.0,2.482269503546099,318.20753026472767,49,6.912034899996797,0.245676750003895,True,True,2,05_runtime_budget_baselines/raw_runs.csv
Runtime budget baseline,Chao,PyVRP,p7.4.p,3,2500,7.157711650000692,6.907711650000692,26025,827.0,846.0,2.2458628841607564,317.69431970823,49,6.912613799999235,0.2450978500014571,True,True,2,05_runtime_budget_baselines/raw_runs.csv
Runtime budget baseline,Chao,PyVRP,p7.4.q,0,2500,7.599131425000451,7.349131425000451,24978,895.0,909.0,1.54015401540154,337.5829006283396,48,7.353752999999415,0.2453784250010358,True,True,2,05_runtime_budget_baselines/raw_runs.csv
Runtime budget baseline,Chao,PyVRP,p7.4.q,1,2500,7.599131425000451,7.349131425000451,25439,892.0,909.0,1.87018701870187,336.0055246673367,46,7.353863699998328,0.2452677250021224,True,True,2,05_runtime_budget_baselines/raw_runs.csv
Runtime budget baseline,Chao,PyVRP,p7.4.q,2,2500,7.599131425000451,7.349131425000451,24468,885.0,909.0,2.6402640264026402,337.1339038604364,47,7.353737199999159,0.2453942250012915,True,True,2,05_runtime_budget_baselines/raw_runs.csv
Runtime budget baseline,Chao,PyVRP,p7.4.q,3,2500,7.599131425000451,7.349131425000451,25352,879.0,909.0,3.3003300330033003,338.09225173015005,47,7.353404500001488,0.2457269249989622,True,True,2,05_runtime_budget_baselines/raw_runs.csv
Runtime budget baseline,Chao,PyVRP,p7.4.r,0,2500,7.4638690249998945,7.2138690249998945,23108,935.0,970.0,3.6082474226804124,356.9892827449918,50,7.219008400003076,0.2448606249968179,True,True,2,05_runtime_budget_baselines/raw_runs.csv
Runtime budget baseline,Chao,PyVRP,p7.4.r,1,2500,7.4638690249998945,7.2138690249998945,23883,927.0,970.0,4.43298969072165,356.652825748386,51,7.218405899999198,0.2454631250006969,True,True,2,05_runtime_budget_baselines/raw_runs.csv
Runtime budget baseline,Chao,PyVRP,p7.4.r,2,2500,7.4638690249998945,7.2138690249998945,23689,934.0,970.0,3.711340206185567,356.4814342828748,49,7.219691199999943,0.2441778249999515,True,True,2,05_runtime_budget_baselines/raw_runs.csv
Runtime budget baseline,Chao,PyVRP,p7.4.r,3,2500,7.4638690249998945,7.2138690249998945,22647,953.0,970.0,1.7525773195876289,358.7272547584164,53,7.218588600000658,0.2452804249992368,True,True,2,05_runtime_budget_baselines/raw_runs.csv
Runtime budget baseline,Chao,PyVRP,p7.4.s,0,2500,7.606512374999056,7.356512374999056,23294,986.0,1022.0,3.522504892367906,377.7904898237506,55,7.36107500000071,0.245437374998346,True,True,2,05_runtime_budget_baselines/raw_runs.csv
Runtime budget baseline,Chao,PyVRP,p7.4.s,1,2500,7.606512374999056,7.356512374999056,22426,1009.0,1022.0,1.2720156555772995,378.4864448938018,54,7.361231499999121,0.2452808749999349,True,True,2,05_runtime_budget_baselines/raw_runs.csv
Runtime budget baseline,Chao,PyVRP,p7.4.s,2,2500,7.606512374999056,7.356512374999056,20803,1019.0,1022.0,0.29354207436399216,378.0405351647366,55,7.361005099999602,0.2455072749994542,True,True,2,05_runtime_budget_baselines/raw_runs.csv
Runtime budget baseline,Chao,PyVRP,p7.4.s,3,2500,7.606512374999056,7.356512374999056,23666,1002.0,1022.0,1.9569471624266144,376.6606430737162,56,7.361167800001567,0.2453445749974889,True,True,2,05_runtime_budget_baselines/raw_runs.csv
Runtime budget baseline,Chao,PyVRP,p7.4.t,0,2500,7.737363849999383,7.487363849999383,23622,1023.0,1077.0,5.013927576601671,397.536876591573,57,7.491958499998873,0.2454053500005102,True,True,2,05_runtime_budget_baselines/raw_runs.csv
Runtime budget baseline,Chao,PyVRP,p7.4.t,1,2500,7.737363849999383,7.487363849999383,22549,1039.0,1077.0,3.5283194057567315,396.4818896945398,55,7.491948400002002,0.245415449997381,True,True,2,05_runtime_budget_baselines/raw_runs.csv
Runtime budget baseline,Chao,PyVRP,p7.4.t,2,2500,7.737363849999383,7.487363849999383,22762,1046.0,1077.0,2.8783658310120708,394.89624460947664,55,7.491916300001321,0.2454475499980617,True,True,2,05_runtime_budget_baselines/raw_runs.csv
Runtime budget baseline,Chao,PyVRP,p7.4.t,3,2500,7.737363849999383,7.487363849999383,22752,1028.0,1077.0,4.549675023212628,398.0243533020096,56,7.491643499997735,0.2457203500016476,True,True,2,05_runtime_budget_baselines/raw_runs.csv
Runtime budget baseline,Chao,VNS,p4.2.a,0,2500,2.09690492499999,1.8469049249999896,20145,162.0,206.0,21.359223300970875,48.366228979073625,11,1.8450301999982912,0.2518747250016986,True,True,2,05_runtime_budget_baselines/raw_runs.csv
Runtime budget baseline,Chao,VNS,p4.2.a,1,2500,2.09690492499999,1.8469049249999896,20191,162.0,206.0,21.359223300970875,48.366228979073625,11,1.84501359999922,0.2518913250007699,True,True,2,05_runtime_budget_baselines/raw_runs.csv
Runtime budget baseline,Chao,VNS,p4.2.a,2,2500,2.09690492499999,1.8469049249999896,20197,162.0,206.0,21.359223300970875,48.366228979073625,11,1.8450135000020964,0.2518914249978934,True,True,2,05_runtime_budget_baselines/raw_runs.csv
Runtime budget baseline,Chao,VNS,p4.2.a,3,2500,2.09690492499999,1.8469049249999896,20164,162.0,206.0,21.359223300970875,48.366228979073625,11,1.8450391000005768,0.2518658249994132,True,True,2,05_runtime_budget_baselines/raw_runs.csv
Runtime budget baseline,Chao,VNS,p4.2.b,0,2500,3.48707622500001,3.23707622500001,28457,278.0,341.0,18.475073313782993,58.765067773374696,17,3.23517979999815,0.2518964250018598,True,True,2,05_runtime_budget_baselines/raw_runs.csv
Runtime budget baseline,Chao,VNS,p4.2.b,1,2500,3.48707622500001,3.23707622500001,28560,278.0,341.0,18.475073313782993,58.765067773374696,17,3.2352466999982425,0.2518295250017672,True,True,2,05_runtime_budget_baselines/raw_runs.csv
Runtime budget baseline,Chao,VNS,p4.2.b,2,2500,3.48707622500001,3.23707622500001,28609,278.0,341.0,18.475073313782993,58.765067773374696,17,3.235232899998664,0.2518433250013459,True,True,2,05_runtime_budget_baselines/raw_runs.csv
Runtime budget baseline,Chao,VNS,p4.2.b,3,2500,3.48707622500001,3.23707622500001,28728,278.0,341.0,18.475073313782993,58.765067773374696,17,3.235224300002301,0.2518519249977089,True,True,2,05_runtime_budget_baselines/raw_runs.csv
Runtime budget baseline,Chao,VNS,p4.2.c,0,2500,4.77421177500014,4.52421177500014,24816,354.0,452.0,21.68141592920354,64.96484248820659,22,4.522457200000645,0.2517545749994951,True,True,2,05_runtime_budget_baselines/raw_runs.csv
Runtime budget baseline,Chao,VNS,p4.2.c,1,2500,4.77421177500014,4.52421177500014,25150,354.0,452.0,21.68141592920354,64.96484248820659,22,4.522331000000122,0.2518807750000178,True,True,2,05_runtime_budget_baselines/raw_runs.csv
Runtime budget baseline,Chao,VNS,p4.2.c,2,2500,4.77421177500014,4.52421177500014,25027,354.0,452.0,21.68141592920354,64.96484248820659,22,4.520487300000241,0.253724474999899,True,True,2,05_runtime_budget_baselines/raw_runs.csv
Runtime budget baseline,Chao,VNS,p4.2.c,3,2500,4.77421177500014,4.52421177500014,25049,354.0,452.0,21.68141592920354,64.96484248820659,22,4.520290899999964,0.2539208750001762,True,True,2,05_runtime_budget_baselines/raw_runs.csv
Runtime budget baseline,Chao,VNS,p4.2.d,0,2500,6.292604850000089,6.042604850000089,20757,442.0,531.0,16.760828625235405,76.19437140897914,31,6.04072670000096,0.2518781499991291,True,True,2,05_runtime_budget_baselines/raw_runs.csv
Runtime budget baseline,Chao,VNS,p4.2.d,1,2500,6.292604850000089,6.042604850000089,20910,442.0,531.0,16.760828625235405,76.19437140897914,31,6.040863400001399,0.2517414499986898,True,True,2,05_runtime_budget_baselines/raw_runs.csv
Runtime budget baseline,Chao,VNS,p4.2.d,2,2500,6.292604850000089,6.042604850000089,20779,442.0,531.0,16.760828625235405,76.19437140897914,31,6.035992400000396,0.2566124499996931,True,True,2,05_runtime_budget_baselines/raw_runs.csv
Runtime budget baseline,Chao,VNS,p4.2.d,3,2500,6.292604850000089,6.042604850000089,20944,442.0,531.0,16.760828625235405,76.19437140897914,31,6.037118299998838,0.2554865500012511,True,True,2,05_runtime_budget_baselines/raw_runs.csv
Runtime budget baseline,Chao,VNS,p4.2.e,0,2500,7.438603824999973,7.188603824999973,21926,485.0,618.0,21.521035598705502,88.45565484687803,35,7.18584909999845,0.2527547250015232,True,True,2,05_runtime_budget_baselines/raw_runs.csv
Runtime budget baseline,Chao,VNS,p4.2.e,1,2500,7.438603824999973,7.188603824999973,21891,485.0,618.0,21.521035598705502,88.45565484687803,35,7.185531099999935,0.2530727250000382,True,True,2,05_runtime_budget_baselines/raw_runs.csv
Runtime budget baseline,Chao,VNS,p4.2.e,2,2500,7.438603824999973,7.188603824999973,21912,485.0,618.0,21.521035598705502,88.45565484687803,35,7.186857199998485,0.2517466250014877,True,True,2,05_runtime_budget_baselines/raw_runs.csv
Runtime budget baseline,Chao,VNS,p4.2.e,3,2500,7.438603824999973,7.188603824999973,21890,485.0,618.0,21.521035598705502,88.45565484687803,35,7.186928999999509,0.2516748250004639,True,True,2,05_runtime_budget_baselines/raw_runs.csv
Runtime budget baseline,Chao,VNS,p4.2.f,0,2500,8.789560700000038,8.539560700000038,23944,553.0,687.0,19.50509461426492,91.71254827782452,38,8.537844700000278,0.2517159999997602,True,True,2,05_runtime_budget_baselines/raw_runs.csv
Runtime budget baseline,Chao,VNS,p4.2.f,1,2500,8.789560700000038,8.539560700000038,23942,553.0,687.0,19.50509461426492,91.71254827782452,38,8.537388799999462,0.252171900000576,True,True,2,05_runtime_budget_baselines/raw_runs.csv
Runtime budget baseline,Chao,VNS,p4.2.f,2,2500,8.789560700000038,8.539560700000038,23953,553.0,687.0,19.50509461426492,91.71254827782452,38,8.537693299997045,0.2518674000029932,True,True,2,05_runtime_budget_baselines/raw_runs.csv
Runtime budget baseline,Chao,VNS,p4.2.f,3,2500,8.789560700000038,8.539560700000038,24145,553.0,687.0,19.50509461426492,91.71254827782452,38,8.533820199998445,0.2557405000015933,True,True,2,05_runtime_budget_baselines/raw_runs.csv
Runtime budget baseline,Chao,VNS,p4.2.g,0,2500,10.080847449999965,9.830847449999965,18801,643.0,757.0,15.059445178335535,106.36492699749544,43,9.828076999998302,0.2527704500016625,True,True,2,05_runtime_budget_baselines/raw_runs.csv
Runtime budget baseline,Chao,VNS,p4.2.g,1,2500,10.080847449999965,9.830847449999965,18878,643.0,757.0,15.059445178335535,106.36492699749544,43,9.82835829999749,0.252489150002475,True,True,2,05_runtime_budget_baselines/raw_runs.csv
Runtime budget baseline,Chao,VNS,p4.2.g,2,2500,10.080847449999965,9.830847449999965,18909,643.0,757.0,15.059445178335535,106.36492699749544,43,9.82782959999895,0.2530178500010152,True,True,2,05_runtime_budget_baselines/raw_runs.csv
Runtime budget baseline,Chao,VNS,p4.2.g,3,2500,10.080847449999965,9.830847449999965,18940,643.0,757.0,15.059445178335535,106.36492699749544,43,9.82765769999969,0.2531897500002742,True,True,2,05_runtime_budget_baselines/raw_runs.csv
Runtime budget baseline,Chao,VNS,p4.2.h,0,2500,12.11024479999992,11.86024479999992,22495,670.0,835.0,19.760479041916167,113.83957894299832,47,11.858733400000348,0.2515113999995719,True,True,2,05_runtime_budget_baselines/raw_runs.csv
Runtime budget baseline,Chao,VNS,p4.2.h,1,2500,12.11024479999992,11.86024479999992,20762,670.0,835.0,19.760479041916167,113.83957894299832,47,11.858429299998534,0.2518155000013848,True,True,2,05_runtime_budget_baselines/raw_runs.csv
Runtime budget baseline,Chao,VNS,p4.2.h,2,2500,12.11024479999992,11.86024479999992,22824,670.0,835.0,19.760479041916167,118.47216534641451,47,11.857117100000323,0.2531276999995953,True,True,2,05_runtime_budget_baselines/raw_runs.csv
Runtime budget baseline,Chao,VNS,p4.2.h,3,2500,12.11024479999992,11.86024479999992,22658,670.0,835.0,19.760479041916167,113.83957894299832,47,11.856696999999258,0.2535478000006606,True,True,2,05_runtime_budget_baselines/raw_runs.csv
Runtime budget baseline,Chao,VNS,p4.2.i,0,2500,12.539814824999894,12.289814824999894,20113,698.0,918.0,23.965141612200437,120.4498046175828,50,12.28812839999955,0.2516864250003436,True,True,2,05_runtime_budget_baselines/raw_runs.csv
Runtime budget baseline,Chao,VNS,p4.2.i,1,2500,12.539814824999894,12.289814824999894,20081,698.0,918.0,23.965141612200437,120.4498046175828,50,12.287228699999105,0.2525861250007892,True,True,2,05_runtime_budget_baselines/raw_runs.csv
Runtime budget baseline,Chao,VNS,p4.2.i,2,2500,12.539814824999894,12.289814824999894,20080,698.0,918.0,23.965141612200437,120.4498046175828,50,12.283135500001665,0.2566793249982311,True,True,2,05_runtime_budget_baselines/raw_runs.csv
Runtime budget baseline,Chao,VNS,p4.2.i,3,2500,12.539814824999894,12.289814824999894,20113,698.0,918.0,23.965141612200437,120.4498046175828,50,12.284256500002812,0.2555583249970823,True,True,2,05_runtime_budget_baselines/raw_runs.csv
Runtime budget baseline,Chao,VNS,p4.2.j,0,2500,11.574825825000062,11.324825825000062,14681,757.0,965.0,21.55440414507772,135.86499628160018,51,11.322497099998143,0.2523287250019166,True,True,2,05_runtime_budget_baselines/raw_runs.csv
Runtime budget baseline,Chao,VNS,p4.2.j,1,2500,11.574825825000062,11.324825825000062,14634,757.0,965.0,21.55440414507772,135.86499628160018,51,11.323577600000135,0.2512482249999266,True,True,2,05_runtime_budget_baselines/raw_runs.csv
Runtime budget baseline,Chao,VNS,p4.2.j,2,2500,11.574825825000062,11.324825825000062,14542,757.0,965.0,21.55440414507772,135.86499628160018,51,11.319439099999729,0.255386725000335,True,True,2,05_runtime_budget_baselines/raw_runs.csv
Runtime budget baseline,Chao,VNS,p4.2.j,3,2500,11.574825825000062,11.324825825000062,14601,757.0,965.0,21.55440414507772,135.86499628160018,51,11.320635299998685,0.2541905250013769,True,True,2,05_runtime_budget_baselines/raw_runs.csv
Runtime budget baseline,Chao,VNS,p4.2.k,0,2500,12.205864174999988,11.955864174999988,15647,861.0,1022.0,15.753424657534246,149.43644373786248,54,11.953352900000027,0.2525112749999607,True,True,2,05_runtime_budget_baselines/raw_runs.csv
Runtime budget baseline,Chao,VNS,p4.2.k,1,2500,12.205864174999988,11.955864174999988,15840,854.0,1022.0,16.438356164383563,141.69576626394485,53,11.952948300000571,0.2529158749994167,True,True,2,05_runtime_budget_baselines/raw_runs.csv
Runtime budget baseline,Chao,VNS,p4.2.k,2,2500,12.205864174999988,11.955864174999988,16352,874.0,1022.0,14.481409001956948,144.4113970976851,51,11.949198700000125,0.2566654749998633,True,True,2,05_runtime_budget_baselines/raw_runs.csv
Runtime budget baseline,Chao,VNS,p4.2.k,3,2500,12.205864174999988,11.955864174999988,15745,854.0,1022.0,16.438356164383563,141.69576626394485,53,11.950065100001666,0.2557990749983219,True,True,2,05_runtime_budget_baselines/raw_runs.csv
Runtime budget baseline,Chao,VNS,p4.2.l,0,2500,12.181557350000048,11.931557350000048,14090,954.0,1074.0,11.1731843575419,159.47939548229965,58,11.92669290000049,0.2548644499995589,True,True,2,05_runtime_budget_baselines/raw_runs.csv
Runtime budget baseline,Chao,VNS,p4.2.l,1,2500,12.181557350000048,11.931557350000048,14077,983.0,1074.0,8.472998137802607,159.35013878972666,58,11.924157299999932,0.2574000500001148,True,True,2,05_runtime_budget_baselines/raw_runs.csv
Runtime budget baseline,Chao,VNS,p4.2.l,2,2500,12.181557350000048,11.931557350000048,14070,954.0,1074.0,11.1731843575419,159.47939548229965,58,11.92724200000157,0.2543153499984782,True,True,2,05_runtime_budget_baselines/raw_runs.csv
Runtime budget baseline,Chao,VNS,p4.2.l,3,2500,12.181557350000048,11.931557350000048,13774,981.0,1074.0,8.659217877094973,159.5182741913205,59,11.926550200001657,0.2550071499983914,True,True,2,05_runtime_budget_baselines/raw_runs.csv
Runtime budget baseline,Chao,VNS,p4.2.m,0,2500,12.442858424999711,12.192858424999711,10736,1026.0,1132.0,9.363957597173146,169.059010631739,64,12.1877639000013,0.2550945249984124,True,True,2,05_runtime_budget_baselines/raw_runs.csv
Runtime budget baseline,Chao,VNS,p4.2.m,1,2500,12.442858424999711,12.192858424999711,10659,1016.0,1132.0,10.247349823321555,165.19316158736257,63,12.18626519999816,0.2565932250015521,True,True,2,05_runtime_budget_baselines/raw_runs.csv
Runtime budget baseline,Chao,VNS,p4.2.m,2,2500,12.442858424999711,12.192858424999711,10740,1026.0,1132.0,9.363957597173146,169.059010631739,64,12.18522849999863,0.2576299250010834,True,True,2,05_runtime_budget_baselines/raw_runs.csv
Runtime budget baseline,Chao,VNS,p4.2.m,3,2500,12.442858424999711,12.192858424999711,11009,1015.0,1132.0,10.335689045936396,164.81929427601978,62,12.186173100002634,0.2566853249970791,True,True,2,05_runtime_budget_baselines/raw_runs.csv
Runtime budget baseline,Chao,VNS,p4.2.n,0,2500,11.478437850000546,11.228437850000546,9067,1059.0,1174.0,9.795570698466781,174.5919073465539,68,11.224261799998205,0.2541760500023429,True,True,2,05_runtime_budget_baselines/raw_runs.csv
Runtime budget baseline,Chao,VNS,p4.2.n,1,2500,11.478437850000546,11.228437850000546,8669,1084.0,1174.0,7.666098807495741,177.2952236690848,70,11.221381200000906,0.2570566499996403,True,True,2,05_runtime_budget_baselines/raw_runs.csv
Runtime budget baseline,Chao,VNS,p4.2.n,2,2500,11.478437850000546,11.228437850000546,8802,1062.0,1174.0,9.540034071550256,175.6458164527359,70,11.225089399998978,0.2533484500015674,True,True,2,05_runtime_budget_baselines/raw_runs.csv
Runtime budget baseline,Chao,VNS,p4.2.n,3,2500,11.478437850000546,11.228437850000546,8795,1102.0,1174.0,6.132879045996593,177.99958696204885,70,11.224958300001164,0.2534795499993834,True,True,2,05_runtime_budget_baselines/raw_runs.csv
Runtime budget baseline,Chao,VNS,p4.2.o,0,2500,12.127632750000204,11.877632750000204,7343,1136.0,1218.0,6.732348111658457,186.27398163060872,76,11.874085499999635,0.2535472500005653,True,True,2,05_runtime_budget_baselines/raw_runs.csv
Runtime budget baseline,Chao,VNS,p4.2.o,1,2500,12.127632750000204,11.877632750000204,7450,1135.0,1218.0,6.814449917898194,186.26224804209767,75,11.872694599998797,0.2549381500014078,True,True,2,05_runtime_budget_baselines/raw_runs.csv
Runtime budget baseline,Chao,VNS,p4.2.o,2,2500,12.127632750000204,11.877632750000204,7937,1112.0,1218.0,8.70279146141215,184.833159510892,73,11.871398600000248,0.2562341499999547,True,True,2,05_runtime_budget_baselines/raw_runs.csv
Runtime budget baseline,Chao,VNS,p4.2.o,3,2500,12.127632750000204,11.877632750000204,7731,1135.0,1218.0,6.814449917898194,186.3385145092428,74,11.870893700001034,0.2567390499991688,True,True,2,05_runtime_budget_baselines/raw_runs.csv
Runtime budget baseline,Chao,VNS,p4.2.p,0,2500,10.97855225000012,10.72855225000012,6392,1187.0,1242.0,4.428341384863124,194.7702933666214,78,10.721907699997246,0.2566445500028749,True,True,2,05_runtime_budget_baselines/raw_runs.csv
Runtime budget baseline,Chao,VNS,p4.2.p,1,2500,10.97855225000012,10.72855225000012,6424,1187.0,1242.0,4.428341384863124,195.28726130124352,78,10.72182679999969,0.256725450000431,True,True,2,05_runtime_budget_baselines/raw_runs.csv
Runtime budget baseline,Chao,VNS,p4.2.p,2,2500,10.97855225000012,10.72855225000012,6375,1179.0,1242.0,5.072463768115942,199.47173626728704,79,10.71988959999726,0.2586626500028615,True,True,2,05_runtime_budget_baselines/raw_runs.csv
Runtime budget baseline,Chao,VNS,p4.2.p,3,2500,10.97855225000012,10.72855225000012,6396,1187.0,1242.0,4.428341384863124,194.7702933666214,78,10.72334420000334,0.2552080499967815,True,True,2,05_runtime_budget_baselines/raw_runs.csv
Runtime budget baseline,Chao,VNS,p4.2.q,0,2500,9.957844875000092,9.707844875000092,5617,1240.0,1268.0,2.2082018927444795,206.73467148702312,80,9.704523500000503,0.2533213749995866,True,True,2,05_runtime_budget_baselines/raw_runs.csv
Runtime budget baseline,Chao,VNS,p4.2.q,1,2500,9.957844875000092,9.707844875000092,5651,1243.0,1268.0,1.971608832807571,207.8707255110784,80,9.70240080000076,0.2554440749993318,True,True,2,05_runtime_budget_baselines/raw_runs.csv
Runtime budget baseline,Chao,VNS,p4.2.q,2,2500,9.957844875000092,9.707844875000092,4527,1246.0,1268.0,1.7350157728706626,208.8371450374184,85,9.701790999999504,0.2560538750005889,True,True,2,05_runtime_budget_baselines/raw_runs.csv
Runtime budget baseline,Chao,VNS,p4.2.q,3,2500,9.957844875000092,9.707844875000092,5642,1245.0,1268.0,1.8138801261829653,209.1350213105013,79,9.702947600002515,0.2548972749975746,True,True,2,05_runtime_budget_baselines/raw_runs.csv
Runtime budget baseline,Chao,VNS,p4.2.r,0,2500,9.02643665000005,8.77643665000005,3787,1279.0,1292.0,1.0061919504643964,219.19221215973585,91,8.770216100001562,0.2562205499984884,True,True,2,05_runtime_budget_baselines/raw_runs.csv
Runtime budget baseline,Chao,VNS,p4.2.r,1,2500,9.02643665000005,8.77643665000005,3897,1271.0,1292.0,1.6253869969040247,219.10045104807145,92,8.769384700000955,0.2570519499990951,True,True,2,05_runtime_budget_baselines/raw_runs.csv
Runtime budget baseline,Chao,VNS,p4.2.r,2,2500,9.02643665000005,8.77643665000005,3836,1276.0,1292.0,1.238390092879257,219.30919456350057,87,8.768747099999018,0.2576895500010323,True,True,2,05_runtime_budget_baselines/raw_runs.csv
Runtime budget baseline,Chao,VNS,p4.2.r,3,2500,9.02643665000005,8.77643665000005,3876,1272.0,1292.0,1.5479876160990713,217.85986903200268,88,8.768914500000392,0.2575221499996587,True,True,2,05_runtime_budget_baselines/raw_runs.csv
Runtime budget baseline,Chao,VNS,p4.2.s,0,2500,7.750026475000368,7.500026475000368,3255,1290.0,1304.0,1.0736196319018405,229.15178073898835,92,7.488623000001098,0.2614034749992697,True,True,2,05_runtime_budget_baselines/raw_runs.csv
Runtime budget baseline,Chao,VNS,p4.2.s,1,2500,7.750026475000368,7.500026475000368,3257,1278.0,1304.0,1.9938650306748467,225.49495856055773,92,7.488640799998393,0.2613856750019749,True,True,2,05_runtime_budget_baselines/raw_runs.csv
Runtime budget baseline,Chao,VNS,p4.2.s,2,2500,7.750026475000368,7.500026475000368,3328,1290.0,1304.0,1.0736196319018405,229.64851342714903,92,7.495160499998747,0.2548659750016213,True,True,2,05_runtime_budget_baselines/raw_runs.csv
Runtime budget baseline,Chao,VNS,p4.2.s,3,2500,7.750026475000368,7.500026475000368,3337,1289.0,1304.0,1.1503067484662577,229.1115948827953,91,7.495459099998698,0.2545673750016703,True,True,2,05_runtime_budget_baselines/raw_runs.csv
Runtime budget baseline,Chao,VNS,p4.2.t,0,2500,7.1081534000009015,6.8581534000009015,3725,1298.0,1306.0,0.6125574272588055,236.98019421467853,96,6.847432499998831,0.2607209000020702,True,True,2,05_runtime_budget_baselines/raw_runs.csv
Runtime budget baseline,Chao,VNS,p4.2.t,1,2500,7.1081534000009015,6.8581534000009015,3490,1294.0,1306.0,0.9188361408882083,233.62151659689343,95,6.85295639999822,0.2551970000026813,True,True,2,05_runtime_budget_baselines/raw_runs.csv
Runtime budget baseline,Chao,VNS,p4.2.t,2,2500,7.1081534000009015,6.8581534000009015,3483,1294.0,1306.0,0.9188361408882083,233.62151659689343,95,6.85240910000357,0.2557442999973318,True,True,2,05_runtime_budget_baselines/raw_runs.csv
Runtime budget baseline,Chao,VNS,p4.2.t,3,2500,7.1081534000009015,6.8581534000009015,3467,1298.0,1306.0,0.6125574272588055,239.19480602579367,95,6.852312899998651,0.2558405000022503,True,True,2,05_runtime_budget_baselines/raw_runs.csv
Runtime budget baseline,Chao,VNS,p4.3.c,0,2500,2.0727383750004265,1.8227383750004265,17370,177.0,193.0,8.290155440414507,66.98566153547822,11,1.8208364000020083,0.2519019749984181,True,True,2,05_runtime_budget_baselines/raw_runs.csv
Runtime budget baseline,Chao,VNS,p4.3.c,1,2500,2.0727383750004265,1.8227383750004265,17359,177.0,193.0,8.290155440414507,66.98566153547822,11,1.820859900002688,0.2518784749977385,True,True,2,05_runtime_budget_baselines/raw_runs.csv
Runtime budget baseline,Chao,VNS,p4.3.c,2,2500,2.0727383750004265,1.8227383750004265,16638,177.0,193.0,8.290155440414507,66.98566153547822,11,1.8208340999990469,0.2519042750013796,True,True,2,05_runtime_budget_baselines/raw_runs.csv
Runtime budget baseline,Chao,VNS,p4.3.c,3,2500,2.0727383750004265,1.8227383750004265,16472,177.0,193.0,8.290155440414507,66.98566153547822,11,1.8208426000019244,0.251895774998502,True,True,2,05_runtime_budget_baselines/raw_runs.csv
Runtime budget baseline,Chao,VNS,p4.3.d,0,2500,3.224414650000199,2.974414650000199,22447,270.0,335.0,19.402985074626866,76.25272765678224,18,2.972528700000112,0.2518859500000872,True,True,2,05_runtime_budget_baselines/raw_runs.csv
Runtime budget baseline,Chao,VNS,p4.3.d,1,2500,3.224414650000199,2.974414650000199,22379,270.0,335.0,19.402985074626866,76.25272765678224,18,2.9725392000000284,0.2518754500001705,True,True,2,05_runtime_budget_baselines/raw_runs.csv
Runtime budget baseline,Chao,VNS,p4.3.d,2,2500,3.224414650000199,2.974414650000199,22593,270.0,335.0,19.402985074626866,76.25272765678224,18,2.9725483000001987,0.2518663500000002,True,True,2,05_runtime_budget_baselines/raw_runs.csv
Runtime budget baseline,Chao,VNS,p4.3.d,3,2500,3.224414650000199,2.974414650000199,22505,270.0,335.0,19.402985074626866,76.25272765678224,18,2.97252689999732,0.2518877500028793,True,True,2,05_runtime_budget_baselines/raw_runs.csv
Runtime budget baseline,Chao,VNS,p4.3.e,0,2500,4.653492950000327,4.403492950000327,21052,369.0,468.0,21.153846153846153,87.7420558925967,25,4.401534399999946,0.2519585500003813,True,True,2,05_runtime_budget_baselines/raw_runs.csv
Runtime budget baseline,Chao,VNS,p4.3.e,1,2500,4.653492950000327,4.403492950000327,21057,369.0,468.0,21.153846153846153,87.7420558925967,25,4.401271300001099,0.2522216499992282,True,True,2,05_runtime_budget_baselines/raw_runs.csv
Runtime budget baseline,Chao,VNS,p4.3.e,2,2500,4.653492950000327,4.403492950000327,21145,369.0,468.0,21.153846153846153,87.7420558925967,25,4.40171630000259,0.2517766499977369,True,True,2,05_runtime_budget_baselines/raw_runs.csv
Runtime budget baseline,Chao,VNS,p4.3.e,3,2500,4.653492950000327,4.403492950000327,21086,369.0,468.0,21.153846153846153,87.7420558925967,25,4.401849099998799,0.2516438500015283,True,True,2,05_runtime_budget_baselines/raw_runs.csv
Runtime budget baseline,Chao,VNS,p4.3.f,0,2500,5.310437875000844,5.060437875000844,21663,449.0,579.0,22.45250431778929,94.95237825357516,29,5.058041800002684,0.2523960749981597,True,True,2,05_runtime_budget_baselines/raw_runs.csv
Runtime budget baseline,Chao,VNS,p4.3.f,1,2500,5.310437875000844,5.060437875000844,21581,449.0,579.0,22.45250431778929,94.95237825357516,29,5.058091700000659,0.2523461750001843,True,True,2,05_runtime_budget_baselines/raw_runs.csv
Runtime budget baseline,Chao,VNS,p4.3.f,2,2500,5.310437875000844,5.060437875000844,21730,449.0,579.0,22.45250431778929,94.95237825357516,29,5.058751500000653,0.2516863750001903,True,True,2,05_runtime_budget_baselines/raw_runs.csv
Runtime budget baseline,Chao,VNS,p4.3.f,3,2500,5.310437875000844,5.060437875000844,21637,449.0,579.0,22.45250431778929,94.95237825357516,29,5.058554399998684,0.2518834750021597,True,True,2,05_runtime_budget_baselines/raw_runs.csv
Runtime budget baseline,Chao,VNS,p4.3.g,0,2500,6.209602974999143,5.959602974999143,18186,576.0,653.0,11.791730474732006,107.9674107230624,38,5.957876700002089,0.2517262749970541,True,True,2,05_runtime_budget_baselines/raw_runs.csv
Runtime budget baseline,Chao,VNS,p4.3.g,1,2500,6.209602974999143,5.959602974999143,18183,576.0,653.0,11.791730474732006,107.9674107230624,38,5.958011899998382,0.2515910750007606,True,True,2,05_runtime_budget_baselines/raw_runs.csv
Runtime budget baseline,Chao,VNS,p4.3.g,2,2500,6.209602974999143,5.959602974999143,18176,576.0,653.0,11.791730474732006,107.9674107230624,38,5.957822899999883,0.2517800749992602,True,True,2,05_runtime_budget_baselines/raw_runs.csv
Runtime budget baseline,Chao,VNS,p4.3.g,3,2500,6.209602974999143,5.959602974999143,18114,576.0,653.0,11.791730474732006,107.9674107230624,38,5.957768300002499,0.251834674996644,True,True,2,05_runtime_budget_baselines/raw_runs.csv
Runtime budget baseline,Chao,VNS,p4.3.h,0,2500,7.29379172499921,7.04379172499921,13377,637.0,729.0,12.62002743484225,114.28442270919956,45,7.041991900001449,0.2517998249977609,True,True,2,05_runtime_budget_baselines/raw_runs.csv
Runtime budget baseline,Chao,VNS,p4.3.h,1,2500,7.29379172499921,7.04379172499921,14000,652.0,729.0,10.562414266117969,117.79387556887433,45,7.042075000001205,0.2517167249980048,True,True,2,05_runtime_budget_baselines/raw_runs.csv
Runtime budget baseline,Chao,VNS,p4.3.h,2,2500,7.29379172499921,7.04379172499921,13394,637.0,729.0,12.62002743484225,114.28442270919956,45,7.038403100003052,0.2553886249961579,True,True,2,05_runtime_budget_baselines/raw_runs.csv
Runtime budget baseline,Chao,VNS,p4.3.h,3,2500,7.29379172499921,7.04379172499921,13555,652.0,729.0,10.562414266117969,117.79387556887433,45,7.041887700001098,0.2519040249981117,True,True,2,05_runtime_budget_baselines/raw_runs.csv
Runtime budget baseline,Chao,VNS,p4.3.i,0,2500,8.776482175000183,8.526482175000183,15684,645.0,809.0,20.27194066749073,124.93421843206885,47,8.52460659999997,0.2518755750002128,True,True,2,05_runtime_budget_baselines/raw_runs.csv
Runtime budget baseline,Chao,VNS,p4.3.i,1,2500,8.776482175000183,8.526482175000183,15430,645.0,809.0,20.27194066749073,124.1894954444898,47,8.524703799997951,0.2517783750022317,True,True,2,05_runtime_budget_baselines/raw_runs.csv
Runtime budget baseline,Chao,VNS,p4.3.i,2,2500,8.776482175000183,8.526482175000183,15868,645.0,809.0,20.27194066749073,124.93421843206885,47,8.524213299999246,0.2522688750009365,True,True,2,05_runtime_budget_baselines/raw_runs.csv
Runtime budget baseline,Chao,VNS,p4.3.i,3,2500,8.776482175000183,8.526482175000183,15616,645.0,809.0,20.27194066749073,124.101625395956,47,8.524690600002941,0.2517915749972417,True,True,2,05_runtime_budget_baselines/raw_runs.csv
Runtime budget baseline,Chao,VNS,p4.3.j,0,2500,9.85806404999994,9.60806404999994,14547,721.0,861.0,16.260162601626018,137.3477797853034,52,9.605140100000426,0.2529239499995128,True,True,2,05_runtime_budget_baselines/raw_runs.csv
Runtime budget baseline,Chao,VNS,p4.3.j,1,2500,9.85806404999994,9.60806404999994,14521,721.0,861.0,16.260162601626018,136.0789825189101,52,9.604454500000427,0.2536095499995099,True,True,2,05_runtime_budget_baselines/raw_runs.csv
Runtime budget baseline,Chao,VNS,p4.3.j,2,2500,9.85806404999994,9.60806404999994,14471,745.0,861.0,13.472706155632984,134.79268047224036,52,9.60544910000317,0.2526149499967687,True,True,2,05_runtime_budget_baselines/raw_runs.csv
Runtime budget baseline,Chao,VNS,p4.3.j,3,2500,9.85806404999994,9.60806404999994,14604,721.0,861.0,16.260162601626018,137.3477797853034,52,9.600143200001185,0.2579208499987544,True,True,2,05_runtime_budget_baselines/raw_runs.csv
Runtime budget baseline,Chao,VNS,p4.3.k,0,2500,10.00703465000015,9.75703465000015,16580,759.0,919.0,17.410228509249183,131.48124340911366,50,9.7548386999988,0.2521959500013508,True,True,2,05_runtime_budget_baselines/raw_runs.csv
Runtime budget baseline,Chao,VNS,p4.3.k,1,2500,10.00703465000015,9.75703465000015,16646,759.0,919.0,17.410228509249183,131.48124340911366,50,9.754265499999748,0.2527691500004039,True,True,2,05_runtime_budget_baselines/raw_runs.csv
Runtime budget baseline,Chao,VNS,p4.3.k,2,2500,10.00703465000015,9.75703465000015,16592,759.0,919.0,17.410228509249183,131.48124340911366,50,9.755267300002744,0.251767349997408,True,True,2,05_runtime_budget_baselines/raw_runs.csv
Runtime budget baseline,Chao,VNS,p4.3.k,3,2500,10.00703465000015,9.75703465000015,16601,759.0,919.0,17.410228509249183,131.48124340911366,50,9.75538139999844,0.2516532500017092,True,True,2,05_runtime_budget_baselines/raw_runs.csv
Runtime budget baseline,Chao,VNS,p4.3.l,0,2500,9.492194874999312,9.242194874999312,12775,808.0,979.0,17.466802860061286,149.31693622487413,54,9.23700159999862,0.2551932750006926,True,True,2,05_runtime_budget_baselines/raw_runs.csv
Runtime budget baseline,Chao,VNS,p4.3.l,1,2500,9.492194874999312,9.242194874999312,12817,808.0,979.0,17.466802860061286,149.31693622487413,54,9.23884189999808,0.2533529750012349,True,True,2,05_runtime_budget_baselines/raw_runs.csv
Runtime budget baseline,Chao,VNS,p4.3.l,2,2500,9.492194874999312,9.242194874999312,12821,808.0,979.0,17.466802860061286,149.31693622487413,54,9.236692200000109,0.2555026749992066,True,True,2,05_runtime_budget_baselines/raw_runs.csv
Runtime budget baseline,Chao,VNS,p4.3.l,3,2500,9.492194874999312,9.242194874999312,12820,808.0,979.0,17.466802860061286,149.31693622487413,54,9.235178799997811,0.257016075001502,True,True,2,05_runtime_budget_baselines/raw_runs.csv
Runtime budget baseline,Chao,VNS,p4.3.m,0,2500,9.458147900000313,9.208147900000313,11876,838.0,1063.0,21.16650987770461,154.72648345471072,58,9.206768799998828,0.2513791000014862,True,True,2,05_runtime_budget_baselines/raw_runs.csv
Runtime budget baseline,Chao,VNS,p4.3.m,1,2500,9.458147900000313,9.208147900000313,11861,838.0,1063.0,21.16650987770461,154.73739503099702,58,9.204735600000276,0.2534123000000363,True,True,2,05_runtime_budget_baselines/raw_runs.csv
Runtime budget baseline,Chao,VNS,p4.3.m,2,2500,9.458147900000313,9.208147900000313,11943,838.0,1063.0,21.16650987770461,154.72648345471072,58,9.202595900002052,0.2555519999982607,True,True,2,05_runtime_budget_baselines/raw_runs.csv
Runtime budget baseline,Chao,VNS,p4.3.m,3,2500,9.458147900000313,9.208147900000313,11965,838.0,1063.0,21.16650987770461,162.87129263735991,58,9.2053734000001,0.2527745000002142,True,True,2,05_runtime_budget_baselines/raw_runs.csv
Runtime budget baseline,Chao,VNS,p4.3.n,0,2500,9.54739010000003,9.29739010000003,8798,945.0,1121.0,15.700267618198037,171.12130594776377,63,9.293995500000165,0.253394599999865,True,True,2,05_runtime_budget_baselines/raw_runs.csv
Runtime budget baseline,Chao,VNS,p4.3.n,1,2500,9.54739010000003,9.29739010000003,8448,971.0,1121.0,13.380909901873327,171.30359841508223,66,9.293635599999106,0.2537545000009231,True,True,2,05_runtime_budget_baselines/raw_runs.csv
Runtime budget baseline,Chao,VNS,p4.3.n,2,2500,9.54739010000003,9.29739010000003,8785,945.0,1121.0,15.700267618198037,171.12130594776377,63,9.294158799999424,0.253231300000607,True,True,2,05_runtime_budget_baselines/raw_runs.csv
Runtime budget baseline,Chao,VNS,p4.3.n,3,2500,9.54739010000003,9.29739010000003,8178,974.0,1121.0,13.113291703835861,173.3105311944446,68,9.29278720000002,0.2546029000000089,True,True,2,05_runtime_budget_baselines/raw_runs.csv
Runtime budget baseline,Chao,VNS,p4.3.o,0,2500,9.600253350000456,9.350253350000456,8405,1021.0,1172.0,12.8839590443686,185.47264129582285,66,9.347112999999808,0.253140350000649,True,True,2,05_runtime_budget_baselines/raw_runs.csv
Runtime budget baseline,Chao,VNS,p4.3.o,1,2500,9.600253350000456,9.350253350000456,8356,1027.0,1172.0,12.372013651877133,184.80350501475533,66,9.347008299999288,0.2532450500011691,True,True,2,05_runtime_budget_baselines/raw_runs.csv
Runtime budget baseline,Chao,VNS,p4.3.o,2,2500,9.600253350000456,9.350253350000456,8211,1044.0,1172.0,10.921501706484642,185.92964429716912,68,9.345782899999904,0.2544704500005537,True,True,2,05_runtime_budget_baselines/raw_runs.csv
Runtime budget baseline,Chao,VNS,p4.3.o,3,2500,9.600253350000456,9.350253350000456,8264,1039.0,1172.0,11.348122866894197,184.51917398585988,67,9.34680649999791,0.2534468500025468,True,True,2,05_runtime_budget_baselines/raw_runs.csv
Runtime budget baseline,Chao,VNS,p4.3.p,0,2500,9.074289999999564,8.824289999999564,6403,1005.0,1222.0,17.757774140752865,195.74484474775412,72,8.818839899999148,0.2554501000004165,True,True,2,05_runtime_budget_baselines/raw_runs.csv
Runtime budget baseline,Chao,VNS,p4.3.p,1,2500,9.074289999999564,8.824289999999564,6396,1074.0,1222.0,12.111292962356792,194.20579426391996,72,8.819595400000253,0.2546945999993113,True,True,2,05_runtime_budget_baselines/raw_runs.csv
Runtime budget baseline,Chao,VNS,p4.3.p,2,2500,9.074289999999564,8.824289999999564,6346,1005.0,1222.0,17.757774140752865,195.74484474775412,72,8.819214900002407,0.2550750999971569,True,True,2,05_runtime_budget_baselines/raw_runs.csv
Runtime budget baseline,Chao,VNS,p4.3.p,3,2500,9.074289999999564,8.824289999999564,6361,1005.0,1222.0,17.757774140752865,195.74484474775412,72,8.820639199999277,0.2536508000002868,True,True,2,05_runtime_budget_baselines/raw_runs.csv
Runtime budget baseline,Chao,VNS,p4.3.q,0,2500,9.11141975000055,8.86141975000055,5851,1121.0,1253.0,10.534716679968076,206.58740620473927,78,8.850603499999124,0.2608162500014259,True,True,2,05_runtime_budget_baselines/raw_runs.csv
Runtime budget baseline,Chao,VNS,p4.3.q,1,2500,9.11141975000055,8.86141975000055,5983,1154.0,1253.0,7.9010375099760575,208.1662302405877,76,8.855532600002334,0.255887149998216,True,True,2,05_runtime_budget_baselines/raw_runs.csv
Runtime budget baseline,Chao,VNS,p4.3.q,2,2500,9.11141975000055,8.86141975000055,6602,1108.0,1253.0,11.572226656025538,208.95169608905812,73,8.856015100001969,0.2554046499985816,True,True,2,05_runtime_budget_baselines/raw_runs.csv
Runtime budget baseline,Chao,VNS,p4.3.q,3,2500,9.11141975000055,8.86141975000055,6284,1119.0,1253.0,10.694333599361533,206.10620068051009,73,8.85653640000237,0.2548833499981811,True,True,2,05_runtime_budget_baselines/raw_runs.csv
Runtime budget baseline,Chao,VNS,p4.3.r,0,2500,7.666611625000314,7.416611625000314,4896,1160.0,1273.0,8.87666928515318,214.9005735836489,79,7.407064499999251,0.2595471250010632,True,True,2,05_runtime_budget_baselines/raw_runs.csv
Runtime budget baseline,Chao,VNS,p4.3.r,1,2500,7.666611625000314,7.416611625000314,4790,1155.0,1273.0,9.26944226237235,214.07242981336583,79,7.403935199999978,0.2626764250003361,True,True,2,05_runtime_budget_baselines/raw_runs.csv
Runtime budget baseline,Chao,VNS,p4.3.r,2,2500,7.666611625000314,7.416611625000314,3928,1161.0,1273.0,8.798114689709347,215.57039256250425,81,7.412652099999832,0.2539595250004822,True,True,2,05_runtime_budget_baselines/raw_runs.csv
Runtime budget baseline,Chao,VNS,p4.3.r,3,2500,7.666611625000314,7.416611625000314,4807,1160.0,1273.0,8.87666928515318,214.9005735836489,79,7.410949500001152,0.2556621249991622,True,True,2,05_runtime_budget_baselines/raw_runs.csv
Runtime budget baseline,Chao,VNS,p4.3.s,0,2500,7.327271674999793,7.077271674999793,3479,1189.0,1295.0,8.185328185328185,225.8854435320338,86,7.070212900001934,0.2570587749978585,True,True,2,05_runtime_budget_baselines/raw_runs.csv
Runtime budget baseline,Chao,VNS,p4.3.s,1,2500,7.327271674999793,7.077271674999793,3523,1186.0,1295.0,8.416988416988417,225.27972364631907,85,7.071994600002654,0.2552770749971387,True,True,2,05_runtime_budget_baselines/raw_runs.csv
Runtime budget baseline,Chao,VNS,p4.3.s,2,2500,7.327271674999793,7.077271674999793,3682,1187.0,1295.0,8.339768339768339,224.4468938928745,82,7.073307100003149,0.2539645749966439,True,True,2,05_runtime_budget_baselines/raw_runs.csv
Runtime budget baseline,Chao,VNS,p4.3.s,3,2500,7.327271674999793,7.077271674999793,3516,1197.0,1295.0,7.5675675675675675,227.90308489675257,86,7.076189400002477,0.2510822749973158,True,True,2,05_runtime_budget_baselines/raw_runs.csv
Runtime budget baseline,Chao,VNS,p4.3.t,0,2500,6.438867599999412,6.188867599999412,2983,1278.0,1305.0,2.0689655172413794,236.76625716509463,93,6.181729299998551,0.2571383000008609,True,True,2,05_runtime_budget_baselines/raw_runs.csv
Runtime budget baseline,Chao,VNS,p4.3.t,1,2500,6.438867599999412,6.188867599999412,3900,1294.0,1305.0,0.842911877394636,236.66044158006565,96,6.181270799999766,0.2575967999996464,True,True,2,05_runtime_budget_baselines/raw_runs.csv
Runtime budget baseline,Chao,VNS,p4.3.t,2,2500,6.438867599999412,6.188867599999412,3049,1281.0,1305.0,1.839080459770115,237.54610075904145,93,6.18216559999928,0.2567020000001321,True,True,2,05_runtime_budget_baselines/raw_runs.csv
Runtime budget baseline,Chao,VNS,p4.3.t,3,2500,6.438867599999412,6.188867599999412,3067,1267.0,1305.0,2.9118773946360155,238.74049652828668,93,6.184455099999468,0.254412499999944,True,True,2,05_runtime_budget_baselines/raw_runs.csv
Runtime budget baseline,Chao,VNS,p4.4.e,0,2500,1.968330700000024,1.718330700000024,14706,172.0,183.0,6.0109289617486334,86.14511788549547,12,1.7164583999983734,0.2518723000016507,True,True,2,05_runtime_budget_baselines/raw_runs.csv
Runtime budget baseline,Chao,VNS,p4.4.e,1,2500,1.968330700000024,1.718330700000024,14646,172.0,183.0,6.0109289617486334,86.14511788549547,12,1.7164561999998114,0.2518745000002127,True,True,2,05_runtime_budget_baselines/raw_runs.csv
Runtime budget baseline,Chao,VNS,p4.4.e,2,2500,1.968330700000024,1.718330700000024,14650,172.0,183.0,6.0109289617486334,86.14511788549547,12,1.716466900001251,0.2518637999987732,True,True,2,05_runtime_budget_baselines/raw_runs.csv
Runtime budget baseline,Chao,VNS,p4.4.e,3,2500,1.968330700000024,1.718330700000024,14709,172.0,183.0,6.0109289617486334,86.14511788549547,12,1.7164055999965058,0.2519251000035183,True,True,2,05_runtime_budget_baselines/raw_runs.csv
Runtime budget baseline,Chao,VNS,p4.4.f,0,2500,3.190492099999574,2.940492099999574,21683,278.0,324.0,14.197530864197532,97.77581143179285,17,2.938674400000309,0.2518176999992647,True,True,2,05_runtime_budget_baselines/raw_runs.csv
Runtime budget baseline,Chao,VNS,p4.4.f,1,2500,3.190492099999574,2.940492099999574,21698,278.0,324.0,14.197530864197532,97.77581143179285,17,2.9386793000012403,0.2518127999983335,True,True,2,05_runtime_budget_baselines/raw_runs.csv
Runtime budget baseline,Chao,VNS,p4.4.f,2,2500,3.190492099999574,2.940492099999574,21376,278.0,324.0,14.197530864197532,96.96729972511,17,2.938610000001063,0.2518820999985109,True,True,2,05_runtime_budget_baselines/raw_runs.csv
Runtime budget baseline,Chao,VNS,p4.4.f,3,2500,3.190492099999574,2.940492099999574,21602,278.0,324.0,14.197530864197532,97.77581143179285,17,2.9386085999976785,0.2518835000018953,True,True,2,05_runtime_budget_baselines/raw_runs.csv
Runtime budget baseline,Chao,VNS,p4.4.g,0,2500,4.28755612499981,4.03755612499981,17945,382.0,461.0,17.136659436008678,104.44924417870128,26,4.035635899999761,0.2519202250000489,True,True,2,05_runtime_budget_baselines/raw_runs.csv
Runtime budget baseline,Chao,VNS,p4.4.g,1,2500,4.28755612499981,4.03755612499981,17983,382.0,461.0,17.136659436008678,104.44924417870128,26,4.035690200002136,0.2518659249976736,True,True,2,05_runtime_budget_baselines/raw_runs.csv
Runtime budget baseline,Chao,VNS,p4.4.g,2,2500,4.28755612499981,4.03755612499981,17840,382.0,461.0,17.136659436008678,104.44924417870128,26,4.035725999998249,0.2518301250015611,True,True,2,05_runtime_budget_baselines/raw_runs.csv
Runtime budget baseline,Chao,VNS,p4.4.g,3,2500,4.28755612499981,4.03755612499981,17921,382.0,461.0,17.136659436008678,104.44924417870128,26,4.035690599997906,0.2518655250019037,True,True,2,05_runtime_budget_baselines/raw_runs.csv
Runtime budget baseline,Chao,VNS,p4.4.h,0,2500,5.165406449999409,4.915406449999409,15204,483.0,571.0,15.411558669001751,112.76155987951172,34,4.913546900002984,0.2518595499964249,True,True,2,05_runtime_budget_baselines/raw_runs.csv
Runtime budget baseline,Chao,VNS,p4.4.h,1,2500,5.165406449999409,4.915406449999409,15305,483.0,571.0,15.411558669001751,112.76155987951172,34,4.9135281999988365,0.2518782500005727,True,True,2,05_runtime_budget_baselines/raw_runs.csv
Runtime budget baseline,Chao,VNS,p4.4.h,2,2500,5.165406449999409,4.915406449999409,15344,483.0,571.0,15.411558669001751,112.76155987951172,34,4.9139295000022685,0.2514769499971407,True,True,2,05_runtime_budget_baselines/raw_runs.csv
Runtime budget baseline,Chao,VNS,p4.4.h,3,2500,5.165406449999409,4.915406449999409,15329,483.0,571.0,15.411558669001751,112.76155987951172,34,4.913670199999615,0.2517362499997944,True,True,2,05_runtime_budget_baselines/raw_runs.csv
Runtime budget baseline,Chao,VNS,p4.4.i,0,2500,5.946116475000508,5.696116475000508,16185,544.0,657.0,17.199391171993913,124.10115030618115,38,5.694351400001324,0.2517650749991844,True,True,2,05_runtime_budget_baselines/raw_runs.csv
Runtime budget baseline,Chao,VNS,p4.4.i,1,2500,5.946116475000508,5.696116475000508,16191,544.0,657.0,17.199391171993913,124.10115030618115,38,5.693697900002007,0.2524185749985008,True,True,2,05_runtime_budget_baselines/raw_runs.csv
Runtime budget baseline,Chao,VNS,p4.4.i,2,2500,5.946116475000508,5.696116475000508,16193,544.0,657.0,17.199391171993913,124.10115030618115,38,5.694225499999448,0.2518909750010607,True,True,2,05_runtime_budget_baselines/raw_runs.csv
Runtime budget baseline,Chao,VNS,p4.4.i,3,2500,5.946116475000508,5.696116475000508,16237,544.0,657.0,17.199391171993913,124.10115030618115,38,5.6943714000008185,0.2517450749996897,True,True,2,05_runtime_budget_baselines/raw_runs.csv
Runtime budget baseline,Chao,VNS,p4.4.j,0,2500,6.796319374999712,6.546319374999712,12967,641.0,732.0,12.431693989071038,132.50276147345676,42,6.54436799999894,0.2519513750007718,True,True,2,05_runtime_budget_baselines/raw_runs.csv
Runtime budget baseline,Chao,VNS,p4.4.j,1,2500,6.796319374999712,6.546319374999712,12944,641.0,732.0,12.431693989071038,132.50276147345676,42,6.540211899999122,0.25610747500059,True,True,2,05_runtime_budget_baselines/raw_runs.csv
Runtime budget baseline,Chao,VNS,p4.4.j,2,2500,6.796319374999712,6.546319374999712,13011,641.0,732.0,12.431693989071038,132.50276147345676,42,6.543050800002675,0.2532685749970369,True,True,2,05_runtime_budget_baselines/raw_runs.csv
Runtime budget baseline,Chao,VNS,p4.4.j,3,2500,6.796319374999712,6.546319374999712,12932,641.0,732.0,12.431693989071038,132.50276147345676,42,6.541687199998705,0.2546321750010065,True,True,2,05_runtime_budget_baselines/raw_runs.csv
Runtime budget baseline,Chao,VNS,p4.4.k,0,2500,8.15633514999945,7.90633514999945,14022,676.0,821.0,17.66138855054811,140.12708605589427,49,7.904360699998506,0.2519744500009437,True,True,2,05_runtime_budget_baselines/raw_runs.csv
Runtime budget baseline,Chao,VNS,p4.4.k,1,2500,8.15633514999945,7.90633514999945,14042,676.0,821.0,17.66138855054811,140.12708605589427,49,7.904568800000561,0.2517663499988885,True,True,2,05_runtime_budget_baselines/raw_runs.csv
Runtime budget baseline,Chao,VNS,p4.4.k,2,2500,8.15633514999945,7.90633514999945,13992,676.0,821.0,17.66138855054811,140.12708605589427,49,7.901840999998967,0.2544941500004825,True,True,2,05_runtime_budget_baselines/raw_runs.csv
Runtime budget baseline,Chao,VNS,p4.4.k,3,2500,8.15633514999945,7.90633514999945,14007,676.0,821.0,17.66138855054811,140.12708605589427,49,7.900658800001111,0.255676349998339,True,True,2,05_runtime_budget_baselines/raw_runs.csv
Runtime budget baseline,Chao,VNS,p4.4.l,0,2500,8.395748049999838,8.145748049999838,11317,738.0,880.0,16.136363636363637,153.42029139645734,54,8.143911099999968,0.2518369499998698,True,True,2,05_runtime_budget_baselines/raw_runs.csv
Runtime budget baseline,Chao,VNS,p4.4.l,1,2500,8.395748049999838,8.145748049999838,11350,738.0,880.0,16.136363636363637,153.42029139645734,54,8.143544599999586,0.2522034500002519,True,True,2,05_runtime_budget_baselines/raw_runs.csv
Runtime budget baseline,Chao,VNS,p4.4.l,2,2500,8.395748049999838,8.145748049999838,11285,738.0,880.0,16.136363636363637,153.42029139645734,54,8.139375100003235,0.256372949996603,True,True,2,05_runtime_budget_baselines/raw_runs.csv
Runtime budget baseline,Chao,VNS,p4.4.l,3,2500,8.395748049999838,8.145748049999838,11282,738.0,880.0,16.136363636363637,153.42029139645734,54,8.138256500002171,0.2574915499976669,True,True,2,05_runtime_budget_baselines/raw_runs.csv
Runtime budget baseline,Chao,VNS,p4.4.m,0,2500,9.052383624999491,8.802383624999493,11729,753.0,919.0,18.063112078346027,154.3371813220163,56,8.799571699997614,0.252811925001879,True,True,2,05_runtime_budget_baselines/raw_runs.csv
Runtime budget baseline,Chao,VNS,p4.4.m,1,2500,9.052383624999491,8.802383624999493,11708,753.0,919.0,18.063112078346027,154.3371813220163,56,8.80014840000149,0.2522352249980031,True,True,2,05_runtime_budget_baselines/raw_runs.csv
Runtime budget baseline,Chao,VNS,p4.4.m,2,2500,9.052383624999491,8.802383624999493,11696,753.0,919.0,18.063112078346027,154.67005015436408,56,8.79438509999818,0.2579985250013124,True,True,2,05_runtime_budget_baselines/raw_runs.csv
Runtime budget baseline,Chao,VNS,p4.4.m,3,2500,9.052383624999491,8.802383624999493,11711,753.0,919.0,18.063112078346027,154.3371813220163,56,8.798764999999548,0.2536186249999446,True,True,2,05_runtime_budget_baselines/raw_runs.csv
Runtime budget baseline,Chao,VNS,p4.4.n,0,2500,9.472798925000006,9.222798925000006,11360,825.0,976.0,15.471311475409836,162.5472563550852,60,9.220378099998925,0.2524208250010815,True,True,2,05_runtime_budget_baselines/raw_runs.csv
Runtime budget baseline,Chao,VNS,p4.4.n,1,2500,9.472798925000006,9.222798925000006,11379,825.0,976.0,15.471311475409836,162.5472563550852,60,9.221214900000632,0.2515840249993744,True,True,2,05_runtime_budget_baselines/raw_runs.csv
Runtime budget baseline,Chao,VNS,p4.4.n,2,2500,9.472798925000006,9.222798925000006,11357,825.0,976.0,15.471311475409836,162.88012518743295,60,9.216840299999603,0.2559586250004031,True,True,2,05_runtime_budget_baselines/raw_runs.csv
Runtime budget baseline,Chao,VNS,p4.4.n,3,2500,9.472798925000006,9.222798925000006,11340,825.0,976.0,15.471311475409836,162.5472563550852,60,9.216482899999392,0.2563160250006149,True,True,2,05_runtime_budget_baselines/raw_runs.csv
Runtime budget baseline,Chao,VNS,p4.4.o,0,2500,8.759460175000186,8.509460175000186,8368,867.0,1061.0,18.28463713477851,178.06650056607768,61,8.505088400001114,0.2543717749990719,True,True,2,05_runtime_budget_baselines/raw_runs.csv
Runtime budget baseline,Chao,VNS,p4.4.o,1,2500,8.759460175000186,8.509460175000186,8392,867.0,1061.0,18.28463713477851,178.06650056607768,61,8.501324799999566,0.2581353750006201,True,True,2,05_runtime_budget_baselines/raw_runs.csv
Runtime budget baseline,Chao,VNS,p4.4.o,2,2500,8.759460175000186,8.509460175000186,8390,867.0,1061.0,18.28463713477851,178.05558898979135,61,8.506594999998924,0.2528651750012614,True,True,2,05_runtime_budget_baselines/raw_runs.csv
Runtime budget baseline,Chao,VNS,p4.4.o,3,2500,8.759460175000186,8.509460175000186,10551,843.0,1061.0,20.546654099905748,170.6372214770169,60,8.507630700001755,0.2518294749984306,True,True,2,05_runtime_budget_baselines/raw_runs.csv
Runtime budget baseline,Chao,VNS,p4.4.p,0,2500,9.107960350000212,8.857960350000212,8500,932.0,1124.0,17.081850533807827,183.6380372235572,65,8.853798899999674,0.254161450000538,True,True,2,05_runtime_budget_baselines/raw_runs.csv
Runtime budget baseline,Chao,VNS,p4.4.p,1,2500,9.107960350000212,8.857960350000212,8187,949.0,1124.0,15.569395017793594,184.9645457963364,65,8.855681999997614,0.252278350002598,True,True,2,05_runtime_budget_baselines/raw_runs.csv
Runtime budget baseline,Chao,VNS,p4.4.p,2,2500,9.107960350000212,8.857960350000212,8149,932.0,1124.0,17.081850533807827,181.84511309855296,65,8.85456189999968,0.2533984500005317,True,True,2,05_runtime_budget_baselines/raw_runs.csv
Runtime budget baseline,Chao,VNS,p4.4.p,3,2500,9.107960350000212,8.857960350000212,8249,932.0,1124.0,17.081850533807827,181.84511309855296,65,8.855099199998222,0.2528611500019906,True,True,2,05_runtime_budget_baselines/raw_runs.csv
Runtime budget baseline,Chao,VNS,p4.4.q,0,2500,8.05738297500011,7.80738297500011,6581,955.0,1161.0,17.743324720068905,201.0920475510325,70,7.802551500000845,0.2548314749992642,True,True,2,05_runtime_budget_baselines/raw_runs.csv
Runtime budget baseline,Chao,VNS,p4.4.q,1,2500,8.05738297500011,7.80738297500011,6713,904.0,1161.0,22.13608957795004,179.0657359809082,68,7.805142000001069,0.2522409749990402,True,True,2,05_runtime_budget_baselines/raw_runs.csv
Runtime budget baseline,Chao,VNS,p4.4.q,2,2500,8.05738297500011,7.80738297500011,6619,955.0,1161.0,17.743324720068905,202.18525386033397,70,7.8033798999967985,0.2540030750033111,True,True,2,05_runtime_budget_baselines/raw_runs.csv
Runtime budget baseline,Chao,VNS,p4.4.q,3,2500,8.05738297500011,7.80738297500011,6764,927.0,1161.0,20.155038759689923,182.25937686872328,68,7.803530799999862,0.2538521750002473,True,True,2,05_runtime_budget_baselines/raw_runs.csv
Runtime budget baseline,Chao,VNS,p4.4.r,0,2500,7.936711199999536,7.686711199999536,5448,1111.0,1216.0,8.634868421052632,212.6327399824246,74,7.681062499999825,0.2556486999997105,True,True,2,05_runtime_budget_baselines/raw_runs.csv
Runtime budget baseline,Chao,VNS,p4.4.r,1,2500,7.936711199999536,7.686711199999536,5447,1111.0,1216.0,8.634868421052632,212.6327399824246,74,7.682245299998613,0.2544659000009233,True,True,2,05_runtime_budget_baselines/raw_runs.csv
Runtime budget baseline,Chao,VNS,p4.4.r,2,2500,7.936711199999536,7.686711199999536,5312,1122.0,1216.0,7.730263157894737,214.38598201307764,75,7.681402800000797,0.2553083999987393,True,True,2,05_runtime_budget_baselines/raw_runs.csv
Runtime budget baseline,Chao,VNS,p4.4.r,3,2500,7.936711199999536,7.686711199999536,5361,1167.0,1216.0,4.029605263157895,216.8180589266969,75,7.677532699999574,0.2591784999999618,True,True,2,05_runtime_budget_baselines/raw_runs.csv
Runtime budget baseline,Chao,VNS,p4.4.s,0,2500,7.267381775000558,7.017381775000558,3720,1156.0,1260.0,8.253968253968255,224.57439138537163,81,7.010842499999853,0.2565392750007049,True,True,2,05_runtime_budget_baselines/raw_runs.csv
Runtime budget baseline,Chao,VNS,p4.4.s,1,2500,7.267381775000558,7.017381775000558,4674,1216.0,1260.0,3.492063492063492,225.8822214023624,78,7.014091099998041,0.2532906750025177,True,True,2,05_runtime_budget_baselines/raw_runs.csv
Runtime budget baseline,Chao,VNS,p4.4.s,2,2500,7.267381775000558,7.017381775000558,4566,1168.0,1260.0,7.301587301587301,221.83652009066384,79,7.010504300000321,0.2568774750002376,True,True,2,05_runtime_budget_baselines/raw_runs.csv
Runtime budget baseline,Chao,VNS,p4.4.s,3,2500,7.267381775000558,7.017381775000558,4561,1190.0,1260.0,5.555555555555555,227.4210724011728,79,7.013059900000371,0.254321875000187,True,True,2,05_runtime_budget_baselines/raw_runs.csv
Runtime budget baseline,Chao,VNS,p4.4.t,0,2500,6.894636874999833,6.644636874999833,3260,1247.0,1285.0,2.9571984435797667,229.5917109774129,86,6.636103299999377,0.258533575000456,True,True,2,05_runtime_budget_baselines/raw_runs.csv
Runtime budget baseline,Chao,VNS,p4.4.t,1,2500,6.894636874999833,6.644636874999833,3224,1257.0,1285.0,2.178988326848249,236.06373688179315,87,6.640213300001051,0.254423574998782,True,True,2,05_runtime_budget_baselines/raw_runs.csv
Runtime budget baseline,Chao,VNS,p4.4.t,2,2500,6.894636874999833,6.644636874999833,3271,1257.0,1285.0,2.178988326848249,236.06373688179315,87,6.639035899999726,0.2556009750001067,True,True,2,05_runtime_budget_baselines/raw_runs.csv
Runtime budget baseline,Chao,VNS,p4.4.t,3,2500,6.894636874999833,6.644636874999833,3273,1257.0,1285.0,2.178988326848249,234.5736539171227,87,6.638085800001136,0.256551074998697,True,True,2,05_runtime_budget_baselines/raw_runs.csv
Runtime budget baseline,Chao,VNS,p5.2.h,0,2500,2.5047752749997017,2.2547752749997017,19007,390.0,410.0,4.878048780487805,39.49847350245616,18,2.2529334999999264,0.2518417749997752,True,True,2,05_runtime_budget_baselines/raw_runs.csv
Runtime budget baseline,Chao,VNS,p5.2.h,1,2500,2.5047752749997017,2.2547752749997017,19281,390.0,410.0,4.878048780487805,39.49847350245616,18,2.25289150000026,0.2518837749994418,True,True,2,05_runtime_budget_baselines/raw_runs.csv
Runtime budget baseline,Chao,VNS,p5.2.h,2,2500,2.5047752749997017,2.2547752749997017,19124,390.0,410.0,4.878048780487805,39.49847350245616,18,2.25294379999832,0.2518314750013815,True,True,2,05_runtime_budget_baselines/raw_runs.csv
Runtime budget baseline,Chao,VNS,p5.2.h,3,2500,2.5047752749997017,2.2547752749997017,19331,390.0,410.0,4.878048780487805,39.49847350245616,18,2.252887899998313,0.2518873750013881,True,True,2,05_runtime_budget_baselines/raw_runs.csv
Runtime budget baseline,Chao,VNS,p5.2.j,0,2500,2.6727737749997686,2.4227737749997686,12936,560.0,580.0,3.4482758620689653,49.84161925296378,24,2.420962000000145,0.2518117749996236,True,True,2,05_runtime_budget_baselines/raw_runs.csv
Runtime budget baseline,Chao,VNS,p5.2.j,1,2500,2.6727737749997686,2.4227737749997686,13041,560.0,580.0,3.4482758620689653,49.84161925296378,24,2.420535000001109,0.2522387749986592,True,True,2,05_runtime_budget_baselines/raw_runs.csv
Runtime budget baseline,Chao,VNS,p5.2.j,2,2500,2.6727737749997686,2.4227737749997686,12976,560.0,580.0,3.4482758620689653,49.84161925296378,24,2.4208892000024207,0.2518845749973479,True,True,2,05_runtime_budget_baselines/raw_runs.csv
Runtime budget baseline,Chao,VNS,p5.2.j,3,2500,2.6727737749997686,2.4227737749997686,13048,560.0,580.0,3.4482758620689653,49.84161925296378,24,2.420952699998452,0.2518210750013168,True,True,2,05_runtime_budget_baselines/raw_runs.csv
Runtime budget baseline,Chao,VNS,p5.2.k,0,2500,3.485266225000487,3.235266225000487,17246,620.0,670.0,7.462686567164179,54.64757033209087,24,3.2333560999977635,0.2519101250027233,True,True,2,05_runtime_budget_baselines/raw_runs.csv
Runtime budget baseline,Chao,VNS,p5.2.k,1,2500,3.485266225000487,3.235266225000487,17281,620.0,670.0,7.462686567164179,54.64757033209087,24,3.2334594000021752,0.2518068249983116,True,True,2,05_runtime_budget_baselines/raw_runs.csv
Runtime budget baseline,Chao,VNS,p5.2.k,2,2500,3.485266225000487,3.235266225000487,17104,620.0,670.0,7.462686567164179,54.64757033209087,24,3.233377399999881,0.2518888250006057,True,True,2,05_runtime_budget_baselines/raw_runs.csv
Runtime budget baseline,Chao,VNS,p5.2.k,3,2500,3.485266225000487,3.235266225000487,17074,620.0,670.0,7.462686567164179,54.64757033209087,24,3.2333918000003905,0.2518744250000964,True,True,2,05_runtime_budget_baselines/raw_runs.csv
Runtime budget baseline,Chao,VNS,p5.2.l,0,2500,3.2870740499997737,3.0370740499997737,13421,700.0,800.0,12.5,57.84161925296378,28,3.034994800000277,0.2520792499994968,True,True,2,05_runtime_budget_baselines/raw_runs.csv
Runtime budget baseline,Chao,VNS,p5.2.l,1,2500,3.2870740499997737,3.0370740499997737,13448,700.0,800.0,12.5,57.84161925296378,28,3.03439520000029,0.2526788499994836,True,True,2,05_runtime_budget_baselines/raw_runs.csv
Runtime budget baseline,Chao,VNS,p5.2.l,2,2500,3.2870740499997737,3.0370740499997737,13482,700.0,800.0,12.5,57.84161925296378,28,3.0350729999991017,0.2520010500006719,True,True,2,05_runtime_budget_baselines/raw_runs.csv
Runtime budget baseline,Chao,VNS,p5.2.l,3,2500,3.2870740499997737,3.0370740499997737,13561,700.0,800.0,12.5,57.84161925296378,28,3.035172500000044,0.2519015499997294,True,True,2,05_runtime_budget_baselines/raw_runs.csv
Runtime budget baseline,Chao,VNS,p5.2.m,0,2500,4.330206825000005,4.080206825000005,17091,770.0,860.0,10.465116279069768,63.49847350245616,30,4.078419599998597,0.2517872250014079,True,True,2,05_runtime_budget_baselines/raw_runs.csv
Runtime budget baseline,Chao,VNS,p5.2.m,1,2500,4.330206825000005,4.080206825000005,17006,770.0,860.0,10.465116279069768,63.49847350245616,30,4.078379999999015,0.2518268250009896,True,True,2,05_runtime_budget_baselines/raw_runs.csv
Runtime budget baseline,Chao,VNS,p5.2.m,2,2500,4.330206825000005,4.080206825000005,17071,770.0,860.0,10.465116279069768,63.49847350245616,30,4.078323899997486,0.2518829250025192,True,True,2,05_runtime_budget_baselines/raw_runs.csv
Runtime budget baseline,Chao,VNS,p5.2.m,3,2500,4.330206825000005,4.080206825000005,17132,770.0,860.0,10.465116279069768,63.49847350245616,30,4.078357899998082,0.2518489250019229,True,True,2,05_runtime_budget_baselines/raw_runs.csv
Runtime budget baseline,Chao,VNS,p5.2.n,0,2500,4.147918699999536,3.897918699999536,13211,820.0,925.0,11.35135135135135,65.84161925296378,32,3.896019399999204,0.251899300000332,True,True,2,05_runtime_budget_baselines/raw_runs.csv
Runtime budget baseline,Chao,VNS,p5.2.n,1,2500,4.147918699999536,3.897918699999536,13280,820.0,925.0,11.35135135135135,65.84161925296378,32,3.896095799998875,0.2518229000006613,True,True,2,05_runtime_budget_baselines/raw_runs.csv
Runtime budget baseline,Chao,VNS,p5.2.n,2,2500,4.147918699999536,3.897918699999536,13245,820.0,925.0,11.35135135135135,65.84161925296378,32,3.896040799998445,0.2518779000010909,True,True,2,05_runtime_budget_baselines/raw_runs.csv
Runtime budget baseline,Chao,VNS,p5.2.n,3,2500,4.147918699999536,3.897918699999536,13272,820.0,925.0,11.35135135135135,65.84161925296378,32,3.895967800002836,0.2519508999967002,True,True,2,05_runtime_budget_baselines/raw_runs.csv
Runtime budget baseline,Chao,VNS,p5.2.o,0,2500,4.055512049999834,3.805512049999834,11765,940.0,1020.0,7.8431372549019605,73.84161925296378,36,3.803753499996674,0.25175855000316,True,True,2,05_runtime_budget_baselines/raw_runs.csv
Runtime budget baseline,Chao,VNS,p5.2.o,1,2500,4.055512049999834,3.805512049999834,11735,940.0,1020.0,7.8431372549019605,73.84161925296378,36,3.803604599997925,0.2519074500019087,True,True,2,05_runtime_budget_baselines/raw_runs.csv
Runtime budget baseline,Chao,VNS,p5.2.o,2,2500,4.055512049999834,3.805512049999834,11738,940.0,1020.0,7.8431372549019605,73.84161925296378,36,3.803580199997669,0.2519318500021654,True,True,2,05_runtime_budget_baselines/raw_runs.csv
Runtime budget baseline,Chao,VNS,p5.2.o,3,2500,4.055512049999834,3.805512049999834,11708,940.0,1020.0,7.8431372549019605,73.84161925296378,36,3.803804800001672,0.2517072499981623,True,True,2,05_runtime_budget_baselines/raw_runs.csv
Runtime budget baseline,Chao,VNS,p5.2.p,0,2500,4.571272224999575,4.321272224999575,12671,1020.0,1150.0,11.304347826086957,79.49847350245616,38,4.319249100000889,0.2520231249986864,True,True,2,05_runtime_budget_baselines/raw_runs.csv
Runtime budget baseline,Chao,VNS,p5.2.p,1,2500,4.571272224999575,4.321272224999575,12638,1020.0,1150.0,11.304347826086957,79.49847350245616,38,4.31942970000091,0.2518425249986649,True,True,2,05_runtime_budget_baselines/raw_runs.csv
Runtime budget baseline,Chao,VNS,p5.2.p,2,2500,4.571272224999575,4.321272224999575,12743,1020.0,1150.0,11.304347826086957,79.49847350245616,38,4.319727099999,0.2515451250005753,True,True,2,05_runtime_budget_baselines/raw_runs.csv
Runtime budget baseline,Chao,VNS,p5.2.p,3,2500,4.571272224999575,4.321272224999575,12722,1020.0,1150.0,11.304347826086957,79.49847350245616,38,4.319492800001171,0.2517794249984035,True,True,2,05_runtime_budget_baselines/raw_runs.csv
Runtime budget baseline,Chao,VNS,p5.2.q,0,2500,4.418994250000196,4.168994250000196,11451,1070.0,1195.0,10.460251046025105,81.84161925296378,40,4.167151099998591,0.2518431500016049,True,True,2,05_runtime_budget_baselines/raw_runs.csv
Runtime budget baseline,Chao,VNS,p5.2.q,1,2500,4.418994250000196,4.168994250000196,11497,1070.0,1195.0,10.460251046025105,81.84161925296378,40,4.167214400000376,0.2517798499998207,True,True,2,05_runtime_budget_baselines/raw_runs.csv
Runtime budget baseline,Chao,VNS,p5.2.q,2,2500,4.418994250000196,4.168994250000196,11455,1070.0,1195.0,10.460251046025105,81.84161925296378,40,4.166823399998975,0.2521708500012209,True,True,2,05_runtime_budget_baselines/raw_runs.csv
Runtime budget baseline,Chao,VNS,p5.2.q,3,2500,4.418994250000196,4.168994250000196,11471,1070.0,1195.0,10.460251046025105,81.84161925296378,40,4.1628652999970654,0.2561289500031307,True,True,2,05_runtime_budget_baselines/raw_runs.csv
Runtime budget baseline,Chao,VNS,p5.2.r,0,2500,4.87192237499994,4.62192237499994,8884,1190.0,1260.0,5.555555555555555,89.84161925296378,44,4.620110699997895,0.2518116750020454,True,True,2,05_runtime_budget_baselines/raw_runs.csv
Runtime budget baseline,Chao,VNS,p5.2.r,1,2500,4.87192237499994,4.62192237499994,8838,1190.0,1260.0,5.555555555555555,89.84161925296378,44,4.619250400002784,0.2526719749971562,True,True,2,05_runtime_budget_baselines/raw_runs.csv
Runtime budget baseline,Chao,VNS,p5.2.r,2,2500,4.87192237499994,4.62192237499994,8869,1190.0,1260.0,5.555555555555555,89.84161925296378,44,4.6202062999982445,0.2517160750016955,True,True,2,05_runtime_budget_baselines/raw_runs.csv
Runtime budget baseline,Chao,VNS,p5.2.r,3,2500,4.87192237499994,4.62192237499994,8861,1190.0,1260.0,5.555555555555555,89.84161925296378,44,4.6200580000004265,0.2518643749995135,True,True,2,05_runtime_budget_baselines/raw_runs.csv
Runtime budget baseline,Chao,VNS,p5.2.s,0,2500,4.718533475000186,4.468533475000186,8521,1250.0,1340.0,6.7164179104477615,94.64757033209088,44,4.467304199999489,0.2512292750006963,True,True,2,05_runtime_budget_baselines/raw_runs.csv
Runtime budget baseline,Chao,VNS,p5.2.s,1,2500,4.718533475000186,4.468533475000186,8510,1250.0,1340.0,6.7164179104477615,94.64757033209088,44,4.4669458999997005,0.2515875750004852,True,True,2,05_runtime_budget_baselines/raw_runs.csv
Runtime budget baseline,Chao,VNS,p5.2.s,2,2500,4.718533475000186,4.468533475000186,8509,1250.0,1340.0,6.7164179104477615,94.64757033209088,44,4.466275999999198,0.252257475000988,True,True,2,05_runtime_budget_baselines/raw_runs.csv
Runtime budget baseline,Chao,VNS,p5.2.s,3,2500,4.718533475000186,4.468533475000186,8479,1250.0,1340.0,6.7164179104477615,94.64757033209088,44,4.465498300000036,0.25303517500015,True,True,2,05_runtime_budget_baselines/raw_runs.csv
Runtime budget baseline,Chao,VNS,p5.2.t,0,2500,4.595996725000077,4.345996725000077,7580,1310.0,1400.0,6.428571428571429,97.84161925296378,48,4.344412899998133,0.2515838250019442,True,True,2,05_runtime_budget_baselines/raw_runs.csv
Runtime budget baseline,Chao,VNS,p5.2.t,1,2500,4.595996725000077,4.345996725000077,7607,1310.0,1400.0,6.428571428571429,97.84161925296378,48,4.344713900001807,0.2512828249982703,True,True,2,05_runtime_budget_baselines/raw_runs.csv
Runtime budget baseline,Chao,VNS,p5.2.t,2,2500,4.595996725000077,4.345996725000077,7608,1310.0,1400.0,6.428571428571429,97.84161925296378,48,4.344501200001105,0.2514955249989725,True,True,2,05_runtime_budget_baselines/raw_runs.csv
Runtime budget baseline,Chao,VNS,p5.2.t,3,2500,4.595996725000077,4.345996725000077,7592,1310.0,1400.0,6.428571428571429,97.84161925296378,48,4.344815100001142,0.2511816249989351,True,True,2,05_runtime_budget_baselines/raw_runs.csv
Runtime budget baseline,Chao,VNS,p5.2.u,0,2500,4.712462625000171,4.462462625000171,7443,1430.0,1460.0,2.0547945205479454,104.9907160825985,50,4.459225099999458,0.2532375250007135,True,True,2,05_runtime_budget_baselines/raw_runs.csv
Runtime budget baseline,Chao,VNS,p5.2.u,1,2500,4.712462625000171,4.462462625000171,7397,1430.0,1460.0,2.0547945205479454,104.9907160825985,50,4.458355400001892,0.254107224998279,True,True,2,05_runtime_budget_baselines/raw_runs.csv
Runtime budget baseline,Chao,VNS,p5.2.u,2,2500,4.712462625000171,4.462462625000171,7455,1430.0,1460.0,2.0547945205479454,104.9907160825985,50,4.460845499997959,0.2516171250022125,True,True,2,05_runtime_budget_baselines/raw_runs.csv
Runtime budget baseline,Chao,VNS,p5.2.u,3,2500,4.712462625000171,4.462462625000171,7440,1430.0,1460.0,2.0547945205479454,104.9907160825985,50,4.460863100001006,0.2515995249991647,True,True,2,05_runtime_budget_baselines/raw_runs.csv
Runtime budget baseline,Chao,VNS,p5.2.v,0,2500,4.337932524999815,4.087932524999815,5799,1445.0,1505.0,3.9867109634551494,105.84161925296378,51,4.085705500001495,0.2522270249983194,True,True,2,05_runtime_budget_baselines/raw_runs.csv
Runtime budget baseline,Chao,VNS,p5.2.v,1,2500,4.337932524999815,4.087932524999815,5684,1470.0,1505.0,2.3255813953488373,108.37903977681012,52,4.085783300000912,0.2521492249989023,True,True,2,05_runtime_budget_baselines/raw_runs.csv
Runtime budget baseline,Chao,VNS,p5.2.v,2,2500,4.337932524999815,4.087932524999815,5739,1460.0,1505.0,2.990033222591362,107.49847350245616,52,4.086050500001875,0.2518820249979399,True,True,2,05_runtime_budget_baselines/raw_runs.csv
Runtime budget baseline,Chao,VNS,p5.2.v,3,2500,4.337932524999815,4.087932524999815,5811,1445.0,1505.0,3.9867109634551494,105.84161925296378,51,4.086365999999543,0.2515665250002712,True,True,2,05_runtime_budget_baselines/raw_runs.csv
Runtime budget baseline,Chao,VNS,p5.2.w,0,2500,4.114311649999763,3.864311649999763,4822,1560.0,1565.0,0.3194888178913738,113.84161925296378,56,3.862287899999501,0.2520237500002622,True,True,2,05_runtime_budget_baselines/raw_runs.csv
Runtime budget baseline,Chao,VNS,p5.2.w,1,2500,4.114311649999763,3.864311649999763,4780,1560.0,1565.0,0.3194888178913738,113.84161925296378,56,3.862160600001516,0.2521510499982469,True,True,2,05_runtime_budget_baselines/raw_runs.csv
Runtime budget baseline,Chao,VNS,p5.2.w,2,2500,4.114311649999763,3.864311649999763,4792,1560.0,1565.0,0.3194888178913738,113.84161925296378,56,3.861914400000387,0.252397249999376,True,True,2,05_runtime_budget_baselines/raw_runs.csv
Runtime budget baseline,Chao,VNS,p5.2.w,3,2500,4.114311649999763,3.864311649999763,4768,1560.0,1565.0,0.3194888178913738,113.84161925296378,56,3.8618249999999534,0.2524866499998097,True,True,2,05_runtime_budget_baselines/raw_runs.csv
Runtime budget baseline,Chao,VNS,p5.2.x,0,2500,3.4747546999992664,3.2247546999992664,3846,1590.0,1610.0,1.2422360248447204,119.49847350245616,58,3.222249800001009,0.2525048999982573,True,True,2,05_runtime_budget_baselines/raw_runs.csv
Runtime budget baseline,Chao,VNS,p5.2.x,1,2500,3.4747546999992664,3.2247546999992664,3830,1590.0,1610.0,1.2422360248447204,119.49847350245616,58,3.223002599999745,0.2517520999995213,True,True,2,05_runtime_budget_baselines/raw_runs.csv
Runtime budget baseline,Chao,VNS,p5.2.x,2,2500,3.4747546999992664,3.2247546999992664,3827,1590.0,1610.0,1.2422360248447204,119.49847350245616,58,3.2207594999999856,0.2539951999992809,True,True,2,05_runtime_budget_baselines/raw_runs.csv
Runtime budget baseline,Chao,VNS,p5.2.x,3,2500,3.4747546999992664,3.2247546999992664,3852,1590.0,1610.0,1.2422360248447204,119.49847350245616,58,3.221727899999678,0.2530267999995885,True,True,2,05_runtime_budget_baselines/raw_runs.csv
Runtime budget baseline,Chao,VNS,p5.2.y,0,2500,3.2344877250002355,2.9844877250002355,3909,1620.0,1645.0,1.5197568389057752,123.70353861930931,60,2.983383500002674,0.2511042249975617,True,True,2,05_runtime_budget_baselines/raw_runs.csv
Runtime budget baseline,Chao,VNS,p5.2.y,1,2500,3.2344877250002355,2.9844877250002355,3806,1645.0,1645.0,0.0,124.70820393249936,61,2.9829538999983924,0.251533825001843,True,True,2,05_runtime_budget_baselines/raw_runs.csv
Runtime budget baseline,Chao,VNS,p5.2.y,2,2500,3.2344877250002355,2.9844877250002355,3897,1620.0,1645.0,1.5197568389057752,123.70353861930931,60,2.981948499997088,0.2525392250031473,True,True,2,05_runtime_budget_baselines/raw_runs.csv
Runtime budget baseline,Chao,VNS,p5.2.y,3,2500,3.2344877250002355,2.9844877250002355,3929,1620.0,1645.0,1.5197568389057752,123.70353861930931,60,2.9819902000017464,0.2524975249984891,True,True,2,05_runtime_budget_baselines/raw_runs.csv
Runtime budget baseline,Chao,VNS,p5.2.z,0,2500,2.5367986249998467,2.2867986249998467,2980,1660.0,1680.0,1.1904761904761905,128.3882802682914,62,2.28470020000168,0.2520984249981666,True,True,2,05_runtime_budget_baselines/raw_runs.csv
Runtime budget baseline,Chao,VNS,p5.2.z,1,2500,2.5367986249998467,2.2867986249998467,2964,1660.0,1680.0,1.1904761904761905,128.3882802682914,62,2.284691600001679,0.2521070249981676,True,True,2,05_runtime_budget_baselines/raw_runs.csv
Runtime budget baseline,Chao,VNS,p5.2.z,2,2500,2.5367986249998467,2.2867986249998467,2968,1660.0,1680.0,1.1904761904761905,128.3882802682914,62,2.284913700001198,0.2518849249986488,True,True,2,05_runtime_budget_baselines/raw_runs.csv
Runtime budget baseline,Chao,VNS,p5.2.z,3,2500,2.5367986249998467,2.2867986249998467,2955,1660.0,1680.0,1.1904761904761905,128.3882802682914,62,2.2850217999985034,0.2517768250013432,True,True,2,05_runtime_budget_baselines/raw_runs.csv
Runtime budget baseline,Chao,VNS,p5.3.k,0,2500,2.763983450000069,2.513983450000069,13479,470.0,495.0,5.05050505050505,49.22678406009828,22,2.5120341000001645,0.2519493499999043,True,True,2,05_runtime_budget_baselines/raw_runs.csv
Runtime budget baseline,Chao,VNS,p5.3.k,1,2500,2.763983450000069,2.513983450000069,13593,470.0,495.0,5.05050505050505,49.22678406009828,22,2.511536300000444,0.2524471499996252,True,True,2,05_runtime_budget_baselines/raw_runs.csv
Runtime budget baseline,Chao,VNS,p5.3.k,2,2500,2.763983450000069,2.513983450000069,13816,470.0,495.0,5.05050505050505,49.22678406009828,22,2.51203170000008,0.2519517499999892,True,True,2,05_runtime_budget_baselines/raw_runs.csv
Runtime budget baseline,Chao,VNS,p5.3.k,3,2500,2.763983450000069,2.513983450000069,13747,470.0,495.0,5.05050505050505,49.22678406009828,22,2.5122340000016266,0.2517494499984423,True,True,2,05_runtime_budget_baselines/raw_runs.csv
Runtime budget baseline,Chao,VNS,p5.3.l,0,2500,2.844513474999985,2.594513474999985,13146,575.0,595.0,3.361344537815126,57.71206543433685,25,2.5927728000024217,0.2517406749975635,True,True,2,05_runtime_budget_baselines/raw_runs.csv
Runtime budget baseline,Chao,VNS,p5.3.l,1,2500,2.844513474999985,2.594513474999985,12996,575.0,595.0,3.361344537815126,57.71206543433685,25,2.5926665000006324,0.2518469749993528,True,True,2,05_runtime_budget_baselines/raw_runs.csv
Runtime budget baseline,Chao,VNS,p5.3.l,2,2500,2.844513474999985,2.594513474999985,13085,575.0,595.0,3.361344537815126,57.71206543433685,25,2.592560800003412,0.2519526749965735,True,True,2,05_runtime_budget_baselines/raw_runs.csv
Runtime budget baseline,Chao,VNS,p5.3.l,3,2500,2.844513474999985,2.594513474999985,13037,575.0,595.0,3.361344537815126,57.71206543433685,25,2.5925693999997748,0.2519440750002104,True,True,2,05_runtime_budget_baselines/raw_runs.csv
Runtime budget baseline,Chao,VNS,p5.3.n,0,2500,3.4665860499999326,3.2165860499999326,14343,685.0,755.0,9.271523178807946,64.05521118484448,29,3.214536899999075,0.2520491500008575,True,True,2,05_runtime_budget_baselines/raw_runs.csv
Runtime budget baseline,Chao,VNS,p5.3.n,1,2500,3.4665860499999326,3.2165860499999326,14357,685.0,755.0,9.271523178807946,64.05521118484448,29,3.210104300000239,0.2564817499996934,True,True,2,05_runtime_budget_baselines/raw_runs.csv
Runtime budget baseline,Chao,VNS,p5.3.n,2,2500,3.4665860499999326,3.2165860499999326,14408,685.0,755.0,9.271523178807946,64.05521118484448,29,3.2146936999997706,0.2518923500001619,True,True,2,05_runtime_budget_baselines/raw_runs.csv
Runtime budget baseline,Chao,VNS,p5.3.n,3,2500,3.4665860499999326,3.2165860499999326,14357,685.0,755.0,9.271523178807946,64.05521118484448,29,3.214771800001472,0.2518142499984606,True,True,2,05_runtime_budget_baselines/raw_runs.csv
Runtime budget baseline,Chao,VNS,p5.3.o,0,2500,3.565351675000329,3.315351675000329,11274,805.0,870.0,7.471264367816092,72.05521118484448,33,3.30886499999906,0.2564866750012697,True,True,2,05_runtime_budget_baselines/raw_runs.csv
Runtime budget baseline,Chao,VNS,p5.3.o,1,2500,3.565351675000329,3.315351675000329,11279,805.0,870.0,7.471264367816092,72.05521118484448,33,3.3091862999972363,0.2561653750030928,True,True,2,05_runtime_budget_baselines/raw_runs.csv
Runtime budget baseline,Chao,VNS,p5.3.o,2,2500,3.565351675000329,3.315351675000329,11361,805.0,870.0,7.471264367816092,72.05521118484448,33,3.313519699997414,0.251831975002915,True,True,2,05_runtime_budget_baselines/raw_runs.csv
Runtime budget baseline,Chao,VNS,p5.3.o,3,2500,3.565351675000329,3.315351675000329,11347,805.0,870.0,7.471264367816092,72.05521118484448,33,3.3135390000024927,0.2518126749978364,True,True,2,05_runtime_budget_baselines/raw_runs.csv
Runtime budget baseline,Chao,VNS,p5.3.q,0,2500,4.059889250000197,3.8098892500001966,11767,935.0,1070.0,12.616822429906541,81.71206543433685,37,3.803857999999309,0.2560312500008876,True,True,2,05_runtime_budget_baselines/raw_runs.csv
Runtime budget baseline,Chao,VNS,p5.3.q,1,2500,4.059889250000197,3.8098892500001966,11881,935.0,1070.0,12.616822429906541,81.71206543433685,37,3.807553900001949,0.2523353499982477,True,True,2,05_runtime_budget_baselines/raw_runs.csv
Runtime budget baseline,Chao,VNS,p5.3.q,2,2500,4.059889250000197,3.8098892500001966,11833,935.0,1070.0,12.616822429906541,81.71206543433685,37,3.808398000001034,0.2514912499991624,True,True,2,05_runtime_budget_baselines/raw_runs.csv
Runtime budget baseline,Chao,VNS,p5.3.q,3,2500,4.059889250000197,3.8098892500001966,11872,935.0,1070.0,12.616822429906541,81.71206543433685,37,3.8080050999997184,0.2518841500004782,True,True,2,05_runtime_budget_baselines/raw_runs.csv
Runtime budget baseline,Chao,VNS,p5.3.r,0,2500,3.944829324999773,3.694829324999773,10473,1000.0,1125.0,11.11111111111111,86.88363830959067,40,3.693072800000664,0.2517565249991094,True,True,2,05_runtime_budget_baselines/raw_runs.csv
Runtime budget baseline,Chao,VNS,p5.3.r,1,2500,3.944829324999773,3.694829324999773,10471,1000.0,1125.0,11.11111111111111,86.88363830959067,40,3.692997400001332,0.2518319249984415,True,True,2,05_runtime_budget_baselines/raw_runs.csv
Runtime budget baseline,Chao,VNS,p5.3.r,2,2500,3.944829324999773,3.694829324999773,10416,1000.0,1125.0,11.11111111111111,86.88363830959067,40,3.692992500000401,0.2518368249993727,True,True,2,05_runtime_budget_baselines/raw_runs.csv
Runtime budget baseline,Chao,VNS,p5.3.r,3,2500,3.944829324999773,3.694829324999773,10454,1000.0,1125.0,11.11111111111111,86.88363830959067,40,3.693029699999897,0.2517996249998759,True,True,2,05_runtime_budget_baselines/raw_runs.csv
Runtime budget baseline,Chao,VNS,p5.3.s,0,2500,4.45866100000012,4.20866100000012,8802,1035.0,1190.0,13.025210084033613,89.71206543433685,41,4.206841800001712,0.2518191999984083,True,True,2,05_runtime_budget_baselines/raw_runs.csv
Runtime budget baseline,Chao,VNS,p5.3.s,1,2500,4.45866100000012,4.20866100000012,8808,1035.0,1190.0,13.025210084033613,89.71206543433685,41,4.2073118000007526,0.2513491999993675,True,True,2,05_runtime_budget_baselines/raw_runs.csv
Runtime budget baseline,Chao,VNS,p5.3.s,2,2500,4.45866100000012,4.20866100000012,8785,1035.0,1190.0,13.025210084033613,89.71206543433685,41,4.202424899998732,0.2562361000013879,True,True,2,05_runtime_budget_baselines/raw_runs.csv
Runtime budget baseline,Chao,VNS,p5.3.s,3,2500,4.45866100000012,4.20866100000012,8772,1035.0,1190.0,13.025210084033613,89.71206543433685,41,4.20242060000237,0.2562403999977505,True,True,2,05_runtime_budget_baselines/raw_runs.csv
Runtime budget baseline,Chao,VNS,p5.3.t,0,2500,4.4674831249994895,4.2174831249994895,8560,1075.0,1260.0,14.682539682539682,96.37976650518124,43,4.212837499999296,0.2546456250001938,True,True,2,05_runtime_budget_baselines/raw_runs.csv
Runtime budget baseline,Chao,VNS,p5.3.t,1,2500,4.4674831249994895,4.2174831249994895,8584,1075.0,1260.0,14.682539682539682,96.37976650518124,43,4.211581499999738,0.2559016249997512,True,True,2,05_runtime_budget_baselines/raw_runs.csv
Runtime budget baseline,Chao,VNS,p5.3.t,2,2500,4.4674831249994895,4.2174831249994895,8580,1075.0,1260.0,14.682539682539682,96.37976650518124,43,4.215789200003201,0.2516939249962888,True,True,2,05_runtime_budget_baselines/raw_runs.csv
Runtime budget baseline,Chao,VNS,p5.3.t,3,2500,4.4674831249994895,4.2174831249994895,8556,1075.0,1260.0,14.682539682539682,96.37976650518124,43,4.215595600002416,0.2518875249970733,True,True,2,05_runtime_budget_baselines/raw_runs.csv
Runtime budget baseline,Chao,VNS,p5.3.u,0,2500,4.153086850000818,3.903086850000818,7671,1090.0,1345.0,18.95910780669145,98.76341511734384,44,3.9007526000023054,0.2523342499985119,True,True,2,05_runtime_budget_baselines/raw_runs.csv
Runtime budget baseline,Chao,VNS,p5.3.u,1,2500,4.153086850000818,3.903086850000818,7683,1090.0,1345.0,18.95910780669145,98.76341511734384,44,3.9009363999975903,0.2521504500032279,True,True,2,05_runtime_budget_baselines/raw_runs.csv
Runtime budget baseline,Chao,VNS,p5.3.u,2,2500,4.153086850000818,3.903086850000818,7671,1090.0,1345.0,18.95910780669145,98.76341511734384,44,3.9012134000004153,0.2518734500004029,True,True,2,05_runtime_budget_baselines/raw_runs.csv
Runtime budget baseline,Chao,VNS,p5.3.u,3,2500,4.153086850000818,3.903086850000818,7658,1090.0,1345.0,18.95910780669145,98.76341511734384,44,3.9014845000019696,0.2516023499988478,True,True,2,05_runtime_budget_baselines/raw_runs.csv
Runtime budget baseline,Chao,VNS,p5.3.v,0,2500,3.92622317499945,3.67622317499945,6915,1150.0,1425.0,19.29824561403509,102.54049255908303,46,3.6744700000017474,0.2517531749977024,True,True,2,05_runtime_budget_baselines/raw_runs.csv
Runtime budget baseline,Chao,VNS,p5.3.v,1,2500,3.92622317499945,3.67622317499945,6943,1150.0,1425.0,19.29824561403509,102.54049255908303,46,3.6745424999971874,0.2516806750022624,True,True,2,05_runtime_budget_baselines/raw_runs.csv
Runtime budget baseline,Chao,VNS,p5.3.v,2,2500,3.92622317499945,3.67622317499945,6827,1150.0,1425.0,19.29824561403509,102.54049255908303,46,3.6722592000005534,0.2539639749988964,True,True,2,05_runtime_budget_baselines/raw_runs.csv
Runtime budget baseline,Chao,VNS,p5.3.v,3,2500,3.92622317499945,3.67622317499945,6863,1150.0,1425.0,19.29824561403509,102.54049255908303,46,3.673276700003044,0.2529464749964063,True,True,2,05_runtime_budget_baselines/raw_runs.csv
Runtime budget baseline,Chao,VNS,p5.3.w,0,2500,3.7727935000002617,3.5227935000002617,6385,1210.0,1485.0,18.51851851851852,105.36891968382923,48,3.5211405999980343,0.2516529000022274,True,True,2,05_runtime_budget_baselines/raw_runs.csv
Runtime budget baseline,Chao,VNS,p5.3.w,1,2500,3.7727935000002617,3.5227935000002617,6368,1210.0,1485.0,18.51851851851852,105.36891968382923,48,3.521178200000577,0.2516152999996848,True,True,2,05_runtime_budget_baselines/raw_runs.csv
Runtime budget baseline,Chao,VNS,p5.3.w,2,2500,3.7727935000002617,3.5227935000002617,6335,1210.0,1485.0,18.51851851851852,105.36891968382923,48,3.517850599997473,0.2549429000027885,True,True,2,05_runtime_budget_baselines/raw_runs.csv
Runtime budget baseline,Chao,VNS,p5.3.w,3,2500,3.7727935000002617,3.5227935000002617,6337,1210.0,1485.0,18.51851851851852,105.36891968382923,48,3.5200665000011213,0.2527269999991404,True,True,2,05_runtime_budget_baselines/raw_runs.csv
Runtime budget baseline,Chao,VNS,p5.3.x,0,2500,3.480222550000235,3.230222550000235,4936,1350.0,1555.0,13.183279742765274,118.49868004261252,52,3.226465499999904,0.2537570500003312,True,True,2,05_runtime_budget_baselines/raw_runs.csv
Runtime budget baseline,Chao,VNS,p5.3.x,1,2500,3.480222550000235,3.230222550000235,4948,1350.0,1555.0,13.183279742765274,117.84670874990306,52,3.228301699997246,0.251920850002989,True,True,2,05_runtime_budget_baselines/raw_runs.csv
Runtime budget baseline,Chao,VNS,p5.3.x,2,2500,3.480222550000235,3.230222550000235,4993,1350.0,1555.0,13.183279742765274,117.84670874990306,52,3.228262900000118,0.2519596500001171,True,True,2,05_runtime_budget_baselines/raw_runs.csv
Runtime budget baseline,Chao,VNS,p5.3.x,3,2500,3.480222550000235,3.230222550000235,4974,1350.0,1555.0,13.183279742765274,117.84670874990306,52,3.2280495000013616,0.2521730499988734,True,True,2,05_runtime_budget_baselines/raw_runs.csv
Runtime budget baseline,Chao,VNS,p5.3.y,0,2500,3.2831944999998086,3.0331944999998086,3895,1510.0,1595.0,5.329153605015674,122.85886637125785,56,3.028493099998741,0.2547014000010676,True,True,2,05_runtime_budget_baselines/raw_runs.csv
Runtime budget baseline,Chao,VNS,p5.3.y,1,2500,3.2831944999998086,3.0331944999998086,3815,1545.0,1595.0,3.134796238244514,120.05521118484448,57,3.0303576000005705,0.2528368999992381,True,True,2,05_runtime_budget_baselines/raw_runs.csv
Runtime budget baseline,Chao,VNS,p5.3.y,2,2500,3.2831944999998086,3.0331944999998086,3878,1545.0,1595.0,3.134796238244514,120.05521118484448,57,3.031107099999645,0.252087400000164,True,True,2,05_runtime_budget_baselines/raw_runs.csv
Runtime budget baseline,Chao,VNS,p5.3.y,3,2500,3.2831944999998086,3.0331944999998086,3964,1575.0,1595.0,1.2539184952978057,123.21208878882616,57,3.03054770000017,0.2526467999996384,True,True,2,05_runtime_budget_baselines/raw_runs.csv
Runtime budget baseline,Chao,VNS,p5.3.z,0,2500,2.795735500000319,2.545735500000319,3213,1560.0,1635.0,4.587155963302752,122.71673074752692,58,2.54301950000081,0.2527159999995092,True,True,2,05_runtime_budget_baselines/raw_runs.csv
Runtime budget baseline,Chao,VNS,p5.3.z,1,2500,2.795735500000319,2.545735500000319,3291,1605.0,1635.0,1.834862385321101,126.3735849970193,59,2.543986100001348,0.251749399998971,True,True,2,05_runtime_budget_baselines/raw_runs.csv
Runtime budget baseline,Chao,VNS,p5.3.z,2,2500,2.795735500000319,2.545735500000319,3432,1605.0,1635.0,1.834862385321101,126.3735849970193,59,2.5432008000025235,0.2525346999977955,True,True,2,05_runtime_budget_baselines/raw_runs.csv
Runtime budget baseline,Chao,VNS,p5.3.z,3,2500,2.795735500000319,2.545735500000319,3319,1580.0,1635.0,3.363914373088685,125.94252856972702,58,2.5419989000001806,0.2537366000001384,True,True,2,05_runtime_budget_baselines/raw_runs.csv
Runtime budget baseline,Chao,VNS,p5.4.m,0,2500,2.9150769500001843,2.6650769500001843,12341,550.0,555.0,0.9009009009009009,62.96640083988888,26,2.6633228000027884,0.2517541499973958,True,True,2,05_runtime_budget_baselines/raw_runs.csv
Runtime budget baseline,Chao,VNS,p5.4.m,1,2500,2.9150769500001843,2.6650769500001843,12278,550.0,555.0,0.9009009009009009,63.22913173197979,26,2.66340819999823,0.2516687500019543,True,True,2,05_runtime_budget_baselines/raw_runs.csv
Runtime budget baseline,Chao,VNS,p5.4.m,2,2500,2.9150769500001843,2.6650769500001843,12371,550.0,555.0,0.9009009009009009,63.22913173197979,26,2.6631759999982023,0.251900950001982,True,True,2,05_runtime_budget_baselines/raw_runs.csv
Runtime budget baseline,Chao,VNS,p5.4.m,3,2500,2.9150769500001843,2.6650769500001843,12397,550.0,555.0,0.9009009009009009,63.22913173197979,26,2.6631974000010814,0.2518795499991029,True,True,2,05_runtime_budget_baselines/raw_runs.csv
Runtime budget baseline,Chao,VNS,p5.4.o,0,2500,3.3340727249997144,3.0840727249997144,13520,620.0,690.0,10.144927536231885,65.1374106514146,28,3.082258499998716,0.2518142250009987,True,True,2,05_runtime_budget_baselines/raw_runs.csv
Runtime budget baseline,Chao,VNS,p5.4.o,1,2500,3.3340727249997144,3.0840727249997144,13461,620.0,690.0,10.144927536231885,65.1374106514146,28,3.08214020000014,0.2519325249995745,True,True,2,05_runtime_budget_baselines/raw_runs.csv
Runtime budget baseline,Chao,VNS,p5.4.o,2,2500,3.3340727249997144,3.0840727249997144,13536,620.0,690.0,10.144927536231885,65.1374106514146,28,3.082167100001243,0.2519056249984714,True,True,2,05_runtime_budget_baselines/raw_runs.csv
Runtime budget baseline,Chao,VNS,p5.4.o,3,2500,3.3340727249997144,3.0840727249997144,13510,620.0,690.0,10.144927536231885,65.1374106514146,28,3.082301800001005,0.2517709249987092,True,True,2,05_runtime_budget_baselines/raw_runs.csv
Runtime budget baseline,Chao,VNS,p5.4.p,0,2500,3.456452624999656,3.206452624999656,10769,760.0,765.0,0.6535947712418301,76.45111915039936,32,3.2046242999967944,0.2518283250028617,True,True,2,05_runtime_budget_baselines/raw_runs.csv
Runtime budget baseline,Chao,VNS,p5.4.p,1,2500,3.456452624999656,3.206452624999656,10779,760.0,765.0,0.6535947712418301,76.45111915039936,32,3.2045379000010143,0.2519147249986417,True,True,2,05_runtime_budget_baselines/raw_runs.csv
Runtime budget baseline,Chao,VNS,p5.4.p,2,2500,3.456452624999656,3.206452624999656,10815,760.0,765.0,0.6535947712418301,76.45111915039936,32,3.2046085000001767,0.2518441249994794,True,True,2,05_runtime_budget_baselines/raw_runs.csv
Runtime budget baseline,Chao,VNS,p5.4.p,3,2500,3.456452624999656,3.206452624999656,10832,760.0,765.0,0.6535947712418301,76.45111915039936,32,3.204727600001206,0.2517250249984499,True,True,2,05_runtime_budget_baselines/raw_runs.csv
Runtime budget baseline,Chao,VNS,p5.4.q,0,2500,3.827465775000292,3.577465775000292,11044,860.0,860.0,0.0,81.1374106514146,36,3.5742319999990286,0.253233775001263,True,True,2,05_runtime_budget_baselines/raw_runs.csv
Runtime budget baseline,Chao,VNS,p5.4.q,1,2500,3.827465775000292,3.577465775000292,10994,860.0,860.0,0.0,81.1374106514146,36,3.574378200002684,0.2530875749976076,True,True,2,05_runtime_budget_baselines/raw_runs.csv
Runtime budget baseline,Chao,VNS,p5.4.q,2,2500,3.827465775000292,3.577465775000292,11007,860.0,860.0,0.0,81.1374106514146,36,3.575561599998764,0.2519041750015276,True,True,2,05_runtime_budget_baselines/raw_runs.csv
Runtime budget baseline,Chao,VNS,p5.4.q,3,2500,3.827465775000292,3.577465775000292,11014,860.0,860.0,0.0,81.1374106514146,36,3.575697099997342,0.2517686750029497,True,True,2,05_runtime_budget_baselines/raw_runs.csv
Runtime budget baseline,Chao,VNS,p5.4.r,0,2500,3.974126500000239,3.724126500000239,11365,860.0,960.0,10.416666666666666,81.1374106514146,36,3.722541600000113,0.2515849000001253,True,True,2,05_runtime_budget_baselines/raw_runs.csv
Runtime budget baseline,Chao,VNS,p5.4.r,1,2500,3.974126500000239,3.724126500000239,11379,860.0,960.0,10.416666666666666,81.1374106514146,36,3.72271550000005,0.2514110000001892,True,True,2,05_runtime_budget_baselines/raw_runs.csv
Runtime budget baseline,Chao,VNS,p5.4.r,2,2500,3.974126500000239,3.724126500000239,11353,860.0,960.0,10.416666666666666,81.1374106514146,36,3.722240300001431,0.2518861999988075,True,True,2,05_runtime_budget_baselines/raw_runs.csv
Runtime budget baseline,Chao,VNS,p5.4.r,3,2500,3.974126500000239,3.724126500000239,11366,860.0,960.0,10.416666666666666,81.1374106514146,36,3.722245199998724,0.2518813000015143,True,True,2,05_runtime_budget_baselines/raw_runs.csv
Runtime budget baseline,Chao,VNS,p5.4.s,0,2500,4.035515250000117,3.785515250000117,10625,1000.0,1030.0,2.912621359223301,92.45111915039936,40,3.783649900000455,0.2518653499996617,True,True,2,05_runtime_budget_baselines/raw_runs.csv
Runtime budget baseline,Chao,VNS,p5.4.s,1,2500,4.035515250000117,3.785515250000117,10567,1000.0,1030.0,2.912621359223301,92.45111915039936,40,3.783730999999534,0.2517842500005827,True,True,2,05_runtime_budget_baselines/raw_runs.csv
Runtime budget baseline,Chao,VNS,p5.4.s,2,2500,4.035515250000117,3.785515250000117,10681,1000.0,1030.0,2.912621359223301,92.45111915039936,40,3.783621499998844,0.2518937500012725,True,True,2,05_runtime_budget_baselines/raw_runs.csv
Runtime budget baseline,Chao,VNS,p5.4.s,3,2500,4.035515250000117,3.785515250000117,10687,1000.0,1030.0,2.912621359223301,92.45111915039936,40,3.7837027000023222,0.2518125499977941,True,True,2,05_runtime_budget_baselines/raw_runs.csv
Runtime budget baseline,Chao,VNS,p5.4.t,0,2500,4.042686750000485,3.7926867500004846,7686,1075.0,1160.0,7.327586206896552,95.9658377761608,43,3.791328499999509,0.2513582500009761,True,True,2,05_runtime_budget_baselines/raw_runs.csv
Runtime budget baseline,Chao,VNS,p5.4.t,1,2500,4.042686750000485,3.7926867500004846,7662,1075.0,1160.0,7.327586206896552,95.9658377761608,43,3.791474700003164,0.2512120499973207,True,True,2,05_runtime_budget_baselines/raw_runs.csv
Runtime budget baseline,Chao,VNS,p5.4.t,2,2500,4.042686750000485,3.7926867500004846,7664,1075.0,1160.0,7.327586206896552,95.9658377761608,43,3.790699099998165,0.2519876500023201,True,True,2,05_runtime_budget_baselines/raw_runs.csv
Runtime budget baseline,Chao,VNS,p5.4.t,3,2500,4.042686750000485,3.7926867500004846,7637,1075.0,1160.0,7.327586206896552,95.9658377761608,43,3.789455699999962,0.2532310500005224,True,True,2,05_runtime_budget_baselines/raw_runs.csv
Runtime budget baseline,Chao,VNS,p5.4.u,0,2500,3.711924900000213,3.461924900000213,6888,1110.0,1300.0,14.615384615384615,98.79426490090698,44,3.460226600000169,0.2516983000000437,True,True,2,05_runtime_budget_baselines/raw_runs.csv
Runtime budget baseline,Chao,VNS,p5.4.u,1,2500,3.711924900000213,3.461924900000213,6900,1110.0,1300.0,14.615384615384615,98.79426490090698,44,3.4602124000011827,0.2517124999990301,True,True,2,05_runtime_budget_baselines/raw_runs.csv
Runtime budget baseline,Chao,VNS,p5.4.u,2,2500,3.711924900000213,3.461924900000213,6883,1120.0,1300.0,13.846153846153847,100.45111915039936,44,3.4568932999973185,0.2550316000028942,True,True,2,05_runtime_budget_baselines/raw_runs.csv
Runtime budget baseline,Chao,VNS,p5.4.u,3,2500,3.711924900000213,3.461924900000213,6872,1110.0,1300.0,14.615384615384615,98.79426490090698,44,3.4584848999984388,0.253440000001774,True,True,2,05_runtime_budget_baselines/raw_runs.csv
Runtime budget baseline,Chao,VNS,p5.4.v,0,2500,3.5700283500000296,3.3200283500000296,6112,1250.0,1320.0,5.303030303030303,108.45111915039936,48,3.3188898999978846,0.2511384500021449,True,True,2,05_runtime_budget_baselines/raw_runs.csv
Runtime budget baseline,Chao,VNS,p5.4.v,1,2500,3.5700283500000296,3.3200283500000296,6079,1250.0,1320.0,5.303030303030303,108.45111915039936,48,3.3181738999992376,0.251854450000792,True,True,2,05_runtime_budget_baselines/raw_runs.csv
Runtime budget baseline,Chao,VNS,p5.4.v,2,2500,3.5700283500000296,3.3200283500000296,6053,1250.0,1320.0,5.303030303030303,108.45111915039936,48,3.3136271000003035,0.2564012499997261,True,True,2,05_runtime_budget_baselines/raw_runs.csv
Runtime budget baseline,Chao,VNS,p5.4.v,3,2500,3.5700283500000296,3.3200283500000296,6015,1250.0,1320.0,5.303030303030303,108.45111915039936,48,3.3115887999992992,0.2584395500007304,True,True,2,05_runtime_budget_baselines/raw_runs.csv
Runtime budget baseline,Chao,VNS,p5.4.w,0,2500,3.8709747749999215,3.6209747749999215,6293,1310.0,1390.0,5.755395683453237,109.1374106514146,50,3.619456399999762,0.2515183750001597,True,True,2,05_runtime_budget_baselines/raw_runs.csv
Runtime budget baseline,Chao,VNS,p5.4.w,1,2500,3.8709747749999215,3.6209747749999215,6314,1310.0,1390.0,5.755395683453237,109.1374106514146,50,3.619345000002795,0.2516297749971272,True,True,2,05_runtime_budget_baselines/raw_runs.csv
Runtime budget baseline,Chao,VNS,p5.4.w,2,2500,3.8709747749999215,3.6209747749999215,6338,1310.0,1390.0,5.755395683453237,109.1374106514146,50,3.618990999999369,0.2519837750005536,True,True,2,05_runtime_budget_baselines/raw_runs.csv
Runtime budget baseline,Chao,VNS,p5.4.w,3,2500,3.8709747749999215,3.6209747749999215,6341,1310.0,1390.0,5.755395683453237,109.1374106514146,50,3.6193225999995775,0.2516521750003448,True,True,2,05_runtime_budget_baselines/raw_runs.csv
Runtime budget baseline,Chao,VNS,p5.4.x,0,2500,3.6577532249998512,3.4077532249998512,4917,1340.0,1450.0,7.586206896551724,114.79426490090698,52,3.405571700001019,0.2521815249988322,True,True,2,05_runtime_budget_baselines/raw_runs.csv
Runtime budget baseline,Chao,VNS,p5.4.x,1,2500,3.6577532249998512,3.4077532249998512,4927,1340.0,1450.0,7.586206896551724,113.1374106514146,52,3.4059220000017376,0.2518312249981136,True,True,2,05_runtime_budget_baselines/raw_runs.csv
Runtime budget baseline,Chao,VNS,p5.4.x,2,2500,3.6577532249998512,3.4077532249998512,4903,1340.0,1450.0,7.586206896551724,114.79426490090698,52,3.4053363999992143,0.2524168250006369,True,True,2,05_runtime_budget_baselines/raw_runs.csv
Runtime budget baseline,Chao,VNS,p5.4.x,3,2500,3.6577532249998512,3.4077532249998512,4909,1340.0,1450.0,7.586206896551724,114.79426490090698,52,3.40536659999998,0.2523866249998718,True,True,2,05_runtime_budget_baselines/raw_runs.csv
Runtime budget baseline,Chao,VNS,p5.4.y,0,2500,3.121943425000154,2.871943425000154,3953,1445.0,1520.0,4.934210526315789,123.27954627514556,55,2.8692496999974537,0.2526937250027004,True,True,2,05_runtime_budget_baselines/raw_runs.csv
Runtime budget baseline,Chao,VNS,p5.4.y,1,2500,3.121943425000154,2.871943425000154,3956,1445.0,1520.0,4.934210526315789,123.27954627514556,55,2.869375300000684,0.2525681249994704,True,True,2,05_runtime_budget_baselines/raw_runs.csv
Runtime budget baseline,Chao,VNS,p5.4.y,2,2500,3.121943425000154,2.871943425000154,3947,1445.0,1520.0,4.934210526315789,123.27954627514556,55,2.8693802999987383,0.2525631250014157,True,True,2,05_runtime_budget_baselines/raw_runs.csv
Runtime budget baseline,Chao,VNS,p5.4.y,3,2500,3.121943425000154,2.871943425000154,3950,1445.0,1520.0,4.934210526315789,123.27954627514556,55,2.870079299998906,0.2518641250012479,True,True,2,05_runtime_budget_baselines/raw_runs.csv
Runtime budget baseline,Chao,VNS,p5.4.z,0,2500,2.5860553499996968,2.3360553499996968,3120,1520.0,1620.0,6.172839506172839,126.79426490090698,58,2.3325742000015453,0.2534811499981515,True,True,2,05_runtime_budget_baselines/raw_runs.csv
Runtime budget baseline,Chao,VNS,p5.4.z,1,2500,2.5860553499996968,2.3360553499996968,3018,1520.0,1620.0,6.172839506172839,126.79426490090698,58,2.3337338999990607,0.2523214500006361,True,True,2,05_runtime_budget_baselines/raw_runs.csv
Runtime budget baseline,Chao,VNS,p5.4.z,2,2500,2.5860553499996968,2.3360553499996968,3088,1460.0,1620.0,9.876543209876543,122.79426490090698,56,2.3315278999980364,0.2545274500016603,True,True,2,05_runtime_budget_baselines/raw_runs.csv
Runtime budget baseline,Chao,VNS,p5.4.z,3,2500,2.5860553499996968,2.3360553499996968,2971,1520.0,1620.0,6.172839506172839,126.79426490090698,58,2.331307000000379,0.2547483499993177,True,True,2,05_runtime_budget_baselines/raw_runs.csv
Runtime budget baseline,Chao,VNS,p6.2.d,0,2500,2.159697099999903,1.909697099999903,19542,192.0,192.0,0.0,29.65685424949238,14,1.9077534999996717,0.2519436000002315,True,True,2,05_runtime_budget_baselines/raw_runs.csv
Runtime budget baseline,Chao,VNS,p6.2.d,1,2500,2.159697099999903,1.909697099999903,19454,192.0,192.0,0.0,29.65685424949238,14,1.9077754999998435,0.2519216000000597,True,True,2,05_runtime_budget_baselines/raw_runs.csv
Runtime budget baseline,Chao,VNS,p6.2.d,2,2500,2.159697099999903,1.909697099999903,19623,192.0,192.0,0.0,29.65685424949238,14,1.9078111000017088,0.2518859999981941,True,True,2,05_runtime_budget_baselines/raw_runs.csv
Runtime budget baseline,Chao,VNS,p6.2.d,3,2500,2.159697099999903,1.909697099999903,19518,192.0,192.0,0.0,29.65685424949238,14,1.9078282000009492,0.2518688999989535,True,True,2,05_runtime_budget_baselines/raw_runs.csv
Runtime budget baseline,Chao,VNS,p6.2.j,0,2500,4.075300524999875,3.825300524999875,11476,882.0,948.0,6.962025316455696,58.08326112068524,37,3.823470700001053,0.251829824998822,True,True,2,05_runtime_budget_baselines/raw_runs.csv
Runtime budget baseline,Chao,VNS,p6.2.j,1,2500,4.075300524999875,3.825300524999875,11977,882.0,948.0,6.962025316455696,58.08326112068524,37,3.823385299998336,0.2519152250015395,True,True,2,05_runtime_budget_baselines/raw_runs.csv
Runtime budget baseline,Chao,VNS,p6.2.j,2,2500,4.075300524999875,3.825300524999875,11977,882.0,948.0,6.962025316455696,58.08326112068524,37,3.8201630000003206,0.2551375249995544,True,True,2,05_runtime_budget_baselines/raw_runs.csv
Runtime budget baseline,Chao,VNS,p6.2.j,3,2500,4.075300524999875,3.825300524999875,11902,882.0,948.0,6.962025316455696,58.08326112068524,37,3.820262500001263,0.2550380249986119,True,True,2,05_runtime_budget_baselines/raw_runs.csv
Runtime budget baseline,Chao,VNS,p6.2.l,0,2500,4.253416824999931,4.003416824999931,7622,1044.0,1116.0,6.451612903225806,68.5685424949238,44,3.99888590000046,0.2545309249994716,True,True,2,05_runtime_budget_baselines/raw_runs.csv
Runtime budget baseline,Chao,VNS,p6.2.l,1,2500,4.253416824999931,4.003416824999931,7726,1068.0,1116.0,4.301075268817204,68.5685424949238,43,3.998158800000965,0.255258024998966,True,True,2,05_runtime_budget_baselines/raw_runs.csv
Runtime budget baseline,Chao,VNS,p6.2.l,2,2500,4.253416824999931,4.003416824999931,8042,1038.0,1116.0,6.989247311827957,67.39696961966999,43,4.001990900000237,0.2514259249996939,True,True,2,05_runtime_budget_baselines/raw_runs.csv
Runtime budget baseline,Chao,VNS,p6.2.l,3,2500,4.253416824999931,4.003416824999931,7624,1062.0,1116.0,4.838709677419355,68.5685424949238,44,4.001686700001301,0.2517301249986303,True,True,2,05_runtime_budget_baselines/raw_runs.csv
Runtime budget baseline,Chao,VNS,p6.2.m,0,2500,3.923616524999943,3.673616524999943,6363,1134.0,1188.0,4.545454545454546,73.05382386916239,48,3.671846000001096,0.2517705249988466,True,True,2,05_runtime_budget_baselines/raw_runs.csv
Runtime budget baseline,Chao,VNS,p6.2.m,1,2500,3.923616524999943,3.673616524999943,6366,1134.0,1188.0,4.545454545454546,74.22539674441619,48,3.671553299998777,0.2520632250011658,True,True,2,05_runtime_budget_baselines/raw_runs.csv
Runtime budget baseline,Chao,VNS,p6.2.m,2,2500,3.923616524999943,3.673616524999943,6338,1134.0,1188.0,4.545454545454546,74.22539674441619,48,3.6717504000007466,0.2518661249991965,True,True,2,05_runtime_budget_baselines/raw_runs.csv
Runtime budget baseline,Chao,VNS,p6.2.m,3,2500,3.923616524999943,3.673616524999943,6362,1122.0,1188.0,5.555555555555555,74.22539674441619,48,3.671944600002462,0.2516719249974812,True,True,2,05_runtime_budget_baselines/raw_runs.csv
Runtime budget baseline,Chao,VNS,p6.2.n,0,2500,3.613294375000805,3.3632943750008053,4490,1230.0,1260.0,2.380952380952381,78.36753236814714,53,3.360902000000351,0.2523923750004542,True,True,2,05_runtime_budget_baselines/raw_runs.csv
Runtime budget baseline,Chao,VNS,p6.2.n,1,2500,3.613294375000805,3.3632943750008053,4674,1212.0,1260.0,3.8095238095238093,78.71067811865476,52,3.361148100000719,0.2521462750000864,True,True,2,05_runtime_budget_baselines/raw_runs.csv
Runtime budget baseline,Chao,VNS,p6.2.n,2,2500,3.613294375000805,3.3632943750008053,4413,1242.0,1260.0,1.4285714285714286,79.53910524340094,53,3.357680299999629,0.2556140750011764,True,True,2,05_runtime_budget_baselines/raw_runs.csv
Runtime budget baseline,Chao,VNS,p6.2.n,3,2500,3.613294375000805,3.3632943750008053,4463,1230.0,1260.0,2.380952380952381,78.36753236814714,53,3.3572105999992345,0.2560837750015707,True,True,2,05_runtime_budget_baselines/raw_runs.csv
Runtime budget baseline,Chao,VNS,p6.3.g,0,2500,2.50615095000012,2.25615095000012,16745,264.0,282.0,6.382978723404255,43.65685424949238,20,2.253908300001058,0.2522426499990615,True,True,2,05_runtime_budget_baselines/raw_runs.csv
Runtime budget baseline,Chao,VNS,p6.3.g,1,2500,2.50615095000012,2.25615095000012,16736,264.0,282.0,6.382978723404255,43.65685424949238,20,2.250526499999978,0.2556244500001412,True,True,2,05_runtime_budget_baselines/raw_runs.csv
Runtime budget baseline,Chao,VNS,p6.3.g,2,2500,2.50615095000012,2.25615095000012,17019,264.0,282.0,6.382978723404255,43.65685424949238,20,2.2543183999987377,0.2518325500013816,True,True,2,05_runtime_budget_baselines/raw_runs.csv
Runtime budget baseline,Chao,VNS,p6.3.g,3,2500,2.50615095000012,2.25615095000012,16986,264.0,282.0,6.382978723404255,43.65685424949238,20,2.254304599999159,0.2518463500009602,True,True,2,05_runtime_budget_baselines/raw_runs.csv
Runtime budget baseline,Chao,VNS,p6.3.h,0,2500,3.609835825000573,3.359835825000573,17034,360.0,444.0,18.91891891891892,46.97056274847714,24,3.358007499999076,0.2518283250014974,True,True,2,05_runtime_budget_baselines/raw_runs.csv
Runtime budget baseline,Chao,VNS,p6.3.h,1,2500,3.609835825000573,3.359835825000573,17010,360.0,444.0,18.91891891891892,46.97056274847714,24,3.358018999999331,0.2518168250012422,True,True,2,05_runtime_budget_baselines/raw_runs.csv
Runtime budget baseline,Chao,VNS,p6.3.h,2,2500,3.609835825000573,3.359835825000573,17068,360.0,444.0,18.91891891891892,46.97056274847714,24,3.355175400000008,0.2546604250005657,True,True,2,05_runtime_budget_baselines/raw_runs.csv
Runtime budget baseline,Chao,VNS,p6.3.h,3,2500,3.609835825000573,3.359835825000573,17215,360.0,444.0,18.91891891891892,46.97056274847714,24,3.354682099998172,0.2551537250024012,True,True,2,05_runtime_budget_baselines/raw_runs.csv
Runtime budget baseline,Chao,VNS,p6.3.i,0,2500,3.885602074999952,3.635602074999952,16122,444.0,642.0,30.8411214953271,51.941125496954285,29,3.6337789999997767,0.2518230750001748,True,True,2,05_runtime_budget_baselines/raw_runs.csv
Runtime budget baseline,Chao,VNS,p6.3.i,1,2500,3.885602074999952,3.635602074999952,16121,444.0,642.0,30.8411214953271,51.941125496954285,29,3.6337992000007935,0.2518028749991572,True,True,2,05_runtime_budget_baselines/raw_runs.csv
Runtime budget baseline,Chao,VNS,p6.3.i,2,2500,3.885602074999952,3.635602074999952,16138,444.0,642.0,30.8411214953271,51.941125496954285,29,3.633725600000616,0.2518764749993352,True,True,2,05_runtime_budget_baselines/raw_runs.csv
Runtime budget baseline,Chao,VNS,p6.3.i,3,2500,3.885602074999952,3.635602074999952,16195,444.0,642.0,30.8411214953271,51.941125496954285,29,3.633848699999362,0.2517533750005896,True,True,2,05_runtime_budget_baselines/raw_runs.csv
Runtime budget baseline,Chao,VNS,p6.3.k,0,2500,3.726914500000021,3.476914500000021,11546,570.0,894.0,36.241610738255034,58.42640687119285,34,3.4750475000000733,0.2518669999999474,True,True,2,05_runtime_budget_baselines/raw_runs.csv
Runtime budget baseline,Chao,VNS,p6.3.k,1,2500,3.726914500000021,3.476914500000021,11561,570.0,894.0,36.241610738255034,58.42640687119285,34,3.4749215000010736,0.2519929999989472,True,True,2,05_runtime_budget_baselines/raw_runs.csv
Runtime budget baseline,Chao,VNS,p6.3.k,2,2500,3.726914500000021,3.476914500000021,11540,570.0,894.0,36.241610738255034,58.42640687119285,34,3.4751097000007576,0.2518047999992632,True,True,2,05_runtime_budget_baselines/raw_runs.csv
Runtime budget baseline,Chao,VNS,p6.3.k,3,2500,3.726914500000021,3.476914500000021,11559,570.0,894.0,36.241610738255034,58.42640687119285,34,3.4750316999998176,0.2518828000002031,True,True,2,05_runtime_budget_baselines/raw_runs.csv
Runtime budget baseline,Chao,VNS,p6.3.l,0,2500,3.7523309249991135,3.5023309249991144,10420,804.0,1002.0,19.760479041916167,69.00289809373433,40,3.500539000000572,0.2517919249985425,True,True,2,05_runtime_budget_baselines/raw_runs.csv
Runtime budget baseline,Chao,VNS,p6.3.l,1,2500,3.7523309249991135,3.5023309249991144,10030,804.0,1002.0,19.760479041916167,69.00289809373433,40,3.50080810000145,0.2515228249976644,True,True,2,05_runtime_budget_baselines/raw_runs.csv
Runtime budget baseline,Chao,VNS,p6.3.l,2,2500,3.7523309249991135,3.5023309249991144,9826,804.0,1002.0,19.760479041916167,69.00289809373433,40,3.49743590000071,0.2548950249984045,True,True,2,05_runtime_budget_baselines/raw_runs.csv
Runtime budget baseline,Chao,VNS,p6.3.l,3,2500,3.7523309249991135,3.5023309249991144,9885,804.0,1002.0,19.760479041916167,69.00289809373433,40,3.496325500000239,0.2560054249988752,True,True,2,05_runtime_budget_baselines/raw_runs.csv
Runtime budget baseline,Chao,VNS,p6.3.m,0,2500,3.9035824749998937,3.6535824749998937,7763,948.0,1080.0,12.222222222222221,73.4881794679729,41,3.652250800001639,0.251331674998255,True,True,2,05_runtime_budget_baselines/raw_runs.csv
Runtime budget baseline,Chao,VNS,p6.3.m,1,2500,3.9035824749998937,3.6535824749998937,7596,972.0,1080.0,10.0,73.4881794679729,42,3.651762900000904,0.25181957499899,True,True,2,05_runtime_budget_baselines/raw_runs.csv
Runtime budget baseline,Chao,VNS,p6.3.m,2,2500,3.9035824749998937,3.6535824749998937,7594,954.0,1080.0,11.666666666666666,74.15588053881729,42,3.6516592999978457,0.2519231750020481,True,True,2,05_runtime_budget_baselines/raw_runs.csv
Runtime budget baseline,Chao,VNS,p6.3.m,3,2500,3.9035824749998937,3.6535824749998937,7404,978.0,1080.0,9.444444444444445,73.83132521848052,43,3.651968999998644,0.2516134750012497,True,True,2,05_runtime_budget_baselines/raw_runs.csv
Runtime budget baseline,Chao,VNS,p6.3.n,0,2500,3.487434950000079,3.237434950000079,6183,1086.0,1170.0,7.17948717948718,79.05382386916237,48,3.235782100000506,0.2516528499995729,True,True,2,05_runtime_budget_baselines/raw_runs.csv
Runtime budget baseline,Chao,VNS,p6.3.n,1,2500,3.487434950000079,3.237434950000079,5965,1062.0,1170.0,9.23076923076923,77.72152494000676,47,3.2357329000005848,0.2517020499994942,True,True,2,05_runtime_budget_baselines/raw_runs.csv
Runtime budget baseline,Chao,VNS,p6.3.n,2,2500,3.487434950000079,3.237434950000079,5796,1098.0,1170.0,6.153846153846154,79.88225099390857,49,3.230275400001119,0.2571595499989598,True,True,2,05_runtime_budget_baselines/raw_runs.csv
Runtime budget baseline,Chao,VNS,p6.3.n,3,2500,3.487434950000079,3.237434950000079,6007,1104.0,1170.0,5.641025641025641,78.80188796695766,48,3.2300744999993185,0.2573604500007604,True,True,2,05_runtime_budget_baselines/raw_runs.csv
Runtime budget baseline,Chao,VNS,p6.4.j,0,2500,2.6613815750006324,2.4113815750006324,11601,348.0,366.0,4.918032786885246,58.60112615949154,24,2.409620599999471,0.2517609750011615,True,True,2,05_runtime_budget_baselines/raw_runs.csv
Runtime budget baseline,Chao,VNS,p6.4.j,1,2500,2.6613815750006324,2.4113815750006324,11575,348.0,366.0,4.918032786885246,58.60112615949154,24,2.4094482000000426,0.2519333750005899,True,True,2,05_runtime_budget_baselines/raw_runs.csv
Runtime budget baseline,Chao,VNS,p6.4.j,2,2500,2.6613815750006324,2.4113815750006324,11712,348.0,366.0,4.918032786885246,58.60112615949154,24,2.40954899999997,0.2518325750006625,True,True,2,05_runtime_budget_baselines/raw_runs.csv
Runtime budget baseline,Chao,VNS,p6.4.j,3,2500,2.6613815750006324,2.4113815750006324,11640,348.0,366.0,4.918032786885246,58.60112615949154,24,2.409466400000383,0.2519151750002493,True,True,2,05_runtime_budget_baselines/raw_runs.csv
Runtime budget baseline,Chao,VNS,p6.4.k,0,2500,3.4565733000004,3.2065733000004,13913,420.0,528.0,20.454545454545453,60.46669094406771,28,3.204671600000438,0.2519016999999621,True,True,2,05_runtime_budget_baselines/raw_runs.csv
Runtime budget baseline,Chao,VNS,p6.4.k,1,2500,3.4565733000004,3.2065733000004,13963,420.0,528.0,20.454545454545453,60.46669094406771,28,3.2046300000001797,0.2519433000002209,True,True,2,05_runtime_budget_baselines/raw_runs.csv
Runtime budget baseline,Chao,VNS,p6.4.k,2,2500,3.4565733000004,3.2065733000004,13948,420.0,528.0,20.454545454545453,60.46669094406771,28,3.2047563000014634,0.2518169999989368,True,True,2,05_runtime_budget_baselines/raw_runs.csv
Runtime budget baseline,Chao,VNS,p6.4.k,3,2500,3.4565733000004,3.2065733000004,13921,420.0,528.0,20.454545454545453,60.46669094406771,28,3.2047587000015483,0.2518145999988519,True,True,2,05_runtime_budget_baselines/raw_runs.csv
Runtime budget baseline,Chao,VNS,p6.4.l,0,2500,4.096919024999806,3.8469190249998064,12600,534.0,696.0,23.275862068965516,64.60882656779866,33,3.845186500002456,0.251732524997351,True,True,2,05_runtime_budget_baselines/raw_runs.csv
Runtime budget baseline,Chao,VNS,p6.4.l,1,2500,4.096919024999806,3.8469190249998064,12611,534.0,696.0,23.275862068965516,64.60882656779866,33,3.8451716999989,0.2517473250009061,True,True,2,05_runtime_budget_baselines/raw_runs.csv
Runtime budget baseline,Chao,VNS,p6.4.l,2,2500,4.096919024999806,3.8469190249998064,12648,534.0,696.0,23.275862068965516,64.60882656779866,33,3.8444235999995726,0.2524954250002338,True,True,2,05_runtime_budget_baselines/raw_runs.csv
Runtime budget baseline,Chao,VNS,p6.4.l,3,2500,4.096919024999806,3.8469190249998064,12527,534.0,696.0,23.275862068965516,64.60882656779866,33,3.843851200002973,0.2530678249968332,True,True,2,05_runtime_budget_baselines/raw_runs.csv
Runtime budget baseline,Chao,VNS,p7.2.d,0,2500,1.9407258000001093,1.6907258000001093,21564,190.0,190.0,0.0,78.6737065912388,10,1.6888685999983863,0.2518572000017229,True,True,2,05_runtime_budget_baselines/raw_runs.csv
Runtime budget baseline,Chao,VNS,p7.2.d,1,2500,1.9407258000001093,1.6907258000001093,21390,190.0,190.0,0.0,78.6737065912388,10,1.6888533999990614,0.2518724000010479,True,True,2,05_runtime_budget_baselines/raw_runs.csv
Runtime budget baseline,Chao,VNS,p7.2.d,2,2500,1.9407258000001093,1.6907258000001093,21491,190.0,190.0,0.0,78.6737065912388,10,1.684537499997532,0.2561883000025773,True,True,2,05_runtime_budget_baselines/raw_runs.csv
Runtime budget baseline,Chao,VNS,p7.2.d,3,2500,1.9407258000001093,1.6907258000001093,21343,190.0,190.0,0.0,78.6737065912388,10,1.6844970000020112,0.2562287999980981,True,True,2,05_runtime_budget_baselines/raw_runs.csv
Runtime budget baseline,Chao,VNS,p7.2.e,0,2500,2.4477318999997806,2.1977318999997806,20366,290.0,290.0,0.0,98.36318612174394,15,2.195915399999649,0.2518165000001318,True,True,2,05_runtime_budget_baselines/raw_runs.csv
Runtime budget baseline,Chao,VNS,p7.2.e,1,2500,2.4477318999997806,2.1977318999997806,20313,290.0,290.0,0.0,98.36318612174394,15,2.195860300002096,0.2518715999976848,True,True,2,05_runtime_budget_baselines/raw_runs.csv
Runtime budget baseline,Chao,VNS,p7.2.e,2,2500,2.4477318999997806,2.1977318999997806,20363,290.0,290.0,0.0,98.36318612174394,15,2.195925899999565,0.2518060000002151,True,True,2,05_runtime_budget_baselines/raw_runs.csv
Runtime budget baseline,Chao,VNS,p7.2.e,3,2500,2.4477318999997806,2.1977318999997806,20342,290.0,290.0,0.0,98.36318612174394,15,2.195836599999893,0.2518952999998873,True,True,2,05_runtime_budget_baselines/raw_runs.csv
Runtime budget baseline,Chao,VNS,p7.2.f,0,2500,3.569863325000369,3.319863325000369,25738,337.0,387.0,12.919896640826874,116.8838521140456,19,3.3180724999983795,0.25179082500199,True,True,2,05_runtime_budget_baselines/raw_runs.csv
Runtime budget baseline,Chao,VNS,p7.2.f,1,2500,3.569863325000369,3.319863325000369,25511,337.0,387.0,12.919896640826874,116.8838521140456,19,3.3180375000010827,0.2518258249992868,True,True,2,05_runtime_budget_baselines/raw_runs.csv
Runtime budget baseline,Chao,VNS,p7.2.f,2,2500,3.569863325000369,3.319863325000369,25881,337.0,387.0,12.919896640826874,116.8838521140456,19,3.3180465000004915,0.251816824999878,True,True,2,05_runtime_budget_baselines/raw_runs.csv
Runtime budget baseline,Chao,VNS,p7.2.f,3,2500,3.569863325000369,3.319863325000369,25499,337.0,387.0,12.919896640826874,116.8838521140456,19,3.318017300000065,0.2518460250003045,True,True,2,05_runtime_budget_baselines/raw_runs.csv
Runtime budget baseline,Chao,VNS,p7.2.g,0,2500,5.193349575000411,4.943349575000411,22304,427.0,459.0,6.971677559912854,133.7749708393689,27,4.940173200000572,0.253176374999839,True,True,2,05_runtime_budget_baselines/raw_runs.csv
Runtime budget baseline,Chao,VNS,p7.2.g,1,2500,5.193349575000411,4.943349575000411,22082,427.0,459.0,6.971677559912854,133.7749708393689,27,4.939923499998258,0.2534260750021531,True,True,2,05_runtime_budget_baselines/raw_runs.csv
Runtime budget baseline,Chao,VNS,p7.2.g,2,2500,5.193349575000411,4.943349575000411,22242,427.0,459.0,6.971677559912854,133.7749708393689,27,4.941710300001432,0.2516392749989791,True,True,2,05_runtime_budget_baselines/raw_runs.csv
Runtime budget baseline,Chao,VNS,p7.2.g,3,2500,5.193349575000411,4.943349575000411,22194,427.0,459.0,6.971677559912854,133.7749708393689,27,4.941650799999479,0.2516987750009321,True,True,2,05_runtime_budget_baselines/raw_runs.csv
Runtime budget baseline,Chao,VNS,p7.2.h,0,2500,5.941513924999981,5.691513924999981,23267,489.0,521.0,6.142034548944338,151.47722665928512,30,5.6860419000004185,0.2554720249995625,True,True,2,05_runtime_budget_baselines/raw_runs.csv
Runtime budget baseline,Chao,VNS,p7.2.h,1,2500,5.941513924999981,5.691513924999981,23083,489.0,521.0,6.142034548944338,151.47722665928512,30,5.686201900000015,0.2553120249999665,True,True,2,05_runtime_budget_baselines/raw_runs.csv
Runtime budget baseline,Chao,VNS,p7.2.h,2,2500,5.941513924999981,5.691513924999981,23348,489.0,521.0,6.142034548944338,151.47722665928512,30,5.689618399999745,0.2518955250002364,True,True,2,05_runtime_budget_baselines/raw_runs.csv
Runtime budget baseline,Chao,VNS,p7.2.h,3,2500,5.941513924999981,5.691513924999981,23250,489.0,521.0,6.142034548944338,151.47722665928512,30,5.68972980000035,0.2517841249996309,True,True,2,05_runtime_budget_baselines/raw_runs.csv
Runtime budget baseline,Chao,VNS,p7.2.i,0,2500,6.343717100000049,6.093717100000049,21105,527.0,580.0,9.137931034482758,164.37984429413353,31,6.09152350000295,0.2521935999970992,True,True,2,05_runtime_budget_baselines/raw_runs.csv
Runtime budget baseline,Chao,VNS,p7.2.i,1,2500,6.343717100000049,6.093717100000049,20988,527.0,580.0,9.137931034482758,164.37984429413353,31,6.092085300002509,0.2516317999975399,True,True,2,05_runtime_budget_baselines/raw_runs.csv
Runtime budget baseline,Chao,VNS,p7.2.i,2,2500,6.343717100000049,6.093717100000049,21052,527.0,580.0,9.137931034482758,164.37984429413353,31,6.090864000001602,0.2528530999984468,True,True,2,05_runtime_budget_baselines/raw_runs.csv
Runtime budget baseline,Chao,VNS,p7.2.i,3,2500,6.343717100000049,6.093717100000049,21017,527.0,580.0,9.137931034482758,164.37984429413353,31,6.0907311999981175,0.2529859000019314,True,True,2,05_runtime_budget_baselines/raw_runs.csv
Runtime budget baseline,Chao,VNS,p7.2.j,0,2500,6.691466100000525,6.441466100000525,19877,554.0,646.0,14.241486068111454,175.4834021426251,34,6.4398687000029895,0.2515973999975358,True,True,2,05_runtime_budget_baselines/raw_runs.csv
Runtime budget baseline,Chao,VNS,p7.2.j,1,2500,6.691466100000525,6.441466100000525,19800,554.0,646.0,14.241486068111454,175.4834021426251,34,6.43986600000062,0.251600099999905,True,True,2,05_runtime_budget_baselines/raw_runs.csv
Runtime budget baseline,Chao,VNS,p7.2.j,2,2500,6.691466100000525,6.441466100000525,19820,554.0,646.0,14.241486068111454,175.4834021426251,34,6.440004500000214,0.2514616000003116,True,True,2,05_runtime_budget_baselines/raw_runs.csv
Runtime budget baseline,Chao,VNS,p7.2.j,3,2500,6.691466100000525,6.441466100000525,19764,554.0,646.0,14.241486068111454,175.4834021426251,34,6.439784199999849,0.2516819000006762,True,True,2,05_runtime_budget_baselines/raw_runs.csv
Runtime budget baseline,Chao,VNS,p7.2.k,0,2500,7.009295225000187,6.759295225000187,19922,607.0,705.0,13.900709219858156,208.052237835767,36,6.757819200000085,0.2514760250001018,True,True,2,05_runtime_budget_baselines/raw_runs.csv
Runtime budget baseline,Chao,VNS,p7.2.k,1,2500,7.009295225000187,6.759295225000187,19906,607.0,705.0,13.900709219858156,208.052237835767,36,6.75738420000198,0.2519110249982077,True,True,2,05_runtime_budget_baselines/raw_runs.csv
Runtime budget baseline,Chao,VNS,p7.2.k,2,2500,7.009295225000187,6.759295225000187,19889,607.0,705.0,13.900709219858156,208.052237835767,36,6.757747800002107,0.2515474249980798,True,True,2,05_runtime_budget_baselines/raw_runs.csv
Runtime budget baseline,Chao,VNS,p7.2.k,3,2500,7.009295225000187,6.759295225000187,19962,607.0,705.0,13.900709219858156,208.052237835767,36,6.757465800001228,0.2518294249989594,True,True,2,05_runtime_budget_baselines/raw_runs.csv
Runtime budget baseline,Chao,VNS,p7.2.l,0,2500,7.582449850000557,7.332449850000557,22006,631.0,767.0,17.73142112125163,238.41639454673768,35,7.327223000000231,0.2552268500003265,True,True,2,05_runtime_budget_baselines/raw_runs.csv
Runtime budget baseline,Chao,VNS,p7.2.l,1,2500,7.582449850000557,7.332449850000557,21955,631.0,767.0,17.73142112125163,238.41639454673768,35,7.328339100000448,0.2541107500001089,True,True,2,05_runtime_budget_baselines/raw_runs.csv
Runtime budget baseline,Chao,VNS,p7.2.l,2,2500,7.582449850000557,7.332449850000557,22069,631.0,767.0,17.73142112125163,238.41639454673768,35,7.330796400001418,0.2516534499991394,True,True,2,05_runtime_budget_baselines/raw_runs.csv
Runtime budget baseline,Chao,VNS,p7.2.l,3,2500,7.582449850000557,7.332449850000557,22035,631.0,767.0,17.73142112125163,238.41639454673768,35,7.330633099998522,0.2518167500020354,True,True,2,05_runtime_budget_baselines/raw_runs.csv
Runtime budget baseline,Chao,VNS,p7.2.m,0,2500,8.282400724999206,8.032400724999206,20583,670.0,827.0,18.98428053204353,251.79732874437184,40,8.027382100000978,0.2550186249982289,True,True,2,05_runtime_budget_baselines/raw_runs.csv
Runtime budget baseline,Chao,VNS,p7.2.m,1,2500,8.282400724999206,8.032400724999206,20542,670.0,827.0,18.98428053204353,251.79732874437184,40,8.026443700000527,0.2559570249986791,True,True,2,05_runtime_budget_baselines/raw_runs.csv
Runtime budget baseline,Chao,VNS,p7.2.m,2,2500,8.282400724999206,8.032400724999206,20576,670.0,827.0,18.98428053204353,251.79732874437184,40,8.030686199999764,0.2517145249994428,True,True,2,05_runtime_budget_baselines/raw_runs.csv
Runtime budget baseline,Chao,VNS,p7.2.m,3,2500,8.282400724999206,8.032400724999206,20665,670.0,827.0,18.98428053204353,251.79732874437184,40,8.031341099998826,0.25105962500038,True,True,2,05_runtime_budget_baselines/raw_runs.csv
Runtime budget baseline,Chao,VNS,p7.2.n,0,2500,8.72089752500051,8.47089752500051,15693,749.0,888.0,15.653153153153154,265.7966076847466,43,8.46893380000256,0.2519637249979496,True,True,2,05_runtime_budget_baselines/raw_runs.csv
Runtime budget baseline,Chao,VNS,p7.2.n,1,2500,8.72089752500051,8.47089752500051,15713,749.0,888.0,15.653153153153154,265.7966076847466,43,8.469566899999336,0.2513306250011737,True,True,2,05_runtime_budget_baselines/raw_runs.csv
Runtime budget baseline,Chao,VNS,p7.2.n,2,2500,8.72089752500051,8.47089752500051,15720,749.0,888.0,15.653153153153154,265.7966076847466,43,8.469151500001317,0.2517460249991927,True,True,2,05_runtime_budget_baselines/raw_runs.csv
Runtime budget baseline,Chao,VNS,p7.2.n,3,2500,8.72089752500051,8.47089752500051,15698,749.0,888.0,15.653153153153154,265.7966076847466,43,8.46925530000226,0.2516422249982497,True,True,2,05_runtime_budget_baselines/raw_runs.csv
Runtime budget baseline,Chao,VNS,p7.2.o,0,2500,9.018516125000133,8.768516125000133,15555,807.0,945.0,14.603174603174603,297.8932280035983,46,8.767253599999094,0.2512625250010387,True,True,2,05_runtime_budget_baselines/raw_runs.csv
Runtime budget baseline,Chao,VNS,p7.2.o,1,2500,9.018516125000133,8.768516125000133,15442,807.0,945.0,14.603174603174603,297.8932280035983,46,8.762220399999933,0.2562957250002,True,True,2,05_runtime_budget_baselines/raw_runs.csv
Runtime budget baseline,Chao,VNS,p7.2.o,2,2500,9.018516125000133,8.768516125000133,15542,807.0,945.0,14.603174603174603,297.8932280035983,46,8.766872299998795,0.251643825001338,True,True,2,05_runtime_budget_baselines/raw_runs.csv
Runtime budget baseline,Chao,VNS,p7.2.o,3,2500,9.018516125000133,8.768516125000133,15560,807.0,945.0,14.603174603174603,297.8932280035983,46,8.766625600001134,0.2518905249989984,True,True,2,05_runtime_budget_baselines/raw_runs.csv
Runtime budget baseline,Chao,VNS,p7.2.p,0,2500,9.66209047500024,9.41209047500024,15358,841.0,1002.0,16.067864271457086,307.7173557473404,49,9.408772700000554,0.2533177749996866,True,True,2,05_runtime_budget_baselines/raw_runs.csv
Runtime budget baseline,Chao,VNS,p7.2.p,1,2500,9.66209047500024,9.41209047500024,15348,841.0,1002.0,16.067864271457086,307.7173557473404,49,9.406307299999751,0.255783175000488,True,True,2,05_runtime_budget_baselines/raw_runs.csv
Runtime budget baseline,Chao,VNS,p7.2.p,2,2500,9.66209047500024,9.41209047500024,15457,841.0,1002.0,16.067864271457086,307.7173557473404,49,9.409624500000064,0.2524659750001774,True,True,2,05_runtime_budget_baselines/raw_runs.csv
Runtime budget baseline,Chao,VNS,p7.2.p,3,2500,9.66209047500024,9.41209047500024,15369,841.0,1002.0,16.067864271457086,307.7173557473404,49,9.408274100002018,0.2538163749982232,True,True,2,05_runtime_budget_baselines/raw_runs.csv
Runtime budget baseline,Chao,VNS,p7.2.q,0,2500,10.50594052500037,10.25594052500037,14173,878.0,1044.0,15.900383141762452,327.3714979234546,51,10.24667160000172,0.2592689249986506,True,True,2,05_runtime_budget_baselines/raw_runs.csv
Runtime budget baseline,Chao,VNS,p7.2.q,1,2500,10.50594052500037,10.25594052500037,14197,878.0,1044.0,15.900383141762452,327.3714979234546,51,10.247870499999408,0.2580700250009613,True,True,2,05_runtime_budget_baselines/raw_runs.csv
Runtime budget baseline,Chao,VNS,p7.2.q,2,2500,10.50594052500037,10.25594052500037,14311,878.0,1044.0,15.900383141762452,327.3714979234546,51,10.250618400001258,0.2553221249991111,True,True,2,05_runtime_budget_baselines/raw_runs.csv
Runtime budget baseline,Chao,VNS,p7.2.q,3,2500,10.50594052500037,10.25594052500037,14358,878.0,1044.0,15.900383141762452,327.3714979234546,51,10.249117299998034,0.2568232250023357,True,True,2,05_runtime_budget_baselines/raw_runs.csv
Runtime budget baseline,Chao,VNS,p7.2.r,0,2500,10.3198067000003,10.0698067000003,12947,942.0,1094.0,13.893967093235831,353.2670167849694,54,10.064339999997172,0.2554667000031259,True,True,2,05_runtime_budget_baselines/raw_runs.csv
Runtime budget baseline,Chao,VNS,p7.2.r,1,2500,10.3198067000003,10.0698067000003,12936,936.0,1094.0,14.442413162705668,348.4577289153193,54,10.06566920000114,0.2541374999991603,True,True,2,05_runtime_budget_baselines/raw_runs.csv
Runtime budget baseline,Chao,VNS,p7.2.r,2,2500,10.3198067000003,10.0698067000003,12434,943.0,1094.0,13.80255941499086,352.94369842030306,55,10.066662799999904,0.2531439000003956,True,True,2,05_runtime_budget_baselines/raw_runs.csv
Runtime budget baseline,Chao,VNS,p7.2.r,3,2500,10.3198067000003,10.0698067000003,12908,936.0,1094.0,14.442413162705668,348.4577289153193,54,10.066997599999011,0.2528091000012864,True,True,2,05_runtime_budget_baselines/raw_runs.csv
Runtime budget baseline,Chao,VNS,p7.2.s,0,2500,10.608844649999355,10.358844649999355,12052,968.0,1136.0,14.788732394366198,376.3108488872072,58,10.356449800001428,0.2523948499979269,True,True,2,05_runtime_budget_baselines/raw_runs.csv
Runtime budget baseline,Chao,VNS,p7.2.s,1,2500,10.608844649999355,10.358844649999355,11970,965.0,1136.0,15.05281690140845,363.2926433801197,58,10.356332700001076,0.2525119499982793,True,True,2,05_runtime_budget_baselines/raw_runs.csv
Runtime budget baseline,Chao,VNS,p7.2.s,2,2500,10.608844649999355,10.358844649999355,12027,968.0,1136.0,14.788732394366198,376.3108488872072,58,10.354485799998656,0.254358850000699,True,True,2,05_runtime_budget_baselines/raw_runs.csv
Runtime budget baseline,Chao,VNS,p7.2.s,3,2500,10.608844649999355,10.358844649999355,12140,963.0,1136.0,15.22887323943662,364.1656716117062,57,10.350931900000433,0.2579127499989226,True,True,2,05_runtime_budget_baselines/raw_runs.csv
Runtime budget baseline,Chao,VNS,p7.2.t,0,2500,10.843478000000232,10.593478000000232,12087,1005.0,1179.0,14.758269720101781,373.5642964049483,59,10.590871399999742,0.2526066000004903,True,True,2,05_runtime_budget_baselines/raw_runs.csv
Runtime budget baseline,Chao,VNS,p7.2.t,1,2500,10.843478000000232,10.593478000000232,11855,1018.0,1179.0,13.655640373197626,375.9893812737205,60,10.590019800001755,0.2534581999984766,True,True,2,05_runtime_budget_baselines/raw_runs.csv
Runtime budget baseline,Chao,VNS,p7.2.t,2,2500,10.843478000000232,10.593478000000232,12026,1005.0,1179.0,14.758269720101781,373.5642964049483,59,10.58475140000155,0.2587265999986812,True,True,2,05_runtime_budget_baselines/raw_runs.csv
Runtime budget baseline,Chao,VNS,p7.2.t,3,2500,10.843478000000232,10.593478000000232,11833,1018.0,1179.0,13.655640373197626,375.9893812737205,60,10.58293330000015,0.2605447000000822,True,True,2,05_runtime_budget_baselines/raw_runs.csv
Runtime budget baseline,Chao,VNS,p7.3.h,0,2500,3.63703277500008,3.38703277500008,18464,390.0,425.0,8.235294117647058,144.93832463823398,22,3.385226299997157,0.2518064750029225,True,True,2,05_runtime_budget_baselines/raw_runs.csv
Runtime budget baseline,Chao,VNS,p7.3.h,1,2500,3.63703277500008,3.38703277500008,18464,390.0,425.0,8.235294117647058,144.93832463823398,22,3.3851171000023896,0.2519156749976901,True,True,2,05_runtime_budget_baselines/raw_runs.csv
Runtime budget baseline,Chao,VNS,p7.3.h,2,2500,3.63703277500008,3.38703277500008,18492,390.0,425.0,8.235294117647058,144.93832463823398,22,3.384545999997499,0.2524867750025805,True,True,2,05_runtime_budget_baselines/raw_runs.csv
Runtime budget baseline,Chao,VNS,p7.3.h,3,2500,3.63703277500008,3.38703277500008,18450,390.0,425.0,8.235294117647058,144.93832463823398,22,3.384824299999309,0.2522084750007707,True,True,2,05_runtime_budget_baselines/raw_runs.csv
Runtime budget baseline,Chao,VNS,p7.3.i,0,2500,4.341944450000483,4.091944450000483,19483,442.0,487.0,9.240246406570842,166.7227324728142,25,4.089831399996911,0.2521130500035724,True,True,2,05_runtime_budget_baselines/raw_runs.csv
Runtime budget baseline,Chao,VNS,p7.3.i,1,2500,4.341944450000483,4.091944450000483,19485,442.0,487.0,9.240246406570842,166.7227324728142,25,4.090015199999471,0.2519292500010124,True,True,2,05_runtime_budget_baselines/raw_runs.csv
Runtime budget baseline,Chao,VNS,p7.3.i,2,2500,4.341944450000483,4.091944450000483,19558,442.0,487.0,9.240246406570842,166.7227324728142,25,4.090068900000915,0.2518755499995677,True,True,2,05_runtime_budget_baselines/raw_runs.csv
Runtime budget baseline,Chao,VNS,p7.3.i,3,2500,4.341944450000483,4.091944450000483,19601,442.0,487.0,9.240246406570842,166.7227324728142,25,4.090110500001174,0.2518339499993089,True,True,2,05_runtime_budget_baselines/raw_runs.csv
Runtime budget baseline,Chao,VNS,p7.3.j,0,2500,4.910080750000816,4.660080750000816,15954,510.0,564.0,9.574468085106384,186.8180391818288,31,4.658422499996959,0.2516582500038566,True,True,2,05_runtime_budget_baselines/raw_runs.csv
Runtime budget baseline,Chao,VNS,p7.3.j,1,2500,4.910080750000816,4.660080750000816,15947,510.0,564.0,9.574468085106384,186.8180391818288,31,4.658226899999136,0.2518538500016802,True,True,2,05_runtime_budget_baselines/raw_runs.csv
Runtime budget baseline,Chao,VNS,p7.3.j,2,2500,4.910080750000816,4.660080750000816,15987,510.0,564.0,9.574468085106384,186.8180391818288,31,4.653677599999355,0.2564031500014607,True,True,2,05_runtime_budget_baselines/raw_runs.csv
Runtime budget baseline,Chao,VNS,p7.3.j,3,2500,4.910080750000816,4.660080750000816,15997,510.0,564.0,9.574468085106384,186.8180391818288,31,4.653630799999519,0.2564499500012971,True,True,2,05_runtime_budget_baselines/raw_runs.csv
Runtime budget baseline,Chao,VNS,p7.3.k,0,2500,6.26389805000008,6.01389805000008,18292,541.0,633.0,14.533965244865719,203.99095016458227,36,6.012047199998051,0.2518508500020289,True,True,2,05_runtime_budget_baselines/raw_runs.csv
Runtime budget baseline,Chao,VNS,p7.3.k,1,2500,6.26389805000008,6.01389805000008,18238,541.0,633.0,14.533965244865719,203.99095016458227,36,6.012418100002833,0.2514799499972469,True,True,2,05_runtime_budget_baselines/raw_runs.csv
Runtime budget baseline,Chao,VNS,p7.3.k,2,2500,6.26389805000008,6.01389805000008,18244,541.0,633.0,14.533965244865719,203.99095016458227,36,6.011740900001314,0.2521571499987658,True,True,2,05_runtime_budget_baselines/raw_runs.csv
Runtime budget baseline,Chao,VNS,p7.3.k,3,2500,6.26389805000008,6.01389805000008,18317,541.0,633.0,14.533965244865719,203.99095016458227,36,6.010950899999443,0.2529471500006366,True,True,2,05_runtime_budget_baselines/raw_runs.csv
Runtime budget baseline,Chao,VNS,p7.3.l,0,2500,6.489253450000433,6.239253450000433,17934,601.0,684.0,12.134502923976608,221.1853648778574,38,6.237491399999271,0.2517620500011617,True,True,2,05_runtime_budget_baselines/raw_runs.csv
Runtime budget baseline,Chao,VNS,p7.3.l,1,2500,6.489253450000433,6.239253450000433,17818,601.0,684.0,12.134502923976608,221.1853648778574,38,6.237453900001128,0.2517995499993049,True,True,2,05_runtime_budget_baselines/raw_runs.csv
Runtime budget baseline,Chao,VNS,p7.3.l,2,2500,6.489253450000433,6.239253450000433,17774,601.0,684.0,12.134502923976608,221.1853648778574,38,6.237559900000633,0.2516935499997998,True,True,2,05_runtime_budget_baselines/raw_runs.csv
Runtime budget baseline,Chao,VNS,p7.3.l,3,2500,6.489253450000433,6.239253450000433,17891,601.0,684.0,12.134502923976608,221.1853648778574,38,6.237504500000796,0.2517489499996372,True,True,2,05_runtime_budget_baselines/raw_runs.csv
Runtime budget baseline,Chao,VNS,p7.3.m,0,2500,6.316391799999565,6.066391799999565,16591,670.0,762.0,12.073490813648293,246.9587428881647,40,6.06452150000041,0.2518702999991546,True,True,2,05_runtime_budget_baselines/raw_runs.csv
Runtime budget baseline,Chao,VNS,p7.3.m,1,2500,6.316391799999565,6.066391799999565,16668,670.0,762.0,12.073490813648293,247.3152806884329,40,6.064663199998904,0.2517286000006606,True,True,2,05_runtime_budget_baselines/raw_runs.csv
Runtime budget baseline,Chao,VNS,p7.3.m,2,2500,6.316391799999565,6.066391799999565,16563,670.0,762.0,12.073490813648293,247.3152806884329,40,6.064510099997278,0.2518817000022864,True,True,2,05_runtime_budget_baselines/raw_runs.csv
Runtime budget baseline,Chao,VNS,p7.3.m,3,2500,6.316391799999565,6.066391799999565,16613,670.0,762.0,12.073490813648293,247.3152806884329,40,6.064809499999683,0.2515822999998818,True,True,2,05_runtime_budget_baselines/raw_runs.csv
Runtime budget baseline,Chao,VNS,p7.3.n,0,2500,6.954018099999757,6.704018099999757,13498,732.0,820.0,10.731707317073171,263.00250668331154,43,6.702496999998402,0.2515211000013551,True,True,2,05_runtime_budget_baselines/raw_runs.csv
Runtime budget baseline,Chao,VNS,p7.3.n,1,2500,6.954018099999757,6.704018099999757,13562,732.0,820.0,10.731707317073171,263.00250668331154,43,6.702128100001573,0.251889999998184,True,True,2,05_runtime_budget_baselines/raw_runs.csv
Runtime budget baseline,Chao,VNS,p7.3.n,2,2500,6.954018099999757,6.704018099999757,13474,732.0,820.0,10.731707317073171,263.30758637837806,43,6.698200099999667,0.2558180000000902,True,True,2,05_runtime_budget_baselines/raw_runs.csv
Runtime budget baseline,Chao,VNS,p7.3.n,3,2500,6.954018099999757,6.704018099999757,13498,732.0,820.0,10.731707317073171,263.00250668331154,43,6.697572999997647,0.2564451000021108,True,True,2,05_runtime_budget_baselines/raw_runs.csv
Runtime budget baseline,Chao,VNS,p7.3.o,0,2500,7.014665999999579,6.764665999999579,12489,767.0,874.0,12.242562929061785,277.7340906883284,46,6.757790399999067,0.2568756000005123,True,True,2,05_runtime_budget_baselines/raw_runs.csv
Runtime budget baseline,Chao,VNS,p7.3.o,1,2500,7.014665999999579,6.764665999999579,12943,769.0,874.0,12.013729977116705,276.4613483337492,45,6.757824699998309,0.2568413000012697,True,True,2,05_runtime_budget_baselines/raw_runs.csv
Runtime budget baseline,Chao,VNS,p7.3.o,2,2500,7.014665999999579,6.764665999999579,12536,767.0,874.0,12.242562929061785,277.7340906883284,46,6.762776299998222,0.2518897000013567,True,True,2,05_runtime_budget_baselines/raw_runs.csv
Runtime budget baseline,Chao,VNS,p7.3.o,3,2500,7.014665999999579,6.764665999999579,13686,768.0,874.0,12.128146453089245,287.90285856709534,44,6.762948600000527,0.2517173999990518,True,True,2,05_runtime_budget_baselines/raw_runs.csv
Runtime budget baseline,Chao,VNS,p7.3.p,0,2500,7.389539050000167,7.139539050000167,13080,799.0,929.0,13.993541442411194,300.16826555777726,47,7.138119799998094,0.2514192500020726,True,True,2,05_runtime_budget_baselines/raw_runs.csv
Runtime budget baseline,Chao,VNS,p7.3.p,1,2500,7.389539050000167,7.139539050000167,13447,830.0,929.0,10.656620021528525,311.44526155267147,45,7.137769900000421,0.2517691499997454,True,True,2,05_runtime_budget_baselines/raw_runs.csv
Runtime budget baseline,Chao,VNS,p7.3.p,2,2500,7.389539050000167,7.139539050000167,13263,821.0,929.0,11.625403659849301,306.9244391225258,46,7.13743660000182,0.2521024499983468,True,True,2,05_runtime_budget_baselines/raw_runs.csv
Runtime budget baseline,Chao,VNS,p7.3.p,3,2500,7.389539050000167,7.139539050000167,13025,824.0,929.0,11.302475780409042,300.6800344777306,47,7.136012599999958,0.2535264500002085,True,True,2,05_runtime_budget_baselines/raw_runs.csv
Runtime budget baseline,Chao,VNS,p7.3.q,0,2500,7.743643349999729,7.493643349999729,13341,872.0,987.0,11.651469098277609,330.1155118076437,49,7.491815600002155,0.2518277499975738,True,True,2,05_runtime_budget_baselines/raw_runs.csv
Runtime budget baseline,Chao,VNS,p7.3.q,1,2500,7.743643349999729,7.493643349999729,13306,872.0,987.0,11.651469098277609,330.1155118076437,49,7.491840499998943,0.2518028500007858,True,True,2,05_runtime_budget_baselines/raw_runs.csv
Runtime budget baseline,Chao,VNS,p7.3.q,2,2500,7.743643349999729,7.493643349999729,13322,872.0,987.0,11.651469098277609,331.5165799507778,49,7.489607999999862,0.2540353499998673,True,True,2,05_runtime_budget_baselines/raw_runs.csv
Runtime budget baseline,Chao,VNS,p7.3.q,3,2500,7.743643349999729,7.493643349999729,13272,872.0,987.0,11.651469098277609,331.5165799507778,49,7.487014800000907,0.2566285499988225,True,True,2,05_runtime_budget_baselines/raw_runs.csv
Runtime budget baseline,Chao,VNS,p7.3.r,0,2500,8.269940325000334,8.019940325000334,13923,831.0,1026.0,19.005847953216374,348.9517947616209,49,8.01836380000168,0.2515765249986543,True,True,2,05_runtime_budget_baselines/raw_runs.csv
Runtime budget baseline,Chao,VNS,p7.3.r,1,2500,8.269940325000334,8.019940325000334,13822,831.0,1026.0,19.005847953216374,348.9517947616209,49,8.018076799999108,0.2518635250012266,True,True,2,05_runtime_budget_baselines/raw_runs.csv
Runtime budget baseline,Chao,VNS,p7.3.r,2,2500,8.269940325000334,8.019940325000334,13539,809.0,1026.0,21.15009746588694,338.5657538150166,50,8.018322899999475,0.2516174250008589,True,True,2,05_runtime_budget_baselines/raw_runs.csv
Runtime budget baseline,Chao,VNS,p7.3.r,3,2500,8.269940325000334,8.019940325000334,13833,831.0,1026.0,19.005847953216374,348.9517947616209,49,8.01867510000011,0.2512652250002247,True,True,2,05_runtime_budget_baselines/raw_runs.csv
Runtime budget baseline,Chao,VNS,p7.3.s,0,2500,8.896971825000492,8.646971825000492,11689,851.0,1081.0,21.27659574468085,363.342218037805,54,8.643889599999966,0.2530822250005258,True,True,2,05_runtime_budget_baselines/raw_runs.csv
Runtime budget baseline,Chao,VNS,p7.3.s,1,2500,8.896971825000492,8.646971825000492,11696,851.0,1081.0,21.27659574468085,363.342218037805,54,8.643903500000306,0.2530683250001857,True,True,2,05_runtime_budget_baselines/raw_runs.csv
Runtime budget baseline,Chao,VNS,p7.3.s,2,2500,8.896971825000492,8.646971825000492,11735,851.0,1081.0,21.27659574468085,363.342218037805,54,8.644691699999385,0.2522801250011071,True,True,2,05_runtime_budget_baselines/raw_runs.csv
Runtime budget baseline,Chao,VNS,p7.3.s,3,2500,8.896971825000492,8.646971825000492,11733,851.0,1081.0,21.27659574468085,363.342218037805,54,8.644968499997049,0.252003325003443,True,True,2,05_runtime_budget_baselines/raw_runs.csv
Runtime budget baseline,Chao,VNS,p7.3.t,0,2500,9.199892474999617,8.949892474999615,11349,963.0,1120.0,14.017857142857142,389.2696421777395,58,8.946118099996966,0.2537743750026493,True,True,2,05_runtime_budget_baselines/raw_runs.csv
Runtime budget baseline,Chao,VNS,p7.3.t,1,2500,9.199892474999617,8.949892474999615,10941,964.0,1120.0,13.928571428571429,391.1220615430767,59,8.946465900000476,0.2534265749991391,True,True,2,05_runtime_budget_baselines/raw_runs.csv
Runtime budget baseline,Chao,VNS,p7.3.t,2,2500,9.199892474999617,8.949892474999615,11648,941.0,1120.0,15.982142857142858,381.6161942651124,57,8.946485600001324,0.2534068749982907,True,True,2,05_runtime_budget_baselines/raw_runs.csv
Runtime budget baseline,Chao,VNS,p7.3.t,3,2500,9.199892474999617,8.949892474999615,11421,937.0,1120.0,16.339285714285715,379.48097333774376,58,8.947317199999816,0.2525752749997991,True,True,2,05_runtime_budget_baselines/raw_runs.csv
Runtime budget baseline,Chao,VNS,p7.4.g,0,2500,2.230402299999241,1.9804022999992408,16963,187.0,217.0,13.824884792626728,107.97115965679852,12,1.978516299997864,0.2518860000013774,True,True,2,05_runtime_budget_baselines/raw_runs.csv
Runtime budget baseline,Chao,VNS,p7.4.g,1,2500,2.230402299999241,1.9804022999992408,16864,187.0,217.0,13.824884792626728,108.98529553679148,12,1.9784921999998917,0.2519100999993497,True,True,2,05_runtime_budget_baselines/raw_runs.csv
Runtime budget baseline,Chao,VNS,p7.4.g,2,2500,2.230402299999241,1.9804022999992408,16938,187.0,217.0,13.824884792626728,107.97115965679852,12,1.978518800002348,0.2518834999968931,True,True,2,05_runtime_budget_baselines/raw_runs.csv
Runtime budget baseline,Chao,VNS,p7.4.g,3,2500,2.230402299999241,1.9804022999992408,16915,187.0,217.0,13.824884792626728,107.97115965679852,12,1.9757829000009224,0.2546193999983188,True,True,2,05_runtime_budget_baselines/raw_runs.csv
Runtime budget baseline,Chao,VNS,p7.4.h,0,2500,2.711994350000168,2.461994350000168,19394,259.0,285.0,9.12280701754386,146.58439802159165,15,2.460140600000159,0.2518537500000093,True,True,2,05_runtime_budget_baselines/raw_runs.csv
Runtime budget baseline,Chao,VNS,p7.4.h,1,2500,2.711994350000168,2.461994350000168,19347,259.0,285.0,9.12280701754386,146.58439802159165,15,2.460192800001096,0.2518015499990724,True,True,2,05_runtime_budget_baselines/raw_runs.csv
Runtime budget baseline,Chao,VNS,p7.4.h,2,2500,2.711994350000168,2.461994350000168,19399,259.0,285.0,9.12280701754386,146.58439802159165,15,2.4600838999976986,0.2519104500024696,True,True,2,05_runtime_budget_baselines/raw_runs.csv
Runtime budget baseline,Chao,VNS,p7.4.h,3,2500,2.711994350000168,2.461994350000168,19413,259.0,285.0,9.12280701754386,146.58439802159165,15,2.460179899997456,0.2518144500027119,True,True,2,05_runtime_budget_baselines/raw_runs.csv
Runtime budget baseline,Chao,VNS,p7.4.i,0,2500,3.1855116500000804,2.9355116500000804,19709,338.0,366.0,7.6502732240437155,172.7826311836675,20,2.931439399999362,0.2540722500007177,True,True,2,05_runtime_budget_baselines/raw_runs.csv
Runtime budget baseline,Chao,VNS,p7.4.i,1,2500,3.1855116500000804,2.9355116500000804,19545,338.0,366.0,7.6502732240437155,172.7826311836675,20,2.927665300001536,0.2578463499985446,True,True,2,05_runtime_budget_baselines/raw_runs.csv
Runtime budget baseline,Chao,VNS,p7.4.i,2,2500,3.1855116500000804,2.9355116500000804,19641,338.0,366.0,7.6502732240437155,172.7826311836675,20,2.933615499998268,0.2518961500018122,True,True,2,05_runtime_budget_baselines/raw_runs.csv
Runtime budget baseline,Chao,VNS,p7.4.i,3,2500,3.1855116500000804,2.9355116500000804,19599,338.0,366.0,7.6502732240437155,172.7826311836675,20,2.9336363000002166,0.2518753499998638,True,True,2,05_runtime_budget_baselines/raw_runs.csv
Runtime budget baseline,Chao,VNS,p7.4.k,0,2500,4.843515449999359,4.593515449999359,18624,462.0,520.0,11.153846153846153,199.07040840360395,29,4.591524700001173,0.2519907499981855,True,True,2,05_runtime_budget_baselines/raw_runs.csv
Runtime budget baseline,Chao,VNS,p7.4.k,1,2500,4.843515449999359,4.593515449999359,18655,462.0,520.0,11.153846153846153,199.07040840360395,29,4.591790800001036,0.251724649998323,True,True,2,05_runtime_budget_baselines/raw_runs.csv
Runtime budget baseline,Chao,VNS,p7.4.k,2,2500,4.843515449999359,4.593515449999359,18769,462.0,520.0,11.153846153846153,199.07040840360395,29,4.591678699998738,0.2518367500006206,True,True,2,05_runtime_budget_baselines/raw_runs.csv
Runtime budget baseline,Chao,VNS,p7.4.k,3,2500,4.843515449999359,4.593515449999359,18827,462.0,520.0,11.153846153846153,199.07040840360395,29,4.591791999999259,0.2517234500000995,True,True,2,05_runtime_budget_baselines/raw_runs.csv
Runtime budget baseline,Chao,VNS,p7.4.l,0,2500,5.106824675000098,4.856824675000098,15967,519.0,590.0,12.033898305084746,222.759798409554,32,4.851607000000513,0.2552176749995851,True,True,2,05_runtime_budget_baselines/raw_runs.csv
Runtime budget baseline,Chao,VNS,p7.4.l,1,2500,5.106824675000098,4.856824675000098,16059,519.0,590.0,12.033898305084746,222.759798409554,32,4.851015000000189,0.2558096749999095,True,True,2,05_runtime_budget_baselines/raw_runs.csv
Runtime budget baseline,Chao,VNS,p7.4.l,2,2500,5.106824675000098,4.856824675000098,16519,519.0,590.0,12.033898305084746,222.759798409554,32,4.854938699998456,0.2518859750016418,True,True,2,05_runtime_budget_baselines/raw_runs.csv
Runtime budget baseline,Chao,VNS,p7.4.l,3,2500,5.106824675000098,4.856824675000098,16508,519.0,590.0,12.033898305084746,222.759798409554,32,4.855048400000669,0.251776274999429,True,True,2,05_runtime_budget_baselines/raw_runs.csv
Runtime budget baseline,Chao,VNS,p7.4.m,0,2500,5.672325449999789,5.422325449999789,17054,563.0,646.0,12.84829721362229,237.8022731595026,34,5.419822699997894,0.252502750001895,True,True,2,05_runtime_budget_baselines/raw_runs.csv
Runtime budget baseline,Chao,VNS,p7.4.m,1,2500,5.672325449999789,5.422325449999789,17071,563.0,646.0,12.84829721362229,238.19623146651196,34,5.420618899999681,0.2517065500001081,True,True,2,05_runtime_budget_baselines/raw_runs.csv
Runtime budget baseline,Chao,VNS,p7.4.m,2,2500,5.672325449999789,5.422325449999789,17018,563.0,646.0,12.84829721362229,237.8022731595026,34,5.420454700000846,0.2518707499989432,True,True,2,05_runtime_budget_baselines/raw_runs.csv
Runtime budget baseline,Chao,VNS,p7.4.m,3,2500,5.672325449999789,5.422325449999789,17071,563.0,646.0,12.84829721362229,237.8022731595026,34,5.420931199998449,0.2513942500013399,True,True,2,05_runtime_budget_baselines/raw_runs.csv
Runtime budget baseline,Chao,VNS,p7.4.n,0,2500,6.741882575000091,6.491882575000091,18445,607.0,730.0,16.84931506849315,252.7953532079885,38,6.488432400001329,0.2534501749987612,True,True,2,05_runtime_budget_baselines/raw_runs.csv
Runtime budget baseline,Chao,VNS,p7.4.n,1,2500,6.741882575000091,6.491882575000091,18511,607.0,730.0,16.84931506849315,252.7953532079885,38,6.48728889999984,0.2545936750002511,True,True,2,05_runtime_budget_baselines/raw_runs.csv
Runtime budget baseline,Chao,VNS,p7.4.n,2,2500,6.741882575000091,6.491882575000091,18680,607.0,730.0,16.84931506849315,251.8954810727765,38,6.490104900000006,0.2517776750000848,True,True,2,05_runtime_budget_baselines/raw_runs.csv
Runtime budget baseline,Chao,VNS,p7.4.n,3,2500,6.741882575000091,6.491882575000091,18239,607.0,730.0,16.84931506849315,253.3228400543886,38,6.490154099999927,0.2517284750001636,True,True,2,05_runtime_budget_baselines/raw_runs.csv
Runtime budget baseline,Chao,VNS,p7.4.o,0,2500,6.809454424999785,6.559454424999785,13056,662.0,781.0,15.236875800256081,274.4451931067624,41,6.557598199997301,0.2518562250024843,True,True,2,05_runtime_budget_baselines/raw_runs.csv
Runtime budget baseline,Chao,VNS,p7.4.o,1,2500,6.809454424999785,6.559454424999785,13105,662.0,781.0,15.236875800256081,274.4451931067624,41,6.558070999999472,0.2513834250003128,True,True,2,05_runtime_budget_baselines/raw_runs.csv
Runtime budget baseline,Chao,VNS,p7.4.o,2,2500,6.809454424999785,6.559454424999785,13168,662.0,781.0,15.236875800256081,274.4451931067624,41,6.556800500002282,0.252653924997503,True,True,2,05_runtime_budget_baselines/raw_runs.csv
Runtime budget baseline,Chao,VNS,p7.4.o,3,2500,6.809454424999785,6.559454424999785,13108,662.0,781.0,15.236875800256081,274.4451931067624,41,6.555746000001818,0.2537084249979671,True,True,2,05_runtime_budget_baselines/raw_runs.csv
Runtime budget baseline,Chao,VNS,p7.4.p,0,2500,7.157711650000692,6.907711650000692,13493,730.0,846.0,13.711583924349881,300.8255790186477,43,6.90605819999837,0.2516534500023226,True,True,2,05_runtime_budget_baselines/raw_runs.csv
Runtime budget baseline,Chao,VNS,p7.4.p,1,2500,7.157711650000692,6.907711650000692,13555,730.0,846.0,13.711583924349881,300.8255790186477,43,6.90619770000194,0.2515139499987526,True,True,2,05_runtime_budget_baselines/raw_runs.csv
Runtime budget baseline,Chao,VNS,p7.4.p,2,2500,7.157711650000692,6.907711650000692,13459,730.0,846.0,13.711583924349881,300.8255790186477,43,6.90548150000177,0.2522301499989225,True,True,2,05_runtime_budget_baselines/raw_runs.csv
Runtime budget baseline,Chao,VNS,p7.4.p,3,2500,7.157711650000692,6.907711650000692,13532,730.0,846.0,13.711583924349881,300.8255790186477,43,6.906007199999294,0.2517044500013981,True,True,2,05_runtime_budget_baselines/raw_runs.csv
Runtime budget baseline,Chao,VNS,p7.4.q,0,2500,7.599131425000451,7.349131425000451,13395,777.0,909.0,14.521452145214521,319.0538538786178,47,7.344589800002723,0.2545416249977279,True,True,2,05_runtime_budget_baselines/raw_runs.csv
Runtime budget baseline,Chao,VNS,p7.4.q,1,2500,7.599131425000451,7.349131425000451,13541,777.0,909.0,14.521452145214521,319.0538538786178,47,7.346099799997319,0.2530316250031319,True,True,2,05_runtime_budget_baselines/raw_runs.csv
Runtime budget baseline,Chao,VNS,p7.4.q,2,2500,7.599131425000451,7.349131425000451,13387,777.0,909.0,14.521452145214521,319.0538538786178,47,7.346867799999018,0.2522636250014329,True,True,2,05_runtime_budget_baselines/raw_runs.csv
Runtime budget baseline,Chao,VNS,p7.4.q,3,2500,7.599131425000451,7.349131425000451,13511,777.0,909.0,14.521452145214521,319.0538538786178,47,7.347741800000222,0.251389625000229,True,True,2,05_runtime_budget_baselines/raw_runs.csv
Runtime budget baseline,Chao,VNS,p7.4.r,0,2500,7.4638690249998945,7.2138690249998945,12624,867.0,970.0,10.618556701030927,331.78969634146324,49,7.209796800001641,0.2540722249982536,True,True,2,05_runtime_budget_baselines/raw_runs.csv
Runtime budget baseline,Chao,VNS,p7.4.r,1,2500,7.4638690249998945,7.2138690249998945,12643,867.0,970.0,10.618556701030927,331.78969634146324,49,7.211724900000263,0.2521441249996314,True,True,2,05_runtime_budget_baselines/raw_runs.csv
Runtime budget baseline,Chao,VNS,p7.4.r,2,2500,7.4638690249998945,7.2138690249998945,12574,867.0,970.0,10.618556701030927,331.78969634146324,49,7.2110942999970575,0.2527747250028369,True,True,2,05_runtime_budget_baselines/raw_runs.csv
Runtime budget baseline,Chao,VNS,p7.4.r,3,2500,7.4638690249998945,7.2138690249998945,12627,867.0,970.0,10.618556701030927,331.78969634146324,49,7.211502199999813,0.252366825000081,True,True,2,05_runtime_budget_baselines/raw_runs.csv
Runtime budget baseline,Chao,VNS,p7.4.s,0,2500,7.606512374999056,7.356512374999056,10400,912.0,1022.0,10.76320939334638,351.0852756784347,53,7.351796099999774,0.2547162749992822,True,True,2,05_runtime_budget_baselines/raw_runs.csv
Runtime budget baseline,Chao,VNS,p7.4.s,1,2500,7.606512374999056,7.356512374999056,10445,905.0,1022.0,11.448140900195694,348.0230179301361,53,7.3514424999993935,0.2550698749996627,True,True,2,05_runtime_budget_baselines/raw_runs.csv
Runtime budget baseline,Chao,VNS,p7.4.s,2,2500,7.606512374999056,7.356512374999056,10405,912.0,1022.0,10.76320939334638,351.0852756784347,53,7.353993999997328,0.2525183750017277,True,True,2,05_runtime_budget_baselines/raw_runs.csv
Runtime budget baseline,Chao,VNS,p7.4.s,3,2500,7.606512374999056,7.356512374999056,10394,905.0,1022.0,11.448140900195694,348.0230179301361,53,7.3539518999969,0.2525604750021557,True,True,2,05_runtime_budget_baselines/raw_runs.csv
Runtime budget baseline,Chao,VNS,p7.4.t,0,2500,7.737363849999383,7.487363849999383,10202,974.0,1077.0,9.563602599814299,392.8543641501985,55,7.485566600000311,0.2517972499990719,True,True,2,05_runtime_budget_baselines/raw_runs.csv
Runtime budget baseline,Chao,VNS,p7.4.t,1,2500,7.737363849999383,7.487363849999383,10204,974.0,1077.0,9.563602599814299,392.8543641501985,55,7.484902500000317,0.2524613499990664,True,True,2,05_runtime_budget_baselines/raw_runs.csv
Runtime budget baseline,Chao,VNS,p7.4.t,2,2500,7.737363849999383,7.487363849999383,10006,975.0,1077.0,9.470752089136491,393.1473971733696,56,7.484629599999607,0.2527342499997758,True,True,2,05_runtime_budget_baselines/raw_runs.csv
Runtime budget baseline,Chao,VNS,p7.4.t,3,2500,7.737363849999383,7.487363849999383,10028,975.0,1077.0,9.470752089136491,393.1473971733696,56,7.4852305999993405,0.2521332500000426,True,True,2,05_runtime_budget_baselines/raw_runs.csv
Runtime budget baseline,Dang,GRASP,bier127_gen1_m2,0,2500,17.152962350000053,16.902962350000053,37248,98.0,106.0,7.547169811320755,58743.69968474531,98,16.9036042000007,0.2493581499993524,True,True,2,05_runtime_budget_baselines/raw_runs.csv
Runtime budget baseline,Dang,GRASP,bier127_gen1_m2,1,2500,17.152962350000053,16.902962350000053,37120,99.0,106.0,6.60377358490566,58816.32005577115,99,16.90322659999947,0.2497357500005819,True,True,2,05_runtime_budget_baselines/raw_runs.csv
Runtime budget baseline,Dang,GRASP,bier127_gen1_m2,2,2500,17.152962350000053,16.902962350000053,36569,97.0,106.0,8.49056603773585,55773.9304910138,97,16.903402999996615,0.2495593500034374,True,True,2,05_runtime_budget_baselines/raw_runs.csv
Runtime budget baseline,Dang,GRASP,bier127_gen1_m2,3,2500,17.152962350000053,16.902962350000053,36396,98.0,106.0,7.547169811320755,57771.68017294801,98,16.903426899996703,0.2495354500033499,True,True,2,05_runtime_budget_baselines/raw_runs.csv
Runtime budget baseline,Dang,GRASP,bier127_gen1_m3,0,2500,14.07591869999942,13.82591869999942,33928,97.0,103.0,5.825242718446602,57349.62800595074,97,13.82632900000317,0.2495896999962497,True,True,2,05_runtime_budget_baselines/raw_runs.csv
Runtime budget baseline,Dang,GRASP,bier127_gen1_m3,1,2500,14.07591869999942,13.82591869999942,33748,96.0,103.0,6.796116504854369,57489.52466993946,96,13.826638999998975,0.2492797000004429,True,True,2,05_runtime_budget_baselines/raw_runs.csv
Runtime budget baseline,Dang,GRASP,bier127_gen1_m3,2,2500,14.07591869999942,13.82591869999942,33908,96.0,103.0,6.796116504854369,56593.56831366672,96,13.82645390000107,0.2494647999983499,True,True,2,05_runtime_budget_baselines/raw_runs.csv
Runtime budget baseline,Dang,GRASP,bier127_gen1_m3,3,2500,14.07591869999942,13.82591869999942,33677,96.0,103.0,6.796116504854369,56821.77438017959,96,13.826371800001652,0.2495468999977674,True,True,2,05_runtime_budget_baselines/raw_runs.csv
Runtime budget baseline,Dang,GRASP,bier127_gen2_m2,0,2500,25.534227200000718,25.284227200000718,55665,5062.0,5464.0,7.357247437774524,57811.58101890779,97,25.28472529999999,0.2495019000007232,True,True,2,05_runtime_budget_baselines/raw_runs.csv
Runtime budget baseline,Dang,GRASP,bier127_gen2_m2,1,2500,25.534227200000718,25.284227200000718,55498,5180.0,5464.0,5.197657393850659,58809.37351476437,96,25.28452429999743,0.2497029000032853,True,True,2,05_runtime_budget_baselines/raw_runs.csv
Runtime budget baseline,Dang,GRASP,bier127_gen2_m2,2,2500,25.534227200000718,25.284227200000718,55879,5104.0,5464.0,6.588579795021962,58078.22970466689,95,25.284484700001485,0.249742499999229,True,True,2,05_runtime_budget_baselines/raw_runs.csv
Runtime budget baseline,Dang,GRASP,bier127_gen2_m2,3,2500,25.534227200000718,25.284227200000718,55672,5134.0,5464.0,6.039531478770132,58611.36832162262,95,25.28447220000089,0.2497549999998227,True,True,2,05_runtime_budget_baselines/raw_runs.csv
Runtime budget baseline,Dang,GRASP,bier127_gen2_m3,0,2500,16.727191424998637,16.477191424998637,41424,4978.0,5393.0,7.695160393102169,58637.74477909551,94,16.47743339999579,0.2497580250028477,True,True,2,05_runtime_budget_baselines/raw_runs.csv
Runtime budget baseline,Dang,GRASP,bier127_gen2_m3,1,2500,16.727191424998637,16.477191424998637,41065,4918.0,5393.0,8.807713702948266,58249.37330568268,95,16.477785299997777,0.2494061250008599,True,True,2,05_runtime_budget_baselines/raw_runs.csv
Runtime budget baseline,Dang,GRASP,bier127_gen2_m3,2,2500,16.727191424998637,16.477191424998637,41380,4921.0,5393.0,8.752086037455962,58618.04474024395,92,16.47753749999538,0.2496539250032583,True,True,2,05_runtime_budget_baselines/raw_runs.csv
Runtime budget baseline,Dang,GRASP,bier127_gen2_m3,3,2500,16.727191424998637,16.477191424998637,41051,4969.0,5393.0,7.862043389579084,58155.23380504247,94,16.478157500001544,0.2490339249970929,True,True,2,05_runtime_budget_baselines/raw_runs.csv
Runtime budget baseline,Dang,GRASP,bier127_gen2_m4,0,2500,16.221627800000533,15.971627800000531,42325,4805.0,5123.0,6.207300409916065,57322.28985479601,92,15.971963299998606,0.249664500001927,True,True,2,05_runtime_budget_baselines/raw_runs.csv
Runtime budget baseline,Dang,GRASP,bier127_gen2_m4,1,2500,16.221627800000533,15.971627800000531,42053,4870.0,5123.0,4.938512590279133,58419.56319752141,93,15.971940000003087,0.2496877999974458,True,True,2,05_runtime_budget_baselines/raw_runs.csv
Runtime budget baseline,Dang,GRASP,bier127_gen2_m4,2,2500,16.221627800000533,15.971627800000531,42435,4864.0,5123.0,5.055631465937927,58121.32017850035,92,15.97194319999835,0.2496846000021833,True,True,2,05_runtime_budget_baselines/raw_runs.csv
Runtime budget baseline,Dang,GRASP,bier127_gen2_m4,3,2500,16.221627800000533,15.971627800000531,42269,4862.0,5123.0,5.094671091157525,56921.63070862548,94,15.972283100003551,0.2493446999969819,True,True,2,05_runtime_budget_baselines/raw_runs.csv
Runtime budget baseline,Dang,GRASP,bier127_gen3_m2,0,2500,29.387025175000417,29.137025175000417,68037,2542.0,2885.0,11.889081455805892,57579.65553039392,100,29.1373029000024,0.249722274998021,True,True,2,05_runtime_budget_baselines/raw_runs.csv
Runtime budget baseline,Dang,GRASP,bier127_gen3_m2,1,2500,29.387025175000417,29.137025175000417,67415,2567.0,2885.0,11.022530329289427,58255.77727680805,86,29.137411299998348,0.2496138750020691,True,True,2,05_runtime_budget_baselines/raw_runs.csv
Runtime budget baseline,Dang,GRASP,bier127_gen3_m2,2,2500,29.387025175000417,29.137025175000417,67410,2605.0,2885.0,9.705372616984402,58985.94365244178,98,29.137696300000243,0.2493288750001738,True,True,2,05_runtime_budget_baselines/raw_runs.csv
Runtime budget baseline,Dang,GRASP,bier127_gen3_m2,3,2500,29.387025175000417,29.137025175000417,66905,2533.0,2885.0,12.20103986135182,58570.703143188846,97,29.13757369999803,0.2494514750023881,True,True,2,05_runtime_budget_baselines/raw_runs.csv
Runtime budget baseline,Dang,GRASP,bier127_gen3_m3,0,2500,24.74875665000036,24.49875665000036,60344,2561.0,2706.0,5.358462675535846,58795.5652522737,99,24.49915119999787,0.2496054500024911,True,True,2,05_runtime_budget_baselines/raw_runs.csv
Runtime budget baseline,Dang,GRASP,bier127_gen3_m3,1,2500,24.74875665000036,24.49875665000036,60143,2418.0,2706.0,10.643015521064301,57200.1403493314,94,24.49926140000025,0.249495250000109,True,True,2,05_runtime_budget_baselines/raw_runs.csv
Runtime budget baseline,Dang,GRASP,bier127_gen3_m3,2,2500,24.74875665000036,24.49875665000036,60256,2406.0,2706.0,11.086474501108647,58859.14556749585,98,24.49949860000197,0.2492580499983887,True,True,2,05_runtime_budget_baselines/raw_runs.csv
Runtime budget baseline,Dang,GRASP,bier127_gen3_m3,3,2500,24.74875665000036,24.49875665000036,59982,2356.0,2706.0,12.934220251293421,57404.6415576851,93,24.499282999997376,0.249473650002983,True,True,2,05_runtime_budget_baselines/raw_runs.csv
Runtime budget baseline,Dang,GRASP,bier127_gen3_m4,0,2500,18.83668509999916,18.58668509999916,47700,2190.0,2402.0,8.825978351373855,58676.93910944962,97,18.58748619999824,0.2491989000009198,True,True,2,05_runtime_budget_baselines/raw_runs.csv
Runtime budget baseline,Dang,GRASP,bier127_gen3_m4,1,2500,18.83668509999916,18.58668509999916,47427,2197.0,2402.0,8.534554537885096,57073.00997685817,97,18.587143999997352,0.2495411000018066,True,True,2,05_runtime_budget_baselines/raw_runs.csv
Runtime budget baseline,Dang,GRASP,bier127_gen3_m4,2,2500,18.83668509999916,18.58668509999916,47821,2178.0,2402.0,9.325562031640299,57346.29896619761,96,18.58705189999455,0.2496332000046095,True,True,2,05_runtime_budget_baselines/raw_runs.csv
Runtime budget baseline,Dang,GRASP,bier127_gen3_m4,3,2500,18.83668509999916,18.58668509999916,47694,2228.0,2402.0,7.243963363863447,57816.55831514397,97,18.587168899997778,0.2495162000013806,True,True,2,05_runtime_budget_baselines/raw_runs.csv
Runtime budget baseline,Dang,GRASP,cmt101c_m3,0,2500,9.301131875000465,9.051131875000465,33046,1200.0,1300.0,7.6923076923076925,373.8208662607248,66,9.05152509999607,0.2496067750043948,True,True,2,05_runtime_budget_baselines/raw_runs.csv
Runtime budget baseline,Dang,GRASP,cmt101c_m3,1,2500,9.301131875000465,9.051131875000465,33087,1170.0,1300.0,10.0,356.43941745083805,65,9.051460099995891,0.2496717750045718,True,True,2,05_runtime_budget_baselines/raw_runs.csv
Runtime budget baseline,Dang,GRASP,cmt101c_m3,2,2500,9.301131875000465,9.051131875000465,33170,1190.0,1300.0,8.461538461538462,361.2036140076035,62,9.051410699998089,0.249721175002378,True,True,2,05_runtime_budget_baselines/raw_runs.csv
Runtime budget baseline,Dang,GRASP,cmt101c_m3,3,2500,9.301131875000465,9.051131875000465,33011,1220.0,1300.0,6.153846153846154,370.6300612190267,65,9.051435499997751,0.2496963750027134,True,True,2,05_runtime_budget_baselines/raw_runs.csv
Runtime budget baseline,Dang,GRASP,cmt151b_m3,0,2500,15.708839575000638,15.458839575000638,49572,1256.0,1385.0,9.31407942238267,345.9169944070261,74,15.45914929999708,0.2496902750035587,True,True,2,05_runtime_budget_baselines/raw_runs.csv
Runtime budget baseline,Dang,GRASP,cmt151b_m3,1,2500,15.708839575000638,15.458839575000638,49447,1241.0,1385.0,10.397111913357401,341.8021069148698,68,15.459277099995234,0.2495624750054048,True,True,2,05_runtime_budget_baselines/raw_runs.csv
Runtime budget baseline,Dang,GRASP,cmt151b_m3,2,2500,15.708839575000638,15.458839575000638,49634,1241.0,1385.0,10.397111913357401,344.63115071294726,73,15.459258499999123,0.2495810750015152,True,True,2,05_runtime_budget_baselines/raw_runs.csv
Runtime budget baseline,Dang,GRASP,cmt151b_m3,3,2500,15.708839575000638,15.458839575000638,49264,1245.0,1385.0,10.108303249097473,340.2091434002139,70,15.459032200000363,0.2498073750002731,True,True,2,05_runtime_budget_baselines/raw_runs.csv
Runtime budget baseline,Dang,GRASP,cmt151c_m2,0,2500,23.293010200000023,23.043010200000023,46067,1847.0,1964.0,5.957230142566192,520.4311990221141,112,23.0438381999993,0.2491720000007262,True,True,2,05_runtime_budget_baselines/raw_runs.csv
Runtime budget baseline,Dang,GRASP,cmt151c_m2,1,2500,23.293010200000023,23.043010200000023,45789,1804.0,1964.0,8.146639511201629,520.268151873893,106,23.04340170000069,0.2496084999993399,True,True,2,05_runtime_budget_baselines/raw_runs.csv
Runtime budget baseline,Dang,GRASP,cmt151c_m2,2,2500,23.293010200000023,23.043010200000023,46300,1809.0,1964.0,7.892057026476579,522.0654801802918,107,23.043439200002467,0.2495709999975588,True,True,2,05_runtime_budget_baselines/raw_runs.csv
Runtime budget baseline,Dang,GRASP,cmt151c_m2,3,2500,23.293010200000023,23.043010200000023,45879,1816.0,1964.0,7.535641547861507,523.0871101888085,109,23.04372339999827,0.2492868000017551,True,True,2,05_runtime_budget_baselines/raw_runs.csv
Runtime budget baseline,Dang,GRASP,cmt151c_m3,0,2500,19.459460425000543,19.209460425000543,44546,1747.0,1916.0,8.820459290187891,518.0050159846046,103,19.20984370000224,0.2496167249983045,True,True,2,05_runtime_budget_baselines/raw_runs.csv
Runtime budget baseline,Dang,GRASP,cmt151c_m3,1,2500,19.459460425000543,19.209460425000543,44302,1775.0,1916.0,7.359081419624217,510.6907421240984,103,19.21025450000161,0.2492059249989324,True,True,2,05_runtime_budget_baselines/raw_runs.csv
Runtime budget baseline,Dang,GRASP,cmt151c_m3,2,2500,19.459460425000543,19.209460425000543,44449,1750.0,1916.0,8.663883089770355,514.1097719232492,106,19.20997599999828,0.2494844250022652,True,True,2,05_runtime_budget_baselines/raw_runs.csv
Runtime budget baseline,Dang,GRASP,cmt151c_m3,3,2500,19.459460425000543,19.209460425000543,44130,1735.0,1916.0,9.446764091858038,516.4671680932264,103,19.2101096999977,0.2493507250028415,True,True,2,05_runtime_budget_baselines/raw_runs.csv
Runtime budget baseline,Dang,GRASP,cmt151c_m4,0,2500,16.683133199999247,16.433133199999247,41374,1685.0,1880.0,10.372340425531915,519.0538916247463,100,16.433458299994527,0.2496749000047202,True,True,2,05_runtime_budget_baselines/raw_runs.csv
Runtime budget baseline,Dang,GRASP,cmt151c_m4,1,2500,16.683133199999247,16.433133199999247,41075,1657.0,1880.0,11.861702127659575,518.3594213516484,95,16.433512199997494,0.2496210000017527,True,True,2,05_runtime_budget_baselines/raw_runs.csv
Runtime budget baseline,Dang,GRASP,cmt151c_m4,2,2500,16.683133199999247,16.433133199999247,41153,1682.0,1880.0,10.53191489361702,516.9617059708346,96,16.433479400002398,0.2496537999968495,True,True,2,05_runtime_budget_baselines/raw_runs.csv
Runtime budget baseline,Dang,GRASP,cmt151c_m4,3,2500,16.683133199999247,16.433133199999247,41020,1651.0,1880.0,12.180851063829786,515.0637914657701,97,16.433480599996983,0.249652600002264,True,True,2,05_runtime_budget_baselines/raw_runs.csv
Runtime budget baseline,Dang,GRASP,cmt200b_m2,0,2500,39.156233175000125,38.906233175000125,82384,1864.0,2096.0,11.068702290076336,379.7192779149734,109,38.90686860000278,0.2493645749973438,True,True,2,05_runtime_budget_baselines/raw_runs.csv
Runtime budget baseline,Dang,GRASP,cmt200b_m2,1,2500,39.156233175000125,38.906233175000125,81497,1829.0,2096.0,12.738549618320612,374.58890434201953,105,38.90687769999931,0.2493554750008115,True,True,2,05_runtime_budget_baselines/raw_runs.csv
Runtime budget baseline,Dang,GRASP,cmt200b_m2,2,2500,39.156233175000125,38.906233175000125,77592,1826.0,2096.0,12.881679389312977,376.8162624731791,107,38.90697689999797,0.2492562750021534,True,True,2,05_runtime_budget_baselines/raw_runs.csv
Runtime budget baseline,Dang,GRASP,cmt200b_m2,3,2500,39.156233175000125,38.906233175000125,76032,1867.0,2096.0,10.92557251908397,376.1955214028902,107,38.907058400000096,0.2491747750000286,True,True,2,05_runtime_budget_baselines/raw_runs.csv
Runtime budget baseline,Dang,GRASP,cmt200b_m3,0,2500,27.987053099999684,27.737053099999684,66509,1736.0,2019.0,14.016840019811788,377.0948294691669,100,27.737456100003328,0.2495969999963563,True,True,2,05_runtime_budget_baselines/raw_runs.csv
Runtime budget baseline,Dang,GRASP,cmt200b_m3,1,2500,27.987053099999684,27.737053099999684,65702,1729.0,2019.0,14.363546310054483,367.1455429335664,98,27.73804750000272,0.2490055999969627,True,True,2,05_runtime_budget_baselines/raw_runs.csv
Runtime budget baseline,Dang,GRASP,cmt200b_m3,2,2500,27.987053099999684,27.737053099999684,67249,1753.0,2019.0,13.174839029222387,377.384616954088,100,27.737482399999863,0.2495706999998219,True,True,2,05_runtime_budget_baselines/raw_runs.csv
Runtime budget baseline,Dang,GRASP,cmt200b_m3,3,2500,27.987053099999684,27.737053099999684,65959,1774.0,2019.0,12.134720158494304,379.746403320701,97,27.73738890000095,0.2496641999987332,True,True,2,05_runtime_budget_baselines/raw_runs.csv
Runtime budget baseline,Dang,GRASP,cmt200b_m4,0,2500,22.954132700000628,22.704132700000628,58048,1636.0,1894.0,13.621964097148892,380.6224799711496,92,22.7046193999995,0.2495133000011264,True,True,2,05_runtime_budget_baselines/raw_runs.csv
Runtime budget baseline,Dang,GRASP,cmt200b_m4,1,2500,22.954132700000628,22.704132700000628,57120,1667.0,1894.0,11.985216473072862,372.146923749308,95,22.704986400000053,0.2491463000005751,True,True,2,05_runtime_budget_baselines/raw_runs.csv
Runtime budget baseline,Dang,GRASP,cmt200b_m4,2,2500,22.954132700000628,22.704132700000628,58236,1654.0,1894.0,12.671594508975712,376.24858591396793,90,22.704827900000964,0.2493047999996633,True,True,2,05_runtime_budget_baselines/raw_runs.csv
Runtime budget baseline,Dang,GRASP,cmt200b_m4,3,2500,22.954132700000628,22.704132700000628,57101,1673.0,1894.0,11.668426610348469,375.8868851717615,96,22.704681499999424,0.2494512000012037,True,True,2,05_runtime_budget_baselines/raw_runs.csv
Runtime budget baseline,Dang,GRASP,cmt200c_m2,0,2500,47.57637597499979,47.32637597499979,71044,2605.0,2818.0,7.558552164655784,565.644893072312,148,47.327052900000126,0.2493230749996655,True,True,2,05_runtime_budget_baselines/raw_runs.csv
Runtime budget baseline,Dang,GRASP,cmt200c_m2,1,2500,47.57637597499979,47.32637597499979,69659,2563.0,2818.0,9.048970901348474,563.7542973661562,152,47.32696360000409,0.2494123749956998,True,True,2,05_runtime_budget_baselines/raw_runs.csv
Runtime budget baseline,Dang,GRASP,cmt200c_m2,2,2500,47.57637597499979,47.32637597499979,71027,2564.0,2818.0,9.013484740951029,564.6616612287365,147,47.32778390000021,0.2485920749995784,True,True,2,05_runtime_budget_baselines/raw_runs.csv
Runtime budget baseline,Dang,GRASP,cmt200c_m2,3,2500,47.57637597499979,47.32637597499979,70018,2568.0,2818.0,8.87154009936125,565.7031410260975,145,47.32689580000442,0.2494801749953694,True,True,2,05_runtime_budget_baselines/raw_runs.csv
Runtime budget baseline,Dang,GRASP,cmt200c_m3,0,2500,36.215110574999926,35.965110574999926,63232,2429.0,2766.0,12.183658712942878,562.0004898197284,141,35.96609470000112,0.249015874998804,True,True,2,05_runtime_budget_baselines/raw_runs.csv
Runtime budget baseline,Dang,GRASP,cmt200c_m3,1,2500,36.215110574999926,35.965110574999926,62328,2447.0,2766.0,11.532899493853941,558.7533509796847,139,35.966048299997055,0.2490622750028706,True,True,2,05_runtime_budget_baselines/raw_runs.csv
Runtime budget baseline,Dang,GRASP,cmt200c_m3,2,2500,36.215110574999926,35.965110574999926,63236,2456.0,2766.0,11.207519884309471,554.9092892763149,144,35.96568679999473,0.2494237750051979,True,True,2,05_runtime_budget_baselines/raw_runs.csv
Runtime budget baseline,Dang,GRASP,cmt200c_m3,3,2500,36.215110574999926,35.965110574999926,62425,2496.0,2766.0,9.761388286334057,561.9059022021252,146,35.96603840000171,0.2490721749982185,True,True,2,05_runtime_budget_baselines/raw_runs.csv
Runtime budget baseline,Dang,GRASP,cmt200c_m4,0,2500,32.4448559500006,32.1948559500006,61419,2380.0,2712.0,12.24188790560472,563.0916313244791,136,32.195569200004684,0.2492867499959175,True,True,2,05_runtime_budget_baselines/raw_runs.csv
Runtime budget baseline,Dang,GRASP,cmt200c_m4,1,2500,32.4448559500006,32.1948559500006,60626,2346.0,2712.0,13.495575221238939,557.1812323398334,134,32.19544300000416,0.2494129499964401,True,True,2,05_runtime_budget_baselines/raw_runs.csv
Runtime budget baseline,Dang,GRASP,cmt200c_m4,2,2500,32.4448559500006,32.1948559500006,61467,2377.0,2712.0,12.35250737463127,565.546822823446,140,32.19558440000401,0.2492715499965925,True,True,2,05_runtime_budget_baselines/raw_runs.csv
Runtime budget baseline,Dang,GRASP,cmt200c_m4,3,2500,32.4448559500006,32.1948559500006,60779,2395.0,2712.0,11.688790560471977,561.1966004860418,141,32.19535580000229,0.2495001499983118,True,True,2,05_runtime_budget_baselines/raw_runs.csv
Runtime budget baseline,Dang,GRASP,eil101b_m3,0,2500,7.349109925000448,7.099109925000448,30782,855.0,916.0,6.6593886462882095,305.6592964677308,49,7.099517399998149,0.2495925250022992,True,True,2,05_runtime_budget_baselines/raw_runs.csv
Runtime budget baseline,Dang,GRASP,eil101b_m3,1,2500,7.349109925000448,7.099109925000448,30592,844.0,916.0,7.860262008733624,311.8142512221858,48,7.099450800000341,0.2496591250001074,True,True,2,05_runtime_budget_baselines/raw_runs.csv
Runtime budget baseline,Dang,GRASP,eil101b_m3,2,2500,7.349109925000448,7.099109925000448,30746,843.0,916.0,7.96943231441048,311.3469887508767,52,7.099404100001266,0.2497058249991823,True,True,2,05_runtime_budget_baselines/raw_runs.csv
Runtime budget baseline,Dang,GRASP,eil101b_m3,3,2500,7.349109925000448,7.099109925000448,30559,848.0,916.0,7.423580786026201,305.2776365398503,51,7.09934290000092,0.249767024999528,True,True,2,05_runtime_budget_baselines/raw_runs.csv
Runtime budget baseline,Dang,GRASP,eil101c_m2,0,2500,11.105511849999855,10.855511849999855,31561,1219.0,1305.0,6.590038314176245,469.2519819460852,72,10.85567269999592,0.249839150003936,True,True,2,05_runtime_budget_baselines/raw_runs.csv
Runtime budget baseline,Dang,GRASP,eil101c_m2,1,2500,11.105511849999855,10.855511849999855,31474,1230.0,1305.0,5.747126436781609,467.88012693112046,74,10.855686499999138,0.2498253500007194,True,True,2,05_runtime_budget_baselines/raw_runs.csv
Runtime budget baseline,Dang,GRASP,eil101c_m2,2,2500,11.105511849999855,10.855511849999855,31678,1220.0,1305.0,6.513409961685824,471.5752685774301,70,10.855902600000263,0.2496092499995938,True,True,2,05_runtime_budget_baselines/raw_runs.csv
Runtime budget baseline,Dang,GRASP,eil101c_m2,3,2500,11.105511849999855,10.855511849999855,31596,1211.0,1305.0,7.203065134099617,464.6579481159563,72,10.85588540000026,0.2496264499995959,True,True,2,05_runtime_budget_baselines/raw_runs.csv
Runtime budget baseline,Dang,GRASP,eil101c_m3,0,2500,9.564464200000655,9.314464200000655,30501,1180.0,1251.0,5.675459632294165,466.2178616628892,70,9.314770900004078,0.2496932999965793,True,True,2,05_runtime_budget_baselines/raw_runs.csv
Runtime budget baseline,Dang,GRASP,eil101c_m3,1,2500,9.564464200000655,9.314464200000655,30431,1192.0,1251.0,4.7162270183852915,466.1425636539968,69,9.314677599999412,0.2497866000012436,True,True,2,05_runtime_budget_baselines/raw_runs.csv
Runtime budget baseline,Dang,GRASP,eil101c_m3,2,2500,9.564464200000655,9.314464200000655,30348,1182.0,1251.0,5.5155875299760195,460.4418204803621,69,9.314866699998674,0.2495975000019825,True,True,2,05_runtime_budget_baselines/raw_runs.csv
Runtime budget baseline,Dang,GRASP,eil101c_m3,3,2500,9.564464200000655,9.314464200000655,30257,1175.0,1251.0,6.075139888089528,457.097423020163,69,9.315095600002678,0.2493685999979789,True,True,2,05_runtime_budget_baselines/raw_runs.csv
Runtime budget baseline,Dang,GRASP,gil262_gen1_m3,0,2500,24.997255774998848,24.747255774998848,59380,88.0,101.0,12.871287128712872,1181.8747596983342,88,24.74798649999866,0.2492692750001879,True,True,2,05_runtime_budget_baselines/raw_runs.csv
Runtime budget baseline,Dang,GRASP,gil262_gen1_m3,1,2500,24.997255774998848,24.747255774998848,57365,88.0,101.0,12.871287128712872,1179.8839849712597,88,24.74799840000196,0.2492573749968869,True,True,2,05_runtime_budget_baselines/raw_runs.csv
Runtime budget baseline,Dang,GRASP,gil262_gen1_m3,2,2500,24.997255774998848,24.747255774998848,58860,88.0,101.0,12.871287128712872,1174.066463807101,88,24.748757499997737,0.2484982750011113,True,True,2,05_runtime_budget_baselines/raw_runs.csv
Runtime budget baseline,Dang,GRASP,gil262_gen1_m3,3,2500,24.997255774998848,24.747255774998848,57317,88.0,101.0,12.871287128712872,1180.3849488493322,88,24.748165099998005,0.2490906750008434,True,True,2,05_runtime_budget_baselines/raw_runs.csv
Runtime budget baseline,Dang,GRASP,gil262_gen1_m4,0,2500,17.904335599999285,17.654335599999285,42222,71.0,78.0,8.974358974358974,1158.854200419883,71,17.65565300000162,0.2486825999976645,True,True,2,05_runtime_budget_baselines/raw_runs.csv
Runtime budget baseline,Dang,GRASP,gil262_gen1_m4,1,2500,17.904335599999285,17.654335599999285,41486,71.0,78.0,8.974358974358974,1158.040178983525,71,17.657056700001704,0.2472788999975819,True,True,2,05_runtime_budget_baselines/raw_runs.csv
Runtime budget baseline,Dang,GRASP,gil262_gen1_m4,2,2500,17.904335599999285,17.654335599999285,42015,71.0,78.0,8.974358974358974,1161.501712219619,71,17.65486129999772,0.249474300001566,True,True,2,05_runtime_budget_baselines/raw_runs.csv
Runtime budget baseline,Dang,GRASP,gil262_gen1_m4,3,2500,17.904335599999285,17.654335599999285,41371,70.0,78.0,10.256410256410257,1163.7580029942849,70,17.65809050000098,0.2462450999983048,True,True,2,05_runtime_budget_baselines/raw_runs.csv
Runtime budget baseline,Dang,GRASP,gil262_gen2_m2,0,2500,59.76122350000151,59.4624173825015,121843,6402.0,7498.0,14.61723126166978,1176.3315261952216,115,59.46299659999932,0.2982269000021915,True,True,2,05_runtime_budget_baselines/raw_runs.csv
Runtime budget baseline,Dang,GRASP,gil262_gen2_m2,1,2500,59.76122350000151,59.4624173825015,118768,6424.0,7498.0,14.3238196852494,1172.122095144509,111,59.4630901000055,0.2981333999960043,True,True,2,05_runtime_budget_baselines/raw_runs.csv
Runtime budget baseline,Dang,GRASP,gil262_gen2_m2,2,2500,59.76122350000151,59.4624173825015,121534,6271.0,7498.0,16.364363830354762,1183.667420479968,105,59.462893200005055,0.2983302999964508,True,True,2,05_runtime_budget_baselines/raw_runs.csv
Runtime budget baseline,Dang,GRASP,gil262_gen2_m2,3,2500,59.76122350000151,59.4624173825015,118735,6308.0,7498.0,15.870898906375034,1174.7643050449396,108,59.46304379999492,0.2981797000065853,True,True,2,05_runtime_budget_baselines/raw_runs.csv
Runtime budget baseline,Dang,GRASP,gil262_gen2_m3,0,2500,28.07349539999996,27.82349539999996,67000,4845.0,5615.0,13.713268032056991,1167.7097700060367,81,27.82487659999606,0.2486188000038964,True,True,2,05_runtime_budget_baselines/raw_runs.csv
Runtime budget baseline,Dang,GRASP,gil262_gen2_m3,1,2500,28.07349539999996,27.82349539999996,65130,4933.0,5615.0,12.146037399821905,1186.1763951994922,82,27.823934300002293,0.2495610999976634,True,True,2,05_runtime_budget_baselines/raw_runs.csv
Runtime budget baseline,Dang,GRASP,gil262_gen2_m3,2,2500,28.07349539999996,27.82349539999996,66672,4839.0,5615.0,13.820124666073019,1188.053015209671,81,27.8274678999951,0.2460275000048568,True,True,2,05_runtime_budget_baselines/raw_runs.csv
Runtime budget baseline,Dang,GRASP,gil262_gen2_m3,3,2500,28.07349539999996,27.82349539999996,64574,4866.0,5615.0,13.339269813000891,1183.5061367637804,82,27.82422139999835,0.2492740000016056,True,True,2,05_runtime_budget_baselines/raw_runs.csv
Runtime budget baseline,Dang,GRASP,gil262_gen3_m2,0,2500,56.32583732499916,56.04420813837416,110482,5617.0,7183.0,21.801475706529306,1183.2116034228611,119,56.04501409999648,0.2808232250026776,True,True,2,05_runtime_budget_baselines/raw_runs.csv
Runtime budget baseline,Dang,GRASP,gil262_gen3_m2,1,2500,56.32583732499916,56.04420813837416,107853,5355.0,7183.0,25.448976750661284,1182.4774945723634,115,56.045016700001725,0.2808206249974319,True,True,2,05_runtime_budget_baselines/raw_runs.csv
Runtime budget baseline,Dang,GRASP,gil262_gen3_m2,2,2500,56.32583732499916,56.04420813837416,110685,5369.0,7183.0,25.2540721147153,1179.9608229729452,112,56.04495200000383,0.2808853249953245,True,True,2,05_runtime_budget_baselines/raw_runs.csv
Runtime budget baseline,Dang,GRASP,gil262_gen3_m2,3,2500,56.32583732499916,56.04420813837416,107952,5340.0,7183.0,25.657803146317693,1180.700874391459,109,56.044872600003146,0.2809647249960108,True,True,2,05_runtime_budget_baselines/raw_runs.csv
Runtime budget baseline,Dang,GRASP,gil262_gen3_m4,0,2500,21.28265452499909,21.03265452499909,50338,2189.0,2507.0,12.68448344635022,1165.946515186541,70,21.03432210000028,0.2483324249988072,True,True,2,05_runtime_budget_baselines/raw_runs.csv
Runtime budget baseline,Dang,GRASP,gil262_gen3_m4,1,2500,21.28265452499909,21.03265452499909,49221,2209.0,2507.0,11.886717191862784,1163.8349571161275,71,21.033104000001916,0.2495505249971756,True,True,2,05_runtime_budget_baselines/raw_runs.csv
Runtime budget baseline,Dang,GRASP,gil262_gen3_m4,2,2500,21.28265452499909,21.03265452499909,50321,2292.0,2507.0,8.575987235739928,1171.1777130136018,73,21.03407100000186,0.2485835249972297,True,True,2,05_runtime_budget_baselines/raw_runs.csv
Runtime budget baseline,Dang,GRASP,gil262_gen3_m4,3,2500,21.28265452499909,21.03265452499909,48912,2282.0,2507.0,8.974870362983646,1171.4441454405924,72,21.03367960000469,0.2489749249943997,True,True,2,05_runtime_budget_baselines/raw_runs.csv
Runtime budget baseline,Dang,GRASP,gil262a_m2,0,2500,22.421170749999877,22.171170749999877,63559,3665.0,4078.0,10.127513487003434,587.9705912833984,66,22.17173480000201,0.24943594999786,True,True,2,05_runtime_budget_baselines/raw_runs.csv
Runtime budget baseline,Dang,GRASP,gil262a_m2,1,2500,22.421170749999877,22.171170749999877,62540,3700.0,4078.0,9.269249632172633,571.2031240050183,67,22.172130399994785,0.2490403500050888,True,True,2,05_runtime_budget_baselines/raw_runs.csv
Runtime budget baseline,Dang,GRASP,gil262a_m2,2,2500,22.421170749999877,22.171170749999877,63758,3690.0,4078.0,9.514467876410006,583.114171332279,65,22.17155630000343,0.249614449996443,True,True,2,05_runtime_budget_baselines/raw_runs.csv
Runtime budget baseline,Dang,GRASP,gil262a_m2,3,2500,22.421170749999877,22.171170749999877,62092,3714.0,4078.0,8.925944090240314,586.5798001977537,70,22.17170559999795,0.2494651500019244,True,True,2,05_runtime_budget_baselines/raw_runs.csv
Runtime budget baseline,Dang,GRASP,gil262a_m4,0,2500,12.685807675001342,12.435807675001342,33352,2908.0,3175.0,8.409448818897637,582.2748281921556,53,12.436384699998598,0.2494229750027443,True,True,2,05_runtime_budget_baselines/raw_runs.csv
Runtime budget baseline,Dang,GRASP,gil262a_m4,1,2500,12.685807675001342,12.435807675001342,32612,2874.0,3175.0,9.48031496062992,578.7243006455714,50,12.436272899998585,0.2495347750027576,True,True,2,05_runtime_budget_baselines/raw_runs.csv
Runtime budget baseline,Dang,GRASP,gil262a_m4,2,2500,12.685807675001342,12.435807675001342,31395,2923.0,3175.0,7.937007874015748,586.647444059487,52,12.43632620000426,0.2494814749970828,True,True,2,05_runtime_budget_baselines/raw_runs.csv
Runtime budget baseline,Dang,GRASP,gil262a_m4,3,2500,12.685807675001342,12.435807675001342,30864,2942.0,3175.0,7.338582677165355,586.5022752369366,51,12.437448500000755,0.2483591750005871,True,True,2,05_runtime_budget_baselines/raw_runs.csv
Runtime budget baseline,Dang,GRASP,gil262b_m2,0,2500,54.28280810000069,54.01139405950069,98175,6738.0,8081.0,16.619230293280534,1180.68712038163,126,54.01241300000402,0.2703950999966764,True,True,2,05_runtime_budget_baselines/raw_runs.csv
Runtime budget baseline,Dang,GRASP,gil262b_m2,1,2500,54.28280810000069,54.01139405950069,95293,6716.0,8081.0,16.891473827496597,1181.994946306117,123,54.01195739999821,0.2708507000024838,True,True,2,05_runtime_budget_baselines/raw_runs.csv
Runtime budget baseline,Dang,GRASP,gil262b_m2,2,2500,54.28280810000069,54.01139405950069,97941,6722.0,8081.0,16.817225590892217,1173.9854455804732,122,54.01188720000209,0.2709208999986003,True,True,2,05_runtime_budget_baselines/raw_runs.csv
Runtime budget baseline,Dang,GRASP,gil262b_m2,3,2500,54.28280810000069,54.01139405950069,95675,6854.0,8081.0,15.183764385595842,1182.1004425718247,122,54.01376490000257,0.2690431999981229,True,True,2,05_runtime_budget_baselines/raw_runs.csv
Runtime budget baseline,Dang,GRASP,gil262b_m3,0,2500,39.742718599999534,39.492718599999534,81651,6216.0,7585.0,18.048780487804876,1180.378328049022,118,39.49439179999899,0.2483268000005409,True,True,2,05_runtime_budget_baselines/raw_runs.csv
Runtime budget baseline,Dang,GRASP,gil262b_m3,1,2500,39.742718599999534,39.492718599999534,79629,6461.0,7585.0,14.818721160184575,1175.162477770657,115,39.49432039999374,0.2483982000057949,True,True,2,05_runtime_budget_baselines/raw_runs.csv
Runtime budget baseline,Dang,GRASP,gil262b_m3,2,2500,39.742718599999534,39.492718599999534,81865,6438.0,7585.0,15.121951219512194,1179.6408495182309,118,39.49674740000046,0.2459711999990759,True,True,2,05_runtime_budget_baselines/raw_runs.csv
Runtime budget baseline,Dang,GRASP,gil262b_m3,3,2500,39.742718599999534,39.492718599999534,79906,6419.0,7585.0,15.372445616348056,1180.277271887129,116,39.493984299995645,0.248734300003889,True,True,2,05_runtime_budget_baselines/raw_runs.csv
Runtime budget baseline,Dang,GRASP,gil262b_m4,0,2500,31.320743649999716,31.070743649999716,66533,5893.0,6781.0,13.095413655802979,1167.12292838862,103,31.071287899998424,0.2494557500012888,True,True,2,05_runtime_budget_baselines/raw_runs.csv
Runtime budget baseline,Dang,GRASP,gil262b_m4,1,2500,31.320743649999716,31.070743649999716,64711,5914.0,6781.0,12.785724819348179,1184.1070333463113,104,31.07162360000075,0.2491200499989645,True,True,2,05_runtime_budget_baselines/raw_runs.csv
Runtime budget baseline,Dang,GRASP,gil262b_m4,2,2500,31.320743649999716,31.070743649999716,66482,5751.0,6781.0,15.189500073735438,1173.1412165108654,111,31.07356379999692,0.2471798500027944,True,True,2,05_runtime_budget_baselines/raw_runs.csv
Runtime budget baseline,Dang,GRASP,gil262b_m4,3,2500,31.320743649999716,31.070743649999716,65217,5850.0,6781.0,13.729538416162807,1169.2055260262096,108,31.071506899999804,0.249236749999909,True,True,2,05_runtime_budget_baselines/raw_runs.csv
Runtime budget baseline,Dang,GRASP,gil262c_m2,0,2500,71.7763644000006,71.4174825780006,91728,9707.0,11030.0,11.99456029011786,1768.8504006207272,174,71.41875699999946,0.3576074000011431,True,True,2,05_runtime_budget_baselines/raw_runs.csv
Runtime budget baseline,Dang,GRASP,gil262c_m2,1,2500,71.7763644000006,71.4174825780006,89137,9617.0,11030.0,12.810516772438802,1773.5215767108343,173,71.41856450000341,0.3577998999971896,True,True,2,05_runtime_budget_baselines/raw_runs.csv
Runtime budget baseline,Dang,GRASP,gil262c_m2,2,2500,71.7763644000006,71.4174825780006,91144,9488.0,11030.0,13.980054397098822,1777.0699634727907,173,71.41828499999974,0.3580794000008609,True,True,2,05_runtime_budget_baselines/raw_runs.csv
Runtime budget baseline,Dang,GRASP,gil262c_m2,3,2500,71.7763644000006,71.4174825780006,88652,9617.0,11030.0,12.810516772438802,1775.2809997784243,176,71.41904310000245,0.3573212999981479,True,True,2,05_runtime_budget_baselines/raw_runs.csv
Runtime budget baseline,Dang,GRASP,gil262c_m3,0,2500,54.2995010249997,54.0280035198747,79545,9165.0,10757.0,14.799665334200986,1773.2394936279643,170,54.028890699999465,0.2706103250002343,True,True,2,05_runtime_budget_baselines/raw_runs.csv
Runtime budget baseline,Dang,GRASP,gil262c_m3,1,2500,54.2995010249997,54.0280035198747,81573,9023.0,10757.0,16.119735985869667,1772.2607109801002,161,54.02885940000124,0.2706416249984613,True,True,2,05_runtime_budget_baselines/raw_runs.csv
Runtime budget baseline,Dang,GRASP,gil262c_m3,2,2500,54.2995010249997,54.0280035198747,79533,9271.0,10757.0,13.8142604815469,1754.8749145973966,163,54.02942559999792,0.270075425001778,True,True,2,05_runtime_budget_baselines/raw_runs.csv
Runtime budget baseline,Dang,GRASP,gil262c_m3,3,2500,54.2995010249997,54.0280035198747,81378,9032.0,10757.0,16.036069536116017,1760.381304581828,165,54.02939509999851,0.2701059250011894,True,True,2,05_runtime_budget_baselines/raw_runs.csv
Runtime budget baseline,Dang,GRASP,gil262c_m4,0,2500,46.53385975000037,46.28385975000037,74121,8676.0,10281.0,15.611321855850598,1773.1211755266518,164,46.284874500001024,0.2489852499993503,True,True,2,05_runtime_budget_baselines/raw_runs.csv
Runtime budget baseline,Dang,GRASP,gil262c_m4,1,2500,46.53385975000037,46.28385975000037,76367,8944.0,10281.0,13.004571539733488,1759.9052809102286,162,46.28524480000488,0.248614949995499,True,True,2,05_runtime_budget_baselines/raw_runs.csv
Runtime budget baseline,Dang,GRASP,gil262c_m4,2,2500,46.53385975000037,46.28385975000037,73811,8572.0,10281.0,16.62289660538858,1770.700325950618,158,46.284526299998106,0.2493334500022683,True,True,2,05_runtime_budget_baselines/raw_runs.csv
Runtime budget baseline,Dang,GRASP,gil262c_m4,3,2500,46.53385975000037,46.28385975000037,76166,8662.0,10281.0,15.747495379826866,1768.4946875629844,155,46.28480610000406,0.2490536499963127,True,True,2,05_runtime_budget_baselines/raw_runs.csv
Runtime budget baseline,Dang,GRASP,gr229_gen1_m4,0,2500,33.247639100001834,32.997639100001834,38434,218.0,223.0,2.242152466367713,1712.712121333415,218,32.99880110000231,0.2488379999995231,True,True,2,05_runtime_budget_baselines/raw_runs.csv
Runtime budget baseline,Dang,GRASP,gr229_gen1_m4,1,2500,33.247639100001834,32.997639100001834,38849,218.0,223.0,2.242152466367713,1713.2406700780512,218,32.99978859999828,0.2478505000035511,True,True,2,05_runtime_budget_baselines/raw_runs.csv
Runtime budget baseline,Dang,GRASP,gr229_gen1_m4,2,2500,33.247639100001834,32.997639100001834,38354,219.0,223.0,1.7937219730941705,1740.1423201206828,219,32.99924050000118,0.2483986000006552,True,True,2,05_runtime_budget_baselines/raw_runs.csv
Runtime budget baseline,Dang,GRASP,gr229_gen1_m4,3,2500,33.247639100001834,32.997639100001834,38901,219.0,223.0,1.7937219730941705,1747.499882001851,219,32.9989190999986,0.2487200000032317,True,True,2,05_runtime_budget_baselines/raw_runs.csv
Runtime budget baseline,Dang,GRASP,gr229_gen2_m3,0,2500,27.48922107499948,27.23922107499948,28920,11120.0,11566.0,3.856130036313332,1664.5472346674237,220,27.24065020000125,0.2485708749982222,True,True,2,05_runtime_budget_baselines/raw_runs.csv
Runtime budget baseline,Dang,GRASP,gr229_gen2_m3,1,2500,27.48922107499948,27.23922107499948,28493,11120.0,11566.0,3.856130036313332,1666.554962795944,220,27.240590299996256,0.248630775003221,True,True,2,05_runtime_budget_baselines/raw_runs.csv
Runtime budget baseline,Dang,GRASP,gr229_gen2_m3,2,2500,27.48922107499948,27.23922107499948,28879,11120.0,11566.0,3.856130036313332,1654.360605362638,220,27.2410133999947,0.2482076750047781,True,True,2,05_runtime_budget_baselines/raw_runs.csv
Runtime budget baseline,Dang,GRASP,gr229_gen2_m3,3,2500,27.48922107499948,27.23922107499948,28435,11120.0,11566.0,3.856130036313332,1662.8434931586753,220,27.2402660000007,0.2489550749987756,True,True,2,05_runtime_budget_baselines/raw_runs.csv
Runtime budget baseline,Dang,GRASP,gr229_gen2_m4,0,2500,43.4268879250003,43.1768879250003,51662,11081.0,11355.0,2.413033905768384,1743.0625864915085,218,43.17835449999984,0.2485334250004598,True,True,2,05_runtime_budget_baselines/raw_runs.csv
Runtime budget baseline,Dang,GRASP,gr229_gen2_m4,1,2500,43.4268879250003,43.1768879250003,51110,11083.0,11355.0,2.395420519594892,1754.1813029792593,219,43.17826829999831,0.2486196250019929,True,True,2,05_runtime_budget_baselines/raw_runs.csv
Runtime budget baseline,Dang,GRASP,gr229_gen2_m4,2,2500,43.4268879250003,43.1768879250003,51366,11083.0,11355.0,2.395420519594892,1751.451929716848,219,43.178017199999886,0.2488707250004154,True,True,2,05_runtime_budget_baselines/raw_runs.csv
Runtime budget baseline,Dang,GRASP,gr229_gen2_m4,3,2500,43.4268879250003,43.1768879250003,50506,11083.0,11355.0,2.395420519594892,1744.185545999248,219,43.17803680000361,0.2488511249966905,True,True,2,05_runtime_budget_baselines/raw_runs.csv
Runtime budget baseline,Dang,GRASP,gr229_gen3_m3,0,2500,26.590247125000133,26.340247125000133,27880,7355.0,8056.0,8.701588877855015,1580.5110400836058,220,26.34183650000341,0.2484106249967226,True,True,2,05_runtime_budget_baselines/raw_runs.csv
Runtime budget baseline,Dang,GRASP,gr229_gen3_m3,1,2500,26.590247125000133,26.340247125000133,27453,7355.0,8056.0,8.701588877855015,1617.482058139989,220,26.341234000006807,0.2490131249933256,True,True,2,05_runtime_budget_baselines/raw_runs.csv
Runtime budget baseline,Dang,GRASP,gr229_gen3_m3,2,2500,26.590247125000133,26.340247125000133,28063,7385.0,8056.0,8.329195630585899,1680.4054689517898,218,26.34162839999772,0.2486187250024158,True,True,2,05_runtime_budget_baselines/raw_runs.csv
Runtime budget baseline,Dang,GRASP,gr229_gen3_m3,3,2500,26.590247125000133,26.340247125000133,27659,7355.0,8056.0,8.701588877855015,1591.5831464347548,220,26.3412032999986,0.2490438250015358,True,True,2,05_runtime_budget_baselines/raw_runs.csv
Runtime budget baseline,Dang,GRASP,gr229_gen3_m4,0,2500,54.309092349999446,54.03754688824945,62865,7298.0,7651.0,4.613775976996471,1726.9451033384548,219,54.03901500000211,0.2700773499973365,True,True,2,05_runtime_budget_baselines/raw_runs.csv
Runtime budget baseline,Dang,GRASP,gr229_gen3_m4,1,2500,54.309092349999446,54.03754688824945,61973,7298.0,7651.0,4.613775976996471,1733.3174497739894,219,54.03933910000342,0.2697532499960289,True,True,2,05_runtime_budget_baselines/raw_runs.csv
Runtime budget baseline,Dang,GRASP,gr229_gen3_m4,2,2500,54.309092349999446,54.03754688824945,63004,7298.0,7651.0,4.613775976996471,1740.7045940516734,219,54.03873590000149,0.270356449997962,True,True,2,05_runtime_budget_baselines/raw_runs.csv
Runtime budget baseline,Dang,GRASP,gr229_gen3_m4,3,2500,54.309092349999446,54.03754688824945,62005,7298.0,7651.0,4.613775976996471,1734.410828228871,219,54.03858780000155,0.2705045499978951,True,True,2,05_runtime_budget_baselines/raw_runs.csv
Runtime budget baseline,Dang,GRASP,kroA150_gen2_m2,0,2500,23.57265989999996,23.32265989999996,79688,3965.0,4335.0,8.53517877739331,13131.657079674093,67,23.32302329999948,0.2496366000004855,True,True,2,05_runtime_budget_baselines/raw_runs.csv
Runtime budget baseline,Dang,GRASP,kroA150_gen2_m2,1,2500,23.57265989999996,23.32265989999996,78558,3965.0,4335.0,8.53517877739331,12949.00013370231,68,23.32295210000302,0.2497077999969406,True,True,2,05_runtime_budget_baselines/raw_runs.csv
Runtime budget baseline,Dang,GRASP,kroA150_gen2_m2,2,2500,23.57265989999996,23.32265989999996,79557,3985.0,4335.0,8.073817762399077,13069.893239645246,70,23.32292669999879,0.2497332000011738,True,True,2,05_runtime_budget_baselines/raw_runs.csv
Runtime budget baseline,Dang,GRASP,kroA150_gen2_m2,3,2500,23.57265989999996,23.32265989999996,79466,3961.0,4335.0,8.627450980392156,13020.001447285682,67,23.322995100003027,0.2496647999969354,True,True,2,05_runtime_budget_baselines/raw_runs.csv
Runtime budget baseline,Dang,GRASP,kroA150_gen3_m3,0,2500,15.560033299999304,15.310033299999304,56150,2377.0,2726.0,12.802641232575201,13045.62300956611,63,15.310555999996724,0.2494773000025816,True,True,2,05_runtime_budget_baselines/raw_runs.csv
Runtime budget baseline,Dang,GRASP,kroA150_gen3_m3,1,2500,15.560033299999304,15.310033299999304,55562,2283.0,2726.0,16.250917094644166,13124.116153781788,60,15.310307899999316,0.2497253999999884,True,True,2,05_runtime_budget_baselines/raw_runs.csv
Runtime budget baseline,Dang,GRASP,kroA150_gen3_m3,2,2500,15.560033299999304,15.310033299999304,56102,2299.0,2726.0,15.663976522377109,12732.536692257445,61,15.310515899996972,0.2495174000023325,True,True,2,05_runtime_budget_baselines/raw_runs.csv
Runtime budget baseline,Dang,GRASP,kroA150_gen3_m3,3,2500,15.560033299999304,15.310033299999304,55650,2379.0,2726.0,12.72927366104182,13066.77075184887,66,15.310283200000413,0.2497500999988915,True,True,2,05_runtime_budget_baselines/raw_runs.csv
Runtime budget baseline,Dang,GRASP,kroA200_gen1_m4,0,2500,14.933187174999148,14.683187174999148,44037,71.0,81.0,12.345679012345679,14357.313455333724,71,14.683655499997258,0.2495316750018901,True,True,2,05_runtime_budget_baselines/raw_runs.csv
Runtime budget baseline,Dang,GRASP,kroA200_gen1_m4,1,2500,14.933187174999148,14.683187174999148,43517,71.0,81.0,12.345679012345679,14441.789579961418,71,14.68358630000148,0.2496008749976681,True,True,2,05_runtime_budget_baselines/raw_runs.csv
Runtime budget baseline,Dang,GRASP,kroA200_gen1_m4,2,2500,14.933187174999148,14.683187174999148,43868,72.0,81.0,11.11111111111111,14483.709171725386,72,14.683702000002086,0.2494851749970621,True,True,2,05_runtime_budget_baselines/raw_runs.csv
Runtime budget baseline,Dang,GRASP,kroA200_gen1_m4,3,2500,14.933187174999148,14.683187174999148,43304,71.0,81.0,12.345679012345679,14454.795224118849,71,14.683606900005543,0.2495802749936047,True,True,2,05_runtime_budget_baselines/raw_runs.csv
Runtime budget baseline,Dang,GRASP,kroB200_gen1_m2,0,2500,25.80506442500064,25.55506442500064,64519,93.0,111.0,16.216216216216218,14139.626477925456,93,25.557398700002523,0.2476657249981144,True,True,2,05_runtime_budget_baselines/raw_runs.csv
Runtime budget baseline,Dang,GRASP,kroB200_gen1_m2,1,2500,25.80506442500064,25.55506442500064,62961,93.0,111.0,16.216216216216218,14516.338623322688,93,25.55673409999872,0.2483303250019162,True,True,2,05_runtime_budget_baselines/raw_runs.csv
Runtime budget baseline,Dang,GRASP,kroB200_gen1_m2,2,2500,25.80506442500064,25.55506442500064,62950,93.0,111.0,16.216216216216218,14314.186001972896,93,25.555482999996457,0.2495814250041803,True,True,2,05_runtime_budget_baselines/raw_runs.csv
Runtime budget baseline,Dang,GRASP,kroB200_gen1_m2,3,2500,25.80506442500064,25.55506442500064,61740,91.0,111.0,18.01801801801802,14189.182012449632,91,25.557796699999017,0.2472677250016204,True,True,2,05_runtime_budget_baselines/raw_runs.csv
Runtime budget baseline,Dang,GRASP,kroB200_gen2_m2,0,2500,39.10328715000014,38.85328715000014,98936,5225.0,6185.0,15.521422797089734,14637.224669024574,91,38.85372669999924,0.2495604500008994,True,True,2,05_runtime_budget_baselines/raw_runs.csv
Runtime budget baseline,Dang,GRASP,kroB200_gen2_m2,1,2500,39.10328715000014,38.85328715000014,97301,5238.0,6185.0,15.311236863379143,14423.187238507686,92,38.85382229999959,0.2494648500005496,True,True,2,05_runtime_budget_baselines/raw_runs.csv
Runtime budget baseline,Dang,GRASP,kroB200_gen2_m2,2,2500,39.10328715000014,38.85328715000014,99490,5326.0,6185.0,13.888439773645917,14636.320886862886,93,38.85369070000161,0.2495964499985348,True,True,2,05_runtime_budget_baselines/raw_runs.csv
Runtime budget baseline,Dang,GRASP,kroB200_gen2_m2,3,2500,39.10328715000014,38.85328715000014,98375,5254.0,6185.0,15.052546483427648,14511.371410844582,92,38.85360000000219,0.2496871499979533,True,True,2,05_runtime_budget_baselines/raw_runs.csv
Runtime budget baseline,Dang,GRASP,kroB200_gen2_m4,0,2500,20.763080400000035,20.513080400000035,59089,4433.0,4944.0,10.335760517799352,14382.714276382798,77,20.51347380000516,0.2496065999948769,True,True,2,05_runtime_budget_baselines/raw_runs.csv
Runtime budget baseline,Dang,GRASP,kroB200_gen2_m4,1,2500,20.763080400000035,20.513080400000035,58435,4432.0,4944.0,10.35598705501618,14511.607102904154,76,20.513467800003127,0.2496125999969081,True,True,2,05_runtime_budget_baselines/raw_runs.csv
Runtime budget baseline,Dang,GRASP,kroB200_gen2_m4,2,2500,20.763080400000035,20.513080400000035,58425,4363.0,4944.0,11.751618122977346,14567.818888153084,75,20.51345079999737,0.2496296000026632,True,True,2,05_runtime_budget_baselines/raw_runs.csv
Runtime budget baseline,Dang,GRASP,kroB200_gen2_m4,3,2500,20.763080400000035,20.513080400000035,57834,4452.0,4944.0,9.951456310679612,14479.980526090398,78,20.515546099995845,0.2475343000041903,True,True,2,05_runtime_budget_baselines/raw_runs.csv
Runtime budget baseline,Dang,GRASP,kroB200_gen3_m2,0,2500,24.35206290000133,24.10206290000133,59380,3348.0,4765.0,29.737670514165792,14479.642365363074,86,24.10298350000085,0.2490794000004825,True,True,2,05_runtime_budget_baselines/raw_runs.csv
Runtime budget baseline,Dang,GRASP,kroB200_gen3_m2,1,2500,24.35206290000133,24.10206290000133,58353,3292.0,4765.0,30.912906610703043,14471.48145410696,90,24.10248320000392,0.2495796999974118,True,True,2,05_runtime_budget_baselines/raw_runs.csv
Runtime budget baseline,Dang,GRASP,kroB200_gen3_m2,2,2500,24.35206290000133,24.10206290000133,59504,3310.0,4765.0,30.535152151101784,14620.197985092813,88,24.10347069999989,0.2485922000014397,True,True,2,05_runtime_budget_baselines/raw_runs.csv
Runtime budget baseline,Dang,GRASP,kroB200_gen3_m2,3,2500,24.35206290000133,24.10206290000133,58552,3501.0,4765.0,26.52675760755509,14584.350425162138,85,24.10287149999931,0.2491914000020187,True,True,2,05_runtime_budget_baselines/raw_runs.csv
Runtime budget baseline,Dang,GRASP,kroB200_gen3_m3,0,2500,26.19213524999941,25.94213524999941,69631,2525.0,3028.0,16.611624834874505,14290.699251497632,94,25.942570599996543,0.2495646500028669,True,True,2,05_runtime_budget_baselines/raw_runs.csv
Runtime budget baseline,Dang,GRASP,kroB200_gen3_m3,1,2500,26.19213524999941,25.94213524999941,68136,2519.0,3028.0,16.809775429326287,14461.237399307229,92,25.942456999997376,0.2496782500020344,True,True,2,05_runtime_budget_baselines/raw_runs.csv
Runtime budget baseline,Dang,GRASP,kroB200_gen3_m3,2,2500,26.19213524999941,25.94213524999941,69664,2598.0,3028.0,14.200792602377808,14466.90974380146,84,25.942761400001476,0.2493738499979372,True,True,2,05_runtime_budget_baselines/raw_runs.csv
Runtime budget baseline,Dang,GRASP,kroB200_gen3_m3,3,2500,26.19213524999941,25.94213524999941,68887,2536.0,3028.0,16.248348745046236,14333.032250093296,81,25.942699100000027,0.2494361499993829,True,True,2,05_runtime_budget_baselines/raw_runs.csv
Runtime budget baseline,Dang,GRASP,lin318_gen1_m2,0,2500,60.37813310000092,60.07624243450092,90270,149.0,180.0,17.22222222222222,20808.88933121413,149,60.077813099997,0.3003200000039214,True,True,2,05_runtime_budget_baselines/raw_runs.csv
Runtime budget baseline,Dang,GRASP,lin318_gen1_m2,1,2500,60.37813310000092,60.07624243450092,87776,153.0,180.0,15.0,20794.447965138206,153,60.07797879999998,0.3001543000009405,True,True,2,05_runtime_budget_baselines/raw_runs.csv
Runtime budget baseline,Dang,GRASP,lin318_gen1_m2,2,2500,60.37813310000092,60.07624243450092,89624,153.0,180.0,15.0,20907.34846472045,153,60.077786599998944,0.3003465000019787,True,True,2,05_runtime_budget_baselines/raw_runs.csv
Runtime budget baseline,Dang,GRASP,lin318_gen1_m2,3,2500,60.37813310000092,60.07624243450092,87446,146.0,180.0,18.88888888888889,20681.39776207225,146,60.077728399999614,0.3004047000013088,True,True,2,05_runtime_budget_baselines/raw_runs.csv
Runtime budget baseline,Dang,GRASP,lin318_gen1_m3,0,2500,43.1556224499991,42.9056224499991,74667,129.0,149.0,13.422818791946309,20763.832399397463,129,42.90649359999952,0.2491288499995789,True,True,2,05_runtime_budget_baselines/raw_runs.csv
Runtime budget baseline,Dang,GRASP,lin318_gen1_m3,1,2500,43.1556224499991,42.9056224499991,73231,126.0,149.0,15.436241610738255,20529.09301450798,126,42.90634560000035,0.2492768499987505,True,True,2,05_runtime_budget_baselines/raw_runs.csv
Runtime budget baseline,Dang,GRASP,lin318_gen1_m3,2,2500,43.1556224499991,42.9056224499991,75210,127.0,149.0,14.765100671140939,20692.12102507375,127,42.91218400000071,0.2434384499983934,True,True,2,05_runtime_budget_baselines/raw_runs.csv
Runtime budget baseline,Dang,GRASP,lin318_gen1_m3,3,2500,43.1556224499991,42.9056224499991,73147,127.0,149.0,14.765100671140939,20903.142797991022,127,42.90744129999803,0.2481811500010735,True,True,2,05_runtime_budget_baselines/raw_runs.csv
Runtime budget baseline,Dang,GRASP,lin318_gen2_m2,0,2500,100.76384979999966,100.26003055099966,154274,8035.0,9544.0,15.810980720871752,20812.182008523865,148,100.26139980000151,0.5024499999981344,True,True,2,05_runtime_budget_baselines/raw_runs.csv
Runtime budget baseline,Dang,GRASP,lin318_gen2_m2,1,2500,100.76384979999966,100.26003055099966,150019,8014.0,9544.0,16.031014249790445,20875.18418645113,148,100.26124059999712,0.5026092000025528,True,True,2,05_runtime_budget_baselines/raw_runs.csv
Runtime budget baseline,Dang,GRASP,lin318_gen2_m2,2,2500,100.76384979999966,100.26003055099966,153102,8059.0,9544.0,15.559513830678961,20886.956961440337,154,100.26207330000034,0.5017764999993233,True,True,2,05_runtime_budget_baselines/raw_runs.csv
Runtime budget baseline,Dang,GRASP,lin318_gen2_m2,3,2500,100.76384979999966,100.26003055099966,148940,8060.0,9544.0,15.549036043587595,20853.91562121675,147,100.26089089999732,0.5029589000023407,True,True,2,05_runtime_budget_baselines/raw_runs.csv
Runtime budget baseline,Dang,GRASP,lin318_gen2_m3,0,2500,53.27196387499953,53.00560405562453,93355,6691.0,7807.0,14.29486358396311,20970.462781544946,120,53.00645860000077,0.265505274998759,True,True,2,05_runtime_budget_baselines/raw_runs.csv
Runtime budget baseline,Dang,GRASP,lin318_gen2_m3,1,2500,53.27196387499953,53.00560405562453,90765,6791.0,7807.0,13.013961829127705,20908.664504704084,126,53.00645570000052,0.2655081749990131,True,True,2,05_runtime_budget_baselines/raw_runs.csv
Runtime budget baseline,Dang,GRASP,lin318_gen2_m3,2,2500,53.27196387499953,53.00560405562453,93440,6786.0,7807.0,13.078006916869477,20801.661403024595,126,53.00649789999443,0.2654659750050996,True,True,2,05_runtime_budget_baselines/raw_runs.csv
Runtime budget baseline,Dang,GRASP,lin318_gen2_m3,3,2500,53.27196387499953,53.00560405562453,90418,6579.0,7807.0,15.729473549378763,20811.04371891241,126,53.00851139999577,0.2634524750037599,True,True,2,05_runtime_budget_baselines/raw_runs.csv
Runtime budget baseline,Dang,GRASP,lin318_gen3_m2,0,2500,89.66302797499975,89.21471283512476,129705,5960.0,7936.0,24.899193548387096,20908.17120090685,149,89.21608009999909,0.4469478750006601,True,True,2,05_runtime_budget_baselines/raw_runs.csv
Runtime budget baseline,Dang,GRASP,lin318_gen3_m2,1,2500,89.66302797499975,89.21471283512476,125042,6094.0,7936.0,23.210685483870968,20847.23289843947,156,89.21596709999721,0.4470608750025349,True,True,2,05_runtime_budget_baselines/raw_runs.csv
Runtime budget baseline,Dang,GRASP,lin318_gen3_m2,2,2500,89.66302797499975,89.21471283512476,130016,5867.0,7936.0,26.071068548387096,20759.955127592857,146,89.21987220000301,0.4431557749967396,True,True,2,05_runtime_budget_baselines/raw_runs.csv
Runtime budget baseline,Dang,GRASP,lin318_gen3_m2,3,2500,89.66302797499975,89.21471283512476,126424,6227.0,7936.0,21.534778225806452,20930.731805644187,158,89.21562589999667,0.4474020750030831,True,True,2,05_runtime_budget_baselines/raw_runs.csv
Runtime budget baseline,Dang,GRASP,lin318_gen3_m4,0,2500,38.06572147499992,37.81572147499992,67700,3350.0,3797.0,11.772451935738742,20893.433723257323,112,37.82124180000392,0.2444796749960005,True,True,2,05_runtime_budget_baselines/raw_runs.csv
Runtime budget baseline,Dang,GRASP,lin318_gen3_m4,1,2500,38.06572147499992,37.81572147499992,66826,3270.0,3797.0,13.879378456676323,20796.502939263173,111,37.82028089999949,0.2454405750004298,True,True,2,05_runtime_budget_baselines/raw_runs.csv
Runtime budget baseline,Dang,GRASP,lin318_gen3_m4,2,2500,38.06572147499992,37.81572147499992,67677,3091.0,3797.0,18.593626547274162,20960.159681303638,105,37.81811429999652,0.2476071750033952,True,True,2,05_runtime_budget_baselines/raw_runs.csv
Runtime budget baseline,Dang,GRASP,lin318_gen3_m4,3,2500,38.06572147499992,37.81572147499992,66735,3259.0,3797.0,14.16908085330524,20821.78478884004,110,37.81671970000025,0.2490017749996695,True,True,2,05_runtime_budget_baselines/raw_runs.csv
Runtime budget baseline,Dang,GRASP,pr136_gen1_m2,0,2500,10.491221124999356,10.241221124999356,40831,57.0,63.0,9.523809523809524,47167.14738976632,57,10.2414129999961,0.2498081250032555,True,True,2,05_runtime_budget_baselines/raw_runs.csv
Runtime budget baseline,Dang,GRASP,pr136_gen1_m2,1,2500,10.491221124999356,10.241221124999356,40668,57.0,63.0,9.523809523809524,47849.01444814365,57,10.242571299997508,0.2486498250018485,True,True,2,05_runtime_budget_baselines/raw_runs.csv
Runtime budget baseline,Dang,GRASP,pr136_gen1_m2,2,2500,10.491221124999356,10.241221124999356,40717,56.0,63.0,11.11111111111111,47456.60004363746,56,10.241532499996538,0.2496886250028183,True,True,2,05_runtime_budget_baselines/raw_runs.csv
Runtime budget baseline,Dang,GRASP,pr136_gen1_m2,3,2500,10.491221124999356,10.241221124999356,40807,55.0,63.0,12.698412698412698,46412.899298210585,55,10.241383099993982,0.2498380250053742,True,True,2,05_runtime_budget_baselines/raw_runs.csv
Runtime budget baseline,Dang,GRASP,pr136_gen2_m2,0,2500,13.121088375,12.871088375,50754,3335.0,3646.0,8.529895776193088,48132.30776246337,57,12.871297299992875,0.2497910750071241,True,True,2,05_runtime_budget_baselines/raw_runs.csv
Runtime budget baseline,Dang,GRASP,pr136_gen2_m2,1,2500,13.121088375,12.871088375,50787,3337.0,3646.0,8.475041140976412,47873.01561547101,56,12.8713179999977,0.2497703750022992,True,True,2,05_runtime_budget_baselines/raw_runs.csv
Runtime budget baseline,Dang,GRASP,pr136_gen2_m2,2,2500,13.121088375,12.871088375,50552,3389.0,3646.0,7.048820625342842,47975.02235891769,58,12.871537300001364,0.2495510749986351,True,True,2,05_runtime_budget_baselines/raw_runs.csv
Runtime budget baseline,Dang,GRASP,pr136_gen2_m2,3,2500,13.121088375,12.871088375,50709,3312.0,3646.0,9.16072408118486,47959.33592970022,57,12.87153219999891,0.2495561750010893,True,True,2,05_runtime_budget_baselines/raw_runs.csv
Runtime budget baseline,Dang,GRASP,pr264_gen1_m4,0,2500,26.488940699999148,26.238940699999148,56980,98.0,107.0,8.411214953271028,24094.902242980097,98,26.23950970000442,0.249430999994729,True,True,2,05_runtime_budget_baselines/raw_runs.csv
Runtime budget baseline,Dang,GRASP,pr264_gen1_m4,1,2500,26.488940699999148,26.238940699999148,56110,99.0,107.0,7.4766355140186915,24162.015311899217,99,26.239536699999007,0.2494040000001405,True,True,2,05_runtime_budget_baselines/raw_runs.csv
Runtime budget baseline,Dang,GRASP,pr264_gen1_m4,2,2500,26.488940699999148,26.238940699999148,58118,99.0,107.0,7.4766355140186915,24184.119637029533,99,26.242431799997576,0.2465089000015723,True,True,2,05_runtime_budget_baselines/raw_runs.csv
Runtime budget baseline,Dang,GRASP,pr264_gen1_m4,3,2500,26.488940699999148,26.238940699999148,56505,99.0,107.0,7.4766355140186915,24189.421973855813,99,26.240797099999327,0.2481435999998211,True,True,2,05_runtime_budget_baselines/raw_runs.csv
Runtime budget baseline,Dang,GRASP,pr264_gen2_m2,0,2500,65.81034304999957,65.48129133474957,132129,6474.0,6635.0,2.426525998492841,24333.03515312205,120,65.48205090000556,0.328292149994013,True,True,2,05_runtime_budget_baselines/raw_runs.csv
Runtime budget baseline,Dang,GRASP,pr264_gen2_m2,1,2500,65.81034304999957,65.48129133474957,127904,6470.0,6635.0,2.486812358703843,24422.360801020797,122,65.48219749999407,0.3281455500055017,True,True,2,05_runtime_budget_baselines/raw_runs.csv
Runtime budget baseline,Dang,GRASP,pr264_gen2_m2,2,2500,65.81034304999957,65.48129133474957,131986,6491.0,6635.0,2.1703089675960814,24280.959433774267,123,65.48400500000571,0.3263380499938648,True,True,2,05_runtime_budget_baselines/raw_runs.csv
Runtime budget baseline,Dang,GRASP,pr264_gen2_m2,3,2500,65.81034304999957,65.48129133474957,128883,6446.0,6635.0,2.8485305199698567,23933.577457786203,125,65.48271530000056,0.3276277499990101,True,True,2,05_runtime_budget_baselines/raw_runs.csv
Runtime budget baseline,Dang,GRASP,pr264_gen2_m3,0,2500,37.96189437499925,37.71189437499925,79206,5814.0,6420.0,9.439252336448599,24399.72932393033,107,37.71243809999578,0.2494562750034674,True,True,2,05_runtime_budget_baselines/raw_runs.csv
Runtime budget baseline,Dang,GRASP,pr264_gen2_m3,1,2500,37.96189437499925,37.71189437499925,77443,5838.0,6420.0,9.065420560747663,24103.644659713347,106,37.71291519999795,0.2489791750012955,True,True,2,05_runtime_budget_baselines/raw_runs.csv
Runtime budget baseline,Dang,GRASP,pr264_gen2_m3,2,2500,37.96189437499925,37.71189437499925,79342,5931.0,6420.0,7.616822429906542,24109.6314818711,107,37.71267059999809,0.2492237750011554,True,True,2,05_runtime_budget_baselines/raw_runs.csv
Runtime budget baseline,Dang,GRASP,pr264_gen2_m3,3,2500,37.96189437499925,37.71189437499925,77604,5901.0,6420.0,8.08411214953271,24158.80282181086,111,37.71269120000216,0.249203174997092,True,True,2,05_runtime_budget_baselines/raw_runs.csv
Runtime budget baseline,Dang,GRASP,pr264_gen2_m4,0,2500,37.45364742499987,37.20364742499987,79910,5227.0,5584.0,6.393266475644699,24294.56378150258,99,37.2077661000003,0.2458813249995728,True,True,2,05_runtime_budget_baselines/raw_runs.csv
Runtime budget baseline,Dang,GRASP,pr264_gen2_m4,1,2500,37.45364742499987,37.20364742499987,78666,5260.0,5584.0,5.802292263610315,24161.31471430777,96,37.20454289999907,0.2491045250008028,True,True,2,05_runtime_budget_baselines/raw_runs.csv
Runtime budget baseline,Dang,GRASP,pr264_gen2_m4,2,2500,37.45364742499987,37.20364742499987,80138,5193.0,5584.0,7.002148997134671,24105.79746228189,97,37.20450270000583,0.2491447249940392,True,True,2,05_runtime_budget_baselines/raw_runs.csv
Runtime budget baseline,Dang,GRASP,pr264_gen2_m4,3,2500,37.45364742499987,37.20364742499987,78888,5179.0,5584.0,7.252865329512894,24278.81405424413,97,37.20435739999812,0.2492900250017555,True,True,2,05_runtime_budget_baselines/raw_runs.csv
Runtime budget baseline,Dang,GRASP,pr264_gen3_m3,0,2500,42.07617170000049,41.82617170000049,84884,2551.0,2772.0,7.972582972582972,24168.491131171024,112,41.826947100002144,0.2492245999983424,True,True,2,05_runtime_budget_baselines/raw_runs.csv
Runtime budget baseline,Dang,GRASP,pr264_gen3_m3,1,2500,42.07617170000049,41.82617170000049,83575,2449.0,2772.0,11.652236652236653,24106.883317421507,112,41.826917099999264,0.2492546000012225,True,True,2,05_runtime_budget_baselines/raw_runs.csv
Runtime budget baseline,Dang,GRASP,pr264_gen3_m3,2,2500,42.07617170000049,41.82617170000049,84130,2406.0,2772.0,13.203463203463203,23902.02014177315,114,41.82675339999696,0.2494183000035263,True,True,2,05_runtime_budget_baselines/raw_runs.csv
Runtime budget baseline,Dang,GRASP,pr264_gen3_m3,3,2500,42.07617170000049,41.82617170000049,83431,2486.0,2772.0,10.317460317460318,24236.69554803996,113,41.82715930000268,0.2490123999978095,True,True,2,05_runtime_budget_baselines/raw_runs.csv
Runtime budget baseline,Dang,GRASP,pr299_gen1_m2,0,2500,44.85839287500221,44.60839287500221,84152,125.0,139.0,10.071942446043165,23818.639827884628,125,44.609517000004416,0.2488758749977933,True,True,2,05_runtime_budget_baselines/raw_runs.csv
Runtime budget baseline,Dang,GRASP,pr299_gen1_m2,1,2500,44.85839287500221,44.60839287500221,82179,124.0,139.0,10.79136690647482,23823.38168072249,124,44.60925270000007,0.2491401750021395,True,True,2,05_runtime_budget_baselines/raw_runs.csv
Runtime budget baseline,Dang,GRASP,pr299_gen1_m2,2,2500,44.85839287500221,44.60839287500221,83925,122.0,139.0,12.23021582733813,23855.686549673752,122,44.609128100004455,0.249264774997755,True,True,2,05_runtime_budget_baselines/raw_runs.csv
Runtime budget baseline,Dang,GRASP,pr299_gen1_m2,3,2500,44.85839287500221,44.60839287500221,82423,124.0,139.0,10.79136690647482,23843.660358436075,124,44.61312579999503,0.2452670750071774,True,True,2,05_runtime_budget_baselines/raw_runs.csv
Runtime budget baseline,Dang,GRASP,pr299_gen1_m3,0,2500,29.867939674999437,29.617939674999437,62604,98.0,111.0,11.711711711711711,23687.80663281028,98,29.618561399998725,0.2493782750007085,True,True,2,05_runtime_budget_baselines/raw_runs.csv
Runtime budget baseline,Dang,GRASP,pr299_gen1_m3,1,2500,29.867939674999437,29.617939674999437,61475,98.0,111.0,11.711711711711711,23996.36580182452,98,29.620626200005063,0.247313474994371,True,True,2,05_runtime_budget_baselines/raw_runs.csv
Runtime budget baseline,Dang,GRASP,pr299_gen1_m3,2,2500,29.867939674999437,29.617939674999437,62761,97.0,111.0,12.612612612612613,23769.782273178014,97,29.61874700000044,0.2491926749989943,True,True,2,05_runtime_budget_baselines/raw_runs.csv
Runtime budget baseline,Dang,GRASP,pr299_gen1_m3,3,2500,29.867939674999437,29.617939674999437,61158,99.0,111.0,10.81081081081081,24020.522292373986,99,29.618581399990944,0.2493582750084897,True,True,2,05_runtime_budget_baselines/raw_runs.csv
Runtime budget baseline,Dang,GRASP,pr299_gen1_m4,0,2500,20.673090799999045,20.423090799999045,42521,76.0,84.0,9.523809523809524,23596.44426985985,76,20.426876500001526,0.2462142999975185,True,True,2,05_runtime_budget_baselines/raw_runs.csv
Runtime budget baseline,Dang,GRASP,pr299_gen1_m4,1,2500,20.673090799999045,20.423090799999045,41393,76.0,84.0,9.523809523809524,23911.21786985851,76,20.425313300002017,0.2477774999970279,True,True,2,05_runtime_budget_baselines/raw_runs.csv
Runtime budget baseline,Dang,GRASP,pr299_gen1_m4,2,2500,20.673090799999045,20.423090799999045,41712,75.0,84.0,10.714285714285714,23849.83566459676,75,20.423740400001407,0.2493503999976383,True,True,2,05_runtime_budget_baselines/raw_runs.csv
Runtime budget baseline,Dang,GRASP,pr299_gen1_m4,3,2500,20.673090799999045,20.423090799999045,42016,77.0,84.0,8.333333333333334,23921.47653162217,77,20.42379970000184,0.2492910999972082,True,True,2,05_runtime_budget_baselines/raw_runs.csv
Runtime budget baseline,Dang,GRASP,pr299_gen2_m3,0,2500,36.89149082499989,36.64149082499989,77278,5310.0,6018.0,11.764705882352942,24001.38582536816,98,36.642191699997056,0.2492991250028353,True,True,2,05_runtime_budget_baselines/raw_runs.csv
Runtime budget baseline,Dang,GRASP,pr299_gen2_m3,1,2500,36.89149082499989,36.64149082499989,76278,5328.0,6018.0,11.465603190428714,23842.420089121515,97,36.64217740000458,0.2493134249953073,True,True,2,05_runtime_budget_baselines/raw_runs.csv
Runtime budget baseline,Dang,GRASP,pr299_gen2_m3,2,2500,36.89149082499989,36.64149082499989,76833,5320.0,6018.0,11.598537720172814,23951.52549134417,94,36.642256100007216,0.2492347249926751,True,True,2,05_runtime_budget_baselines/raw_runs.csv
Runtime budget baseline,Dang,GRASP,pr299_gen2_m3,3,2500,36.89149082499989,36.64149082499989,75681,5197.0,6018.0,13.642406114988368,23842.059179888907,96,36.6455161000049,0.2459747249949941,True,True,2,05_runtime_budget_baselines/raw_runs.csv
Runtime budget baseline,Dang,GRASP,pr299_gen2_m4,0,2500,22.703178775001103,22.453178775001103,46670,4063.0,4457.0,8.84002692393987,23889.067861303756,74,22.455540199996904,0.2476385750042027,True,True,2,05_runtime_budget_baselines/raw_runs.csv
Runtime budget baseline,Dang,GRASP,pr299_gen2_m4,1,2500,22.703178775001103,22.453178775001103,45268,4150.0,4457.0,6.888041283374467,23973.899026075505,76,22.455704000007245,0.2474747749938615,True,True,2,05_runtime_budget_baselines/raw_runs.csv
Runtime budget baseline,Dang,GRASP,pr299_gen2_m4,2,2500,22.703178775001103,22.453178775001103,46221,4034.0,4457.0,9.490688804128338,23734.320343565152,77,22.4540052000084,0.2491735749927102,True,True,2,05_runtime_budget_baselines/raw_runs.csv
Runtime budget baseline,Dang,GRASP,pr299_gen2_m4,3,2500,22.703178775001103,22.453178775001103,45209,3979.0,4457.0,10.724702714830604,23897.309403739702,73,22.457138300000224,0.246040475000882,True,True,2,05_runtime_budget_baselines/raw_runs.csv
Runtime budget baseline,Dang,GRASP,pr299_gen3_m2,0,2500,81.9937711249986,81.5838022693736,150176,4437.0,5729.0,22.551928783382788,23939.230371597736,113,81.585070000001,0.4087011249976058,True,True,2,05_runtime_budget_baselines/raw_runs.csv
Runtime budget baseline,Dang,GRASP,pr299_gen3_m2,1,2500,81.9937711249986,81.5838022693736,146131,4497.0,5729.0,21.50462558910805,23947.66030104504,127,81.58535589999519,0.4084152250034094,True,True,2,05_runtime_budget_baselines/raw_runs.csv
Runtime budget baseline,Dang,GRASP,pr299_gen3_m2,2,2500,81.9937711249986,81.5838022693736,150611,4422.0,5729.0,22.813754581951475,23761.67197792999,122,81.58830529999977,0.4054658249988279,True,True,2,05_runtime_budget_baselines/raw_runs.csv
Runtime budget baseline,Dang,GRASP,pr299_gen3_m2,3,2500,81.9937711249986,81.5838022693736,146171,4479.0,5729.0,21.81881654739047,23774.88446507596,121,81.58489929999632,0.4088718250022793,True,True,2,05_runtime_budget_baselines/raw_runs.csv
Runtime budget baseline,Dang,GRASP,pr299_gen3_m3,0,2500,42.186979050000446,41.936979050000446,87783,3013.0,3655.0,17.56497948016416,23750.98867717367,99,41.93775209999876,0.2492269500016846,True,True,2,05_runtime_budget_baselines/raw_runs.csv
Runtime budget baseline,Dang,GRASP,pr299_gen3_m3,1,2500,42.186979050000446,41.936979050000446,84809,3120.0,3655.0,14.6374829001368,23973.0494831122,100,41.93784020000021,0.2491388500002358,True,True,2,05_runtime_budget_baselines/raw_runs.csv
Runtime budget baseline,Dang,GRASP,pr299_gen3_m3,2,2500,42.186979050000446,41.936979050000446,87573,3045.0,3655.0,16.689466484268127,23696.603489037752,101,41.9401949000021,0.2467841499983478,True,True,2,05_runtime_budget_baselines/raw_runs.csv
Runtime budget baseline,Dang,GRASP,pr299_gen3_m3,3,2500,42.186979050000446,41.936979050000446,85901,2990.0,3655.0,18.194254445964432,23774.382074538626,99,41.93838420000975,0.2485948499906953,True,True,2,05_runtime_budget_baselines/raw_runs.csv
Runtime budget baseline,Dang,GRASP,pr299_gen3_m4,0,2500,24.62048084999969,24.37048084999969,49911,2063.0,2268.0,9.038800705467372,23726.06576275452,77,24.37117309999303,0.2493077500066647,True,True,2,05_runtime_budget_baselines/raw_runs.csv
Runtime budget baseline,Dang,GRASP,pr299_gen3_m4,1,2500,24.62048084999969,24.37048084999969,48557,1999.0,2268.0,11.860670194003527,23920.585771793285,76,24.371295899996767,0.2491849500029275,True,True,2,05_runtime_budget_baselines/raw_runs.csv
Runtime budget baseline,Dang,GRASP,pr299_gen3_m4,2,2500,24.62048084999969,24.37048084999969,50644,2042.0,2268.0,9.964726631393297,23909.609580191005,75,24.37573379999958,0.2447470500001145,True,True,2,05_runtime_budget_baselines/raw_runs.csv
Runtime budget baseline,Dang,GRASP,pr299_gen3_m4,3,2500,24.62048084999969,24.37048084999969,49539,2032.0,2268.0,10.405643738977073,23823.493527594797,76,24.37187659999472,0.2486042500049734,True,True,2,05_runtime_budget_baselines/raw_runs.csv
Runtime budget baseline,Dang,GRASP,rat195_gen2_m2,0,2500,25.94742977500209,25.69742977500209,73192,4431.0,5148.0,13.927738927738927,1148.7123263130024,80,25.69778420000512,0.2496455749969754,True,True,2,05_runtime_budget_baselines/raw_runs.csv
Runtime budget baseline,Dang,GRASP,rat195_gen2_m2,1,2500,25.94742977500209,25.69742977500209,72045,4469.0,5148.0,13.18958818958819,1150.2418204087758,79,25.697798399996827,0.249631375005265,True,True,2,05_runtime_budget_baselines/raw_runs.csv
Runtime budget baseline,Dang,GRASP,rat195_gen2_m2,2,2500,25.94742977500209,25.69742977500209,73011,4502.0,5148.0,12.548562548562549,1150.9192850650688,81,25.698494099997333,0.2489356750047591,True,True,2,05_runtime_budget_baselines/raw_runs.csv
Runtime budget baseline,Dang,GRASP,rat195_gen2_m2,3,2500,25.94742977500209,25.69742977500209,72394,4524.0,5148.0,12.121212121212121,1152.6541468662638,79,25.69804350000049,0.2493862750015978,True,True,2,05_runtime_budget_baselines/raw_runs.csv
Runtime budget baseline,Dang,GRASP,rat195_gen3_m3,0,2500,22.23391784999967,21.98391784999967,68272,2317.0,2574.0,9.984459984459985,1155.0485887758382,78,21.986450299998975,0.2474675500006924,True,True,2,05_runtime_budget_baselines/raw_runs.csv
Runtime budget baseline,Dang,GRASP,rat195_gen3_m3,1,2500,22.23391784999967,21.98391784999967,67942,2245.0,2574.0,12.781662781662781,1156.3288984120895,76,21.985991099994862,0.2479267500048081,True,True,2,05_runtime_budget_baselines/raw_runs.csv
Runtime budget baseline,Dang,GRASP,rat195_gen3_m3,2,2500,22.23391784999967,21.98391784999967,68585,2235.0,2574.0,13.17016317016317,1142.1452973718742,75,21.9847335999948,0.2491842500048733,True,True,2,05_runtime_budget_baselines/raw_runs.csv
Runtime budget baseline,Dang,GRASP,rat195_gen3_m3,3,2500,22.23391784999967,21.98391784999967,67771,2208.0,2574.0,14.21911421911422,1155.7852456296437,76,21.98435349999636,0.2495643500033111,True,True,2,05_runtime_budget_baselines/raw_runs.csv
Runtime budget baseline,Dang,GRASP,rd400_gen1_m2,0,2500,134.15906689999974,133.48827156549976,129995,189.0,232.0,18.53448275862069,7575.382631058979,189,133.49063610000303,0.6684307999967132,True,True,2,05_runtime_budget_baselines/raw_runs.csv
Runtime budget baseline,Dang,GRASP,rd400_gen1_m2,1,2500,134.15906689999974,133.48827156549976,125342,190.0,232.0,18.103448275862068,7597.888377717222,190,133.4911177000031,0.6679491999966558,True,True,2,05_runtime_budget_baselines/raw_runs.csv
Runtime budget baseline,Dang,GRASP,rd400_gen1_m2,2,2500,134.15906689999974,133.48827156549976,129604,195.0,232.0,15.948275862068966,7582.830633624947,195,133.49106919999758,0.6679977000021609,True,True,2,05_runtime_budget_baselines/raw_runs.csv
Runtime budget baseline,Dang,GRASP,rd400_gen1_m2,3,2500,134.15906689999974,133.48827156549976,124765,193.0,232.0,16.810344827586206,7557.465993673468,193,133.4905063000042,0.6685605999955442,True,True,2,05_runtime_budget_baselines/raw_runs.csv
Runtime budget baseline,Dang,GRASP,rd400_gen1_m3,0,2500,114.18073417499907,113.60983050412408,124547,184.0,224.0,17.857142857142858,7550.66220385737,184,113.61134279999531,0.5693913750037609,True,True,2,05_runtime_budget_baselines/raw_runs.csv
Runtime budget baseline,Dang,GRASP,rd400_gen1_m3,1,2500,114.18073417499907,113.60983050412408,117646,182.0,224.0,18.75,7551.595185834622,182,113.61214729999485,0.5685868750042573,True,True,2,05_runtime_budget_baselines/raw_runs.csv
Runtime budget baseline,Dang,GRASP,rd400_gen1_m3,2,2500,114.18073417499907,113.60983050412408,124719,184.0,224.0,17.857142857142858,7556.337880121906,184,113.61299529999089,0.5677388750082173,True,True,2,05_runtime_budget_baselines/raw_runs.csv
Runtime budget baseline,Dang,GRASP,rd400_gen1_m3,3,2500,114.18073417499907,113.60983050412408,117950,180.0,224.0,19.642857142857142,7569.2477186864735,180,113.61388269999588,0.5668514750032045,True,True,2,05_runtime_budget_baselines/raw_runs.csv
Runtime budget baseline,Dang,GRASP,rd400_gen1_m4,0,2500,94.98835320000036,94.51341143400036,111637,170.0,213.0,20.187793427230048,7557.975752002634,170,94.51521180001146,0.47314139998889,True,True,2,05_runtime_budget_baselines/raw_runs.csv
Runtime budget baseline,Dang,GRASP,rd400_gen1_m4,1,2500,94.98835320000036,94.51341143400036,106572,172.0,213.0,19.248826291079812,7525.309735723056,172,94.52132090000669,0.4670322999936616,True,True,2,05_runtime_budget_baselines/raw_runs.csv
Runtime budget baseline,Dang,GRASP,rd400_gen1_m4,2,2500,94.98835320000036,94.51341143400036,110713,170.0,213.0,20.187793427230048,7507.897667914659,170,94.51523910000104,0.4731140999992931,True,True,2,05_runtime_budget_baselines/raw_runs.csv
Runtime budget baseline,Dang,GRASP,rd400_gen1_m4,3,2500,94.98835320000036,94.51341143400036,106189,172.0,213.0,19.248826291079812,7484.879726403628,172,94.51747459999751,0.470878600002834,True,True,2,05_runtime_budget_baselines/raw_runs.csv
Runtime budget baseline,Dang,GRASP,rd400_gen2_m2,0,2500,161.45456469999954,160.64729187649954,160438,10454.0,13045.0,19.862016098121885,7573.735036504886,180,160.6497640000016,0.8048006999979407,True,True,2,05_runtime_budget_baselines/raw_runs.csv
Runtime budget baseline,Dang,GRASP,rd400_gen2_m2,1,2500,161.45456469999954,160.64729187649954,153919,10597.0,13045.0,18.765810655423532,7564.714419448515,178,160.64942280000832,0.805141899991213,True,True,2,05_runtime_budget_baselines/raw_runs.csv
Runtime budget baseline,Dang,GRASP,rd400_gen2_m2,2,2500,161.45456469999954,160.64729187649954,161743,10634.0,13045.0,18.482177079340744,7584.36302463035,181,160.6497703000059,0.8047943999936251,True,True,2,05_runtime_budget_baselines/raw_runs.csv
Runtime budget baseline,Dang,GRASP,rd400_gen2_m2,3,2500,161.45456469999954,160.64729187649954,154741,11116.0,13045.0,14.787274817937908,7608.898495167033,190,160.64966509999067,0.8048996000088664,True,True,2,05_runtime_budget_baselines/raw_runs.csv
Runtime budget baseline,Dang,GRASP,rd400_gen2_m3,0,2500,130.0322764499997,129.3821150677497,147150,9991.0,12646.0,20.99478095840582,7591.19230859464,172,129.38385060000292,0.6484258499967837,True,True,2,05_runtime_budget_baselines/raw_runs.csv
Runtime budget baseline,Dang,GRASP,rd400_gen2_m3,1,2500,130.0322764499997,129.3821150677497,140368,10166.0,12646.0,19.61094417207022,7513.224256230712,173,129.39123340000515,0.6410430499945505,True,True,2,05_runtime_budget_baselines/raw_runs.csv
Runtime budget baseline,Dang,GRASP,rd400_gen2_m3,2,2500,130.0322764499997,129.3821150677497,149062,9849.0,12646.0,22.117665665032423,7554.871100829333,175,129.38440809999884,0.6478683500008628,True,True,2,05_runtime_budget_baselines/raw_runs.csv
Runtime budget baseline,Dang,GRASP,rd400_gen2_m3,3,2500,130.0322764499997,129.3821150677497,141510,9857.0,12646.0,22.054404554799937,7539.239060157864,175,129.3846545000124,0.6476219499872968,True,True,2,05_runtime_budget_baselines/raw_runs.csv
Runtime budget baseline,Dang,GRASP,rd400_gen2_m4,0,2500,94.23947462500018,93.7682772518752,109173,9458.0,12032.0,21.392952127659573,7546.716400974536,166,93.77013710000028,0.4693375249999008,True,True,2,05_runtime_budget_baselines/raw_runs.csv
Runtime budget baseline,Dang,GRASP,rd400_gen2_m4,1,2500,94.23947462500018,93.7682772518752,103290,9247.0,12032.0,23.14660904255319,7603.065845014868,162,93.77007699999376,0.4693976250064224,True,True,2,05_runtime_budget_baselines/raw_runs.csv
Runtime budget baseline,Dang,GRASP,rd400_gen2_m4,2,2500,94.23947462500018,93.7682772518752,112643,9221.0,12032.0,23.362699468085108,7571.586233431341,167,93.77000750000298,0.4694671249972089,True,True,2,05_runtime_budget_baselines/raw_runs.csv
Runtime budget baseline,Dang,GRASP,rd400_gen2_m4,3,2500,94.23947462500018,93.7682772518752,107105,9219.0,12032.0,23.37932180851064,7628.317387522247,154,93.77003339999646,0.4694412250037203,True,True,2,05_runtime_budget_baselines/raw_runs.csv
Runtime budget baseline,Dang,GRASP,rd400_gen3_m2,0,2500,158.46097782500055,157.66867293587555,152288,9988.0,12431.0,19.65248169897836,7580.914377885047,191,157.67123900000297,0.7897388249975847,True,True,2,05_runtime_budget_baselines/raw_runs.csv
Runtime budget baseline,Dang,GRASP,rd400_gen3_m2,1,2500,158.46097782500055,157.66867293587555,146024,10103.0,12431.0,18.72737511061057,7608.160861302102,180,157.67068840000138,0.7902894249991732,True,True,2,05_runtime_budget_baselines/raw_runs.csv
Runtime budget baseline,Dang,GRASP,rd400_gen3_m2,2,2500,158.46097782500055,157.66867293587555,152769,10050.0,12431.0,19.15372858177138,7623.785632976884,188,157.6700523000036,0.7909255249969647,True,True,2,05_runtime_budget_baselines/raw_runs.csv
Runtime budget baseline,Dang,GRASP,rd400_gen3_m2,3,2500,158.46097782500055,157.66867293587555,146703,10176.0,12431.0,18.140133537124928,7541.936283135477,187,157.67141959999572,0.7895582250048392,True,True,2,05_runtime_budget_baselines/raw_runs.csv
Runtime budget baseline,Dang,GRASP,rd400_gen3_m3,0,2500,121.5379268250008,120.9302371908758,132892,8567.0,11639.0,26.39402010482,7572.257910733226,178,120.93200010000146,0.6059267249993354,True,True,2,05_runtime_budget_baselines/raw_runs.csv
Runtime budget baseline,Dang,GRASP,rd400_gen3_m3,1,2500,121.5379268250008,120.9302371908758,126633,8621.0,11639.0,25.930062720164962,7499.821293589192,183,120.93174040000304,0.6061864249977589,True,True,2,05_runtime_budget_baselines/raw_runs.csv
Runtime budget baseline,Dang,GRASP,rd400_gen3_m3,2,2500,121.5379268250008,120.9302371908758,130910,8518.0,11639.0,26.815018472377353,7558.205568064033,176,120.9316031000053,0.6063237249954909,True,True,2,05_runtime_budget_baselines/raw_runs.csv
Runtime budget baseline,Dang,GRASP,rd400_gen3_m3,3,2500,121.5379268250008,120.9302371908758,125542,8842.0,11639.0,24.03127416444712,7552.080768305934,182,120.93243060000532,0.605496224995477,True,True,2,05_runtime_budget_baselines/raw_runs.csv
Runtime budget baseline,Dang,GRASP,rd400_gen3_m4,0,2500,97.38319002499976,96.89627407487475,110965,7666.0,10436.0,26.542736680720584,7601.072621613807,181,96.89852550000067,0.4846645249990615,True,True,2,05_runtime_budget_baselines/raw_runs.csv
Runtime budget baseline,Dang,GRASP,rd400_gen3_m4,1,2500,97.38319002499976,96.89627407487475,106751,7344.0,10436.0,29.628210042161747,7530.962744819281,171,96.8978827999963,0.4853072250034529,True,True,2,05_runtime_budget_baselines/raw_runs.csv
Runtime budget baseline,Dang,GRASP,rd400_gen3_m4,2,2500,97.38319002499976,96.89627407487475,111226,7409.0,10436.0,29.005366040628594,7575.248697826615,173,96.89848530000016,0.4847047249995739,True,True,2,05_runtime_budget_baselines/raw_runs.csv
Runtime budget baseline,Dang,GRASP,rd400_gen3_m4,3,2500,97.38319002499976,96.89627407487475,105171,7533.0,10436.0,27.817171330011497,7526.631790813846,181,96.91180610000448,0.4713839249952798,True,True,2,05_runtime_budget_baselines/raw_runs.csv
Runtime budget baseline,Dang,GRASP,ts225_gen2_m2,0,2500,37.26226475000021,37.01226475000021,89673,5327.0,5859.0,9.080047789725208,63069.729913621806,98,37.01293070000247,0.2493340499977421,True,True,2,05_runtime_budget_baselines/raw_runs.csv
Runtime budget baseline,Dang,GRASP,ts225_gen2_m2,1,2500,37.26226475000021,37.01226475000021,88207,5502.0,5859.0,6.093189964157706,63133.90034030042,100,37.0126803000021,0.2495844499981103,True,True,2,05_runtime_budget_baselines/raw_runs.csv
Runtime budget baseline,Dang,GRASP,ts225_gen2_m2,2,2500,37.26226475000021,37.01226475000021,91086,5418.0,5859.0,7.526881720430108,63279.45430867813,101,37.01291499999934,0.2493497500008743,True,True,2,05_runtime_budget_baselines/raw_runs.csv
Runtime budget baseline,Dang,GRASP,ts225_gen2_m2,3,2500,37.26226475000021,37.01226475000021,89471,5400.0,5859.0,7.8341013824884795,62590.94028375895,99,37.01280219999899,0.2494625500012262,True,True,2,05_runtime_budget_baselines/raw_runs.csv
Runtime budget baseline,Dang,ILS,bier127_gen1_m2,0,2500,17.152962350000053,16.902962350000053,3547,99.0,106.0,6.60377358490566,58425.55771365578,99,16.890793799997482,0.2621685500025705,True,True,2,05_runtime_budget_baselines/raw_runs.csv
Runtime budget baseline,Dang,ILS,bier127_gen1_m2,1,2500,17.152962350000053,16.902962350000053,3527,98.0,106.0,7.547169811320755,58944.4216848232,98,16.89515969999775,0.2578026500023043,True,True,2,05_runtime_budget_baselines/raw_runs.csv
Runtime budget baseline,Dang,ILS,bier127_gen1_m2,2,2500,17.152962350000053,16.902962350000053,3509,99.0,106.0,6.60377358490566,58588.58496271334,99,16.891842400000314,0.2611199499997383,True,True,2,05_runtime_budget_baselines/raw_runs.csv
Runtime budget baseline,Dang,ILS,bier127_gen1_m2,3,2500,17.152962350000053,16.902962350000053,3552,98.0,106.0,7.547169811320755,58368.7946092263,98,16.8950130000012,0.257949349998853,True,True,2,05_runtime_budget_baselines/raw_runs.csv
Runtime budget baseline,Dang,ILS,bier127_gen1_m3,0,2500,14.07591869999942,13.82591869999942,2821,99.0,103.0,3.883495145631068,57564.91003707624,99,13.817806200000632,0.2581124999987878,True,True,2,05_runtime_budget_baselines/raw_runs.csv
Runtime budget baseline,Dang,ILS,bier127_gen1_m3,1,2500,14.07591869999942,13.82591869999942,2817,98.0,103.0,4.854368932038835,55439.42031355501,98,13.819282999997084,0.2566357000023345,True,True,2,05_runtime_budget_baselines/raw_runs.csv
Runtime budget baseline,Dang,ILS,bier127_gen1_m3,2,2500,14.07591869999942,13.82591869999942,2804,99.0,103.0,3.883495145631068,56678.765610104616,99,13.8164317999981,0.2594869000013204,True,True,2,05_runtime_budget_baselines/raw_runs.csv
Runtime budget baseline,Dang,ILS,bier127_gen1_m3,3,2500,14.07591869999942,13.82591869999942,2816,99.0,103.0,3.883495145631068,57457.02117724898,99,13.816360200005876,0.2595584999935454,True,True,2,05_runtime_budget_baselines/raw_runs.csv
Runtime budget baseline,Dang,ILS,bier127_gen2_m2,0,2500,25.534227200000718,25.284227200000718,5625,5137.0,5464.0,5.984626647144949,58218.73738540984,93,25.274976899992907,0.2592503000078068,True,True,2,05_runtime_budget_baselines/raw_runs.csv
Runtime budget baseline,Dang,ILS,bier127_gen2_m2,1,2500,25.534227200000718,25.284227200000718,5379,5198.0,5464.0,4.868228404099561,57964.26624688997,97,25.275817699999607,0.2584095000011075,True,True,2,05_runtime_budget_baselines/raw_runs.csv
Runtime budget baseline,Dang,ILS,bier127_gen2_m2,2,2500,25.534227200000718,25.284227200000718,5510,5158.0,5464.0,5.600292825768667,56798.12373915213,94,25.27489079999941,0.2593364000013025,True,True,2,05_runtime_budget_baselines/raw_runs.csv
Runtime budget baseline,Dang,ILS,bier127_gen2_m2,3,2500,25.534227200000718,25.284227200000718,5302,5222.0,5464.0,4.428989751098096,58253.81383145375,98,25.277193600006285,0.2570335999944291,True,True,2,05_runtime_budget_baselines/raw_runs.csv
Runtime budget baseline,Dang,ILS,bier127_gen2_m3,0,2500,16.727191424998637,16.477191424998637,3576,4939.0,5393.0,8.418320044502133,55666.80608296611,93,16.470249799996964,0.2569416250016729,True,True,2,05_runtime_budget_baselines/raw_runs.csv
Runtime budget baseline,Dang,ILS,bier127_gen2_m3,1,2500,16.727191424998637,16.477191424998637,3979,4990.0,5393.0,7.47264973113295,58619.28995354909,90,16.46807819999958,0.2591132249990551,True,True,2,05_runtime_budget_baselines/raw_runs.csv
Runtime budget baseline,Dang,ILS,bier127_gen2_m3,2,2500,16.727191424998637,16.477191424998637,3552,4924.0,5393.0,8.696458371963656,54696.45109840748,93,16.463992999997572,0.2631984250010646,True,True,2,05_runtime_budget_baselines/raw_runs.csv
Runtime budget baseline,Dang,ILS,bier127_gen2_m3,3,2500,16.727191424998637,16.477191424998637,3569,4939.0,5393.0,8.418320044502133,55666.80608296611,93,16.46576720000303,0.2614242249956078,True,True,2,05_runtime_budget_baselines/raw_runs.csv
Runtime budget baseline,Dang,ILS,bier127_gen2_m4,0,2500,16.221627800000533,15.971627800000531,4419,4722.0,5123.0,7.827444856529377,53491.44924064263,84,15.95806299999822,0.2635648000023138,True,True,2,05_runtime_budget_baselines/raw_runs.csv
Runtime budget baseline,Dang,ILS,bier127_gen2_m4,1,2500,16.221627800000533,15.971627800000531,4403,4760.0,5123.0,7.085691977357017,55408.3209562393,85,15.96450719999848,0.2571206000020538,True,True,2,05_runtime_budget_baselines/raw_runs.csv
Runtime budget baseline,Dang,ILS,bier127_gen2_m4,2,2500,16.221627800000533,15.971627800000531,4320,4768.0,5123.0,6.929533476478626,56070.16723936385,86,15.963832599998568,0.257795200001965,True,True,2,05_runtime_budget_baselines/raw_runs.csv
Runtime budget baseline,Dang,ILS,bier127_gen2_m4,3,2500,16.221627800000533,15.971627800000531,4324,4768.0,5123.0,6.929533476478626,56367.51124483676,86,15.962112699999125,0.2595151000014084,True,True,2,05_runtime_budget_baselines/raw_runs.csv
Runtime budget baseline,Dang,ILS,bier127_gen3_m2,0,2500,29.387025175000417,29.137025175000417,8401,2227.0,2885.0,22.807625649913344,54140.44041838798,84,29.129964399995515,0.2570607750049021,True,True,2,05_runtime_budget_baselines/raw_runs.csv
Runtime budget baseline,Dang,ILS,bier127_gen3_m2,1,2500,29.387025175000417,29.137025175000417,8406,2227.0,2885.0,22.807625649913344,54140.44041838798,84,29.131143400001747,0.2558817749986701,True,True,2,05_runtime_budget_baselines/raw_runs.csv
Runtime budget baseline,Dang,ILS,bier127_gen3_m2,2,2500,29.387025175000417,29.137025175000417,8331,2227.0,2885.0,22.807625649913344,54140.44041838798,84,29.12593629999901,0.2610888750014055,True,True,2,05_runtime_budget_baselines/raw_runs.csv
Runtime budget baseline,Dang,ILS,bier127_gen3_m2,3,2500,29.387025175000417,29.137025175000417,8304,2227.0,2885.0,22.807625649913344,54258.85892901991,84,29.128457999999227,0.2585671750011897,True,True,2,05_runtime_budget_baselines/raw_runs.csv
Runtime budget baseline,Dang,ILS,bier127_gen3_m3,0,2500,24.74875665000036,24.49875665000036,6633,1998.0,2706.0,26.164079822616408,51507.63301825748,86,24.485538900000392,0.263217749999967,True,True,2,05_runtime_budget_baselines/raw_runs.csv
Runtime budget baseline,Dang,ILS,bier127_gen3_m3,1,2500,24.74875665000036,24.49875665000036,6630,1998.0,2706.0,26.164079822616408,51489.78651747314,86,24.487939499995264,0.2608171500050957,True,True,2,05_runtime_budget_baselines/raw_runs.csv
Runtime budget baseline,Dang,ILS,bier127_gen3_m3,2,2500,24.74875665000036,24.49875665000036,6717,1998.0,2706.0,26.164079822616408,51633.17040286312,86,24.491102299994964,0.2576543500053958,True,True,2,05_runtime_budget_baselines/raw_runs.csv
Runtime budget baseline,Dang,ILS,bier127_gen3_m3,3,2500,24.74875665000036,24.49875665000036,6745,1998.0,2706.0,26.164079822616408,50633.40454899743,86,24.488897800001723,0.2598588499986363,True,True,2,05_runtime_budget_baselines/raw_runs.csv
Runtime budget baseline,Dang,ILS,bier127_gen3_m4,0,2500,18.83668509999916,18.58668509999916,5150,1829.0,2402.0,23.85512073272273,51335.61206668085,83,18.57605909999984,0.2606259999993199,True,True,2,05_runtime_budget_baselines/raw_runs.csv
Runtime budget baseline,Dang,ILS,bier127_gen3_m4,1,2500,18.83668509999916,18.58668509999916,5160,1829.0,2402.0,23.85512073272273,51673.19602887056,83,18.57450329999847,0.2621818000006897,True,True,2,05_runtime_budget_baselines/raw_runs.csv
Runtime budget baseline,Dang,ILS,bier127_gen3_m4,2,2500,18.83668509999916,18.58668509999916,5132,1829.0,2402.0,23.85512073272273,51335.61206668085,83,18.579275999996756,0.2574091000024054,True,True,2,05_runtime_budget_baselines/raw_runs.csv
Runtime budget baseline,Dang,ILS,bier127_gen3_m4,3,2500,18.83668509999916,18.58668509999916,5128,1829.0,2402.0,23.85512073272273,51335.61206668085,83,18.5768379000001,0.2598471999990579,True,True,2,05_runtime_budget_baselines/raw_runs.csv
Runtime budget baseline,Dang,ILS,cmt101c_m3,0,2500,9.301131875000465,9.051131875000465,5294,1170.0,1300.0,10.0,365.7265141205944,61,9.044399599995812,0.2567322750046514,True,True,2,05_runtime_budget_baselines/raw_runs.csv
Runtime budget baseline,Dang,ILS,cmt101c_m3,1,2500,9.301131875000465,9.051131875000465,5221,1180.0,1300.0,9.23076923076923,359.9093942247492,62,9.04339450000407,0.2577373749963954,True,True,2,05_runtime_budget_baselines/raw_runs.csv
Runtime budget baseline,Dang,ILS,cmt101c_m3,2,2500,9.301131875000465,9.051131875000465,5300,1170.0,1300.0,10.0,360.7447274855281,61,9.04850780000561,0.2526240749948556,True,True,2,05_runtime_budget_baselines/raw_runs.csv
Runtime budget baseline,Dang,ILS,cmt101c_m3,3,2500,9.301131875000465,9.051131875000465,5228,1180.0,1300.0,9.23076923076923,364.7521696132459,62,9.047419499998796,0.253712375001669,True,True,2,05_runtime_budget_baselines/raw_runs.csv
Runtime budget baseline,Dang,ILS,cmt151b_m3,0,2500,15.708839575000638,15.458839575000638,8409,1175.0,1385.0,15.16245487364621,339.5564355087879,66,15.450486800000364,0.2583527750002758,True,True,2,05_runtime_budget_baselines/raw_runs.csv
Runtime budget baseline,Dang,ILS,cmt151b_m3,1,2500,15.708839575000638,15.458839575000638,8510,1199.0,1385.0,13.429602888086643,343.19392524001177,65,15.455225300000166,0.2536142750004728,True,True,2,05_runtime_budget_baselines/raw_runs.csv
Runtime budget baseline,Dang,ILS,cmt151b_m3,2,2500,15.708839575000638,15.458839575000638,8892,1205.0,1385.0,12.99638989169675,347.166428203972,61,15.453319400003238,0.2555201749974003,True,True,2,05_runtime_budget_baselines/raw_runs.csv
Runtime budget baseline,Dang,ILS,cmt151b_m3,3,2500,15.708839575000638,15.458839575000638,8536,1156.0,1385.0,16.534296028880867,331.304649035844,64,15.451908499999265,0.2569310750013756,True,True,2,05_runtime_budget_baselines/raw_runs.csv
Runtime budget baseline,Dang,ILS,cmt151c_m2,0,2500,23.293010200000023,23.043010200000023,3763,1881.0,1964.0,4.226069246435845,520.7283528942107,105,23.0301671000052,0.262843099994825,True,True,2,05_runtime_budget_baselines/raw_runs.csv
Runtime budget baseline,Dang,ILS,cmt151c_m2,1,2500,23.293010200000023,23.043010200000023,3737,1893.0,1964.0,3.6150712830957232,524.0438688033119,107,23.03085860000283,0.2621515999971961,True,True,2,05_runtime_budget_baselines/raw_runs.csv
Runtime budget baseline,Dang,ILS,cmt151c_m2,2,2500,23.293010200000023,23.043010200000023,3804,1887.0,1964.0,3.920570264765784,523.3654645183838,104,23.032663400001184,0.2603467999988424,True,True,2,05_runtime_budget_baselines/raw_runs.csv
Runtime budget baseline,Dang,ILS,cmt151c_m2,3,2500,23.293010200000023,23.043010200000023,3699,1892.0,1964.0,3.6659877800407332,523.317100537495,108,23.034002799999143,0.2590074000008826,True,True,2,05_runtime_budget_baselines/raw_runs.csv
Runtime budget baseline,Dang,ILS,cmt151c_m3,0,2500,19.459460425000543,19.209460425000543,3206,1835.0,1916.0,4.227557411273486,523.168637907856,104,19.19693669999833,0.262523725002211,True,True,2,05_runtime_budget_baselines/raw_runs.csv
Runtime budget baseline,Dang,ILS,cmt151c_m3,1,2500,19.459460425000543,19.209460425000543,3217,1844.0,1916.0,3.757828810020877,522.4713754246857,104,19.19923959999869,0.260220825001852,True,True,2,05_runtime_budget_baselines/raw_runs.csv
Runtime budget baseline,Dang,ILS,cmt151c_m3,2,2500,19.459460425000543,19.209460425000543,3369,1823.0,1916.0,4.853862212943633,521.9089455737476,102,19.19740390000516,0.262056524995387,True,True,2,05_runtime_budget_baselines/raw_runs.csv
Runtime budget baseline,Dang,ILS,cmt151c_m3,3,2500,19.459460425000543,19.209460425000543,3637,1731.0,1916.0,9.65553235908142,516.6105484386237,101,19.1984636000052,0.2609968249953454,True,True,2,05_runtime_budget_baselines/raw_runs.csv
Runtime budget baseline,Dang,ILS,cmt151c_m4,0,2500,16.683133199999247,16.433133199999247,3317,1767.0,1880.0,6.01063829787234,515.1813071579365,100,16.421975800003565,0.2611573999956817,True,True,2,05_runtime_budget_baselines/raw_runs.csv
Runtime budget baseline,Dang,ILS,cmt151c_m4,1,2500,16.683133199999247,16.433133199999247,3403,1745.0,1880.0,7.180851063829787,508.0577563770677,97,16.420181100002083,0.2629520999971646,True,True,2,05_runtime_budget_baselines/raw_runs.csv
Runtime budget baseline,Dang,ILS,cmt151c_m4,2,2500,16.683133199999247,16.433133199999247,3359,1735.0,1880.0,7.712765957446808,515.3961875765983,98,16.422946599996067,0.2601866000031805,True,True,2,05_runtime_budget_baselines/raw_runs.csv
Runtime budget baseline,Dang,ILS,cmt151c_m4,3,2500,16.683133199999247,16.433133199999247,3303,1750.0,1880.0,6.914893617021277,513.6843907120772,100,16.42424000000028,0.2588931999989654,True,True,2,05_runtime_budget_baselines/raw_runs.csv
Runtime budget baseline,Dang,ILS,cmt200b_m2,0,2500,39.156233175000125,38.906233175000125,8049,1821.0,2096.0,13.120229007633588,378.9043334131013,98,38.892863999994006,0.2633691750061189,True,True,2,05_runtime_budget_baselines/raw_runs.csv
Runtime budget baseline,Dang,ILS,cmt200b_m2,1,2500,39.156233175000125,38.906233175000125,8103,1816.0,2096.0,13.358778625954198,375.74205575293297,97,38.89201940000203,0.2642137749980975,True,True,2,05_runtime_budget_baselines/raw_runs.csv
Runtime budget baseline,Dang,ILS,cmt200b_m2,2,2500,39.156233175000125,38.906233175000125,8201,1787.0,2096.0,14.742366412213741,374.90140896236426,97,38.89544030000252,0.2607928749976054,True,True,2,05_runtime_budget_baselines/raw_runs.csv
Runtime budget baseline,Dang,ILS,cmt200b_m2,3,2500,39.156233175000125,38.906233175000125,8347,1810.0,2096.0,13.645038167938932,381.1297933976927,96,38.8971332000001,0.2590999750000264,True,True,2,05_runtime_budget_baselines/raw_runs.csv
Runtime budget baseline,Dang,ILS,cmt200b_m3,0,2500,27.987053099999684,27.737053099999684,5992,1692.0,2019.0,16.196136701337295,372.0608908117471,93,27.726201599994965,0.2608515000047191,True,True,2,05_runtime_budget_baselines/raw_runs.csv
Runtime budget baseline,Dang,ILS,cmt200b_m3,1,2500,27.987053099999684,27.737053099999684,6364,1707.0,2019.0,15.453194650817236,377.8590428632693,91,27.728795099996205,0.2582580000034795,True,True,2,05_runtime_budget_baselines/raw_runs.csv
Runtime budget baseline,Dang,ILS,cmt200b_m3,2,2500,27.987053099999684,27.737053099999684,6678,1704.0,2019.0,15.601783060921248,376.6477610944136,91,27.727577899997414,0.2594752000022708,True,True,2,05_runtime_budget_baselines/raw_runs.csv
Runtime budget baseline,Dang,ILS,cmt200b_m3,3,2500,27.987053099999684,27.737053099999684,6283,1702.0,2019.0,15.700842000990589,372.88941221010015,91,27.727613400005797,0.2594396999938908,True,True,2,05_runtime_budget_baselines/raw_runs.csv
Runtime budget baseline,Dang,ILS,cmt200b_m4,0,2500,22.954132700000628,22.704132700000628,6026,1616.0,1894.0,14.6779303062302,364.8084579826572,88,22.6935369999992,0.2605957000014314,True,True,2,05_runtime_budget_baselines/raw_runs.csv
Runtime budget baseline,Dang,ILS,cmt200b_m4,1,2500,22.954132700000628,22.704132700000628,6006,1572.0,1894.0,17.00105596620908,366.51850105178,88,22.692272399996,0.2618603000046278,True,True,2,05_runtime_budget_baselines/raw_runs.csv
Runtime budget baseline,Dang,ILS,cmt200b_m4,2,2500,22.954132700000628,22.704132700000628,6029,1588.0,1894.0,16.156282998944032,370.7371704449735,88,22.69783109999844,0.2563016000021889,True,True,2,05_runtime_budget_baselines/raw_runs.csv
Runtime budget baseline,Dang,ILS,cmt200b_m4,3,2500,22.954132700000628,22.704132700000628,6024,1638.0,1894.0,13.51636747624076,370.8215282369666,89,22.6975728000034,0.256559899997228,True,True,2,05_runtime_budget_baselines/raw_runs.csv
Runtime budget baseline,Dang,ILS,cmt200c_m2,0,2500,47.57637597499979,47.32637597499979,3940,2478.0,2818.0,12.065294535131299,571.21654017368,137,47.30354280000029,0.272833174999505,True,True,2,05_runtime_budget_baselines/raw_runs.csv
Runtime budget baseline,Dang,ILS,cmt200c_m2,1,2500,47.57637597499979,47.32637597499979,3984,2470.0,2818.0,12.349183818310859,567.4104885518943,135,47.312171300000045,0.2642046749997462,True,True,2,05_runtime_budget_baselines/raw_runs.csv
Runtime budget baseline,Dang,ILS,cmt200c_m2,2,2500,47.57637597499979,47.32637597499979,3895,2486.0,2818.0,11.781405251951739,569.021075925646,138,47.30845979999867,0.267916175001119,True,True,2,05_runtime_budget_baselines/raw_runs.csv
Runtime budget baseline,Dang,ILS,cmt200c_m2,3,2500,47.57637597499979,47.32637597499979,3955,2472.0,2818.0,12.278211497515969,569.5403340107955,136,47.30591819999973,0.270457775000068,True,True,2,05_runtime_budget_baselines/raw_runs.csv
Runtime budget baseline,Dang,ILS,cmt200c_m3,0,2500,36.215110574999926,35.965110574999926,2564,2552.0,2766.0,7.736804049168474,559.4664912866675,142,35.94738700000016,0.2677235749997635,True,True,2,05_runtime_budget_baselines/raw_runs.csv
Runtime budget baseline,Dang,ILS,cmt200c_m3,1,2500,36.215110574999926,35.965110574999926,2567,2657.0,2766.0,3.940708604483008,567.3153524049233,145,35.943728199999896,0.2713823750000301,True,True,2,05_runtime_budget_baselines/raw_runs.csv
Runtime budget baseline,Dang,ILS,cmt200c_m3,2,2500,36.215110574999926,35.965110574999926,2954,2512.0,2766.0,9.18293564714389,561.1599843286336,139,35.94317669999873,0.2719338750011957,True,True,2,05_runtime_budget_baselines/raw_runs.csv
Runtime budget baseline,Dang,ILS,cmt200c_m3,3,2500,36.215110574999926,35.965110574999926,2592,2631.0,2766.0,4.8806941431670285,567.4775354775977,143,35.94484630000079,0.2702642749991355,True,True,2,05_runtime_budget_baselines/raw_runs.csv
Runtime budget baseline,Dang,ILS,cmt200c_m4,0,2500,32.4448559500006,32.1948559500006,2376,2530.0,2712.0,6.710914454277286,561.3515466524702,141,32.16936279999936,0.275493150001239,True,True,2,05_runtime_budget_baselines/raw_runs.csv
Runtime budget baseline,Dang,ILS,cmt200c_m4,1,2500,32.4448559500006,32.1948559500006,2574,2519.0,2712.0,7.116519174041298,564.2614004999401,140,32.17638319999969,0.2684727500009103,True,True,2,05_runtime_budget_baselines/raw_runs.csv
Runtime budget baseline,Dang,ILS,cmt200c_m4,2,2500,32.4448559500006,32.1948559500006,2580,2510.0,2712.0,7.448377581120944,554.8749356639344,139,32.18479289999959,0.2600630500010084,True,True,2,05_runtime_budget_baselines/raw_runs.csv
Runtime budget baseline,Dang,ILS,cmt200c_m4,3,2500,32.4448559500006,32.1948559500006,2476,2568.0,2712.0,5.3097345132743365,558.7995380059157,143,32.174949899999774,0.2699060500008272,True,True,2,05_runtime_budget_baselines/raw_runs.csv
Runtime budget baseline,Dang,ILS,eil101b_m3,0,2500,7.349109925000448,7.099109925000448,8962,831.0,916.0,9.279475982532752,309.0792242243409,45,7.097834899999725,0.2512750250007229,True,True,2,05_runtime_budget_baselines/raw_runs.csv
Runtime budget baseline,Dang,ILS,eil101b_m3,1,2500,7.349109925000448,7.099109925000448,8909,796.0,916.0,13.100436681222707,298.3705604217748,46,7.097613300000376,0.2514966250000725,True,True,2,05_runtime_budget_baselines/raw_runs.csv
Runtime budget baseline,Dang,ILS,eil101b_m3,2,2500,7.349109925000448,7.099109925000448,8892,806.0,916.0,12.008733624454148,298.0516471767241,46,7.096206700000039,0.2529032250004093,True,True,2,05_runtime_budget_baselines/raw_runs.csv
Runtime budget baseline,Dang,ILS,eil101b_m3,3,2500,7.349109925000448,7.099109925000448,8774,813.0,916.0,11.244541484716157,308.7217286821897,47,7.096787400005269,0.2523225249951792,True,True,2,05_runtime_budget_baselines/raw_runs.csv
Runtime budget baseline,Dang,ILS,eil101c_m2,0,2500,11.105511849999855,10.855511849999855,5627,1251.0,1305.0,4.137931034482759,467.208466125086,69,10.8523434000017,0.2531684499981566,True,True,2,05_runtime_budget_baselines/raw_runs.csv
Runtime budget baseline,Dang,ILS,eil101c_m2,1,2500,11.105511849999855,10.855511849999855,4438,1280.0,1305.0,1.9157088122605364,468.252273537012,72,10.851022800001374,0.2544890499984831,True,True,2,05_runtime_budget_baselines/raw_runs.csv
Runtime budget baseline,Dang,ILS,eil101c_m2,2,2500,11.105511849999855,10.855511849999855,4591,1255.0,1305.0,3.8314176245210727,459.867147845863,72,10.851302600000054,0.2542092499998034,True,True,2,05_runtime_budget_baselines/raw_runs.csv
Runtime budget baseline,Dang,ILS,eil101c_m2,3,2500,11.105511849999855,10.855511849999855,4500,1261.0,1305.0,3.371647509578544,463.1096134151316,73,10.850670899999386,0.2548409500004709,True,True,2,05_runtime_budget_baselines/raw_runs.csv
Runtime budget baseline,Dang,ILS,eil101c_m3,0,2500,9.564464200000655,9.314464200000655,4930,1155.0,1251.0,7.6738609112709835,466.5105935921322,67,9.30666360000032,0.257800600000337,True,True,2,05_runtime_budget_baselines/raw_runs.csv
Runtime budget baseline,Dang,ILS,eil101c_m3,1,2500,9.564464200000655,9.314464200000655,4969,1153.0,1251.0,7.8337330135891285,456.79524465035286,67,9.306640499999048,0.2578237000016088,True,True,2,05_runtime_budget_baselines/raw_runs.csv
Runtime budget baseline,Dang,ILS,eil101c_m3,2,2500,9.564464200000655,9.314464200000655,4997,1130.0,1251.0,9.672262190247801,452.1061146307219,66,9.310615500005952,0.2538486999947054,True,True,2,05_runtime_budget_baselines/raw_runs.csv
Runtime budget baseline,Dang,ILS,eil101c_m3,3,2500,9.564464200000655,9.314464200000655,4970,1143.0,1251.0,8.633093525179856,463.4480786817778,66,9.31040309999662,0.2540611000040371,True,True,2,05_runtime_budget_baselines/raw_runs.csv
Runtime budget baseline,Dang,ILS,gil262_gen1_m3,0,2500,24.997255774998848,24.747255774998848,8567,80.0,101.0,20.792079207920793,1106.7172247010994,80,24.739954099997703,0.2573016750011447,True,True,2,05_runtime_budget_baselines/raw_runs.csv
Runtime budget baseline,Dang,ILS,gil262_gen1_m3,1,2500,24.997255774998848,24.747255774998848,7140,81.0,101.0,19.801980198019802,1149.2616066526716,81,24.73489169999812,0.2623640750007325,True,True,2,05_runtime_budget_baselines/raw_runs.csv
Runtime budget baseline,Dang,ILS,gil262_gen1_m3,2,2500,24.997255774998848,24.747255774998848,7267,81.0,101.0,19.801980198019802,1132.6282720980544,81,24.735554500002763,0.261701274996085,True,True,2,05_runtime_budget_baselines/raw_runs.csv
Runtime budget baseline,Dang,ILS,gil262_gen1_m3,3,2500,24.997255774998848,24.747255774998848,7159,81.0,101.0,19.801980198019802,1133.6754754508656,81,24.73591590000433,0.261339874994519,True,True,2,05_runtime_budget_baselines/raw_runs.csv
Runtime budget baseline,Dang,ILS,gil262_gen1_m4,0,2500,17.904335599999285,17.654335599999285,9035,64.0,78.0,17.94871794871795,1036.162202851786,64,17.64564650000102,0.2586890999982643,True,True,2,05_runtime_budget_baselines/raw_runs.csv
Runtime budget baseline,Dang,ILS,gil262_gen1_m4,1,2500,17.904335599999285,17.654335599999285,8992,64.0,78.0,17.94871794871795,1045.7139483655196,64,17.646782099996926,0.2575535000023592,True,True,2,05_runtime_budget_baselines/raw_runs.csv
Runtime budget baseline,Dang,ILS,gil262_gen1_m4,2,2500,17.904335599999285,17.654335599999285,9011,64.0,78.0,17.94871794871795,1031.7951007375048,64,17.649968799996714,0.2543668000025718,True,True,2,05_runtime_budget_baselines/raw_runs.csv
Runtime budget baseline,Dang,ILS,gil262_gen1_m4,3,2500,17.904335599999285,17.654335599999285,9070,64.0,78.0,17.94871794871795,1044.4122075128864,64,17.648314300000493,0.2560212999987925,True,True,2,05_runtime_budget_baselines/raw_runs.csv
Runtime budget baseline,Dang,ILS,gil262_gen2_m2,0,2500,59.76122350000151,59.4624173825015,10091,6162.0,7498.0,17.818084822619365,1181.6895731245695,102,59.44813689999864,0.3130866000028618,True,True,2,05_runtime_budget_baselines/raw_runs.csv
Runtime budget baseline,Dang,ILS,gil262_gen2_m2,1,2500,59.76122350000151,59.4624173825015,11772,6179.0,7498.0,17.591357695385437,1185.0290020940176,99,59.45173209999484,0.3094914000066637,True,True,2,05_runtime_budget_baselines/raw_runs.csv
Runtime budget baseline,Dang,ILS,gil262_gen2_m2,2,2500,59.76122350000151,59.4624173825015,10408,6071.0,7498.0,19.03174179781275,1180.4190099495097,100,59.449731699998665,0.311491800002841,True,True,2,05_runtime_budget_baselines/raw_runs.csv
Runtime budget baseline,Dang,ILS,gil262_gen2_m2,3,2500,59.76122350000151,59.4624173825015,11934,6038.0,7498.0,19.47185916244332,1176.9933818741024,100,59.45245959999738,0.3087639000041235,True,True,2,05_runtime_budget_baselines/raw_runs.csv
Runtime budget baseline,Dang,ILS,gil262_gen2_m3,0,2500,28.07349539999996,27.82349539999996,8393,4928.0,5615.0,12.235084594835262,1173.199422775364,82,27.811405600004942,0.2620897999950102,True,True,2,05_runtime_budget_baselines/raw_runs.csv
Runtime budget baseline,Dang,ILS,gil262_gen2_m3,1,2500,28.07349539999996,27.82349539999996,9220,4760.0,5615.0,15.22707034728406,1159.425872359815,81,27.813889500001096,0.2596058999988599,True,True,2,05_runtime_budget_baselines/raw_runs.csv
Runtime budget baseline,Dang,ILS,gil262_gen2_m3,2,2500,28.07349539999996,27.82349539999996,8117,4928.0,5615.0,12.235084594835262,1172.455210609833,82,27.8161059999984,0.2573894000015571,True,True,2,05_runtime_budget_baselines/raw_runs.csv
Runtime budget baseline,Dang,ILS,gil262_gen2_m3,3,2500,28.07349539999996,27.82349539999996,7946,4820.0,5615.0,14.158504007123776,1165.2737826241091,82,27.81919249999919,0.2543029000007664,True,True,2,05_runtime_budget_baselines/raw_runs.csv
Runtime budget baseline,Dang,ILS,gil262_gen3_m2,0,2500,56.32583732499916,56.04420813837416,9259,4180.0,7183.0,41.807044410413475,1114.8243311306012,102,56.029925300004834,0.2959120249943225,True,True,2,05_runtime_budget_baselines/raw_runs.csv
Runtime budget baseline,Dang,ILS,gil262_gen3_m2,1,2500,56.32583732499916,56.04420813837416,9246,4180.0,7183.0,41.807044410413475,1114.8243311306012,102,56.02901440000278,0.2968229249963769,True,True,2,05_runtime_budget_baselines/raw_runs.csv
Runtime budget baseline,Dang,ILS,gil262_gen3_m2,2,2500,56.32583732499916,56.04420813837416,9324,4180.0,7183.0,41.807044410413475,1114.8243311306012,102,56.03059890000441,0.2952384249947499,True,True,2,05_runtime_budget_baselines/raw_runs.csv
Runtime budget baseline,Dang,ILS,gil262_gen3_m2,3,2500,56.32583732499916,56.04420813837416,9333,4180.0,7183.0,41.807044410413475,1114.8243311306012,102,56.02834530000109,0.2974920249980641,True,True,2,05_runtime_budget_baselines/raw_runs.csv
Runtime budget baseline,Dang,ILS,gil262_gen3_m4,0,2500,21.28265452499909,21.03265452499909,10406,2019.0,2507.0,19.465496609493417,1112.8808799647124,67,21.02597099999548,0.2566835250036092,True,True,2,05_runtime_budget_baselines/raw_runs.csv
Runtime budget baseline,Dang,ILS,gil262_gen3_m4,1,2500,21.28265452499909,21.03265452499909,10406,2019.0,2507.0,19.465496609493417,1112.8808799647124,67,21.026609400003508,0.2560451249955804,True,True,2,05_runtime_budget_baselines/raw_runs.csv
Runtime budget baseline,Dang,ILS,gil262_gen3_m4,2,2500,21.28265452499909,21.03265452499909,10404,2019.0,2507.0,19.465496609493417,1102.6875599371435,67,21.023428100001183,0.2592264249979052,True,True,2,05_runtime_budget_baselines/raw_runs.csv
Runtime budget baseline,Dang,ILS,gil262_gen3_m4,3,2500,21.28265452499909,21.03265452499909,10378,2019.0,2507.0,19.465496609493417,1103.9893007897767,67,21.02249739999388,0.2601571250052075,True,True,2,05_runtime_budget_baselines/raw_runs.csv
Runtime budget baseline,Dang,ILS,gil262a_m2,0,2500,22.421170749999877,22.171170749999877,16585,3078.0,4078.0,24.521824423737126,559.7818047424103,59,22.16827279999416,0.2528979500057176,True,True,2,05_runtime_budget_baselines/raw_runs.csv
Runtime budget baseline,Dang,ILS,gil262a_m2,1,2500,22.421170749999877,22.171170749999877,16627,3078.0,4078.0,24.521824423737126,559.7818047424103,59,22.166450600001557,0.2547201499983202,True,True,2,05_runtime_budget_baselines/raw_runs.csv
Runtime budget baseline,Dang,ILS,gil262a_m2,2,2500,22.421170749999877,22.171170749999877,16619,3078.0,4078.0,24.521824423737126,559.7818047424103,59,22.16841089999798,0.2527598500018939,True,True,2,05_runtime_budget_baselines/raw_runs.csv
Runtime budget baseline,Dang,ILS,gil262a_m2,3,2500,22.421170749999877,22.171170749999877,16591,3078.0,4078.0,24.521824423737126,559.7818047424103,59,22.16866039999877,0.2525103500011028,True,True,2,05_runtime_budget_baselines/raw_runs.csv
Runtime budget baseline,Dang,ILS,gil262a_m4,0,2500,12.685807675001342,12.435807675001342,13167,2561.0,3175.0,19.338582677165356,547.0700079499128,48,12.434594899998046,0.251212775003296,True,True,2,05_runtime_budget_baselines/raw_runs.csv
Runtime budget baseline,Dang,ILS,gil262a_m4,1,2500,12.685807675001342,12.435807675001342,13153,2561.0,3175.0,19.338582677165356,547.0700079499128,48,12.43468120000034,0.2511264750010014,True,True,2,05_runtime_budget_baselines/raw_runs.csv
Runtime budget baseline,Dang,ILS,gil262a_m4,2,2500,12.685807675001342,12.435807675001342,13412,2561.0,3175.0,19.338582677165356,547.0700079499128,48,12.432259699999122,0.2535479750022205,True,True,2,05_runtime_budget_baselines/raw_runs.csv
Runtime budget baseline,Dang,ILS,gil262a_m4,3,2500,12.685807675001342,12.435807675001342,13406,2561.0,3175.0,19.338582677165356,547.0700079499128,48,12.43215020000207,0.2536574749992724,True,True,2,05_runtime_budget_baselines/raw_runs.csv
Runtime budget baseline,Dang,ILS,gil262b_m2,0,2500,54.28280810000069,54.01139405950069,7246,5893.0,8081.0,27.075856948397476,1169.9847733919946,111,53.99836980000691,0.2844382999937807,True,True,2,05_runtime_budget_baselines/raw_runs.csv
Runtime budget baseline,Dang,ILS,gil262b_m2,1,2500,54.28280810000069,54.01139405950069,7710,5955.0,8081.0,26.308625170152208,1175.1186177776494,111,54.00008620000153,0.2827218999991601,True,True,2,05_runtime_budget_baselines/raw_runs.csv
Runtime budget baseline,Dang,ILS,gil262b_m2,2,2500,54.28280810000069,54.01139405950069,7710,5955.0,8081.0,26.308625170152208,1174.6967683489409,111,53.9964817,0.2863264000006893,True,True,2,05_runtime_budget_baselines/raw_runs.csv
Runtime budget baseline,Dang,ILS,gil262b_m2,3,2500,54.28280810000069,54.01139405950069,7225,5909.0,8081.0,26.877861650785793,1148.0099139984925,111,53.99897690000216,0.2838311999985308,True,True,2,05_runtime_budget_baselines/raw_runs.csv
Runtime budget baseline,Dang,ILS,gil262b_m3,0,2500,39.742718599999534,39.492718599999534,5415,5836.0,7585.0,23.058668424522082,1173.0045199865272,109,39.47821239999757,0.2645062000019607,True,True,2,05_runtime_budget_baselines/raw_runs.csv
Runtime budget baseline,Dang,ILS,gil262b_m3,1,2500,39.742718599999534,39.492718599999534,5234,5715.0,7585.0,24.653922214897825,1114.8572629312553,111,39.4786399999939,0.2640786000056323,True,True,2,05_runtime_budget_baselines/raw_runs.csv
Runtime budget baseline,Dang,ILS,gil262b_m3,2,2500,39.742718599999534,39.492718599999534,6097,5760.0,7585.0,24.060646011865526,1126.3099844056933,110,39.47729790000449,0.2654206999950474,True,True,2,05_runtime_budget_baselines/raw_runs.csv
Runtime budget baseline,Dang,ILS,gil262b_m3,3,2500,39.742718599999534,39.492718599999534,5427,5715.0,7585.0,24.653922214897825,1120.3476837334038,111,39.4822084999978,0.2605101000017384,True,True,2,05_runtime_budget_baselines/raw_runs.csv
Runtime budget baseline,Dang,ILS,gil262b_m4,0,2500,31.320743649999716,31.070743649999716,4964,5509.0,6781.0,18.758295236690753,1110.6171245983635,104,31.058163499998045,0.2625801500016678,True,True,2,05_runtime_budget_baselines/raw_runs.csv
Runtime budget baseline,Dang,ILS,gil262b_m4,1,2500,31.320743649999716,31.070743649999716,4978,5600.0,6781.0,17.41631027871995,1161.4605988200694,104,31.05609810000169,0.264645549998022,True,True,2,05_runtime_budget_baselines/raw_runs.csv
Runtime budget baseline,Dang,ILS,gil262b_m4,2,2500,31.320743649999716,31.070743649999716,5089,5628.0,6781.0,17.003391830113554,1166.213254230305,102,31.061512300002505,0.2592313499972078,True,True,2,05_runtime_budget_baselines/raw_runs.csv
Runtime budget baseline,Dang,ILS,gil262b_m4,3,2500,31.320743649999716,31.070743649999716,4969,5509.0,6781.0,18.758295236690753,1130.5494311804553,104,31.06284690000029,0.2578967499994178,True,True,2,05_runtime_budget_baselines/raw_runs.csv
Runtime budget baseline,Dang,ILS,gil262c_m2,0,2500,71.7763644000006,71.4174825780006,2926,10368.0,11030.0,6.00181323662738,1778.5633098902654,178,71.40035190000344,0.3760124999971594,True,True,2,05_runtime_budget_baselines/raw_runs.csv
Runtime budget baseline,Dang,ILS,gil262c_m2,1,2500,71.7763644000006,71.4174825780006,2913,10441.0,11030.0,5.3399818676337265,1769.7993294705009,177,71.37501440000051,0.4013500000000931,True,True,2,05_runtime_budget_baselines/raw_runs.csv
Runtime budget baseline,Dang,ILS,gil262c_m2,2,2500,71.7763644000006,71.4174825780006,2955,10037.0,11030.0,9.00271985494107,1774.2914506344264,174,71.38034469999548,0.3960197000051266,True,True,2,05_runtime_budget_baselines/raw_runs.csv
Runtime budget baseline,Dang,ILS,gil262c_m2,3,2500,71.7763644000006,71.4174825780006,2880,10449.0,11030.0,5.267452402538531,1778.0686424160613,177,71.39070209999772,0.3856623000028776,True,True,2,05_runtime_budget_baselines/raw_runs.csv
Runtime budget baseline,Dang,ILS,gil262c_m3,0,2500,54.2995010249997,54.0280035198747,2606,9009.0,10757.0,16.249883796597565,1742.021242959021,166,54.00657630000205,0.292924724997647,True,True,2,05_runtime_budget_baselines/raw_runs.csv
Runtime budget baseline,Dang,ILS,gil262c_m3,1,2500,54.2995010249997,54.0280035198747,2685,9010.0,10757.0,16.240587524402713,1747.8419982382045,161,53.99908819999837,0.3004128250013309,True,True,2,05_runtime_budget_baselines/raw_runs.csv
Runtime budget baseline,Dang,ILS,gil262c_m3,2,2500,54.2995010249997,54.0280035198747,2630,9642.0,10757.0,10.3653434972576,1751.7657876556302,164,53.9936807999984,0.3058202250012982,True,True,2,05_runtime_budget_baselines/raw_runs.csv
Runtime budget baseline,Dang,ILS,gil262c_m3,3,2500,54.2995010249997,54.0280035198747,2602,9019.0,10757.0,16.156921074649066,1746.0902818722884,166,54.004659700003685,0.294841324996014,True,True,2,05_runtime_budget_baselines/raw_runs.csv
Runtime budget baseline,Dang,ILS,gil262c_m4,0,2500,46.53385975000037,46.28385975000037,2723,8645.0,10281.0,15.91284894465519,1754.757714535118,156,46.24614440000005,0.287715350000326,True,True,2,05_runtime_budget_baselines/raw_runs.csv
Runtime budget baseline,Dang,ILS,gil262c_m4,1,2500,46.53385975000037,46.28385975000037,2748,8736.0,10281.0,15.027721038809455,1742.4124132806496,154,46.258244299999205,0.2756154500011689,True,True,2,05_runtime_budget_baselines/raw_runs.csv
Runtime budget baseline,Dang,ILS,gil262c_m4,2,2500,46.53385975000037,46.28385975000037,2795,8515.0,10281.0,17.177317381577666,1754.350113398903,154,46.27077480000298,0.2630849499973919,True,True,2,05_runtime_budget_baselines/raw_runs.csv
Runtime budget baseline,Dang,ILS,gil262c_m4,3,2500,46.53385975000037,46.28385975000037,2703,8574.0,10281.0,16.603443244820543,1759.32878452065,153,46.26044849999744,0.2734112500029368,True,True,2,05_runtime_budget_baselines/raw_runs.csv
Runtime budget baseline,Dang,ILS,gr229_gen1_m4,0,2500,33.247639100001834,32.997639100001834,1152,220.0,223.0,1.345291479820628,1604.9497858021257,220,32.95600109999941,0.2916380000024219,True,True,2,05_runtime_budget_baselines/raw_runs.csv
Runtime budget baseline,Dang,ILS,gr229_gen1_m4,1,2500,33.247639100001834,32.997639100001834,1136,220.0,223.0,1.345291479820628,1569.243899905714,220,32.94824499999959,0.299394100002246,True,True,2,05_runtime_budget_baselines/raw_runs.csv
Runtime budget baseline,Dang,ILS,gr229_gen1_m4,2,2500,33.247639100001834,32.997639100001834,1173,220.0,223.0,1.345291479820628,1559.0343101938452,220,32.95160050000413,0.2960385999977006,True,True,2,05_runtime_budget_baselines/raw_runs.csv
Runtime budget baseline,Dang,ILS,gr229_gen1_m4,3,2500,33.247639100001834,32.997639100001834,1183,220.0,223.0,1.345291479820628,1627.4153349642495,220,32.95323030000145,0.294408800000383,True,True,2,05_runtime_budget_baselines/raw_runs.csv
Runtime budget baseline,Dang,ILS,gr229_gen2_m3,0,2500,27.48922107499948,27.23922107499948,890,11120.0,11566.0,3.856130036313332,1407.9642878466675,220,27.193759599998884,0.295461475000593,True,True,2,05_runtime_budget_baselines/raw_runs.csv
Runtime budget baseline,Dang,ILS,gr229_gen2_m3,1,2500,27.48922107499948,27.23922107499948,915,11120.0,11566.0,3.856130036313332,1426.8029897822466,220,27.21061760000157,0.278603474997908,True,True,2,05_runtime_budget_baselines/raw_runs.csv
Runtime budget baseline,Dang,ILS,gr229_gen2_m3,2,2500,27.48922107499948,27.23922107499948,900,11120.0,11566.0,3.856130036313332,1396.358377203606,220,27.211293100001058,0.2779279749984198,True,True,2,05_runtime_budget_baselines/raw_runs.csv
Runtime budget baseline,Dang,ILS,gr229_gen2_m3,3,2500,27.48922107499948,27.23922107499948,903,11120.0,11566.0,3.856130036313332,1403.0001543953954,220,27.22015570000076,0.2690653749987177,True,True,2,05_runtime_budget_baselines/raw_runs.csv
Runtime budget baseline,Dang,ILS,gr229_gen2_m4,0,2500,43.4268879250003,43.1768879250003,1514,11120.0,11355.0,2.0695728753852927,1543.4459946166835,220,43.12890559999505,0.2979823250052504,True,True,2,05_runtime_budget_baselines/raw_runs.csv
Runtime budget baseline,Dang,ILS,gr229_gen2_m4,1,2500,43.4268879250003,43.1768879250003,1535,11120.0,11355.0,2.0695728753852927,1568.6019077148671,220,43.13130710000405,0.2955808249962501,True,True,2,05_runtime_budget_baselines/raw_runs.csv
Runtime budget baseline,Dang,ILS,gr229_gen2_m4,2,2500,43.4268879250003,43.1768879250003,1531,11120.0,11355.0,2.0695728753852927,1544.6434490456102,220,43.14349729999958,0.2833906250007203,True,True,2,05_runtime_budget_baselines/raw_runs.csv
Runtime budget baseline,Dang,ILS,gr229_gen2_m4,3,2500,43.4268879250003,43.1768879250003,1526,11120.0,11355.0,2.0695728753852927,1558.2543109086168,220,43.12910649999685,0.2977814250034498,True,True,2,05_runtime_budget_baselines/raw_runs.csv
Runtime budget baseline,Dang,ILS,gr229_gen3_m3,0,2500,26.590247125000133,26.340247125000133,872,7355.0,8056.0,8.701588877855015,1393.7197165674772,220,26.29395929999737,0.2962878250027643,True,True,2,05_runtime_budget_baselines/raw_runs.csv
Runtime budget baseline,Dang,ILS,gr229_gen3_m3,1,2500,26.590247125000133,26.340247125000133,876,7355.0,8056.0,8.701588877855015,1372.703235314259,220,26.313129000001936,0.2771181249981964,True,True,2,05_runtime_budget_baselines/raw_runs.csv
Runtime budget baseline,Dang,ILS,gr229_gen3_m3,2,2500,26.590247125000133,26.340247125000133,857,7355.0,8056.0,8.701588877855015,1388.2191234819722,220,26.299831999996968,0.2904151250031646,True,True,2,05_runtime_budget_baselines/raw_runs.csv
Runtime budget baseline,Dang,ILS,gr229_gen3_m3,3,2500,26.590247125000133,26.340247125000133,852,7355.0,8056.0,8.701588877855015,1386.779137644815,220,26.29284809999808,0.2973990250020506,True,True,2,05_runtime_budget_baselines/raw_runs.csv
Runtime budget baseline,Dang,ILS,gr229_gen3_m4,0,2500,54.309092349999446,54.03754688824945,1924,7355.0,7651.0,3.868775323487126,1627.3927779726196,220,54.00434259999747,0.3047497500019744,True,True,2,05_runtime_budget_baselines/raw_runs.csv
Runtime budget baseline,Dang,ILS,gr229_gen3_m4,1,2500,54.309092349999446,54.03754688824945,1852,7355.0,7651.0,3.868775323487126,1524.071369021755,220,53.99041240000224,0.3186799499972039,True,True,2,05_runtime_budget_baselines/raw_runs.csv
Runtime budget baseline,Dang,ILS,gr229_gen3_m4,2,2500,54.309092349999446,54.03754688824945,1850,7355.0,7651.0,3.868775323487126,1606.0010640818898,220,53.9925355000014,0.3165568499980509,True,True,2,05_runtime_budget_baselines/raw_runs.csv
Runtime budget baseline,Dang,ILS,gr229_gen3_m4,3,2500,54.309092349999446,54.03754688824945,1828,7355.0,7651.0,3.868775323487126,1537.2232221090114,220,53.98662109999714,0.3224712500023088,True,True,2,05_runtime_budget_baselines/raw_runs.csv
Runtime budget baseline,Dang,ILS,kroA150_gen2_m2,0,2500,23.57265989999996,23.32265989999996,12681,3671.0,4335.0,15.317185697808535,12715.113760741897,67,23.3182078999962,0.2544520000037664,True,True,2,05_runtime_budget_baselines/raw_runs.csv
Runtime budget baseline,Dang,ILS,kroA150_gen2_m2,1,2500,23.57265989999996,23.32265989999996,12688,3671.0,4335.0,15.317185697808535,12715.113760741897,67,23.31904329999816,0.2536166000018056,True,True,2,05_runtime_budget_baselines/raw_runs.csv
Runtime budget baseline,Dang,ILS,kroA150_gen2_m2,2,2500,23.57265989999996,23.32265989999996,12874,3660.0,4335.0,15.570934256055363,12660.518323910226,66,23.31369650000124,0.25896339999872,True,True,2,05_runtime_budget_baselines/raw_runs.csv
Runtime budget baseline,Dang,ILS,kroA150_gen2_m2,3,2500,23.57265989999996,23.32265989999996,12669,3671.0,4335.0,15.317185697808535,12715.113760741897,67,23.314796099999512,0.2578638000004503,True,True,2,05_runtime_budget_baselines/raw_runs.csv
Runtime budget baseline,Dang,ILS,kroA150_gen3_m3,0,2500,15.560033299999304,15.310033299999304,11836,2079.0,2726.0,23.734409391049155,12692.264128121624,58,15.307165600002918,0.2528676999963863,True,True,2,05_runtime_budget_baselines/raw_runs.csv
Runtime budget baseline,Dang,ILS,kroA150_gen3_m3,1,2500,15.560033299999304,15.310033299999304,11788,2079.0,2726.0,23.734409391049155,12692.264128121624,58,15.30320689999644,0.2568264000028648,True,True,2,05_runtime_budget_baselines/raw_runs.csv
Runtime budget baseline,Dang,ILS,kroA150_gen3_m3,2,2500,15.560033299999304,15.310033299999304,11814,2079.0,2726.0,23.734409391049155,12692.264128121624,58,15.302707299997564,0.2573260000017399,True,True,2,05_runtime_budget_baselines/raw_runs.csv
Runtime budget baseline,Dang,ILS,kroA150_gen3_m3,3,2500,15.560033299999304,15.310033299999304,11767,2079.0,2726.0,23.734409391049155,12692.264128121624,58,15.30180780000228,0.2582254999970246,True,True,2,05_runtime_budget_baselines/raw_runs.csv
Runtime budget baseline,Dang,ILS,kroA200_gen1_m4,0,2500,14.933187174999148,14.683187174999148,7902,63.0,81.0,22.22222222222222,13659.612886800498,63,14.678053299998282,0.2551338750008654,True,True,2,05_runtime_budget_baselines/raw_runs.csv
Runtime budget baseline,Dang,ILS,kroA200_gen1_m4,1,2500,14.933187174999148,14.683187174999148,7668,65.0,81.0,19.753086419753085,13511.87471500988,65,14.678637299999536,0.2545498749996113,True,True,2,05_runtime_budget_baselines/raw_runs.csv
Runtime budget baseline,Dang,ILS,kroA200_gen1_m4,2,2500,14.933187174999148,14.683187174999148,7717,65.0,81.0,19.753086419753085,13911.98533925272,65,14.674993300002823,0.2581938749963228,True,True,2,05_runtime_budget_baselines/raw_runs.csv
Runtime budget baseline,Dang,ILS,kroA200_gen1_m4,3,2500,14.933187174999148,14.683187174999148,7938,64.0,81.0,20.987654320987655,13972.560862783135,64,14.676816200000758,0.25637097499839,True,True,2,05_runtime_budget_baselines/raw_runs.csv
Runtime budget baseline,Dang,ILS,kroB200_gen1_m2,0,2500,25.80506442500064,25.55506442500064,8841,81.0,111.0,27.027027027027028,13937.626507850437,81,25.548265299999912,0.2567991250007253,True,True,2,05_runtime_budget_baselines/raw_runs.csv
Runtime budget baseline,Dang,ILS,kroB200_gen1_m2,1,2500,25.80506442500064,25.55506442500064,8977,80.0,111.0,27.92792792792793,12400.817564199157,80,25.54664629999752,0.2584181250031179,True,True,2,05_runtime_budget_baselines/raw_runs.csv
Runtime budget baseline,Dang,ILS,kroB200_gen1_m2,2,2500,25.80506442500064,25.55506442500064,7704,81.0,111.0,27.027027027027028,13937.626507850437,81,25.54414689999976,0.2609175250008775,True,True,2,05_runtime_budget_baselines/raw_runs.csv
Runtime budget baseline,Dang,ILS,kroB200_gen1_m2,3,2500,25.80506442500064,25.55506442500064,7838,81.0,111.0,27.027027027027028,13937.626507850437,81,25.55022939999617,0.2548350250044677,True,True,2,05_runtime_budget_baselines/raw_runs.csv
Runtime budget baseline,Dang,ILS,kroB200_gen2_m2,0,2500,39.10328715000014,38.85328715000014,14632,4921.0,6185.0,20.43654001616815,14109.4603590644,77,38.84542939999665,0.2578577500034953,True,True,2,05_runtime_budget_baselines/raw_runs.csv
Runtime budget baseline,Dang,ILS,kroB200_gen2_m2,1,2500,39.10328715000014,38.85328715000014,14325,4629.0,6185.0,25.157639450282943,13520.960029454693,78,38.84410080000089,0.2591863499992541,True,True,2,05_runtime_budget_baselines/raw_runs.csv
Runtime budget baseline,Dang,ILS,kroB200_gen2_m2,2,2500,39.10328715000014,38.85328715000014,14364,4663.0,6185.0,24.607922392886014,13609.612931427691,78,38.84548199999699,0.2578051500031506,True,True,2,05_runtime_budget_baselines/raw_runs.csv
Runtime budget baseline,Dang,ILS,kroB200_gen2_m2,3,2500,39.10328715000014,38.85328715000014,14345,4663.0,6185.0,24.607922392886014,13609.612931427691,78,38.84519800000271,0.2580891499974314,True,True,2,05_runtime_budget_baselines/raw_runs.csv
Runtime budget baseline,Dang,ILS,kroB200_gen2_m4,0,2500,20.763080400000035,20.513080400000035,10489,4058.0,4944.0,17.92071197411003,14061.676874364031,67,20.50611460000073,0.2569657999993069,True,True,2,05_runtime_budget_baselines/raw_runs.csv
Runtime budget baseline,Dang,ILS,kroB200_gen2_m4,1,2500,20.763080400000035,20.513080400000035,10309,4002.0,4944.0,19.053398058252426,13188.637913723403,68,20.50430499999493,0.2587754000051063,True,True,2,05_runtime_budget_baselines/raw_runs.csv
Runtime budget baseline,Dang,ILS,kroB200_gen2_m4,2,2500,20.763080400000035,20.513080400000035,10544,3952.0,4944.0,20.06472491909385,13144.91588839496,66,20.503940999995397,0.2591394000046421,True,True,2,05_runtime_budget_baselines/raw_runs.csv
Runtime budget baseline,Dang,ILS,kroB200_gen2_m4,3,2500,20.763080400000035,20.513080400000035,10412,3907.0,4944.0,20.97491909385113,12907.919705107395,67,20.505174500001885,0.2579058999981498,True,True,2,05_runtime_budget_baselines/raw_runs.csv
Runtime budget baseline,Dang,ILS,kroB200_gen3_m2,0,2500,24.35206290000133,24.10206290000133,6764,2995.0,4765.0,37.14585519412382,13511.696285131206,86,24.09394059999613,0.2581223000051977,True,True,2,05_runtime_budget_baselines/raw_runs.csv
Runtime budget baseline,Dang,ILS,kroB200_gen3_m2,1,2500,24.35206290000133,24.10206290000133,6774,2995.0,4765.0,37.14585519412382,13511.696285131206,86,24.09610220000468,0.255960699996649,True,True,2,05_runtime_budget_baselines/raw_runs.csv
Runtime budget baseline,Dang,ILS,kroB200_gen3_m2,2,2500,24.35206290000133,24.10206290000133,6711,2995.0,4765.0,37.14585519412382,13511.696285131206,86,24.095812300001853,0.2562505999994755,True,True,2,05_runtime_budget_baselines/raw_runs.csv
Runtime budget baseline,Dang,ILS,kroB200_gen3_m2,3,2500,24.35206290000133,24.10206290000133,6718,2995.0,4765.0,37.14585519412382,13511.696285131206,86,24.09595109999645,0.2561118000048736,True,True,2,05_runtime_budget_baselines/raw_runs.csv
Runtime budget baseline,Dang,ILS,kroB200_gen3_m3,0,2500,26.19213524999941,25.94213524999941,9875,2326.0,3028.0,23.18361955085865,13165.63321186217,75,25.93659699999989,0.2555382499995176,True,True,2,05_runtime_budget_baselines/raw_runs.csv
Runtime budget baseline,Dang,ILS,kroB200_gen3_m3,1,2500,26.19213524999941,25.94213524999941,9863,2326.0,3028.0,23.18361955085865,13165.63321186217,75,25.936269699996046,0.2558655500033637,True,True,2,05_runtime_budget_baselines/raw_runs.csv
Runtime budget baseline,Dang,ILS,kroB200_gen3_m3,2,2500,26.19213524999941,25.94213524999941,9834,2326.0,3028.0,23.18361955085865,13165.63321186217,75,25.9325908000028,0.2595444499966106,True,True,2,05_runtime_budget_baselines/raw_runs.csv
Runtime budget baseline,Dang,ILS,kroB200_gen3_m3,3,2500,26.19213524999941,25.94213524999941,9846,2326.0,3028.0,23.18361955085865,13141.03853582061,75,25.931475299999875,0.2606599499995354,True,True,2,05_runtime_budget_baselines/raw_runs.csv
Runtime budget baseline,Dang,ILS,lin318_gen1_m2,0,2500,60.37813310000092,60.07624243450092,3771,151.0,180.0,16.11111111111111,20869.17078647284,151,60.04675970000244,0.3313733999984833,True,True,2,05_runtime_budget_baselines/raw_runs.csv
Runtime budget baseline,Dang,ILS,lin318_gen1_m2,1,2500,60.37813310000092,60.07624243450092,3663,151.0,180.0,16.11111111111111,20672.837850497544,151,60.052150299998175,0.3259828000027482,True,True,2,05_runtime_budget_baselines/raw_runs.csv
Runtime budget baseline,Dang,ILS,lin318_gen1_m2,2,2500,60.37813310000092,60.07624243450092,3584,151.0,180.0,16.11111111111111,20741.0473743805,151,60.057850600001984,0.3202824999989389,True,True,2,05_runtime_budget_baselines/raw_runs.csv
Runtime budget baseline,Dang,ILS,lin318_gen1_m2,3,2500,60.37813310000092,60.07624243450092,3982,150.0,180.0,16.666666666666668,20304.784336804358,150,60.05772509999952,0.3204080000014073,True,True,2,05_runtime_budget_baselines/raw_runs.csv
Runtime budget baseline,Dang,ILS,lin318_gen1_m3,0,2500,43.1556224499991,42.9056224499991,4464,124.0,149.0,16.778523489932887,20496.7403611137,124,42.89393399999972,0.261688449999383,True,True,2,05_runtime_budget_baselines/raw_runs.csv
Runtime budget baseline,Dang,ILS,lin318_gen1_m3,1,2500,43.1556224499991,42.9056224499991,4515,123.0,149.0,17.449664429530202,20786.745616897817,123,42.88754030000564,0.2680821499934609,True,True,2,05_runtime_budget_baselines/raw_runs.csv
Runtime budget baseline,Dang,ILS,lin318_gen1_m3,2,2500,43.1556224499991,42.9056224499991,4496,125.0,149.0,16.107382550335572,20723.812369130712,125,42.89034260000335,0.2652798499957498,True,True,2,05_runtime_budget_baselines/raw_runs.csv
Runtime budget baseline,Dang,ILS,lin318_gen1_m3,3,2500,43.1556224499991,42.9056224499991,4448,124.0,149.0,16.778523489932887,20828.44436405436,124,42.88709150000068,0.2685309499984214,True,True,2,05_runtime_budget_baselines/raw_runs.csv
Runtime budget baseline,Dang,ILS,lin318_gen2_m2,0,2500,100.76384979999966,100.26003055099966,6966,7594.0,9544.0,20.431684828164293,19642.344626401027,142,100.23839130000124,0.5254584999984218,True,True,2,05_runtime_budget_baselines/raw_runs.csv
Runtime budget baseline,Dang,ILS,lin318_gen2_m2,1,2500,100.76384979999966,100.26003055099966,6970,7594.0,9544.0,20.431684828164293,19642.344626401027,142,100.24288859999795,0.5209612000016932,True,True,2,05_runtime_budget_baselines/raw_runs.csv
Runtime budget baseline,Dang,ILS,lin318_gen2_m2,2,2500,100.76384979999966,100.26003055099966,6912,7594.0,9544.0,20.431684828164293,19642.344626401027,142,100.23211590000574,0.5317338999939238,True,True,2,05_runtime_budget_baselines/raw_runs.csv
Runtime budget baseline,Dang,ILS,lin318_gen2_m2,3,2500,100.76384979999966,100.26003055099966,6936,7594.0,9544.0,20.431684828164293,19642.344626401027,142,100.23970929999632,0.524140500003341,True,True,2,05_runtime_budget_baselines/raw_runs.csv
Runtime budget baseline,Dang,ILS,lin318_gen2_m3,0,2500,53.27196387499953,53.00560405562453,6631,6040.0,7807.0,22.63353400794159,19946.425217539927,115,52.996009599999525,0.2759542750000037,True,True,2,05_runtime_budget_baselines/raw_runs.csv
Runtime budget baseline,Dang,ILS,lin318_gen2_m3,1,2500,53.27196387499953,53.00560405562453,7154,6273.0,7807.0,19.6490329191751,20946.995823352347,112,52.99251390000427,0.2794499749952592,True,True,2,05_runtime_budget_baselines/raw_runs.csv
Runtime budget baseline,Dang,ILS,lin318_gen2_m3,2,2500,53.27196387499953,53.00560405562453,6661,6089.0,7807.0,22.005892148072242,19729.438846825225,115,52.99772340000345,0.2742404749960769,True,True,2,05_runtime_budget_baselines/raw_runs.csv
Runtime budget baseline,Dang,ILS,lin318_gen2_m3,3,2500,53.27196387499953,53.00560405562453,6601,6133.0,7807.0,21.442295375944664,20107.96598969513,116,52.98821559999488,0.2837482750046547,True,True,2,05_runtime_budget_baselines/raw_runs.csv
Runtime budget baseline,Dang,ILS,lin318_gen3_m2,0,2500,89.66302797499975,89.21471283512476,6040,5012.0,7936.0,36.84475806451613,19151.74446412402,144,89.18572999999742,0.4772979750023296,True,True,2,05_runtime_budget_baselines/raw_runs.csv
Runtime budget baseline,Dang,ILS,lin318_gen3_m2,1,2500,89.66302797499975,89.21471283512476,6048,5012.0,7936.0,36.84475806451613,19021.94821385652,144,89.19396540000162,0.4690625749981336,True,True,2,05_runtime_budget_baselines/raw_runs.csv
Runtime budget baseline,Dang,ILS,lin318_gen3_m2,2,2500,89.66302797499975,89.21471283512476,6077,5012.0,7936.0,36.84475806451613,19168.066836272643,144,89.19845519999944,0.4645727750003061,True,True,2,05_runtime_budget_baselines/raw_runs.csv
Runtime budget baseline,Dang,ILS,lin318_gen3_m2,3,2500,89.66302797499975,89.21471283512476,6058,5012.0,7936.0,36.84475806451613,19151.74446412402,144,89.18598539999948,0.4770425750002687,True,True,2,05_runtime_budget_baselines/raw_runs.csv
Runtime budget baseline,Dang,ILS,lin318_gen3_m4,0,2500,38.06572147499992,37.81572147499992,6053,2810.0,3797.0,25.99420595206742,18673.165944516564,101,37.80520879999676,0.2605126750031559,True,True,2,05_runtime_budget_baselines/raw_runs.csv
Runtime budget baseline,Dang,ILS,lin318_gen3_m4,1,2500,38.06572147499992,37.81572147499992,6055,2810.0,3797.0,25.99420595206742,18673.165944516564,101,37.80372759999591,0.2619938750040091,True,True,2,05_runtime_budget_baselines/raw_runs.csv
Runtime budget baseline,Dang,ILS,lin318_gen3_m4,2,2500,38.06572147499992,37.81572147499992,6063,2810.0,3797.0,25.99420595206742,18673.165944516564,101,37.80750709999848,0.2582143750014438,True,True,2,05_runtime_budget_baselines/raw_runs.csv
Runtime budget baseline,Dang,ILS,lin318_gen3_m4,3,2500,38.06572147499992,37.81572147499992,6060,2810.0,3797.0,25.99420595206742,18628.874596764414,101,37.805359099998896,0.2603623750010229,True,True,2,05_runtime_budget_baselines/raw_runs.csv
Runtime budget baseline,Dang,ILS,pr136_gen1_m2,0,2500,10.491221124999356,10.241221124999356,8621,55.0,63.0,12.698412698412698,46771.24597029701,55,10.23978189999616,0.251439225003196,True,True,2,05_runtime_budget_baselines/raw_runs.csv
Runtime budget baseline,Dang,ILS,pr136_gen1_m2,1,2500,10.491221124999356,10.241221124999356,8687,58.0,63.0,7.936507936507937,47432.59804077686,58,10.239554200001294,0.2516669249980623,True,True,2,05_runtime_budget_baselines/raw_runs.csv
Runtime budget baseline,Dang,ILS,pr136_gen1_m2,2,2500,10.491221124999356,10.241221124999356,8241,57.0,63.0,9.523809523809524,47915.62710553274,57,10.234460100000431,0.2567610249989229,True,True,2,05_runtime_budget_baselines/raw_runs.csv
Runtime budget baseline,Dang,ILS,pr136_gen1_m2,3,2500,10.491221124999356,10.241221124999356,8928,53.0,63.0,15.873015873015873,47646.136203777045,53,10.233676200004991,0.2575449249943631,True,True,2,05_runtime_budget_baselines/raw_runs.csv
Runtime budget baseline,Dang,ILS,pr136_gen2_m2,0,2500,13.121088375,12.871088375,11499,3068.0,3646.0,15.85298957761931,47404.6812279445,52,12.863330699998189,0.2577576750018124,True,True,2,05_runtime_budget_baselines/raw_runs.csv
Runtime budget baseline,Dang,ILS,pr136_gen2_m2,1,2500,13.121088375,12.871088375,11439,3065.0,3646.0,15.935271530444323,47352.87750967142,52,12.864486300000864,0.2566020749991367,True,True,2,05_runtime_budget_baselines/raw_runs.csv
Runtime budget baseline,Dang,ILS,pr136_gen2_m2,2,2500,13.121088375,12.871088375,15180,3024.0,3646.0,17.059791552386177,47411.92557864136,50,12.86294430000271,0.2581440749972898,True,True,2,05_runtime_budget_baselines/raw_runs.csv
Runtime budget baseline,Dang,ILS,pr136_gen2_m2,3,2500,13.121088375,12.871088375,11442,3068.0,3646.0,15.85298957761931,47709.40765336861,52,12.863932300002489,0.2571560749975106,True,True,2,05_runtime_budget_baselines/raw_runs.csv
Runtime budget baseline,Dang,ILS,pr264_gen1_m4,0,2500,26.488940699999148,26.238940699999148,4724,103.0,107.0,3.7383177570093458,24308.16743222509,103,26.226947800001653,0.2619928999974945,True,True,2,05_runtime_budget_baselines/raw_runs.csv
Runtime budget baseline,Dang,ILS,pr264_gen1_m4,1,2500,26.488940699999148,26.238940699999148,5214,100.0,107.0,6.542056074766355,23397.712134149053,100,26.227145400000158,0.2617952999989938,True,True,2,05_runtime_budget_baselines/raw_runs.csv
Runtime budget baseline,Dang,ILS,pr264_gen1_m4,2,2500,26.488940699999148,26.238940699999148,4659,102.0,107.0,4.672897196261682,23110.66397488228,102,26.22283020000032,0.2661104999988311,True,True,2,05_runtime_budget_baselines/raw_runs.csv
Runtime budget baseline,Dang,ILS,pr264_gen1_m4,3,2500,26.488940699999148,26.238940699999148,5144,99.0,107.0,7.4766355140186915,22751.624597528607,99,26.22963229999732,0.259308400001828,True,True,2,05_runtime_budget_baselines/raw_runs.csv
Runtime budget baseline,Dang,ILS,pr264_gen2_m2,0,2500,65.81034304999957,65.48129133474957,10264,5583.0,6635.0,15.855312735493595,21166.21324120374,108,65.46722949999821,0.3431135500013624,True,True,2,05_runtime_budget_baselines/raw_runs.csv
Runtime budget baseline,Dang,ILS,pr264_gen2_m2,1,2500,65.81034304999957,65.48129133474957,10249,5583.0,6635.0,15.855312735493595,21711.5027753004,108,65.47186430000147,0.338478749998103,True,True,2,05_runtime_budget_baselines/raw_runs.csv
Runtime budget baseline,Dang,ILS,pr264_gen2_m2,2,2500,65.81034304999957,65.48129133474957,10338,5583.0,6635.0,15.855312735493595,21711.5027753004,108,65.47036220000155,0.3399808499980281,True,True,2,05_runtime_budget_baselines/raw_runs.csv
Runtime budget baseline,Dang,ILS,pr264_gen2_m2,3,2500,65.81034304999957,65.48129133474957,10339,5583.0,6635.0,15.855312735493595,21711.5027753004,108,65.46861050000007,0.3417325499995058,True,True,2,05_runtime_budget_baselines/raw_runs.csv
Runtime budget baseline,Dang,ILS,pr264_gen2_m3,0,2500,37.96189437499925,37.71189437499925,5884,5646.0,6420.0,12.05607476635514,20940.362963511037,108,37.70204390000436,0.2598504749948915,True,True,2,05_runtime_budget_baselines/raw_runs.csv
Runtime budget baseline,Dang,ILS,pr264_gen2_m3,1,2500,37.96189437499925,37.71189437499925,5933,5736.0,6420.0,10.654205607476635,22099.701218578302,108,37.70078369999828,0.2611106750009639,True,True,2,05_runtime_budget_baselines/raw_runs.csv
Runtime budget baseline,Dang,ILS,pr264_gen2_m3,2,2500,37.96189437499925,37.71189437499925,5877,5746.0,6420.0,10.498442367601246,22053.41714458689,109,37.698032400003285,0.2638619749959616,True,True,2,05_runtime_budget_baselines/raw_runs.csv
Runtime budget baseline,Dang,ILS,pr264_gen2_m3,3,2500,37.96189437499925,37.71189437499925,5879,5774.0,6420.0,10.062305295950155,22519.192062071703,108,37.69808850000118,0.26380587499807,True,True,2,05_runtime_budget_baselines/raw_runs.csv
Runtime budget baseline,Dang,ILS,pr264_gen2_m4,0,2500,37.45364742499987,37.20364742499987,9721,4641.0,5584.0,16.88753581661891,20115.221313699687,87,37.19248399999924,0.2611634250006318,True,True,2,05_runtime_budget_baselines/raw_runs.csv
Runtime budget baseline,Dang,ILS,pr264_gen2_m4,1,2500,37.45364742499987,37.20364742499987,9699,4641.0,5584.0,16.88753581661891,20129.979377165968,87,37.19102500000008,0.2626224249997904,True,True,2,05_runtime_budget_baselines/raw_runs.csv
Runtime budget baseline,Dang,ILS,pr264_gen2_m4,2,2500,37.45364742499987,37.20364742499987,9759,4641.0,5584.0,16.88753581661891,20102.86170938525,87,37.19125150000036,0.2623959249995096,True,True,2,05_runtime_budget_baselines/raw_runs.csv
Runtime budget baseline,Dang,ILS,pr264_gen2_m4,3,2500,37.45364742499987,37.20364742499987,9738,4641.0,5584.0,16.88753581661891,19919.16906549493,87,37.19326649999857,0.2603809250013,True,True,2,05_runtime_budget_baselines/raw_runs.csv
Runtime budget baseline,Dang,ILS,pr264_gen3_m3,0,2500,42.07617170000049,41.82617170000049,6788,2004.0,2772.0,27.705627705627705,20938.315437449564,103,41.812457700005325,0.2637139999951614,True,True,2,05_runtime_budget_baselines/raw_runs.csv
Runtime budget baseline,Dang,ILS,pr264_gen3_m3,1,2500,42.07617170000049,41.82617170000049,6799,2004.0,2772.0,27.705627705627705,21497.55621709969,103,41.81679740000254,0.259374299997944,True,True,2,05_runtime_budget_baselines/raw_runs.csv
Runtime budget baseline,Dang,ILS,pr264_gen3_m3,2,2500,42.07617170000049,41.82617170000049,6747,2004.0,2772.0,27.705627705627705,20945.6944691827,103,41.815837699999975,0.2603340000005119,True,True,2,05_runtime_budget_baselines/raw_runs.csv
Runtime budget baseline,Dang,ILS,pr264_gen3_m3,3,2500,42.07617170000049,41.82617170000049,6765,2004.0,2772.0,27.705627705627705,21216.280525773705,103,41.81366790000175,0.2625037999987398,True,True,2,05_runtime_budget_baselines/raw_runs.csv
Runtime budget baseline,Dang,ILS,pr299_gen1_m2,0,2500,44.85839287500221,44.60839287500221,5586,114.0,139.0,17.985611510791365,21823.701242943604,114,44.599884700000985,0.258508175001225,True,True,2,05_runtime_budget_baselines/raw_runs.csv
Runtime budget baseline,Dang,ILS,pr299_gen1_m2,1,2500,44.85839287500221,44.60839287500221,5605,114.0,139.0,17.985611510791365,21823.701242943604,114,44.59814790000382,0.2602449749983861,True,True,2,05_runtime_budget_baselines/raw_runs.csv
Runtime budget baseline,Dang,ILS,pr299_gen1_m2,2,2500,44.85839287500221,44.60839287500221,5577,114.0,139.0,17.985611510791365,21884.078478688047,114,44.59369350000634,0.264699374995871,True,True,2,05_runtime_budget_baselines/raw_runs.csv
Runtime budget baseline,Dang,ILS,pr299_gen1_m2,3,2500,44.85839287500221,44.60839287500221,5603,114.0,139.0,17.985611510791365,22014.673449018475,114,44.59255330001179,0.265839574990423,True,True,2,05_runtime_budget_baselines/raw_runs.csv
Runtime budget baseline,Dang,ILS,pr299_gen1_m3,0,2500,29.867939674999437,29.617939674999437,6009,98.0,111.0,11.711711711711711,22483.01340801549,98,29.60638610000024,0.2615535749991977,True,True,2,05_runtime_budget_baselines/raw_runs.csv
Runtime budget baseline,Dang,ILS,pr299_gen1_m3,1,2500,29.867939674999437,29.617939674999437,5898,98.0,111.0,11.711711711711711,22260.373275772337,98,29.606047499997658,0.2618921750017762,True,True,2,05_runtime_budget_baselines/raw_runs.csv
Runtime budget baseline,Dang,ILS,pr299_gen1_m3,2,2500,29.867939674999437,29.617939674999437,5936,98.0,111.0,11.711711711711711,22266.22380604473,98,29.60655240000051,0.2613872749989241,True,True,2,05_runtime_budget_baselines/raw_runs.csv
Runtime budget baseline,Dang,ILS,pr299_gen1_m3,3,2500,29.867939674999437,29.617939674999437,5968,97.0,111.0,12.612612612612613,22273.697871580305,97,29.60887989999901,0.2590597750004235,True,True,2,05_runtime_budget_baselines/raw_runs.csv
Runtime budget baseline,Dang,ILS,pr299_gen1_m4,0,2500,20.673090799999045,20.423090799999045,10299,66.0,84.0,21.428571428571427,21903.751371748585,66,20.41917839999951,0.2539123999995354,True,True,2,05_runtime_budget_baselines/raw_runs.csv
Runtime budget baseline,Dang,ILS,pr299_gen1_m4,1,2500,20.673090799999045,20.423090799999045,10322,66.0,84.0,21.428571428571427,21903.751371748585,66,20.41706439999689,0.2560264000021561,True,True,2,05_runtime_budget_baselines/raw_runs.csv
Runtime budget baseline,Dang,ILS,pr299_gen1_m4,2,2500,20.673090799999045,20.423090799999045,10282,66.0,84.0,21.428571428571427,21862.825992403017,66,20.416814399999566,0.2562763999994786,True,True,2,05_runtime_budget_baselines/raw_runs.csv
Runtime budget baseline,Dang,ILS,pr299_gen1_m4,3,2500,20.673090799999045,20.423090799999045,10308,66.0,84.0,21.428571428571427,21796.00986816076,66,20.41967640000803,0.2534143999910156,True,True,2,05_runtime_budget_baselines/raw_runs.csv
Runtime budget baseline,Dang,ILS,pr299_gen2_m3,0,2500,36.89149082499989,36.64149082499989,7672,5084.0,6018.0,15.520106347623795,22812.422738252564,93,36.6357330000028,0.2557578249970902,True,True,2,05_runtime_budget_baselines/raw_runs.csv
Runtime budget baseline,Dang,ILS,pr299_gen2_m3,1,2500,36.89149082499989,36.64149082499989,7676,5167.0,6018.0,14.140910601528747,23937.89939431817,93,36.63526470000215,0.2562261249977382,True,True,2,05_runtime_budget_baselines/raw_runs.csv
Runtime budget baseline,Dang,ILS,pr299_gen2_m3,2,2500,36.89149082499989,36.64149082499989,7852,5012.0,6018.0,16.716517115320705,22380.39351253674,91,36.62834749999456,0.2631433250053305,True,True,2,05_runtime_budget_baselines/raw_runs.csv
Runtime budget baseline,Dang,ILS,pr299_gen2_m3,3,2500,36.89149082499989,36.64149082499989,8218,5117.0,6018.0,14.971751412429379,23450.258494592923,91,36.629174999994575,0.2623158250053166,True,True,2,05_runtime_budget_baselines/raw_runs.csv
Runtime budget baseline,Dang,ILS,pr299_gen2_m4,0,2500,22.703178775001103,22.453178775001103,10683,3561.0,4457.0,20.103208436167826,22130.876345763983,68,22.450070999999294,0.2531077750018085,True,True,2,05_runtime_budget_baselines/raw_runs.csv
Runtime budget baseline,Dang,ILS,pr299_gen2_m4,1,2500,22.703178775001103,22.453178775001103,10705,3561.0,4457.0,20.103208436167826,22130.876345763983,68,22.4507428999932,0.2524358750079045,True,True,2,05_runtime_budget_baselines/raw_runs.csv
Runtime budget baseline,Dang,ILS,pr299_gen2_m4,2,2500,22.703178775001103,22.453178775001103,10661,3561.0,4457.0,20.103208436167826,22108.597107893976,68,22.450753599987365,0.2524251750137409,True,True,2,05_runtime_budget_baselines/raw_runs.csv
Runtime budget baseline,Dang,ILS,pr299_gen2_m4,3,2500,22.703178775001103,22.453178775001103,10666,3561.0,4457.0,20.103208436167826,22108.597107893976,68,22.449750099985977,0.2534286750151295,True,True,2,05_runtime_budget_baselines/raw_runs.csv
Runtime budget baseline,Dang,ILS,pr299_gen3_m2,0,2500,81.9937711249986,81.5838022693736,10076,3532.0,5729.0,38.34875196369349,21853.041109135367,114,81.56605109998782,0.4277200250107853,True,True,2,05_runtime_budget_baselines/raw_runs.csv
Runtime budget baseline,Dang,ILS,pr299_gen3_m2,1,2500,81.9937711249986,81.5838022693736,10069,3532.0,5729.0,38.34875196369349,21853.041109135367,114,81.5660130000033,0.4277581249953073,True,True,2,05_runtime_budget_baselines/raw_runs.csv
Runtime budget baseline,Dang,ILS,pr299_gen3_m2,2,2500,81.9937711249986,81.5838022693736,10117,3532.0,5729.0,38.34875196369349,21853.041109135367,114,81.57028840000567,0.4234827249929367,True,True,2,05_runtime_budget_baselines/raw_runs.csv
Runtime budget baseline,Dang,ILS,pr299_gen3_m2,3,2500,81.9937711249986,81.5838022693736,10145,3532.0,5729.0,38.34875196369349,21853.041109135367,114,81.56834339999477,0.4254277250038285,True,True,2,05_runtime_budget_baselines/raw_runs.csv
Runtime budget baseline,Dang,ILS,pr299_gen3_m3,0,2500,42.186979050000446,41.936979050000446,8755,2607.0,3655.0,28.673050615595074,21445.010424233635,92,41.9238342000026,0.2631448499978432,True,True,2,05_runtime_budget_baselines/raw_runs.csv
Runtime budget baseline,Dang,ILS,pr299_gen3_m3,1,2500,42.186979050000446,41.936979050000446,8761,2607.0,3655.0,28.673050615595074,21514.8507438863,92,41.92909130000044,0.2578877500000089,True,True,2,05_runtime_budget_baselines/raw_runs.csv
Runtime budget baseline,Dang,ILS,pr299_gen3_m3,2,2500,42.186979050000446,41.936979050000446,8719,2607.0,3655.0,28.673050615595074,21514.8507438863,92,41.92316920000303,0.2638098499974148,True,True,2,05_runtime_budget_baselines/raw_runs.csv
Runtime budget baseline,Dang,ILS,pr299_gen3_m3,3,2500,42.186979050000446,41.936979050000446,8708,2607.0,3655.0,28.673050615595074,21514.8507438863,92,41.926337699987926,0.26064135001252,True,True,2,05_runtime_budget_baselines/raw_runs.csv
Runtime budget baseline,Dang,ILS,pr299_gen3_m4,0,2500,24.62048084999969,24.37048084999969,11722,1627.0,2268.0,28.26278659611993,20477.093565875257,67,24.36268589999236,0.2577949500073373,True,True,2,05_runtime_budget_baselines/raw_runs.csv
Runtime budget baseline,Dang,ILS,pr299_gen3_m4,1,2500,24.62048084999969,24.37048084999969,11695,1627.0,2268.0,28.26278659611993,20477.093565875257,67,24.361577499992563,0.2589033500071309,True,True,2,05_runtime_budget_baselines/raw_runs.csv
Runtime budget baseline,Dang,ILS,pr299_gen3_m4,2,2500,24.62048084999969,24.37048084999969,11698,1627.0,2268.0,28.26278659611993,20477.093565875257,67,24.36246799999208,0.2580128500076171,True,True,2,05_runtime_budget_baselines/raw_runs.csv
Runtime budget baseline,Dang,ILS,pr299_gen3_m4,3,2500,24.62048084999969,24.37048084999969,11668,1627.0,2268.0,28.26278659611993,20477.093565875257,67,24.361433500002025,0.2590473499976724,True,True,2,05_runtime_budget_baselines/raw_runs.csv
Runtime budget baseline,Dang,ILS,rat195_gen2_m2,0,2500,25.94742977500209,25.69742977500209,10039,4191.0,5148.0,18.58974358974359,1110.614267648299,75,25.693659100012155,0.2537706749899371,True,True,2,05_runtime_budget_baselines/raw_runs.csv
Runtime budget baseline,Dang,ILS,rat195_gen2_m2,1,2500,25.94742977500209,25.69742977500209,9965,4271.0,5148.0,17.035742035742036,1136.0071227984597,76,25.69438410000293,0.2530456749991572,True,True,2,05_runtime_budget_baselines/raw_runs.csv
Runtime budget baseline,Dang,ILS,rat195_gen2_m2,2,2500,25.94742977500209,25.69742977500209,10390,4193.0,5148.0,18.55089355089355,1145.5373802449622,73,25.691842500003983,0.2555872749981063,True,True,2,05_runtime_budget_baselines/raw_runs.csv
Runtime budget baseline,Dang,ILS,rat195_gen2_m2,3,2500,25.94742977500209,25.69742977500209,10201,4118.0,5148.0,20.00777000777001,1137.2861156204335,74,25.691399399991496,0.2560303750105959,True,True,2,05_runtime_budget_baselines/raw_runs.csv
Runtime budget baseline,Dang,ILS,rat195_gen3_m3,0,2500,22.23391784999967,21.98391784999967,8665,2051.0,2574.0,20.31857031857032,1061.0286698051552,73,21.97918209999625,0.2547357500034195,True,True,2,05_runtime_budget_baselines/raw_runs.csv
Runtime budget baseline,Dang,ILS,rat195_gen3_m3,1,2500,22.23391784999967,21.98391784999967,8658,2051.0,2574.0,20.31857031857032,1061.0286698051552,73,21.978419799997937,0.2554980500017336,True,True,2,05_runtime_budget_baselines/raw_runs.csv
Runtime budget baseline,Dang,ILS,rat195_gen3_m3,2,2500,22.23391784999967,21.98391784999967,8621,2051.0,2574.0,20.31857031857032,1065.851916956968,73,21.97287539999525,0.2610424500044246,True,True,2,05_runtime_budget_baselines/raw_runs.csv
Runtime budget baseline,Dang,ILS,rat195_gen3_m3,3,2500,22.23391784999967,21.98391784999967,8612,2051.0,2574.0,20.31857031857032,1061.0286698051552,73,21.97457790000772,0.2593399499919542,True,True,2,05_runtime_budget_baselines/raw_runs.csv
Runtime budget baseline,Dang,ILS,rd400_gen1_m2,0,2500,134.15906689999974,133.48827156549976,4123,183.0,232.0,21.120689655172413,7592.340989346006,183,133.44070700000157,0.7183598999981768,True,True,2,05_runtime_budget_baselines/raw_runs.csv
Runtime budget baseline,Dang,ILS,rd400_gen1_m2,1,2500,134.15906689999974,133.48827156549976,4160,182.0,232.0,21.551724137931036,7457.102380935212,182,133.46104949999426,0.6980174000054831,True,True,2,05_runtime_budget_baselines/raw_runs.csv
Runtime budget baseline,Dang,ILS,rd400_gen1_m2,2,2500,134.15906689999974,133.48827156549976,4122,183.0,232.0,21.120689655172413,7505.163362221063,183,133.42898339999374,0.7300835000060033,True,True,2,05_runtime_budget_baselines/raw_runs.csv
Runtime budget baseline,Dang,ILS,rd400_gen1_m2,3,2500,134.15906689999974,133.48827156549976,4133,183.0,232.0,21.120689655172413,7526.458228795387,183,133.4227505000017,0.7363163999980316,True,True,2,05_runtime_budget_baselines/raw_runs.csv
Runtime budget baseline,Dang,ILS,rd400_gen1_m3,0,2500,114.18073417499907,113.60983050412408,3532,183.0,224.0,18.303571428571427,7417.090858982949,183,113.54799629999616,0.6327378750029311,True,True,2,05_runtime_budget_baselines/raw_runs.csv
Runtime budget baseline,Dang,ILS,rd400_gen1_m3,1,2500,114.18073417499907,113.60983050412408,3540,183.0,224.0,18.303571428571427,7377.664829406716,183,113.57960760001151,0.6011265749875747,True,True,2,05_runtime_budget_baselines/raw_runs.csv
Runtime budget baseline,Dang,ILS,rd400_gen1_m3,2,2500,114.18073417499907,113.60983050412408,3420,185.0,224.0,17.410714285714285,7533.021712091066,185,113.5567796999967,0.6239544750023924,True,True,2,05_runtime_budget_baselines/raw_runs.csv
Runtime budget baseline,Dang,ILS,rd400_gen1_m3,3,2500,114.18073417499907,113.60983050412408,3430,183.0,224.0,18.303571428571427,7323.562821145628,183,113.5545170999976,0.6262170750014775,True,True,2,05_runtime_budget_baselines/raw_runs.csv
Runtime budget baseline,Dang,ILS,rd400_gen1_m4,0,2500,94.98835320000036,94.51341143400036,3473,173.0,213.0,18.779342723004696,7369.30570415571,173,94.48339839999971,0.5049548000006325,True,True,2,05_runtime_budget_baselines/raw_runs.csv
Runtime budget baseline,Dang,ILS,rd400_gen1_m4,1,2500,94.98835320000036,94.51341143400036,3458,173.0,213.0,18.779342723004696,7466.779554064753,173,94.47419880000234,0.5141543999980058,True,True,2,05_runtime_budget_baselines/raw_runs.csv
Runtime budget baseline,Dang,ILS,rd400_gen1_m4,2,2500,94.98835320000036,94.51341143400036,3493,172.0,213.0,19.248826291079812,7424.044703536578,172,94.48200930000166,0.5063438999986829,True,True,2,05_runtime_budget_baselines/raw_runs.csv
Runtime budget baseline,Dang,ILS,rd400_gen1_m4,3,2500,94.98835320000036,94.51341143400036,3522,171.0,213.0,19.718309859154928,7196.992844023727,171,94.47143700000017,0.5169162000001961,True,True,2,05_runtime_budget_baselines/raw_runs.csv
Runtime budget baseline,Dang,ILS,rd400_gen2_m2,0,2500,161.45456469999954,160.64729187649954,4949,10873.0,13045.0,16.65005749329245,7564.682850701783,182,160.61329199999454,0.8412727000049927,True,True,2,05_runtime_budget_baselines/raw_runs.csv
Runtime budget baseline,Dang,ILS,rd400_gen2_m2,1,2500,161.45456469999954,160.64729187649954,5577,10715.0,13045.0,17.86124952088923,7512.547813984996,177,160.6237819000089,0.8307827999906294,True,True,2,05_runtime_budget_baselines/raw_runs.csv
Runtime budget baseline,Dang,ILS,rd400_gen2_m2,2,2500,161.45456469999954,160.64729187649954,5303,10848.0,13045.0,16.841701801456498,7552.556778276651,180,160.61193510000885,0.842629599990687,True,True,2,05_runtime_budget_baselines/raw_runs.csv
Runtime budget baseline,Dang,ILS,rd400_gen2_m2,3,2500,161.45456469999954,160.64729187649954,4993,10764.0,13045.0,17.485626676887698,7549.48370900951,182,160.5928203999938,0.8617443000057392,True,True,2,05_runtime_budget_baselines/raw_runs.csv
Runtime budget baseline,Dang,ILS,rd400_gen2_m3,0,2500,130.0322764499997,129.3821150677497,5179,9605.0,12646.0,24.0471295271232,7539.991194162001,168,129.33053830001154,0.7017381499881594,True,True,2,05_runtime_budget_baselines/raw_runs.csv
Runtime budget baseline,Dang,ILS,rd400_gen2_m3,1,2500,130.0322764499997,129.3821150677497,5181,9619.0,12646.0,23.936422584216352,7517.762834618939,167,129.33020769999712,0.7020687500025815,True,True,2,05_runtime_budget_baselines/raw_runs.csv
Runtime budget baseline,Dang,ILS,rd400_gen2_m3,2,2500,130.0322764499997,129.3821150677497,5349,9708.0,12646.0,23.232642732879963,7507.930504430098,166,129.34745450000628,0.6848219499934203,True,True,2,05_runtime_budget_baselines/raw_runs.csv
Runtime budget baseline,Dang,ILS,rd400_gen2_m3,3,2500,130.0322764499997,129.3821150677497,5264,9587.0,12646.0,24.189467025146293,7520.628463723969,169,129.3382064000034,0.6940700499962986,True,True,2,05_runtime_budget_baselines/raw_runs.csv
Runtime budget baseline,Dang,ILS,rd400_gen2_m4,0,2500,94.23947462500018,93.7682772518752,3769,9498.0,12032.0,21.060505319148938,7324.252778663076,169,93.733808399993,0.5056662250071895,True,True,2,05_runtime_budget_baselines/raw_runs.csv
Runtime budget baseline,Dang,ILS,rd400_gen2_m4,1,2500,94.23947462500018,93.7682772518752,3822,9577.0,12032.0,20.403922872340427,7563.774661074267,166,93.73686399999131,0.502610625008856,True,True,2,05_runtime_budget_baselines/raw_runs.csv
Runtime budget baseline,Dang,ILS,rd400_gen2_m4,2,2500,94.23947462500018,93.7682772518752,3809,9583.0,12032.0,20.35405585106383,7491.9040762395325,168,93.7428251000092,0.4966495249909712,True,True,2,05_runtime_budget_baselines/raw_runs.csv
Runtime budget baseline,Dang,ILS,rd400_gen2_m4,3,2500,94.23947462500018,93.7682772518752,3826,9579.0,12032.0,20.387300531914892,7548.406055101288,166,93.74465469999996,0.494819925000229,True,True,2,05_runtime_budget_baselines/raw_runs.csv
Runtime budget baseline,Dang,ILS,rd400_gen3_m2,0,2500,158.46097782500055,157.66867293587555,5309,8604.0,12431.0,30.78593837985681,7137.882690882225,180,157.6223539999919,0.8386238250086535,True,True,2,05_runtime_budget_baselines/raw_runs.csv
Runtime budget baseline,Dang,ILS,rd400_gen3_m2,1,2500,158.46097782500055,157.66867293587555,5313,8604.0,12431.0,30.78593837985681,7137.156612602064,180,157.6211917000037,0.8397861249968628,True,True,2,05_runtime_budget_baselines/raw_runs.csv
Runtime budget baseline,Dang,ILS,rd400_gen3_m2,2,2500,158.46097782500055,157.66867293587555,5310,8604.0,12431.0,30.78593837985681,7173.486520824784,180,157.62255000000005,0.8384278250005082,True,True,2,05_runtime_budget_baselines/raw_runs.csv
Runtime budget baseline,Dang,ILS,rd400_gen3_m2,3,2500,158.46097782500055,157.66867293587555,5334,8604.0,12431.0,30.78593837985681,7127.003577364108,180,157.6111724000075,0.8498054249930647,True,True,2,05_runtime_budget_baselines/raw_runs.csv
Runtime budget baseline,Dang,ILS,rd400_gen3_m3,0,2500,121.5379268250008,120.9302371908758,3609,9505.0,11639.0,18.334908497293583,7476.103801175246,185,120.87860359999468,0.6593232250061192,True,True,2,05_runtime_budget_baselines/raw_runs.csv
Runtime budget baseline,Dang,ILS,rd400_gen3_m3,1,2500,121.5379268250008,120.9302371908758,3614,9433.0,11639.0,18.9535183435003,7520.609842757474,185,120.8977431999956,0.6401836250051929,True,True,2,05_runtime_budget_baselines/raw_runs.csv
Runtime budget baseline,Dang,ILS,rd400_gen3_m3,2,2500,121.5379268250008,120.9302371908758,3659,9457.0,11639.0,18.747315061431394,7578.041345778807,186,120.8920114000066,0.6459154249942003,True,True,2,05_runtime_budget_baselines/raw_runs.csv
Runtime budget baseline,Dang,ILS,rd400_gen3_m3,3,2500,121.5379268250008,120.9302371908758,3701,9435.0,11639.0,18.936334736661227,7546.234805650743,184,120.90543169999728,0.6324951250035156,True,True,2,05_runtime_budget_baselines/raw_runs.csv
Runtime budget baseline,Dang,ILS,rd400_gen3_m4,0,2500,97.38319002499976,96.89627407487475,2974,7816.0,10436.0,25.105404369490227,7428.957945186772,181,96.84100279999257,0.5421872250071829,True,True,2,05_runtime_budget_baselines/raw_runs.csv
Runtime budget baseline,Dang,ILS,rd400_gen3_m4,1,2500,97.38319002499976,96.89627407487475,3334,7701.0,10436.0,26.2073591414335,7338.257760529179,177,96.83599239999604,0.5471976250037187,True,True,2,05_runtime_budget_baselines/raw_runs.csv
Runtime budget baseline,Dang,ILS,rd400_gen3_m4,2,2500,97.38319002499976,96.89627407487475,2953,7913.0,10436.0,24.175929474894595,7424.654793857806,183,96.86225689999992,0.5209331249998286,True,True,2,05_runtime_budget_baselines/raw_runs.csv
Runtime budget baseline,Dang,ILS,rd400_gen3_m4,3,2500,97.38319002499976,96.89627407487475,3332,7701.0,10436.0,26.2073591414335,7326.497243735571,177,96.85273559999769,0.5304544250020626,True,True,2,05_runtime_budget_baselines/raw_runs.csv
Runtime budget baseline,Dang,ILS,ts225_gen2_m2,0,2500,37.26226475000021,37.01226475000021,10044,4780.0,5859.0,18.416111964499063,60374.37446033116,89,37.001814800009015,0.2604499499911981,True,True,2,05_runtime_budget_baselines/raw_runs.csv
Runtime budget baseline,Dang,ILS,ts225_gen2_m2,1,2500,37.26226475000021,37.01226475000021,10001,4780.0,5859.0,18.416111964499063,60374.37446033116,89,37.0023491000029,0.2599156499973105,True,True,2,05_runtime_budget_baselines/raw_runs.csv
Runtime budget baseline,Dang,ILS,ts225_gen2_m2,2,2500,37.26226475000021,37.01226475000021,10048,4801.0,5859.0,18.05768902543096,62291.874377514,90,36.99988200000371,0.2623827499965045,True,True,2,05_runtime_budget_baselines/raw_runs.csv
Runtime budget baseline,Dang,ILS,ts225_gen2_m2,3,2500,37.26226475000021,37.01226475000021,9988,4780.0,5859.0,18.416111964499063,60374.37446033116,89,36.99801710000611,0.264247649994104,True,True,2,05_runtime_budget_baselines/raw_runs.csv
Runtime budget baseline,Dang,PyVRP,bier127_gen1_m2,0,2500,17.152962350000053,16.902962350000053,94106,84.0,106.0,20.754716981132077,58958.60100725753,84,16.910094899998512,0.2428674500015404,True,True,2,05_runtime_budget_baselines/raw_runs.csv
Runtime budget baseline,Dang,PyVRP,bier127_gen1_m2,1,2500,17.152962350000053,16.902962350000053,96630,86.0,106.0,18.867924528301888,58965.02028479975,86,16.910181300001568,0.2427810499984843,True,True,2,05_runtime_budget_baselines/raw_runs.csv
Runtime budget baseline,Dang,PyVRP,bier127_gen1_m2,2,2500,17.152962350000053,16.902962350000053,97512,88.0,106.0,16.9811320754717,58998.64746431869,88,16.909545399998024,0.2434169500020289,True,True,2,05_runtime_budget_baselines/raw_runs.csv
Runtime budget baseline,Dang,PyVRP,bier127_gen1_m2,3,2500,17.152962350000053,16.902962350000053,101598,84.0,106.0,20.754716981132077,58884.19106706821,84,16.910369700002775,0.2425926499972774,True,True,2,05_runtime_budget_baselines/raw_runs.csv
Runtime budget baseline,Dang,PyVRP,bier127_gen1_m3,0,2500,14.07591869999942,13.82591869999942,80264,74.0,103.0,28.155339805825243,58755.39859187479,74,13.832769699998607,0.2431490000008125,True,True,2,05_runtime_budget_baselines/raw_runs.csv
Runtime budget baseline,Dang,PyVRP,bier127_gen1_m3,1,2500,14.07591869999942,13.82591869999942,81281,83.0,103.0,19.41747572815534,58859.68597032258,83,13.832380899999407,0.2435378000000128,True,True,2,05_runtime_budget_baselines/raw_runs.csv
Runtime budget baseline,Dang,PyVRP,bier127_gen1_m3,2,2500,14.07591869999942,13.82591869999942,82156,82.0,103.0,20.388349514563107,58499.75313072557,82,13.8327105999997,0.2432080999997197,True,True,2,05_runtime_budget_baselines/raw_runs.csv
Runtime budget baseline,Dang,PyVRP,bier127_gen1_m3,3,2500,14.07591869999942,13.82591869999942,82071,84.0,103.0,18.446601941747574,58730.07869095815,84,13.83250869999756,0.2434100000018588,True,True,2,05_runtime_budget_baselines/raw_runs.csv
Runtime budget baseline,Dang,PyVRP,bier127_gen2_m2,0,2500,25.534227200000718,25.284227200000718,57596,5267.0,5464.0,3.605417276720351,58969.66485830802,98,25.29220310000528,0.242024099995433,True,True,2,05_runtime_budget_baselines/raw_runs.csv
Runtime budget baseline,Dang,PyVRP,bier127_gen2_m2,1,2500,25.534227200000718,25.284227200000718,65486,5379.0,5464.0,1.555636896046852,58991.53032705553,97,25.292206400001305,0.242020799999409,True,True,2,05_runtime_budget_baselines/raw_runs.csv
Runtime budget baseline,Dang,PyVRP,bier127_gen2_m2,2,2500,25.534227200000718,25.284227200000718,71687,5266.0,5464.0,3.623718887262079,59058.99300269145,91,25.29137410000112,0.2428530999995928,True,True,2,05_runtime_budget_baselines/raw_runs.csv
Runtime budget baseline,Dang,PyVRP,bier127_gen2_m2,3,2500,25.534227200000718,25.284227200000718,62938,5252.0,5464.0,3.8799414348462666,58984.36884938823,98,25.29142839999986,0.2427988000008554,True,True,2,05_runtime_budget_baselines/raw_runs.csv
Runtime budget baseline,Dang,PyVRP,bier127_gen2_m3,0,2500,16.727191424998637,16.477191424998637,41307,5217.0,5393.0,3.2634897088818837,59106.70141071534,95,16.484994099999312,0.2421973249993243,True,True,2,05_runtime_budget_baselines/raw_runs.csv
Runtime budget baseline,Dang,PyVRP,bier127_gen2_m3,1,2500,16.727191424998637,16.477191424998637,36917,5218.0,5393.0,3.2449471537177823,58997.15465707381,95,16.48495549999643,0.2422359250022054,True,True,2,05_runtime_budget_baselines/raw_runs.csv
Runtime budget baseline,Dang,PyVRP,bier127_gen2_m3,2,2500,16.727191424998637,16.477191424998637,45112,5133.0,5393.0,4.8210643426664195,59070.95124988399,93,16.48459109999385,0.242600325004787,True,True,2,05_runtime_budget_baselines/raw_runs.csv
Runtime budget baseline,Dang,PyVRP,bier127_gen2_m3,3,2500,16.727191424998637,16.477191424998637,46923,5183.0,5393.0,3.893936584461339,58853.26098698747,94,16.484414699996705,0.2427767250019314,True,True,2,05_runtime_budget_baselines/raw_runs.csv
Runtime budget baseline,Dang,PyVRP,bier127_gen2_m4,0,2500,16.221627800000533,15.971627800000531,40864,4940.0,5123.0,3.572125707593207,58942.02889861869,95,15.978946199997154,0.2426816000033795,True,True,2,05_runtime_budget_baselines/raw_runs.csv
Runtime budget baseline,Dang,PyVRP,bier127_gen2_m4,1,2500,16.221627800000533,15.971627800000531,46293,4852.0,5123.0,5.289869217255514,59069.01995742472,88,15.978872900006536,0.2427548999939972,True,True,2,05_runtime_budget_baselines/raw_runs.csv
Runtime budget baseline,Dang,PyVRP,bier127_gen2_m4,2,2500,16.221627800000533,15.971627800000531,43273,4880.0,5123.0,4.743314464181144,58925.109938392125,89,15.978710900002625,0.2429168999979083,True,True,2,05_runtime_budget_baselines/raw_runs.csv
Runtime budget baseline,Dang,PyVRP,bier127_gen2_m4,3,2500,16.221627800000533,15.971627800000531,42964,4931.0,5123.0,3.7478040210813974,59009.26379475044,94,15.978330099998855,0.2432977000016762,True,True,2,05_runtime_budget_baselines/raw_runs.csv
Runtime budget baseline,Dang,PyVRP,bier127_gen3_m2,0,2500,29.387025175000417,29.137025175000417,236020,2461.0,2885.0,14.696707105719238,58996.09738619731,67,29.14406100000633,0.2429641749940856,True,True,2,05_runtime_budget_baselines/raw_runs.csv
Runtime budget baseline,Dang,PyVRP,bier127_gen3_m2,1,2500,29.387025175000417,29.137025175000417,249504,2450.0,2885.0,15.077989601386482,59058.87599307224,62,29.14384870000504,0.2431764749953799,True,True,2,05_runtime_budget_baselines/raw_runs.csv
Runtime budget baseline,Dang,PyVRP,bier127_gen3_m2,2,2500,29.387025175000417,29.137025175000417,224860,2575.0,2885.0,10.74523396880416,59103.06022863185,79,29.143908099998956,0.2431170750014644,True,True,2,05_runtime_budget_baselines/raw_runs.csv
Runtime budget baseline,Dang,PyVRP,bier127_gen3_m2,3,2500,29.387025175000417,29.137025175000417,233221,2580.0,2885.0,10.571923743500866,59118.304471307565,74,29.143555099995865,0.2434700750045522,True,True,2,05_runtime_budget_baselines/raw_runs.csv
Runtime budget baseline,Dang,PyVRP,bier127_gen3_m3,0,2500,24.74875665000036,24.49875665000036,172697,2321.0,2706.0,14.227642276422765,58986.377162324665,74,24.505851000001712,0.2429056499986472,True,True,2,05_runtime_budget_baselines/raw_runs.csv
Runtime budget baseline,Dang,PyVRP,bier127_gen3_m3,1,2500,24.74875665000036,24.49875665000036,209709,2358.0,2706.0,12.86031042128603,58834.36661832208,61,24.505334100002077,0.2434225499982858,True,True,2,05_runtime_budget_baselines/raw_runs.csv
Runtime budget baseline,Dang,PyVRP,bier127_gen3_m3,2,2500,24.74875665000036,24.49875665000036,205350,2359.0,2706.0,12.823355506282336,58875.997040403374,63,24.505465200003528,0.2432914499968319,True,True,2,05_runtime_budget_baselines/raw_runs.csv
Runtime budget baseline,Dang,PyVRP,bier127_gen3_m3,3,2500,24.74875665000036,24.49875665000036,233278,2379.0,2706.0,12.084257206208425,58988.73223375203,64,24.5052125000002,0.2435441500001616,True,True,2,05_runtime_budget_baselines/raw_runs.csv
Runtime budget baseline,Dang,PyVRP,bier127_gen3_m4,0,2500,18.83668509999916,18.58668509999916,173847,1705.0,2402.0,29.017485428809326,58844.51719330775,68,18.59359830000176,0.2430867999973998,True,True,2,05_runtime_budget_baselines/raw_runs.csv
Runtime budget baseline,Dang,PyVRP,bier127_gen3_m4,1,2500,18.83668509999916,18.58668509999916,161537,1571.0,2402.0,34.59616985845129,49010.527953205725,62,18.59387450000213,0.2428105999970284,True,True,2,05_runtime_budget_baselines/raw_runs.csv
Runtime budget baseline,Dang,PyVRP,bier127_gen3_m4,2,2500,18.83668509999916,18.58668509999916,199313,1874.0,2402.0,21.981681931723564,58789.58310027407,63,18.59369960000185,0.2429854999973031,True,True,2,05_runtime_budget_baselines/raw_runs.csv
Runtime budget baseline,Dang,PyVRP,bier127_gen3_m4,3,2500,18.83668509999916,18.58668509999916,173891,1778.0,2402.0,25.97835137385512,58668.85330576242,65,18.5931677999979,0.2435173000012582,True,True,2,05_runtime_budget_baselines/raw_runs.csv
Runtime budget baseline,Dang,PyVRP,cmt101c_m3,0,2500,9.301131875000465,9.051131875000465,25886,1230.0,1300.0,5.384615384615385,377.6082205106531,65,9.056076799999571,0.2450550750008915,True,True,2,05_runtime_budget_baselines/raw_runs.csv
Runtime budget baseline,Dang,PyVRP,cmt101c_m3,1,2500,9.301131875000465,9.051131875000465,28669,1220.0,1300.0,6.153846153846154,372.6455460326128,64,9.055927299996256,0.2452045750042089,True,True,2,05_runtime_budget_baselines/raw_runs.csv
Runtime budget baseline,Dang,PyVRP,cmt101c_m3,2,2500,9.301131875000465,9.051131875000465,28301,1250.0,1300.0,3.8461538461538463,378.4550213233213,67,9.05596279999736,0.2451690750031048,True,True,2,05_runtime_budget_baselines/raw_runs.csv
Runtime budget baseline,Dang,PyVRP,cmt101c_m3,3,2500,9.301131875000465,9.051131875000465,28880,1200.0,1300.0,7.6923076923076925,377.977926845249,67,9.055752400003255,0.2453794749972075,True,True,2,05_runtime_budget_baselines/raw_runs.csv
Runtime budget baseline,Dang,PyVRP,cmt151b_m3,0,2500,15.708839575000638,15.458839575000638,64742,1252.0,1385.0,9.602888086642599,349.44567977074314,68,15.46814070000255,0.2406988749980882,True,True,2,05_runtime_budget_baselines/raw_runs.csv
Runtime budget baseline,Dang,PyVRP,cmt151b_m3,1,2500,15.708839575000638,15.458839575000638,57653,1305.0,1385.0,5.776173285198556,349.0049639995629,69,15.468482800002676,0.2403567749979629,True,True,2,05_runtime_budget_baselines/raw_runs.csv
Runtime budget baseline,Dang,PyVRP,cmt151b_m3,2,2500,15.708839575000638,15.458839575000638,56989,1318.0,1385.0,4.837545126353791,349.2505262497863,73,15.468045599998732,0.2407939750019068,True,True,2,05_runtime_budget_baselines/raw_runs.csv
Runtime budget baseline,Dang,PyVRP,cmt151b_m3,3,2500,15.708839575000638,15.458839575000638,57764,1284.0,1385.0,7.292418772563177,348.03530520556905,67,15.468095899996117,0.2407436750045235,True,True,2,05_runtime_budget_baselines/raw_runs.csv
Runtime budget baseline,Dang,PyVRP,cmt151c_m2,0,2500,23.293010200000023,23.043010200000023,44158,1879.0,1964.0,4.327902240325866,523.3193798271216,105,23.05222899999353,0.240781200006495,True,True,2,05_runtime_budget_baselines/raw_runs.csv
Runtime budget baseline,Dang,PyVRP,cmt151c_m2,1,2500,23.293010200000023,23.043010200000023,47248,1862.0,1964.0,5.193482688391039,524.5571229738559,104,23.052245500002755,0.2407646999972712,True,True,2,05_runtime_budget_baselines/raw_runs.csv
Runtime budget baseline,Dang,PyVRP,cmt151c_m2,2,2500,23.293010200000023,23.043010200000023,52299,1853.0,1964.0,5.65173116089613,524.0502607843268,105,23.05268119999528,0.2403290000047491,True,True,2,05_runtime_budget_baselines/raw_runs.csv
Runtime budget baseline,Dang,PyVRP,cmt151c_m2,3,2500,23.293010200000023,23.043010200000023,41691,1874.0,1964.0,4.582484725050916,524.4904569504165,104,23.05301999999938,0.2399902000006477,True,True,2,05_runtime_budget_baselines/raw_runs.csv
Runtime budget baseline,Dang,PyVRP,cmt151c_m3,0,2500,19.459460425000543,19.209460425000543,54423,1809.0,1916.0,5.5845511482254695,524.3611401679511,101,19.218883599998662,0.2405768250018809,True,True,2,05_runtime_budget_baselines/raw_runs.csv
Runtime budget baseline,Dang,PyVRP,cmt151c_m3,1,2500,19.459460425000543,19.209460425000543,50827,1804.0,1916.0,5.845511482254698,522.6299022525707,100,19.218697899996187,0.2407625250043565,True,True,2,05_runtime_budget_baselines/raw_runs.csv
Runtime budget baseline,Dang,PyVRP,cmt151c_m3,2,2500,19.459460425000543,19.209460425000543,47769,1765.0,1916.0,7.881002087682672,519.5666483985013,100,19.218964399995457,0.2404960250050862,True,True,2,05_runtime_budget_baselines/raw_runs.csv
Runtime budget baseline,Dang,PyVRP,cmt151c_m3,3,2500,19.459460425000543,19.209460425000543,49098,1779.0,1916.0,7.150313152400835,523.2065307172234,100,19.21897679999529,0.240483625005254,True,True,2,05_runtime_budget_baselines/raw_runs.csv
Runtime budget baseline,Dang,PyVRP,cmt151c_m4,0,2500,16.683133199999247,16.433133199999247,47322,1756.0,1880.0,6.595744680851064,521.3033907160386,96,16.442674400001124,0.2404587999981231,True,True,2,05_runtime_budget_baselines/raw_runs.csv
Runtime budget baseline,Dang,PyVRP,cmt151c_m4,1,2500,16.683133199999247,16.433133199999247,47533,1755.0,1880.0,6.648936170212766,521.0407218127024,98,16.441979799994442,0.241153400004805,True,True,2,05_runtime_budget_baselines/raw_runs.csv
Runtime budget baseline,Dang,PyVRP,cmt151c_m4,2,2500,16.683133199999247,16.433133199999247,51172,1690.0,1880.0,10.106382978723405,523.1812885171407,97,16.442424900000333,0.2407082999989143,True,True,2,05_runtime_budget_baselines/raw_runs.csv
Runtime budget baseline,Dang,PyVRP,cmt151c_m4,3,2500,16.683133199999247,16.433133199999247,51635,1784.0,1880.0,5.1063829787234045,522.5126281122062,99,16.44240880000143,0.2407243999978163,True,True,2,05_runtime_budget_baselines/raw_runs.csv
Runtime budget baseline,Dang,PyVRP,cmt200b_m2,0,2500,39.156233175000125,38.906233175000125,120361,1990.0,2096.0,5.057251908396947,381.7182381433093,102,38.92242560000159,0.2338075749985364,True,True,2,05_runtime_budget_baselines/raw_runs.csv
Runtime budget baseline,Dang,PyVRP,cmt200b_m2,1,2500,39.156233175000125,38.906233175000125,133219,1905.0,2096.0,9.11259541984733,381.7343081772837,98,38.92197899999883,0.2342541750012969,True,True,2,05_runtime_budget_baselines/raw_runs.csv
Runtime budget baseline,Dang,PyVRP,cmt200b_m2,2,2500,39.156233175000125,38.906233175000125,135766,1925.0,2096.0,8.158396946564885,380.7258305484587,98,38.92341419999866,0.2328189750014644,True,True,2,05_runtime_budget_baselines/raw_runs.csv
Runtime budget baseline,Dang,PyVRP,cmt200b_m2,3,2500,39.156233175000125,38.906233175000125,129144,1919.0,2096.0,8.444656488549619,381.17213373925847,97,38.92152239999996,0.2347107750001669,True,True,2,05_runtime_budget_baselines/raw_runs.csv
Runtime budget baseline,Dang,PyVRP,cmt200b_m3,0,2500,27.987053099999684,27.737053099999684,112519,1827.0,2019.0,9.50965824665676,380.7475436648712,92,27.752696099996683,0.2343570000030013,True,True,2,05_runtime_budget_baselines/raw_runs.csv
Runtime budget baseline,Dang,PyVRP,cmt200b_m3,1,2500,27.987053099999684,27.737053099999684,106263,1812.0,2019.0,10.252600297176821,381.1006173583864,95,27.75267680000252,0.2343762999971659,True,True,2,05_runtime_budget_baselines/raw_runs.csv
Runtime budget baseline,Dang,PyVRP,cmt200b_m3,2,2500,27.987053099999684,27.737053099999684,104569,1818.0,2019.0,9.955423476968797,381.48810308388056,91,27.752124500002537,0.2349285999971471,True,True,2,05_runtime_budget_baselines/raw_runs.csv
Runtime budget baseline,Dang,PyVRP,cmt200b_m3,3,2500,27.987053099999684,27.737053099999684,103169,1865.0,2019.0,7.627538385339277,380.8496771942075,95,27.753453700002865,0.2335993999968195,True,True,2,05_runtime_budget_baselines/raw_runs.csv
Runtime budget baseline,Dang,PyVRP,cmt200b_m4,0,2500,22.954132700000628,22.704132700000628,99840,1641.0,1894.0,13.357972544878564,380.3720097480046,82,22.72025240000221,0.2338802999984182,True,True,2,05_runtime_budget_baselines/raw_runs.csv
Runtime budget baseline,Dang,PyVRP,cmt200b_m4,1,2500,22.954132700000628,22.704132700000628,101554,1586.0,1894.0,16.261879619852166,380.6396310621901,80,22.719605699996464,0.2345270000041637,True,True,2,05_runtime_budget_baselines/raw_runs.csv
Runtime budget baseline,Dang,PyVRP,cmt200b_m4,2,2500,22.954132700000628,22.704132700000628,97980,1673.0,1894.0,11.668426610348469,377.2022215618692,87,22.71990129999904,0.2342314000015903,True,True,2,05_runtime_budget_baselines/raw_runs.csv
Runtime budget baseline,Dang,PyVRP,cmt200b_m4,3,2500,22.954132700000628,22.704132700000628,104814,1538.0,1894.0,18.79619852164731,379.585495550297,78,22.720484999998007,0.2336477000026207,True,True,2,05_runtime_budget_baselines/raw_runs.csv
Runtime budget baseline,Dang,PyVRP,cmt200c_m2,0,2500,47.57637597499979,47.32637597499979,124311,2545.0,2818.0,9.687721788502484,572.7217484009893,134,47.34222529999533,0.2341506750044573,True,True,2,05_runtime_budget_baselines/raw_runs.csv
Runtime budget baseline,Dang,PyVRP,cmt200c_m2,1,2500,47.57637597499979,47.32637597499979,114229,2480.0,2818.0,11.994322214336409,571.9272803515933,132,47.34192679999978,0.2344491750000088,True,True,2,05_runtime_budget_baselines/raw_runs.csv
Runtime budget baseline,Dang,PyVRP,cmt200c_m2,2,2500,47.57637597499979,47.32637597499979,107111,2537.0,2818.0,9.971611071682045,570.8300867170033,135,47.341190899998765,0.2351850750010271,True,True,2,05_runtime_budget_baselines/raw_runs.csv
Runtime budget baseline,Dang,PyVRP,cmt200c_m2,3,2500,47.57637597499979,47.32637597499979,102273,2512.0,2818.0,10.858765081618168,572.4583169398231,132,47.34218430000328,0.2341916749965094,True,True,2,05_runtime_budget_baselines/raw_runs.csv
Runtime budget baseline,Dang,PyVRP,cmt200c_m3,0,2500,36.215110574999926,35.965110574999926,88714,2442.0,2766.0,11.713665943600867,572.0392722929281,128,35.98197729999811,0.2331332750018191,True,True,2,05_runtime_budget_baselines/raw_runs.csv
Runtime budget baseline,Dang,PyVRP,cmt200c_m3,1,2500,36.215110574999926,35.965110574999926,83422,2513.0,2766.0,9.146782357194505,569.5120500433935,133,35.98052469999675,0.2345858750031766,True,True,2,05_runtime_budget_baselines/raw_runs.csv
Runtime budget baseline,Dang,PyVRP,cmt200c_m3,2,2500,36.215110574999926,35.965110574999926,90251,2476.0,2766.0,10.484454085321765,571.5275123907477,131,35.97998709999956,0.2351234750003641,True,True,2,05_runtime_budget_baselines/raw_runs.csv
Runtime budget baseline,Dang,PyVRP,cmt200c_m3,3,2500,36.215110574999926,35.965110574999926,87760,2491.0,2766.0,9.942154736080983,570.2680733898304,130,35.980661800000235,0.2344487749996915,True,True,2,05_runtime_budget_baselines/raw_runs.csv
Runtime budget baseline,Dang,PyVRP,cmt200c_m4,0,2500,32.4448559500006,32.1948559500006,94189,2312.0,2712.0,14.749262536873156,571.8749928442222,121,32.20986660000199,0.2349893499986137,True,True,2,05_runtime_budget_baselines/raw_runs.csv
Runtime budget baseline,Dang,PyVRP,cmt200c_m4,1,2500,32.4448559500006,32.1948559500006,104395,2402.0,2712.0,11.430678466076696,569.6985423545499,130,32.21027609999874,0.2345798500018645,True,True,2,05_runtime_budget_baselines/raw_runs.csv
Runtime budget baseline,Dang,PyVRP,cmt200c_m4,2,2500,32.4448559500006,32.1948559500006,101019,2267.0,2712.0,16.408554572271388,569.3793775978611,120,32.210749900004885,0.2341060499957166,True,True,2,05_runtime_budget_baselines/raw_runs.csv
Runtime budget baseline,Dang,PyVRP,cmt200c_m4,3,2500,32.4448559500006,32.1948559500006,117305,2219.0,2712.0,18.178466076696164,568.3303110433035,114,32.21058559999801,0.2342703500025891,True,True,2,05_runtime_budget_baselines/raw_runs.csv
Runtime budget baseline,Dang,PyVRP,eil101b_m3,0,2500,7.349109925000448,7.099109925000448,26851,885.0,916.0,3.3842794759825328,314.1086233002558,48,7.104074100003345,0.2450358249971032,True,True,2,05_runtime_budget_baselines/raw_runs.csv
Runtime budget baseline,Dang,PyVRP,eil101b_m3,1,2500,7.349109925000448,7.099109925000448,25680,900.0,916.0,1.7467248908296944,312.8746041009377,50,7.104208800003107,0.2449011249973409,True,True,2,05_runtime_budget_baselines/raw_runs.csv
Runtime budget baseline,Dang,PyVRP,eil101b_m3,2,2500,7.349109925000448,7.099109925000448,25706,889.0,916.0,2.947598253275109,312.60679318081384,50,7.103940299995884,0.2451696250045643,True,True,2,05_runtime_budget_baselines/raw_runs.csv
Runtime budget baseline,Dang,PyVRP,eil101b_m3,3,2500,7.349109925000448,7.099109925000448,25294,897.0,916.0,2.074235807860262,313.5926308801007,53,7.104035999996995,0.245073925003453,True,True,2,05_runtime_budget_baselines/raw_runs.csv
Runtime budget baseline,Dang,PyVRP,eil101c_m2,0,2500,11.105511849999855,10.855511849999855,23279,1278.0,1305.0,2.0689655172413794,471.0991330290958,73,10.860883499997726,0.2446283500021309,True,True,2,05_runtime_budget_baselines/raw_runs.csv
Runtime budget baseline,Dang,PyVRP,eil101c_m2,1,2500,11.105511849999855,10.855511849999855,26161,1277.0,1305.0,2.1455938697318007,471.38346853678433,72,10.860372399998596,0.2451394500012611,True,True,2,05_runtime_budget_baselines/raw_runs.csv
Runtime budget baseline,Dang,PyVRP,eil101c_m2,2,2500,11.105511849999855,10.855511849999855,24324,1282.0,1305.0,1.7624521072796935,470.92488967490976,73,10.860467999998946,0.2450438500009113,True,True,2,05_runtime_budget_baselines/raw_runs.csv
Runtime budget baseline,Dang,PyVRP,eil101c_m2,3,2500,11.105511849999855,10.855511849999855,26892,1267.0,1305.0,2.9118773946360155,467.7286135941433,72,10.860593400000653,0.2449184499992043,True,True,2,05_runtime_budget_baselines/raw_runs.csv
Runtime budget baseline,Dang,PyVRP,eil101c_m3,0,2500,9.564464200000655,9.314464200000655,26730,1201.0,1251.0,3.9968025579536373,462.62712246487865,69,9.319507500003963,0.2449566999966919,True,True,2,05_runtime_budget_baselines/raw_runs.csv
Runtime budget baseline,Dang,PyVRP,eil101c_m3,1,2500,9.564464200000655,9.314464200000655,28326,1197.0,1251.0,4.316546762589928,469.7695132577314,67,9.31910760000028,0.2453566000003775,True,True,2,05_runtime_budget_baselines/raw_runs.csv
Runtime budget baseline,Dang,PyVRP,eil101c_m3,2,2500,9.564464200000655,9.314464200000655,26516,1195.0,1251.0,4.476418864908074,471.3394365438488,69,9.319558700000924,0.2449054999997315,True,True,2,05_runtime_budget_baselines/raw_runs.csv
Runtime budget baseline,Dang,PyVRP,eil101c_m3,3,2500,9.564464200000655,9.314464200000655,29575,1198.0,1251.0,4.236610711430855,468.9787633255894,69,9.319558600000164,0.244905600000493,True,True,2,05_runtime_budget_baselines/raw_runs.csv
Runtime budget baseline,Dang,PyVRP,gil262_gen1_m3,0,2500,24.997255774998848,24.747255774998848,282329,47.0,101.0,53.46534653465346,1187.716837060942,47,24.771583600006124,0.2256721749927237,True,True,2,05_runtime_budget_baselines/raw_runs.csv
Runtime budget baseline,Dang,PyVRP,gil262_gen1_m3,1,2500,24.997255774998848,24.747255774998848,280751,52.0,101.0,48.51485148514851,1139.7969202556542,52,24.771633199998178,0.2256225750006706,True,True,2,05_runtime_budget_baselines/raw_runs.csv
Runtime budget baseline,Dang,PyVRP,gil262_gen1_m3,2,2500,24.997255774998848,24.747255774998848,237909,63.0,101.0,37.62376237623762,1150.1081818849852,63,24.7719356000016,0.2253201749972504,True,True,2,05_runtime_budget_baselines/raw_runs.csv
Runtime budget baseline,Dang,PyVRP,gil262_gen1_m3,3,2500,24.997255774998848,24.747255774998848,257265,65.0,101.0,35.64356435643565,1183.2350394860807,65,24.77084689999901,0.2264088749998336,True,True,2,05_runtime_budget_baselines/raw_runs.csv
Runtime budget baseline,Dang,PyVRP,gil262_gen1_m4,0,2500,17.904335599999285,17.654335599999285,215666,46.0,78.0,41.02564102564103,1179.465139622302,46,17.67859860000317,0.2257369999961156,True,True,2,05_runtime_budget_baselines/raw_runs.csv
Runtime budget baseline,Dang,PyVRP,gil262_gen1_m4,1,2500,17.904335599999285,17.654335599999285,185319,49.0,78.0,37.17948717948718,1163.178025348025,49,17.67825460000313,0.2260809999961566,True,True,2,05_runtime_budget_baselines/raw_runs.csv
Runtime budget baseline,Dang,PyVRP,gil262_gen1_m4,2,2500,17.904335599999285,17.654335599999285,202230,57.0,78.0,26.923076923076923,1122.5020367081645,57,17.678524599999946,0.2258109999993394,True,True,2,05_runtime_budget_baselines/raw_runs.csv
Runtime budget baseline,Dang,PyVRP,gil262_gen1_m4,3,2500,17.904335599999285,17.654335599999285,209967,50.0,78.0,35.8974358974359,1125.5015679478538,50,17.677560700001777,0.2267748999975083,True,True,2,05_runtime_budget_baselines/raw_runs.csv
Runtime budget baseline,Dang,PyVRP,gil262_gen2_m2,0,2500,59.76122350000151,59.4624173825015,242824,6447.0,7498.0,14.017071218991731,1187.7494939304154,98,59.48841309999989,0.2728104000016174,True,True,2,05_runtime_budget_baselines/raw_runs.csv
Runtime budget baseline,Dang,PyVRP,gil262_gen2_m2,1,2500,59.76122350000151,59.4624173825015,242277,6535.0,7498.0,12.843424913310216,1188.353031081233,97,59.48625449999963,0.2749690000018745,True,True,2,05_runtime_budget_baselines/raw_runs.csv
Runtime budget baseline,Dang,PyVRP,gil262_gen2_m2,2,2500,59.76122350000151,59.4624173825015,234931,6601.0,7498.0,11.963190184049079,1188.832878746312,96,59.48724370000127,0.2739798000002338,True,True,2,05_runtime_budget_baselines/raw_runs.csv
Runtime budget baseline,Dang,PyVRP,gil262_gen2_m2,3,2500,59.76122350000151,59.4624173825015,219630,6409.0,7498.0,14.52387303280875,1188.1609158265162,95,59.48808350000036,0.273140000001149,True,True,2,05_runtime_budget_baselines/raw_runs.csv
Runtime budget baseline,Dang,PyVRP,gil262_gen2_m3,0,2500,28.07349539999996,27.82349539999996,162715,4694.0,5615.0,16.402493321460373,1186.788565373819,75,27.848923199999263,0.2245722000006935,True,True,2,05_runtime_budget_baselines/raw_runs.csv
Runtime budget baseline,Dang,PyVRP,gil262_gen2_m3,1,2500,28.07349539999996,27.82349539999996,158902,4546.0,5615.0,19.038290293855745,1185.903289292984,71,27.84877079999569,0.224724600004265,True,True,2,05_runtime_budget_baselines/raw_runs.csv
Runtime budget baseline,Dang,PyVRP,gil262_gen2_m3,2,2500,28.07349539999996,27.82349539999996,154912,4861.0,5615.0,13.428317008014247,1183.2453128377394,81,27.848247800000536,0.2252475999994203,True,True,2,05_runtime_budget_baselines/raw_runs.csv
Runtime budget baseline,Dang,PyVRP,gil262_gen2_m3,3,2500,28.07349539999996,27.82349539999996,155183,4791.0,5615.0,14.674977738201246,1186.2311979866308,73,27.84802430000127,0.2254710999986855,True,True,2,05_runtime_budget_baselines/raw_runs.csv
Runtime budget baseline,Dang,PyVRP,gil262_gen3_m2,0,2500,56.32583732499916,56.04420813837416,364855,4961.0,7183.0,30.93415007656968,1185.5162835400108,69,56.06872499999736,0.257112325001799,True,True,2,05_runtime_budget_baselines/raw_runs.csv
Runtime budget baseline,Dang,PyVRP,gil262_gen3_m2,1,2500,56.32583732499916,56.04420813837416,437511,4727.0,7183.0,34.19184184880969,1187.718607628812,64,56.06902070000069,0.2568166249984642,True,True,2,05_runtime_budget_baselines/raw_runs.csv
Runtime budget baseline,Dang,PyVRP,gil262_gen3_m2,2,2500,56.32583732499916,56.04420813837416,379993,4743.0,7183.0,33.96909369344285,1187.3032971197774,64,56.06924160000199,0.2565957249971689,True,True,2,05_runtime_budget_baselines/raw_runs.csv
Runtime budget baseline,Dang,PyVRP,gil262_gen3_m2,3,2500,56.32583732499916,56.04420813837416,391338,4681.0,7183.0,34.83224279548935,1185.1734259624668,63,56.0689857000034,0.2568516249957611,True,True,2,05_runtime_budget_baselines/raw_runs.csv
Runtime budget baseline,Dang,PyVRP,gil262_gen3_m4,0,2500,21.28265452499909,21.03265452499909,316321,965.0,2507.0,61.50777822098125,1131.1903618183346,26,21.05728989999625,0.2253646250028396,True,True,2,05_runtime_budget_baselines/raw_runs.csv
Runtime budget baseline,Dang,PyVRP,gil262_gen3_m4,1,2500,21.28265452499909,21.03265452499909,284321,905.0,2507.0,63.901076984443556,1114.502466095823,27,21.05736320000142,0.22529132499767,True,True,2,05_runtime_budget_baselines/raw_runs.csv
Runtime budget baseline,Dang,PyVRP,gil262_gen3_m4,2,2500,21.28265452499909,21.03265452499909,297393,1040.0,2507.0,58.51615476665337,1152.354427815393,30,21.05649350000021,0.2261610249988734,True,True,2,05_runtime_budget_baselines/raw_runs.csv
Runtime budget baseline,Dang,PyVRP,gil262_gen3_m4,3,2500,21.28265452499909,21.03265452499909,299228,889.0,2507.0,64.5392899880335,1106.771603412633,25,21.05679830000008,0.2258562249990063,True,True,2,05_runtime_budget_baselines/raw_runs.csv
Runtime budget baseline,Dang,PyVRP,gil262a_m2,0,2500,22.421170749999877,22.171170749999877,111466,3811.0,4078.0,6.547327121137813,594.5652404282894,58,22.194261700002244,0.22690904999763,True,True,2,05_runtime_budget_baselines/raw_runs.csv
Runtime budget baseline,Dang,PyVRP,gil262a_m2,1,2500,22.421170749999877,22.171170749999877,113173,3856.0,4078.0,5.443845022069642,594.2690022562807,60,22.1937767000054,0.2273940499944728,True,True,2,05_runtime_budget_baselines/raw_runs.csv
Runtime budget baseline,Dang,PyVRP,gil262a_m2,2,2500,22.421170749999877,22.171170749999877,113850,3733.0,4078.0,8.460029426189308,593.9359397711662,60,22.193811200006166,0.2273595499937073,True,True,2,05_runtime_budget_baselines/raw_runs.csv
Runtime budget baseline,Dang,PyVRP,gil262a_m2,3,2500,22.421170749999877,22.171170749999877,122448,3599.0,4078.0,11.745953898970084,594.497796837938,54,22.19385460000194,0.2273161499979323,True,True,2,05_runtime_budget_baselines/raw_runs.csv
Runtime budget baseline,Dang,PyVRP,gil262a_m4,0,2500,12.685807675001342,12.435807675001342,69720,2742.0,3175.0,13.637795275590552,592.467210360929,49,12.458256699996127,0.2275509750052151,True,True,2,05_runtime_budget_baselines/raw_runs.csv
Runtime budget baseline,Dang,PyVRP,gil262a_m4,1,2500,12.685807675001342,12.435807675001342,81130,2660.0,3175.0,16.22047244094488,587.3134570061161,43,12.4577128000019,0.2280948749994422,True,True,2,05_runtime_budget_baselines/raw_runs.csv
Runtime budget baseline,Dang,PyVRP,gil262a_m4,2,2500,12.685807675001342,12.435807675001342,73800,2623.0,3175.0,17.385826771653544,503.0286712673114,42,12.458175800005847,0.2276318749954953,True,True,2,05_runtime_budget_baselines/raw_runs.csv
Runtime budget baseline,Dang,PyVRP,gil262a_m4,3,2500,12.685807675001342,12.435807675001342,81452,2247.0,3175.0,29.228346456692915,590.4349301987838,36,12.458369899999523,0.2274377750018175,True,True,2,05_runtime_budget_baselines/raw_runs.csv
Runtime budget baseline,Dang,PyVRP,gil262b_m2,0,2500,54.28280810000069,54.01139405950069,193525,7189.0,8081.0,11.038237841851256,1186.8125899846275,108,54.03432410000096,0.2484839999997348,True,True,2,05_runtime_budget_baselines/raw_runs.csv
Runtime budget baseline,Dang,PyVRP,gil262b_m2,1,2500,54.28280810000069,54.01139405950069,182113,6991.0,8081.0,13.488429649795817,1187.4046658573975,109,54.03415420000238,0.2486538999983167,True,True,2,05_runtime_budget_baselines/raw_runs.csv
Runtime budget baseline,Dang,PyVRP,gil262b_m2,2,2500,54.28280810000069,54.01139405950069,168146,7595.0,8081.0,6.014107164954832,1188.2720257836231,121,54.0345260000031,0.2482820999975956,True,True,2,05_runtime_budget_baselines/raw_runs.csv
Runtime budget baseline,Dang,PyVRP,gil262b_m2,3,2500,54.28280810000069,54.01139405950069,163111,7461.0,8081.0,7.672317782452667,1188.1009444973795,114,54.03450799999701,0.2483001000036893,True,True,2,05_runtime_budget_baselines/raw_runs.csv
Runtime budget baseline,Dang,PyVRP,gil262b_m3,0,2500,39.742718599999534,39.492718599999534,163134,6331.0,7585.0,16.532630191166778,1187.003388576206,94,39.516219199998886,0.2264994000006481,True,True,2,05_runtime_budget_baselines/raw_runs.csv
Runtime budget baseline,Dang,PyVRP,gil262b_m3,1,2500,39.742718599999534,39.492718599999534,162637,6539.0,7585.0,13.790375741595254,1186.032894760779,102,39.51559529999941,0.2271233000001302,True,True,2,05_runtime_budget_baselines/raw_runs.csv
Runtime budget baseline,Dang,PyVRP,gil262b_m3,2,2500,39.742718599999534,39.492718599999534,143263,6737.0,7585.0,11.179960448253132,1186.4772686561555,105,39.51733629999944,0.225382300000092,True,True,2,05_runtime_budget_baselines/raw_runs.csv
Runtime budget baseline,Dang,PyVRP,gil262b_m3,3,2500,39.742718599999534,39.492718599999534,124606,6997.0,7585.0,7.752142386288727,1186.310227269486,109,39.515644399994926,0.2270742000046084,True,True,2,05_runtime_budget_baselines/raw_runs.csv
Runtime budget baseline,Dang,PyVRP,gil262b_m4,0,2500,31.320743649999716,31.070743649999716,140017,6043.0,6781.0,10.883350538268692,1186.1940148457063,94,31.09404020000511,0.2267034499946021,True,True,2,05_runtime_budget_baselines/raw_runs.csv
Runtime budget baseline,Dang,PyVRP,gil262b_m4,1,2500,31.320743649999716,31.070743649999716,148057,5884.0,6781.0,13.228137442855036,1184.952923270483,91,31.09366549999686,0.2270781500028533,True,True,2,05_runtime_budget_baselines/raw_runs.csv
Runtime budget baseline,Dang,PyVRP,gil262b_m4,2,2500,31.320743649999716,31.070743649999716,134508,6144.0,6781.0,9.393894705795605,1187.3242594501576,99,31.09371749999991,0.2270261499998014,True,True,2,05_runtime_budget_baselines/raw_runs.csv
Runtime budget baseline,Dang,PyVRP,gil262b_m4,3,2500,31.320743649999716,31.070743649999716,141863,5944.0,6781.0,12.343312195841321,1186.320390234086,94,31.09340679999877,0.2273368500009382,True,True,2,05_runtime_budget_baselines/raw_runs.csv
Runtime budget baseline,Dang,PyVRP,gil262c_m2,0,2500,71.7763644000006,71.4174825780006,158861,9639.0,11030.0,12.611060743427018,1782.347245523039,152,71.44006989999616,0.3362945000044419,True,True,2,05_runtime_budget_baselines/raw_runs.csv
Runtime budget baseline,Dang,PyVRP,gil262c_m2,1,2500,71.7763644000006,71.4174825780006,167887,10003.0,11030.0,9.310970081595649,1781.2718893438828,162,71.44097679999686,0.3353876000037417,True,True,2,05_runtime_budget_baselines/raw_runs.csv
Runtime budget baseline,Dang,PyVRP,gil262c_m2,2,2500,71.7763644000006,71.4174825780006,154841,9773.0,11030.0,11.396192203082503,1781.676187634254,152,71.44009289999667,0.3362715000039316,True,True,2,05_runtime_budget_baselines/raw_runs.csv
Runtime budget baseline,Dang,PyVRP,gil262c_m2,3,2500,71.7763644000006,71.4174825780006,139064,9659.0,11030.0,12.42973708068903,1781.192676020106,159,71.44055959999969,0.3358048000009148,True,True,2,05_runtime_budget_baselines/raw_runs.csv
Runtime budget baseline,Dang,PyVRP,gil262c_m3,0,2500,54.2995010249997,54.0280035198747,135738,9633.0,10757.0,10.449009947011248,1781.967063980438,149,54.05280729999504,0.2466937250046612,True,True,2,05_runtime_budget_baselines/raw_runs.csv
Runtime budget baseline,Dang,PyVRP,gil262c_m3,1,2500,54.2995010249997,54.0280035198747,143047,9611.0,10757.0,10.653527935297946,1782.709150614516,150,54.05108699999983,0.2484140249998745,True,True,2,05_runtime_budget_baselines/raw_runs.csv
Runtime budget baseline,Dang,PyVRP,gil262c_m3,2,2500,54.2995010249997,54.0280035198747,146189,9518.0,10757.0,11.518081249418984,1778.3379661961294,152,54.05025329999626,0.2492477250034426,True,True,2,05_runtime_budget_baselines/raw_runs.csv
Runtime budget baseline,Dang,PyVRP,gil262c_m3,3,2500,54.2995010249997,54.0280035198747,151942,9004.0,10757.0,16.296365157571813,1782.7255003008272,149,54.05070859999978,0.2487924249999196,True,True,2,05_runtime_budget_baselines/raw_runs.csv
Runtime budget baseline,Dang,PyVRP,gil262c_m4,0,2500,46.53385975000037,46.28385975000037,167292,9288.0,10281.0,9.65859352203093,1776.757195675526,154,46.306563500002085,0.2272962499982895,True,True,2,05_runtime_budget_baselines/raw_runs.csv
Runtime budget baseline,Dang,PyVRP,gil262c_m4,1,2500,46.53385975000037,46.28385975000037,132260,9348.0,10281.0,9.074992704989787,1777.6495063331977,154,46.30656820000149,0.2272915499988812,True,True,2,05_runtime_budget_baselines/raw_runs.csv
Runtime budget baseline,Dang,PyVRP,gil262c_m4,2,2500,46.53385975000037,46.28385975000037,126856,8772.0,10281.0,14.677560548584768,1781.620219983975,141,46.30805479999981,0.2258049500005654,True,True,2,05_runtime_budget_baselines/raw_runs.csv
Runtime budget baseline,Dang,PyVRP,gil262c_m4,3,2500,46.53385975000037,46.28385975000037,138357,9351.0,10281.0,9.04581266413773,1781.37803654834,151,46.306820300000254,0.2270394500001202,True,True,2,05_runtime_budget_baselines/raw_runs.csv
Runtime budget baseline,Dang,PyVRP,gr229_gen1_m4,0,2500,33.247639100001834,32.997639100001834,121920,164.0,223.0,26.457399103139014,1732.7021567130946,164,33.01711150000483,0.2305275999970035,True,True,2,05_runtime_budget_baselines/raw_runs.csv
Runtime budget baseline,Dang,PyVRP,gr229_gen1_m4,1,2500,33.247639100001834,32.997639100001834,138033,166.0,223.0,25.56053811659193,1751.1685370648067,166,33.01746479999565,0.2301743000061833,True,True,2,05_runtime_budget_baselines/raw_runs.csv
Runtime budget baseline,Dang,PyVRP,gr229_gen1_m4,2,2500,33.247639100001834,32.997639100001834,128999,158.0,223.0,29.14798206278027,1539.4156642269836,158,33.0162904999961,0.231348600005731,True,True,2,05_runtime_budget_baselines/raw_runs.csv
Runtime budget baseline,Dang,PyVRP,gr229_gen1_m4,3,2500,33.247639100001834,32.997639100001834,128788,169.0,223.0,24.2152466367713,1756.2473151655222,169,33.01580770000146,0.2318314000003738,True,True,2,05_runtime_budget_baselines/raw_runs.csv
Runtime budget baseline,Dang,PyVRP,gr229_gen2_m3,0,2500,27.48922107499948,27.23922107499948,36529,10607.0,11566.0,8.29154418122082,1763.5391487410302,186,27.25941229999444,0.2298087750050399,True,True,2,05_runtime_budget_baselines/raw_runs.csv
Runtime budget baseline,Dang,PyVRP,gr229_gen2_m3,1,2500,27.48922107499948,27.23922107499948,34203,11105.0,11566.0,3.9858205083866505,1763.8866810197487,204,27.25931719999789,0.2299038750015825,True,True,2,05_runtime_budget_baselines/raw_runs.csv
Runtime budget baseline,Dang,PyVRP,gr229_gen2_m3,2,2500,27.48922107499948,27.23922107499948,33234,11106.0,11566.0,3.977174476915096,1762.394412462254,202,27.260159500001464,0.2290615749980133,True,True,2,05_runtime_budget_baselines/raw_runs.csv
Runtime budget baseline,Dang,PyVRP,gr229_gen2_m3,3,2500,27.48922107499948,27.23922107499948,32054,11134.0,11566.0,3.7350855957115683,1762.498141598933,205,27.257938700000523,0.2312823749989547,True,True,2,05_runtime_budget_baselines/raw_runs.csv
Runtime budget baseline,Dang,PyVRP,gr229_gen2_m4,0,2500,43.4268879250003,43.1768879250003,92142,10206.0,11355.0,10.11889035667107,1760.0432473422834,180,43.19733880000422,0.2295491249960832,True,True,2,05_runtime_budget_baselines/raw_runs.csv
Runtime budget baseline,Dang,PyVRP,gr229_gen2_m4,1,2500,43.4268879250003,43.1768879250003,74041,10804.0,11355.0,4.852487890797006,1760.2631713224584,202,43.196828000000096,0.2300599250002051,True,True,2,05_runtime_budget_baselines/raw_runs.csv
Runtime budget baseline,Dang,PyVRP,gr229_gen2_m4,2,2500,43.4268879250003,43.1768879250003,68408,10498.0,11355.0,7.54733597534126,1759.748599068522,194,43.19674980000127,0.2301381249990299,True,True,2,05_runtime_budget_baselines/raw_runs.csv
Runtime budget baseline,Dang,PyVRP,gr229_gen2_m4,3,2500,43.4268879250003,43.1768879250003,62240,10557.0,11355.0,7.027741083223249,1760.9317782383675,187,43.19727330000024,0.2296146250000674,True,True,2,05_runtime_budget_baselines/raw_runs.csv
Runtime budget baseline,Dang,PyVRP,gr229_gen3_m3,0,2500,26.590247125000133,26.340247125000133,246496,5909.0,8056.0,26.650943396226417,1759.920917970045,148,26.36017510000238,0.230072024997753,True,True,2,05_runtime_budget_baselines/raw_runs.csv
Runtime budget baseline,Dang,PyVRP,gr229_gen3_m3,1,2500,26.590247125000133,26.340247125000133,202951,5704.0,8056.0,29.19563058589871,1761.5961794614336,123,26.359927400000743,0.23031972499939,True,True,2,05_runtime_budget_baselines/raw_runs.csv
Runtime budget baseline,Dang,PyVRP,gr229_gen3_m3,2,2500,26.590247125000133,26.340247125000133,219324,5550.0,8056.0,31.107249255213507,1757.8290295278434,119,26.359230699999895,0.2310164250002344,True,True,2,05_runtime_budget_baselines/raw_runs.csv
Runtime budget baseline,Dang,PyVRP,gr229_gen3_m3,3,2500,26.590247125000133,26.340247125000133,217882,5979.0,8056.0,25.782025819265144,1758.0890561146407,130,26.35846760000277,0.2317795249973642,True,True,2,05_runtime_budget_baselines/raw_runs.csv
Runtime budget baseline,Dang,PyVRP,gr229_gen3_m4,0,2500,54.309092349999446,54.03754688824945,479518,5508.0,7651.0,28.009410534570645,1745.504332645817,134,54.05744080000295,0.2516515499964953,True,True,2,05_runtime_budget_baselines/raw_runs.csv
Runtime budget baseline,Dang,PyVRP,gr229_gen3_m4,1,2500,54.309092349999446,54.03754688824945,468476,5365.0,7651.0,29.878447261795845,1751.1298296239247,135,54.05603289999999,0.2530594499994549,True,True,2,05_runtime_budget_baselines/raw_runs.csv
Runtime budget baseline,Dang,PyVRP,gr229_gen3_m4,2,2500,54.309092349999446,54.03754688824945,497815,5286.0,7651.0,30.910992027185987,1758.4542496707927,128,54.05672610000329,0.2523662499961574,True,True,2,05_runtime_budget_baselines/raw_runs.csv
Runtime budget baseline,Dang,PyVRP,gr229_gen3_m4,3,2500,54.309092349999446,54.03754688824945,532268,5504.0,7651.0,28.061691282185336,1747.169584272886,128,54.05600989999948,0.2530824499999653,True,True,2,05_runtime_budget_baselines/raw_runs.csv
Runtime budget baseline,Dang,PyVRP,kroA150_gen2_m2,0,2500,23.57265989999996,23.32265989999996,98186,4299.0,4335.0,0.8304498269896193,13237.576607861254,69,23.33137999999599,0.241279900003974,True,True,2,05_runtime_budget_baselines/raw_runs.csv
Runtime budget baseline,Dang,PyVRP,kroA150_gen2_m2,1,2500,23.57265989999996,23.32265989999996,93945,4057.0,4335.0,6.412918108419839,13222.915238643169,66,23.33428379999532,0.2383761000046433,True,True,2,05_runtime_budget_baselines/raw_runs.csv
Runtime budget baseline,Dang,PyVRP,kroA150_gen2_m2,2,2500,23.57265989999996,23.32265989999996,98604,4250.0,4335.0,1.9607843137254901,13211.046726482557,69,23.33138410000538,0.2412757999945824,True,True,2,05_runtime_budget_baselines/raw_runs.csv
Runtime budget baseline,Dang,PyVRP,kroA150_gen2_m2,3,2500,23.57265989999996,23.32265989999996,102563,4220.0,4335.0,2.6528258362168398,13255.931667818411,69,23.331931499997157,0.2407284000028084,True,True,2,05_runtime_budget_baselines/raw_runs.csv
Runtime budget baseline,Dang,PyVRP,kroA150_gen3_m3,0,2500,15.560033299999304,15.310033299999304,165169,1670.0,2726.0,38.738077769625825,13169.051922800652,33,15.318980699994428,0.2410526000048776,True,True,2,05_runtime_budget_baselines/raw_runs.csv
Runtime budget baseline,Dang,PyVRP,kroA150_gen3_m3,1,2500,15.560033299999304,15.310033299999304,168685,1708.0,2726.0,37.344093910491566,13163.964997055911,35,15.320135299996764,0.2398980000025403,True,True,2,05_runtime_budget_baselines/raw_runs.csv
Runtime budget baseline,Dang,PyVRP,kroA150_gen3_m3,2,2500,15.560033299999304,15.310033299999304,155278,1713.0,2726.0,37.160674981658104,12786.137484784156,36,15.318636000003607,0.2413972999956968,True,True,2,05_runtime_budget_baselines/raw_runs.csv
Runtime budget baseline,Dang,PyVRP,kroA150_gen3_m3,3,2500,15.560033299999304,15.310033299999304,150272,1627.0,2726.0,40.315480557593546,13178.802804526844,30,15.319460599996091,0.2405727000032129,True,True,2,05_runtime_budget_baselines/raw_runs.csv
Runtime budget baseline,Dang,PyVRP,kroA200_gen1_m4,0,2500,14.933187174999148,14.683187174999148,136207,71.0,81.0,12.345679012345679,14368.145316536098,71,14.698014200002945,0.2351729749962032,True,True,2,05_runtime_budget_baselines/raw_runs.csv
Runtime budget baseline,Dang,PyVRP,kroA200_gen1_m4,1,2500,14.933187174999148,14.683187174999148,180777,62.0,81.0,23.45679012345679,13434.052276875298,62,14.696854200003145,0.236332974996003,True,True,2,05_runtime_budget_baselines/raw_runs.csv
Runtime budget baseline,Dang,PyVRP,kroA200_gen1_m4,2,2500,14.933187174999148,14.683187174999148,160398,43.0,81.0,46.91358024691358,13424.70848229763,43,14.696386799994798,0.2368003750043499,True,True,2,05_runtime_budget_baselines/raw_runs.csv
Runtime budget baseline,Dang,PyVRP,kroA200_gen1_m4,3,2500,14.933187174999148,14.683187174999148,133592,60.0,81.0,25.925925925925927,14227.320341267572,60,14.696697699997458,0.2364894750016901,True,True,2,05_runtime_budget_baselines/raw_runs.csv
Runtime budget baseline,Dang,PyVRP,kroB200_gen1_m2,0,2500,25.80506442500064,25.55506442500064,253275,52.0,111.0,53.153153153153156,14696.787768703824,52,25.569855000001557,0.2352094249990841,True,True,2,05_runtime_budget_baselines/raw_runs.csv
Runtime budget baseline,Dang,PyVRP,kroB200_gen1_m2,1,2500,25.80506442500064,25.55506442500064,181337,78.0,111.0,29.72972972972973,14698.513908681927,78,25.56946159999643,0.2356028250042072,True,True,2,05_runtime_budget_baselines/raw_runs.csv
Runtime budget baseline,Dang,PyVRP,kroB200_gen1_m2,2,2500,25.80506442500064,25.55506442500064,233511,78.0,111.0,29.72972972972973,14599.39828049677,78,25.568620199999717,0.2364442250009233,True,True,2,05_runtime_budget_baselines/raw_runs.csv
Runtime budget baseline,Dang,PyVRP,kroB200_gen1_m2,3,2500,25.80506442500064,25.55506442500064,271283,38.0,111.0,65.76576576576576,12908.072106498365,38,25.568356299998413,0.2367081250022238,True,True,2,05_runtime_budget_baselines/raw_runs.csv
Runtime budget baseline,Dang,PyVRP,kroB200_gen2_m2,0,2500,39.10328715000014,38.85328715000014,182548,5759.0,6185.0,6.887631366208569,14715.498512453743,84,38.86783699999796,0.2354501500021797,True,True,2,05_runtime_budget_baselines/raw_runs.csv
Runtime budget baseline,Dang,PyVRP,kroB200_gen2_m2,1,2500,39.10328715000014,38.85328715000014,152117,5830.0,6185.0,5.739692805173807,14702.793861919205,89,38.8683677999943,0.234919350005839,True,True,2,05_runtime_budget_baselines/raw_runs.csv
Runtime budget baseline,Dang,PyVRP,kroB200_gen2_m2,2,2500,39.10328715000014,38.85328715000014,158350,5808.0,6185.0,6.095392077607114,14714.984049222145,89,38.86867419999908,0.2346129500010647,True,True,2,05_runtime_budget_baselines/raw_runs.csv
Runtime budget baseline,Dang,PyVRP,kroB200_gen2_m2,3,2500,39.10328715000014,38.85328715000014,162586,5709.0,6185.0,7.696038803556993,14711.42341968348,88,38.86754610000207,0.2357410499980687,True,True,2,05_runtime_budget_baselines/raw_runs.csv
Runtime budget baseline,Dang,PyVRP,kroB200_gen2_m4,0,2500,20.763080400000035,20.513080400000035,133755,4071.0,4944.0,17.65776699029126,14650.80360984986,68,20.52737000000343,0.2357103999966057,True,True,2,05_runtime_budget_baselines/raw_runs.csv
Runtime budget baseline,Dang,PyVRP,kroB200_gen2_m4,1,2500,20.763080400000035,20.513080400000035,121054,4264.0,4944.0,13.754045307443366,14629.381966194142,71,20.527278199995635,0.2358022000044002,True,True,2,05_runtime_budget_baselines/raw_runs.csv
Runtime budget baseline,Dang,PyVRP,kroB200_gen2_m4,2,2500,20.763080400000035,20.513080400000035,147753,4182.0,4944.0,15.412621359223301,14564.983922354846,65,20.526952200001688,0.2361281999983475,True,True,2,05_runtime_budget_baselines/raw_runs.csv
Runtime budget baseline,Dang,PyVRP,kroB200_gen2_m4,3,2500,20.763080400000035,20.513080400000035,123989,4330.0,4944.0,12.419093851132686,14547.60791846112,71,20.527916399994865,0.2351640000051702,True,True,2,05_runtime_budget_baselines/raw_runs.csv
Runtime budget baseline,Dang,PyVRP,kroB200_gen3_m2,0,2500,24.35206290000133,24.10206290000133,174261,3991.0,4765.0,16.243441762854143,14668.66988576031,54,24.117498100000372,0.2345648000009532,True,True,2,05_runtime_budget_baselines/raw_runs.csv
Runtime budget baseline,Dang,PyVRP,kroB200_gen3_m2,1,2500,24.35206290000133,24.10206290000133,161191,3733.0,4765.0,21.657922350472194,14709.681088317444,51,24.11627739999676,0.2357855000045674,True,True,2,05_runtime_budget_baselines/raw_runs.csv
Runtime budget baseline,Dang,PyVRP,kroB200_gen3_m2,2,2500,24.35206290000133,24.10206290000133,150142,3821.0,4765.0,19.811122770199372,14636.754838369354,51,24.116674899996724,0.2353880000046047,True,True,2,05_runtime_budget_baselines/raw_runs.csv
Runtime budget baseline,Dang,PyVRP,kroB200_gen3_m2,3,2500,24.35206290000133,24.10206290000133,156317,3938.0,4765.0,17.355718782791186,14705.452294557374,55,24.116456400006427,0.2356064999949012,True,True,2,05_runtime_budget_baselines/raw_runs.csv
Runtime budget baseline,Dang,PyVRP,kroB200_gen3_m3,0,2500,26.19213524999941,25.94213524999941,462425,995.0,3028.0,67.14002642007927,14194.361564413995,24,25.956336200004444,0.2357990499949664,True,True,2,05_runtime_budget_baselines/raw_runs.csv
Runtime budget baseline,Dang,PyVRP,kroB200_gen3_m3,1,2500,26.19213524999941,25.94213524999941,472972,1178.0,3028.0,61.09643328929987,14006.40185375072,23,25.956283799998342,0.2358514500010642,True,True,2,05_runtime_budget_baselines/raw_runs.csv
Runtime budget baseline,Dang,PyVRP,kroB200_gen3_m3,2,2500,26.19213524999941,25.94213524999941,473181,1167.0,3028.0,61.459709379128135,13775.40639940948,25,25.958009100002528,0.2341261499968823,True,True,2,05_runtime_budget_baselines/raw_runs.csv
Runtime budget baseline,Dang,PyVRP,kroB200_gen3_m3,3,2500,26.19213524999941,25.94213524999941,454270,1380.0,3028.0,54.425363276089826,14629.38181561872,26,25.956550900002185,0.2355843499972252,True,True,2,05_runtime_budget_baselines/raw_runs.csv
Runtime budget baseline,Dang,PyVRP,lin318_gen1_m2,0,2500,60.37813310000092,60.07624243450092,357153,96.0,180.0,46.666666666666664,20947.17344721101,96,60.11032260000502,0.2678104999959032,True,True,2,05_runtime_budget_baselines/raw_runs.csv
Runtime budget baseline,Dang,PyVRP,lin318_gen1_m2,1,2500,60.37813310000092,60.07624243450092,387392,99.0,180.0,45.0,21001.468092391144,99,60.11773090000497,0.2604021999959514,True,True,2,05_runtime_budget_baselines/raw_runs.csv
Runtime budget baseline,Dang,PyVRP,lin318_gen1_m2,2,2500,60.37813310000092,60.07624243450092,379170,93.0,180.0,48.333333333333336,20989.40272083656,93,60.109490700000606,0.2686424000003171,True,True,2,05_runtime_budget_baselines/raw_runs.csv
Runtime budget baseline,Dang,PyVRP,lin318_gen1_m2,3,2500,60.37813310000092,60.07624243450092,357953,104.0,180.0,42.22222222222222,20992.110144907783,104,60.11043300000165,0.2677000999992742,True,True,2,05_runtime_budget_baselines/raw_runs.csv
Runtime budget baseline,Dang,PyVRP,lin318_gen1_m3,0,2500,43.1556224499991,42.9056224499991,240049,93.0,149.0,37.58389261744966,20913.84517701321,93,42.93939610000234,0.2162263499967593,True,True,2,05_runtime_budget_baselines/raw_runs.csv
Runtime budget baseline,Dang,PyVRP,lin318_gen1_m3,1,2500,43.1556224499991,42.9056224499991,256401,82.0,149.0,44.966442953020135,18957.96873965439,82,42.93942819999938,0.2161942499997167,True,True,2,05_runtime_budget_baselines/raw_runs.csv
Runtime budget baseline,Dang,PyVRP,lin318_gen1_m3,2,2500,43.1556224499991,42.9056224499991,304209,100.0,149.0,32.88590604026846,20876.522746179748,100,42.93958259999636,0.216039850002744,True,True,2,05_runtime_budget_baselines/raw_runs.csv
Runtime budget baseline,Dang,PyVRP,lin318_gen1_m3,3,2500,43.1556224499991,42.9056224499991,277140,83.0,149.0,44.29530201342282,20838.07944855688,83,42.93811570000253,0.2175067499965735,True,True,2,05_runtime_budget_baselines/raw_runs.csv
Runtime budget baseline,Dang,PyVRP,lin318_gen2_m2,0,2500,100.76384979999966,100.26003055099966,437955,8406.0,9544.0,11.923721709974853,21028.794580388403,129,100.29756840000482,0.4662813999948412,True,True,2,05_runtime_budget_baselines/raw_runs.csv
Runtime budget baseline,Dang,PyVRP,lin318_gen2_m2,1,2500,100.76384979999966,100.26003055099966,376548,8695.0,9544.0,8.895641240569992,21037.0186823202,138,100.29722059999769,0.4666292000019894,True,True,2,05_runtime_budget_baselines/raw_runs.csv
Runtime budget baseline,Dang,PyVRP,lin318_gen2_m2,2,2500,100.76384979999966,100.26003055099966,380757,8575.0,9544.0,10.152975691533948,21040.922289140144,141,100.29597359999752,0.4678762000021379,True,True,2,05_runtime_budget_baselines/raw_runs.csv
Runtime budget baseline,Dang,PyVRP,lin318_gen2_m2,3,2500,100.76384979999966,100.26003055099966,394742,8453.0,9544.0,11.431265716680636,21034.910447360075,134,100.29574390000198,0.4681058999976812,True,True,2,05_runtime_budget_baselines/raw_runs.csv
Runtime budget baseline,Dang,PyVRP,lin318_gen2_m3,0,2500,53.27196387499953,53.00560405562453,252738,7062.0,7807.0,9.54271807352376,21006.869938956035,121,53.040689700006624,0.2312741749929046,True,True,2,05_runtime_budget_baselines/raw_runs.csv
Runtime budget baseline,Dang,PyVRP,lin318_gen2_m3,1,2500,53.27196387499953,53.00560405562453,247960,6730.0,7807.0,13.795311899577303,21009.368117232007,109,53.04150349999691,0.2304603750026217,True,True,2,05_runtime_budget_baselines/raw_runs.csv
Runtime budget baseline,Dang,PyVRP,lin318_gen2_m3,2,2500,53.27196387499953,53.00560405562453,278880,7131.0,7807.0,8.658895862687332,21009.885402620483,117,53.0418193000005,0.2301445749990307,True,True,2,05_runtime_budget_baselines/raw_runs.csv
Runtime budget baseline,Dang,PyVRP,lin318_gen2_m3,3,2500,53.27196387499953,53.00560405562453,291750,6751.0,7807.0,13.526322531061867,21023.46525934262,115,53.039541799997096,0.2324220750024324,True,True,2,05_runtime_budget_baselines/raw_runs.csv
Runtime budget baseline,Dang,PyVRP,lin318_gen3_m2,0,2500,89.66302797499975,89.21471283512476,601538,4745.0,7936.0,40.209173387096776,21029.03108682217,71,89.25060590000066,0.4124220749990854,True,True,2,05_runtime_budget_baselines/raw_runs.csv
Runtime budget baseline,Dang,PyVRP,lin318_gen3_m2,1,2500,89.66302797499975,89.21471283512476,652540,4968.0,7936.0,37.399193548387096,21035.93016441781,75,89.24991769999906,0.4131102750006903,True,True,2,05_runtime_budget_baselines/raw_runs.csv
Runtime budget baseline,Dang,PyVRP,lin318_gen3_m2,2,2500,89.66302797499975,89.21471283512476,597484,4874.0,7936.0,38.58366935483871,21024.793313681606,74,89.25116610000259,0.4118618749971574,True,True,2,05_runtime_budget_baselines/raw_runs.csv
Runtime budget baseline,Dang,PyVRP,lin318_gen3_m2,3,2500,89.66302797499975,89.21471283512476,657384,4613.0,7936.0,41.87247983870968,21028.16490935372,66,89.24920040000143,0.4138275749983222,True,True,2,05_runtime_budget_baselines/raw_runs.csv
Runtime budget baseline,Dang,PyVRP,lin318_gen3_m4,0,2500,38.06572147499992,37.81572147499992,507449,1486.0,3797.0,60.86383987358441,19789.5248019302,52,37.851257800000894,0.214463674999024,True,True,2,05_runtime_budget_baselines/raw_runs.csv
Runtime budget baseline,Dang,PyVRP,lin318_gen3_m4,1,2500,38.06572147499992,37.81572147499992,529991,1241.0,3797.0,67.31630234395575,20329.03711050658,34,37.8490243999986,0.2166970750013206,True,True,2,05_runtime_budget_baselines/raw_runs.csv
Runtime budget baseline,Dang,PyVRP,lin318_gen3_m4,2,2500,38.06572147499992,37.81572147499992,555852,1338.0,3797.0,64.76165393731894,20155.218025065,35,37.84963220000645,0.2160892749934646,True,True,2,05_runtime_budget_baselines/raw_runs.csv
Runtime budget baseline,Dang,PyVRP,lin318_gen3_m4,3,2500,38.06572147499992,37.81572147499992,481751,1403.0,3797.0,63.04977613905715,20550.51378013027,41,37.84889590000239,0.2168255749975287,True,True,2,05_runtime_budget_baselines/raw_runs.csv
Runtime budget baseline,Dang,PyVRP,pr136_gen1_m2,0,2500,10.491221124999356,10.241221124999356,68554,52.0,63.0,17.46031746031746,48003.70015412643,52,10.24879030000011,0.2424308249992464,True,True,2,05_runtime_budget_baselines/raw_runs.csv
Runtime budget baseline,Dang,PyVRP,pr136_gen1_m2,1,2500,10.491221124999356,10.241221124999356,68666,53.0,63.0,15.873015873015873,47584.56635123374,53,10.24844939999457,0.2427717250047862,True,True,2,05_runtime_budget_baselines/raw_runs.csv
Runtime budget baseline,Dang,PyVRP,pr136_gen1_m2,2,2500,10.491221124999356,10.241221124999356,65645,53.0,63.0,15.873015873015873,48112.16018983802,53,10.248215199993863,0.243005925005491,True,True,2,05_runtime_budget_baselines/raw_runs.csv
Runtime budget baseline,Dang,PyVRP,pr136_gen1_m2,3,2500,10.491221124999356,10.241221124999356,66437,53.0,63.0,15.873015873015873,48169.007145634365,53,10.248404400001164,0.2428167249981925,True,True,2,05_runtime_budget_baselines/raw_runs.csv
Runtime budget baseline,Dang,PyVRP,pr136_gen2_m2,0,2500,13.121088375,12.871088375,65259,3473.0,3646.0,4.744925946242457,48106.95849669053,55,12.878521799997545,0.2425665750024563,True,True,2,05_runtime_budget_baselines/raw_runs.csv
Runtime budget baseline,Dang,PyVRP,pr136_gen2_m2,1,2500,13.121088375,12.871088375,66624,3498.0,3646.0,4.05924300603401,48103.97606160301,58,12.878719100001035,0.2423692749989641,True,True,2,05_runtime_budget_baselines/raw_runs.csv
Runtime budget baseline,Dang,PyVRP,pr136_gen2_m2,2,2500,13.121088375,12.871088375,63539,3438.0,3646.0,5.704882062534284,48203.30543331916,53,12.878145200003928,0.2429431749960713,True,True,2,05_runtime_budget_baselines/raw_runs.csv
Runtime budget baseline,Dang,PyVRP,pr136_gen2_m2,3,2500,13.121088375,12.871088375,62924,3545.0,3646.0,2.7701590784421284,48238.60622991841,56,12.878402000002096,0.242686374997902,True,True,2,05_runtime_budget_baselines/raw_runs.csv
Runtime budget baseline,Dang,PyVRP,pr264_gen1_m4,0,2500,26.488940699999148,26.238940699999148,178748,82.0,107.0,23.364485981308412,24468.00238238012,82,26.26242099999945,0.2265196999996988,True,True,2,05_runtime_budget_baselines/raw_runs.csv
Runtime budget baseline,Dang,PyVRP,pr264_gen1_m4,1,2500,26.488940699999148,26.238940699999148,195395,83.0,107.0,22.429906542056074,24182.901460622717,83,26.26231320000079,0.2266274999983579,True,True,2,05_runtime_budget_baselines/raw_runs.csv
Runtime budget baseline,Dang,PyVRP,pr264_gen1_m4,2,2500,26.488940699999148,26.238940699999148,188786,78.0,107.0,27.102803738317757,24398.332692677468,78,26.261629699998597,0.2273110000005545,True,True,2,05_runtime_budget_baselines/raw_runs.csv
Runtime budget baseline,Dang,PyVRP,pr264_gen1_m4,3,2500,26.488940699999148,26.238940699999148,186687,82.0,107.0,23.364485981308412,24378.43151774044,82,26.26176399999531,0.227176700003838,True,True,2,05_runtime_budget_baselines/raw_runs.csv
Runtime budget baseline,Dang,PyVRP,pr264_gen2_m2,0,2500,65.81034304999957,65.48129133474957,286876,6381.0,6635.0,3.8281838733986437,24453.384057796866,120,65.50738249999995,0.3029605499996251,True,True,2,05_runtime_budget_baselines/raw_runs.csv
Runtime budget baseline,Dang,PyVRP,pr264_gen2_m2,1,2500,65.81034304999957,65.48129133474957,284625,6370.0,6635.0,3.9939713639788996,24546.151883628183,120,65.50610079999751,0.304242250002062,True,True,2,05_runtime_budget_baselines/raw_runs.csv
Runtime budget baseline,Dang,PyVRP,pr264_gen2_m2,2,2500,65.81034304999957,65.48129133474957,290669,6327.0,6635.0,4.642049736247174,24510.48395973336,115,65.5051525999952,0.3051904500043747,True,True,2,05_runtime_budget_baselines/raw_runs.csv
Runtime budget baseline,Dang,PyVRP,pr264_gen2_m2,3,2500,65.81034304999957,65.48129133474957,294886,6285.0,6635.0,5.275056518462698,24518.3515671895,114,65.50468969999929,0.3056533500002842,True,True,2,05_runtime_budget_baselines/raw_runs.csv
Runtime budget baseline,Dang,PyVRP,pr264_gen2_m3,0,2500,37.96189437499925,37.71189437499925,175325,6001.0,6420.0,6.526479750778816,24434.34751029409,105,37.73759539999446,0.2242989750047854,True,True,2,05_runtime_budget_baselines/raw_runs.csv
Runtime budget baseline,Dang,PyVRP,pr264_gen2_m3,1,2500,37.96189437499925,37.71189437499925,166056,5888.0,6420.0,8.286604361370717,24457.458846490525,101,37.73634100000345,0.2255533749957976,True,True,2,05_runtime_budget_baselines/raw_runs.csv
Runtime budget baseline,Dang,PyVRP,pr264_gen2_m3,2,2500,37.96189437499925,37.71189437499925,183973,6002.0,6420.0,6.510903426791277,24426.85352710948,102,37.73605660000612,0.2258377749931241,True,True,2,05_runtime_budget_baselines/raw_runs.csv
Runtime budget baseline,Dang,PyVRP,pr264_gen2_m3,3,2500,37.96189437499925,37.71189437499925,194076,5850.0,6420.0,8.878504672897197,24531.795461523325,101,37.73519440000382,0.2266999749954266,True,True,2,05_runtime_budget_baselines/raw_runs.csv
Runtime budget baseline,Dang,PyVRP,pr264_gen2_m4,0,2500,37.45364742499987,37.20364742499987,205356,5303.0,5584.0,5.032234957020058,24406.58514856819,93,37.22827789999428,0.2253695250055898,True,True,2,05_runtime_budget_baselines/raw_runs.csv
Runtime budget baseline,Dang,PyVRP,pr264_gen2_m4,1,2500,37.45364742499987,37.20364742499987,244116,4940.0,5584.0,11.53295128939828,24393.832566126763,84,37.22911480000039,0.2245326249994832,True,True,2,05_runtime_budget_baselines/raw_runs.csv
Runtime budget baseline,Dang,PyVRP,pr264_gen2_m4,2,2500,37.45364742499987,37.20364742499987,225517,5072.0,5584.0,9.169054441260744,24474.697281253622,92,37.228818399999,0.2248290250008722,True,True,2,05_runtime_budget_baselines/raw_runs.csv
Runtime budget baseline,Dang,PyVRP,pr264_gen2_m4,3,2500,37.45364742499987,37.20364742499987,217503,5131.0,5584.0,8.112464183381089,24516.23838320366,85,37.22741629999655,0.2262311250033235,True,True,2,05_runtime_budget_baselines/raw_runs.csv
Runtime budget baseline,Dang,PyVRP,pr264_gen3_m3,0,2500,42.07617170000049,41.82617170000049,320422,1629.0,2772.0,41.23376623376623,24277.74155116523,71,41.85006350000185,0.2261081999986345,True,True,2,05_runtime_budget_baselines/raw_runs.csv
Runtime budget baseline,Dang,PyVRP,pr264_gen3_m3,1,2500,42.07617170000049,41.82617170000049,332556,1699.0,2772.0,38.708513708513706,24363.59147956885,71,41.84983469999861,0.2263370000018767,True,True,2,05_runtime_budget_baselines/raw_runs.csv
Runtime budget baseline,Dang,PyVRP,pr264_gen3_m3,2,2500,42.07617170000049,41.82617170000049,338040,1505.0,2772.0,45.707070707070706,24065.23869139517,68,41.85102309999638,0.225148600004104,True,True,2,05_runtime_budget_baselines/raw_runs.csv
Runtime budget baseline,Dang,PyVRP,pr264_gen3_m3,3,2500,42.07617170000049,41.82617170000049,290838,1448.0,2772.0,47.76334776334777,23911.18396444896,70,41.84973440000613,0.2264372999943589,True,True,2,05_runtime_budget_baselines/raw_runs.csv
Runtime budget baseline,Dang,PyVRP,pr299_gen1_m2,0,2500,44.85839287500221,44.60839287500221,248400,74.0,139.0,46.76258992805755,24066.562366705577,74,44.63960110000335,0.2187917749988628,True,True,2,05_runtime_budget_baselines/raw_runs.csv
Runtime budget baseline,Dang,PyVRP,pr299_gen1_m2,1,2500,44.85839287500221,44.60839287500221,243309,69.0,139.0,50.35971223021583,24067.204824324035,69,44.6401818000013,0.2182110750009087,True,True,2,05_runtime_budget_baselines/raw_runs.csv
Runtime budget baseline,Dang,PyVRP,pr299_gen1_m2,2,2500,44.85839287500221,44.60839287500221,247694,64.0,139.0,53.9568345323741,24043.292566528264,64,44.64068599999882,0.2177068750033868,True,True,2,05_runtime_budget_baselines/raw_runs.csv
Runtime budget baseline,Dang,PyVRP,pr299_gen1_m2,3,2500,44.85839287500221,44.60839287500221,254685,65.0,139.0,53.23741007194245,22174.65882896097,65,44.63771890000498,0.2206739749972257,True,True,2,05_runtime_budget_baselines/raw_runs.csv
Runtime budget baseline,Dang,PyVRP,pr299_gen1_m3,0,2500,29.867939674999437,29.617939674999437,149476,50.0,111.0,54.95495495495496,21084.597502895085,50,29.650506699996185,0.2174329750032484,True,True,2,05_runtime_budget_baselines/raw_runs.csv
Runtime budget baseline,Dang,PyVRP,pr299_gen1_m3,1,2500,29.867939674999437,29.617939674999437,180118,51.0,111.0,54.054054054054056,22601.194364509487,51,29.648614899997483,0.2193247750019509,True,True,2,05_runtime_budget_baselines/raw_runs.csv
Runtime budget baseline,Dang,PyVRP,pr299_gen1_m3,2,2500,29.867939674999437,29.617939674999437,165206,40.0,111.0,63.96396396396396,22814.41736877115,40,29.64718339999672,0.2207562750027136,True,True,2,05_runtime_budget_baselines/raw_runs.csv
Runtime budget baseline,Dang,PyVRP,pr299_gen1_m3,3,2500,29.867939674999437,29.617939674999437,164270,39.0,111.0,64.86486486486487,22166.37209446883,39,29.64795129999402,0.2199883750054141,True,True,2,05_runtime_budget_baselines/raw_runs.csv
Runtime budget baseline,Dang,PyVRP,pr299_gen1_m4,0,2500,20.673090799999045,20.423090799999045,151258,31.0,84.0,63.095238095238095,22511.085643047896,31,20.45186640000611,0.2212243999929342,True,True,2,05_runtime_budget_baselines/raw_runs.csv
Runtime budget baseline,Dang,PyVRP,pr299_gen1_m4,1,2500,20.673090799999045,20.423090799999045,141339,34.0,84.0,59.523809523809526,22216.890748507787,34,20.452399100002367,0.2206916999966779,True,True,2,05_runtime_budget_baselines/raw_runs.csv
Runtime budget baseline,Dang,PyVRP,pr299_gen1_m4,2,2500,20.673090799999045,20.423090799999045,160131,36.0,84.0,57.142857142857146,22728.24187408451,36,20.45391139999265,0.2191794000063964,True,True,2,05_runtime_budget_baselines/raw_runs.csv
Runtime budget baseline,Dang,PyVRP,pr299_gen1_m4,3,2500,20.673090799999045,20.423090799999045,141773,32.0,84.0,61.904761904761905,22479.11321050579,32,20.45264249999309,0.2204483000059554,True,True,2,05_runtime_budget_baselines/raw_runs.csv
Runtime budget baseline,Dang,PyVRP,pr299_gen2_m3,0,2500,36.89149082499989,36.64149082499989,243152,5515.0,6018.0,8.358258557660353,24047.80323798864,89,36.67941689999134,0.2120739250085535,True,True,2,05_runtime_budget_baselines/raw_runs.csv
Runtime budget baseline,Dang,PyVRP,pr299_gen2_m3,1,2500,36.89149082499989,36.64149082499989,277495,5060.0,6018.0,15.918909936856098,23983.98456734038,83,36.67314610000176,0.2183447249981327,True,True,2,05_runtime_budget_baselines/raw_runs.csv
Runtime budget baseline,Dang,PyVRP,pr299_gen2_m3,2,2500,36.89149082499989,36.64149082499989,256638,4227.0,6018.0,29.76071784646062,24026.38146742529,66,36.67237669999304,0.219114125006854,True,True,2,05_runtime_budget_baselines/raw_runs.csv
Runtime budget baseline,Dang,PyVRP,pr299_gen2_m3,3,2500,36.89149082499989,36.64149082499989,232273,5206.0,6018.0,13.492854769026254,24053.274286859694,84,36.672623200007365,0.2188676249925265,True,True,2,05_runtime_budget_baselines/raw_runs.csv
Runtime budget baseline,Dang,PyVRP,pr299_gen2_m4,0,2500,22.703178775001103,22.453178775001103,204919,3468.0,4457.0,22.189813776082566,24003.419028515786,59,22.4838044999924,0.219374275008704,True,True,2,05_runtime_budget_baselines/raw_runs.csv
Runtime budget baseline,Dang,PyVRP,pr299_gen2_m4,1,2500,22.703178775001103,22.453178775001103,230545,2949.0,4457.0,33.83441776980031,23609.708118294504,51,22.482923100003973,0.2202556749971336,True,True,2,05_runtime_budget_baselines/raw_runs.csv
Runtime budget baseline,Dang,PyVRP,pr299_gen2_m4,2,2500,22.703178775001103,22.453178775001103,199328,3351.0,4457.0,24.81489791339466,23723.222855614564,53,22.48344250000082,0.2197362750002867,True,True,2,05_runtime_budget_baselines/raw_runs.csv
Runtime budget baseline,Dang,PyVRP,pr299_gen2_m4,3,2500,22.703178775001103,22.453178775001103,199214,3006.0,4457.0,32.5555306259816,20360.524774209065,48,22.485644499989576,0.2175342750115305,True,True,2,05_runtime_budget_baselines/raw_runs.csv
Runtime budget baseline,Dang,PyVRP,pr299_gen3_m2,0,2500,81.9937711249986,81.5838022693736,990271,2252.0,5729.0,60.69122010822133,23974.83238666184,37,81.61449510000239,0.3792760249962157,True,True,2,05_runtime_budget_baselines/raw_runs.csv
Runtime budget baseline,Dang,PyVRP,pr299_gen3_m2,1,2500,81.9937711249986,81.5838022693736,972544,2382.0,5729.0,58.42206318729272,23987.777334123,42,81.61591000000772,0.3778611249908863,True,True,2,05_runtime_budget_baselines/raw_runs.csv
Runtime budget baseline,Dang,PyVRP,pr299_gen3_m2,2,2500,81.9937711249986,81.5838022693736,1121228,2199.0,5729.0,61.616337929830685,23892.332884879987,38,81.61493959999643,0.3788315250021696,True,True,2,05_runtime_budget_baselines/raw_runs.csv
Runtime budget baseline,Dang,PyVRP,pr299_gen3_m2,3,2500,81.9937711249986,81.5838022693736,963223,2351.0,5729.0,58.963169837668005,24062.606436950853,40,81.61551799999143,0.378253125007177,True,True,2,05_runtime_budget_baselines/raw_runs.csv
Runtime budget baseline,Dang,PyVRP,pr299_gen3_m3,0,2500,42.186979050000446,41.936979050000446,487073,1379.0,3655.0,62.270861833105336,23952.897783690376,41,41.96678290001,0.2201961499904428,True,True,2,05_runtime_budget_baselines/raw_runs.csv
Runtime budget baseline,Dang,PyVRP,pr299_gen3_m3,1,2500,42.186979050000446,41.936979050000446,472042,1353.0,3655.0,62.982216142270865,22797.189484825358,40,41.96819780000078,0.2187812499996653,True,True,2,05_runtime_budget_baselines/raw_runs.csv
Runtime budget baseline,Dang,PyVRP,pr299_gen3_m3,2,2500,42.186979050000446,41.936979050000446,501950,1247.0,3655.0,65.88235294117646,23130.39977210378,37,41.96716949999973,0.2198095500007184,True,True,2,05_runtime_budget_baselines/raw_runs.csv
Runtime budget baseline,Dang,PyVRP,pr299_gen3_m3,3,2500,42.186979050000446,41.936979050000446,497382,1353.0,3655.0,62.982216142270865,23315.52825673825,37,41.96694879999268,0.2200302500077668,True,True,2,05_runtime_budget_baselines/raw_runs.csv
Runtime budget baseline,Dang,PyVRP,pr299_gen3_m4,0,2500,24.62048084999969,24.37048084999969,266349,1040.0,2268.0,54.14462081128748,23506.00820755794,37,24.40079620000324,0.2196846499964522,True,True,2,05_runtime_budget_baselines/raw_runs.csv
Runtime budget baseline,Dang,PyVRP,pr299_gen3_m4,1,2500,24.62048084999969,24.37048084999969,287086,1009.0,2268.0,55.51146384479718,23756.878006128187,38,24.401372100008302,0.2191087499913919,True,True,2,05_runtime_budget_baselines/raw_runs.csv
Runtime budget baseline,Dang,PyVRP,pr299_gen3_m4,2,2500,24.62048084999969,24.37048084999969,283547,1207.0,2268.0,46.78130511463845,23892.332285768643,43,24.401094900007596,0.2193859499921018,True,True,2,05_runtime_budget_baselines/raw_runs.csv
Runtime budget baseline,Dang,PyVRP,pr299_gen3_m4,3,2500,24.62048084999969,24.37048084999969,321926,931.0,2268.0,58.95061728395062,23516.99136302548,32,24.40071829999215,0.2197625500075446,True,True,2,05_runtime_budget_baselines/raw_runs.csv
Runtime budget baseline,Dang,PyVRP,rat195_gen2_m2,0,2500,25.94742977500209,25.69742977500209,87479,4827.0,5148.0,6.235431235431236,1160.4334929862014,79,25.718217300003744,0.2292124749983486,True,True,2,05_runtime_budget_baselines/raw_runs.csv
Runtime budget baseline,Dang,PyVRP,rat195_gen2_m2,1,2500,25.94742977500209,25.69742977500209,89864,4684.0,5148.0,9.013209013209012,1160.41404404155,71,25.711605099990265,0.2358246750118269,True,True,2,05_runtime_budget_baselines/raw_runs.csv
Runtime budget baseline,Dang,PyVRP,rat195_gen2_m2,2,2500,25.94742977500209,25.69742977500209,94560,4836.0,5148.0,6.0606060606060606,1161.320611617845,78,25.711902099996223,0.2355276750058692,True,True,2,05_runtime_budget_baselines/raw_runs.csv
Runtime budget baseline,Dang,PyVRP,rat195_gen2_m2,3,2500,25.94742977500209,25.69742977500209,93817,4939.0,5148.0,4.05982905982906,1159.31501712482,80,25.71104410001135,0.2363856749907427,True,True,2,05_runtime_budget_baselines/raw_runs.csv
Runtime budget baseline,Dang,PyVRP,rat195_gen3_m3,0,2500,22.23391784999967,21.98391784999967,183500,808.0,2574.0,68.6091686091686,1022.5533039865736,28,21.99754799999937,0.236369850000301,True,True,2,05_runtime_budget_baselines/raw_runs.csv
Runtime budget baseline,Dang,PyVRP,rat195_gen3_m3,1,2500,22.23391784999967,21.98391784999967,274069,1007.0,2574.0,60.878010878010876,1114.9512908713734,29,21.997639400011398,0.2362784499882764,True,True,2,05_runtime_budget_baselines/raw_runs.csv
Runtime budget baseline,Dang,PyVRP,rat195_gen3_m3,2,2500,22.23391784999967,21.98391784999967,250579,958.0,2574.0,62.78166278166278,1154.0463249112834,31,21.99691729999904,0.23700055000063,True,True,2,05_runtime_budget_baselines/raw_runs.csv
Runtime budget baseline,Dang,PyVRP,rat195_gen3_m3,3,2500,22.23391784999967,21.98391784999967,248764,1384.0,2574.0,46.23154623154623,1148.57586766533,38,21.997487100001308,0.2364307499983624,True,True,2,05_runtime_budget_baselines/raw_runs.csv
Runtime budget baseline,Dang,PyVRP,rd400_gen1_m2,0,2500,134.15906689999974,133.48827156549976,631455,154.0,232.0,33.62068965517241,7639.041370189763,154,133.5489232999971,0.6101436000026297,True,True,2,05_runtime_budget_baselines/raw_runs.csv
Runtime budget baseline,Dang,PyVRP,rd400_gen1_m2,1,2500,134.15906689999974,133.48827156549976,597412,167.0,232.0,28.017241379310345,7606.016570939952,167,133.54541299999983,0.6136538999999175,True,True,2,05_runtime_budget_baselines/raw_runs.csv
Runtime budget baseline,Dang,PyVRP,rd400_gen1_m2,2,2500,134.15906689999974,133.48827156549976,663414,158.0,232.0,31.896551724137932,7633.667780356856,158,133.54715249998844,0.611914400011301,True,True,2,05_runtime_budget_baselines/raw_runs.csv
Runtime budget baseline,Dang,PyVRP,rd400_gen1_m2,3,2500,134.15906689999974,133.48827156549976,590132,158.0,232.0,31.896551724137932,7621.411008088764,158,133.54589889998897,0.6131680000107735,True,True,2,05_runtime_budget_baselines/raw_runs.csv
Runtime budget baseline,Dang,PyVRP,rd400_gen1_m3,0,2500,114.18073417499907,113.60983050412408,699647,152.0,224.0,32.142857142857146,7632.589195204593,152,113.67052399998649,0.5102101750126167,True,True,2,05_runtime_budget_baselines/raw_runs.csv
Runtime budget baseline,Dang,PyVRP,rd400_gen1_m3,1,2500,114.18073417499907,113.60983050412408,664274,162.0,224.0,27.678571428571427,7622.341369543072,162,113.66582979999656,0.5149043750025157,True,True,2,05_runtime_budget_baselines/raw_runs.csv
Runtime budget baseline,Dang,PyVRP,rd400_gen1_m3,2,2500,114.18073417499907,113.60983050412408,697506,158.0,224.0,29.464285714285715,7638.924918098022,158,113.66791509999894,0.5128190750001522,True,True,2,05_runtime_budget_baselines/raw_runs.csv
Runtime budget baseline,Dang,PyVRP,rd400_gen1_m3,3,2500,114.18073417499907,113.60983050412408,751722,150.0,224.0,33.035714285714285,7628.049750308088,150,113.66610489999584,0.5146292750032444,True,True,2,05_runtime_budget_baselines/raw_runs.csv
Runtime budget baseline,Dang,PyVRP,rd400_gen1_m4,0,2500,94.98835320000036,94.51341143400036,779342,132.0,213.0,38.028169014084504,7637.9680876253615,132,94.5718221999996,0.4165310000007594,True,True,2,05_runtime_budget_baselines/raw_runs.csv
Runtime budget baseline,Dang,PyVRP,rd400_gen1_m4,1,2500,94.98835320000036,94.51341143400036,551934,145.0,213.0,31.92488262910798,7613.721163486813,145,94.56968179999969,0.4186714000006759,True,True,2,05_runtime_budget_baselines/raw_runs.csv
Runtime budget baseline,Dang,PyVRP,rd400_gen1_m4,2,2500,94.98835320000036,94.51341143400036,644261,127.0,213.0,40.375586854460096,7612.707970332065,127,94.57122379999782,0.4171294000025227,True,True,2,05_runtime_budget_baselines/raw_runs.csv
Runtime budget baseline,Dang,PyVRP,rd400_gen1_m4,3,2500,94.98835320000036,94.51341143400036,704507,149.0,213.0,30.046948356807512,7632.889508879325,149,94.57094920000236,0.4174039999979868,True,True,2,05_runtime_budget_baselines/raw_runs.csv
Runtime budget baseline,Dang,PyVRP,rd400_gen2_m2,0,2500,161.45456469999954,160.64729187649954,522520,10826.0,13045.0,17.01034879264086,7639.986976572,155,160.70913600000495,0.7454286999945907,True,True,2,05_runtime_budget_baselines/raw_runs.csv
Runtime budget baseline,Dang,PyVRP,rd400_gen2_m2,1,2500,161.45456469999954,160.64729187649954,535055,10983.0,13045.0,15.80682253737064,7638.222367670234,164,160.7066546999995,0.7479100000000471,True,True,2,05_runtime_budget_baselines/raw_runs.csv
Runtime budget baseline,Dang,PyVRP,rd400_gen2_m2,2,2500,161.45456469999954,160.64729187649954,524278,10563.0,13045.0,19.026446914526637,7636.098927773184,158,160.70924979999836,0.7453149000011763,True,True,2,05_runtime_budget_baselines/raw_runs.csv
Runtime budget baseline,Dang,PyVRP,rd400_gen2_m2,3,2500,161.45456469999954,160.64729187649954,557847,10207.0,13045.0,21.755461862782674,7626.701869213989,151,160.71104949999426,0.7435152000052767,True,True,2,05_runtime_budget_baselines/raw_runs.csv
Runtime budget baseline,Dang,PyVRP,rd400_gen2_m3,0,2500,130.0322764499997,129.3821150677497,491593,9907.0,12646.0,21.659022615846908,7633.319151932194,146,129.44360330000927,0.5886731499904272,True,True,2,05_runtime_budget_baselines/raw_runs.csv
Runtime budget baseline,Dang,PyVRP,rd400_gen2_m3,1,2500,130.0322764499997,129.3821150677497,497783,9671.0,12646.0,23.525225367705204,7631.645791591811,147,129.44288390000293,0.5893925499967736,True,True,2,05_runtime_budget_baselines/raw_runs.csv
Runtime budget baseline,Dang,PyVRP,rd400_gen2_m3,2,2500,130.0322764499997,129.3821150677497,550922,9885.0,12646.0,21.83299066898624,7628.165107303517,146,129.4428765000048,0.5893999499949132,True,True,2,05_runtime_budget_baselines/raw_runs.csv
Runtime budget baseline,Dang,PyVRP,rd400_gen2_m3,3,2500,130.0322764499997,129.3821150677497,464262,10378.0,12646.0,17.93452475090938,7632.490201375893,160,129.4421366000024,0.5901398499972856,True,True,2,05_runtime_budget_baselines/raw_runs.csv
Runtime budget baseline,Dang,PyVRP,rd400_gen2_m4,0,2500,94.23947462500018,93.7682772518752,443451,9073.0,12032.0,24.59275265957447,7596.100153020076,139,93.8325293000089,0.406945324991284,True,True,2,05_runtime_budget_baselines/raw_runs.csv
Runtime budget baseline,Dang,PyVRP,rd400_gen2_m4,1,2500,94.23947462500018,93.7682772518752,406314,9965.0,12032.0,17.179188829787233,7628.181735656082,150,93.82703969998693,0.4124349250132582,True,True,2,05_runtime_budget_baselines/raw_runs.csv
Runtime budget baseline,Dang,PyVRP,rd400_gen2_m4,2,2500,94.23947462500018,93.7682772518752,356219,9558.0,12032.0,20.56183510638298,7633.887640500373,144,93.8285901000054,0.410884524994799,True,True,2,05_runtime_budget_baselines/raw_runs.csv
Runtime budget baseline,Dang,PyVRP,rd400_gen2_m4,3,2500,94.23947462500018,93.7682772518752,405452,9285.0,12032.0,22.830784574468087,7637.805430892175,137,93.828274399988,0.4112002250121804,True,True,2,05_runtime_budget_baselines/raw_runs.csv
Runtime budget baseline,Dang,PyVRP,rd400_gen3_m2,0,2500,158.46097782500055,157.66867293587555,1195026,8993.0,12431.0,27.656664789638807,7629.305415724471,131,157.73813890000747,0.7228389249930842,True,True,2,05_runtime_budget_baselines/raw_runs.csv
Runtime budget baseline,Dang,PyVRP,rd400_gen3_m2,1,2500,158.46097782500055,157.66867293587555,1170054,8985.0,12431.0,27.721020030568738,7628.576750174652,128,157.7315188999928,0.7294589250077479,True,True,2,05_runtime_budget_baselines/raw_runs.csv
Runtime budget baseline,Dang,PyVRP,rd400_gen3_m2,2,2500,158.46097782500055,157.66867293587555,1210152,9242.0,12431.0,25.653607915694636,7631.860414293194,132,157.73375210000086,0.7272257249996983,True,True,2,05_runtime_budget_baselines/raw_runs.csv
Runtime budget baseline,Dang,PyVRP,rd400_gen3_m2,3,2500,158.46097782500055,157.66867293587555,1297460,8615.0,12431.0,30.69744992357815,7615.983832554555,125,157.73159959999612,0.7293782250044387,True,True,2,05_runtime_budget_baselines/raw_runs.csv
Runtime budget baseline,Dang,PyVRP,rd400_gen3_m3,0,2500,121.5379268250008,120.9302371908758,1085005,8384.0,11639.0,27.966320130595413,7618.468891289031,119,120.99294050000026,0.5449863250005365,True,True,2,05_runtime_budget_baselines/raw_runs.csv
Runtime budget baseline,Dang,PyVRP,rd400_gen3_m3,1,2500,121.5379268250008,120.9302371908758,1111535,8218.0,11639.0,29.39255949823868,7580.736930172043,116,120.98929719999433,0.5486296250064697,True,True,2,05_runtime_budget_baselines/raw_runs.csv
Runtime budget baseline,Dang,PyVRP,rd400_gen3_m3,2,2500,121.5379268250008,120.9302371908758,1089268,8334.0,11639.0,28.3959103015723,7607.290701832288,119,120.98965090001002,0.5482759249907758,True,True,2,05_runtime_budget_baselines/raw_runs.csv
Runtime budget baseline,Dang,PyVRP,rd400_gen3_m3,3,2500,121.5379268250008,120.9302371908758,1100930,8308.0,11639.0,28.61929719048028,7618.509300803491,118,120.98692819999997,0.5509986250008296,True,True,2,05_runtime_budget_baselines/raw_runs.csv
Runtime budget baseline,Dang,PyVRP,rd400_gen3_m4,0,2500,97.38319002499976,96.89627407487475,957305,7365.0,10436.0,29.4269835185895,7622.3891740674735,101,96.95569940000132,0.4274906249984269,True,True,2,05_runtime_budget_baselines/raw_runs.csv
Runtime budget baseline,Dang,PyVRP,rd400_gen3_m4,1,2500,97.38319002499976,96.89627407487475,938294,7511.0,10436.0,28.02798006899195,7611.625273130738,105,96.95577660000708,0.4274134249926646,True,True,2,05_runtime_budget_baselines/raw_runs.csv
Runtime budget baseline,Dang,PyVRP,rd400_gen3_m4,2,2500,97.38319002499976,96.89627407487475,701501,7398.0,10436.0,29.11077041011882,7618.359916999916,104,96.95463039999596,0.4285596250037997,True,True,2,05_runtime_budget_baselines/raw_runs.csv
Runtime budget baseline,Dang,PyVRP,rd400_gen3_m4,3,2500,97.38319002499976,96.89627407487475,902476,7227.0,10436.0,30.749329244921427,7624.054695154968,100,96.955587199991,0.427602825008762,True,True,2,05_runtime_budget_baselines/raw_runs.csv
Runtime budget baseline,Dang,PyVRP,ts225_gen2_m2,0,2500,37.26226475000021,37.01226475000021,193422,5197.0,5859.0,11.298856460146784,63243.00645304209,93,37.0315535000118,0.2307112499884169,True,True,2,05_runtime_budget_baselines/raw_runs.csv
Runtime budget baseline,Dang,PyVRP,ts225_gen2_m2,1,2500,37.26226475000021,37.01226475000021,213903,5522.0,5859.0,5.751834784092849,63229.79501580396,95,37.03170279999904,0.2305619500011744,True,True,2,05_runtime_budget_baselines/raw_runs.csv
Runtime budget baseline,Dang,PyVRP,ts225_gen2_m2,2,2500,37.26226475000021,37.01226475000021,175399,5158.0,5859.0,11.964499061273255,63284.10191622085,92,37.03038009999728,0.2318846500029394,True,True,2,05_runtime_budget_baselines/raw_runs.csv
Runtime budget baseline,Dang,PyVRP,ts225_gen2_m2,3,2500,37.26226475000021,37.01226475000021,216159,5402.0,5859.0,7.799965864481994,63231.2551251462,95,37.030948799991165,0.2313159500090478,True,True,2,05_runtime_budget_baselines/raw_runs.csv
Runtime budget baseline,Dang,VNS,bier127_gen1_m2,0,2500,17.152962350000053,16.902962350000053,5783,99.0,106.0,6.60377358490566,58416.26849342419,99,16.896657600002072,0.2563047499979802,True,True,2,05_runtime_budget_baselines/raw_runs.csv
Runtime budget baseline,Dang,VNS,bier127_gen1_m2,1,2500,17.152962350000053,16.902962350000053,5762,100.0,106.0,5.660377358490566,59039.22204502167,100,16.89659859999665,0.2563637500034019,True,True,2,05_runtime_budget_baselines/raw_runs.csv
Runtime budget baseline,Dang,VNS,bier127_gen1_m2,2,2500,17.152962350000053,16.902962350000053,5959,99.0,106.0,6.60377358490566,58724.06781981341,99,16.894851799996104,0.2581105500039484,True,True,2,05_runtime_budget_baselines/raw_runs.csv
Runtime budget baseline,Dang,VNS,bier127_gen1_m2,3,2500,17.152962350000053,16.902962350000053,5863,100.0,106.0,5.660377358490566,58695.50939143282,100,16.894105899998976,0.2588564500010761,True,True,2,05_runtime_budget_baselines/raw_runs.csv
Runtime budget baseline,Dang,VNS,bier127_gen1_m3,0,2500,14.07591869999942,13.82591869999942,5364,99.0,103.0,3.883495145631068,57047.95200418319,99,13.815865699994902,0.2600530000045182,True,True,2,05_runtime_budget_baselines/raw_runs.csv
Runtime budget baseline,Dang,VNS,bier127_gen1_m3,1,2500,14.07591869999942,13.82591869999942,5202,99.0,103.0,3.883495145631068,56890.61216523692,99,13.816871200004243,0.2590474999951766,True,True,2,05_runtime_budget_baselines/raw_runs.csv
Runtime budget baseline,Dang,VNS,bier127_gen1_m3,2,2500,14.07591869999942,13.82591869999942,5398,99.0,103.0,3.883495145631068,57047.95200418319,99,13.817203999999036,0.2587147000003824,True,True,2,05_runtime_budget_baselines/raw_runs.csv
Runtime budget baseline,Dang,VNS,bier127_gen1_m3,3,2500,14.07591869999942,13.82591869999942,5238,99.0,103.0,3.883495145631068,56547.93543385667,99,13.815630899996904,0.2602878000025157,True,True,2,05_runtime_budget_baselines/raw_runs.csv
Runtime budget baseline,Dang,VNS,bier127_gen2_m2,0,2500,25.534227200000718,25.284227200000718,8857,5201.0,5464.0,4.813323572474378,58382.61414000806,97,25.271811999999045,0.2624152000016693,True,True,2,05_runtime_budget_baselines/raw_runs.csv
Runtime budget baseline,Dang,VNS,bier127_gen2_m2,1,2500,25.534227200000718,25.284227200000718,8801,5201.0,5464.0,4.813323572474378,58382.61414000806,97,25.27321959999972,0.261007600000994,True,True,2,05_runtime_budget_baselines/raw_runs.csv
Runtime budget baseline,Dang,VNS,bier127_gen2_m2,2,2500,25.534227200000718,25.284227200000718,8808,5201.0,5464.0,4.813323572474378,58395.79759599283,97,25.276554999996733,0.2576722000039808,True,True,2,05_runtime_budget_baselines/raw_runs.csv
Runtime budget baseline,Dang,VNS,bier127_gen2_m2,3,2500,25.534227200000718,25.284227200000718,8899,5216.0,5464.0,4.538799414348462,58236.17475335486,95,25.276788499999384,0.2574387000013303,True,True,2,05_runtime_budget_baselines/raw_runs.csv
Runtime budget baseline,Dang,VNS,bier127_gen2_m3,0,2500,16.727191424998637,16.477191424998637,6549,4912.0,5393.0,8.918969033932877,55343.34116810828,93,16.471774199999345,0.2554172249992916,True,True,2,05_runtime_budget_baselines/raw_runs.csv
Runtime budget baseline,Dang,VNS,bier127_gen2_m3,1,2500,16.727191424998637,16.477191424998637,6554,4912.0,5393.0,8.918969033932877,55343.34116810828,93,16.46351819999836,0.2636732250002751,True,True,2,05_runtime_budget_baselines/raw_runs.csv
Runtime budget baseline,Dang,VNS,bier127_gen2_m3,2,2500,16.727191424998637,16.477191424998637,6768,4948.0,5393.0,8.251437048025219,56101.62999569066,91,16.46840979999979,0.2587816249988464,True,True,2,05_runtime_budget_baselines/raw_runs.csv
Runtime budget baseline,Dang,VNS,bier127_gen2_m3,3,2500,16.727191424998637,16.477191424998637,6768,4948.0,5393.0,8.251437048025219,56734.57896191262,91,16.466014300000097,0.2611771249985395,True,True,2,05_runtime_budget_baselines/raw_runs.csv
Runtime budget baseline,Dang,VNS,bier127_gen2_m4,0,2500,16.221627800000533,15.971627800000531,8112,4621.0,5123.0,9.798945930119071,55807.65194260044,84,15.967252900001768,0.2543748999987656,True,True,2,05_runtime_budget_baselines/raw_runs.csv
Runtime budget baseline,Dang,VNS,bier127_gen2_m4,1,2500,16.221627800000533,15.971627800000531,7976,4768.0,5123.0,6.929533476478626,56127.035498902944,86,15.964406200000669,0.2572215999998661,True,True,2,05_runtime_budget_baselines/raw_runs.csv
Runtime budget baseline,Dang,VNS,bier127_gen2_m4,2,2500,16.221627800000533,15.971627800000531,8043,4768.0,5123.0,6.929533476478626,56367.51124483676,86,15.96051830000215,0.2611094999983834,True,True,2,05_runtime_budget_baselines/raw_runs.csv
Runtime budget baseline,Dang,VNS,bier127_gen2_m4,3,2500,16.221627800000533,15.971627800000531,8061,4768.0,5123.0,6.929533476478626,56748.4398273712,86,15.967780300001325,0.2538474999992104,True,True,2,05_runtime_budget_baselines/raw_runs.csv
Runtime budget baseline,Dang,VNS,bier127_gen3_m2,0,2500,29.387025175000417,29.137025175000417,13556,2227.0,2885.0,22.807625649913344,53863.9745300099,84,29.12548799999786,0.2615371750025588,True,True,2,05_runtime_budget_baselines/raw_runs.csv
Runtime budget baseline,Dang,VNS,bier127_gen3_m2,1,2500,29.387025175000417,29.137025175000417,13572,2227.0,2885.0,22.807625649913344,53756.08567018264,84,29.126757699996237,0.2602674750041842,True,True,2,05_runtime_budget_baselines/raw_runs.csv
Runtime budget baseline,Dang,VNS,bier127_gen3_m2,2,2500,29.387025175000417,29.137025175000417,13583,2227.0,2885.0,22.807625649913344,53756.08567018264,84,29.129880699998463,0.2571444750019509,True,True,2,05_runtime_budget_baselines/raw_runs.csv
Runtime budget baseline,Dang,VNS,bier127_gen3_m2,3,2500,29.387025175000417,29.137025175000417,13556,2227.0,2885.0,22.807625649913344,54258.85892901991,84,29.130424900002254,0.2566002749981635,True,True,2,05_runtime_budget_baselines/raw_runs.csv
Runtime budget baseline,Dang,VNS,bier127_gen3_m3,0,2500,24.74875665000036,24.49875665000036,11854,1998.0,2706.0,26.164079822616408,50633.40454899743,86,24.48713380000117,0.2616228499991848,True,True,2,05_runtime_budget_baselines/raw_runs.csv
Runtime budget baseline,Dang,VNS,bier127_gen3_m3,1,2500,24.74875665000036,24.49875665000036,11842,1998.0,2706.0,26.164079822616408,50651.25104978176,86,24.487373600000865,0.2613830499994947,True,True,2,05_runtime_budget_baselines/raw_runs.csv
Runtime budget baseline,Dang,VNS,bier127_gen3_m3,2,2500,24.74875665000036,24.49875665000036,11819,1998.0,2706.0,26.164079822616408,50633.40454899743,86,24.4919172000009,0.256839449999461,True,True,2,05_runtime_budget_baselines/raw_runs.csv
Runtime budget baseline,Dang,VNS,bier127_gen3_m3,3,2500,24.74875665000036,24.49875665000036,11861,1998.0,2706.0,26.164079822616408,50633.40454899743,86,24.493816099995456,0.2549405500049033,True,True,2,05_runtime_budget_baselines/raw_runs.csv
Runtime budget baseline,Dang,VNS,bier127_gen3_m4,0,2500,18.83668509999916,18.58668509999916,9895,1829.0,2402.0,23.85512073272273,51970.36189824452,83,18.57545519999985,0.2612298999993072,True,True,2,05_runtime_budget_baselines/raw_runs.csv
Runtime budget baseline,Dang,VNS,bier127_gen3_m4,1,2500,18.83668509999916,18.58668509999916,9430,1829.0,2402.0,23.85512073272273,51335.61206668085,83,18.580248900005245,0.2564361999939137,True,True,2,05_runtime_budget_baselines/raw_runs.csv
Runtime budget baseline,Dang,VNS,bier127_gen3_m4,2,2500,18.83668509999916,18.58668509999916,9809,1829.0,2402.0,23.85512073272273,52255.60344428945,83,18.579287700005807,0.2573973999933514,True,True,2,05_runtime_budget_baselines/raw_runs.csv
Runtime budget baseline,Dang,VNS,bier127_gen3_m4,3,2500,18.83668509999916,18.58668509999916,9908,1829.0,2402.0,23.85512073272273,51970.36189824452,83,18.580858499997703,0.2558266000014555,True,True,2,05_runtime_budget_baselines/raw_runs.csv
Runtime budget baseline,Dang,VNS,cmt101c_m3,0,2500,9.301131875000465,9.051131875000465,8994,1140.0,1300.0,12.307692307692308,366.677761695449,62,9.047940399999788,0.2531914750006763,True,True,2,05_runtime_budget_baselines/raw_runs.csv
Runtime budget baseline,Dang,VNS,cmt101c_m3,1,2500,9.301131875000465,9.051131875000465,9003,1100.0,1300.0,15.384615384615385,356.1850010113745,61,9.047795600003155,0.2533362749973094,True,True,2,05_runtime_budget_baselines/raw_runs.csv
Runtime budget baseline,Dang,VNS,cmt101c_m3,2,2500,9.301131875000465,9.051131875000465,8832,1100.0,1300.0,15.384615384615385,357.5030486401373,61,9.043137900000149,0.2579939750003177,True,True,2,05_runtime_budget_baselines/raw_runs.csv
Runtime budget baseline,Dang,VNS,cmt101c_m3,3,2500,9.301131875000465,9.051131875000465,8827,1100.0,1300.0,15.384615384615385,357.5030486401373,61,9.042294099999708,0.2588377750007566,True,True,2,05_runtime_budget_baselines/raw_runs.csv
Runtime budget baseline,Dang,VNS,cmt151b_m3,0,2500,15.708839575000638,15.458839575000638,13938,1217.0,1385.0,12.129963898916968,345.29790905593444,66,15.4523571000027,0.2564824749979379,True,True,2,05_runtime_budget_baselines/raw_runs.csv
Runtime budget baseline,Dang,VNS,cmt151b_m3,1,2500,15.708839575000638,15.458839575000638,13879,1176.0,1385.0,15.090252707581227,343.7620609093372,66,15.451621200001682,0.2572183749989563,True,True,2,05_runtime_budget_baselines/raw_runs.csv
Runtime budget baseline,Dang,VNS,cmt151b_m3,2,2500,15.708839575000638,15.458839575000638,13776,1170.0,1385.0,15.52346570397112,337.2129330480983,67,15.454378299997188,0.2544612750034503,True,True,2,05_runtime_budget_baselines/raw_runs.csv
Runtime budget baseline,Dang,VNS,cmt151b_m3,3,2500,15.708839575000638,15.458839575000638,13798,1170.0,1385.0,15.52346570397112,337.2129330480983,67,15.453348299997742,0.2554912750028961,True,True,2,05_runtime_budget_baselines/raw_runs.csv
Runtime budget baseline,Dang,VNS,cmt151c_m2,0,2500,23.293010200000023,23.043010200000023,6258,1897.0,1964.0,3.4114052953156824,524.1323894744736,108,23.03132039999764,0.2616898000023866,True,True,2,05_runtime_budget_baselines/raw_runs.csv
Runtime budget baseline,Dang,VNS,cmt151c_m2,1,2500,23.293010200000023,23.043010200000023,6224,1875.0,1964.0,4.531568228105907,520.9750811801939,108,23.02826520000235,0.2647449999976743,True,True,2,05_runtime_budget_baselines/raw_runs.csv
Runtime budget baseline,Dang,VNS,cmt151c_m2,2,2500,23.293010200000023,23.043010200000023,6352,1870.0,1964.0,4.786150712830957,519.9505596840531,106,23.03159610000148,0.2614140999985466,True,True,2,05_runtime_budget_baselines/raw_runs.csv
Runtime budget baseline,Dang,VNS,cmt151c_m2,3,2500,23.293010200000023,23.043010200000023,6252,1900.0,1964.0,3.258655804480652,523.911876121781,108,23.030601000005845,0.2624091999941811,True,True,2,05_runtime_budget_baselines/raw_runs.csv
Runtime budget baseline,Dang,VNS,cmt151c_m3,0,2500,19.459460425000543,19.209460425000543,5830,1830.0,1916.0,4.488517745302714,521.6222917984256,105,19.19548229999782,0.2639781250027226,True,True,2,05_runtime_budget_baselines/raw_runs.csv
Runtime budget baseline,Dang,VNS,cmt151c_m3,1,2500,19.459460425000543,19.209460425000543,6006,1720.0,1916.0,10.22964509394572,515.5338757855691,102,19.19672659999924,0.2627338250013054,True,True,2,05_runtime_budget_baselines/raw_runs.csv
Runtime budget baseline,Dang,VNS,cmt151c_m3,2,2500,19.459460425000543,19.209460425000543,5890,1802.0,1916.0,5.949895615866389,521.7342758528836,105,19.198344000004,0.2611164249965441,True,True,2,05_runtime_budget_baselines/raw_runs.csv
Runtime budget baseline,Dang,VNS,cmt151c_m3,3,2500,19.459460425000543,19.209460425000543,5912,1830.0,1916.0,4.488517745302714,521.8925930265957,105,19.198255600000262,0.2612048250002772,True,True,2,05_runtime_budget_baselines/raw_runs.csv
Runtime budget baseline,Dang,VNS,cmt151c_m4,0,2500,16.683133199999247,16.433133199999247,6339,1740.0,1880.0,7.446808510638298,512.3449209607322,99,16.427328400000988,0.2558047999982591,True,True,2,05_runtime_budget_baselines/raw_runs.csv
Runtime budget baseline,Dang,VNS,cmt151c_m4,1,2500,16.683133199999247,16.433133199999247,6419,1738.0,1880.0,7.553191489361702,511.03309470814855,98,16.42073160000291,0.2624015999963376,True,True,2,05_runtime_budget_baselines/raw_runs.csv
Runtime budget baseline,Dang,VNS,cmt151c_m4,2,2500,16.683133199999247,16.433133199999247,6597,1706.0,1880.0,9.25531914893617,513.2440989388755,96,16.428285500005586,0.2548476999936611,True,True,2,05_runtime_budget_baselines/raw_runs.csv
Runtime budget baseline,Dang,VNS,cmt151c_m4,3,2500,16.683133199999247,16.433133199999247,6658,1736.0,1880.0,7.659574468085107,512.5159725855929,98,16.42576079999708,0.2573724000021684,True,True,2,05_runtime_budget_baselines/raw_runs.csv
Runtime budget baseline,Dang,VNS,cmt200b_m2,0,2500,39.156233175000125,38.906233175000125,13519,1804.0,2096.0,13.931297709923664,376.1420234627825,98,38.89198719999695,0.2642459750031776,True,True,2,05_runtime_budget_baselines/raw_runs.csv
Runtime budget baseline,Dang,VNS,cmt200b_m2,1,2500,39.156233175000125,38.906233175000125,13484,1804.0,2096.0,13.931297709923664,377.6521949799776,98,38.89558189999661,0.2606512750035108,True,True,2,05_runtime_budget_baselines/raw_runs.csv
Runtime budget baseline,Dang,VNS,cmt200b_m2,2,2500,39.156233175000125,38.906233175000125,13636,1804.0,2096.0,13.931297709923664,377.6521949799776,98,38.89288460000535,0.2633485749947795,True,True,2,05_runtime_budget_baselines/raw_runs.csv
Runtime budget baseline,Dang,VNS,cmt200b_m2,3,2500,39.156233175000125,38.906233175000125,13625,1804.0,2096.0,13.931297709923664,376.1420234627825,98,38.89246970000386,0.2637634749962672,True,True,2,05_runtime_budget_baselines/raw_runs.csv
Runtime budget baseline,Dang,VNS,cmt200b_m3,0,2500,27.987053099999684,27.737053099999684,11243,1708.0,2019.0,15.403665180782566,379.4306284885959,92,27.72375959999772,0.2632935000019643,True,True,2,05_runtime_budget_baselines/raw_runs.csv
Runtime budget baseline,Dang,VNS,cmt200b_m3,1,2500,27.987053099999684,27.737053099999684,11263,1698.0,2019.0,15.898959881129272,375.44197979798,91,27.72776180000073,0.2592912999989494,True,True,2,05_runtime_budget_baselines/raw_runs.csv
Runtime budget baseline,Dang,VNS,cmt200b_m3,2,2500,27.987053099999684,27.737053099999684,11248,1685.0,2019.0,16.54284299157999,371.5142010064658,92,27.72881059999781,0.2582425000018702,True,True,2,05_runtime_budget_baselines/raw_runs.csv
Runtime budget baseline,Dang,VNS,cmt200b_m3,3,2500,27.987053099999684,27.737053099999684,11154,1684.0,2019.0,16.592372461614662,370.9210381305525,92,27.72814400000061,0.2589090999990731,True,True,2,05_runtime_budget_baselines/raw_runs.csv
Runtime budget baseline,Dang,VNS,cmt200b_m4,0,2500,22.954132700000628,22.704132700000628,10955,1533.0,1894.0,19.060190073917635,352.92392148665715,88,22.694923299997757,0.2592094000028737,True,True,2,05_runtime_budget_baselines/raw_runs.csv
Runtime budget baseline,Dang,VNS,cmt200b_m4,1,2500,22.954132700000628,22.704132700000628,10935,1533.0,1894.0,19.060190073917635,352.92392148665715,88,22.69321189999755,0.2609208000030776,True,True,2,05_runtime_budget_baselines/raw_runs.csv
Runtime budget baseline,Dang,VNS,cmt200b_m4,2,2500,22.954132700000628,22.704132700000628,11428,1533.0,1894.0,19.060190073917635,346.9901064318033,88,22.691214900005438,0.2629177999951935,True,True,2,05_runtime_budget_baselines/raw_runs.csv
Runtime budget baseline,Dang,VNS,cmt200b_m4,3,2500,22.954132700000628,22.704132700000628,10988,1533.0,1894.0,19.060190073917635,352.92392148665715,88,22.690826700003527,0.263305999997101,True,True,2,05_runtime_budget_baselines/raw_runs.csv
Runtime budget baseline,Dang,VNS,cmt200c_m2,0,2500,47.57637597499979,47.32637597499979,6788,2494.0,2818.0,11.497515968772179,564.5263955169835,139,47.304053400002886,0.272322574996906,True,True,2,05_runtime_budget_baselines/raw_runs.csv
Runtime budget baseline,Dang,VNS,cmt200c_m2,1,2500,47.57637597499979,47.32637597499979,6935,2464.0,2818.0,12.562100780695529,568.9527022724116,137,47.31442930000048,0.261946674999308,True,True,2,05_runtime_budget_baselines/raw_runs.csv
Runtime budget baseline,Dang,VNS,cmt200c_m2,2,2500,47.57637597499979,47.32637597499979,6856,2491.0,2818.0,11.603974449964515,562.4619004147376,138,47.30163189999439,0.2747440750054011,True,True,2,05_runtime_budget_baselines/raw_runs.csv
Runtime budget baseline,Dang,VNS,cmt200c_m2,3,2500,47.57637597499979,47.32637597499979,6994,2479.0,2818.0,12.029808374733854,562.9050240612564,138,47.30490819999977,0.2714677750000192,True,True,2,05_runtime_budget_baselines/raw_runs.csv
Runtime budget baseline,Dang,VNS,cmt200c_m3,0,2500,36.215110574999926,35.965110574999926,5736,2531.0,2766.0,8.496023138105567,562.2942052698965,139,35.95008989999769,0.2650206750022335,True,True,2,05_runtime_budget_baselines/raw_runs.csv
Runtime budget baseline,Dang,VNS,cmt200c_m3,1,2500,36.215110574999926,35.965110574999926,5587,2530.0,2766.0,8.532176428054953,561.2349053843757,139,35.943025099993974,0.2720854750059516,True,True,2,05_runtime_budget_baselines/raw_runs.csv
Runtime budget baseline,Dang,VNS,cmt200c_m3,2,2500,36.215110574999926,35.965110574999926,5060,2592.0,2766.0,6.290672451193059,563.0502744781418,143,35.943121899996186,0.2719886750037403,True,True,2,05_runtime_budget_baselines/raw_runs.csv
Runtime budget baseline,Dang,VNS,cmt200c_m3,3,2500,36.215110574999926,35.965110574999926,5646,2530.0,2766.0,8.532176428054953,557.782085047407,139,35.940725100001146,0.2743854749987804,True,True,2,05_runtime_budget_baselines/raw_runs.csv
Runtime budget baseline,Dang,VNS,cmt200c_m4,0,2500,32.4448559500006,32.1948559500006,5263,2475.0,2712.0,8.738938053097344,559.4859799508502,138,32.18388920000143,0.2609667499991701,True,True,2,05_runtime_budget_baselines/raw_runs.csv
Runtime budget baseline,Dang,VNS,cmt200c_m4,1,2500,32.4448559500006,32.1948559500006,5243,2475.0,2712.0,8.738938053097344,558.9564885303664,138,32.17818149999948,0.2666744500011191,True,True,2,05_runtime_budget_baselines/raw_runs.csv
Runtime budget baseline,Dang,VNS,cmt200c_m4,2,2500,32.4448559500006,32.1948559500006,5365,2440.0,2712.0,10.029498525073747,553.7190697097662,137,32.17879510000057,0.2660608500000307,True,True,2,05_runtime_budget_baselines/raw_runs.csv
Runtime budget baseline,Dang,VNS,cmt200c_m4,3,2500,32.4448559500006,32.1948559500006,5267,2475.0,2712.0,8.738938053097344,558.9564885303664,138,32.17291729999852,0.2719386500020846,True,True,2,05_runtime_budget_baselines/raw_runs.csv
Runtime budget baseline,Dang,VNS,eil101b_m3,0,2500,7.349109925000448,7.099109925000448,13558,787.0,916.0,14.08296943231441,298.98335004974035,46,7.0976015999985975,0.2515083250018506,True,True,2,05_runtime_budget_baselines/raw_runs.csv
Runtime budget baseline,Dang,VNS,eil101b_m3,1,2500,7.349109925000448,7.099109925000448,13357,813.0,916.0,11.244541484716157,309.8650815965307,47,7.097454100003233,0.2516558249972149,True,True,2,05_runtime_budget_baselines/raw_runs.csv
Runtime budget baseline,Dang,VNS,eil101b_m3,2,2500,7.349109925000448,7.099109925000448,13417,787.0,916.0,14.08296943231441,298.98335004974035,46,7.096150900004432,0.2529590249960165,True,True,2,05_runtime_budget_baselines/raw_runs.csv
Runtime budget baseline,Dang,VNS,eil101b_m3,3,2500,7.349109925000448,7.099109925000448,13418,787.0,916.0,14.08296943231441,298.98335004974035,46,7.09457420000399,0.2545357249964581,True,True,2,05_runtime_budget_baselines/raw_runs.csv
Runtime budget baseline,Dang,VNS,eil101c_m2,0,2500,11.105511849999855,10.855511849999855,7464,1237.0,1305.0,5.210727969348659,463.0567476728592,72,10.845794000000753,0.2597178499991059,True,True,2,05_runtime_budget_baselines/raw_runs.csv
Runtime budget baseline,Dang,VNS,eil101c_m2,1,2500,11.105511849999855,10.855511849999855,7459,1255.0,1305.0,3.8314176245210727,465.6021264267597,72,10.848907699997651,0.2566041500022038,True,True,2,05_runtime_budget_baselines/raw_runs.csv
Runtime budget baseline,Dang,VNS,eil101c_m2,2,2500,11.105511849999855,10.855511849999855,8618,1232.0,1305.0,5.593869731800766,468.0143135652122,70,10.852867599998715,0.2526442500011399,True,True,2,05_runtime_budget_baselines/raw_runs.csv
Runtime budget baseline,Dang,VNS,eil101c_m2,3,2500,11.105511849999855,10.855511849999855,7232,1261.0,1305.0,3.371647509578544,463.1096134151316,73,10.84928200000286,0.2562298499969984,True,True,2,05_runtime_budget_baselines/raw_runs.csv
Runtime budget baseline,Dang,VNS,eil101c_m3,0,2500,9.564464200000655,9.314464200000655,8335,1115.0,1251.0,10.871302957633892,456.52164374191466,67,9.30572409999877,0.2587401000018872,True,True,2,05_runtime_budget_baselines/raw_runs.csv
Runtime budget baseline,Dang,VNS,eil101c_m3,1,2500,9.564464200000655,9.314464200000655,8457,1150.0,1251.0,8.073541167066347,461.8009301967309,66,9.30789260000165,0.2565715999990061,True,True,2,05_runtime_budget_baselines/raw_runs.csv
Runtime budget baseline,Dang,VNS,eil101c_m3,2,2500,9.564464200000655,9.314464200000655,8222,1118.0,1251.0,10.631494804156675,456.98458075109545,68,9.312184300004446,0.2522798999962106,True,True,2,05_runtime_budget_baselines/raw_runs.csv
Runtime budget baseline,Dang,VNS,eil101c_m3,3,2500,9.564464200000655,9.314464200000655,8322,1115.0,1251.0,10.871302957633892,457.137995129752,67,9.31163270000252,0.2528314999981376,True,True,2,05_runtime_budget_baselines/raw_runs.csv
Runtime budget baseline,Dang,VNS,gil262_gen1_m3,0,2500,24.997255774998848,24.747255774998848,15296,79.0,101.0,21.782178217821784,1091.5801347268573,79,24.742349399995877,0.2549063750029745,True,True,2,05_runtime_budget_baselines/raw_runs.csv
Runtime budget baseline,Dang,VNS,gil262_gen1_m3,1,2500,24.997255774998848,24.747255774998848,12612,81.0,101.0,19.801980198019802,1133.6754754508656,81,24.741457199997967,0.2557985750008811,True,True,2,05_runtime_budget_baselines/raw_runs.csv
Runtime budget baseline,Dang,VNS,gil262_gen1_m3,2,2500,24.997255774998848,24.747255774998848,12695,81.0,101.0,19.801980198019802,1133.6754754508656,81,24.735192000000097,0.2620637749987509,True,True,2,05_runtime_budget_baselines/raw_runs.csv
Runtime budget baseline,Dang,VNS,gil262_gen1_m3,3,2500,24.997255774998848,24.747255774998848,12616,81.0,101.0,19.801980198019802,1133.6754754508656,81,24.73852519999491,0.2587305750039377,True,True,2,05_runtime_budget_baselines/raw_runs.csv
Runtime budget baseline,Dang,VNS,gil262_gen1_m4,0,2500,17.904335599999285,17.654335599999285,16481,64.0,78.0,17.94871794871795,1055.3778854887987,64,17.651145700001507,0.2531898999977784,True,True,2,05_runtime_budget_baselines/raw_runs.csv
Runtime budget baseline,Dang,VNS,gil262_gen1_m4,1,2500,17.904335599999285,17.654335599999285,16440,64.0,78.0,17.94871794871795,1046.9220979665402,64,17.651757100000395,0.25257849999889,True,True,2,05_runtime_budget_baselines/raw_runs.csv
Runtime budget baseline,Dang,VNS,gil262_gen1_m4,2,2500,17.904335599999285,17.654335599999285,16420,64.0,78.0,17.94871794871795,1045.7139483655196,64,17.649606999999378,0.2547285999999076,True,True,2,05_runtime_budget_baselines/raw_runs.csv
Runtime budget baseline,Dang,VNS,gil262_gen1_m4,3,2500,17.904335599999285,17.654335599999285,16427,64.0,78.0,17.94871794871795,1036.162202851786,64,17.64866470000561,0.2556708999936745,True,True,2,05_runtime_budget_baselines/raw_runs.csv
Runtime budget baseline,Dang,VNS,gil262_gen2_m2,0,2500,59.76122350000151,59.4624173825015,16726,6055.0,7498.0,19.24513203520939,1169.4964103837217,102,59.450863500002015,0.3103599999994912,True,True,2,05_runtime_budget_baselines/raw_runs.csv
Runtime budget baseline,Dang,VNS,gil262_gen2_m2,1,2500,59.76122350000151,59.4624173825015,16583,6050.0,7498.0,19.311816484395838,1171.876124512862,102,59.44969760000095,0.3115259000005608,True,True,2,05_runtime_budget_baselines/raw_runs.csv
Runtime budget baseline,Dang,VNS,gil262_gen2_m2,2,2500,59.76122350000151,59.4624173825015,16772,5983.0,7498.0,20.205388103494265,1169.6481364959968,102,59.45071189999726,0.3105116000042471,True,True,2,05_runtime_budget_baselines/raw_runs.csv
Runtime budget baseline,Dang,VNS,gil262_gen2_m2,3,2500,59.76122350000151,59.4624173825015,16614,5983.0,7498.0,20.205388103494265,1167.0830648643414,102,59.45034840000153,0.3108750999999756,True,True,2,05_runtime_budget_baselines/raw_runs.csv
Runtime budget baseline,Dang,VNS,gil262_gen2_m3,0,2500,28.07349539999996,27.82349539999996,14099,4820.0,5615.0,14.158504007123776,1165.2737826241091,82,27.81206389999716,0.2614315000028,True,True,2,05_runtime_budget_baselines/raw_runs.csv
Runtime budget baseline,Dang,VNS,gil262_gen2_m3,1,2500,28.07349539999996,27.82349539999996,13861,4811.0,5615.0,14.318788958147818,1153.7131110841458,81,27.815105299996503,0.2583901000034529,True,True,2,05_runtime_budget_baselines/raw_runs.csv
Runtime budget baseline,Dang,VNS,gil262_gen2_m3,2,2500,28.07349539999996,27.82349539999996,14202,4820.0,5615.0,14.158504007123776,1165.2737826241091,82,27.81697290000011,0.2565224999998463,True,True,2,05_runtime_budget_baselines/raw_runs.csv
Runtime budget baseline,Dang,VNS,gil262_gen2_m3,3,2500,28.07349539999996,27.82349539999996,14107,4820.0,5615.0,14.158504007123776,1165.2737826241091,82,27.817176700002165,0.2563186999977915,True,True,2,05_runtime_budget_baselines/raw_runs.csv
Runtime budget baseline,Dang,VNS,gil262_gen3_m2,0,2500,56.32583732499916,56.04420813837416,15517,4180.0,7183.0,41.807044410413475,1130.1650673567303,102,56.03419620000204,0.2916411249971133,True,True,2,05_runtime_budget_baselines/raw_runs.csv
Runtime budget baseline,Dang,VNS,gil262_gen3_m2,1,2500,56.32583732499916,56.04420813837416,15488,4180.0,7183.0,41.807044410413475,1117.3894027622569,102,56.02930810000544,0.2965292249937192,True,True,2,05_runtime_budget_baselines/raw_runs.csv
Runtime budget baseline,Dang,VNS,gil262_gen3_m2,2,2500,56.32583732499916,56.04420813837416,15492,4180.0,7183.0,41.807044410413475,1117.3894027622569,102,56.03028820000327,0.2955491249958868,True,True,2,05_runtime_budget_baselines/raw_runs.csv
Runtime budget baseline,Dang,VNS,gil262_gen3_m2,3,2500,56.32583732499916,56.04420813837416,15366,4180.0,7183.0,41.807044410413475,1114.8243311306012,102,56.03165330000047,0.2941840249986853,True,True,2,05_runtime_budget_baselines/raw_runs.csv
Runtime budget baseline,Dang,VNS,gil262_gen3_m4,0,2500,21.28265452499909,21.03265452499909,18307,2019.0,2507.0,19.465496609493417,1116.3139403236753,67,21.027632299999823,0.2550222249992657,True,True,2,05_runtime_budget_baselines/raw_runs.csv
Runtime budget baseline,Dang,VNS,gil262_gen3_m4,1,2500,21.28265452499909,21.03265452499909,18243,2019.0,2507.0,19.465496609493417,1116.3139403236753,67,21.02800610000122,0.2546484249978675,True,True,2,05_runtime_budget_baselines/raw_runs.csv
Runtime budget baseline,Dang,VNS,gil262_gen3_m4,2,2500,21.28265452499909,21.03265452499909,18322,2019.0,2507.0,19.465496609493417,1103.9893007897767,67,21.02229900000384,0.2603555249952478,True,True,2,05_runtime_budget_baselines/raw_runs.csv
Runtime budget baseline,Dang,VNS,gil262_gen3_m4,3,2500,21.28265452499909,21.03265452499909,18253,2019.0,2507.0,19.465496609493417,1116.3139403236753,67,21.0253217999998,0.2573327249992871,True,True,2,05_runtime_budget_baselines/raw_runs.csv
Runtime budget baseline,Dang,VNS,gil262a_m2,0,2500,22.421170749999877,22.171170749999877,24969,3078.0,4078.0,24.521824423737126,559.7818047424103,59,22.16874180000013,0.2524289499997394,True,True,2,05_runtime_budget_baselines/raw_runs.csv
Runtime budget baseline,Dang,VNS,gil262a_m2,1,2500,22.421170749999877,22.171170749999877,24926,3078.0,4078.0,24.521824423737126,559.7818047424103,59,22.16393850000168,0.2572322499981965,True,True,2,05_runtime_budget_baselines/raw_runs.csv
Runtime budget baseline,Dang,VNS,gil262a_m2,2,2500,22.421170749999877,22.171170749999877,24877,3078.0,4078.0,24.521824423737126,559.7818047424103,59,22.16354280000087,0.257627949999005,True,True,2,05_runtime_budget_baselines/raw_runs.csv
Runtime budget baseline,Dang,VNS,gil262a_m2,3,2500,22.421170749999877,22.171170749999877,24938,3078.0,4078.0,24.521824423737126,559.7818047424103,59,22.16380610000488,0.2573646499949973,True,True,2,05_runtime_budget_baselines/raw_runs.csv
Runtime budget baseline,Dang,VNS,gil262a_m4,0,2500,12.685807675001342,12.435807675001342,21292,2561.0,3175.0,19.338582677165356,547.0700079499128,48,12.433820700003707,0.2519869749976351,True,True,2,05_runtime_budget_baselines/raw_runs.csv
Runtime budget baseline,Dang,VNS,gil262a_m4,1,2500,12.685807675001342,12.435807675001342,21074,2561.0,3175.0,19.338582677165356,550.3874508862198,48,12.433752500000992,0.2520551750003506,True,True,2,05_runtime_budget_baselines/raw_runs.csv
Runtime budget baseline,Dang,VNS,gil262a_m4,2,2500,12.685807675001342,12.435807675001342,21198,2561.0,3175.0,19.338582677165356,547.2975804764563,48,12.43255450000288,0.2532531749984628,True,True,2,05_runtime_budget_baselines/raw_runs.csv
Runtime budget baseline,Dang,VNS,gil262a_m4,3,2500,12.685807675001342,12.435807675001342,21842,2561.0,3175.0,19.338582677165356,547.0700079499128,48,12.432995700000902,0.2528119750004407,True,True,2,05_runtime_budget_baselines/raw_runs.csv
Runtime budget baseline,Dang,VNS,gil262b_m2,0,2500,54.28280810000069,54.01139405950069,14090,5997.0,8081.0,25.788887513921544,1181.584739091435,109,53.99772649999795,0.2850816000027407,True,True,2,05_runtime_budget_baselines/raw_runs.csv
Runtime budget baseline,Dang,VNS,gil262b_m2,1,2500,54.28280810000069,54.01139405950069,12697,6041.0,8081.0,25.24440044548942,1185.687559361905,111,53.9978362000038,0.28497189999689,True,True,2,05_runtime_budget_baselines/raw_runs.csv
Runtime budget baseline,Dang,VNS,gil262b_m2,2,2500,54.28280810000069,54.01139405950069,13739,6005.0,8081.0,25.689889865115703,1179.4822540478342,110,53.9990073999943,0.2838007000063953,True,True,2,05_runtime_budget_baselines/raw_runs.csv
Runtime budget baseline,Dang,VNS,gil262b_m2,3,2500,54.28280810000069,54.01139405950069,12406,6004.0,8081.0,25.702264571216432,1177.956016961059,112,53.99557669999922,0.2872314000014739,True,True,2,05_runtime_budget_baselines/raw_runs.csv
Runtime budget baseline,Dang,VNS,gil262b_m3,0,2500,39.742718599999534,39.492718599999534,11231,5674.0,7585.0,25.194462755438366,1084.1560310169618,108,39.48227680000127,0.2604417999982615,True,True,2,05_runtime_budget_baselines/raw_runs.csv
Runtime budget baseline,Dang,VNS,gil262b_m3,1,2500,39.742718599999534,39.492718599999534,11032,5675.0,7585.0,25.181278839815427,1087.6240949583164,109,39.4807859000066,0.2619326999929399,True,True,2,05_runtime_budget_baselines/raw_runs.csv
Runtime budget baseline,Dang,VNS,gil262b_m3,2,2500,39.742718599999534,39.492718599999534,10023,5715.0,7585.0,24.653922214897825,1120.103613549135,111,39.48307740000018,0.2596411999993506,True,True,2,05_runtime_budget_baselines/raw_runs.csv
Runtime budget baseline,Dang,VNS,gil262b_m3,3,2500,39.742718599999534,39.492718599999534,11266,5674.0,7585.0,25.194462755438366,1107.2430263231106,108,39.48185160000139,0.260866999998143,True,True,2,05_runtime_budget_baselines/raw_runs.csv
Runtime budget baseline,Dang,VNS,gil262b_m4,0,2500,31.320743649999716,31.070743649999716,9397,5509.0,6781.0,18.758295236690753,1111.2522874291542,104,31.060197300001164,0.260546349998549,True,True,2,05_runtime_budget_baselines/raw_runs.csv
Runtime budget baseline,Dang,VNS,gil262b_m4,1,2500,31.320743649999716,31.070743649999716,9366,5600.0,6781.0,17.41631027871995,1160.301548906024,104,31.05566660000477,0.2650770499949431,True,True,2,05_runtime_budget_baselines/raw_runs.csv
Runtime budget baseline,Dang,VNS,gil262b_m4,2,2500,31.320743649999716,31.070743649999716,9653,5489.0,6781.0,19.053236985695325,1105.08554204563,102,31.060447099996964,0.2602965500027494,True,True,2,05_runtime_budget_baselines/raw_runs.csv
Runtime budget baseline,Dang,VNS,gil262b_m4,3,2500,31.320743649999716,31.070743649999716,9587,5489.0,6781.0,19.053236985695325,1105.08554204563,102,31.063398499994943,0.2573451500047667,True,True,2,05_runtime_budget_baselines/raw_runs.csv
Runtime budget baseline,Dang,VNS,gil262c_m2,0,2500,71.7763644000006,71.4174825780006,5084,10432.0,11030.0,5.42157751586582,1773.201582676602,180,71.37470680000115,0.4016575999994529,True,True,2,05_runtime_budget_baselines/raw_runs.csv
Runtime budget baseline,Dang,VNS,gil262c_m2,1,2500,71.7763644000006,71.4174825780006,5246,10681.0,11030.0,3.1640979147778787,1778.7173882863913,178,71.38679260000208,0.3895717999985209,True,True,2,05_runtime_budget_baselines/raw_runs.csv
Runtime budget baseline,Dang,VNS,gil262c_m2,2,2500,71.7763644000006,71.4174825780006,5099,10626.0,11030.0,3.662737987307344,1782.4082368199706,179,71.38526450000063,0.3910998999999719,True,True,2,05_runtime_budget_baselines/raw_runs.csv
Runtime budget baseline,Dang,VNS,gil262c_m2,3,2500,71.7763644000006,71.4174825780006,5158,10604.0,11030.0,3.8621940163191297,1772.2823746306544,177,71.37770509999973,0.3986593000008724,True,True,2,05_runtime_budget_baselines/raw_runs.csv
Runtime budget baseline,Dang,VNS,gil262c_m3,0,2500,54.2995010249997,54.0280035198747,5010,9083.0,10757.0,15.561959654178674,1769.797870417597,166,53.99951609999698,0.2999849250027182,True,True,2,05_runtime_budget_baselines/raw_runs.csv
Runtime budget baseline,Dang,VNS,gil262c_m3,1,2500,54.2995010249997,54.0280035198747,4976,9683.0,10757.0,9.984196337268756,1759.9594572886194,167,53.99257679999573,0.3069242250039679,True,True,2,05_runtime_budget_baselines/raw_runs.csv
Runtime budget baseline,Dang,VNS,gil262c_m3,2,2500,54.2995010249997,54.0280035198747,5029,9739.0,10757.0,9.463605094357163,1772.7232956169605,166,54.00597660000494,0.2935244249947573,True,True,2,05_runtime_budget_baselines/raw_runs.csv
Runtime budget baseline,Dang,VNS,gil262c_m3,3,2500,54.2995010249997,54.0280035198747,4989,9772.0,10757.0,9.156828111927117,1778.734952707813,170,53.99544159999641,0.3040594250032882,True,True,2,05_runtime_budget_baselines/raw_runs.csv
Runtime budget baseline,Dang,VNS,gil262c_m4,0,2500,46.53385975000037,46.28385975000037,5980,7940.0,10281.0,22.77015854488863,1748.660535128629,150,46.26229369999783,0.2715660500025478,True,True,2,05_runtime_budget_baselines/raw_runs.csv
Runtime budget baseline,Dang,VNS,gil262c_m4,1,2500,46.53385975000037,46.28385975000037,6047,8032.0,10281.0,21.875303958758877,1774.178659531694,150,46.26713920000475,0.2667205499956253,True,True,2,05_runtime_budget_baselines/raw_runs.csv
Runtime budget baseline,Dang,VNS,gil262c_m4,2,2500,46.53385975000037,46.28385975000037,6040,8054.0,10281.0,21.661316992510457,1765.06489932848,149,46.2674621000042,0.2663976499961791,True,True,2,05_runtime_budget_baselines/raw_runs.csv
Runtime budget baseline,Dang,VNS,gil262c_m4,3,2500,46.53385975000037,46.28385975000037,6007,7868.0,10281.0,23.470479525338003,1760.9086581975837,150,46.25732349999453,0.2765362500058472,True,True,2,05_runtime_budget_baselines/raw_runs.csv
Runtime budget baseline,Dang,VNS,gr229_gen1_m4,0,2500,33.247639100001834,32.997639100001834,2205,220.0,223.0,1.345291479820628,1670.070119063897,220,32.963579199997184,0.2840599000046495,True,True,2,05_runtime_budget_baselines/raw_runs.csv
Runtime budget baseline,Dang,VNS,gr229_gen1_m4,1,2500,33.247639100001834,32.997639100001834,2109,219.0,223.0,1.7937219730941705,1556.7462097657944,219,32.951324299996486,0.2963148000053479,True,True,2,05_runtime_budget_baselines/raw_runs.csv
Runtime budget baseline,Dang,VNS,gr229_gen1_m4,2,2500,33.247639100001834,32.997639100001834,2172,220.0,223.0,1.345291479820628,1554.973253662638,220,32.94926560000022,0.2983735000016168,True,True,2,05_runtime_budget_baselines/raw_runs.csv
Runtime budget baseline,Dang,VNS,gr229_gen1_m4,3,2500,33.247639100001834,32.997639100001834,2202,220.0,223.0,1.345291479820628,1595.482339102981,220,32.95880880000186,0.2888302999999723,True,True,2,05_runtime_budget_baselines/raw_runs.csv
Runtime budget baseline,Dang,VNS,gr229_gen2_m3,0,2500,27.48922107499948,27.23922107499948,1660,11120.0,11566.0,3.856130036313332,1396.161080878891,220,27.2059586999967,0.2832623750027778,True,True,2,05_runtime_budget_baselines/raw_runs.csv
Runtime budget baseline,Dang,VNS,gr229_gen2_m3,1,2500,27.48922107499948,27.23922107499948,1639,11120.0,11566.0,3.856130036313332,1391.473265922583,220,27.221318200005044,0.2679028749944336,True,True,2,05_runtime_budget_baselines/raw_runs.csv
Runtime budget baseline,Dang,VNS,gr229_gen2_m3,2,2500,27.48922107499948,27.23922107499948,1648,11120.0,11566.0,3.856130036313332,1393.1874085789825,220,27.19639879999886,0.2928222750006171,True,True,2,05_runtime_budget_baselines/raw_runs.csv
Runtime budget baseline,Dang,VNS,gr229_gen2_m3,3,2500,27.48922107499948,27.23922107499948,1602,11120.0,11566.0,3.856130036313332,1414.472962415833,220,27.18680360000144,0.3024174749980375,True,True,2,05_runtime_budget_baselines/raw_runs.csv
Runtime budget baseline,Dang,VNS,gr229_gen2_m4,0,2500,43.4268879250003,43.1768879250003,2853,11120.0,11355.0,2.0695728753852927,1535.738965768328,220,43.12346519999846,0.3034227250018375,True,True,2,05_runtime_budget_baselines/raw_runs.csv
Runtime budget baseline,Dang,VNS,gr229_gen2_m4,1,2500,43.4268879250003,43.1768879250003,2876,11120.0,11355.0,2.0695728753852927,1607.959990066796,220,43.14848920000077,0.2783987249995334,True,True,2,05_runtime_budget_baselines/raw_runs.csv
Runtime budget baseline,Dang,VNS,gr229_gen2_m4,2,2500,43.4268879250003,43.1768879250003,2968,11120.0,11355.0,2.0695728753852927,1602.6777435683327,220,43.13423070000135,0.2926572249989476,True,True,2,05_runtime_budget_baselines/raw_runs.csv
Runtime budget baseline,Dang,VNS,gr229_gen2_m4,3,2500,43.4268879250003,43.1768879250003,2832,11120.0,11355.0,2.0695728753852927,1557.0262450744735,220,43.13300940000045,0.2938785249998545,True,True,2,05_runtime_budget_baselines/raw_runs.csv
Runtime budget baseline,Dang,VNS,gr229_gen3_m3,0,2500,26.590247125000133,26.340247125000133,1565,7355.0,8056.0,8.701588877855015,1376.7236057811183,220,26.299204900002223,0.2910422249979092,True,True,2,05_runtime_budget_baselines/raw_runs.csv
Runtime budget baseline,Dang,VNS,gr229_gen3_m3,1,2500,26.590247125000133,26.340247125000133,1547,7355.0,8056.0,8.701588877855015,1370.205073400945,220,26.2947748000006,0.2954723249995368,True,True,2,05_runtime_budget_baselines/raw_runs.csv
Runtime budget baseline,Dang,VNS,gr229_gen3_m3,2,2500,26.590247125000133,26.340247125000133,1546,7355.0,8056.0,8.701588877855015,1365.229198961346,220,26.297155000000203,0.2930921249999301,True,True,2,05_runtime_budget_baselines/raw_runs.csv
Runtime budget baseline,Dang,VNS,gr229_gen3_m3,3,2500,26.590247125000133,26.340247125000133,1556,7355.0,8056.0,8.701588877855015,1373.1157557426377,220,26.29496089999884,0.2952862250012913,True,True,2,05_runtime_budget_baselines/raw_runs.csv
Runtime budget baseline,Dang,VNS,gr229_gen3_m4,0,2500,54.309092349999446,54.03754688824945,3146,7042.0,7651.0,7.959743824336688,1569.3707289404251,216,53.9828303999966,0.3262619500028449,True,True,2,05_runtime_budget_baselines/raw_runs.csv
Runtime budget baseline,Dang,VNS,gr229_gen3_m4,1,2500,54.309092349999446,54.03754688824945,3110,7042.0,7651.0,7.959743824336688,1542.7822234885757,216,53.99851499999932,0.3105773500001305,True,True,2,05_runtime_budget_baselines/raw_runs.csv
Runtime budget baseline,Dang,VNS,gr229_gen3_m4,2,2500,54.309092349999446,54.03754688824945,3583,7355.0,7651.0,3.868775323487126,1579.2337473307307,220,53.99748369999725,0.3116086500021993,True,True,2,05_runtime_budget_baselines/raw_runs.csv
Runtime budget baseline,Dang,VNS,gr229_gen3_m4,3,2500,54.309092349999446,54.03754688824945,3046,6968.0,7651.0,8.92693765520847,1504.1188114567894,215,53.98499799999991,0.324094349999541,True,True,2,05_runtime_budget_baselines/raw_runs.csv
Runtime budget baseline,Dang,VNS,kroA150_gen2_m2,0,2500,23.57265989999996,23.32265989999996,19315,3671.0,4335.0,15.317185697808535,12715.113760741897,67,23.314792000004672,0.2578678999952899,True,True,2,05_runtime_budget_baselines/raw_runs.csv
Runtime budget baseline,Dang,VNS,kroA150_gen2_m2,1,2500,23.57265989999996,23.32265989999996,19298,3671.0,4335.0,15.317185697808535,12715.113760741897,67,23.31471779999993,0.2579421000000366,True,True,2,05_runtime_budget_baselines/raw_runs.csv
Runtime budget baseline,Dang,VNS,kroA150_gen2_m2,2,2500,23.57265989999996,23.32265989999996,19232,3671.0,4335.0,15.317185697808535,12715.113760741897,67,23.312262600004036,0.2603972999959296,True,True,2,05_runtime_budget_baselines/raw_runs.csv
Runtime budget baseline,Dang,VNS,kroA150_gen2_m2,3,2500,23.57265989999996,23.32265989999996,19184,3671.0,4335.0,15.317185697808535,12715.113760741897,67,23.3162147999974,0.2564451000025656,True,True,2,05_runtime_budget_baselines/raw_runs.csv
Runtime budget baseline,Dang,VNS,kroA150_gen3_m3,0,2500,15.560033299999304,15.310033299999304,19629,2079.0,2726.0,23.734409391049155,12692.264128121624,58,15.302950299999791,0.2570829999995112,True,True,2,05_runtime_budget_baselines/raw_runs.csv
Runtime budget baseline,Dang,VNS,kroA150_gen3_m3,1,2500,15.560033299999304,15.310033299999304,19561,2079.0,2726.0,23.734409391049155,12692.264128121624,58,15.303498799999945,0.2565344999993613,True,True,2,05_runtime_budget_baselines/raw_runs.csv
Runtime budget baseline,Dang,VNS,kroA150_gen3_m3,2,2500,15.560033299999304,15.310033299999304,19489,2079.0,2726.0,23.734409391049155,12728.999213276838,58,15.307177900001989,0.2528553999973155,True,True,2,05_runtime_budget_baselines/raw_runs.csv
Runtime budget baseline,Dang,VNS,kroA150_gen3_m3,3,2500,15.560033299999304,15.310033299999304,19613,2079.0,2726.0,23.734409391049155,12692.264128121624,58,15.30446060000395,0.2555726999953549,True,True,2,05_runtime_budget_baselines/raw_runs.csv
Runtime budget baseline,Dang,VNS,kroA200_gen1_m4,0,2500,14.933187174999148,14.683187174999148,13785,63.0,81.0,22.22222222222222,12958.490902582442,63,14.679393400001572,0.2537937749975754,True,True,2,05_runtime_budget_baselines/raw_runs.csv
Runtime budget baseline,Dang,VNS,kroA200_gen1_m4,1,2500,14.933187174999148,14.683187174999148,13809,63.0,81.0,22.22222222222222,13276.070146393677,63,14.679776699995273,0.253410475003875,True,True,2,05_runtime_budget_baselines/raw_runs.csv
Runtime budget baseline,Dang,VNS,kroA200_gen1_m4,2,2500,14.933187174999148,14.683187174999148,13680,63.0,81.0,22.22222222222222,12871.245085586186,63,14.679420300002676,0.2537668749964723,True,True,2,05_runtime_budget_baselines/raw_runs.csv
Runtime budget baseline,Dang,VNS,kroA200_gen1_m4,3,2500,14.933187174999148,14.683187174999148,13678,63.0,81.0,22.22222222222222,12871.245085586186,63,14.678678199998105,0.2545089750010447,True,True,2,05_runtime_budget_baselines/raw_runs.csv
Runtime budget baseline,Dang,VNS,kroB200_gen1_m2,0,2500,25.80506442500064,25.55506442500064,12559,81.0,111.0,27.027027027027028,13534.331591341108,81,25.548541199998,0.2565232250026383,True,True,2,05_runtime_budget_baselines/raw_runs.csv
Runtime budget baseline,Dang,VNS,kroB200_gen1_m2,1,2500,25.80506442500064,25.55506442500064,12590,81.0,111.0,27.027027027027028,13534.331591341108,81,25.54943849999836,0.2556259250022776,True,True,2,05_runtime_budget_baselines/raw_runs.csv
Runtime budget baseline,Dang,VNS,kroB200_gen1_m2,2,2500,25.80506442500064,25.55506442500064,12548,81.0,111.0,27.027027027027028,13443.100139435544,81,25.548206499996013,0.2568579250046241,True,True,2,05_runtime_budget_baselines/raw_runs.csv
Runtime budget baseline,Dang,VNS,kroB200_gen1_m2,3,2500,25.80506442500064,25.55506442500064,12532,81.0,111.0,27.027027027027028,13534.331591341108,81,25.547382700002345,0.2576817249982923,True,True,2,05_runtime_budget_baselines/raw_runs.csv
Runtime budget baseline,Dang,VNS,kroB200_gen2_m2,0,2500,39.10328715000014,38.85328715000014,23435,4628.0,6185.0,25.17380759902991,13600.877774345165,77,38.84464769999613,0.2586394500040114,True,True,2,05_runtime_budget_baselines/raw_runs.csv
Runtime budget baseline,Dang,VNS,kroB200_gen2_m2,1,2500,39.10328715000014,38.85328715000014,23480,4629.0,6185.0,25.157639450282943,13702.20708340859,77,38.84488930000225,0.2583978499978911,True,True,2,05_runtime_budget_baselines/raw_runs.csv
Runtime budget baseline,Dang,VNS,kroB200_gen2_m2,2,2500,39.10328715000014,38.85328715000014,22993,4663.0,6185.0,24.607922392886014,13609.612931427691,78,38.84696659999463,0.2563205500055119,True,True,2,05_runtime_budget_baselines/raw_runs.csv
Runtime budget baseline,Dang,VNS,kroB200_gen2_m2,3,2500,39.10328715000014,38.85328715000014,23289,4626.0,6185.0,25.206143896523848,13491.742743994244,77,38.84455889999663,0.2587282500035144,True,True,2,05_runtime_budget_baselines/raw_runs.csv
Runtime budget baseline,Dang,VNS,kroB200_gen2_m4,0,2500,20.763080400000035,20.513080400000035,17841,4002.0,4944.0,19.053398058252426,13329.148061797036,68,20.504268700002285,0.2588116999977501,True,True,2,05_runtime_budget_baselines/raw_runs.csv
Runtime budget baseline,Dang,VNS,kroB200_gen2_m4,1,2500,20.763080400000035,20.513080400000035,17749,4002.0,4944.0,19.053398058252426,13329.148061797036,68,20.503008699997736,0.2600717000022996,True,True,2,05_runtime_budget_baselines/raw_runs.csv
Runtime budget baseline,Dang,VNS,kroB200_gen2_m4,2,2500,20.763080400000035,20.513080400000035,17833,4002.0,4944.0,19.053398058252426,13329.148061797036,68,20.50753110000369,0.2555492999963462,True,True,2,05_runtime_budget_baselines/raw_runs.csv
Runtime budget baseline,Dang,VNS,kroB200_gen2_m4,3,2500,20.763080400000035,20.513080400000035,17828,4002.0,4944.0,19.053398058252426,13329.148061797036,68,20.509087600003117,0.2539927999969222,True,True,2,05_runtime_budget_baselines/raw_runs.csv
Runtime budget baseline,Dang,VNS,kroB200_gen3_m2,0,2500,24.35206290000133,24.10206290000133,10963,2995.0,4765.0,37.14585519412382,13511.696285131206,86,24.09382639999967,0.258236500001658,True,True,2,05_runtime_budget_baselines/raw_runs.csv
Runtime budget baseline,Dang,VNS,kroB200_gen3_m2,1,2500,24.35206290000133,24.10206290000133,10981,2995.0,4765.0,37.14585519412382,13511.696285131206,86,24.09775079999963,0.2543121000016981,True,True,2,05_runtime_budget_baselines/raw_runs.csv
Runtime budget baseline,Dang,VNS,kroB200_gen3_m2,2,2500,24.35206290000133,24.10206290000133,10995,2995.0,4765.0,37.14585519412382,13511.696285131206,86,24.092913899999985,0.2591490000013436,True,True,2,05_runtime_budget_baselines/raw_runs.csv
Runtime budget baseline,Dang,VNS,kroB200_gen3_m2,3,2500,24.35206290000133,24.10206290000133,10919,2995.0,4765.0,37.14585519412382,13511.696285131206,86,24.092224899999565,0.2598380000017641,True,True,2,05_runtime_budget_baselines/raw_runs.csv
Runtime budget baseline,Dang,VNS,kroB200_gen3_m3,0,2500,26.19213524999941,25.94213524999941,17652,2326.0,3028.0,23.18361955085865,13141.03853582061,75,25.93754900000204,0.2545862499973736,True,True,2,05_runtime_budget_baselines/raw_runs.csv
Runtime budget baseline,Dang,VNS,kroB200_gen3_m3,1,2500,26.19213524999941,25.94213524999941,17602,2326.0,3028.0,23.18361955085865,13165.63321186217,75,25.933602500001143,0.2585327499982668,True,True,2,05_runtime_budget_baselines/raw_runs.csv
Runtime budget baseline,Dang,VNS,kroB200_gen3_m3,2,2500,26.19213524999941,25.94213524999941,17613,2326.0,3028.0,23.18361955085865,13165.63321186217,75,25.93205619999935,0.2600790500000585,True,True,2,05_runtime_budget_baselines/raw_runs.csv
Runtime budget baseline,Dang,VNS,kroB200_gen3_m3,3,2500,26.19213524999941,25.94213524999941,17590,2326.0,3028.0,23.18361955085865,13165.63321186217,75,25.93358179999632,0.2585534500030917,True,True,2,05_runtime_budget_baselines/raw_runs.csv
Runtime budget baseline,Dang,VNS,lin318_gen1_m2,0,2500,60.37813310000092,60.07624243450092,6541,151.0,180.0,16.11111111111111,20558.488528855,151,60.05264599999646,0.3254871000044659,True,True,2,05_runtime_budget_baselines/raw_runs.csv
Runtime budget baseline,Dang,VNS,lin318_gen1_m2,1,2500,60.37813310000092,60.07624243450092,6422,151.0,180.0,16.11111111111111,20574.430232268267,151,60.05181579999771,0.3263173000032111,True,True,2,05_runtime_budget_baselines/raw_runs.csv
Runtime budget baseline,Dang,VNS,lin318_gen1_m2,2,2500,60.37813310000092,60.07624243450092,6364,151.0,180.0,16.11111111111111,20598.41270002797,151,60.03573970000434,0.3423933999965811,True,True,2,05_runtime_budget_baselines/raw_runs.csv
Runtime budget baseline,Dang,VNS,lin318_gen1_m2,3,2500,60.37813310000092,60.07624243450092,6375,151.0,180.0,16.11111111111111,20582.4709966147,151,60.04333809999662,0.3347950000043056,True,True,2,05_runtime_budget_baselines/raw_runs.csv
Runtime budget baseline,Dang,VNS,lin318_gen1_m3,0,2500,43.1556224499991,42.9056224499991,8404,123.0,149.0,17.449664429530202,20597.127640832197,123,42.89019710000139,0.265425349997713,True,True,2,05_runtime_budget_baselines/raw_runs.csv
Runtime budget baseline,Dang,VNS,lin318_gen1_m3,1,2500,43.1556224499991,42.9056224499991,8699,121.0,149.0,18.79194630872483,19704.982331564068,121,42.89588060000096,0.2597418499981359,True,True,2,05_runtime_budget_baselines/raw_runs.csv
Runtime budget baseline,Dang,VNS,lin318_gen1_m3,2,2500,43.1556224499991,42.9056224499991,8619,121.0,149.0,18.79194630872483,20033.340623538108,121,42.89535239999532,0.2602700500037826,True,True,2,05_runtime_budget_baselines/raw_runs.csv
Runtime budget baseline,Dang,VNS,lin318_gen1_m3,3,2500,43.1556224499991,42.9056224499991,8386,123.0,149.0,17.449664429530202,20597.127640832197,123,42.88709309999831,0.2685293500007901,True,True,2,05_runtime_budget_baselines/raw_runs.csv
Runtime budget baseline,Dang,VNS,lin318_gen2_m2,0,2500,100.76384979999966,100.26003055099966,12080,7594.0,9544.0,20.431684828164293,19570.20613671811,142,100.23269949999668,0.5311503000029916,True,True,2,05_runtime_budget_baselines/raw_runs.csv
Runtime budget baseline,Dang,VNS,lin318_gen2_m2,1,2500,100.76384979999966,100.26003055099966,11988,7594.0,9544.0,20.431684828164293,19570.20613671811,142,100.22970599999826,0.5341438000014023,True,True,2,05_runtime_budget_baselines/raw_runs.csv
Runtime budget baseline,Dang,VNS,lin318_gen2_m2,2,2500,100.76384979999966,100.26003055099966,12155,7594.0,9544.0,20.431684828164293,19571.567057423686,142,100.24202449999576,0.5218253000039113,True,True,2,05_runtime_budget_baselines/raw_runs.csv
Runtime budget baseline,Dang,VNS,lin318_gen2_m2,3,2500,100.76384979999966,100.26003055099966,12114,7594.0,9544.0,20.431684828164293,19571.567057423686,142,100.2375624999986,0.5262873000010586,True,True,2,05_runtime_budget_baselines/raw_runs.csv
Runtime budget baseline,Dang,VNS,lin318_gen2_m3,0,2500,53.27196387499953,53.00560405562453,12041,6089.0,7807.0,22.005892148072242,19290.84447214745,115,52.98655239999789,0.2854114750016379,True,True,2,05_runtime_budget_baselines/raw_runs.csv
Runtime budget baseline,Dang,VNS,lin318_gen2_m3,1,2500,53.27196387499953,53.00560405562453,11957,6089.0,7807.0,22.005892148072242,19290.84447214745,115,52.99245240000164,0.2795114749978893,True,True,2,05_runtime_budget_baselines/raw_runs.csv
Runtime budget baseline,Dang,VNS,lin318_gen2_m3,2,2500,53.27196387499953,53.00560405562453,12460,6133.0,7807.0,21.442295375944664,19547.87614656051,116,52.99492330000066,0.277040574998864,True,True,2,05_runtime_budget_baselines/raw_runs.csv
Runtime budget baseline,Dang,VNS,lin318_gen2_m3,3,2500,53.27196387499953,53.00560405562453,12400,6133.0,7807.0,21.442295375944664,19654.347075112117,116,52.99069409999356,0.2812697750059669,True,True,2,05_runtime_budget_baselines/raw_runs.csv
Runtime budget baseline,Dang,VNS,lin318_gen3_m2,0,2500,89.66302797499975,89.21471283512476,10764,5012.0,7936.0,36.84475806451613,19260.29200978528,144,89.18935809999675,0.4736698750029973,True,True,2,05_runtime_budget_baselines/raw_runs.csv
Runtime budget baseline,Dang,VNS,lin318_gen3_m2,1,2500,89.66302797499975,89.21471283512476,10709,5012.0,7936.0,36.84475806451613,19244.35030637201,144,89.19883249999839,0.464195475001361,True,True,2,05_runtime_budget_baselines/raw_runs.csv
Runtime budget baseline,Dang,VNS,lin318_gen3_m2,2,2500,89.66302797499975,89.21471283512476,10802,5012.0,7936.0,36.84475806451613,19244.93610797767,144,89.18788050000148,0.4751474749982662,True,True,2,05_runtime_budget_baselines/raw_runs.csv
Runtime budget baseline,Dang,VNS,lin318_gen3_m2,3,2500,89.66302797499975,89.21471283512476,10685,5012.0,7936.0,36.84475806451613,19228.9944045644,144,89.19168040000659,0.4713475749931604,True,True,2,05_runtime_budget_baselines/raw_runs.csv
Runtime budget baseline,Dang,VNS,lin318_gen3_m4,0,2500,38.06572147499992,37.81572147499992,11584,2810.0,3797.0,25.99420595206742,18693.94790029758,101,37.8061452999973,0.2595761750026213,True,True,2,05_runtime_budget_baselines/raw_runs.csv
Runtime budget baseline,Dang,VNS,lin318_gen3_m4,1,2500,38.06572147499992,37.81572147499992,11533,2810.0,3797.0,25.99420595206742,18628.874596764414,101,37.80167020000226,0.2640512749976551,True,True,2,05_runtime_budget_baselines/raw_runs.csv
Runtime budget baseline,Dang,VNS,lin318_gen3_m4,2,2500,38.06572147499992,37.81572147499992,11631,2810.0,3797.0,25.99420595206742,18701.425770751302,101,37.801402700002654,0.2643187749972639,True,True,2,05_runtime_budget_baselines/raw_runs.csv
Runtime budget baseline,Dang,VNS,lin318_gen3_m4,3,2500,38.06572147499992,37.81572147499992,11590,2810.0,3797.0,25.99420595206742,18628.874596764414,101,37.80203120000078,0.263690274999135,True,True,2,05_runtime_budget_baselines/raw_runs.csv
Runtime budget baseline,Dang,VNS,pr136_gen1_m2,0,2500,10.491221124999356,10.241221124999356,16021,50.0,63.0,20.634920634920636,41103.74068955406,50,10.23892799999885,0.2522931250005058,True,True,2,05_runtime_budget_baselines/raw_runs.csv
Runtime budget baseline,Dang,VNS,pr136_gen1_m2,1,2500,10.491221124999356,10.241221124999356,16333,50.0,63.0,20.634920634920636,40969.90523424258,50,10.23867109999992,0.2525500249994366,True,True,2,05_runtime_budget_baselines/raw_runs.csv
Runtime budget baseline,Dang,VNS,pr136_gen1_m2,2,2500,10.491221124999356,10.241221124999356,14450,51.0,63.0,19.047619047619047,47352.63128469889,51,10.23802280000382,0.2531983249955374,True,True,2,05_runtime_budget_baselines/raw_runs.csv
Runtime budget baseline,Dang,VNS,pr136_gen1_m2,3,2500,10.491221124999356,10.241221124999356,14726,51.0,63.0,19.047619047619047,47918.65896101213,51,10.238664199998311,0.2525569250010449,True,True,2,05_runtime_budget_baselines/raw_runs.csv
Runtime budget baseline,Dang,VNS,pr136_gen2_m2,0,2500,13.121088375,12.871088375,17416,3013.0,3646.0,17.361492046077892,46903.82295705693,52,12.869230100004645,0.2518582749953566,True,True,2,05_runtime_budget_baselines/raw_runs.csv
Runtime budget baseline,Dang,VNS,pr136_gen2_m2,1,2500,13.121088375,12.871088375,17484,3101.0,3646.0,14.947888096544158,48266.806372210296,52,12.868526600002951,0.2525617749970479,True,True,2,05_runtime_budget_baselines/raw_runs.csv
Runtime budget baseline,Dang,VNS,pr136_gen2_m2,2,2500,13.121088375,12.871088375,17447,3009.0,3646.0,17.471201316511245,46494.01998226928,51,12.867350499996974,0.2537378750030257,True,True,2,05_runtime_budget_baselines/raw_runs.csv
Runtime budget baseline,Dang,VNS,pr136_gen2_m2,3,2500,13.121088375,12.871088375,17307,3101.0,3646.0,14.947888096544158,48266.806372210296,52,12.865609000000404,0.2554793749995951,True,True,2,05_runtime_budget_baselines/raw_runs.csv
Runtime budget baseline,Dang,VNS,pr264_gen1_m4,0,2500,26.488940699999148,26.238940699999148,10025,99.0,107.0,7.4766355140186915,21966.561230295072,99,26.22873729999992,0.2602033999992272,True,True,2,05_runtime_budget_baselines/raw_runs.csv
Runtime budget baseline,Dang,VNS,pr264_gen1_m4,1,2500,26.488940699999148,26.238940699999148,12790,89.0,107.0,16.822429906542055,21058.89202702015,89,26.232396500003237,0.2565441999959148,True,True,2,05_runtime_budget_baselines/raw_runs.csv
Runtime budget baseline,Dang,VNS,pr264_gen1_m4,2,2500,26.488940699999148,26.238940699999148,9968,99.0,107.0,7.4766355140186915,23676.40124813994,99,26.23175230000197,0.257188399997176,True,True,2,05_runtime_budget_baselines/raw_runs.csv
Runtime budget baseline,Dang,VNS,pr264_gen1_m4,3,2500,26.488940699999148,26.238940699999148,10053,98.0,107.0,8.411214953271028,22778.019545743653,98,26.22545540000283,0.2634852999963186,True,True,2,05_runtime_budget_baselines/raw_runs.csv
Runtime budget baseline,Dang,VNS,pr264_gen2_m2,0,2500,65.81034304999957,65.48129133474957,17186,5576.0,6635.0,15.960813865862848,21700.672432200965,107,65.47163700000237,0.3387060499971994,True,True,2,05_runtime_budget_baselines/raw_runs.csv
Runtime budget baseline,Dang,VNS,pr264_gen2_m2,1,2500,65.81034304999957,65.48129133474957,17011,5583.0,6635.0,15.855312735493595,21717.828589957957,108,65.46680900000501,0.3435340499945596,True,True,2,05_runtime_budget_baselines/raw_runs.csv
Runtime budget baseline,Dang,VNS,pr264_gen2_m2,2,2500,65.81034304999957,65.48129133474957,16936,5583.0,6635.0,15.855312735493595,21717.828589957957,108,65.46567540000251,0.3446676499970635,True,True,2,05_runtime_budget_baselines/raw_runs.csv
Runtime budget baseline,Dang,VNS,pr264_gen2_m2,3,2500,65.81034304999957,65.48129133474957,16880,5583.0,6635.0,15.855312735493595,21754.66441825818,108,65.46841920000588,0.3419238499936909,True,True,2,05_runtime_budget_baselines/raw_runs.csv
Runtime budget baseline,Dang,VNS,pr264_gen2_m3,0,2500,37.96189437499925,37.71189437499925,10730,5646.0,6420.0,12.05607476635514,21164.35945257423,108,37.701882600005774,0.2600117749934725,True,True,2,05_runtime_budget_baselines/raw_runs.csv
Runtime budget baseline,Dang,VNS,pr264_gen2_m3,1,2500,37.96189437499925,37.71189437499925,10672,5646.0,6420.0,12.05607476635514,20947.741995244178,108,37.69706389999919,0.2648304750000534,True,True,2,05_runtime_budget_baselines/raw_runs.csv
Runtime budget baseline,Dang,VNS,pr264_gen2_m3,2,2500,37.96189437499925,37.71189437499925,10677,5646.0,6420.0,12.05607476635514,20947.741995244178,108,37.69743800000288,0.2644563749963708,True,True,2,05_runtime_budget_baselines/raw_runs.csv
Runtime budget baseline,Dang,VNS,pr264_gen2_m3,3,2500,37.96189437499925,37.71189437499925,10596,5646.0,6420.0,12.05607476635514,20947.741995244178,108,37.70461359999899,0.2572807750002539,True,True,2,05_runtime_budget_baselines/raw_runs.csv
Runtime budget baseline,Dang,VNS,pr264_gen2_m4,0,2500,37.45364742499987,37.20364742499987,17718,4641.0,5584.0,16.88753581661891,20579.099556980997,87,37.19577009999921,0.2578773250006634,True,True,2,05_runtime_budget_baselines/raw_runs.csv
Runtime budget baseline,Dang,VNS,pr264_gen2_m4,1,2500,37.45364742499987,37.20364742499987,17694,4641.0,5584.0,16.88753581661891,20133.92712896121,87,37.1959169000038,0.2577305249960773,True,True,2,05_runtime_budget_baselines/raw_runs.csv
Runtime budget baseline,Dang,VNS,pr264_gen2_m4,2,2500,37.45364742499987,37.20364742499987,17594,4641.0,5584.0,16.88753581661891,20869.578996185664,87,37.191703500000585,0.2619439249992865,True,True,2,05_runtime_budget_baselines/raw_runs.csv
Runtime budget baseline,Dang,VNS,pr264_gen2_m4,3,2500,37.45364742499987,37.20364742499987,17572,4641.0,5584.0,16.88753581661891,19942.288088426365,87,37.1948349000013,0.2588125249985751,True,True,2,05_runtime_budget_baselines/raw_runs.csv
Runtime budget baseline,Dang,VNS,pr264_gen3_m3,0,2500,42.07617170000049,41.82617170000049,12447,2004.0,2772.0,27.705627705627705,20945.6944691827,103,41.8141672999991,0.2620044000013877,True,True,2,05_runtime_budget_baselines/raw_runs.csv
Runtime budget baseline,Dang,VNS,pr264_gen3_m3,1,2500,42.07617170000049,41.82617170000049,12415,2004.0,2772.0,27.705627705627705,21669.94847738971,103,41.817327299999306,0.2588444000011805,True,True,2,05_runtime_budget_baselines/raw_runs.csv
Runtime budget baseline,Dang,VNS,pr264_gen3_m3,2,2500,42.07617170000049,41.82617170000049,12355,2004.0,2772.0,27.705627705627705,21038.850664321144,103,41.81205339999724,0.264118300003247,True,True,2,05_runtime_budget_baselines/raw_runs.csv
Runtime budget baseline,Dang,VNS,pr264_gen3_m3,3,2500,42.07617170000049,41.82617170000049,12414,2004.0,2772.0,27.705627705627705,21523.25355088829,103,41.81388929999957,0.2622824000009132,True,True,2,05_runtime_budget_baselines/raw_runs.csv
Runtime budget baseline,Dang,VNS,pr299_gen1_m2,0,2500,44.85839287500221,44.60839287500221,9584,114.0,139.0,17.985611510791365,21823.701242943604,114,44.59807790000923,0.2603149749929798,True,True,2,05_runtime_budget_baselines/raw_runs.csv
Runtime budget baseline,Dang,VNS,pr299_gen1_m2,1,2500,44.85839287500221,44.60839287500221,9542,114.0,139.0,17.985611510791365,21823.701242943604,114,44.59470659999352,0.2636862750086948,True,True,2,05_runtime_budget_baselines/raw_runs.csv
Runtime budget baseline,Dang,VNS,pr299_gen1_m2,2,2500,44.85839287500221,44.60839287500221,9516,114.0,139.0,17.985611510791365,21823.701242943604,114,44.59323389999918,0.2651589750030325,True,True,2,05_runtime_budget_baselines/raw_runs.csv
Runtime budget baseline,Dang,VNS,pr299_gen1_m2,3,2500,44.85839287500221,44.60839287500221,9511,114.0,139.0,17.985611510791365,21823.701242943604,114,44.59037980000721,0.2680130749949967,True,True,2,05_runtime_budget_baselines/raw_runs.csv
Runtime budget baseline,Dang,VNS,pr299_gen1_m3,0,2500,29.867939674999437,29.617939674999437,10849,98.0,111.0,11.711711711711711,22171.449807186586,98,29.611461899999995,0.2564777749994391,True,True,2,05_runtime_budget_baselines/raw_runs.csv
Runtime budget baseline,Dang,VNS,pr299_gen1_m3,1,2500,29.867939674999437,29.617939674999437,10904,98.0,111.0,11.711711711711711,22251.77535621632,98,29.609268500003964,0.2586711749954702,True,True,2,05_runtime_budget_baselines/raw_runs.csv
Runtime budget baseline,Dang,VNS,pr299_gen1_m3,2,2500,29.867939674999437,29.617939674999437,10414,99.0,111.0,10.81081081081081,22443.913013681227,99,29.607795100004296,0.2601445749951381,True,True,2,05_runtime_budget_baselines/raw_runs.csv
Runtime budget baseline,Dang,VNS,pr299_gen1_m3,3,2500,29.867939674999437,29.617939674999437,10045,98.0,111.0,11.711711711711711,22171.449807186586,98,29.609288499996183,0.2586511750032514,True,True,2,05_runtime_budget_baselines/raw_runs.csv
Runtime budget baseline,Dang,VNS,pr299_gen1_m4,0,2500,20.673090799999045,20.423090799999045,17741,66.0,84.0,21.428571428571427,21862.825992403017,66,20.418802200001664,0.2542885999973805,True,True,2,05_runtime_budget_baselines/raw_runs.csv
Runtime budget baseline,Dang,VNS,pr299_gen1_m4,1,2500,20.673090799999045,20.423090799999045,17758,66.0,84.0,21.428571428571427,21862.825992403017,66,20.41860060000909,0.2544901999899593,True,True,2,05_runtime_budget_baselines/raw_runs.csv
Runtime budget baseline,Dang,VNS,pr299_gen1_m4,2,2500,20.673090799999045,20.423090799999045,17642,66.0,84.0,21.428571428571427,21796.00986816076,66,20.415125900006387,0.2579648999926576,True,True,2,05_runtime_budget_baselines/raw_runs.csv
Runtime budget baseline,Dang,VNS,pr299_gen1_m4,3,2500,20.673090799999045,20.423090799999045,17664,66.0,84.0,21.428571428571427,21796.00986816076,66,20.4195985999977,0.2534922000013466,True,True,2,05_runtime_budget_baselines/raw_runs.csv
Runtime budget baseline,Dang,VNS,pr299_gen2_m3,0,2500,36.89149082499989,36.64149082499989,15061,5067.0,6018.0,15.80259222333001,22526.33708438497,92,36.63347860000795,0.2580122249919441,True,True,2,05_runtime_budget_baselines/raw_runs.csv
Runtime budget baseline,Dang,VNS,pr299_gen2_m3,1,2500,36.89149082499989,36.64149082499989,14655,5081.0,6018.0,15.569956796277832,22831.92866374892,91,36.63428519999434,0.2572056250055539,True,True,2,05_runtime_budget_baselines/raw_runs.csv
Runtime budget baseline,Dang,VNS,pr299_gen2_m3,2,2500,36.89149082499989,36.64149082499989,14332,5067.0,6018.0,15.80259222333001,22713.7304012071,92,36.63553949999914,0.2559513250007512,True,True,2,05_runtime_budget_baselines/raw_runs.csv
Runtime budget baseline,Dang,VNS,pr299_gen2_m3,3,2500,36.89149082499989,36.64149082499989,14457,5081.0,6018.0,15.569956796277832,22912.94358358695,91,36.63056279999728,0.2609280250026131,True,True,2,05_runtime_budget_baselines/raw_runs.csv
Runtime budget baseline,Dang,VNS,pr299_gen2_m4,0,2500,22.703178775001103,22.453178775001103,18825,3561.0,4457.0,20.103208436167826,22301.74333271933,68,22.44635019999987,0.2568285750012364,True,True,2,05_runtime_budget_baselines/raw_runs.csv
Runtime budget baseline,Dang,VNS,pr299_gen2_m4,1,2500,22.703178775001103,22.453178775001103,18872,3561.0,4457.0,20.103208436167826,22130.876345763983,68,22.449003300003824,0.2541754749972824,True,True,2,05_runtime_budget_baselines/raw_runs.csv
Runtime budget baseline,Dang,VNS,pr299_gen2_m4,2,2500,22.703178775001103,22.453178775001103,18806,3561.0,4457.0,20.103208436167826,22301.74333271933,68,22.447890799987363,0.2552879750137435,True,True,2,05_runtime_budget_baselines/raw_runs.csv
Runtime budget baseline,Dang,VNS,pr299_gen2_m4,3,2500,22.703178775001103,22.453178775001103,18771,3561.0,4457.0,20.103208436167826,22301.74333271933,68,22.446506899999804,0.2566718750013024,True,True,2,05_runtime_budget_baselines/raw_runs.csv
Runtime budget baseline,Dang,VNS,pr299_gen3_m2,0,2500,81.9937711249986,81.5838022693736,17833,3532.0,5729.0,38.34875196369349,21853.041109135367,114,81.5719795999903,0.4217915250083024,True,True,2,05_runtime_budget_baselines/raw_runs.csv
Runtime budget baseline,Dang,VNS,pr299_gen3_m2,1,2500,81.9937711249986,81.5838022693736,17764,3532.0,5729.0,38.34875196369349,21853.041109135367,114,81.57253970000602,0.4212314249925839,True,True,2,05_runtime_budget_baselines/raw_runs.csv
Runtime budget baseline,Dang,VNS,pr299_gen3_m2,2,2500,81.9937711249986,81.5838022693736,17670,3532.0,5729.0,38.34875196369349,21853.041109135367,114,81.57191969999985,0.4218514249987493,True,True,2,05_runtime_budget_baselines/raw_runs.csv
Runtime budget baseline,Dang,VNS,pr299_gen3_m2,3,2500,81.9937711249986,81.5838022693736,17583,3532.0,5729.0,38.34875196369349,21853.041109135367,114,81.56448240000464,0.4292887249939667,True,True,2,05_runtime_budget_baselines/raw_runs.csv
Runtime budget baseline,Dang,VNS,pr299_gen3_m3,0,2500,42.186979050000446,41.936979050000446,16166,2607.0,3655.0,28.673050615595074,21514.8507438863,92,41.92651479999768,0.2604642500027694,True,True,2,05_runtime_budget_baselines/raw_runs.csv
Runtime budget baseline,Dang,VNS,pr299_gen3_m3,1,2500,42.186979050000446,41.936979050000446,16119,2607.0,3655.0,28.673050615595074,21518.7810162739,92,41.93038659999729,0.2565924500031542,True,True,2,05_runtime_budget_baselines/raw_runs.csv
Runtime budget baseline,Dang,VNS,pr299_gen3_m3,2,2500,42.186979050000446,41.936979050000446,16187,2607.0,3655.0,28.673050615595074,21518.7810162739,92,41.93028240000422,0.2566966499962291,True,True,2,05_runtime_budget_baselines/raw_runs.csv
Runtime budget baseline,Dang,VNS,pr299_gen3_m3,3,2500,42.186979050000446,41.936979050000446,16169,2607.0,3655.0,28.673050615595074,21514.8507438863,92,41.92783970000164,0.2591393499988044,True,True,2,05_runtime_budget_baselines/raw_runs.csv
Runtime budget baseline,Dang,VNS,pr299_gen3_m4,0,2500,24.62048084999969,24.37048084999969,19665,1627.0,2268.0,28.26278659611993,20477.093565875257,67,24.364652699994625,0.2558281500050725,True,True,2,05_runtime_budget_baselines/raw_runs.csv
Runtime budget baseline,Dang,VNS,pr299_gen3_m4,1,2500,24.62048084999969,24.37048084999969,19707,1627.0,2268.0,28.26278659611993,20477.093565875257,67,24.36339230000158,0.2570885499981159,True,True,2,05_runtime_budget_baselines/raw_runs.csv
Runtime budget baseline,Dang,VNS,pr299_gen3_m4,2,2500,24.62048084999969,24.37048084999969,19794,1627.0,2268.0,28.26278659611993,21782.44891398685,67,24.361825100000715,0.2586557499989794,True,True,2,05_runtime_budget_baselines/raw_runs.csv
Runtime budget baseline,Dang,VNS,pr299_gen3_m4,3,2500,24.62048084999969,24.37048084999969,19674,1627.0,2268.0,28.26278659611993,21782.44891398685,67,24.364478699993924,0.2560021500057701,True,True,2,05_runtime_budget_baselines/raw_runs.csv
Runtime budget baseline,Dang,VNS,rat195_gen2_m2,0,2500,25.94742977500209,25.69742977500209,16801,4262.0,5148.0,17.21056721056721,1153.8899240459114,74,25.68810030000168,0.2593294750004133,True,True,2,05_runtime_budget_baselines/raw_runs.csv
Runtime budget baseline,Dang,VNS,rat195_gen2_m2,1,2500,25.94742977500209,25.69742977500209,16359,4225.0,5148.0,17.92929292929293,1131.0865276013606,75,25.690378699990102,0.2570510750119865,True,True,2,05_runtime_budget_baselines/raw_runs.csv
Runtime budget baseline,Dang,VNS,rat195_gen2_m2,2,2500,25.94742977500209,25.69742977500209,16211,4280.0,5148.0,16.86091686091686,1130.639796421278,76,25.692578699992737,0.2548510750093555,True,True,2,05_runtime_budget_baselines/raw_runs.csv
Runtime budget baseline,Dang,VNS,rat195_gen2_m2,3,2500,25.94742977500209,25.69742977500209,16227,4271.0,5148.0,17.035742035742036,1130.252146620414,76,25.69214530001045,0.2552844749916403,True,True,2,05_runtime_budget_baselines/raw_runs.csv
Runtime budget baseline,Dang,VNS,rat195_gen3_m3,0,2500,22.23391784999967,21.98391784999967,15537,2051.0,2574.0,20.31857031857032,1061.0286698051552,73,21.978813900001114,0.2551039499985563,True,True,2,05_runtime_budget_baselines/raw_runs.csv
Runtime budget baseline,Dang,VNS,rat195_gen3_m3,1,2500,22.23391784999967,21.98391784999967,15503,2051.0,2574.0,20.31857031857032,1061.0286698051552,73,21.971717699998408,0.2622001500012629,True,True,2,05_runtime_budget_baselines/raw_runs.csv
Runtime budget baseline,Dang,VNS,rat195_gen3_m3,2,2500,22.23391784999967,21.98391784999967,15499,2051.0,2574.0,20.31857031857032,1061.0286698051552,73,21.98034110000299,0.2535767499966823,True,True,2,05_runtime_budget_baselines/raw_runs.csv
Runtime budget baseline,Dang,VNS,rat195_gen3_m3,3,2500,22.23391784999967,21.98391784999967,15463,2051.0,2574.0,20.31857031857032,1061.0286698051552,73,21.97926130000269,0.2546565499969802,True,True,2,05_runtime_budget_baselines/raw_runs.csv
Runtime budget baseline,Dang,VNS,rd400_gen1_m2,0,2500,134.15906689999974,133.48827156549976,7393,186.0,232.0,19.82758620689655,7632.375446874112,186,133.43707059998997,0.7219963000097778,True,True,2,05_runtime_budget_baselines/raw_runs.csv
Runtime budget baseline,Dang,VNS,rd400_gen1_m2,1,2500,134.15906689999974,133.48827156549976,7267,186.0,232.0,19.82758620689655,7511.630257142947,186,133.4490633999958,0.7100035000039497,True,True,2,05_runtime_budget_baselines/raw_runs.csv
Runtime budget baseline,Dang,VNS,rd400_gen1_m2,2,2500,134.15906689999974,133.48827156549976,7458,185.0,232.0,20.25862068965517,7472.558714689587,185,133.44449650000024,0.7145703999995021,True,True,2,05_runtime_budget_baselines/raw_runs.csv
Runtime budget baseline,Dang,VNS,rd400_gen1_m2,3,2500,134.15906689999974,133.48827156549976,7382,185.0,232.0,20.25862068965517,7466.212969946027,185,133.43114240000432,0.7279244999954244,True,True,2,05_runtime_budget_baselines/raw_runs.csv
Runtime budget baseline,Dang,VNS,rd400_gen1_m3,0,2500,114.18073417499907,113.60983050412408,6967,182.0,224.0,18.75,7340.332243849043,182,113.56313070000031,0.6176034749987593,True,True,2,05_runtime_budget_baselines/raw_runs.csv
Runtime budget baseline,Dang,VNS,rd400_gen1_m3,1,2500,114.18073417499907,113.60983050412408,6915,183.0,224.0,18.303571428571427,7388.45049005531,183,113.57657489999838,0.6041592750007112,True,True,2,05_runtime_budget_baselines/raw_runs.csv
Runtime budget baseline,Dang,VNS,rd400_gen1_m3,2,2500,114.18073417499907,113.60983050412408,6908,185.0,224.0,17.410714285714285,7559.352833788306,185,113.55546139999932,0.6252727749997575,True,True,2,05_runtime_budget_baselines/raw_runs.csv
Runtime budget baseline,Dang,VNS,rd400_gen1_m3,3,2500,114.18073417499907,113.60983050412408,6888,183.0,224.0,18.303571428571427,7451.70861072725,183,113.57138829999894,0.6093458750001446,True,True,2,05_runtime_budget_baselines/raw_runs.csv
Runtime budget baseline,Dang,VNS,rd400_gen1_m4,0,2500,94.98835320000036,94.51341143400036,7166,173.0,213.0,18.779342723004696,7355.549022414023,173,94.46437319999676,0.5239800000035757,True,True,2,05_runtime_budget_baselines/raw_runs.csv
Runtime budget baseline,Dang,VNS,rd400_gen1_m4,1,2500,94.98835320000036,94.51341143400036,7168,173.0,213.0,18.779342723004696,7355.549022414023,173,94.46398420000332,0.5243689999970229,True,True,2,05_runtime_budget_baselines/raw_runs.csv
Runtime budget baseline,Dang,VNS,rd400_gen1_m4,2,2500,94.98835320000036,94.51341143400036,7182,173.0,213.0,18.779342723004696,7355.549022414023,173,94.47125489999598,0.5170983000043634,True,True,2,05_runtime_budget_baselines/raw_runs.csv
Runtime budget baseline,Dang,VNS,rd400_gen1_m4,3,2500,94.98835320000036,94.51341143400036,7082,173.0,213.0,18.779342723004696,7355.549022414023,173,94.452286499989,0.5360667000113608,True,True,2,05_runtime_budget_baselines/raw_runs.csv
Runtime budget baseline,Dang,VNS,rd400_gen2_m2,0,2500,161.45456469999954,160.64729187649954,8890,10999.0,13045.0,15.68417018014565,7606.00467658161,184,160.59406780000427,0.8604968999952689,True,True,2,05_runtime_budget_baselines/raw_runs.csv
Runtime budget baseline,Dang,VNS,rd400_gen2_m2,1,2500,161.45456469999954,160.64729187649954,8940,10895.0,13045.0,16.481410502108087,7508.307467192015,181,160.5815757999953,0.8729889000042022,True,True,2,05_runtime_budget_baselines/raw_runs.csv
Runtime budget baseline,Dang,VNS,rd400_gen2_m2,2,2500,161.45456469999954,160.64729187649954,9731,10893.0,13045.0,16.496742046761213,7600.338993769213,180,160.62150399999518,0.8330607000043528,True,True,2,05_runtime_budget_baselines/raw_runs.csv
Runtime budget baseline,Dang,VNS,rd400_gen2_m2,3,2500,161.45456469999954,160.64729187649954,8790,10915.0,13045.0,16.32809505557685,7546.312972979213,183,160.62239849999605,0.8321662000034848,True,True,2,05_runtime_budget_baselines/raw_runs.csv
Runtime budget baseline,Dang,VNS,rd400_gen2_m3,0,2500,130.0322764499997,129.3821150677497,10224,9680.0,12646.0,23.45405661869366,7542.311418241138,170,129.34841730000335,0.6838591499963513,True,True,2,05_runtime_budget_baselines/raw_runs.csv
Runtime budget baseline,Dang,VNS,rd400_gen2_m3,1,2500,130.0322764499997,129.3821150677497,10109,9680.0,12646.0,23.45405661869366,7542.311418241138,170,129.3543387999962,0.6779376500035141,True,True,2,05_runtime_budget_baselines/raw_runs.csv
Runtime budget baseline,Dang,VNS,rd400_gen2_m3,2,2500,130.0322764499997,129.3821150677497,10094,9667.0,12646.0,23.556855922821445,7603.529218725661,168,129.33061619999353,0.7016602500061708,True,True,2,05_runtime_budget_baselines/raw_runs.csv
Runtime budget baseline,Dang,VNS,rd400_gen2_m3,3,2500,130.0322764499997,129.3821150677497,10268,9753.0,12646.0,22.876798987822237,7589.972617019554,164,129.34441289999813,0.6878635500015662,True,True,2,05_runtime_budget_baselines/raw_runs.csv
Runtime budget baseline,Dang,VNS,rd400_gen2_m4,0,2500,94.23947462500018,93.7682772518752,7649,9499.0,12032.0,21.05219414893617,7345.538462409594,168,93.7450402000104,0.4944344249897767,True,True,2,05_runtime_budget_baselines/raw_runs.csv
Runtime budget baseline,Dang,VNS,rd400_gen2_m4,1,2500,94.23947462500018,93.7682772518752,7429,9511.0,12032.0,20.95246010638298,7321.351225668031,170,93.73939529999916,0.5000793250010247,True,True,2,05_runtime_budget_baselines/raw_runs.csv
Runtime budget baseline,Dang,VNS,rd400_gen2_m4,2,2500,94.23947462500018,93.7682772518752,7899,9467.0,12032.0,21.31815159574468,7354.575500322996,168,93.7263082999998,0.513166325000384,True,True,2,05_runtime_budget_baselines/raw_runs.csv
Runtime budget baseline,Dang,VNS,rd400_gen2_m4,3,2500,94.23947462500018,93.7682772518752,7531,9510.0,12032.0,20.960771276595743,7338.977422034079,169,93.73626839999632,0.5032062250038507,True,True,2,05_runtime_budget_baselines/raw_runs.csv
Runtime budget baseline,Dang,VNS,rd400_gen3_m2,0,2500,158.46097782500055,157.66867293587555,9496,8604.0,12431.0,30.78593837985681,7043.469996020152,180,157.63106450000487,0.8299133249956867,True,True,2,05_runtime_budget_baselines/raw_runs.csv
Runtime budget baseline,Dang,VNS,rd400_gen3_m2,1,2500,158.46097782500055,157.66867293587555,9464,8604.0,12431.0,30.78593837985681,7044.023271640706,180,157.6160743000073,0.8449035249932422,True,True,2,05_runtime_budget_baselines/raw_runs.csv
Runtime budget baseline,Dang,VNS,rd400_gen3_m2,2,2500,158.46097782500055,157.66867293587555,9562,8604.0,12431.0,30.78593837985681,7043.469996020152,180,157.61524110000755,0.845736724993003,True,True,2,05_runtime_budget_baselines/raw_runs.csv
Runtime budget baseline,Dang,VNS,rd400_gen3_m2,3,2500,158.46097782500055,157.66867293587555,9471,8604.0,12431.0,30.78593837985681,7044.023271640706,180,157.63420210000186,0.8267757249986971,True,True,2,05_runtime_budget_baselines/raw_runs.csv
Runtime budget baseline,Dang,VNS,rd400_gen3_m3,0,2500,121.5379268250008,120.9302371908758,7074,9373.0,11639.0,19.469026548672566,7293.085308265495,187,120.87938520000898,0.6585416249918126,True,True,2,05_runtime_budget_baselines/raw_runs.csv
Runtime budget baseline,Dang,VNS,rd400_gen3_m3,1,2500,121.5379268250008,120.9302371908758,6790,9432.0,11639.0,18.962110146919837,7316.9700740880835,189,120.87149749998936,0.6664293250114497,True,True,2,05_runtime_budget_baselines/raw_runs.csv
Runtime budget baseline,Dang,VNS,rd400_gen3_m3,2,2500,121.5379268250008,120.9302371908758,6975,9430.0,11639.0,18.979293753758913,7300.714760392914,188,120.86989329999778,0.6680335250030112,True,True,2,05_runtime_budget_baselines/raw_runs.csv
Runtime budget baseline,Dang,VNS,rd400_gen3_m3,3,2500,121.5379268250008,120.9302371908758,7052,9393.0,11639.0,19.29719048028181,7308.170176910855,184,120.87387949999538,0.6640473250054129,True,True,2,05_runtime_budget_baselines/raw_runs.csv
Runtime budget baseline,Dang,VNS,rd400_gen3_m4,0,2500,97.38319002499976,96.89627407487475,6860,7670.0,10436.0,26.504407819087774,7326.752901324649,180,96.84915639999964,0.5340336250001201,True,True,2,05_runtime_budget_baselines/raw_runs.csv
Runtime budget baseline,Dang,VNS,rd400_gen3_m4,1,2500,97.38319002499976,96.89627407487475,6759,7651.0,10436.0,26.68646991184362,7320.069921103779,179,96.8735117999895,0.5096782250102478,True,True,2,05_runtime_budget_baselines/raw_runs.csv
Runtime budget baseline,Dang,VNS,rd400_gen3_m4,2,2500,97.38319002499976,96.89627407487475,6056,7881.0,10436.0,24.48256036795707,7426.041984262052,183,96.84261420000983,0.5405758249899009,True,True,2,05_runtime_budget_baselines/raw_runs.csv
Runtime budget baseline,Dang,VNS,rd400_gen3_m4,3,2500,97.38319002499976,96.89627407487475,6664,7726.0,10436.0,25.96780375622844,7404.520580742841,180,96.84908979998728,0.5341002250124802,True,True,2,05_runtime_budget_baselines/raw_runs.csv
Runtime budget baseline,Dang,VNS,ts225_gen2_m2,0,2500,37.26226475000021,37.01226475000021,15943,4780.0,5859.0,18.416111964499063,60374.37446033116,89,36.99931120000838,0.2629535499918347,True,True,2,05_runtime_budget_baselines/raw_runs.csv
Runtime budget baseline,Dang,VNS,ts225_gen2_m2,1,2500,37.26226475000021,37.01226475000021,15891,4780.0,5859.0,18.416111964499063,60374.37446033116,89,36.9985791999934,0.2636855500068122,True,True,2,05_runtime_budget_baselines/raw_runs.csv
Runtime budget baseline,Dang,VNS,ts225_gen2_m2,2,2500,37.26226475000021,37.01226475000021,16094,4780.0,5859.0,18.416111964499063,60374.37446033116,89,37.00558440000168,0.2566803499985326,True,True,2,05_runtime_budget_baselines/raw_runs.csv
Runtime budget baseline,Dang,VNS,ts225_gen2_m2,3,2500,37.26226475000021,37.01226475000021,16015,4780.0,5859.0,18.416111964499063,60374.37446033116,89,37.00585050000518,0.2564142499950321,True,True,2,05_runtime_budget_baselines/raw_runs.csv
