Protocol,Benchmark,Algorithm,Instance,Seed,Reference_Iterations,Budget_Seconds,Effective_Time_Limit_Seconds,Completed_Iterations,Reward,BKS,BKS_Gap_Percent,Total_Distance,Visited_Customers,Runtime_Seconds,Runtime_Slack_Seconds,Within_Budget,Timed_Out,Stop_Status,Feasible,Batch_Workers,Source_Record
Symmetric wall clock,Chao,Ejection OFF,p4.2.a,0,2500,2.09690492499999,2.09690492499999,3764,206.0,206.0,0.0,49.62527483598225,10,1.6412008999996033,0.4557040250003865,True,True,time_limit_guard_at_iteration_boundary,True,2,04_symmetric_wall_clock_ejection_on_off/off/raw_runs.csv
Symmetric wall clock,Chao,Ejection OFF,p4.2.a,1,2500,2.09690492499999,2.09690492499999,3770,206.0,206.0,0.0,49.62527483598225,10,1.6549344000013662,0.4419705249986236,True,True,time_limit_guard_at_iteration_boundary,True,2,04_symmetric_wall_clock_ejection_on_off/off/raw_runs.csv
Symmetric wall clock,Chao,Ejection OFF,p4.2.a,2,2500,2.09690492499999,2.09690492499999,3801,206.0,206.0,0.0,49.62527483598225,10,1.6760265000011714,0.4208784249988184,True,True,time_limit_guard_at_iteration_boundary,True,2,04_symmetric_wall_clock_ejection_on_off/off/raw_runs.csv
Symmetric wall clock,Chao,Ejection OFF,p4.2.a,3,2500,2.09690492499999,2.09690492499999,3830,206.0,206.0,0.0,49.62527483598225,10,1.6853833999994094,0.4115215250005803,True,True,time_limit_guard_at_iteration_boundary,True,2,04_symmetric_wall_clock_ejection_on_off/off/raw_runs.csv
Symmetric wall clock,Chao,Ejection OFF,p4.2.b,0,2500,3.48707622500001,3.48707622500001,4161,341.0,341.0,0.0,59.37836875107186,21,3.054070700000011,0.4330055249999986,True,True,time_limit_guard_at_iteration_boundary,True,2,04_symmetric_wall_clock_ejection_on_off/off/raw_runs.csv
Symmetric wall clock,Chao,Ejection OFF,p4.2.b,1,2500,3.48707622500001,3.48707622500001,4207,341.0,341.0,0.0,59.37836875107186,21,3.0782658999996784,0.4088103250003314,True,True,time_limit_guard_at_iteration_boundary,True,2,04_symmetric_wall_clock_ejection_on_off/off/raw_runs.csv
Symmetric wall clock,Chao,Ejection OFF,p4.2.b,2,2500,3.48707622500001,3.48707622500001,4165,341.0,341.0,0.0,59.37836875107186,21,2.9941781999987143,0.4928980250012955,True,True,time_limit_guard_at_iteration_boundary,True,2,04_symmetric_wall_clock_ejection_on_off/off/raw_runs.csv
Symmetric wall clock,Chao,Ejection OFF,p4.2.b,3,2500,3.48707622500001,3.48707622500001,4204,341.0,341.0,0.0,59.37836875107186,21,3.010595199999443,0.4764810250005666,True,True,time_limit_guard_at_iteration_boundary,True,2,04_symmetric_wall_clock_ejection_on_off/off/raw_runs.csv
Symmetric wall clock,Chao,Ejection OFF,p4.2.c,0,2500,4.77421177500014,4.77421177500014,4303,452.0,452.0,0.0,69.75857279532721,27,4.2905961999986175,0.4836155750015223,True,True,time_limit_guard_at_iteration_boundary,True,2,04_symmetric_wall_clock_ejection_on_off/off/raw_runs.csv
Symmetric wall clock,Chao,Ejection OFF,p4.2.c,1,2500,4.77421177500014,4.77421177500014,4314,452.0,452.0,0.0,69.75857279532721,27,4.365135500000179,0.4090762749999612,True,True,time_limit_guard_at_iteration_boundary,True,2,04_symmetric_wall_clock_ejection_on_off/off/raw_runs.csv
Symmetric wall clock,Chao,Ejection OFF,p4.2.c,2,2500,4.77421177500014,4.77421177500014,4489,452.0,452.0,0.0,69.75857279532721,27,4.375874999999724,0.3983367750004163,True,True,time_limit_guard_at_iteration_boundary,True,2,04_symmetric_wall_clock_ejection_on_off/off/raw_runs.csv
Symmetric wall clock,Chao,Ejection OFF,p4.2.c,3,2500,4.77421177500014,4.77421177500014,4559,448.0,452.0,0.8849557522123894,69.73294882517067,26,4.352044499999465,0.4221672750006746,True,True,time_limit_guard_at_iteration_boundary,True,2,04_symmetric_wall_clock_ejection_on_off/off/raw_runs.csv
Symmetric wall clock,Chao,Ejection OFF,p4.2.d,0,2500,6.292604850000089,6.292604850000089,4575,529.0,531.0,0.3766478342749529,79.57429916209217,32,5.9359261999998125,0.3566786500002763,True,True,time_limit_guard_at_iteration_boundary,True,2,04_symmetric_wall_clock_ejection_on_off/off/raw_runs.csv
Symmetric wall clock,Chao,Ejection OFF,p4.2.d,1,2500,6.292604850000089,6.292604850000089,4651,528.0,531.0,0.5649717514124294,79.64540473473306,32,5.954671299999973,0.3379335500001161,True,True,time_limit_guard_at_iteration_boundary,True,2,04_symmetric_wall_clock_ejection_on_off/off/raw_runs.csv
Symmetric wall clock,Chao,Ejection OFF,p4.2.d,2,2500,6.292604850000089,6.292604850000089,4671,529.0,531.0,0.3766478342749529,79.57429916209217,32,6.043410700000095,0.2491941499999939,True,True,time_limit_guard_at_iteration_boundary,True,2,04_symmetric_wall_clock_ejection_on_off/off/raw_runs.csv
Symmetric wall clock,Chao,Ejection OFF,p4.2.d,3,2500,6.292604850000089,6.292604850000089,4700,529.0,531.0,0.3766478342749529,79.57429916209217,32,6.02329870000176,0.2693061499983287,True,True,time_limit_guard_at_iteration_boundary,True,2,04_symmetric_wall_clock_ejection_on_off/off/raw_runs.csv
Symmetric wall clock,Chao,Ejection OFF,p4.2.e,0,2500,7.438603824999973,7.438603824999973,4184,602.0,618.0,2.588996763754045,89.90143634496326,39,7.032221899999058,0.4063819250009146,True,True,time_limit_guard_at_iteration_boundary,True,2,04_symmetric_wall_clock_ejection_on_off/off/raw_runs.csv
Symmetric wall clock,Chao,Ejection OFF,p4.2.e,1,2500,7.438603824999973,7.438603824999973,4268,596.0,618.0,3.559870550161812,89.34852798971176,38,7.073827900001561,0.3647759249984119,True,True,time_limit_guard_at_iteration_boundary,True,2,04_symmetric_wall_clock_ejection_on_off/off/raw_runs.csv
Symmetric wall clock,Chao,Ejection OFF,p4.2.e,2,2500,7.438603824999973,7.438603824999973,3845,593.0,618.0,4.045307443365696,89.7451338836697,41,7.064385600000605,0.3742182249993675,True,True,time_limit_guard_at_iteration_boundary,True,2,04_symmetric_wall_clock_ejection_on_off/off/raw_runs.csv
Symmetric wall clock,Chao,Ejection OFF,p4.2.e,3,2500,7.438603824999973,7.438603824999973,4119,600.0,618.0,2.912621359223301,89.6790777787939,38,7.0724888000004285,0.3661150249995444,True,True,time_limit_guard_at_iteration_boundary,True,2,04_symmetric_wall_clock_ejection_on_off/off/raw_runs.csv
Symmetric wall clock,Chao,Ejection OFF,p4.2.f,0,2500,8.789560700000038,8.789560700000038,4962,678.0,687.0,1.310043668122271,99.25817399176636,43,8.514608600000429,0.2749520999996093,True,True,time_limit_guard_at_iteration_boundary,True,2,04_symmetric_wall_clock_ejection_on_off/off/raw_runs.csv
Symmetric wall clock,Chao,Ejection OFF,p4.2.f,1,2500,8.789560700000038,8.789560700000038,3983,684.0,687.0,0.4366812227074236,99.50083808334618,46,8.43237709999994,0.3571836000000985,True,True,time_limit_guard_at_iteration_boundary,True,2,04_symmetric_wall_clock_ejection_on_off/off/raw_runs.csv
Symmetric wall clock,Chao,Ejection OFF,p4.2.f,2,2500,8.789560700000038,8.789560700000038,4333,675.0,687.0,1.7467248908296944,99.85641658312264,43,8.337536500001079,0.4520241999989594,True,True,time_limit_guard_at_iteration_boundary,True,2,04_symmetric_wall_clock_ejection_on_off/off/raw_runs.csv
Symmetric wall clock,Chao,Ejection OFF,p4.2.f,3,2500,8.789560700000038,8.789560700000038,4899,678.0,687.0,1.310043668122271,99.25817399176636,43,8.429325600000084,0.3602350999999544,True,True,time_limit_guard_at_iteration_boundary,True,2,04_symmetric_wall_clock_ejection_on_off/off/raw_runs.csv
Symmetric wall clock,Chao,Ejection OFF,p4.2.g,0,2500,10.080847449999965,10.080847449999965,3426,737.0,757.0,2.642007926023778,109.5092892085903,53,9.777612100000624,0.3032353499993405,True,True,time_limit_guard_at_iteration_boundary,True,2,04_symmetric_wall_clock_ejection_on_off/off/raw_runs.csv
Symmetric wall clock,Chao,Ejection OFF,p4.2.g,1,2500,10.080847449999965,10.080847449999965,4124,736.0,757.0,2.774108322324967,108.89650221309483,48,9.811697400000412,0.2691500499995527,True,True,time_limit_guard_at_iteration_boundary,True,2,04_symmetric_wall_clock_ejection_on_off/off/raw_runs.csv
Symmetric wall clock,Chao,Ejection OFF,p4.2.g,2,2500,10.080847449999965,10.080847449999965,4683,745.0,757.0,1.5852047556142668,109.1333500834546,48,9.76164609999978,0.3192013500001849,True,True,time_limit_guard_at_iteration_boundary,True,2,04_symmetric_wall_clock_ejection_on_off/off/raw_runs.csv
Symmetric wall clock,Chao,Ejection OFF,p4.2.g,3,2500,10.080847449999965,10.080847449999965,5155,749.0,757.0,1.056803170409511,109.94107260212844,46,9.720707000000402,0.3601404499995624,True,True,time_limit_guard_at_iteration_boundary,True,2,04_symmetric_wall_clock_ejection_on_off/off/raw_runs.csv
Symmetric wall clock,Chao,Ejection OFF,p4.2.h,0,2500,12.11024479999992,12.11024479999992,5010,803.0,835.0,3.832335329341317,119.82541313861076,53,11.656084000000192,0.4541607999997268,True,True,time_limit_guard_at_iteration_boundary,True,2,04_symmetric_wall_clock_ejection_on_off/off/raw_runs.csv
Symmetric wall clock,Chao,Ejection OFF,p4.2.h,1,2500,12.11024479999992,12.11024479999992,4846,812.0,835.0,2.754491017964072,119.61047529197124,53,11.86104669999986,0.2491981000000578,True,True,time_limit_guard_at_iteration_boundary,True,2,04_symmetric_wall_clock_ejection_on_off/off/raw_runs.csv
Symmetric wall clock,Chao,Ejection OFF,p4.2.h,2,2500,12.11024479999992,12.11024479999992,4697,811.0,835.0,2.874251497005988,119.574256861794,54,11.843484199998784,0.2667606000011346,True,True,time_limit_guard_at_iteration_boundary,True,2,04_symmetric_wall_clock_ejection_on_off/off/raw_runs.csv
Symmetric wall clock,Chao,Ejection OFF,p4.2.h,3,2500,12.11024479999992,12.11024479999992,4184,807.0,835.0,3.3532934131736525,119.9561609072116,57,11.580514699999185,0.5297301000007337,True,True,time_limit_guard_at_iteration_boundary,True,2,04_symmetric_wall_clock_ejection_on_off/off/raw_runs.csv
Symmetric wall clock,Chao,Ejection OFF,p4.2.i,0,2500,12.539814824999894,12.539814824999894,4635,872.0,918.0,5.010893246187364,129.74250797322105,56,11.880295299999489,0.6595195250004053,True,True,time_limit_guard_at_iteration_boundary,True,2,04_symmetric_wall_clock_ejection_on_off/off/raw_runs.csv
Symmetric wall clock,Chao,Ejection OFF,p4.2.i,1,2500,12.539814824999894,12.539814824999894,3298,850.0,918.0,7.407407407407407,128.85527947542658,59,11.790059499999188,0.7497553250007059,True,True,time_limit_guard_at_iteration_boundary,True,2,04_symmetric_wall_clock_ejection_on_off/off/raw_runs.csv
Symmetric wall clock,Chao,Ejection OFF,p4.2.i,2,2500,12.539814824999894,12.539814824999894,3875,843.0,918.0,8.169934640522875,129.4205859280392,55,12.18126409999968,0.3585507250002138,True,True,time_limit_guard_at_iteration_boundary,True,2,04_symmetric_wall_clock_ejection_on_off/off/raw_runs.csv
Symmetric wall clock,Chao,Ejection OFF,p4.2.i,3,2500,12.539814824999894,12.539814824999894,5088,853.0,918.0,7.080610021786493,129.5865022155528,54,12.179827899999507,0.3599869250003848,True,True,time_limit_guard_at_iteration_boundary,True,2,04_symmetric_wall_clock_ejection_on_off/off/raw_runs.csv
Symmetric wall clock,Chao,Ejection OFF,p4.2.j,0,2500,11.574825825000062,11.574825825000062,4836,962.0,965.0,0.310880829015544,138.71856572593043,65,11.327776500000256,0.2470493249998071,True,True,time_limit_guard_at_iteration_boundary,True,2,04_symmetric_wall_clock_ejection_on_off/off/raw_runs.csv
Symmetric wall clock,Chao,Ejection OFF,p4.2.j,1,2500,11.574825825000062,11.574825825000062,4281,925.0,965.0,4.1450777202072535,139.54506366062418,58,11.169732700000168,0.4050931249998939,True,True,time_limit_guard_at_iteration_boundary,True,2,04_symmetric_wall_clock_ejection_on_off/off/raw_runs.csv
Symmetric wall clock,Chao,Ejection OFF,p4.2.j,2,2500,11.574825825000062,11.574825825000062,2612,899.0,965.0,6.839378238341969,139.8525480556049,59,10.74023060000036,0.8345952249997026,True,True,time_limit_guard_at_iteration_boundary,True,2,04_symmetric_wall_clock_ejection_on_off/off/raw_runs.csv
Symmetric wall clock,Chao,Ejection OFF,p4.2.j,3,2500,11.574825825000062,11.574825825000062,4312,914.0,965.0,5.284974093264249,139.57031589222046,56,10.622180300000764,0.9526455249992978,True,True,time_limit_guard_at_iteration_boundary,True,2,04_symmetric_wall_clock_ejection_on_off/off/raw_runs.csv
Symmetric wall clock,Chao,Ejection OFF,p4.2.k,0,2500,12.205864174999988,12.205864174999988,3586,963.0,1022.0,5.772994129158513,149.23198609358985,64,11.537231999998768,0.6686321750012212,True,True,time_limit_guard_at_iteration_boundary,True,2,04_symmetric_wall_clock_ejection_on_off/off/raw_runs.csv
Symmetric wall clock,Chao,Ejection OFF,p4.2.k,1,2500,12.205864174999988,12.205864174999988,4097,980.0,1022.0,4.109589041095891,149.5360219618104,64,11.946453500000644,0.2594106749993443,True,True,time_limit_guard_at_iteration_boundary,True,2,04_symmetric_wall_clock_ejection_on_off/off/raw_runs.csv
Symmetric wall clock,Chao,Ejection OFF,p4.2.k,2,2500,12.205864174999988,12.205864174999988,4159,972.0,1022.0,4.892367906066537,149.43650717293957,64,11.956140199999936,0.2497239750000517,True,True,time_limit_guard_at_iteration_boundary,True,2,04_symmetric_wall_clock_ejection_on_off/off/raw_runs.csv
Symmetric wall clock,Chao,Ejection OFF,p4.2.k,3,2500,12.205864174999988,12.205864174999988,4431,983.0,1022.0,3.816046966731898,149.50983588299948,62,11.956104499999128,0.2497596750008597,True,True,time_limit_guard_at_iteration_boundary,True,2,04_symmetric_wall_clock_ejection_on_off/off/raw_runs.csv
Symmetric wall clock,Chao,Ejection OFF,p4.2.l,0,2500,12.181557350000048,12.181557350000048,2988,1021.0,1074.0,4.934823091247672,159.31982766890644,67,11.314025499999843,0.8675318500002049,True,True,time_limit_guard_at_iteration_boundary,True,2,04_symmetric_wall_clock_ejection_on_off/off/raw_runs.csv
Symmetric wall clock,Chao,Ejection OFF,p4.2.l,1,2500,12.181557350000048,12.181557350000048,4269,1043.0,1074.0,2.886405959031657,159.64746693420588,64,11.933099300000322,0.2484580499997264,True,True,time_limit_guard_at_iteration_boundary,True,2,04_symmetric_wall_clock_ejection_on_off/off/raw_runs.csv
Symmetric wall clock,Chao,Ejection OFF,p4.2.l,2,2500,12.181557350000048,12.181557350000048,4259,1043.0,1074.0,2.886405959031657,159.64746693420588,64,11.888852000000044,0.2927053500000056,True,True,time_limit_guard_at_iteration_boundary,True,2,04_symmetric_wall_clock_ejection_on_off/off/raw_runs.csv
Symmetric wall clock,Chao,Ejection OFF,p4.2.l,3,2500,12.181557350000048,12.181557350000048,4414,1048.0,1074.0,2.4208566108007448,159.88611429341012,63,11.744222100000115,0.4373352499999328,True,True,time_limit_guard_at_iteration_boundary,True,2,04_symmetric_wall_clock_ejection_on_off/off/raw_runs.csv
Symmetric wall clock,Chao,Ejection OFF,p4.2.m,0,2500,12.442858424999711,12.442858424999711,3673,1071.0,1132.0,5.3886925795053005,169.29853725043904,74,12.195377300000471,0.2474811249992399,True,True,time_limit_guard_at_iteration_boundary,True,2,04_symmetric_wall_clock_ejection_on_off/off/raw_runs.csv
Symmetric wall clock,Chao,Ejection OFF,p4.2.m,1,2500,12.442858424999711,12.442858424999711,4142,1091.0,1132.0,3.621908127208481,169.8357550655458,70,12.19391060000089,0.2489478249988224,True,True,time_limit_guard_at_iteration_boundary,True,2,04_symmetric_wall_clock_ejection_on_off/off/raw_runs.csv
Symmetric wall clock,Chao,Ejection OFF,p4.2.m,2,2500,12.442858424999711,12.442858424999711,3592,1056.0,1132.0,6.713780918727915,168.9478755386201,73,11.842905999999855,0.5999524249998558,True,True,time_limit_guard_at_iteration_boundary,True,2,04_symmetric_wall_clock_ejection_on_off/off/raw_runs.csv
Symmetric wall clock,Chao,Ejection OFF,p4.2.m,3,2500,12.442858424999711,12.442858424999711,4544,1109.0,1132.0,2.0318021201413425,169.69365911062272,70,12.155796200000625,0.2870622249990902,True,True,time_limit_guard_at_iteration_boundary,True,2,04_symmetric_wall_clock_ejection_on_off/off/raw_runs.csv
Symmetric wall clock,Chao,Ejection OFF,p4.2.n,0,2500,11.478437850000546,11.478437850000546,3239,1122.0,1174.0,4.429301533219761,179.3349387782426,72,11.044276000000536,0.4341618500000095,True,True,time_limit_guard_at_iteration_boundary,True,2,04_symmetric_wall_clock_ejection_on_off/off/raw_runs.csv
Symmetric wall clock,Chao,Ejection OFF,p4.2.n,1,2500,11.478437850000546,11.478437850000546,3400,1131.0,1174.0,3.6626916524701874,179.411577169557,73,10.60293029999957,0.8755075500009752,True,True,time_limit_guard_at_iteration_boundary,True,2,04_symmetric_wall_clock_ejection_on_off/off/raw_runs.csv
Symmetric wall clock,Chao,Ejection OFF,p4.2.n,2,2500,11.478437850000546,11.478437850000546,3113,1123.0,1174.0,4.34412265758092,179.933668413235,69,10.805480300001364,0.6729575499991824,True,True,time_limit_guard_at_iteration_boundary,True,2,04_symmetric_wall_clock_ejection_on_off/off/raw_runs.csv
Symmetric wall clock,Chao,Ejection OFF,p4.2.n,3,2500,11.478437850000546,11.478437850000546,3765,1139.0,1174.0,2.9812606473594547,179.4014321511741,72,11.229561100000865,0.2488767499996811,True,True,time_limit_guard_at_iteration_boundary,True,2,04_symmetric_wall_clock_ejection_on_off/off/raw_runs.csv
Symmetric wall clock,Chao,Ejection OFF,p4.2.o,0,2500,12.127632750000204,12.127632750000204,3927,1171.0,1218.0,3.858784893267652,189.02022429018467,79,11.52560369999992,0.602029050000283,True,True,time_limit_guard_at_iteration_boundary,True,2,04_symmetric_wall_clock_ejection_on_off/off/raw_runs.csv
Symmetric wall clock,Chao,Ejection OFF,p4.2.o,1,2500,12.127632750000204,12.127632750000204,3704,1166.0,1218.0,4.269293924466338,189.5146878143161,79,11.878182300000844,0.2494504499993581,True,True,time_limit_guard_at_iteration_boundary,True,2,04_symmetric_wall_clock_ejection_on_off/off/raw_runs.csv
Symmetric wall clock,Chao,Ejection OFF,p4.2.o,2,2500,12.127632750000204,12.127632750000204,4843,1201.0,1218.0,1.3957307060755335,189.0355771983457,81,11.669794100000216,0.4578386499999851,True,True,time_limit_guard_at_iteration_boundary,True,2,04_symmetric_wall_clock_ejection_on_off/off/raw_runs.csv
Symmetric wall clock,Chao,Ejection OFF,p4.2.o,3,2500,12.127632750000204,12.127632750000204,4456,1200.0,1218.0,1.477832512315271,188.690067263908,81,11.868646200000512,0.2589865499996904,True,True,time_limit_guard_at_iteration_boundary,True,2,04_symmetric_wall_clock_ejection_on_off/off/raw_runs.csv
Symmetric wall clock,Chao,Ejection OFF,p4.2.p,0,2500,10.97855225000012,10.97855225000012,4324,1215.0,1242.0,2.1739130434782608,199.7911101160061,84,10.730379900000116,0.2481723500000043,True,True,time_limit_guard_at_iteration_boundary,True,2,04_symmetric_wall_clock_ejection_on_off/off/raw_runs.csv
Symmetric wall clock,Chao,Ejection OFF,p4.2.p,1,2500,10.97855225000012,10.97855225000012,4024,1216.0,1242.0,2.0933977455716586,199.74771515353467,83,10.729159599999548,0.2493926500005727,True,True,time_limit_guard_at_iteration_boundary,True,2,04_symmetric_wall_clock_ejection_on_off/off/raw_runs.csv
Symmetric wall clock,Chao,Ejection OFF,p4.2.p,2,2500,10.97855225000012,10.97855225000012,3906,1215.0,1242.0,2.1739130434782608,199.3901739631941,84,10.502912399999332,0.475639850000789,True,True,time_limit_guard_at_iteration_boundary,True,2,04_symmetric_wall_clock_ejection_on_off/off/raw_runs.csv
Symmetric wall clock,Chao,Ejection OFF,p4.2.p,3,2500,10.97855225000012,10.97855225000012,4231,1238.0,1242.0,0.322061191626409,199.29492834657952,81,10.508033500000238,0.4705187499998828,True,True,time_limit_guard_at_iteration_boundary,True,2,04_symmetric_wall_clock_ejection_on_off/off/raw_runs.csv
Symmetric wall clock,Chao,Ejection OFF,p4.2.q,0,2500,9.957844875000092,9.957844875000092,3754,1255.0,1268.0,1.025236593059937,209.73651579073635,87,9.708409599999868,0.2494352750002235,True,True,time_limit_guard_at_iteration_boundary,True,2,04_symmetric_wall_clock_ejection_on_off/off/raw_runs.csv
Symmetric wall clock,Chao,Ejection OFF,p4.2.q,1,2500,9.957844875000092,9.957844875000092,3956,1251.0,1268.0,1.3406940063091484,209.60116627427865,84,9.709383399998842,0.2484614750012497,True,True,time_limit_guard_at_iteration_boundary,True,2,04_symmetric_wall_clock_ejection_on_off/off/raw_runs.csv
Symmetric wall clock,Chao,Ejection OFF,p4.2.q,2,2500,9.957844875000092,9.957844875000092,3923,1242.0,1268.0,2.050473186119874,209.40812533184996,86,9.539555400000609,0.418289474999483,True,True,time_limit_guard_at_iteration_boundary,True,2,04_symmetric_wall_clock_ejection_on_off/off/raw_runs.csv
Symmetric wall clock,Chao,Ejection OFF,p4.2.q,3,2500,9.957844875000092,9.957844875000092,3973,1251.0,1268.0,1.3406940063091484,209.60116627427865,84,9.70939499999986,0.248449875000233,True,True,time_limit_guard_at_iteration_boundary,True,2,04_symmetric_wall_clock_ejection_on_off/off/raw_runs.csv
Symmetric wall clock,Chao,Ejection OFF,p4.2.r,0,2500,9.02643665000005,9.02643665000005,3804,1280.0,1292.0,0.9287925696594428,219.5483522994562,88,8.778321000001597,0.2481156499984536,True,True,time_limit_guard_at_iteration_boundary,True,2,04_symmetric_wall_clock_ejection_on_off/off/raw_runs.csv
Symmetric wall clock,Chao,Ejection OFF,p4.2.r,1,2500,9.02643665000005,9.02643665000005,3985,1280.0,1292.0,0.9287925696594428,219.56299272163525,89,8.777863700001035,0.2485729499990157,True,True,time_limit_guard_at_iteration_boundary,True,2,04_symmetric_wall_clock_ejection_on_off/off/raw_runs.csv
Symmetric wall clock,Chao,Ejection OFF,p4.2.r,2,2500,9.02643665000005,9.02643665000005,3735,1271.0,1292.0,1.6253869969040249,218.57688472978663,91,8.779310599999008,0.247126050001043,True,True,time_limit_guard_at_iteration_boundary,True,2,04_symmetric_wall_clock_ejection_on_off/off/raw_runs.csv
Symmetric wall clock,Chao,Ejection OFF,p4.2.r,3,2500,9.02643665000005,9.02643665000005,3840,1280.0,1292.0,0.9287925696594428,219.49758314237533,89,8.711611300001096,0.314825349998955,True,True,time_limit_guard_at_iteration_boundary,True,2,04_symmetric_wall_clock_ejection_on_off/off/raw_runs.csv
Symmetric wall clock,Chao,Ejection OFF,p4.2.s,0,2500,7.750026475000368,7.750026475000368,3414,1295.0,1304.0,0.6901840490797546,229.1361982094993,93,7.464121000000887,0.2859054749994811,True,True,time_limit_guard_at_iteration_boundary,True,2,04_symmetric_wall_clock_ejection_on_off/off/raw_runs.csv
Symmetric wall clock,Chao,Ejection OFF,p4.2.s,1,2500,7.750026475000368,7.750026475000368,3194,1293.0,1304.0,0.843558282208589,226.7927281567582,94,7.406269099999918,0.3437573750004503,True,True,time_limit_guard_at_iteration_boundary,True,2,04_symmetric_wall_clock_ejection_on_off/off/raw_runs.csv
Symmetric wall clock,Chao,Ejection OFF,p4.2.s,2,2500,7.750026475000368,7.750026475000368,3581,1293.0,1304.0,0.843558282208589,227.48726103186092,93,7.50057039999956,0.2494560750008077,True,True,time_limit_guard_at_iteration_boundary,True,2,04_symmetric_wall_clock_ejection_on_off/off/raw_runs.csv
Symmetric wall clock,Chao,Ejection OFF,p4.2.s,3,2500,7.750026475000368,7.750026475000368,3334,1295.0,1304.0,0.6901840490797546,229.1361982094993,93,7.318683999999848,0.4313424750005197,True,True,time_limit_guard_at_iteration_boundary,True,2,04_symmetric_wall_clock_ejection_on_off/off/raw_runs.csv
Symmetric wall clock,Chao,Ejection OFF,p4.2.t,0,2500,7.1081534000009015,7.1081534000009015,3338,1306.0,1306.0,0.0,238.42871548254084,98,6.859655100000964,0.2484982999999374,True,True,time_limit_guard_at_iteration_boundary,True,2,04_symmetric_wall_clock_ejection_on_off/off/raw_runs.csv
Symmetric wall clock,Chao,Ejection OFF,p4.2.t,1,2500,7.1081534000009015,7.1081534000009015,3125,1306.0,1306.0,0.0,236.3415765604323,98,6.859873600000356,0.2482798000005459,True,True,time_limit_guard_at_iteration_boundary,True,2,04_symmetric_wall_clock_ejection_on_off/off/raw_runs.csv
Symmetric wall clock,Chao,Ejection OFF,p4.2.t,2,2500,7.1081534000009015,7.1081534000009015,3287,1306.0,1306.0,0.0,237.9608908734735,98,6.697160700001405,0.4109926999994968,True,True,time_limit_guard_at_iteration_boundary,True,2,04_symmetric_wall_clock_ejection_on_off/off/raw_runs.csv
Symmetric wall clock,Chao,Ejection OFF,p4.2.t,3,2500,7.1081534000009015,7.1081534000009015,3033,1303.0,1306.0,0.229709035222052,238.5432859570429,97,6.658447499999966,0.4497059000009358,True,True,time_limit_guard_at_iteration_boundary,True,2,04_symmetric_wall_clock_ejection_on_off/off/raw_runs.csv
Symmetric wall clock,Chao,Ejection OFF,p4.3.c,0,2500,2.0727383750004265,2.0727383750004265,3254,193.0,193.0,0.0,68.84769108851907,12,1.6144064000000071,0.4583319750004193,True,True,time_limit_guard_at_iteration_boundary,True,2,04_symmetric_wall_clock_ejection_on_off/off/raw_runs.csv
Symmetric wall clock,Chao,Ejection OFF,p4.3.c,1,2500,2.0727383750004265,2.0727383750004265,3274,193.0,193.0,0.0,68.84769108851907,12,1.6001735999998346,0.4725647750005919,True,True,time_limit_guard_at_iteration_boundary,True,2,04_symmetric_wall_clock_ejection_on_off/off/raw_runs.csv
Symmetric wall clock,Chao,Ejection OFF,p4.3.c,2,2500,2.0727383750004265,2.0727383750004265,3323,193.0,193.0,0.0,68.84769108851907,12,1.6561524999997346,0.4165858750006919,True,True,time_limit_guard_at_iteration_boundary,True,2,04_symmetric_wall_clock_ejection_on_off/off/raw_runs.csv
Symmetric wall clock,Chao,Ejection OFF,p4.3.c,3,2500,2.0727383750004265,2.0727383750004265,3308,193.0,193.0,0.0,68.84769108851907,12,1.6403448000000935,0.4323935750003329,True,True,time_limit_guard_at_iteration_boundary,True,2,04_symmetric_wall_clock_ejection_on_off/off/raw_runs.csv
Symmetric wall clock,Chao,Ejection OFF,p4.3.d,0,2500,3.224414650000199,3.224414650000199,4034,335.0,335.0,0.0,79.8780120203946,23,2.974487499999668,0.2499271500005306,True,True,time_limit_guard_at_iteration_boundary,True,2,04_symmetric_wall_clock_ejection_on_off/off/raw_runs.csv
Symmetric wall clock,Chao,Ejection OFF,p4.3.d,1,2500,3.224414650000199,3.224414650000199,3684,335.0,335.0,0.0,79.8780120203946,23,2.755329700001312,0.4690849499988871,True,True,time_limit_guard_at_iteration_boundary,True,2,04_symmetric_wall_clock_ejection_on_off/off/raw_runs.csv
Symmetric wall clock,Chao,Ejection OFF,p4.3.d,2,2500,3.224414650000199,3.224414650000199,3855,335.0,335.0,0.0,79.8780120203946,23,2.8358962000002066,0.3885184499999923,True,True,time_limit_guard_at_iteration_boundary,True,2,04_symmetric_wall_clock_ejection_on_off/off/raw_runs.csv
Symmetric wall clock,Chao,Ejection OFF,p4.3.d,3,2500,3.224414650000199,3.224414650000199,3781,333.0,335.0,0.5970149253731343,79.62624547997818,20,2.784458000000086,0.4399566500001128,True,True,time_limit_guard_at_iteration_boundary,True,2,04_symmetric_wall_clock_ejection_on_off/off/raw_runs.csv
Symmetric wall clock,Chao,Ejection OFF,p4.3.e,0,2500,4.653492950000327,4.653492950000327,4450,468.0,468.0,0.0,89.07741705061667,29,4.20568479999929,0.4478081500010376,True,True,time_limit_guard_at_iteration_boundary,True,2,04_symmetric_wall_clock_ejection_on_off/off/raw_runs.csv
Symmetric wall clock,Chao,Ejection OFF,p4.3.e,1,2500,4.653492950000327,4.653492950000327,4545,468.0,468.0,0.0,89.07741705061667,29,4.216951500000505,0.4365414499998223,True,True,time_limit_guard_at_iteration_boundary,True,2,04_symmetric_wall_clock_ejection_on_off/off/raw_runs.csv
Symmetric wall clock,Chao,Ejection OFF,p4.3.e,2,2500,4.653492950000327,4.653492950000327,4435,468.0,468.0,0.0,89.07741705061667,29,4.156741599999805,0.4967513500005225,True,True,time_limit_guard_at_iteration_boundary,True,2,04_symmetric_wall_clock_ejection_on_off/off/raw_runs.csv
Symmetric wall clock,Chao,Ejection OFF,p4.3.e,3,2500,4.653492950000327,4.653492950000327,4613,468.0,468.0,0.0,89.07741705061667,29,4.308065799999895,0.3454271500004324,True,True,time_limit_guard_at_iteration_boundary,True,2,04_symmetric_wall_clock_ejection_on_off/off/raw_runs.csv
Symmetric wall clock,Chao,Ejection OFF,p4.3.f,0,2500,5.310437875000844,5.310437875000844,4438,573.0,579.0,1.0362694300518134,99.31933668203877,34,4.910000899999432,0.400436975001412,True,True,time_limit_guard_at_iteration_boundary,True,2,04_symmetric_wall_clock_ejection_on_off/off/raw_runs.csv
Symmetric wall clock,Chao,Ejection OFF,p4.3.f,1,2500,5.310437875000844,5.310437875000844,4217,579.0,579.0,0.0,99.51880704888684,36,4.907145199998922,0.4032926750019214,True,True,time_limit_guard_at_iteration_boundary,True,2,04_symmetric_wall_clock_ejection_on_off/off/raw_runs.csv
Symmetric wall clock,Chao,Ejection OFF,p4.3.f,2,2500,5.310437875000844,5.310437875000844,4376,579.0,579.0,0.0,99.51880704888684,36,4.992819799999779,0.3176180750010644,True,True,time_limit_guard_at_iteration_boundary,True,2,04_symmetric_wall_clock_ejection_on_off/off/raw_runs.csv
Symmetric wall clock,Chao,Ejection OFF,p4.3.f,3,2500,5.310437875000844,5.310437875000844,4465,560.0,579.0,3.281519861830742,99.21052273763549,35,4.906203900000037,0.4042339750008068,True,True,time_limit_guard_at_iteration_boundary,True,2,04_symmetric_wall_clock_ejection_on_off/off/raw_runs.csv
Symmetric wall clock,Chao,Ejection OFF,p4.3.g,0,2500,6.209602974999143,6.209602974999143,4333,646.0,653.0,1.0719754977029097,109.62691026705508,43,5.876009300000078,0.3335936749990651,True,True,time_limit_guard_at_iteration_boundary,True,2,04_symmetric_wall_clock_ejection_on_off/off/raw_runs.csv
Symmetric wall clock,Chao,Ejection OFF,p4.3.g,1,2500,6.209602974999143,6.209602974999143,4354,653.0,653.0,0.0,109.33943321923384,39,5.959919900000386,0.2496830749987566,True,True,time_limit_guard_at_iteration_boundary,True,2,04_symmetric_wall_clock_ejection_on_off/off/raw_runs.csv
Symmetric wall clock,Chao,Ejection OFF,p4.3.g,2,2500,6.209602974999143,6.209602974999143,3740,646.0,653.0,1.0719754977029097,109.62691026705508,43,5.791528499999913,0.41807447499923,True,True,time_limit_guard_at_iteration_boundary,True,2,04_symmetric_wall_clock_ejection_on_off/off/raw_runs.csv
Symmetric wall clock,Chao,Ejection OFF,p4.3.g,3,2500,6.209602974999143,6.209602974999143,4470,645.0,653.0,1.225114854517611,109.64202758815404,41,5.829816299999948,0.3797866749991954,True,True,time_limit_guard_at_iteration_boundary,True,2,04_symmetric_wall_clock_ejection_on_off/off/raw_runs.csv
Symmetric wall clock,Chao,Ejection OFF,p4.3.h,0,2500,7.29379172499921,7.29379172499921,4281,723.0,729.0,0.823045267489712,119.53072146209196,46,6.79511310000089,0.4986786249983197,True,True,time_limit_guard_at_iteration_boundary,True,2,04_symmetric_wall_clock_ejection_on_off/off/raw_runs.csv
Symmetric wall clock,Chao,Ejection OFF,p4.3.h,1,2500,7.29379172499921,7.29379172499921,4222,715.0,729.0,1.9204389574759944,119.38566600136384,46,6.825362699999459,0.4684290249997502,True,True,time_limit_guard_at_iteration_boundary,True,2,04_symmetric_wall_clock_ejection_on_off/off/raw_runs.csv
Symmetric wall clock,Chao,Ejection OFF,p4.3.h,2,2500,7.29379172499921,7.29379172499921,4380,723.0,729.0,0.823045267489712,119.53072146209196,46,6.940915699999096,0.3528760250001141,True,True,time_limit_guard_at_iteration_boundary,True,2,04_symmetric_wall_clock_ejection_on_off/off/raw_runs.csv
Symmetric wall clock,Chao,Ejection OFF,p4.3.h,3,2500,7.29379172499921,7.29379172499921,4346,715.0,729.0,1.9204389574759944,119.38566600136384,46,7.045062799999869,0.2487289249993409,True,True,time_limit_guard_at_iteration_boundary,True,2,04_symmetric_wall_clock_ejection_on_off/off/raw_runs.csv
Symmetric wall clock,Chao,Ejection OFF,p4.3.i,0,2500,8.776482175000183,8.776482175000183,4743,775.0,809.0,4.202719406674907,128.74278592199386,52,8.419175099999848,0.3573070750003353,True,True,time_limit_guard_at_iteration_boundary,True,2,04_symmetric_wall_clock_ejection_on_off/off/raw_runs.csv
Symmetric wall clock,Chao,Ejection OFF,p4.3.i,1,2500,8.776482175000183,8.776482175000183,4176,809.0,809.0,0.0,129.68545519047558,55,8.364315499999066,0.4121666750011172,True,True,time_limit_guard_at_iteration_boundary,True,2,04_symmetric_wall_clock_ejection_on_off/off/raw_runs.csv
Symmetric wall clock,Chao,Ejection OFF,p4.3.i,2,2500,8.776482175000183,8.776482175000183,4560,804.0,809.0,0.6180469715698393,129.3027691580549,54,8.463612100000319,0.3128700749998643,True,True,time_limit_guard_at_iteration_boundary,True,2,04_symmetric_wall_clock_ejection_on_off/off/raw_runs.csv
Symmetric wall clock,Chao,Ejection OFF,p4.3.i,3,2500,8.776482175000183,8.776482175000183,4456,809.0,809.0,0.0,129.68545519047558,55,8.435534499998539,0.3409476750016438,True,True,time_limit_guard_at_iteration_boundary,True,2,04_symmetric_wall_clock_ejection_on_off/off/raw_runs.csv
Symmetric wall clock,Chao,Ejection OFF,p4.3.j,0,2500,9.85806404999994,9.85806404999994,4859,852.0,861.0,1.0452961672473868,139.61419429295913,58,9.45453230000021,0.4035317499997291,True,True,time_limit_guard_at_iteration_boundary,True,2,04_symmetric_wall_clock_ejection_on_off/off/raw_runs.csv
Symmetric wall clock,Chao,Ejection OFF,p4.3.j,1,2500,9.85806404999994,9.85806404999994,4982,857.0,861.0,0.4645760743321719,139.69849814683894,58,9.608975099999952,0.2490889499999866,True,True,time_limit_guard_at_iteration_boundary,True,2,04_symmetric_wall_clock_ejection_on_off/off/raw_runs.csv
Symmetric wall clock,Chao,Ejection OFF,p4.3.j,2,2500,9.85806404999994,9.85806404999994,4670,851.0,861.0,1.1614401858304295,139.690702616046,60,9.596580999999787,0.2614830500001517,True,True,time_limit_guard_at_iteration_boundary,True,2,04_symmetric_wall_clock_ejection_on_off/off/raw_runs.csv
Symmetric wall clock,Chao,Ejection OFF,p4.3.j,3,2500,9.85806404999994,9.85806404999994,4493,849.0,861.0,1.3937282229965158,139.64790677248752,60,9.608382000000349,0.2496820499995919,True,True,time_limit_guard_at_iteration_boundary,True,2,04_symmetric_wall_clock_ejection_on_off/off/raw_runs.csv
Symmetric wall clock,Chao,Ejection OFF,p4.3.k,0,2500,10.00703465000015,10.00703465000015,4170,885.0,919.0,3.6996735582154514,149.02160356849606,62,9.757264599998962,0.2497700500011888,True,True,time_limit_guard_at_iteration_boundary,True,2,04_symmetric_wall_clock_ejection_on_off/off/raw_runs.csv
Symmetric wall clock,Chao,Ejection OFF,p4.3.k,1,2500,10.00703465000015,10.00703465000015,4368,904.0,919.0,1.632208922742111,148.9825592729497,60,9.522991300000283,0.4840433499998653,True,True,time_limit_guard_at_iteration_boundary,True,2,04_symmetric_wall_clock_ejection_on_off/off/raw_runs.csv
Symmetric wall clock,Chao,Ejection OFF,p4.3.k,2,2500,10.00703465000015,10.00703465000015,4351,904.0,919.0,1.632208922742111,148.9825592729497,60,9.565833300001032,0.441201349999119,True,True,time_limit_guard_at_iteration_boundary,True,2,04_symmetric_wall_clock_ejection_on_off/off/raw_runs.csv
Symmetric wall clock,Chao,Ejection OFF,p4.3.k,3,2500,10.00703465000015,10.00703465000015,4550,904.0,919.0,1.632208922742111,148.9825592729497,60,9.757971499999258,0.249063150000893,True,True,time_limit_guard_at_iteration_boundary,True,2,04_symmetric_wall_clock_ejection_on_off/off/raw_runs.csv
Symmetric wall clock,Chao,Ejection OFF,p4.3.l,0,2500,9.492194874999312,9.492194874999312,4402,978.0,979.0,0.1021450459652706,159.3404390086114,64,9.0102693000008,0.4819255749985132,True,True,time_limit_guard_at_iteration_boundary,True,2,04_symmetric_wall_clock_ejection_on_off/off/raw_runs.csv
Symmetric wall clock,Chao,Ejection OFF,p4.3.l,1,2500,9.492194874999312,9.492194874999312,3589,941.0,979.0,3.881511746680286,158.66056044986124,67,9.242395399998712,0.2497994750006,True,True,time_limit_guard_at_iteration_boundary,True,2,04_symmetric_wall_clock_ejection_on_off/off/raw_runs.csv
Symmetric wall clock,Chao,Ejection OFF,p4.3.l,2,2500,9.492194874999312,9.492194874999312,4337,964.0,979.0,1.5321756894790604,158.8416175285269,64,9.215219300000172,0.2769755749991418,True,True,time_limit_guard_at_iteration_boundary,True,2,04_symmetric_wall_clock_ejection_on_off/off/raw_runs.csv
Symmetric wall clock,Chao,Ejection OFF,p4.3.l,3,2500,9.492194874999312,9.492194874999312,4584,958.0,979.0,2.1450459652706844,159.5362393318784,64,9.242386300000362,0.2498085749989513,True,True,time_limit_guard_at_iteration_boundary,True,2,04_symmetric_wall_clock_ejection_on_off/off/raw_runs.csv
Symmetric wall clock,Chao,Ejection OFF,p4.3.m,0,2500,9.458147900000313,9.458147900000313,4447,1063.0,1063.0,0.0,169.40728322271747,71,9.208436700000677,0.2497111999996377,True,True,time_limit_guard_at_iteration_boundary,True,2,04_symmetric_wall_clock_ejection_on_off/off/raw_runs.csv
Symmetric wall clock,Chao,Ejection OFF,p4.3.m,1,2500,9.458147900000313,9.458147900000313,3806,1011.0,1063.0,4.8918156161806206,169.17919110059103,71,9.21156560000054,0.2465822999997726,True,True,time_limit_guard_at_iteration_boundary,True,2,04_symmetric_wall_clock_ejection_on_off/off/raw_runs.csv
Symmetric wall clock,Chao,Ejection OFF,p4.3.m,2,2500,9.458147900000313,9.458147900000313,4103,1028.0,1063.0,3.292568203198494,169.06309342086743,71,9.064704500000516,0.3934433999997964,True,True,time_limit_guard_at_iteration_boundary,True,2,04_symmetric_wall_clock_ejection_on_off/off/raw_runs.csv
Symmetric wall clock,Chao,Ejection OFF,p4.3.m,3,2500,9.458147900000313,9.458147900000313,3531,1006.0,1063.0,5.362182502351835,169.5999454220904,69,9.209544400000595,0.2486034999997173,True,True,time_limit_guard_at_iteration_boundary,True,2,04_symmetric_wall_clock_ejection_on_off/off/raw_runs.csv
Symmetric wall clock,Chao,Ejection OFF,p4.3.n,0,2500,9.54739010000003,9.54739010000003,4053,1043.0,1121.0,6.9580731489741305,179.83194706893653,75,9.252791800001432,0.2945982999985972,True,True,time_limit_guard_at_iteration_boundary,True,2,04_symmetric_wall_clock_ejection_on_off/off/raw_runs.csv
Symmetric wall clock,Chao,Ejection OFF,p4.3.n,1,2500,9.54739010000003,9.54739010000003,3957,1072.0,1121.0,4.371097234611954,178.8011701414483,75,9.22383330000048,0.323556799999551,True,True,time_limit_guard_at_iteration_boundary,True,2,04_symmetric_wall_clock_ejection_on_off/off/raw_runs.csv
Symmetric wall clock,Chao,Ejection OFF,p4.3.n,2,2500,9.54739010000003,9.54739010000003,4526,1078.0,1121.0,3.835860838537021,179.7914945305057,71,9.299195199999303,0.2481949000007262,True,True,time_limit_guard_at_iteration_boundary,True,2,04_symmetric_wall_clock_ejection_on_off/off/raw_runs.csv
Symmetric wall clock,Chao,Ejection OFF,p4.3.n,3,2500,9.54739010000003,9.54739010000003,4165,1090.0,1121.0,2.7653880463871543,179.23907851861551,76,9.136262899999563,0.4111272000004646,True,True,time_limit_guard_at_iteration_boundary,True,2,04_symmetric_wall_clock_ejection_on_off/off/raw_runs.csv
Symmetric wall clock,Chao,Ejection OFF,p4.3.o,0,2500,9.600253350000456,9.600253350000456,4438,1122.0,1172.0,4.266211604095563,189.77887855779244,78,9.223183000000065,0.3770703500003947,True,True,time_limit_guard_at_iteration_boundary,True,2,04_symmetric_wall_clock_ejection_on_off/off/raw_runs.csv
Symmetric wall clock,Chao,Ejection OFF,p4.3.o,1,2500,9.600253350000456,9.600253350000456,3690,1071.0,1172.0,8.617747440273037,189.03221264996608,72,9.108984899999996,0.4912684500004616,True,True,time_limit_guard_at_iteration_boundary,True,2,04_symmetric_wall_clock_ejection_on_off/off/raw_runs.csv
Symmetric wall clock,Chao,Ejection OFF,p4.3.o,2,2500,9.600253350000456,9.600253350000456,4654,1172.0,1172.0,0.0,189.4559709906614,76,9.350854100001015,0.2493992499994419,True,True,time_limit_guard_at_iteration_boundary,True,2,04_symmetric_wall_clock_ejection_on_off/off/raw_runs.csv
Symmetric wall clock,Chao,Ejection OFF,p4.3.o,3,2500,9.600253350000456,9.600253350000456,4591,1135.0,1172.0,3.156996587030717,189.35625711491588,77,9.328354299999774,0.2718990500006839,True,True,time_limit_guard_at_iteration_boundary,True,2,04_symmetric_wall_clock_ejection_on_off/off/raw_runs.csv
Symmetric wall clock,Chao,Ejection OFF,p4.3.p,0,2500,9.074289999999564,9.074289999999564,4399,1179.0,1222.0,3.5188216039279867,197.80941492327565,81,8.701557499998671,0.3727325000008932,True,True,time_limit_guard_at_iteration_boundary,True,2,04_symmetric_wall_clock_ejection_on_off/off/raw_runs.csv
Symmetric wall clock,Chao,Ejection OFF,p4.3.p,1,2500,9.074289999999564,9.074289999999564,4305,1202.0,1222.0,1.6366612111292962,199.15679290402767,84,8.640170399999988,0.4341195999995761,True,True,time_limit_guard_at_iteration_boundary,True,2,04_symmetric_wall_clock_ejection_on_off/off/raw_runs.csv
Symmetric wall clock,Chao,Ejection OFF,p4.3.p,2,2500,9.074289999999564,9.074289999999564,4029,1189.0,1222.0,2.700490998363339,199.61358396327785,82,8.655389899999136,0.4189001000004282,True,True,time_limit_guard_at_iteration_boundary,True,2,04_symmetric_wall_clock_ejection_on_off/off/raw_runs.csv
Symmetric wall clock,Chao,Ejection OFF,p4.3.p,3,2500,9.074289999999564,9.074289999999564,3902,1144.0,1222.0,6.382978723404255,198.5812548126844,77,8.797795100001167,0.2764948999983971,True,True,time_limit_guard_at_iteration_boundary,True,2,04_symmetric_wall_clock_ejection_on_off/off/raw_runs.csv
Symmetric wall clock,Chao,Ejection OFF,p4.3.q,0,2500,9.11141975000055,9.11141975000055,4454,1222.0,1253.0,2.474062250598564,208.821078265584,83,8.661843699999736,0.4495760500008146,True,True,time_limit_guard_at_iteration_boundary,True,2,04_symmetric_wall_clock_ejection_on_off/off/raw_runs.csv
Symmetric wall clock,Chao,Ejection OFF,p4.3.q,1,2500,9.11141975000055,9.11141975000055,4515,1194.0,1253.0,4.708699122106943,208.0119470313693,82,8.828227699999843,0.2831920500007072,True,True,time_limit_guard_at_iteration_boundary,True,2,04_symmetric_wall_clock_ejection_on_off/off/raw_runs.csv
Symmetric wall clock,Chao,Ejection OFF,p4.3.q,2,2500,9.11141975000055,9.11141975000055,4735,1251.0,1253.0,0.1596169193934557,209.5110083354489,86,8.748196100001223,0.3632236499993269,True,True,time_limit_guard_at_iteration_boundary,True,2,04_symmetric_wall_clock_ejection_on_off/off/raw_runs.csv
Symmetric wall clock,Chao,Ejection OFF,p4.3.q,3,2500,9.11141975000055,9.11141975000055,4907,1251.0,1253.0,0.1596169193934557,209.5110083354489,86,8.861814399999275,0.2496053500012749,True,True,time_limit_guard_at_iteration_boundary,True,2,04_symmetric_wall_clock_ejection_on_off/off/raw_runs.csv
Symmetric wall clock,Chao,Ejection OFF,p4.3.r,0,2500,7.666611625000314,7.666611625000314,3776,1248.0,1273.0,1.9638648860958363,217.79069085653435,86,7.418512800000826,0.248098824999488,True,True,time_limit_guard_at_iteration_boundary,True,2,04_symmetric_wall_clock_ejection_on_off/off/raw_runs.csv
Symmetric wall clock,Chao,Ejection OFF,p4.3.r,1,2500,7.666611625000314,7.666611625000314,3622,1246.0,1273.0,2.1209740769835035,218.99108816071947,87,7.4192791000004945,0.2473325249998197,True,True,time_limit_guard_at_iteration_boundary,True,2,04_symmetric_wall_clock_ejection_on_off/off/raw_runs.csv
Symmetric wall clock,Chao,Ejection OFF,p4.3.r,2,2500,7.666611625000314,7.666611625000314,3959,1262.0,1273.0,0.8641005498821681,218.4902892725671,91,7.371109900001102,0.2955017249992124,True,True,time_limit_guard_at_iteration_boundary,True,2,04_symmetric_wall_clock_ejection_on_off/off/raw_runs.csv
Symmetric wall clock,Chao,Ejection OFF,p4.3.r,3,2500,7.666611625000314,7.666611625000314,3565,1220.0,1273.0,4.163393558523174,219.6836260522512,85,7.316351299999951,0.3502603250003631,True,True,time_limit_guard_at_iteration_boundary,True,2,04_symmetric_wall_clock_ejection_on_off/off/raw_runs.csv
Symmetric wall clock,Chao,Ejection OFF,p4.3.s,0,2500,7.327271674999793,7.327271674999793,2934,1237.0,1295.0,4.478764478764479,228.3867667840458,87,7.078117099999872,0.2491545749999204,True,True,time_limit_guard_at_iteration_boundary,True,2,04_symmetric_wall_clock_ejection_on_off/off/raw_runs.csv
Symmetric wall clock,Chao,Ejection OFF,p4.3.s,1,2500,7.327271674999793,7.327271674999793,3910,1272.0,1295.0,1.776061776061776,228.62964555403323,92,6.959482600001138,0.3677890749986545,True,True,time_limit_guard_at_iteration_boundary,True,2,04_symmetric_wall_clock_ejection_on_off/off/raw_runs.csv
Symmetric wall clock,Chao,Ejection OFF,p4.3.s,2,2500,7.327271674999793,7.327271674999793,4135,1285.0,1295.0,0.7722007722007722,229.67010707908256,92,6.929880100000446,0.3973915749993466,True,True,time_limit_guard_at_iteration_boundary,True,2,04_symmetric_wall_clock_ejection_on_off/off/raw_runs.csv
Symmetric wall clock,Chao,Ejection OFF,p4.3.s,3,2500,7.327271674999793,7.327271674999793,3774,1260.0,1295.0,2.702702702702702,229.3269594370517,86,7.079118999999992,0.2481526749998011,True,True,time_limit_guard_at_iteration_boundary,True,2,04_symmetric_wall_clock_ejection_on_off/off/raw_runs.csv
Symmetric wall clock,Chao,Ejection OFF,p4.3.t,0,2500,6.438867599999412,6.438867599999412,3590,1304.0,1305.0,0.0766283524904214,234.9120419146988,96,6.14271700000063,0.2961505999987821,True,True,time_limit_guard_at_iteration_boundary,True,2,04_symmetric_wall_clock_ejection_on_off/off/raw_runs.csv
Symmetric wall clock,Chao,Ejection OFF,p4.3.t,1,2500,6.438867599999412,6.438867599999412,3685,1299.0,1305.0,0.4597701149425287,239.1219091703998,96,6.180880200001411,0.2579873999980009,True,True,time_limit_guard_at_iteration_boundary,True,2,04_symmetric_wall_clock_ejection_on_off/off/raw_runs.csv
Symmetric wall clock,Chao,Ejection OFF,p4.3.t,2,2500,6.438867599999412,6.438867599999412,3517,1284.0,1305.0,1.6091954022988506,236.8728969476164,96,6.04578070000025,0.3930868999991617,True,True,time_limit_guard_at_iteration_boundary,True,2,04_symmetric_wall_clock_ejection_on_off/off/raw_runs.csv
Symmetric wall clock,Chao,Ejection OFF,p4.3.t,3,2500,6.438867599999412,6.438867599999412,3605,1291.0,1305.0,1.0727969348659003,237.1742119312627,93,6.189495099999476,0.2493724999999358,True,True,time_limit_guard_at_iteration_boundary,True,2,04_symmetric_wall_clock_ejection_on_off/off/raw_runs.csv
Symmetric wall clock,Chao,Ejection OFF,p4.4.e,0,2500,1.968330700000024,1.968330700000024,3016,183.0,183.0,0.0,88.4034580996323,13,1.4864070000003269,0.4819236999996974,True,True,time_limit_guard_at_iteration_boundary,True,2,04_symmetric_wall_clock_ejection_on_off/off/raw_runs.csv
Symmetric wall clock,Chao,Ejection OFF,p4.4.e,1,2500,1.968330700000024,1.968330700000024,3035,183.0,183.0,0.0,88.4034580996323,13,1.503853099999105,0.4644776000009187,True,True,time_limit_guard_at_iteration_boundary,True,2,04_symmetric_wall_clock_ejection_on_off/off/raw_runs.csv
Symmetric wall clock,Chao,Ejection OFF,p4.4.e,2,2500,1.968330700000024,1.968330700000024,3045,183.0,183.0,0.0,88.4034580996323,13,1.4921176000007108,0.4762130999993132,True,True,time_limit_guard_at_iteration_boundary,True,2,04_symmetric_wall_clock_ejection_on_off/off/raw_runs.csv
Symmetric wall clock,Chao,Ejection OFF,p4.4.e,3,2500,1.968330700000024,1.968330700000024,3105,183.0,183.0,0.0,88.4034580996323,13,1.535094000000754,0.43323669999927,True,True,time_limit_guard_at_iteration_boundary,True,2,04_symmetric_wall_clock_ejection_on_off/off/raw_runs.csv
Symmetric wall clock,Chao,Ejection OFF,p4.4.f,0,2500,3.190492099999574,3.190492099999574,3927,324.0,324.0,0.0,99.11536384578312,21,2.773046299998896,0.417445800000678,True,True,time_limit_guard_at_iteration_boundary,True,2,04_symmetric_wall_clock_ejection_on_off/off/raw_runs.csv
Symmetric wall clock,Chao,Ejection OFF,p4.4.f,1,2500,3.190492099999574,3.190492099999574,3934,319.0,324.0,1.5432098765432098,99.40257910057508,21,2.8111533999999665,0.3793386999996073,True,True,time_limit_guard_at_iteration_boundary,True,2,04_symmetric_wall_clock_ejection_on_off/off/raw_runs.csv
Symmetric wall clock,Chao,Ejection OFF,p4.4.f,2,2500,3.190492099999574,3.190492099999574,3866,324.0,324.0,0.0,99.11536384578312,21,2.736881200000425,0.4536108999991484,True,True,time_limit_guard_at_iteration_boundary,True,2,04_symmetric_wall_clock_ejection_on_off/off/raw_runs.csv
Symmetric wall clock,Chao,Ejection OFF,p4.4.f,3,2500,3.190492099999574,3.190492099999574,3818,319.0,324.0,1.5432098765432098,99.40257910057508,21,2.719698700000663,0.4707933999989109,True,True,time_limit_guard_at_iteration_boundary,True,2,04_symmetric_wall_clock_ejection_on_off/off/raw_runs.csv
Symmetric wall clock,Chao,Ejection OFF,p4.4.g,0,2500,4.28755612499981,4.28755612499981,4189,461.0,461.0,0.0,109.5577907405125,31,3.797333200000139,0.4902229249996708,True,True,time_limit_guard_at_iteration_boundary,True,2,04_symmetric_wall_clock_ejection_on_off/off/raw_runs.csv
Symmetric wall clock,Chao,Ejection OFF,p4.4.g,1,2500,4.28755612499981,4.28755612499981,4237,461.0,461.0,0.0,109.5577907405125,31,3.881346399999529,0.4062097250002807,True,True,time_limit_guard_at_iteration_boundary,True,2,04_symmetric_wall_clock_ejection_on_off/off/raw_runs.csv
Symmetric wall clock,Chao,Ejection OFF,p4.4.g,2,2500,4.28755612499981,4.28755612499981,4329,461.0,461.0,0.0,109.5577907405125,31,3.962075699999332,0.3254804250004781,True,True,time_limit_guard_at_iteration_boundary,True,2,04_symmetric_wall_clock_ejection_on_off/off/raw_runs.csv
Symmetric wall clock,Chao,Ejection OFF,p4.4.g,3,2500,4.28755612499981,4.28755612499981,4130,461.0,461.0,0.0,109.5577907405125,31,3.7903090999989217,0.4972470250008882,True,True,time_limit_guard_at_iteration_boundary,True,2,04_symmetric_wall_clock_ejection_on_off/off/raw_runs.csv
Symmetric wall clock,Chao,Ejection OFF,p4.4.h,0,2500,5.165406449999409,5.165406449999409,4051,544.0,571.0,4.728546409807356,118.38331347478608,36,4.823420900000201,0.3419855499992081,True,True,time_limit_guard_at_iteration_boundary,True,2,04_symmetric_wall_clock_ejection_on_off/off/raw_runs.csv
Symmetric wall clock,Chao,Ejection OFF,p4.4.h,1,2500,5.165406449999409,5.165406449999409,4001,554.0,571.0,2.9772329246935203,119.199445649591,37,4.670689700000366,0.4947167499990428,True,True,time_limit_guard_at_iteration_boundary,True,2,04_symmetric_wall_clock_ejection_on_off/off/raw_runs.csv
Symmetric wall clock,Chao,Ejection OFF,p4.4.h,2,2500,5.165406449999409,5.165406449999409,4157,554.0,571.0,2.9772329246935203,119.199445649591,37,4.863505700001042,0.3019007499983672,True,True,time_limit_guard_at_iteration_boundary,True,2,04_symmetric_wall_clock_ejection_on_off/off/raw_runs.csv
Symmetric wall clock,Chao,Ejection OFF,p4.4.h,3,2500,5.165406449999409,5.165406449999409,4017,554.0,571.0,2.9772329246935203,119.199445649591,37,4.721611199998733,0.4437952500006759,True,True,time_limit_guard_at_iteration_boundary,True,2,04_symmetric_wall_clock_ejection_on_off/off/raw_runs.csv
Symmetric wall clock,Chao,Ejection OFF,p4.4.i,0,2500,5.946116475000508,5.946116475000508,4242,632.0,657.0,3.8051750380517504,128.94777256274065,39,5.647017599998435,0.2990988750020733,True,True,time_limit_guard_at_iteration_boundary,True,2,04_symmetric_wall_clock_ejection_on_off/off/raw_runs.csv
Symmetric wall clock,Chao,Ejection OFF,p4.4.i,1,2500,5.946116475000508,5.946116475000508,4452,657.0,657.0,0.0,129.34436864908335,43,5.620605000000069,0.3255114750004395,True,True,time_limit_guard_at_iteration_boundary,True,2,04_symmetric_wall_clock_ejection_on_off/off/raw_runs.csv
Symmetric wall clock,Chao,Ejection OFF,p4.4.i,2,2500,5.946116475000508,5.946116475000508,4001,641.0,657.0,2.43531202435312,128.37205212269953,44,5.59672320000027,0.3493932750002386,True,True,time_limit_guard_at_iteration_boundary,True,2,04_symmetric_wall_clock_ejection_on_off/off/raw_runs.csv
Symmetric wall clock,Chao,Ejection OFF,p4.4.i,3,2500,5.946116475000508,5.946116475000508,4046,631.0,657.0,3.95738203957382,128.54690418552823,44,5.531318299999839,0.4147981750006693,True,True,time_limit_guard_at_iteration_boundary,True,2,04_symmetric_wall_clock_ejection_on_off/off/raw_runs.csv
Symmetric wall clock,Chao,Ejection OFF,p4.4.j,0,2500,6.796319374999712,6.796319374999712,4585,732.0,732.0,0.0,138.09918574445643,47,6.494617700000163,0.3017016749995491,True,True,time_limit_guard_at_iteration_boundary,True,2,04_symmetric_wall_clock_ejection_on_off/off/raw_runs.csv
Symmetric wall clock,Chao,Ejection OFF,p4.4.j,1,2500,6.796319374999712,6.796319374999712,4459,708.0,732.0,3.278688524590164,138.48842307265622,47,6.522798099998909,0.2735212750008031,True,True,time_limit_guard_at_iteration_boundary,True,2,04_symmetric_wall_clock_ejection_on_off/off/raw_runs.csv
Symmetric wall clock,Chao,Ejection OFF,p4.4.j,2,2500,6.796319374999712,6.796319374999712,4459,708.0,732.0,3.278688524590164,138.48842307265622,47,6.49311200000011,0.3032073749996016,True,True,time_limit_guard_at_iteration_boundary,True,2,04_symmetric_wall_clock_ejection_on_off/off/raw_runs.csv
Symmetric wall clock,Chao,Ejection OFF,p4.4.j,3,2500,6.796319374999712,6.796319374999712,4263,716.0,732.0,2.185792349726776,139.41144270438787,46,6.333952400000271,0.4623669749994405,True,True,time_limit_guard_at_iteration_boundary,True,2,04_symmetric_wall_clock_ejection_on_off/off/raw_runs.csv
Symmetric wall clock,Chao,Ejection OFF,p4.4.k,0,2500,8.15633514999945,8.15633514999945,4658,811.0,821.0,1.218026796589525,148.33550049699556,55,7.907352199999877,0.2489829499995721,True,True,time_limit_guard_at_iteration_boundary,True,2,04_symmetric_wall_clock_ejection_on_off/off/raw_runs.csv
Symmetric wall clock,Chao,Ejection OFF,p4.4.k,1,2500,8.15633514999945,8.15633514999945,4684,818.0,821.0,0.3654080389768575,149.27931998905447,56,7.796838299998853,0.3594968500005961,True,True,time_limit_guard_at_iteration_boundary,True,2,04_symmetric_wall_clock_ejection_on_off/off/raw_runs.csv
Symmetric wall clock,Chao,Ejection OFF,p4.4.k,2,2500,8.15633514999945,8.15633514999945,4749,821.0,821.0,0.0,149.55886823886368,55,7.753907000000254,0.4024281499991957,True,True,time_limit_guard_at_iteration_boundary,True,2,04_symmetric_wall_clock_ejection_on_off/off/raw_runs.csv
Symmetric wall clock,Chao,Ejection OFF,p4.4.k,3,2500,8.15633514999945,8.15633514999945,4865,818.0,821.0,0.3654080389768575,149.27931998905447,56,7.906584199999997,0.2497509499994521,True,True,time_limit_guard_at_iteration_boundary,True,2,04_symmetric_wall_clock_ejection_on_off/off/raw_runs.csv
Symmetric wall clock,Chao,Ejection OFF,p4.4.l,0,2500,8.395748049999838,8.395748049999838,4853,862.0,880.0,2.0454545454545454,159.4822218939579,61,8.146760100000392,0.2489879499994458,True,True,time_limit_guard_at_iteration_boundary,True,2,04_symmetric_wall_clock_ejection_on_off/off/raw_runs.csv
Symmetric wall clock,Chao,Ejection OFF,p4.4.l,1,2500,8.395748049999838,8.395748049999838,4008,877.0,880.0,0.3409090909090909,158.70343331584655,62,8.145933400001013,0.2498146499988252,True,True,time_limit_guard_at_iteration_boundary,True,2,04_symmetric_wall_clock_ejection_on_off/off/raw_runs.csv
Symmetric wall clock,Chao,Ejection OFF,p4.4.l,2,2500,8.395748049999838,8.395748049999838,4507,867.0,880.0,1.4772727272727273,159.0795283586896,61,8.1350395999998,0.2607084500000383,True,True,time_limit_guard_at_iteration_boundary,True,2,04_symmetric_wall_clock_ejection_on_off/off/raw_runs.csv
Symmetric wall clock,Chao,Ejection OFF,p4.4.l,3,2500,8.395748049999838,8.395748049999838,4473,879.0,880.0,0.1136363636363636,159.12622360742682,62,7.93366849999984,0.4620795499999985,True,True,time_limit_guard_at_iteration_boundary,True,2,04_symmetric_wall_clock_ejection_on_off/off/raw_runs.csv
Symmetric wall clock,Chao,Ejection OFF,p4.4.m,0,2500,9.052383624999491,9.052383624999491,3839,904.0,919.0,1.632208922742111,166.7331873788701,66,8.803484100000787,0.2488995249987056,True,True,time_limit_guard_at_iteration_boundary,True,2,04_symmetric_wall_clock_ejection_on_off/off/raw_runs.csv
Symmetric wall clock,Chao,Ejection OFF,p4.4.m,1,2500,9.052383624999491,9.052383624999491,3941,906.0,919.0,1.4145810663764962,168.88922543736038,68,8.688802399999986,0.3635812249995069,True,True,time_limit_guard_at_iteration_boundary,True,2,04_symmetric_wall_clock_ejection_on_off/off/raw_runs.csv
Symmetric wall clock,Chao,Ejection OFF,p4.4.m,2,2500,9.052383624999491,9.052383624999491,4520,907.0,919.0,1.3057671381936888,169.44849705468155,62,8.717172599999685,0.3352110249998077,True,True,time_limit_guard_at_iteration_boundary,True,2,04_symmetric_wall_clock_ejection_on_off/off/raw_runs.csv
Symmetric wall clock,Chao,Ejection OFF,p4.4.m,3,2500,9.052383624999491,9.052383624999491,4762,898.0,919.0,2.2850924918389555,167.09062143548528,64,8.802778399998715,0.2496052250007778,True,True,time_limit_guard_at_iteration_boundary,True,2,04_symmetric_wall_clock_ejection_on_off/off/raw_runs.csv
Symmetric wall clock,Chao,Ejection OFF,p4.4.n,0,2500,9.472798925000006,9.472798925000006,4202,930.0,976.0,4.713114754098361,175.73820825772228,69,8.984600199999477,0.4881987250005295,True,True,time_limit_guard_at_iteration_boundary,True,2,04_symmetric_wall_clock_ejection_on_off/off/raw_runs.csv
Symmetric wall clock,Chao,Ejection OFF,p4.4.n,1,2500,9.472798925000006,9.472798925000006,3865,958.0,976.0,1.8442622950819672,177.96503159201717,71,9.00485209999897,0.4679468250010359,True,True,time_limit_guard_at_iteration_boundary,True,2,04_symmetric_wall_clock_ejection_on_off/off/raw_runs.csv
Symmetric wall clock,Chao,Ejection OFF,p4.4.n,2,2500,9.472798925000006,9.472798925000006,4361,939.0,976.0,3.790983606557377,175.71087215523437,67,9.22339280000051,0.2494061249994956,True,True,time_limit_guard_at_iteration_boundary,True,2,04_symmetric_wall_clock_ejection_on_off/off/raw_runs.csv
Symmetric wall clock,Chao,Ejection OFF,p4.4.n,3,2500,9.472798925000006,9.472798925000006,4138,937.0,976.0,3.9959016393442623,177.24352870881057,68,9.12212780000118,0.3506711249988257,True,True,time_limit_guard_at_iteration_boundary,True,2,04_symmetric_wall_clock_ejection_on_off/off/raw_runs.csv
Symmetric wall clock,Chao,Ejection OFF,p4.4.o,0,2500,8.759460175000186,8.759460175000186,3767,965.0,1061.0,9.048067860508954,189.68186327244476,73,8.372380300001169,0.3870798749990172,True,True,time_limit_guard_at_iteration_boundary,True,2,04_symmetric_wall_clock_ejection_on_off/off/raw_runs.csv
Symmetric wall clock,Chao,Ejection OFF,p4.4.o,1,2500,8.759460175000186,8.759460175000186,4107,982.0,1061.0,7.445805843543827,188.698546207612,71,8.370386300000973,0.3890738749992124,True,True,time_limit_guard_at_iteration_boundary,True,2,04_symmetric_wall_clock_ejection_on_off/off/raw_runs.csv
Symmetric wall clock,Chao,Ejection OFF,p4.4.o,2,2500,8.759460175000186,8.759460175000186,4284,1030.0,1061.0,2.9217719132893496,187.82707057032445,70,8.510144500000024,0.2493156750001617,True,True,time_limit_guard_at_iteration_boundary,True,2,04_symmetric_wall_clock_ejection_on_off/off/raw_runs.csv
Symmetric wall clock,Chao,Ejection OFF,p4.4.o,3,2500,8.759460175000186,8.759460175000186,3246,988.0,1061.0,6.880301602262017,188.52256338870424,74,8.512727499999528,0.2467326750006577,True,True,time_limit_guard_at_iteration_boundary,True,2,04_symmetric_wall_clock_ejection_on_off/off/raw_runs.csv
Symmetric wall clock,Chao,Ejection OFF,p4.4.p,0,2500,9.107960350000212,9.107960350000212,4215,1046.0,1124.0,6.93950177935943,197.57875961417125,71,8.758585200001107,0.3493751499991049,True,True,time_limit_guard_at_iteration_boundary,True,2,04_symmetric_wall_clock_ejection_on_off/off/raw_runs.csv
Symmetric wall clock,Chao,Ejection OFF,p4.4.p,1,2500,9.107960350000212,9.107960350000212,4174,1085.0,1124.0,3.469750889679715,199.1892609949117,73,8.69947300000058,0.408487349999632,True,True,time_limit_guard_at_iteration_boundary,True,2,04_symmetric_wall_clock_ejection_on_off/off/raw_runs.csv
Symmetric wall clock,Chao,Ejection OFF,p4.4.p,2,2500,9.107960350000212,9.107960350000212,4179,1034.0,1124.0,8.00711743772242,197.2272617922578,75,8.858316799998647,0.249643550001565,True,True,time_limit_guard_at_iteration_boundary,True,2,04_symmetric_wall_clock_ejection_on_off/off/raw_runs.csv
Symmetric wall clock,Chao,Ejection OFF,p4.4.p,3,2500,9.107960350000212,9.107960350000212,4189,1049.0,1124.0,6.672597864768683,198.7819621334565,72,8.642775899999833,0.465184450000379,True,True,time_limit_guard_at_iteration_boundary,True,2,04_symmetric_wall_clock_ejection_on_off/off/raw_runs.csv
Symmetric wall clock,Chao,Ejection OFF,p4.4.q,0,2500,8.05738297500011,8.05738297500011,3673,1119.0,1161.0,3.617571059431525,208.90218166416025,74,7.807708700000148,0.2496742749999612,True,True,time_limit_guard_at_iteration_boundary,True,2,04_symmetric_wall_clock_ejection_on_off/off/raw_runs.csv
Symmetric wall clock,Chao,Ejection OFF,p4.4.q,1,2500,8.05738297500011,8.05738297500011,4338,1161.0,1161.0,0.0,209.01366648926071,80,7.808098199999222,0.2492847750008877,True,True,time_limit_guard_at_iteration_boundary,True,2,04_symmetric_wall_clock_ejection_on_off/off/raw_runs.csv
Symmetric wall clock,Chao,Ejection OFF,p4.4.q,2,2500,8.05738297500011,8.05738297500011,4189,1118.0,1161.0,3.703703703703704,208.96051325957825,80,7.809130899999218,0.2482520750008916,True,True,time_limit_guard_at_iteration_boundary,True,2,04_symmetric_wall_clock_ejection_on_off/off/raw_runs.csv
Symmetric wall clock,Chao,Ejection OFF,p4.4.q,3,2500,8.05738297500011,8.05738297500011,3807,1128.0,1161.0,2.842377260981912,207.91221620162813,76,7.808919700000843,0.248463274999267,True,True,time_limit_guard_at_iteration_boundary,True,2,04_symmetric_wall_clock_ejection_on_off/off/raw_runs.csv
Symmetric wall clock,Chao,Ejection OFF,p4.4.r,0,2500,7.936711199999536,7.936711199999536,3769,1170.0,1216.0,3.782894736842105,217.95278409039068,84,7.688065300000744,0.2486458999987917,True,True,time_limit_guard_at_iteration_boundary,True,2,04_symmetric_wall_clock_ejection_on_off/off/raw_runs.csv
Symmetric wall clock,Chao,Ejection OFF,p4.4.r,1,2500,7.936711199999536,7.936711199999536,4007,1171.0,1216.0,3.700657894736842,217.44182206910705,85,7.451325800000632,0.4853853999989042,True,True,time_limit_guard_at_iteration_boundary,True,2,04_symmetric_wall_clock_ejection_on_off/off/raw_runs.csv
Symmetric wall clock,Chao,Ejection OFF,p4.4.r,2,2500,7.936711199999536,7.936711199999536,4059,1174.0,1216.0,3.4539473684210527,216.93112611793111,85,7.518862200000512,0.4178489999990233,True,True,time_limit_guard_at_iteration_boundary,True,2,04_symmetric_wall_clock_ejection_on_off/off/raw_runs.csv
Symmetric wall clock,Chao,Ejection OFF,p4.4.r,3,2500,7.936711199999536,7.936711199999536,4057,1170.0,1216.0,3.782894736842105,218.44304210796903,80,7.687732700000197,0.2489784999993389,True,True,time_limit_guard_at_iteration_boundary,True,2,04_symmetric_wall_clock_ejection_on_off/off/raw_runs.csv
Symmetric wall clock,Chao,Ejection OFF,p4.4.s,0,2500,7.267381775000558,7.267381775000558,4075,1213.0,1260.0,3.73015873015873,227.35119833425043,86,7.01746490000005,0.2499168750005083,True,True,time_limit_guard_at_iteration_boundary,True,2,04_symmetric_wall_clock_ejection_on_off/off/raw_runs.csv
Symmetric wall clock,Chao,Ejection OFF,p4.4.s,1,2500,7.267381775000558,7.267381775000558,4036,1213.0,1260.0,3.73015873015873,227.32185511734,86,7.019158499999321,0.2482232750012372,True,True,time_limit_guard_at_iteration_boundary,True,2,04_symmetric_wall_clock_ejection_on_off/off/raw_runs.csv
Symmetric wall clock,Chao,Ejection OFF,p4.4.s,2,2500,7.267381775000558,7.267381775000558,4037,1246.0,1260.0,1.1111111111111112,227.8907146264247,85,7.017975499999011,0.2494062750015473,True,True,time_limit_guard_at_iteration_boundary,True,2,04_symmetric_wall_clock_ejection_on_off/off/raw_runs.csv
Symmetric wall clock,Chao,Ejection OFF,p4.4.s,3,2500,7.267381775000558,7.267381775000558,3838,1246.0,1260.0,1.1111111111111112,229.2427807992669,85,6.91762480000034,0.3497569750002185,True,True,time_limit_guard_at_iteration_boundary,True,2,04_symmetric_wall_clock_ejection_on_off/off/raw_runs.csv
Symmetric wall clock,Chao,Ejection OFF,p4.4.t,0,2500,6.894636874999833,6.894636874999833,3685,1263.0,1285.0,1.7120622568093384,236.99760667041173,91,6.644801399999778,0.2498354750000544,True,True,time_limit_guard_at_iteration_boundary,True,2,04_symmetric_wall_clock_ejection_on_off/off/raw_runs.csv
Symmetric wall clock,Chao,Ejection OFF,p4.4.t,1,2500,6.894636874999833,6.894636874999833,3667,1255.0,1285.0,2.3346303501945527,239.2237020808961,88,6.6454690999999,0.2491677749999326,True,True,time_limit_guard_at_iteration_boundary,True,2,04_symmetric_wall_clock_ejection_on_off/off/raw_runs.csv
Symmetric wall clock,Chao,Ejection OFF,p4.4.t,2,2500,6.894636874999833,6.894636874999833,3959,1269.0,1285.0,1.245136186770428,238.046485071528,90,6.644785899999988,0.2498509749998447,True,True,time_limit_guard_at_iteration_boundary,True,2,04_symmetric_wall_clock_ejection_on_off/off/raw_runs.csv
Symmetric wall clock,Chao,Ejection OFF,p4.4.t,3,2500,6.894636874999833,6.894636874999833,3826,1241.0,1285.0,3.424124513618677,239.04748100697992,89,6.448282099998323,0.4463547750015095,True,True,time_limit_guard_at_iteration_boundary,True,2,04_symmetric_wall_clock_ejection_on_off/off/raw_runs.csv
Symmetric wall clock,Chao,Ejection OFF,p5.2.h,0,2500,2.5047752749997017,2.5047752749997017,4245,395.0,410.0,3.658536585365854,39.13440155836258,17,2.0795149999994464,0.4252602750002552,True,True,time_limit_guard_at_iteration_boundary,True,2,04_symmetric_wall_clock_ejection_on_off/off/raw_runs.csv
Symmetric wall clock,Chao,Ejection OFF,p5.2.h,1,2500,2.5047752749997017,2.5047752749997017,3999,390.0,410.0,4.878048780487805,39.49847350245616,18,2.0380973999999696,0.466677874999732,True,True,time_limit_guard_at_iteration_boundary,True,2,04_symmetric_wall_clock_ejection_on_off/off/raw_runs.csv
Symmetric wall clock,Chao,Ejection OFF,p5.2.h,2,2500,2.5047752749997017,2.5047752749997017,4157,410.0,410.0,0.0,39.62123278463429,18,2.0676822000004904,0.4370930749992112,True,True,time_limit_guard_at_iteration_boundary,True,2,04_symmetric_wall_clock_ejection_on_off/off/raw_runs.csv
Symmetric wall clock,Chao,Ejection OFF,p5.2.h,3,2500,2.5047752749997017,2.5047752749997017,3999,390.0,410.0,4.878048780487805,39.49847350245616,18,2.02847490000022,0.4763003749994823,True,True,time_limit_guard_at_iteration_boundary,True,2,04_symmetric_wall_clock_ejection_on_off/off/raw_runs.csv
Symmetric wall clock,Chao,Ejection OFF,p5.2.j,0,2500,2.6727737749997686,2.6727737749997686,3399,560.0,580.0,3.4482758620689653,49.84161925296378,24,2.271337899999708,0.401435875000061,True,True,time_limit_guard_at_iteration_boundary,True,2,04_symmetric_wall_clock_ejection_on_off/off/raw_runs.csv
Symmetric wall clock,Chao,Ejection OFF,p5.2.j,1,2500,2.6727737749997686,2.6727737749997686,3743,570.0,580.0,1.7241379310344829,49.79592112104502,22,2.2563546000001224,0.4164191749996462,True,True,time_limit_guard_at_iteration_boundary,True,2,04_symmetric_wall_clock_ejection_on_off/off/raw_runs.csv
Symmetric wall clock,Chao,Ejection OFF,p5.2.j,2,2500,2.6727737749997686,2.6727737749997686,3507,570.0,580.0,1.7241379310344829,49.79592112104502,22,2.175585900000442,0.4971878749993266,True,True,time_limit_guard_at_iteration_boundary,True,2,04_symmetric_wall_clock_ejection_on_off/off/raw_runs.csv
Symmetric wall clock,Chao,Ejection OFF,p5.2.j,3,2500,2.6727737749997686,2.6727737749997686,3399,560.0,580.0,3.4482758620689653,49.84161925296378,24,2.2525584000013623,0.4202153749984063,True,True,time_limit_guard_at_iteration_boundary,True,2,04_symmetric_wall_clock_ejection_on_off/off/raw_runs.csv
Symmetric wall clock,Chao,Ejection OFF,p5.2.k,0,2500,3.485266225000487,3.485266225000487,4798,670.0,670.0,0.0,54.12899020449196,26,3.107984000000215,0.3772822250002718,True,True,time_limit_guard_at_iteration_boundary,True,2,04_symmetric_wall_clock_ejection_on_off/off/raw_runs.csv
Symmetric wall clock,Chao,Ejection OFF,p5.2.k,1,2500,3.485266225000487,3.485266225000487,4576,670.0,670.0,0.0,54.12899020449196,26,3.0592916999994486,0.4259745250010383,True,True,time_limit_guard_at_iteration_boundary,True,2,04_symmetric_wall_clock_ejection_on_off/off/raw_runs.csv
Symmetric wall clock,Chao,Ejection OFF,p5.2.k,2,2500,3.485266225000487,3.485266225000487,4825,665.0,670.0,0.746268656716418,54.36505818199176,25,3.0408735999990317,0.4443926250014556,True,True,time_limit_guard_at_iteration_boundary,True,2,04_symmetric_wall_clock_ejection_on_off/off/raw_runs.csv
Symmetric wall clock,Chao,Ejection OFF,p5.2.k,3,2500,3.485266225000487,3.485266225000487,4754,670.0,670.0,0.0,54.12899020449196,26,3.0932042000004003,0.3920620250000866,True,True,time_limit_guard_at_iteration_boundary,True,2,04_symmetric_wall_clock_ejection_on_off/off/raw_runs.csv
Symmetric wall clock,Chao,Ejection OFF,p5.2.l,0,2500,3.2870740499997737,3.2870740499997737,4148,800.0,800.0,0.0,59.62123278463429,28,2.8402459000008093,0.4468281499989643,True,True,time_limit_guard_at_iteration_boundary,True,2,04_symmetric_wall_clock_ejection_on_off/off/raw_runs.csv
Symmetric wall clock,Chao,Ejection OFF,p5.2.l,1,2500,3.2870740499997737,3.2870740499997737,3973,770.0,800.0,3.75,59.70353861930931,28,2.8272532999999385,0.4598207499998352,True,True,time_limit_guard_at_iteration_boundary,True,2,04_symmetric_wall_clock_ejection_on_off/off/raw_runs.csv
Symmetric wall clock,Chao,Ejection OFF,p5.2.l,2,2500,3.2870740499997737,3.2870740499997737,3812,740.0,800.0,7.5,57.84161925296378,28,2.788750399999117,0.4983236500006569,True,True,time_limit_guard_at_iteration_boundary,True,2,04_symmetric_wall_clock_ejection_on_off/off/raw_runs.csv
Symmetric wall clock,Chao,Ejection OFF,p5.2.l,3,2500,3.2870740499997737,3.2870740499997737,4162,800.0,800.0,0.0,59.62123278463429,28,2.8800577000001795,0.4070163499995942,True,True,time_limit_guard_at_iteration_boundary,True,2,04_symmetric_wall_clock_ejection_on_off/off/raw_runs.csv
Symmetric wall clock,Chao,Ejection OFF,p5.2.m,0,2500,4.330206825000005,4.330206825000005,5447,850.0,860.0,1.162790697674419,64.94427190999916,30,3.968341100000544,0.3618657249994612,True,True,time_limit_guard_at_iteration_boundary,True,2,04_symmetric_wall_clock_ejection_on_off/off/raw_runs.csv
Symmetric wall clock,Chao,Ejection OFF,p5.2.m,1,2500,4.330206825000005,4.330206825000005,5398,850.0,860.0,1.162790697674419,64.94427190999916,30,3.920099900000423,0.4101069249995817,True,True,time_limit_guard_at_iteration_boundary,True,2,04_symmetric_wall_clock_ejection_on_off/off/raw_runs.csv
Symmetric wall clock,Chao,Ejection OFF,p5.2.m,2,2500,4.330206825000005,4.330206825000005,5178,860.0,860.0,0.0,64.47213595499957,32,3.905767800000831,0.4244390249991738,True,True,time_limit_guard_at_iteration_boundary,True,2,04_symmetric_wall_clock_ejection_on_off/off/raw_runs.csv
Symmetric wall clock,Chao,Ejection OFF,p5.2.m,3,2500,4.330206825000005,4.330206825000005,5189,835.0,860.0,2.9069767441860463,64.73142601879903,31,3.956289499999912,0.3739173250000931,True,True,time_limit_guard_at_iteration_boundary,True,2,04_symmetric_wall_clock_ejection_on_off/off/raw_runs.csv
Symmetric wall clock,Chao,Ejection OFF,p5.2.n,0,2500,4.147918699999536,4.147918699999536,4747,910.0,925.0,1.6216216216216215,69.75022298912626,30,3.657992099999319,0.4899266000002171,True,True,time_limit_guard_at_iteration_boundary,True,2,04_symmetric_wall_clock_ejection_on_off/off/raw_runs.csv
Symmetric wall clock,Chao,Ejection OFF,p5.2.n,1,2500,4.147918699999536,4.147918699999536,4527,925.0,925.0,0.0,69.22391035614498,33,3.756759899999452,0.3911588000000847,True,True,time_limit_guard_at_iteration_boundary,True,2,04_symmetric_wall_clock_ejection_on_off/off/raw_runs.csv
Symmetric wall clock,Chao,Ejection OFF,p5.2.n,2,2500,4.147918699999536,4.147918699999536,4529,920.0,925.0,0.5405405405405406,69.27808703412667,32,3.6690653000005113,0.478853399999025,True,True,time_limit_guard_at_iteration_boundary,True,2,04_symmetric_wall_clock_ejection_on_off/off/raw_runs.csv
Symmetric wall clock,Chao,Ejection OFF,p5.2.n,3,2500,4.147918699999536,4.147918699999536,4525,925.0,925.0,0.0,69.22391035614498,33,3.713830099999541,0.4340885999999955,True,True,time_limit_guard_at_iteration_boundary,True,2,04_symmetric_wall_clock_ejection_on_off/off/raw_runs.csv
Symmetric wall clock,Chao,Ejection OFF,p5.2.o,0,2500,4.055512049999834,4.055512049999834,3985,980.0,1020.0,3.92156862745098,73.84161925296378,36,3.672269500000766,0.3832425499990677,True,True,time_limit_guard_at_iteration_boundary,True,2,04_symmetric_wall_clock_ejection_on_off/off/raw_runs.csv
Symmetric wall clock,Chao,Ejection OFF,p5.2.o,1,2500,4.055512049999834,4.055512049999834,4703,1010.0,1020.0,0.9803921568627452,74.85263544894403,34,3.80582609999874,0.2496859500010941,True,True,time_limit_guard_at_iteration_boundary,True,2,04_symmetric_wall_clock_ejection_on_off/off/raw_runs.csv
Symmetric wall clock,Chao,Ejection OFF,p5.2.o,2,2500,4.055512049999834,4.055512049999834,4473,1010.0,1020.0,0.9803921568627452,74.85263544894403,34,3.6263056000007055,0.4292064499991284,True,True,time_limit_guard_at_iteration_boundary,True,2,04_symmetric_wall_clock_ejection_on_off/off/raw_runs.csv
Symmetric wall clock,Chao,Ejection OFF,p5.2.o,3,2500,4.055512049999834,4.055512049999834,4016,980.0,1020.0,3.92156862745098,73.84161925296378,36,3.723005699999703,0.3325063500001306,True,True,time_limit_guard_at_iteration_boundary,True,2,04_symmetric_wall_clock_ejection_on_off/off/raw_runs.csv
Symmetric wall clock,Chao,Ejection OFF,p5.2.p,0,2500,4.571272224999575,4.571272224999575,4698,1100.0,1150.0,4.3478260869565215,79.62123278463429,38,4.162570899999992,0.4087013249995834,True,True,time_limit_guard_at_iteration_boundary,True,2,04_symmetric_wall_clock_ejection_on_off/off/raw_runs.csv
Symmetric wall clock,Chao,Ejection OFF,p5.2.p,1,2500,4.571272224999575,4.571272224999575,4760,1090.0,1150.0,5.217391304347826,79.49847350245616,38,4.158042799999748,0.4132294249998267,True,True,time_limit_guard_at_iteration_boundary,True,2,04_symmetric_wall_clock_ejection_on_off/off/raw_runs.csv
Symmetric wall clock,Chao,Ejection OFF,p5.2.p,2,2500,4.571272224999575,4.571272224999575,5045,1150.0,1150.0,0.0,79.62123278463429,38,4.178592100000969,0.3926801249986056,True,True,time_limit_guard_at_iteration_boundary,True,2,04_symmetric_wall_clock_ejection_on_off/off/raw_runs.csv
Symmetric wall clock,Chao,Ejection OFF,p5.2.p,3,2500,4.571272224999575,4.571272224999575,4681,1090.0,1150.0,5.217391304347826,79.49847350245616,38,4.119166000000405,0.4521062249991701,True,True,time_limit_guard_at_iteration_boundary,True,2,04_symmetric_wall_clock_ejection_on_off/off/raw_runs.csv
Symmetric wall clock,Chao,Ejection OFF,p5.2.q,0,2500,4.418994250000196,4.418994250000196,4363,1195.0,1195.0,0.0,84.70820393249937,41,3.921938600000431,0.4970556499997656,True,True,time_limit_guard_at_iteration_boundary,True,2,04_symmetric_wall_clock_ejection_on_off/off/raw_runs.csv
Symmetric wall clock,Chao,Ejection OFF,p5.2.q,1,2500,4.418994250000196,4.418994250000196,4397,1195.0,1195.0,0.0,84.70820393249937,41,4.005547700000534,0.4134465499996622,True,True,time_limit_guard_at_iteration_boundary,True,2,04_symmetric_wall_clock_ejection_on_off/off/raw_runs.csv
Symmetric wall clock,Chao,Ejection OFF,p5.2.q,2,2500,4.418994250000196,4.418994250000196,4406,1195.0,1195.0,0.0,84.70820393249937,41,3.9890068999993673,0.4299873500008289,True,True,time_limit_guard_at_iteration_boundary,True,2,04_symmetric_wall_clock_ejection_on_off/off/raw_runs.csv
Symmetric wall clock,Chao,Ejection OFF,p5.2.q,3,2500,4.418994250000196,4.418994250000196,4553,1180.0,1195.0,1.2552301255230125,83.62123278463429,40,4.014687099999719,0.4043071500004771,True,True,time_limit_guard_at_iteration_boundary,True,2,04_symmetric_wall_clock_ejection_on_off/off/raw_runs.csv
Symmetric wall clock,Chao,Ejection OFF,p5.2.r,0,2500,4.87192237499994,4.87192237499994,4835,1260.0,1260.0,0.0,89.84161925296378,44,4.53960730000108,0.3323150749988599,True,True,time_limit_guard_at_iteration_boundary,True,2,04_symmetric_wall_clock_ejection_on_off/off/raw_runs.csv
Symmetric wall clock,Chao,Ejection OFF,p5.2.r,1,2500,4.87192237499994,4.87192237499994,4618,1260.0,1260.0,0.0,89.84161925296378,44,4.502784500000416,0.3691378749995238,True,True,time_limit_guard_at_iteration_boundary,True,2,04_symmetric_wall_clock_ejection_on_off/off/raw_runs.csv
Symmetric wall clock,Chao,Ejection OFF,p5.2.r,2,2500,4.87192237499994,4.87192237499994,4595,1260.0,1260.0,0.0,89.84161925296378,44,4.422099499999604,0.4498228750003363,True,True,time_limit_guard_at_iteration_boundary,True,2,04_symmetric_wall_clock_ejection_on_off/off/raw_runs.csv
Symmetric wall clock,Chao,Ejection OFF,p5.2.r,3,2500,4.87192237499994,4.87192237499994,4547,1260.0,1260.0,0.0,89.84161925296378,44,4.433691199999885,0.4382311750000554,True,True,time_limit_guard_at_iteration_boundary,True,2,04_symmetric_wall_clock_ejection_on_off/off/raw_runs.csv
Symmetric wall clock,Chao,Ejection OFF,p5.2.s,0,2500,4.718533475000186,4.718533475000186,4516,1310.0,1340.0,2.238805970149253,94.12899020449196,46,4.38002299999971,0.3385104750004757,True,True,time_limit_guard_at_iteration_boundary,True,2,04_symmetric_wall_clock_ejection_on_off/off/raw_runs.csv
Symmetric wall clock,Chao,Ejection OFF,p5.2.s,1,2500,4.718533475000186,4.718533475000186,4483,1310.0,1340.0,2.238805970149253,94.12899020449196,46,4.3720926999994845,0.3464407750007012,True,True,time_limit_guard_at_iteration_boundary,True,2,04_symmetric_wall_clock_ejection_on_off/off/raw_runs.csv
Symmetric wall clock,Chao,Ejection OFF,p5.2.s,2,2500,4.718533475000186,4.718533475000186,4333,1305.0,1340.0,2.611940298507463,93.55985314354524,45,4.395803800000067,0.3227296750001187,True,True,time_limit_guard_at_iteration_boundary,True,2,04_symmetric_wall_clock_ejection_on_off/off/raw_runs.csv
Symmetric wall clock,Chao,Ejection OFF,p5.2.s,3,2500,4.718533475000186,4.718533475000186,4553,1305.0,1340.0,2.611940298507463,93.55985314354524,45,4.357216499998685,0.3613169750015004,True,True,time_limit_guard_at_iteration_boundary,True,2,04_symmetric_wall_clock_ejection_on_off/off/raw_runs.csv
Symmetric wall clock,Chao,Ejection OFF,p5.2.t,0,2500,4.595996725000077,4.595996725000077,4352,1400.0,1400.0,0.0,99.62123278463427,48,4.099751199999446,0.4962455250006314,True,True,time_limit_guard_at_iteration_boundary,True,2,04_symmetric_wall_clock_ejection_on_off/off/raw_runs.csv
Symmetric wall clock,Chao,Ejection OFF,p5.2.t,1,2500,4.595996725000077,4.595996725000077,4461,1400.0,1400.0,0.0,99.62123278463427,48,4.269018799999685,0.3269779250003921,True,True,time_limit_guard_at_iteration_boundary,True,2,04_symmetric_wall_clock_ejection_on_off/off/raw_runs.csv
Symmetric wall clock,Chao,Ejection OFF,p5.2.t,2,2500,4.595996725000077,4.595996725000077,4392,1400.0,1400.0,0.0,99.62123278463427,48,4.216120299999602,0.3798764250004751,True,True,time_limit_guard_at_iteration_boundary,True,2,04_symmetric_wall_clock_ejection_on_off/off/raw_runs.csv
Symmetric wall clock,Chao,Ejection OFF,p5.2.t,3,2500,4.595996725000077,4.595996725000077,4417,1400.0,1400.0,0.0,99.62123278463427,48,4.206705200000215,0.3892915249998623,True,True,time_limit_guard_at_iteration_boundary,True,2,04_symmetric_wall_clock_ejection_on_off/off/raw_runs.csv
Symmetric wall clock,Chao,Ejection OFF,p5.2.u,0,2500,4.712462625000171,4.712462625000171,4541,1460.0,1460.0,0.0,104.47213595499956,52,4.2499016999991,0.4625609250010711,True,True,time_limit_guard_at_iteration_boundary,True,2,04_symmetric_wall_clock_ejection_on_off/off/raw_runs.csv
Symmetric wall clock,Chao,Ejection OFF,p5.2.u,1,2500,4.712462625000171,4.712462625000171,4528,1440.0,1460.0,1.36986301369863,104.94427190999916,50,4.296861900000295,0.4156007249998765,True,True,time_limit_guard_at_iteration_boundary,True,2,04_symmetric_wall_clock_ejection_on_off/off/raw_runs.csv
Symmetric wall clock,Chao,Ejection OFF,p5.2.u,2,2500,4.712462625000171,4.712462625000171,4583,1445.0,1460.0,1.0273972602739727,104.73142601879904,51,4.253488899999866,0.4589737250003054,True,True,time_limit_guard_at_iteration_boundary,True,2,04_symmetric_wall_clock_ejection_on_off/off/raw_runs.csv
Symmetric wall clock,Chao,Ejection OFF,p5.2.u,3,2500,4.712462625000171,4.712462625000171,4454,1450.0,1460.0,0.684931506849315,104.94427190999916,50,4.239034199999878,0.4734284250002929,True,True,time_limit_guard_at_iteration_boundary,True,2,04_symmetric_wall_clock_ejection_on_off/off/raw_runs.csv
Symmetric wall clock,Chao,Ejection OFF,p5.2.v,0,2500,4.337932524999815,4.337932524999815,3929,1495.0,1505.0,0.6644518272425249,108.70820393249936,53,3.912495299999137,0.4254372250006781,True,True,time_limit_guard_at_iteration_boundary,True,2,04_symmetric_wall_clock_ejection_on_off/off/raw_runs.csv
Symmetric wall clock,Chao,Ejection OFF,p5.2.v,1,2500,4.337932524999815,4.337932524999815,4001,1500.0,1505.0,0.3322259136212624,109.62688589570854,52,3.905305099999168,0.4326274250006463,True,True,time_limit_guard_at_iteration_boundary,True,2,04_symmetric_wall_clock_ejection_on_off/off/raw_runs.csv
Symmetric wall clock,Chao,Ejection OFF,p5.2.v,2,2500,4.337932524999815,4.337932524999815,4092,1505.0,1505.0,0.0,109.22391035614498,53,3.932589500000177,0.4053430249996381,True,True,time_limit_guard_at_iteration_boundary,True,2,04_symmetric_wall_clock_ejection_on_off/off/raw_runs.csv
Symmetric wall clock,Chao,Ejection OFF,p5.2.v,3,2500,4.337932524999815,4.337932524999815,4076,1505.0,1505.0,0.0,109.22391035614498,53,3.89011550000032,0.4478170249994946,True,True,time_limit_guard_at_iteration_boundary,True,2,04_symmetric_wall_clock_ejection_on_off/off/raw_runs.csv
Symmetric wall clock,Chao,Ejection OFF,p5.2.w,0,2500,4.114311649999763,4.114311649999763,3817,1560.0,1565.0,0.3194888178913738,112.47213595499956,56,3.7979720999992415,0.3163395500005208,True,True,time_limit_guard_at_iteration_boundary,True,2,04_symmetric_wall_clock_ejection_on_off/off/raw_runs.csv
Symmetric wall clock,Chao,Ejection OFF,p5.2.w,1,2500,4.114311649999763,4.114311649999763,3999,1560.0,1565.0,0.3194888178913738,113.84161925296378,56,3.667515000001004,0.4467966499987597,True,True,time_limit_guard_at_iteration_boundary,True,2,04_symmetric_wall_clock_ejection_on_off/off/raw_runs.csv
Symmetric wall clock,Chao,Ejection OFF,p5.2.w,2,2500,4.114311649999763,4.114311649999763,3799,1560.0,1565.0,0.3194888178913738,113.84161925296378,56,3.8018823999991582,0.3124292500006049,True,True,time_limit_guard_at_iteration_boundary,True,2,04_symmetric_wall_clock_ejection_on_off/off/raw_runs.csv
Symmetric wall clock,Chao,Ejection OFF,p5.2.w,3,2500,4.114311649999763,4.114311649999763,3799,1560.0,1565.0,0.3194888178913738,113.84161925296378,56,3.76757759999964,0.3467340500001228,True,True,time_limit_guard_at_iteration_boundary,True,2,04_symmetric_wall_clock_ejection_on_off/off/raw_runs.csv
Symmetric wall clock,Chao,Ejection OFF,p5.2.x,0,2500,3.4747546999992664,3.4747546999992664,3276,1610.0,1610.0,0.0,119.62123278463427,58,3.065399899998738,0.4093548000005285,True,True,time_limit_guard_at_iteration_boundary,True,2,04_symmetric_wall_clock_ejection_on_off/off/raw_runs.csv
Symmetric wall clock,Chao,Ejection OFF,p5.2.x,1,2500,3.4747546999992664,3.4747546999992664,3107,1610.0,1610.0,0.0,119.62123278463427,58,2.9822555000009743,0.4924991999982921,True,True,time_limit_guard_at_iteration_boundary,True,2,04_symmetric_wall_clock_ejection_on_off/off/raw_runs.csv
Symmetric wall clock,Chao,Ejection OFF,p5.2.x,2,2500,3.4747546999992664,3.4747546999992664,3253,1610.0,1610.0,0.0,119.62123278463427,58,3.125390600000173,0.349364099999093,True,True,time_limit_guard_at_iteration_boundary,True,2,04_symmetric_wall_clock_ejection_on_off/off/raw_runs.csv
Symmetric wall clock,Chao,Ejection OFF,p5.2.x,3,2500,3.4747546999992664,3.4747546999992664,3082,1610.0,1610.0,0.0,119.62123278463427,58,2.998446999999942,0.4763076999993245,True,True,time_limit_guard_at_iteration_boundary,True,2,04_symmetric_wall_clock_ejection_on_off/off/raw_runs.csv
Symmetric wall clock,Chao,Ejection OFF,p5.2.y,0,2500,3.2344877250002355,3.2344877250002355,2907,1645.0,1645.0,0.0,124.70820393249936,61,2.753473299999314,0.4810144250009216,True,True,time_limit_guard_at_iteration_boundary,True,2,04_symmetric_wall_clock_ejection_on_off/off/raw_runs.csv
Symmetric wall clock,Chao,Ejection OFF,p5.2.y,1,2500,3.2344877250002355,3.2344877250002355,3139,1645.0,1645.0,0.0,124.70820393249936,61,2.856556399998226,0.3779313250020095,True,True,time_limit_guard_at_iteration_boundary,True,2,04_symmetric_wall_clock_ejection_on_off/off/raw_runs.csv
Symmetric wall clock,Chao,Ejection OFF,p5.2.y,2,2500,3.2344877250002355,3.2344877250002355,3102,1645.0,1645.0,0.0,124.70820393249936,61,2.750783399998909,0.4837043250013266,True,True,time_limit_guard_at_iteration_boundary,True,2,04_symmetric_wall_clock_ejection_on_off/off/raw_runs.csv
Symmetric wall clock,Chao,Ejection OFF,p5.2.y,3,2500,3.2344877250002355,3.2344877250002355,3179,1645.0,1645.0,0.0,124.70820393249936,61,2.86245830000189,0.3720294249983453,True,True,time_limit_guard_at_iteration_boundary,True,2,04_symmetric_wall_clock_ejection_on_off/off/raw_runs.csv
Symmetric wall clock,Chao,Ejection OFF,p5.2.z,0,2500,2.5367986249998467,2.5367986249998467,2296,1680.0,1680.0,0.0,128.47213595499957,64,2.1416481000014755,0.3951505249983711,True,True,time_limit_guard_at_iteration_boundary,True,2,04_symmetric_wall_clock_ejection_on_off/off/raw_runs.csv
Symmetric wall clock,Chao,Ejection OFF,p5.2.z,1,2500,2.5367986249998467,2.5367986249998467,2238,1680.0,1680.0,0.0,128.47213595499957,64,2.0376969999997527,0.4991016250000939,True,True,time_limit_guard_at_iteration_boundary,True,2,04_symmetric_wall_clock_ejection_on_off/off/raw_runs.csv
Symmetric wall clock,Chao,Ejection OFF,p5.2.z,2,2500,2.5367986249998467,2.5367986249998467,2548,1680.0,1680.0,0.0,129.84161925296377,64,2.15416820000246,0.3826304249973873,True,True,time_limit_guard_at_iteration_boundary,True,2,04_symmetric_wall_clock_ejection_on_off/off/raw_runs.csv
Symmetric wall clock,Chao,Ejection OFF,p5.2.z,3,2500,2.5367986249998467,2.5367986249998467,2338,1680.0,1680.0,0.0,128.47213595499957,64,2.0622126999987813,0.4745859250010653,True,True,time_limit_guard_at_iteration_boundary,True,2,04_symmetric_wall_clock_ejection_on_off/off/raw_runs.csv
Symmetric wall clock,Chao,Ejection OFF,p5.3.k,0,2500,2.763983450000069,2.763983450000069,3993,495.0,495.0,0.0,54.32943671713366,23,2.3500151000007463,0.4139683499993225,True,True,time_limit_guard_at_iteration_boundary,True,2,04_symmetric_wall_clock_ejection_on_off/off/raw_runs.csv
Symmetric wall clock,Chao,Ejection OFF,p5.3.k,1,2500,2.763983450000069,2.763983450000069,3969,485.0,495.0,2.0202020202020203,52.093368739633874,23,2.355855400001019,0.4081280499990498,True,True,time_limit_guard_at_iteration_boundary,True,2,04_symmetric_wall_clock_ejection_on_off/off/raw_runs.csv
Symmetric wall clock,Chao,Ejection OFF,p5.3.k,2,2500,2.763983450000069,2.763983450000069,3905,485.0,495.0,2.0202020202020203,52.093368739633874,23,2.339419400002953,0.4245640499971159,True,True,time_limit_guard_at_iteration_boundary,True,2,04_symmetric_wall_clock_ejection_on_off/off/raw_runs.csv
Symmetric wall clock,Chao,Ejection OFF,p5.3.k,3,2500,2.763983450000069,2.763983450000069,3817,470.0,495.0,5.05050505050505,49.22678406009828,22,2.3243344000002253,0.4396490499998435,True,True,time_limit_guard_at_iteration_boundary,True,2,04_symmetric_wall_clock_ejection_on_off/off/raw_runs.csv
Symmetric wall clock,Chao,Ejection OFF,p5.3.l,0,2500,2.844513474999985,2.844513474999985,3602,585.0,595.0,1.680672268907563,58.036175967516826,25,2.346339200001239,0.4981742749987461,True,True,time_limit_guard_at_iteration_boundary,True,2,04_symmetric_wall_clock_ejection_on_off/off/raw_runs.csv
Symmetric wall clock,Chao,Ejection OFF,p5.3.l,1,2500,2.844513474999985,2.844513474999985,3859,585.0,595.0,1.680672268907563,58.036175967516826,25,2.4605449000009685,0.3839685749990167,True,True,time_limit_guard_at_iteration_boundary,True,2,04_symmetric_wall_clock_ejection_on_off/off/raw_runs.csv
Symmetric wall clock,Chao,Ejection OFF,p5.3.l,2,2500,2.844513474999985,2.844513474999985,3734,595.0,595.0,0.0,58.782297257588,25,2.345902300003217,0.4986111749967676,True,True,time_limit_guard_at_iteration_boundary,True,2,04_symmetric_wall_clock_ejection_on_off/off/raw_runs.csv
Symmetric wall clock,Chao,Ejection OFF,p5.3.l,3,2500,2.844513474999985,2.844513474999985,3665,575.0,595.0,3.361344537815126,57.29005467744567,25,2.3498591000025044,0.4946543749974808,True,True,time_limit_guard_at_iteration_boundary,True,2,04_symmetric_wall_clock_ejection_on_off/off/raw_runs.csv
Symmetric wall clock,Chao,Ejection OFF,p5.3.n,0,2500,3.4665860499999326,3.4665860499999326,4130,755.0,755.0,0.0,69.29005467744567,31,3.0248444999997446,0.441741550000188,True,True,time_limit_guard_at_iteration_boundary,True,2,04_symmetric_wall_clock_ejection_on_off/off/raw_runs.csv
Symmetric wall clock,Chao,Ejection OFF,p5.3.n,1,2500,3.4665860499999326,3.4665860499999326,3930,755.0,755.0,0.0,69.29005467744567,31,2.97895889999927,0.4876271500006623,True,True,time_limit_guard_at_iteration_boundary,True,2,04_symmetric_wall_clock_ejection_on_off/off/raw_runs.csv
Symmetric wall clock,Chao,Ejection OFF,p5.3.n,2,2500,3.4665860499999326,3.4665860499999326,4147,735.0,755.0,2.6490066225165565,69.29005467744567,31,3.038930500002607,0.4276555499973256,True,True,time_limit_guard_at_iteration_boundary,True,2,04_symmetric_wall_clock_ejection_on_off/off/raw_runs.csv
Symmetric wall clock,Chao,Ejection OFF,p5.3.n,3,2500,3.4665860499999326,3.4665860499999326,4211,755.0,755.0,0.0,69.29005467744567,31,3.084424799999397,0.3821612500005358,True,True,time_limit_guard_at_iteration_boundary,True,2,04_symmetric_wall_clock_ejection_on_off/off/raw_runs.csv
Symmetric wall clock,Chao,Ejection OFF,p5.3.o,0,2500,3.565351675000329,3.565351675000329,3991,835.0,870.0,4.022988505747127,73.26799616643368,33,3.1936663999986195,0.3716852750017096,True,True,time_limit_guard_at_iteration_boundary,True,2,04_symmetric_wall_clock_ejection_on_off/off/raw_runs.csv
Symmetric wall clock,Chao,Ejection OFF,p5.3.o,1,2500,3.565351675000329,3.565351675000329,4299,870.0,870.0,0.0,74.62533448368939,30,3.200929599999654,0.3644220750006752,True,True,time_limit_guard_at_iteration_boundary,True,2,04_symmetric_wall_clock_ejection_on_off/off/raw_runs.csv
Symmetric wall clock,Chao,Ejection OFF,p5.3.o,2,2500,3.565351675000329,3.565351675000329,4357,870.0,870.0,0.0,74.62533448368939,30,3.1692135999983293,0.3961380750019998,True,True,time_limit_guard_at_iteration_boundary,True,2,04_symmetric_wall_clock_ejection_on_off/off/raw_runs.csv
Symmetric wall clock,Chao,Ejection OFF,p5.3.o,3,2500,3.565351675000329,3.565351675000329,4301,845.0,870.0,2.8735632183908044,73.60653751336217,33,3.1877330999996047,0.3776185750007244,True,True,time_limit_guard_at_iteration_boundary,True,2,04_symmetric_wall_clock_ejection_on_off/off/raw_runs.csv
Symmetric wall clock,Chao,Ejection OFF,p5.3.q,0,2500,4.059889250000197,4.059889250000197,4503,1065.0,1070.0,0.4672897196261682,83.71926839744424,39,3.693696700000146,0.3661925500000507,True,True,time_limit_guard_at_iteration_boundary,True,2,04_symmetric_wall_clock_ejection_on_off/off/raw_runs.csv
Symmetric wall clock,Chao,Ejection OFF,p5.3.q,1,2500,4.059889250000197,4.059889250000197,4512,1065.0,1070.0,0.4672897196261682,83.3472474495627,39,3.6902802999975393,0.3696089500026573,True,True,time_limit_guard_at_iteration_boundary,True,2,04_symmetric_wall_clock_ejection_on_off/off/raw_runs.csv
Symmetric wall clock,Chao,Ejection OFF,p5.3.q,2,2500,4.059889250000197,4.059889250000197,4494,1065.0,1070.0,0.4672897196261682,83.71926839744424,39,3.7000598999984495,0.3598293500017462,True,True,time_limit_guard_at_iteration_boundary,True,2,04_symmetric_wall_clock_ejection_on_off/off/raw_runs.csv
Symmetric wall clock,Chao,Ejection OFF,p5.3.q,3,2500,4.059889250000197,4.059889250000197,4422,1065.0,1070.0,0.4672897196261682,83.71926839744424,39,3.5647410999990825,0.4951481500011141,True,True,time_limit_guard_at_iteration_boundary,True,2,04_symmetric_wall_clock_ejection_on_off/off/raw_runs.csv
Symmetric wall clock,Chao,Ejection OFF,p5.3.r,0,2500,3.944829324999773,3.944829324999773,4221,1125.0,1125.0,0.0,89.51415501162646,41,3.515651399997296,0.4291779250024774,True,True,time_limit_guard_at_iteration_boundary,True,2,04_symmetric_wall_clock_ejection_on_off/off/raw_runs.csv
Symmetric wall clock,Chao,Ejection OFF,p5.3.r,1,2500,3.944829324999773,3.944829324999773,4043,1120.0,1125.0,0.4444444444444444,89.40707723861863,40,3.468785900000512,0.4760434249992613,True,True,time_limit_guard_at_iteration_boundary,True,2,04_symmetric_wall_clock_ejection_on_off/off/raw_runs.csv
Symmetric wall clock,Chao,Ejection OFF,p5.3.r,2,2500,3.944829324999773,3.944829324999773,4062,1110.0,1125.0,1.3333333333333333,87.29381681226158,40,3.482338699999673,0.4624906250001004,True,True,time_limit_guard_at_iteration_boundary,True,2,04_symmetric_wall_clock_ejection_on_off/off/raw_runs.csv
Symmetric wall clock,Chao,Ejection OFF,p5.3.r,3,2500,3.944829324999773,3.944829324999773,4072,1110.0,1125.0,1.3333333333333333,87.29381681226158,40,3.509898600001179,0.4349307249985941,True,True,time_limit_guard_at_iteration_boundary,True,2,04_symmetric_wall_clock_ejection_on_off/off/raw_runs.csv
Symmetric wall clock,Chao,Ejection OFF,p5.3.s,0,2500,4.45866100000012,4.45866100000012,4533,1185.0,1190.0,0.4201680672268907,92.860416223291,43,4.027368399998522,0.4312926000015977,True,True,time_limit_guard_at_iteration_boundary,True,2,04_symmetric_wall_clock_ejection_on_off/off/raw_runs.csv
Symmetric wall clock,Chao,Ejection OFF,p5.3.s,1,2500,4.45866100000012,4.45866100000012,4705,1190.0,1190.0,0.0,94.03943376208696,42,4.119812599998113,0.3388484000020071,True,True,time_limit_guard_at_iteration_boundary,True,2,04_symmetric_wall_clock_ejection_on_off/off/raw_runs.csv
Symmetric wall clock,Chao,Ejection OFF,p5.3.s,2,2500,4.45866100000012,4.45866100000012,4628,1190.0,1190.0,0.0,94.03943376208696,42,4.124515999999858,0.3341450000002623,True,True,time_limit_guard_at_iteration_boundary,True,2,04_symmetric_wall_clock_ejection_on_off/off/raw_runs.csv
Symmetric wall clock,Chao,Ejection OFF,p5.3.s,3,2500,4.45866100000012,4.45866100000012,4669,1190.0,1190.0,0.0,94.03943376208696,42,4.0949131999987,0.3637478000014198,True,True,time_limit_guard_at_iteration_boundary,True,2,04_symmetric_wall_clock_ejection_on_off/off/raw_runs.csv
Symmetric wall clock,Chao,Ejection OFF,p5.3.t,0,2500,4.4674831249994895,4.4674831249994895,4498,1255.0,1260.0,0.3968253968253968,97.60653751336216,45,3.983531299996685,0.483951825002805,True,True,time_limit_guard_at_iteration_boundary,True,2,04_symmetric_wall_clock_ejection_on_off/off/raw_runs.csv
Symmetric wall clock,Chao,Ejection OFF,p5.3.t,1,2500,4.4674831249994895,4.4674831249994895,4464,1260.0,1260.0,0.0,97.22678406009828,46,4.03884200000175,0.4286411249977391,True,True,time_limit_guard_at_iteration_boundary,True,2,04_symmetric_wall_clock_ejection_on_off/off/raw_runs.csv
Symmetric wall clock,Chao,Ejection OFF,p5.3.t,2,2500,4.4674831249994895,4.4674831249994895,4511,1255.0,1260.0,0.3968253968253968,97.60653751336216,45,4.047693700002128,0.4197894249973615,True,True,time_limit_guard_at_iteration_boundary,True,2,04_symmetric_wall_clock_ejection_on_off/off/raw_runs.csv
Symmetric wall clock,Chao,Ejection OFF,p5.3.t,3,2500,4.4674831249994895,4.4674831249994895,4402,1260.0,1260.0,0.0,97.22678406009828,46,3.981218099997932,0.4862650250015576,True,True,time_limit_guard_at_iteration_boundary,True,2,04_symmetric_wall_clock_ejection_on_off/off/raw_runs.csv
Symmetric wall clock,Chao,Ejection OFF,p5.3.u,0,2500,4.153086850000818,4.153086850000818,4253,1345.0,1345.0,0.0,104.1531985286898,47,3.679622499999823,0.4734643500009952,True,True,time_limit_guard_at_iteration_boundary,True,2,04_symmetric_wall_clock_ejection_on_off/off/raw_runs.csv
Symmetric wall clock,Chao,Ejection OFF,p5.3.u,1,2500,4.153086850000818,4.153086850000818,4214,1340.0,1345.0,0.3717472118959107,103.93211428864436,48,3.785209400000895,0.3678774499999235,True,True,time_limit_guard_at_iteration_boundary,True,2,04_symmetric_wall_clock_ejection_on_off/off/raw_runs.csv
Symmetric wall clock,Chao,Ejection OFF,p5.3.u,2,2500,4.153086850000818,4.153086850000818,4338,1345.0,1345.0,0.0,103.98629096662604,47,3.814769200002047,0.3383176499987712,True,True,time_limit_guard_at_iteration_boundary,True,2,04_symmetric_wall_clock_ejection_on_off/off/raw_runs.csv
Symmetric wall clock,Chao,Ejection OFF,p5.3.u,3,2500,4.153086850000818,4.153086850000818,4220,1345.0,1345.0,0.0,103.98629096662604,47,3.702124400002504,0.4509624499983147,True,True,time_limit_guard_at_iteration_boundary,True,2,04_symmetric_wall_clock_ejection_on_off/off/raw_runs.csv
Symmetric wall clock,Chao,Ejection OFF,p5.3.v,0,2500,3.92622317499945,3.92622317499945,3915,1420.0,1425.0,0.3508771929824561,108.80477330320709,52,3.454558499997802,0.471664675001648,True,True,time_limit_guard_at_iteration_boundary,True,2,04_symmetric_wall_clock_ejection_on_off/off/raw_runs.csv
Symmetric wall clock,Chao,Ejection OFF,p5.3.v,1,2500,3.92622317499945,3.92622317499945,3847,1300.0,1425.0,8.771929824561404,109.30013134450634,50,3.5889578999995138,0.3372652749999361,True,True,time_limit_guard_at_iteration_boundary,True,2,04_symmetric_wall_clock_ejection_on_off/off/raw_runs.csv
Symmetric wall clock,Chao,Ejection OFF,p5.3.v,2,2500,3.92622317499945,3.92622317499945,3856,1425.0,1425.0,0.0,109.20774884277064,51,3.457359100000758,0.4688640749986916,True,True,time_limit_guard_at_iteration_boundary,True,2,04_symmetric_wall_clock_ejection_on_off/off/raw_runs.csv
Symmetric wall clock,Chao,Ejection OFF,p5.3.v,3,2500,3.92622317499945,3.92622317499945,4119,1420.0,1425.0,0.3508771929824561,108.80477330320709,52,3.542669999998907,0.383553175000543,True,True,time_limit_guard_at_iteration_boundary,True,2,04_symmetric_wall_clock_ejection_on_off/off/raw_runs.csv
Symmetric wall clock,Chao,Ejection OFF,p5.3.w,0,2500,3.7727935000002617,3.7727935000002617,4111,1460.0,1485.0,1.6835016835016836,113.24016967655488,52,3.443657699997857,0.3291358000024047,True,True,time_limit_guard_at_iteration_boundary,True,2,04_symmetric_wall_clock_ejection_on_off/off/raw_runs.csv
Symmetric wall clock,Chao,Ejection OFF,p5.3.w,1,2500,3.7727935000002617,3.7727935000002617,3945,1480.0,1485.0,0.3367003367003367,113.98629096662604,52,3.4183410000005097,0.354452499999752,True,True,time_limit_guard_at_iteration_boundary,True,2,04_symmetric_wall_clock_ejection_on_off/off/raw_runs.csv
Symmetric wall clock,Chao,Ejection OFF,p5.3.w,2,2500,3.7727935000002617,3.7727935000002617,3860,1445.0,1485.0,2.6936026936026938,113.3472474495627,53,3.332440499998484,0.4403530000017781,True,True,time_limit_guard_at_iteration_boundary,True,2,04_symmetric_wall_clock_ejection_on_off/off/raw_runs.csv
Symmetric wall clock,Chao,Ejection OFF,p5.3.w,3,2500,3.7727935000002617,3.7727935000002617,3957,1480.0,1485.0,0.3367003367003367,113.98629096662604,52,3.347041699998954,0.4257518000013078,True,True,time_limit_guard_at_iteration_boundary,True,2,04_symmetric_wall_clock_ejection_on_off/off/raw_runs.csv
Symmetric wall clock,Chao,Ejection OFF,p5.3.x,0,2500,3.480222550000235,3.480222550000235,3693,1515.0,1555.0,2.572347266881029,117.68884334803718,55,3.0848251999996137,0.3953973500006214,True,True,time_limit_guard_at_iteration_boundary,True,2,04_symmetric_wall_clock_ejection_on_off/off/raw_runs.csv
Symmetric wall clock,Chao,Ejection OFF,p5.3.x,1,2500,3.480222550000235,3.480222550000235,3389,1515.0,1555.0,2.572347266881029,117.71206543433686,55,3.0590723999994225,0.4211501500008126,True,True,time_limit_guard_at_iteration_boundary,True,2,04_symmetric_wall_clock_ejection_on_off/off/raw_runs.csv
Symmetric wall clock,Chao,Ejection OFF,p5.3.x,2,2500,3.480222550000235,3.480222550000235,3755,1530.0,1555.0,1.607717041800643,118.0319890985448,56,3.1065223999976297,0.3737001500026053,True,True,time_limit_guard_at_iteration_boundary,True,2,04_symmetric_wall_clock_ejection_on_off/off/raw_runs.csv
Symmetric wall clock,Chao,Ejection OFF,p5.3.x,3,2500,3.480222550000235,3.480222550000235,3587,1545.0,1555.0,0.6430868167202572,118.782297257588,55,3.004824199997529,0.4753983500027061,True,True,time_limit_guard_at_iteration_boundary,True,2,04_symmetric_wall_clock_ejection_on_off/off/raw_runs.csv
Symmetric wall clock,Chao,Ejection OFF,p5.3.y,0,2500,3.2831944999998086,3.2831944999998086,3415,1590.0,1595.0,0.3134796238244514,120.80477330320709,58,2.869848999998794,0.4133455000010144,True,True,time_limit_guard_at_iteration_boundary,True,2,04_symmetric_wall_clock_ejection_on_off/off/raw_runs.csv
Symmetric wall clock,Chao,Ejection OFF,p5.3.y,1,2500,3.2831944999998086,3.2831944999998086,3612,1590.0,1595.0,0.3134796238244514,122.34258213637264,58,2.917189300002065,0.366005199997744,True,True,time_limit_guard_at_iteration_boundary,True,2,04_symmetric_wall_clock_ejection_on_off/off/raw_runs.csv
Symmetric wall clock,Chao,Ejection OFF,p5.3.y,2,2500,3.2831944999998086,3.2831944999998086,3298,1590.0,1595.0,0.3134796238244514,122.0319890985448,58,2.8404837000016414,0.4427107999981672,True,True,time_limit_guard_at_iteration_boundary,True,2,04_symmetric_wall_clock_ejection_on_off/off/raw_runs.csv
Symmetric wall clock,Chao,Ejection OFF,p5.3.y,3,2500,3.2831944999998086,3.2831944999998086,3463,1590.0,1595.0,0.3134796238244514,122.0319890985448,58,2.8473524000000907,0.4358420999997179,True,True,time_limit_guard_at_iteration_boundary,True,2,04_symmetric_wall_clock_ejection_on_off/off/raw_runs.csv
Symmetric wall clock,Chao,Ejection OFF,p5.3.z,0,2500,2.795735500000319,2.795735500000319,3040,1635.0,1635.0,0.0,128.34258213637264,61,2.303901499999484,0.4918340000008356,True,True,time_limit_guard_at_iteration_boundary,True,2,04_symmetric_wall_clock_ejection_on_off/off/raw_runs.csv
Symmetric wall clock,Chao,Ejection OFF,p5.3.z,1,2500,2.795735500000319,2.795735500000319,3004,1635.0,1635.0,0.0,128.00876701224513,61,2.3618602999995346,0.4338752000007844,True,True,time_limit_guard_at_iteration_boundary,True,2,04_symmetric_wall_clock_ejection_on_off/off/raw_runs.csv
Symmetric wall clock,Chao,Ejection OFF,p5.3.z,2,2500,2.795735500000319,2.795735500000319,3104,1635.0,1635.0,0.0,128.00876701224513,61,2.376430200001778,0.4193052999985411,True,True,time_limit_guard_at_iteration_boundary,True,2,04_symmetric_wall_clock_ejection_on_off/off/raw_runs.csv
Symmetric wall clock,Chao,Ejection OFF,p5.3.z,3,2500,2.795735500000319,2.795735500000319,3095,1635.0,1635.0,0.0,128.00876701224513,61,2.3880065999983344,0.4077289000019846,True,True,time_limit_guard_at_iteration_boundary,True,2,04_symmetric_wall_clock_ejection_on_off/off/raw_runs.csv
Symmetric wall clock,Chao,Ejection OFF,p5.4.m,0,2500,2.9150769500001843,2.9150769500001843,3609,550.0,555.0,0.9009009009009008,62.96640083988888,26,2.457105199999205,0.4579717500009792,True,True,time_limit_guard_at_iteration_boundary,True,2,04_symmetric_wall_clock_ejection_on_off/off/raw_runs.csv
Symmetric wall clock,Chao,Ejection OFF,p5.4.m,1,2500,2.9150769500001843,2.9150769500001843,3623,550.0,555.0,0.9009009009009008,62.96640083988888,26,2.495816599999671,0.4192603500005134,True,True,time_limit_guard_at_iteration_boundary,True,2,04_symmetric_wall_clock_ejection_on_off/off/raw_runs.csv
Symmetric wall clock,Chao,Ejection OFF,p5.4.m,2,2500,2.9150769500001843,2.9150769500001843,3651,555.0,555.0,0.0,64.26800943142202,25,2.458719199999905,0.4563577500002793,True,True,time_limit_guard_at_iteration_boundary,True,2,04_symmetric_wall_clock_ejection_on_off/off/raw_runs.csv
Symmetric wall clock,Chao,Ejection OFF,p5.4.m,3,2500,2.9150769500001843,2.9150769500001843,3614,550.0,555.0,0.9009009009009008,62.96640083988888,26,2.4363015000017185,0.4787754499984658,True,True,time_limit_guard_at_iteration_boundary,True,2,04_symmetric_wall_clock_ejection_on_off/off/raw_runs.csv
Symmetric wall clock,Chao,Ejection OFF,p5.4.o,0,2500,3.3340727249997144,3.3340727249997144,4179,690.0,690.0,0.0,73.5097766046326,30,2.853703900000255,0.4803688249994593,True,True,time_limit_guard_at_iteration_boundary,True,2,04_symmetric_wall_clock_ejection_on_off/off/raw_runs.csv
Symmetric wall clock,Chao,Ejection OFF,p5.4.o,1,2500,3.3340727249997144,3.3340727249997144,4285,690.0,690.0,0.0,73.5097766046326,30,2.950469700001122,0.3836030249985924,True,True,time_limit_guard_at_iteration_boundary,True,2,04_symmetric_wall_clock_ejection_on_off/off/raw_runs.csv
Symmetric wall clock,Chao,Ejection OFF,p5.4.o,2,2500,3.3340727249997144,3.3340727249997144,4081,685.0,690.0,0.7246376811594203,73.69916021231546,31,2.8645776999983354,0.4694950250013789,True,True,time_limit_guard_at_iteration_boundary,True,2,04_symmetric_wall_clock_ejection_on_off/off/raw_runs.csv
Symmetric wall clock,Chao,Ejection OFF,p5.4.o,3,2500,3.3340727249997144,3.3340727249997144,4161,680.0,690.0,1.4492753623188406,73.88854381999832,32,2.92295809999996,0.4111146249997546,True,True,time_limit_guard_at_iteration_boundary,True,2,04_symmetric_wall_clock_ejection_on_off/off/raw_runs.csv
Symmetric wall clock,Chao,Ejection OFF,p5.4.p,0,2500,3.456452624999656,3.456452624999656,3920,760.0,765.0,0.6535947712418301,76.45111915039936,32,3.044148100001621,0.412304524998035,True,True,time_limit_guard_at_iteration_boundary,True,2,04_symmetric_wall_clock_ejection_on_off/off/raw_runs.csv
Symmetric wall clock,Chao,Ejection OFF,p5.4.p,1,2500,3.456452624999656,3.456452624999656,3816,760.0,765.0,0.6535947712418301,76.45111915039936,32,2.9792911000004096,0.4771615249992464,True,True,time_limit_guard_at_iteration_boundary,True,2,04_symmetric_wall_clock_ejection_on_off/off/raw_runs.csv
Symmetric wall clock,Chao,Ejection OFF,p5.4.p,2,2500,3.456452624999656,3.456452624999656,3898,760.0,765.0,0.6535947712418301,76.45111915039936,32,2.985576499999297,0.470876125000359,True,True,time_limit_guard_at_iteration_boundary,True,2,04_symmetric_wall_clock_ejection_on_off/off/raw_runs.csv
Symmetric wall clock,Chao,Ejection OFF,p5.4.p,3,2500,3.456452624999656,3.456452624999656,3823,760.0,765.0,0.6535947712418301,76.45111915039936,32,2.964058500001556,0.4923941249980998,True,True,time_limit_guard_at_iteration_boundary,True,2,04_symmetric_wall_clock_ejection_on_off/off/raw_runs.csv
Symmetric wall clock,Chao,Ejection OFF,p5.4.q,0,2500,3.827465775000292,3.827465775000292,4265,860.0,860.0,0.0,81.1374106514146,36,3.4707764999984647,0.3566892750018269,True,True,time_limit_guard_at_iteration_boundary,True,2,04_symmetric_wall_clock_ejection_on_off/off/raw_runs.csv
Symmetric wall clock,Chao,Ejection OFF,p5.4.q,1,2500,3.827465775000292,3.827465775000292,4043,860.0,860.0,0.0,81.1374106514146,36,3.3441662000004726,0.483299574999819,True,True,time_limit_guard_at_iteration_boundary,True,2,04_symmetric_wall_clock_ejection_on_off/off/raw_runs.csv
Symmetric wall clock,Chao,Ejection OFF,p5.4.q,2,2500,3.827465775000292,3.827465775000292,4014,860.0,860.0,0.0,81.1374106514146,36,3.3450738999999885,0.4823918750003031,True,True,time_limit_guard_at_iteration_boundary,True,2,04_symmetric_wall_clock_ejection_on_off/off/raw_runs.csv
Symmetric wall clock,Chao,Ejection OFF,p5.4.q,3,2500,3.827465775000292,3.827465775000292,4020,860.0,860.0,0.0,81.1374106514146,36,3.37393229999725,0.4535334750030415,True,True,time_limit_guard_at_iteration_boundary,True,2,04_symmetric_wall_clock_ejection_on_off/off/raw_runs.csv
Symmetric wall clock,Chao,Ejection OFF,p5.4.r,0,2500,3.974126500000239,3.974126500000239,4242,900.0,960.0,6.25,87.76482764938413,36,3.518441600001097,0.4556848999991416,True,True,time_limit_guard_at_iteration_boundary,True,2,04_symmetric_wall_clock_ejection_on_off/off/raw_runs.csv
Symmetric wall clock,Chao,Ejection OFF,p5.4.r,1,2500,3.974126500000239,3.974126500000239,4232,900.0,960.0,6.25,87.76482764938413,36,3.5831151000020327,0.3910113999982059,True,True,time_limit_guard_at_iteration_boundary,True,2,04_symmetric_wall_clock_ejection_on_off/off/raw_runs.csv
Symmetric wall clock,Chao,Ejection OFF,p5.4.r,2,2500,3.974126500000239,3.974126500000239,4284,900.0,960.0,6.25,87.76482764938413,36,3.5765224999995557,0.3976040000006833,True,True,time_limit_guard_at_iteration_boundary,True,2,04_symmetric_wall_clock_ejection_on_off/off/raw_runs.csv
Symmetric wall clock,Chao,Ejection OFF,p5.4.r,3,2500,3.974126500000239,3.974126500000239,4093,900.0,960.0,6.25,87.76482764938413,36,3.476650399999926,0.4974761000003127,True,True,time_limit_guard_at_iteration_boundary,True,2,04_symmetric_wall_clock_ejection_on_off/off/raw_runs.csv
Symmetric wall clock,Chao,Ejection OFF,p5.4.s,0,2500,4.035515250000117,4.035515250000117,4229,1015.0,1030.0,1.4563106796116505,93.74653127318808,39,3.660769299996901,0.3747459500032164,True,True,time_limit_guard_at_iteration_boundary,True,2,04_symmetric_wall_clock_ejection_on_off/off/raw_runs.csv
Symmetric wall clock,Chao,Ejection OFF,p5.4.s,1,2500,4.035515250000117,4.035515250000117,3986,1000.0,1030.0,2.912621359223301,92.45111915039936,40,3.563522700002068,0.471992549998049,True,True,time_limit_guard_at_iteration_boundary,True,2,04_symmetric_wall_clock_ejection_on_off/off/raw_runs.csv
Symmetric wall clock,Chao,Ejection OFF,p5.4.s,2,2500,4.035515250000117,4.035515250000117,4031,1000.0,1030.0,2.912621359223301,92.45111915039936,40,3.581101800002216,0.4544134499979009,True,True,time_limit_guard_at_iteration_boundary,True,2,04_symmetric_wall_clock_ejection_on_off/off/raw_runs.csv
Symmetric wall clock,Chao,Ejection OFF,p5.4.s,3,2500,4.035515250000117,4.035515250000117,4096,1000.0,1030.0,2.912621359223301,92.45111915039936,40,3.673498300002393,0.3620169499977237,True,True,time_limit_guard_at_iteration_boundary,True,2,04_symmetric_wall_clock_ejection_on_off/off/raw_runs.csv
Symmetric wall clock,Chao,Ejection OFF,p5.4.t,0,2500,4.042686750000485,4.042686750000485,4076,1100.0,1160.0,5.172413793103448,97.1374106514146,44,3.704847099998005,0.3378396500024792,True,True,time_limit_guard_at_iteration_boundary,True,2,04_symmetric_wall_clock_ejection_on_off/off/raw_runs.csv
Symmetric wall clock,Chao,Ejection OFF,p5.4.t,1,2500,4.042686750000485,4.042686750000485,3851,1100.0,1160.0,5.172413793103448,97.1374106514146,44,3.595061800002441,0.447624949998044,True,True,time_limit_guard_at_iteration_boundary,True,2,04_symmetric_wall_clock_ejection_on_off/off/raw_runs.csv
Symmetric wall clock,Chao,Ejection OFF,p5.4.t,2,2500,4.042686750000485,4.042686750000485,4023,1105.0,1160.0,4.741379310344827,97.98921293954396,43,3.662288499999704,0.3803982500007805,True,True,time_limit_guard_at_iteration_boundary,True,2,04_symmetric_wall_clock_ejection_on_off/off/raw_runs.csv
Symmetric wall clock,Chao,Ejection OFF,p5.4.t,3,2500,4.042686750000485,4.042686750000485,4193,1125.0,1160.0,3.0172413793103448,98.87713223932408,41,3.596159800003079,0.4465269499974056,True,True,time_limit_guard_at_iteration_boundary,True,2,04_symmetric_wall_clock_ejection_on_off/off/raw_runs.csv
Symmetric wall clock,Chao,Ejection OFF,p5.4.u,0,2500,3.711924900000213,3.711924900000213,3971,1300.0,1300.0,0.0,104.18673747926776,44,3.3663668999979564,0.3455580000022564,True,True,time_limit_guard_at_iteration_boundary,True,2,04_symmetric_wall_clock_ejection_on_off/off/raw_runs.csv
Symmetric wall clock,Chao,Ejection OFF,p5.4.u,1,2500,3.711924900000213,3.711924900000213,3917,1240.0,1300.0,4.615384615384615,103.2334234090707,44,3.371614200001204,0.3403106999990086,True,True,time_limit_guard_at_iteration_boundary,True,2,04_symmetric_wall_clock_ejection_on_off/off/raw_runs.csv
Symmetric wall clock,Chao,Ejection OFF,p5.4.u,2,2500,3.711924900000213,3.711924900000213,3862,1300.0,1300.0,0.0,104.18673747926776,44,3.308574500002578,0.4033503999976346,True,True,time_limit_guard_at_iteration_boundary,True,2,04_symmetric_wall_clock_ejection_on_off/off/raw_runs.csv
Symmetric wall clock,Chao,Ejection OFF,p5.4.u,3,2500,3.711924900000213,3.711924900000213,4020,1300.0,1300.0,0.0,104.18673747926776,44,3.365669999999227,0.3462549000009858,True,True,time_limit_guard_at_iteration_boundary,True,2,04_symmetric_wall_clock_ejection_on_off/off/raw_runs.csv
Symmetric wall clock,Chao,Ejection OFF,p5.4.v,0,2500,3.5700283500000296,3.5700283500000296,3628,1320.0,1320.0,0.0,108.62325508938126,48,3.095974100000604,0.4740542499994262,True,True,time_limit_guard_at_iteration_boundary,True,2,04_symmetric_wall_clock_ejection_on_off/off/raw_runs.csv
Symmetric wall clock,Chao,Ejection OFF,p5.4.v,1,2500,3.5700283500000296,3.5700283500000296,3659,1320.0,1320.0,0.0,108.62325508938126,48,3.2059373000010964,0.3640910499989331,True,True,time_limit_guard_at_iteration_boundary,True,2,04_symmetric_wall_clock_ejection_on_off/off/raw_runs.csv
Symmetric wall clock,Chao,Ejection OFF,p5.4.v,2,2500,3.5700283500000296,3.5700283500000296,3435,1320.0,1320.0,0.0,108.62325508938126,48,3.09201910000047,0.4780092499995589,True,True,time_limit_guard_at_iteration_boundary,True,2,04_symmetric_wall_clock_ejection_on_off/off/raw_runs.csv
Symmetric wall clock,Chao,Ejection OFF,p5.4.v,3,2500,3.5700283500000296,3.5700283500000296,3704,1320.0,1320.0,0.0,108.62325508938126,48,3.202585999999428,0.3674423500006014,True,True,time_limit_guard_at_iteration_boundary,True,2,04_symmetric_wall_clock_ejection_on_off/off/raw_runs.csv
Symmetric wall clock,Chao,Ejection OFF,p5.4.w,0,2500,3.8709747749999215,3.8709747749999215,3901,1380.0,1390.0,0.7194244604316546,113.1374106514146,52,3.4426728999969782,0.4283018750029441,True,True,time_limit_guard_at_iteration_boundary,True,2,04_symmetric_wall_clock_ejection_on_off/off/raw_runs.csv
Symmetric wall clock,Chao,Ejection OFF,p5.4.w,1,2500,3.8709747749999215,3.8709747749999215,3935,1380.0,1390.0,0.7194244604316546,113.1374106514146,52,3.5438357000020915,0.3271390749978309,True,True,time_limit_guard_at_iteration_boundary,True,2,04_symmetric_wall_clock_ejection_on_off/off/raw_runs.csv
Symmetric wall clock,Chao,Ejection OFF,p5.4.w,2,2500,3.8709747749999215,3.8709747749999215,3934,1380.0,1390.0,0.7194244604316546,113.1374106514146,52,3.4837509999997565,0.3872237750001659,True,True,time_limit_guard_at_iteration_boundary,True,2,04_symmetric_wall_clock_ejection_on_off/off/raw_runs.csv
Symmetric wall clock,Chao,Ejection OFF,p5.4.w,3,2500,3.8709747749999215,3.8709747749999215,3913,1380.0,1390.0,0.7194244604316546,113.1374106514146,52,3.4481560999993235,0.4228186750005989,True,True,time_limit_guard_at_iteration_boundary,True,2,04_symmetric_wall_clock_ejection_on_off/off/raw_runs.csv
Symmetric wall clock,Chao,Ejection OFF,p5.4.x,0,2500,3.6577532249998512,3.6577532249998512,3736,1425.0,1450.0,1.7241379310344829,118.14570622052506,53,3.1747226000006776,0.4830306249991736,True,True,time_limit_guard_at_iteration_boundary,True,2,04_symmetric_wall_clock_ejection_on_off/off/raw_runs.csv
Symmetric wall clock,Chao,Ejection OFF,p5.4.x,1,2500,3.6577532249998512,3.6577532249998512,3738,1425.0,1450.0,1.7241379310344829,118.3765754935048,51,3.3172510000003967,0.3405022249994545,True,True,time_limit_guard_at_iteration_boundary,True,2,04_symmetric_wall_clock_ejection_on_off/off/raw_runs.csv
Symmetric wall clock,Chao,Ejection OFF,p5.4.x,2,2500,3.6577532249998512,3.6577532249998512,3506,1420.0,1450.0,2.0689655172413794,116.53718711989032,52,3.1955949000002875,0.4621583249995638,True,True,time_limit_guard_at_iteration_boundary,True,2,04_symmetric_wall_clock_ejection_on_off/off/raw_runs.csv
Symmetric wall clock,Chao,Ejection OFF,p5.4.x,3,2500,3.6577532249998512,3.6577532249998512,3719,1430.0,1450.0,1.3793103448275863,117.33999684183274,52,3.1917972000010195,0.4659560249988317,True,True,time_limit_guard_at_iteration_boundary,True,2,04_symmetric_wall_clock_ejection_on_off/off/raw_runs.csv
Symmetric wall clock,Chao,Ejection OFF,p5.4.y,0,2500,3.121943425000154,3.121943425000154,3289,1485.0,1520.0,2.3026315789473686,122.91275370418217,55,2.6791522999992594,0.4427911250008947,True,True,time_limit_guard_at_iteration_boundary,True,2,04_symmetric_wall_clock_ejection_on_off/off/raw_runs.csv
Symmetric wall clock,Chao,Ejection OFF,p5.4.y,1,2500,3.121943425000154,3.121943425000154,3352,1510.0,1520.0,0.6578947368421053,124.45111915039936,56,2.772810700000264,0.3491327249998903,True,True,time_limit_guard_at_iteration_boundary,True,2,04_symmetric_wall_clock_ejection_on_off/off/raw_runs.csv
Symmetric wall clock,Chao,Ejection OFF,p5.4.y,2,2500,3.121943425000154,3.121943425000154,3201,1510.0,1520.0,0.6578947368421053,121.88854381999832,56,2.690345699997124,0.43159772500303,True,True,time_limit_guard_at_iteration_boundary,True,2,04_symmetric_wall_clock_ejection_on_off/off/raw_runs.csv
Symmetric wall clock,Chao,Ejection OFF,p5.4.y,3,2500,3.121943425000154,3.121943425000154,3203,1520.0,1520.0,0.0,124.45111915039936,56,2.6448117999971146,0.4771316250030395,True,True,time_limit_guard_at_iteration_boundary,True,2,04_symmetric_wall_clock_ejection_on_off/off/raw_runs.csv
Symmetric wall clock,Chao,Ejection OFF,p5.4.z,0,2500,2.5860553499996968,2.5860553499996968,2910,1620.0,1620.0,0.0,129.1374106514146,60,2.177642200000264,0.4084131499994328,True,True,time_limit_guard_at_iteration_boundary,True,2,04_symmetric_wall_clock_ejection_on_off/off/raw_runs.csv
Symmetric wall clock,Chao,Ejection OFF,p5.4.z,1,2500,2.5860553499996968,2.5860553499996968,2922,1620.0,1620.0,0.0,129.1374106514146,60,2.2212894999975106,0.3647658500021862,True,True,time_limit_guard_at_iteration_boundary,True,2,04_symmetric_wall_clock_ejection_on_off/off/raw_runs.csv
Symmetric wall clock,Chao,Ejection OFF,p5.4.z,2,2500,2.5860553499996968,2.5860553499996968,2932,1620.0,1620.0,0.0,129.1374106514146,60,2.2263640999990457,0.359691250000651,True,True,time_limit_guard_at_iteration_boundary,True,2,04_symmetric_wall_clock_ejection_on_off/off/raw_runs.csv
Symmetric wall clock,Chao,Ejection OFF,p5.4.z,3,2500,2.5860553499996968,2.5860553499996968,2879,1620.0,1620.0,0.0,129.1374106514146,60,2.1981848000032187,0.3878705499964781,True,True,time_limit_guard_at_iteration_boundary,True,2,04_symmetric_wall_clock_ejection_on_off/off/raw_runs.csv
Symmetric wall clock,Chao,Ejection OFF,p6.2.d,0,2500,2.159697099999903,2.159697099999903,4199,192.0,192.0,0.0,29.65685424949238,14,1.6977692000000388,0.4619278999998641,True,True,time_limit_guard_at_iteration_boundary,True,2,04_symmetric_wall_clock_ejection_on_off/off/raw_runs.csv
Symmetric wall clock,Chao,Ejection OFF,p6.2.d,1,2500,2.159697099999903,2.159697099999903,4199,192.0,192.0,0.0,29.65685424949238,14,1.6951991999994789,0.4644979000004241,True,True,time_limit_guard_at_iteration_boundary,True,2,04_symmetric_wall_clock_ejection_on_off/off/raw_runs.csv
Symmetric wall clock,Chao,Ejection OFF,p6.2.d,2,2500,2.159697099999903,2.159697099999903,4199,192.0,192.0,0.0,29.65685424949238,14,1.699203899999702,0.4604932000002009,True,True,time_limit_guard_at_iteration_boundary,True,2,04_symmetric_wall_clock_ejection_on_off/off/raw_runs.csv
Symmetric wall clock,Chao,Ejection OFF,p6.2.d,3,2500,2.159697099999903,2.159697099999903,4199,192.0,192.0,0.0,29.65685424949238,14,1.6926974999987578,0.4669996000011451,True,True,time_limit_guard_at_iteration_boundary,True,2,04_symmetric_wall_clock_ejection_on_off/off/raw_runs.csv
Symmetric wall clock,Chao,Ejection OFF,p6.2.j,0,2500,4.075300524999875,4.075300524999875,4293,942.0,948.0,0.6329113924050633,58.21225132517719,37,3.7311293999991904,0.3441711250006847,True,True,time_limit_guard_at_iteration_boundary,True,2,04_symmetric_wall_clock_ejection_on_off/off/raw_runs.csv
Symmetric wall clock,Chao,Ejection OFF,p6.2.j,1,2500,4.075300524999875,4.075300524999875,4005,942.0,948.0,0.6329113924050633,58.21225132517719,37,3.6547472000020207,0.4205533249978543,True,True,time_limit_guard_at_iteration_boundary,True,2,04_symmetric_wall_clock_ejection_on_off/off/raw_runs.csv
Symmetric wall clock,Chao,Ejection OFF,p6.2.j,2,2500,4.075300524999875,4.075300524999875,3934,936.0,948.0,1.2658227848101269,56.56854249492381,38,3.647607600003539,0.4276929249963359,True,True,time_limit_guard_at_iteration_boundary,True,2,04_symmetric_wall_clock_ejection_on_off/off/raw_runs.csv
Symmetric wall clock,Chao,Ejection OFF,p6.2.j,3,2500,4.075300524999875,4.075300524999875,4083,942.0,948.0,0.6329113924050633,58.21225132517719,37,3.753107699998509,0.3221928250013661,True,True,time_limit_guard_at_iteration_boundary,True,2,04_symmetric_wall_clock_ejection_on_off/off/raw_runs.csv
Symmetric wall clock,Chao,Ejection OFF,p6.2.l,0,2500,4.253416824999931,4.253416824999931,3969,1116.0,1116.0,0.0,67.88225099390857,46,3.7868510999978753,0.4665657250020558,True,True,time_limit_guard_at_iteration_boundary,True,2,04_symmetric_wall_clock_ejection_on_off/off/raw_runs.csv
Symmetric wall clock,Chao,Ejection OFF,p6.2.l,1,2500,4.253416824999931,4.253416824999931,4045,1116.0,1116.0,0.0,67.88225099390857,46,3.940224500001932,0.3131923249979991,True,True,time_limit_guard_at_iteration_boundary,True,2,04_symmetric_wall_clock_ejection_on_off/off/raw_runs.csv
Symmetric wall clock,Chao,Ejection OFF,p6.2.l,2,2500,4.253416824999931,4.253416824999931,3947,1116.0,1116.0,0.0,67.88225099390857,46,3.825193000000581,0.4282238249993497,True,True,time_limit_guard_at_iteration_boundary,True,2,04_symmetric_wall_clock_ejection_on_off/off/raw_runs.csv
Symmetric wall clock,Chao,Ejection OFF,p6.2.l,3,2500,4.253416824999931,4.253416824999931,3956,1116.0,1116.0,0.0,67.88225099390857,46,3.8287983000009262,0.4246185249990049,True,True,time_limit_guard_at_iteration_boundary,True,2,04_symmetric_wall_clock_ejection_on_off/off/raw_runs.csv
Symmetric wall clock,Chao,Ejection OFF,p6.2.m,0,2500,3.923616524999943,3.923616524999943,3862,1188.0,1188.0,0.0,73.53910524340095,50,3.589973699999973,0.3336428249999699,True,True,time_limit_guard_at_iteration_boundary,True,2,04_symmetric_wall_clock_ejection_on_off/off/raw_runs.csv
Symmetric wall clock,Chao,Ejection OFF,p6.2.m,1,2500,3.923616524999943,3.923616524999943,3841,1188.0,1188.0,0.0,73.53910524340095,50,3.529131299997971,0.3944852250019721,True,True,time_limit_guard_at_iteration_boundary,True,2,04_symmetric_wall_clock_ejection_on_off/off/raw_runs.csv
Symmetric wall clock,Chao,Ejection OFF,p6.2.m,2,2500,3.923616524999943,3.923616524999943,3666,1188.0,1188.0,0.0,73.53910524340095,50,3.451147399999172,0.4724691250007709,True,True,time_limit_guard_at_iteration_boundary,True,2,04_symmetric_wall_clock_ejection_on_off/off/raw_runs.csv
Symmetric wall clock,Chao,Ejection OFF,p6.2.m,3,2500,3.923616524999943,3.923616524999943,3824,1188.0,1188.0,0.0,73.53910524340095,50,3.493127200003073,0.43048932499687,True,True,time_limit_guard_at_iteration_boundary,True,2,04_symmetric_wall_clock_ejection_on_off/off/raw_runs.csv
Symmetric wall clock,Chao,Ejection OFF,p6.2.n,0,2500,3.613294375000805,3.613294375000805,3461,1260.0,1260.0,0.0,79.19595949289332,54,3.194272499997169,0.4190218750036365,True,True,time_limit_guard_at_iteration_boundary,True,2,04_symmetric_wall_clock_ejection_on_off/off/raw_runs.csv
Symmetric wall clock,Chao,Ejection OFF,p6.2.n,1,2500,3.613294375000805,3.613294375000805,3515,1260.0,1260.0,0.0,79.19595949289332,54,3.261828599999717,0.3514657750010883,True,True,time_limit_guard_at_iteration_boundary,True,2,04_symmetric_wall_clock_ejection_on_off/off/raw_runs.csv
Symmetric wall clock,Chao,Ejection OFF,p6.2.n,2,2500,3.613294375000805,3.613294375000805,3372,1260.0,1260.0,0.0,79.19595949289332,54,3.121097800001735,0.4921965749990704,True,True,time_limit_guard_at_iteration_boundary,True,2,04_symmetric_wall_clock_ejection_on_off/off/raw_runs.csv
Symmetric wall clock,Chao,Ejection OFF,p6.2.n,3,2500,3.613294375000805,3.613294375000805,3462,1260.0,1260.0,0.0,79.19595949289332,54,3.1591784000011103,0.454115974999695,True,True,time_limit_guard_at_iteration_boundary,True,2,04_symmetric_wall_clock_ejection_on_off/off/raw_runs.csv
Symmetric wall clock,Chao,Ejection OFF,p6.3.g,0,2500,2.50615095000012,2.50615095000012,4216,282.0,282.0,0.0,44.55790079237062,19,2.066167899996799,0.4399830500033204,True,True,time_limit_guard_at_iteration_boundary,True,2,04_symmetric_wall_clock_ejection_on_off/off/raw_runs.csv
Symmetric wall clock,Chao,Ejection OFF,p6.3.g,1,2500,2.50615095000012,2.50615095000012,4148,282.0,282.0,0.0,44.55790079237062,19,2.0470529999984137,0.4590979500017056,True,True,time_limit_guard_at_iteration_boundary,True,2,04_symmetric_wall_clock_ejection_on_off/off/raw_runs.csv
Symmetric wall clock,Chao,Ejection OFF,p6.3.g,2,2500,2.50615095000012,2.50615095000012,4228,282.0,282.0,0.0,44.55790079237062,19,2.032590099999652,0.4735608500004673,True,True,time_limit_guard_at_iteration_boundary,True,2,04_symmetric_wall_clock_ejection_on_off/off/raw_runs.csv
Symmetric wall clock,Chao,Ejection OFF,p6.3.g,3,2500,2.50615095000012,2.50615095000012,4279,282.0,282.0,0.0,44.55790079237062,19,2.0605682999994315,0.4455826500006878,True,True,time_limit_guard_at_iteration_boundary,True,2,04_symmetric_wall_clock_ejection_on_off/off/raw_runs.csv
Symmetric wall clock,Chao,Ejection OFF,p6.3.h,0,2500,3.609835825000573,3.609835825000573,4891,444.0,444.0,0.0,49.45584412271572,27,3.2252483000011125,0.3845875249994606,True,True,time_limit_guard_at_iteration_boundary,True,2,04_symmetric_wall_clock_ejection_on_off/off/raw_runs.csv
Symmetric wall clock,Chao,Ejection OFF,p6.3.h,1,2500,3.609835825000573,3.609835825000573,4840,444.0,444.0,0.0,49.45584412271572,27,3.179590200001257,0.4302456249993156,True,True,time_limit_guard_at_iteration_boundary,True,2,04_symmetric_wall_clock_ejection_on_off/off/raw_runs.csv
Symmetric wall clock,Chao,Ejection OFF,p6.3.h,2,2500,3.609835825000573,3.609835825000573,4781,444.0,444.0,0.0,49.45584412271572,27,3.145617799997126,0.4642180250034471,True,True,time_limit_guard_at_iteration_boundary,True,2,04_symmetric_wall_clock_ejection_on_off/off/raw_runs.csv
Symmetric wall clock,Chao,Ejection OFF,p6.3.h,3,2500,3.609835825000573,3.609835825000573,4852,444.0,444.0,0.0,49.45584412271572,27,3.200862199999392,0.408973625001181,True,True,time_limit_guard_at_iteration_boundary,True,2,04_symmetric_wall_clock_ejection_on_off/off/raw_runs.csv
Symmetric wall clock,Chao,Ejection OFF,p6.3.i,0,2500,3.885602074999952,3.885602074999952,4671,642.0,642.0,0.0,54.42640687119285,33,3.4595265999996627,0.4260754750002888,True,True,time_limit_guard_at_iteration_boundary,True,2,04_symmetric_wall_clock_ejection_on_off/off/raw_runs.csv
Symmetric wall clock,Chao,Ejection OFF,p6.3.i,1,2500,3.885602074999952,3.885602074999952,4753,642.0,642.0,0.0,54.42640687119285,33,3.516165599998203,0.3694364750017485,True,True,time_limit_guard_at_iteration_boundary,True,2,04_symmetric_wall_clock_ejection_on_off/off/raw_runs.csv
Symmetric wall clock,Chao,Ejection OFF,p6.3.i,2,2500,3.885602074999952,3.885602074999952,4568,642.0,642.0,0.0,54.42640687119285,33,3.4598479000014777,0.4257541749984739,True,True,time_limit_guard_at_iteration_boundary,True,2,04_symmetric_wall_clock_ejection_on_off/off/raw_runs.csv
Symmetric wall clock,Chao,Ejection OFF,p6.3.i,3,2500,3.885602074999952,3.885602074999952,4610,642.0,642.0,0.0,54.42640687119285,33,3.4228911999998672,0.4627108750000843,True,True,time_limit_guard_at_iteration_boundary,True,2,04_symmetric_wall_clock_ejection_on_off/off/raw_runs.csv
Symmetric wall clock,Chao,Ejection OFF,p6.3.k,0,2500,3.726914500000021,3.726914500000021,4165,888.0,894.0,0.6711409395973155,62.31660659271909,39,3.340143100002024,0.3867713999979969,True,True,time_limit_guard_at_iteration_boundary,True,2,04_symmetric_wall_clock_ejection_on_off/off/raw_runs.csv
Symmetric wall clock,Chao,Ejection OFF,p6.3.k,1,2500,3.726914500000021,3.726914500000021,4218,888.0,894.0,0.6711409395973155,62.31660659271909,39,3.349627200001123,0.3772872999988976,True,True,time_limit_guard_at_iteration_boundary,True,2,04_symmetric_wall_clock_ejection_on_off/off/raw_runs.csv
Symmetric wall clock,Chao,Ejection OFF,p6.3.k,2,2500,3.726914500000021,3.726914500000021,4179,888.0,894.0,0.6711409395973155,62.31660659271909,39,3.3040445000006,0.4228699999994205,True,True,time_limit_guard_at_iteration_boundary,True,2,04_symmetric_wall_clock_ejection_on_off/off/raw_runs.csv
Symmetric wall clock,Chao,Ejection OFF,p6.3.k,3,2500,3.726914500000021,3.726914500000021,4133,894.0,894.0,0.0,64.64116191305585,38,3.2502595000005385,0.4766549999994822,True,True,time_limit_guard_at_iteration_boundary,True,2,04_symmetric_wall_clock_ejection_on_off/off/raw_runs.csv
Symmetric wall clock,Chao,Ejection OFF,p6.3.l,0,2500,3.7523309249991135,3.7523309249991135,3970,1002.0,1002.0,0.0,68.54995206475294,43,3.3479148000005807,0.4044161249985336,True,True,time_limit_guard_at_iteration_boundary,True,2,04_symmetric_wall_clock_ejection_on_off/off/raw_runs.csv
Symmetric wall clock,Chao,Ejection OFF,p6.3.l,1,2500,3.7523309249991135,3.7523309249991135,3921,1002.0,1002.0,0.0,68.54995206475294,43,3.2869845000022906,0.4653464249968237,True,True,time_limit_guard_at_iteration_boundary,True,2,04_symmetric_wall_clock_ejection_on_off/off/raw_runs.csv
Symmetric wall clock,Chao,Ejection OFF,p6.3.l,2,2500,3.7523309249991135,3.7523309249991135,3899,1002.0,1002.0,0.0,68.54995206475294,43,3.307835300001898,0.4444956249972165,True,True,time_limit_guard_at_iteration_boundary,True,2,04_symmetric_wall_clock_ejection_on_off/off/raw_runs.csv
Symmetric wall clock,Chao,Ejection OFF,p6.3.l,3,2500,3.7523309249991135,3.7523309249991135,3891,1002.0,1002.0,0.0,68.54995206475294,43,3.283414999998058,0.4689159250010561,True,True,time_limit_guard_at_iteration_boundary,True,2,04_symmetric_wall_clock_ejection_on_off/off/raw_runs.csv
Symmetric wall clock,Chao,Ejection OFF,p6.3.m,0,2500,3.9035824749998937,3.9035824749998937,4147,1080.0,1080.0,0.0,74.22539674441619,47,3.5516935999985435,0.3518888750013502,True,True,time_limit_guard_at_iteration_boundary,True,2,04_symmetric_wall_clock_ejection_on_off/off/raw_runs.csv
Symmetric wall clock,Chao,Ejection OFF,p6.3.m,1,2500,3.9035824749998937,3.9035824749998937,3939,1080.0,1080.0,0.0,74.22539674441619,47,3.416079599999648,0.4875028750002457,True,True,time_limit_guard_at_iteration_boundary,True,2,04_symmetric_wall_clock_ejection_on_off/off/raw_runs.csv
Symmetric wall clock,Chao,Ejection OFF,p6.3.m,2,2500,3.9035824749998937,3.9035824749998937,4069,1080.0,1080.0,0.0,74.22539674441619,47,3.4791865999977745,0.4243958750021193,True,True,time_limit_guard_at_iteration_boundary,True,2,04_symmetric_wall_clock_ejection_on_off/off/raw_runs.csv
Symmetric wall clock,Chao,Ejection OFF,p6.3.m,3,2500,3.9035824749998937,3.9035824749998937,4100,1080.0,1080.0,0.0,74.22539674441619,47,3.5320013999989897,0.3715810750009041,True,True,time_limit_guard_at_iteration_boundary,True,2,04_symmetric_wall_clock_ejection_on_off/off/raw_runs.csv
Symmetric wall clock,Chao,Ejection OFF,p6.3.n,0,2500,3.487434950000079,3.487434950000079,3742,1164.0,1170.0,0.5128205128205128,78.71067811865476,51,3.029449800000293,0.4579851499997858,True,True,time_limit_guard_at_iteration_boundary,True,2,04_symmetric_wall_clock_ejection_on_off/off/raw_runs.csv
Symmetric wall clock,Chao,Ejection OFF,p6.3.n,1,2500,3.487434950000079,3.487434950000079,3688,1170.0,1170.0,0.0,78.71067811865476,51,3.000543900001503,0.4868910499985759,True,True,time_limit_guard_at_iteration_boundary,True,2,04_symmetric_wall_clock_ejection_on_off/off/raw_runs.csv
Symmetric wall clock,Chao,Ejection OFF,p6.3.n,2,2500,3.487434950000079,3.487434950000079,3969,1170.0,1170.0,0.0,78.71067811865476,51,3.12462289999894,0.3628120500011391,True,True,time_limit_guard_at_iteration_boundary,True,2,04_symmetric_wall_clock_ejection_on_off/off/raw_runs.csv
Symmetric wall clock,Chao,Ejection OFF,p6.3.n,3,2500,3.487434950000079,3.487434950000079,3627,1170.0,1170.0,0.0,77.53910524340095,51,3.023556899999676,0.4638780500004031,True,True,time_limit_guard_at_iteration_boundary,True,2,04_symmetric_wall_clock_ejection_on_off/off/raw_runs.csv
Symmetric wall clock,Chao,Ejection OFF,p6.4.j,0,2500,2.6613815750006324,2.6613815750006324,4046,366.0,366.0,0.0,59.502172702369776,23,2.2041396999993594,0.457241875001273,True,True,time_limit_guard_at_iteration_boundary,True,2,04_symmetric_wall_clock_ejection_on_off/off/raw_runs.csv
Symmetric wall clock,Chao,Ejection OFF,p6.4.j,1,2500,2.6613815750006324,2.6613815750006324,3962,366.0,366.0,0.0,59.502172702369776,23,2.1661707000021124,0.49521087499852,True,True,time_limit_guard_at_iteration_boundary,True,2,04_symmetric_wall_clock_ejection_on_off/off/raw_runs.csv
Symmetric wall clock,Chao,Ejection OFF,p6.4.j,2,2500,2.6613815750006324,2.6613815750006324,4059,366.0,366.0,0.0,59.502172702369776,23,2.225498099996912,0.4358834750037204,True,True,time_limit_guard_at_iteration_boundary,True,2,04_symmetric_wall_clock_ejection_on_off/off/raw_runs.csv
Symmetric wall clock,Chao,Ejection OFF,p6.4.j,3,2500,2.6613815750006324,2.6613815750006324,4072,366.0,366.0,0.0,59.502172702369776,23,2.252784999996948,0.4085965750036848,True,True,time_limit_guard_at_iteration_boundary,True,2,04_symmetric_wall_clock_ejection_on_off/off/raw_runs.csv
Symmetric wall clock,Chao,Ejection OFF,p6.4.k,0,2500,3.4565733000004,3.4565733000004,4543,528.0,528.0,0.0,64.2618966696085,28,3.066739400001097,0.3898338999993029,True,True,time_limit_guard_at_iteration_boundary,True,2,04_symmetric_wall_clock_ejection_on_off/off/raw_runs.csv
Symmetric wall clock,Chao,Ejection OFF,p6.4.k,1,2500,3.4565733000004,3.4565733000004,4338,528.0,528.0,0.0,64.22079954864219,28,2.964565700000094,0.4920076000003064,True,True,time_limit_guard_at_iteration_boundary,True,2,04_symmetric_wall_clock_ejection_on_off/off/raw_runs.csv
Symmetric wall clock,Chao,Ejection OFF,p6.4.k,2,2500,3.4565733000004,3.4565733000004,4555,528.0,528.0,0.0,64.22079954864219,28,3.0644795000007434,0.3920937999996567,True,True,time_limit_guard_at_iteration_boundary,True,2,04_symmetric_wall_clock_ejection_on_off/off/raw_runs.csv
Symmetric wall clock,Chao,Ejection OFF,p6.4.k,3,2500,3.4565733000004,3.4565733000004,4474,528.0,528.0,0.0,64.2618966696085,28,3.03659069999776,0.4199826000026405,True,True,time_limit_guard_at_iteration_boundary,True,2,04_symmetric_wall_clock_ejection_on_off/off/raw_runs.csv
Symmetric wall clock,Chao,Ejection OFF,p6.4.l,0,2500,4.096919024999806,4.096919024999806,4463,696.0,696.0,0.0,68.75096219152961,38,3.628233800001908,0.4686852249978983,True,True,time_limit_guard_at_iteration_boundary,True,2,04_symmetric_wall_clock_ejection_on_off/off/raw_runs.csv
Symmetric wall clock,Chao,Ejection OFF,p6.4.l,1,2500,4.096919024999806,4.096919024999806,4491,696.0,696.0,0.0,68.75096219152961,38,3.696603199998208,0.4003158250015985,True,True,time_limit_guard_at_iteration_boundary,True,2,04_symmetric_wall_clock_ejection_on_off/off/raw_runs.csv
Symmetric wall clock,Chao,Ejection OFF,p6.4.l,2,2500,4.096919024999806,4.096919024999806,4616,696.0,696.0,0.0,68.75096219152961,38,3.733009800002037,0.3639092249977693,True,True,time_limit_guard_at_iteration_boundary,True,2,04_symmetric_wall_clock_ejection_on_off/off/raw_runs.csv
Symmetric wall clock,Chao,Ejection OFF,p6.4.l,3,2500,4.096919024999806,4.096919024999806,4502,696.0,696.0,0.0,68.75096219152961,38,3.68726389999938,0.4096551250004268,True,True,time_limit_guard_at_iteration_boundary,True,2,04_symmetric_wall_clock_ejection_on_off/off/raw_runs.csv
Symmetric wall clock,Chao,Ejection OFF,p7.2.d,0,2500,1.9407258000001093,1.9407258000001093,3399,190.0,190.0,0.0,78.6737065912388,10,1.4504851000019698,0.4902406999981394,True,True,time_limit_guard_at_iteration_boundary,True,2,04_symmetric_wall_clock_ejection_on_off/off/raw_runs.csv
Symmetric wall clock,Chao,Ejection OFF,p7.2.d,1,2500,1.9407258000001093,1.9407258000001093,3399,190.0,190.0,0.0,78.6737065912388,10,1.47011940000084,0.4706063999992693,True,True,time_limit_guard_at_iteration_boundary,True,2,04_symmetric_wall_clock_ejection_on_off/off/raw_runs.csv
Symmetric wall clock,Chao,Ejection OFF,p7.2.d,2,2500,1.9407258000001093,1.9407258000001093,3399,190.0,190.0,0.0,78.6737065912388,10,1.4595329000003403,0.481192899999769,True,True,time_limit_guard_at_iteration_boundary,True,2,04_symmetric_wall_clock_ejection_on_off/off/raw_runs.csv
Symmetric wall clock,Chao,Ejection OFF,p7.2.d,3,2500,1.9407258000001093,1.9407258000001093,3399,190.0,190.0,0.0,78.6737065912388,10,1.498248700001568,0.4424770999985412,True,True,time_limit_guard_at_iteration_boundary,True,2,04_symmetric_wall_clock_ejection_on_off/off/raw_runs.csv
Symmetric wall clock,Chao,Ejection OFF,p7.2.e,0,2500,2.4477318999997806,2.4477318999997806,3399,290.0,290.0,0.0,98.36318612174394,15,1.9549289000024144,0.492802999997366,True,True,time_limit_guard_at_iteration_boundary,True,2,04_symmetric_wall_clock_ejection_on_off/off/raw_runs.csv
Symmetric wall clock,Chao,Ejection OFF,p7.2.e,1,2500,2.4477318999997806,2.4477318999997806,3399,290.0,290.0,0.0,98.36318612174394,15,1.974063700003171,0.4736681999966095,True,True,time_limit_guard_at_iteration_boundary,True,2,04_symmetric_wall_clock_ejection_on_off/off/raw_runs.csv
Symmetric wall clock,Chao,Ejection OFF,p7.2.e,2,2500,2.4477318999997806,2.4477318999997806,3599,290.0,290.0,0.0,98.36318612174394,15,2.0258023999995203,0.4219295000002603,True,True,time_limit_guard_at_iteration_boundary,True,2,04_symmetric_wall_clock_ejection_on_off/off/raw_runs.csv
Symmetric wall clock,Chao,Ejection OFF,p7.2.e,3,2500,2.4477318999997806,2.4477318999997806,3599,290.0,290.0,0.0,98.36318612174394,15,2.041975000000093,0.4057568999996874,True,True,time_limit_guard_at_iteration_boundary,True,2,04_symmetric_wall_clock_ejection_on_off/off/raw_runs.csv
Symmetric wall clock,Chao,Ejection OFF,p7.2.f,0,2500,3.569863325000369,3.569863325000369,3895,387.0,387.0,0.0,119.40959650266612,21,3.092843599999469,0.4770197250009005,True,True,time_limit_guard_at_iteration_boundary,True,2,04_symmetric_wall_clock_ejection_on_off/off/raw_runs.csv
Symmetric wall clock,Chao,Ejection OFF,p7.2.f,1,2500,3.569863325000369,3.569863325000369,4115,387.0,387.0,0.0,119.40959650266612,21,3.177828399999271,0.3920349250010986,True,True,time_limit_guard_at_iteration_boundary,True,2,04_symmetric_wall_clock_ejection_on_off/off/raw_runs.csv
Symmetric wall clock,Chao,Ejection OFF,p7.2.f,2,2500,3.569863325000369,3.569863325000369,3973,387.0,387.0,0.0,119.40959650266612,21,3.0932637000005343,0.4765996249998352,True,True,time_limit_guard_at_iteration_boundary,True,2,04_symmetric_wall_clock_ejection_on_off/off/raw_runs.csv
Symmetric wall clock,Chao,Ejection OFF,p7.2.f,3,2500,3.569863325000369,3.569863325000369,4088,387.0,387.0,0.0,119.40959650266612,21,3.179982099998597,0.3898812250017727,True,True,time_limit_guard_at_iteration_boundary,True,2,04_symmetric_wall_clock_ejection_on_off/off/raw_runs.csv
Symmetric wall clock,Chao,Ejection OFF,p7.2.g,0,2500,5.193349575000411,5.193349575000411,3994,459.0,459.0,0.0,139.38253187114003,27,4.729892200000904,0.463457374999507,True,True,time_limit_guard_at_iteration_boundary,True,2,04_symmetric_wall_clock_ejection_on_off/off/raw_runs.csv
Symmetric wall clock,Chao,Ejection OFF,p7.2.g,1,2500,5.193349575000411,5.193349575000411,4160,459.0,459.0,0.0,139.38253187114003,27,4.934270400000969,0.2590791749994423,True,True,time_limit_guard_at_iteration_boundary,True,2,04_symmetric_wall_clock_ejection_on_off/off/raw_runs.csv
Symmetric wall clock,Chao,Ejection OFF,p7.2.g,2,2500,5.193349575000411,5.193349575000411,4138,459.0,459.0,0.0,139.38253187114003,27,4.8461998000020685,0.3471497749983427,True,True,time_limit_guard_at_iteration_boundary,True,2,04_symmetric_wall_clock_ejection_on_off/off/raw_runs.csv
Symmetric wall clock,Chao,Ejection OFF,p7.2.g,3,2500,5.193349575000411,5.193349575000411,4059,453.0,459.0,1.30718954248366,137.30050410519442,27,4.818886300003214,0.374463274997197,True,True,time_limit_guard_at_iteration_boundary,True,2,04_symmetric_wall_clock_ejection_on_off/off/raw_runs.csv
Symmetric wall clock,Chao,Ejection OFF,p7.2.h,0,2500,5.941513924999981,5.941513924999981,3987,521.0,521.0,0.0,158.24260160323507,31,5.46992870000031,0.4715852249996715,True,True,time_limit_guard_at_iteration_boundary,True,2,04_symmetric_wall_clock_ejection_on_off/off/raw_runs.csv
Symmetric wall clock,Chao,Ejection OFF,p7.2.h,1,2500,5.941513924999981,5.941513924999981,4217,521.0,521.0,0.0,158.24260160323507,31,5.6666302000012365,0.2748837249987446,True,True,time_limit_guard_at_iteration_boundary,True,2,04_symmetric_wall_clock_ejection_on_off/off/raw_runs.csv
Symmetric wall clock,Chao,Ejection OFF,p7.2.h,2,2500,5.941513924999981,5.941513924999981,4079,521.0,521.0,0.0,158.24260160323507,31,5.628280700002506,0.3132332249974752,True,True,time_limit_guard_at_iteration_boundary,True,2,04_symmetric_wall_clock_ejection_on_off/off/raw_runs.csv
Symmetric wall clock,Chao,Ejection OFF,p7.2.h,3,2500,5.941513924999981,5.941513924999981,4301,521.0,521.0,0.0,158.24260160323507,31,5.509249400001863,0.4322645249981178,True,True,time_limit_guard_at_iteration_boundary,True,2,04_symmetric_wall_clock_ejection_on_off/off/raw_runs.csv
Symmetric wall clock,Chao,Ejection OFF,p7.2.i,0,2500,6.343717100000049,6.343717100000049,3837,578.0,580.0,0.3448275862068966,177.9115388854371,36,5.926650000001246,0.4170670999988033,True,True,time_limit_guard_at_iteration_boundary,True,2,04_symmetric_wall_clock_ejection_on_off/off/raw_runs.csv
Symmetric wall clock,Chao,Ejection OFF,p7.2.i,1,2500,6.343717100000049,6.343717100000049,4040,578.0,580.0,0.3448275862068966,177.9115388854371,36,6.093806099997892,0.2499110000021573,True,True,time_limit_guard_at_iteration_boundary,True,2,04_symmetric_wall_clock_ejection_on_off/off/raw_runs.csv
Symmetric wall clock,Chao,Ejection OFF,p7.2.i,2,2500,6.343717100000049,6.343717100000049,3897,578.0,580.0,0.3448275862068966,177.9115388854371,36,5.934604100002616,0.4091129999974328,True,True,time_limit_guard_at_iteration_boundary,True,2,04_symmetric_wall_clock_ejection_on_off/off/raw_runs.csv
Symmetric wall clock,Chao,Ejection OFF,p7.2.i,3,2500,6.343717100000049,6.343717100000049,3997,578.0,580.0,0.3448275862068966,177.9115388854371,36,5.9264652999991085,0.4172518000009404,True,True,time_limit_guard_at_iteration_boundary,True,2,04_symmetric_wall_clock_ejection_on_off/off/raw_runs.csv
Symmetric wall clock,Chao,Ejection OFF,p7.2.j,0,2500,6.691466100000525,6.691466100000525,4228,634.0,646.0,1.8575851393188851,198.56000732923812,36,6.404597299999296,0.2868688000012298,True,True,time_limit_guard_at_iteration_boundary,True,2,04_symmetric_wall_clock_ejection_on_off/off/raw_runs.csv
Symmetric wall clock,Chao,Ejection OFF,p7.2.j,1,2500,6.691466100000525,6.691466100000525,4143,636.0,646.0,1.547987616099071,198.3867939533168,37,6.38097629999902,0.3104898000015055,True,True,time_limit_guard_at_iteration_boundary,True,2,04_symmetric_wall_clock_ejection_on_off/off/raw_runs.csv
Symmetric wall clock,Chao,Ejection OFF,p7.2.j,2,2500,6.691466100000525,6.691466100000525,4366,643.0,646.0,0.4643962848297213,198.87683949061383,35,6.325503100000788,0.3659629999997378,True,True,time_limit_guard_at_iteration_boundary,True,2,04_symmetric_wall_clock_ejection_on_off/off/raw_runs.csv
Symmetric wall clock,Chao,Ejection OFF,p7.2.j,3,2500,6.691466100000525,6.691466100000525,4465,641.0,646.0,0.7739938080495357,198.8956051528991,35,6.442089099997247,0.2493770000032782,True,True,time_limit_guard_at_iteration_boundary,True,2,04_symmetric_wall_clock_ejection_on_off/off/raw_runs.csv
Symmetric wall clock,Chao,Ejection OFF,p7.2.k,0,2500,7.009295225000187,7.009295225000187,4060,697.0,705.0,1.1347517730496457,219.71259421744404,40,6.70151579999947,0.3077794250007173,True,True,time_limit_guard_at_iteration_boundary,True,2,04_symmetric_wall_clock_ejection_on_off/off/raw_runs.csv
Symmetric wall clock,Chao,Ejection OFF,p7.2.k,1,2500,7.009295225000187,7.009295225000187,3907,642.0,705.0,8.936170212765957,218.47213189716905,37,6.711326599997847,0.2979686250023405,True,True,time_limit_guard_at_iteration_boundary,True,2,04_symmetric_wall_clock_ejection_on_off/off/raw_runs.csv
Symmetric wall clock,Chao,Ejection OFF,p7.2.k,2,2500,7.009295225000187,7.009295225000187,3780,652.0,705.0,7.5177304964539005,217.69969185963183,39,6.685873999998876,0.3234212250013115,True,True,time_limit_guard_at_iteration_boundary,True,2,04_symmetric_wall_clock_ejection_on_off/off/raw_runs.csv
Symmetric wall clock,Chao,Ejection OFF,p7.2.k,3,2500,7.009295225000187,7.009295225000187,4179,702.0,705.0,0.425531914893617,218.10943597847304,39,6.664955399999599,0.3443398250005884,True,True,time_limit_guard_at_iteration_boundary,True,2,04_symmetric_wall_clock_ejection_on_off/off/raw_runs.csv
Symmetric wall clock,Chao,Ejection OFF,p7.2.l,0,2500,7.582449850000557,7.582449850000557,4163,722.0,767.0,5.867014341590613,238.09717451038017,41,7.239820099999633,0.3426297500009241,True,True,time_limit_guard_at_iteration_boundary,True,2,04_symmetric_wall_clock_ejection_on_off/off/raw_runs.csv
Symmetric wall clock,Chao,Ejection OFF,p7.2.l,1,2500,7.582449850000557,7.582449850000557,3438,723.0,767.0,5.736636245110821,238.4806628565685,44,7.101434100000915,0.4810157499996421,True,True,time_limit_guard_at_iteration_boundary,True,2,04_symmetric_wall_clock_ejection_on_off/off/raw_runs.csv
Symmetric wall clock,Chao,Ejection OFF,p7.2.l,2,2500,7.582449850000557,7.582449850000557,4086,719.0,767.0,6.258148631029987,238.2866950510263,44,7.156049100001837,0.4264007499987201,True,True,time_limit_guard_at_iteration_boundary,True,2,04_symmetric_wall_clock_ejection_on_off/off/raw_runs.csv
Symmetric wall clock,Chao,Ejection OFF,p7.2.l,3,2500,7.582449850000557,7.582449850000557,3724,704.0,767.0,8.213820078226858,239.20835014861973,41,7.33332320000045,0.2491266500001074,True,True,time_limit_guard_at_iteration_boundary,True,2,04_symmetric_wall_clock_ejection_on_off/off/raw_runs.csv
Symmetric wall clock,Chao,Ejection OFF,p7.2.m,0,2500,8.282400724999206,8.282400724999206,3911,779.0,827.0,5.804111245465538,259.00864784658336,46,7.817862600000808,0.4645381249983984,True,True,time_limit_guard_at_iteration_boundary,True,2,04_symmetric_wall_clock_ejection_on_off/off/raw_runs.csv
Symmetric wall clock,Chao,Ejection OFF,p7.2.m,1,2500,8.282400724999206,8.282400724999206,4353,792.0,827.0,4.2321644498186215,258.54988795295344,44,7.8261380000003555,0.4562627249988509,True,True,time_limit_guard_at_iteration_boundary,True,2,04_symmetric_wall_clock_ejection_on_off/off/raw_runs.csv
Symmetric wall clock,Chao,Ejection OFF,p7.2.m,2,2500,8.282400724999206,8.282400724999206,4083,789.0,827.0,4.594921402660217,258.7942327682964,46,8.03310650000276,0.2492942249964471,True,True,time_limit_guard_at_iteration_boundary,True,2,04_symmetric_wall_clock_ejection_on_off/off/raw_runs.csv
Symmetric wall clock,Chao,Ejection OFF,p7.2.m,3,2500,8.282400724999206,8.282400724999206,3979,779.0,827.0,5.804111245465538,259.00864784658336,46,7.959075499999017,0.3233252250001897,True,True,time_limit_guard_at_iteration_boundary,True,2,04_symmetric_wall_clock_ejection_on_off/off/raw_runs.csv
Symmetric wall clock,Chao,Ejection OFF,p7.2.n,0,2500,8.72089752500051,8.72089752500051,3766,805.0,888.0,9.346846846846846,279.4390109397674,50,8.32964770000035,0.391249825000159,True,True,time_limit_guard_at_iteration_boundary,True,2,04_symmetric_wall_clock_ejection_on_off/off/raw_runs.csv
Symmetric wall clock,Chao,Ejection OFF,p7.2.n,1,2500,8.72089752500051,8.72089752500051,4020,864.0,888.0,2.702702702702702,279.3611489883826,50,8.268461800002115,0.452435724998395,True,True,time_limit_guard_at_iteration_boundary,True,2,04_symmetric_wall_clock_ejection_on_off/off/raw_runs.csv
Symmetric wall clock,Chao,Ejection OFF,p7.2.n,2,2500,8.72089752500051,8.72089752500051,3805,859.0,888.0,3.265765765765766,279.00394281968227,51,8.471443899998121,0.2494536250023884,True,True,time_limit_guard_at_iteration_boundary,True,2,04_symmetric_wall_clock_ejection_on_off/off/raw_runs.csv
Symmetric wall clock,Chao,Ejection OFF,p7.2.n,3,2500,8.72089752500051,8.72089752500051,3667,802.0,888.0,9.684684684684685,278.6775839272348,51,8.406727800000226,0.3141697250002835,True,True,time_limit_guard_at_iteration_boundary,True,2,04_symmetric_wall_clock_ejection_on_off/off/raw_runs.csv
Symmetric wall clock,Chao,Ejection OFF,p7.2.o,0,2500,9.018516125000133,9.018516125000133,3656,878.0,945.0,7.08994708994709,297.3207371695672,50,8.594655600001715,0.4238605249984175,True,True,time_limit_guard_at_iteration_boundary,True,2,04_symmetric_wall_clock_ejection_on_off/off/raw_runs.csv
Symmetric wall clock,Chao,Ejection OFF,p7.2.o,1,2500,9.018516125000133,9.018516125000133,4816,945.0,945.0,0.0,297.66893790511244,52,8.769758700000239,0.2487574249998942,True,True,time_limit_guard_at_iteration_boundary,True,2,04_symmetric_wall_clock_ejection_on_off/off/raw_runs.csv
Symmetric wall clock,Chao,Ejection OFF,p7.2.o,2,2500,9.018516125000133,9.018516125000133,3707,880.0,945.0,6.878306878306878,298.3905102640405,51,8.604138800001238,0.4143773249988953,True,True,time_limit_guard_at_iteration_boundary,True,2,04_symmetric_wall_clock_ejection_on_off/off/raw_runs.csv
Symmetric wall clock,Chao,Ejection OFF,p7.2.o,3,2500,9.018516125000133,9.018516125000133,4216,933.0,945.0,1.2698412698412698,299.0582272000787,52,8.704260200000135,0.3142559249999976,True,True,time_limit_guard_at_iteration_boundary,True,2,04_symmetric_wall_clock_ejection_on_off/off/raw_runs.csv
Symmetric wall clock,Chao,Ejection OFF,p7.2.p,0,2500,9.66209047500024,9.66209047500024,4507,1000.0,1002.0,0.1996007984031936,319.78260780199736,55,9.266950400000496,0.3951400749997447,True,True,time_limit_guard_at_iteration_boundary,True,2,04_symmetric_wall_clock_ejection_on_off/off/raw_runs.csv
Symmetric wall clock,Chao,Ejection OFF,p7.2.p,1,2500,9.66209047500024,9.66209047500024,4957,992.0,1002.0,0.998003992015968,319.05010423978075,53,9.41231659999903,0.2497738750012104,True,True,time_limit_guard_at_iteration_boundary,True,2,04_symmetric_wall_clock_ejection_on_off/off/raw_runs.csv
Symmetric wall clock,Chao,Ejection OFF,p7.2.p,2,2500,9.66209047500024,9.66209047500024,3682,956.0,1002.0,4.590818363273453,318.6569342250351,55,9.413483200001792,0.2486072749984487,True,True,time_limit_guard_at_iteration_boundary,True,2,04_symmetric_wall_clock_ejection_on_off/off/raw_runs.csv
Symmetric wall clock,Chao,Ejection OFF,p7.2.p,3,2500,9.66209047500024,9.66209047500024,3820,936.0,1002.0,6.586826347305389,319.9111053333018,56,9.413148399999043,0.2489420750011959,True,True,time_limit_guard_at_iteration_boundary,True,2,04_symmetric_wall_clock_ejection_on_off/off/raw_runs.csv
Symmetric wall clock,Chao,Ejection OFF,p7.2.q,0,2500,10.50594052500037,10.50594052500037,4593,1043.0,1044.0,0.0957854406130268,337.2723920467499,58,10.018696899998758,0.4872436250016108,True,True,time_limit_guard_at_iteration_boundary,True,2,04_symmetric_wall_clock_ejection_on_off/off/raw_runs.csv
Symmetric wall clock,Chao,Ejection OFF,p7.2.q,1,2500,10.50594052500037,10.50594052500037,4406,1012.0,1044.0,3.0651340996168583,337.73525486110066,59,10.203845300002286,0.3020952249980837,True,True,time_limit_guard_at_iteration_boundary,True,2,04_symmetric_wall_clock_ejection_on_off/off/raw_runs.csv
Symmetric wall clock,Chao,Ejection OFF,p7.2.q,2,2500,10.50594052500037,10.50594052500037,4835,1043.0,1044.0,0.0957854406130268,338.0484266308158,58,10.1982199999984,0.3077205250019688,True,True,time_limit_guard_at_iteration_boundary,True,2,04_symmetric_wall_clock_ejection_on_off/off/raw_runs.csv
Symmetric wall clock,Chao,Ejection OFF,p7.2.q,3,2500,10.50594052500037,10.50594052500037,4094,1013.0,1044.0,2.969348659003832,339.2975550018852,57,10.081189100001213,0.4247514249991582,True,True,time_limit_guard_at_iteration_boundary,True,2,04_symmetric_wall_clock_ejection_on_off/off/raw_runs.csv
Symmetric wall clock,Chao,Ejection OFF,p7.2.r,0,2500,10.3198067000003,10.3198067000003,4012,1060.0,1094.0,3.107861060329068,359.4424225725427,62,9.98095690000264,0.3388497999976607,True,True,time_limit_guard_at_iteration_boundary,True,2,04_symmetric_wall_clock_ejection_on_off/off/raw_runs.csv
Symmetric wall clock,Chao,Ejection OFF,p7.2.r,1,2500,10.3198067000003,10.3198067000003,3854,1031.0,1094.0,5.758683729433272,357.93437721127566,60,10.069902999999613,0.2499037000006865,True,True,time_limit_guard_at_iteration_boundary,True,2,04_symmetric_wall_clock_ejection_on_off/off/raw_runs.csv
Symmetric wall clock,Chao,Ejection OFF,p7.2.r,2,2500,10.3198067000003,10.3198067000003,4107,1071.0,1094.0,2.1023765996343693,358.9060093323595,61,9.846217400001478,0.4735892999988209,True,True,time_limit_guard_at_iteration_boundary,True,2,04_symmetric_wall_clock_ejection_on_off/off/raw_runs.csv
Symmetric wall clock,Chao,Ejection OFF,p7.2.r,3,2500,10.3198067000003,10.3198067000003,4224,1085.0,1094.0,0.8226691042047533,358.80930907727657,62,10.070825099999638,0.2489816000006612,True,True,time_limit_guard_at_iteration_boundary,True,2,04_symmetric_wall_clock_ejection_on_off/off/raw_runs.csv
Symmetric wall clock,Chao,Ejection OFF,p7.2.s,0,2500,10.608844649999355,10.608844649999355,4351,1084.0,1136.0,4.577464788732394,378.64513433296446,62,10.117011099999218,0.4918335500001376,True,True,time_limit_guard_at_iteration_boundary,True,2,04_symmetric_wall_clock_ejection_on_off/off/raw_runs.csv
Symmetric wall clock,Chao,Ejection OFF,p7.2.s,1,2500,10.608844649999355,10.608844649999355,3967,1073.0,1136.0,5.545774647887324,377.36615249278327,61,10.359891100000825,0.2489535499985322,True,True,time_limit_guard_at_iteration_boundary,True,2,04_symmetric_wall_clock_ejection_on_off/off/raw_runs.csv
Symmetric wall clock,Chao,Ejection OFF,p7.2.s,2,2500,10.608844649999355,10.608844649999355,4085,1123.0,1136.0,1.1443661971830985,378.9228055541373,65,10.118561899998896,0.4902827500004605,True,True,time_limit_guard_at_iteration_boundary,True,2,04_symmetric_wall_clock_ejection_on_off/off/raw_runs.csv
Symmetric wall clock,Chao,Ejection OFF,p7.2.s,3,2500,10.608844649999355,10.608844649999355,4547,1114.0,1136.0,1.9366197183098592,378.2031251010722,62,10.293017600000894,0.315827049998461,True,True,time_limit_guard_at_iteration_boundary,True,2,04_symmetric_wall_clock_ejection_on_off/off/raw_runs.csv
Symmetric wall clock,Chao,Ejection OFF,p7.2.t,0,2500,10.843478000000232,10.843478000000232,4424,1159.0,1179.0,1.6963528413910094,399.62678246899526,68,10.473870900001202,0.3696070999990297,True,True,time_limit_guard_at_iteration_boundary,True,2,04_symmetric_wall_clock_ejection_on_off/off/raw_runs.csv
Symmetric wall clock,Chao,Ejection OFF,p7.2.t,1,2500,10.843478000000232,10.843478000000232,4338,1169.0,1179.0,0.8481764206955047,397.35038699189,67,10.593652499999736,0.2498255000004974,True,True,time_limit_guard_at_iteration_boundary,True,2,04_symmetric_wall_clock_ejection_on_off/off/raw_runs.csv
Symmetric wall clock,Chao,Ejection OFF,p7.2.t,2,2500,10.843478000000232,10.843478000000232,4020,1122.0,1179.0,4.8346055979643765,399.2119533292967,65,10.441059199998564,0.4024188000016693,True,True,time_limit_guard_at_iteration_boundary,True,2,04_symmetric_wall_clock_ejection_on_off/off/raw_runs.csv
Symmetric wall clock,Chao,Ejection OFF,p7.2.t,3,2500,10.843478000000232,10.843478000000232,4261,1124.0,1179.0,4.664970313825275,396.9644922137701,63,10.59488450000208,0.2485934999981509,True,True,time_limit_guard_at_iteration_boundary,True,2,04_symmetric_wall_clock_ejection_on_off/off/raw_runs.csv
Symmetric wall clock,Chao,Ejection OFF,p7.3.h,0,2500,3.63703277500008,3.63703277500008,3940,425.0,425.0,0.0,155.33992998874575,24,3.1997429999973974,0.4372897750026823,True,True,time_limit_guard_at_iteration_boundary,True,2,04_symmetric_wall_clock_ejection_on_off/off/raw_runs.csv
Symmetric wall clock,Chao,Ejection OFF,p7.3.h,1,2500,3.63703277500008,3.63703277500008,3848,425.0,425.0,0.0,155.33992998874575,24,3.18421859999944,0.4528141750006398,True,True,time_limit_guard_at_iteration_boundary,True,2,04_symmetric_wall_clock_ejection_on_off/off/raw_runs.csv
Symmetric wall clock,Chao,Ejection OFF,p7.3.h,2,2500,3.63703277500008,3.63703277500008,4004,425.0,425.0,0.0,155.33992998874575,24,3.2416077999987465,0.3954249750013332,True,True,time_limit_guard_at_iteration_boundary,True,2,04_symmetric_wall_clock_ejection_on_off/off/raw_runs.csv
Symmetric wall clock,Chao,Ejection OFF,p7.3.h,3,2500,3.63703277500008,3.63703277500008,3810,425.0,425.0,0.0,155.33992998874575,24,3.152464800001326,0.4845679749987539,True,True,time_limit_guard_at_iteration_boundary,True,2,04_symmetric_wall_clock_ejection_on_off/off/raw_runs.csv
Symmetric wall clock,Chao,Ejection OFF,p7.3.i,0,2500,4.341944450000483,4.341944450000483,4008,480.0,487.0,1.4373716632443532,178.4278777644114,27,3.9135784000027343,0.4283660499977486,True,True,time_limit_guard_at_iteration_boundary,True,2,04_symmetric_wall_clock_ejection_on_off/off/raw_runs.csv
Symmetric wall clock,Chao,Ejection OFF,p7.3.i,1,2500,4.341944450000483,4.341944450000483,3960,485.0,487.0,0.4106776180698152,177.34903587860978,29,3.902152400001796,0.4397920499986867,True,True,time_limit_guard_at_iteration_boundary,True,2,04_symmetric_wall_clock_ejection_on_off/off/raw_runs.csv
Symmetric wall clock,Chao,Ejection OFF,p7.3.i,2,2500,4.341944450000483,4.341944450000483,4072,487.0,487.0,0.0,177.8798069305671,28,3.9876073000014,0.3543371499990826,True,True,time_limit_guard_at_iteration_boundary,True,2,04_symmetric_wall_clock_ejection_on_off/off/raw_runs.csv
Symmetric wall clock,Chao,Ejection OFF,p7.3.i,3,2500,4.341944450000483,4.341944450000483,4007,487.0,487.0,0.0,177.8798069305671,28,3.9254262000031295,0.4165182499973525,True,True,time_limit_guard_at_iteration_boundary,True,2,04_symmetric_wall_clock_ejection_on_off/off/raw_runs.csv
Symmetric wall clock,Chao,Ejection OFF,p7.3.j,0,2500,4.910080750000816,4.910080750000816,3818,560.0,564.0,0.7092198581560284,197.9984473229488,31,4.44468599999891,0.4653947500019058,True,True,time_limit_guard_at_iteration_boundary,True,2,04_symmetric_wall_clock_ejection_on_off/off/raw_runs.csv
Symmetric wall clock,Chao,Ejection OFF,p7.3.j,1,2500,4.910080750000816,4.910080750000816,3982,560.0,564.0,0.7092198581560284,197.9984473229488,31,4.564434800002346,0.3456459499984703,True,True,time_limit_guard_at_iteration_boundary,True,2,04_symmetric_wall_clock_ejection_on_off/off/raw_runs.csv
Symmetric wall clock,Chao,Ejection OFF,p7.3.j,2,2500,4.910080750000816,4.910080750000816,3788,560.0,564.0,0.7092198581560284,197.9984473229488,31,4.527256500001386,0.3828242499994303,True,True,time_limit_guard_at_iteration_boundary,True,2,04_symmetric_wall_clock_ejection_on_off/off/raw_runs.csv
Symmetric wall clock,Chao,Ejection OFF,p7.3.j,3,2500,4.910080750000816,4.910080750000816,3521,553.0,564.0,1.950354609929078,196.28330974303952,32,4.486442800000077,0.4236379500007388,True,True,time_limit_guard_at_iteration_boundary,True,2,04_symmetric_wall_clock_ejection_on_off/off/raw_runs.csv
Symmetric wall clock,Chao,Ejection OFF,p7.3.k,0,2500,6.26389805000008,6.26389805000008,4436,632.0,633.0,0.1579778830963665,217.2240789917358,35,6.014324600000691,0.2495734499993886,True,True,time_limit_guard_at_iteration_boundary,True,2,04_symmetric_wall_clock_ejection_on_off/off/raw_runs.csv
Symmetric wall clock,Chao,Ejection OFF,p7.3.k,1,2500,6.26389805000008,6.26389805000008,4635,632.0,633.0,0.1579778830963665,217.2240789917358,35,6.01415310000084,0.2497449499992399,True,True,time_limit_guard_at_iteration_boundary,True,2,04_symmetric_wall_clock_ejection_on_off/off/raw_runs.csv
Symmetric wall clock,Chao,Ejection OFF,p7.3.k,2,2500,6.26389805000008,6.26389805000008,4519,610.0,633.0,3.6334913112164298,217.5340216002437,36,6.005592499997874,0.2583055500022055,True,True,time_limit_guard_at_iteration_boundary,True,2,04_symmetric_wall_clock_ejection_on_off/off/raw_runs.csv
Symmetric wall clock,Chao,Ejection OFF,p7.3.k,3,2500,6.26389805000008,6.26389805000008,4516,629.0,633.0,0.631911532385466,217.5603170532056,35,5.972740199998952,0.2911578500011273,True,True,time_limit_guard_at_iteration_boundary,True,2,04_symmetric_wall_clock_ejection_on_off/off/raw_runs.csv
Symmetric wall clock,Chao,Ejection OFF,p7.3.l,0,2500,6.489253450000433,6.489253450000433,4379,683.0,684.0,0.1461988304093567,235.39098119344965,38,6.1314129999991565,0.3578404500012766,True,True,time_limit_guard_at_iteration_boundary,True,2,04_symmetric_wall_clock_ejection_on_off/off/raw_runs.csv
Symmetric wall clock,Chao,Ejection OFF,p7.3.l,1,2500,6.489253450000433,6.489253450000433,3932,681.0,684.0,0.4385964912280701,235.0536387920901,39,6.0422925999992,0.4469608500012327,True,True,time_limit_guard_at_iteration_boundary,True,2,04_symmetric_wall_clock_ejection_on_off/off/raw_runs.csv
Symmetric wall clock,Chao,Ejection OFF,p7.3.l,2,2500,6.489253450000433,6.489253450000433,4541,683.0,684.0,0.1461988304093567,235.39098119344965,38,6.221768000003067,0.2674854499973662,True,True,time_limit_guard_at_iteration_boundary,True,2,04_symmetric_wall_clock_ejection_on_off/off/raw_runs.csv
Symmetric wall clock,Chao,Ejection OFF,p7.3.l,3,2500,6.489253450000433,6.489253450000433,4175,683.0,684.0,0.1461988304093567,235.39098119344965,38,5.996190199999546,0.4930632500008869,True,True,time_limit_guard_at_iteration_boundary,True,2,04_symmetric_wall_clock_ejection_on_off/off/raw_runs.csv
Symmetric wall clock,Chao,Ejection OFF,p7.3.m,0,2500,6.316391799999565,6.316391799999565,4306,762.0,762.0,0.0,258.91082424411934,41,5.922174200000882,0.394217599998683,True,True,time_limit_guard_at_iteration_boundary,True,2,04_symmetric_wall_clock_ejection_on_off/off/raw_runs.csv
Symmetric wall clock,Chao,Ejection OFF,p7.3.m,1,2500,6.316391799999565,6.316391799999565,4246,762.0,762.0,0.0,258.91082424411934,41,6.067715199998929,0.2486766000006355,True,True,time_limit_guard_at_iteration_boundary,True,2,04_symmetric_wall_clock_ejection_on_off/off/raw_runs.csv
Symmetric wall clock,Chao,Ejection OFF,p7.3.m,2,2500,6.316391799999565,6.316391799999565,4307,762.0,762.0,0.0,258.91082424411934,41,6.066411100000551,0.2499806999990141,True,True,time_limit_guard_at_iteration_boundary,True,2,04_symmetric_wall_clock_ejection_on_off/off/raw_runs.csv
Symmetric wall clock,Chao,Ejection OFF,p7.3.m,3,2500,6.316391799999565,6.316391799999565,4173,762.0,762.0,0.0,258.91082424411934,41,5.897702899997967,0.4186889000015981,True,True,time_limit_guard_at_iteration_boundary,True,2,04_symmetric_wall_clock_ejection_on_off/off/raw_runs.csv
Symmetric wall clock,Chao,Ejection OFF,p7.3.n,0,2500,6.954018099999757,6.954018099999757,4224,803.0,820.0,2.073170731707317,276.6702310329853,44,6.560240499999054,0.3937776000007034,True,True,time_limit_guard_at_iteration_boundary,True,2,04_symmetric_wall_clock_ejection_on_off/off/raw_runs.csv
Symmetric wall clock,Chao,Ejection OFF,p7.3.n,1,2500,6.954018099999757,6.954018099999757,4085,795.0,820.0,3.048780487804878,277.05465688732914,45,6.547867900000711,0.4061501999990469,True,True,time_limit_guard_at_iteration_boundary,True,2,04_symmetric_wall_clock_ejection_on_off/off/raw_runs.csv
Symmetric wall clock,Chao,Ejection OFF,p7.3.n,2,2500,6.954018099999757,6.954018099999757,4247,792.0,820.0,3.414634146341464,275.6204329562449,44,6.66470290000143,0.2893151999983274,True,True,time_limit_guard_at_iteration_boundary,True,2,04_symmetric_wall_clock_ejection_on_off/off/raw_runs.csv
Symmetric wall clock,Chao,Ejection OFF,p7.3.n,3,2500,6.954018099999757,6.954018099999757,4224,797.0,820.0,2.804878048780488,276.62005984299424,44,6.617844299998978,0.336173800000779,True,True,time_limit_guard_at_iteration_boundary,True,2,04_symmetric_wall_clock_ejection_on_off/off/raw_runs.csv
Symmetric wall clock,Chao,Ejection OFF,p7.3.o,0,2500,7.014665999999579,7.014665999999579,4302,858.0,874.0,1.8306636155606408,297.4512139521596,48,6.626349800000753,0.388316199998826,True,True,time_limit_guard_at_iteration_boundary,True,2,04_symmetric_wall_clock_ejection_on_off/off/raw_runs.csv
Symmetric wall clock,Chao,Ejection OFF,p7.3.o,1,2500,7.014665999999579,7.014665999999579,4472,859.0,874.0,1.7162471395881007,299.3169265721859,46,6.7102798000014445,0.3043861999981345,True,True,time_limit_guard_at_iteration_boundary,True,2,04_symmetric_wall_clock_ejection_on_off/off/raw_runs.csv
Symmetric wall clock,Chao,Ejection OFF,p7.3.o,2,2500,7.014665999999579,7.014665999999579,4078,853.0,874.0,2.402745995423341,296.1288286685531,46,6.58174979999967,0.4329161999999087,True,True,time_limit_guard_at_iteration_boundary,True,2,04_symmetric_wall_clock_ejection_on_off/off/raw_runs.csv
Symmetric wall clock,Chao,Ejection OFF,p7.3.o,3,2500,7.014665999999579,7.014665999999579,3946,874.0,874.0,0.0,296.6824305751905,51,6.627466499998263,0.3871995000013157,True,True,time_limit_guard_at_iteration_boundary,True,2,04_symmetric_wall_clock_ejection_on_off/off/raw_runs.csv
Symmetric wall clock,Chao,Ejection OFF,p7.3.p,0,2500,7.389539050000167,7.389539050000167,4128,910.0,929.0,2.045209903121636,318.43006935683087,53,6.958831300002203,0.4307077499979641,True,True,time_limit_guard_at_iteration_boundary,True,2,04_symmetric_wall_clock_ejection_on_off/off/raw_runs.csv
Symmetric wall clock,Chao,Ejection OFF,p7.3.p,1,2500,7.389539050000167,7.389539050000167,4028,909.0,929.0,2.1528525296017222,318.95974165090934,53,6.913209700000152,0.4763293500000145,True,True,time_limit_guard_at_iteration_boundary,True,2,04_symmetric_wall_clock_ejection_on_off/off/raw_runs.csv
Symmetric wall clock,Chao,Ejection OFF,p7.3.p,2,2500,7.389539050000167,7.389539050000167,4186,910.0,929.0,2.045209903121636,318.43006935683087,53,7.141093499998533,0.2484455500016338,True,True,time_limit_guard_at_iteration_boundary,True,2,04_symmetric_wall_clock_ejection_on_off/off/raw_runs.csv
Symmetric wall clock,Chao,Ejection OFF,p7.3.p,3,2500,7.389539050000167,7.389539050000167,3324,882.0,929.0,5.059203444564047,318.3542957885792,53,6.991117599998688,0.3984214500014786,True,True,time_limit_guard_at_iteration_boundary,True,2,04_symmetric_wall_clock_ejection_on_off/off/raw_runs.csv
Symmetric wall clock,Chao,Ejection OFF,p7.3.q,0,2500,7.743643349999729,7.743643349999729,3353,927.0,987.0,6.079027355623101,338.64268514958417,58,7.281943099998898,0.4617002500008311,True,True,time_limit_guard_at_iteration_boundary,True,2,04_symmetric_wall_clock_ejection_on_off/off/raw_runs.csv
Symmetric wall clock,Chao,Ejection OFF,p7.3.q,1,2500,7.743643349999729,7.743643349999729,4228,970.0,987.0,1.7223910840932115,338.2573550266277,56,7.495887299999595,0.2477560500001345,True,True,time_limit_guard_at_iteration_boundary,True,2,04_symmetric_wall_clock_ejection_on_off/off/raw_runs.csv
Symmetric wall clock,Chao,Ejection OFF,p7.3.q,2,2500,7.743643349999729,7.743643349999729,4157,918.0,987.0,6.990881458966565,337.06026337650576,52,7.486856600000465,0.2567867499992644,True,True,time_limit_guard_at_iteration_boundary,True,2,04_symmetric_wall_clock_ejection_on_off/off/raw_runs.csv
Symmetric wall clock,Chao,Ejection OFF,p7.3.q,3,2500,7.743643349999729,7.743643349999729,3808,987.0,987.0,0.0,336.56079901122894,55,7.306086399999913,0.4375569499998164,True,True,time_limit_guard_at_iteration_boundary,True,2,04_symmetric_wall_clock_ejection_on_off/off/raw_runs.csv
Symmetric wall clock,Chao,Ejection OFF,p7.3.r,0,2500,8.269940325000334,8.269940325000334,4037,1006.0,1026.0,1.949317738791423,358.1924444679591,61,8.021196099998633,0.2487442250017011,True,True,time_limit_guard_at_iteration_boundary,True,2,04_symmetric_wall_clock_ejection_on_off/off/raw_runs.csv
Symmetric wall clock,Chao,Ejection OFF,p7.3.r,1,2500,8.269940325000334,8.269940325000334,4163,1010.0,1026.0,1.5594541910331383,358.1199990800173,60,7.953941200001282,0.3159991249990526,True,True,time_limit_guard_at_iteration_boundary,True,2,04_symmetric_wall_clock_ejection_on_off/off/raw_runs.csv
Symmetric wall clock,Chao,Ejection OFF,p7.3.r,2,2500,8.269940325000334,8.269940325000334,4022,1013.0,1026.0,1.267056530214425,356.14758500583457,59,7.965889299997798,0.3040510250025363,True,True,time_limit_guard_at_iteration_boundary,True,2,04_symmetric_wall_clock_ejection_on_off/off/raw_runs.csv
Symmetric wall clock,Chao,Ejection OFF,p7.3.r,3,2500,8.269940325000334,8.269940325000334,4232,974.0,1026.0,5.0682261208577,357.5475464346083,57,8.02011119999952,0.2498291250008151,True,True,time_limit_guard_at_iteration_boundary,True,2,04_symmetric_wall_clock_ejection_on_off/off/raw_runs.csv
Symmetric wall clock,Chao,Ejection OFF,p7.3.s,0,2500,8.896971825000492,8.896971825000492,4262,1055.0,1081.0,2.40518038852914,378.2899247930761,63,8.624593900000036,0.2723779250004554,True,True,time_limit_guard_at_iteration_boundary,True,2,04_symmetric_wall_clock_ejection_on_off/off/raw_runs.csv
Symmetric wall clock,Chao,Ejection OFF,p7.3.s,1,2500,8.896971825000492,8.896971825000492,4132,1064.0,1081.0,1.572617946345976,379.3116224285064,62,8.441245699999854,0.4557261250006377,True,True,time_limit_guard_at_iteration_boundary,True,2,04_symmetric_wall_clock_ejection_on_off/off/raw_runs.csv
Symmetric wall clock,Chao,Ejection OFF,p7.3.s,2,2500,8.896971825000492,8.896971825000492,3944,1013.0,1081.0,6.290471785383904,376.5794024015124,62,8.648105699998268,0.2488661250022232,True,True,time_limit_guard_at_iteration_boundary,True,2,04_symmetric_wall_clock_ejection_on_off/off/raw_runs.csv
Symmetric wall clock,Chao,Ejection OFF,p7.3.s,3,2500,8.896971825000492,8.896971825000492,4487,1063.0,1081.0,1.6651248843663276,378.7503079254043,59,8.647764800000004,0.2492070250004872,True,True,time_limit_guard_at_iteration_boundary,True,2,04_symmetric_wall_clock_ejection_on_off/off/raw_runs.csv
Symmetric wall clock,Chao,Ejection OFF,p7.3.t,0,2500,9.199892474999617,9.199892474999617,4139,1053.0,1120.0,5.982142857142857,397.59187922554406,66,8.9511156999979,0.2487767750017155,True,True,time_limit_guard_at_iteration_boundary,True,2,04_symmetric_wall_clock_ejection_on_off/off/raw_runs.csv
Symmetric wall clock,Chao,Ejection OFF,p7.3.t,1,2500,9.199892474999617,9.199892474999617,4038,1058.0,1120.0,5.535714285714286,399.6433897896562,64,8.927063099999941,0.2728293749996737,True,True,time_limit_guard_at_iteration_boundary,True,2,04_symmetric_wall_clock_ejection_on_off/off/raw_runs.csv
Symmetric wall clock,Chao,Ejection OFF,p7.3.t,2,2500,9.199892474999617,9.199892474999617,3964,1056.0,1120.0,5.714285714285714,398.3205952043139,64,8.747318700003234,0.4525737749963809,True,True,time_limit_guard_at_iteration_boundary,True,2,04_symmetric_wall_clock_ejection_on_off/off/raw_runs.csv
Symmetric wall clock,Chao,Ejection OFF,p7.3.t,3,2500,9.199892474999617,9.199892474999617,4447,1115.0,1120.0,0.4464285714285714,398.8656952086874,65,8.861372599996685,0.3385198750029303,True,True,time_limit_guard_at_iteration_boundary,True,2,04_symmetric_wall_clock_ejection_on_off/off/raw_runs.csv
Symmetric wall clock,Chao,Ejection OFF,p7.4.g,0,2500,2.230402299999241,2.230402299999241,3223,217.0,217.0,0.0,131.83781040222212,14,1.8120751999995264,0.4183270999997148,True,True,time_limit_guard_at_iteration_boundary,True,2,04_symmetric_wall_clock_ejection_on_off/off/raw_runs.csv
Symmetric wall clock,Chao,Ejection OFF,p7.4.g,1,2500,2.230402299999241,2.230402299999241,3253,217.0,217.0,0.0,131.83781040222212,14,1.8004916999998386,0.4299105999994026,True,True,time_limit_guard_at_iteration_boundary,True,2,04_symmetric_wall_clock_ejection_on_off/off/raw_runs.csv
Symmetric wall clock,Chao,Ejection OFF,p7.4.g,2,2500,2.230402299999241,2.230402299999241,3208,217.0,217.0,0.0,131.83781040222212,14,1.8275017000014488,0.4029005999977926,True,True,time_limit_guard_at_iteration_boundary,True,2,04_symmetric_wall_clock_ejection_on_off/off/raw_runs.csv
Symmetric wall clock,Chao,Ejection OFF,p7.4.g,3,2500,2.230402299999241,2.230402299999241,3065,217.0,217.0,0.0,131.83781040222212,14,1.7443184000003384,0.4860838999989028,True,True,time_limit_guard_at_iteration_boundary,True,2,04_symmetric_wall_clock_ejection_on_off/off/raw_runs.csv
Symmetric wall clock,Chao,Ejection OFF,p7.4.h,0,2500,2.711994350000168,2.711994350000168,3419,285.0,285.0,0.0,152.1288982683614,18,2.2840508000008413,0.4279435499993269,True,True,time_limit_guard_at_iteration_boundary,True,2,04_symmetric_wall_clock_ejection_on_off/off/raw_runs.csv
Symmetric wall clock,Chao,Ejection OFF,p7.4.h,1,2500,2.711994350000168,2.711994350000168,3351,285.0,285.0,0.0,152.1288982683614,18,2.250686600000336,0.4613077499998326,True,True,time_limit_guard_at_iteration_boundary,True,2,04_symmetric_wall_clock_ejection_on_off/off/raw_runs.csv
Symmetric wall clock,Chao,Ejection OFF,p7.4.h,2,2500,2.711994350000168,2.711994350000168,3388,285.0,285.0,0.0,152.1288982683614,18,2.273637599999347,0.4383567500008212,True,True,time_limit_guard_at_iteration_boundary,True,2,04_symmetric_wall_clock_ejection_on_off/off/raw_runs.csv
Symmetric wall clock,Chao,Ejection OFF,p7.4.h,3,2500,2.711994350000168,2.711994350000168,3345,285.0,285.0,0.0,152.1288982683614,18,2.2572585999987496,0.4547357500014186,True,True,time_limit_guard_at_iteration_boundary,True,2,04_symmetric_wall_clock_ejection_on_off/off/raw_runs.csv
Symmetric wall clock,Chao,Ejection OFF,p7.4.i,0,2500,3.1855116500000804,3.1855116500000804,3731,366.0,366.0,0.0,176.48562670127455,21,2.777364699999453,0.4081469500006278,True,True,time_limit_guard_at_iteration_boundary,True,2,04_symmetric_wall_clock_ejection_on_off/off/raw_runs.csv
Symmetric wall clock,Chao,Ejection OFF,p7.4.i,1,2500,3.1855116500000804,3.1855116500000804,3698,366.0,366.0,0.0,176.48562670127455,21,2.7750209999976505,0.4104906500024299,True,True,time_limit_guard_at_iteration_boundary,True,2,04_symmetric_wall_clock_ejection_on_off/off/raw_runs.csv
Symmetric wall clock,Chao,Ejection OFF,p7.4.i,2,2500,3.1855116500000804,3.1855116500000804,3682,366.0,366.0,0.0,176.48562670127455,21,2.784677699997701,0.4008339500023794,True,True,time_limit_guard_at_iteration_boundary,True,2,04_symmetric_wall_clock_ejection_on_off/off/raw_runs.csv
Symmetric wall clock,Chao,Ejection OFF,p7.4.i,3,2500,3.1855116500000804,3.1855116500000804,3755,366.0,366.0,0.0,176.48562670127455,21,2.8339419000003545,0.3515697499997259,True,True,time_limit_guard_at_iteration_boundary,True,2,04_symmetric_wall_clock_ejection_on_off/off/raw_runs.csv
Symmetric wall clock,Chao,Ejection OFF,p7.4.k,0,2500,4.843515449999359,4.843515449999359,4136,518.0,520.0,0.3846153846153846,215.4860999404388,31,4.5241037999985565,0.3194116500008022,True,True,time_limit_guard_at_iteration_boundary,True,2,04_symmetric_wall_clock_ejection_on_off/off/raw_runs.csv
Symmetric wall clock,Chao,Ejection OFF,p7.4.k,1,2500,4.843515449999359,4.843515449999359,4234,518.0,520.0,0.3846153846153846,215.4860999404388,31,4.53445560000182,0.3090598499975385,True,True,time_limit_guard_at_iteration_boundary,True,2,04_symmetric_wall_clock_ejection_on_off/off/raw_runs.csv
Symmetric wall clock,Chao,Ejection OFF,p7.4.k,2,2500,4.843515449999359,4.843515449999359,4182,518.0,520.0,0.3846153846153846,215.4860999404388,31,4.489180299999134,0.3543351500002245,True,True,time_limit_guard_at_iteration_boundary,True,2,04_symmetric_wall_clock_ejection_on_off/off/raw_runs.csv
Symmetric wall clock,Chao,Ejection OFF,p7.4.k,3,2500,4.843515449999359,4.843515449999359,4281,518.0,520.0,0.3846153846153846,215.4860999404388,31,4.36839179999879,0.4751236500005689,True,True,time_limit_guard_at_iteration_boundary,True,2,04_symmetric_wall_clock_ejection_on_off/off/raw_runs.csv
Symmetric wall clock,Chao,Ejection OFF,p7.4.l,0,2500,5.106824675000098,5.106824675000098,4140,578.0,590.0,2.0338983050847457,234.6061495882593,35,4.757927500002552,0.3488971749975462,True,True,time_limit_guard_at_iteration_boundary,True,2,04_symmetric_wall_clock_ejection_on_off/off/raw_runs.csv
Symmetric wall clock,Chao,Ejection OFF,p7.4.l,1,2500,5.106824675000098,5.106824675000098,4021,577.0,590.0,2.2033898305084745,236.4471573579017,34,4.696233599999687,0.4105910750004113,True,True,time_limit_guard_at_iteration_boundary,True,2,04_symmetric_wall_clock_ejection_on_off/off/raw_runs.csv
Symmetric wall clock,Chao,Ejection OFF,p7.4.l,2,2500,5.106824675000098,5.106824675000098,4231,578.0,590.0,2.0338983050847457,234.6061495882593,35,4.628435800001171,0.4783888749989273,True,True,time_limit_guard_at_iteration_boundary,True,2,04_symmetric_wall_clock_ejection_on_off/off/raw_runs.csv
Symmetric wall clock,Chao,Ejection OFF,p7.4.l,3,2500,5.106824675000098,5.106824675000098,4225,578.0,590.0,2.0338983050847457,234.6061495882593,35,4.684987000000547,0.4218376749995514,True,True,time_limit_guard_at_iteration_boundary,True,2,04_symmetric_wall_clock_ejection_on_off/off/raw_runs.csv
Symmetric wall clock,Chao,Ejection OFF,p7.4.m,0,2500,5.672325449999789,5.672325449999789,3872,646.0,646.0,0.0,252.5118941169985,38,5.232639799996832,0.4396856500029571,True,True,time_limit_guard_at_iteration_boundary,True,2,04_symmetric_wall_clock_ejection_on_off/off/raw_runs.csv
Symmetric wall clock,Chao,Ejection OFF,p7.4.m,1,2500,5.672325449999789,5.672325449999789,4221,638.0,646.0,1.238390092879257,256.1397089091817,37,5.230554600002506,0.4417708499972832,True,True,time_limit_guard_at_iteration_boundary,True,2,04_symmetric_wall_clock_ejection_on_off/off/raw_runs.csv
Symmetric wall clock,Chao,Ejection OFF,p7.4.m,2,2500,5.672325449999789,5.672325449999789,4017,646.0,646.0,0.0,252.5118941169985,38,5.293135600000824,0.3791898499989656,True,True,time_limit_guard_at_iteration_boundary,True,2,04_symmetric_wall_clock_ejection_on_off/off/raw_runs.csv
Symmetric wall clock,Chao,Ejection OFF,p7.4.m,3,2500,5.672325449999789,5.672325449999789,4053,638.0,646.0,1.238390092879257,251.1590919483312,40,5.42321979999906,0.2491056500007289,True,True,time_limit_guard_at_iteration_boundary,True,2,04_symmetric_wall_clock_ejection_on_off/off/raw_runs.csv
Symmetric wall clock,Chao,Ejection OFF,p7.4.n,0,2500,6.741882575000091,6.741882575000091,4292,726.0,730.0,0.547945205479452,278.5165567932532,44,6.381596900002478,0.3602856749976126,True,True,time_limit_guard_at_iteration_boundary,True,2,04_symmetric_wall_clock_ejection_on_off/off/raw_runs.csv
Symmetric wall clock,Chao,Ejection OFF,p7.4.n,1,2500,6.741882575000091,6.741882575000091,4478,726.0,730.0,0.547945205479452,278.5165567932532,44,6.336232699999528,0.405649875000563,True,True,time_limit_guard_at_iteration_boundary,True,2,04_symmetric_wall_clock_ejection_on_off/off/raw_runs.csv
Symmetric wall clock,Chao,Ejection OFF,p7.4.n,2,2500,6.741882575000091,6.741882575000091,4655,725.0,730.0,0.684931506849315,273.95340718821456,44,6.485072200001014,0.2568103749990769,True,True,time_limit_guard_at_iteration_boundary,True,2,04_symmetric_wall_clock_ejection_on_off/off/raw_runs.csv
Symmetric wall clock,Chao,Ejection OFF,p7.4.n,3,2500,6.741882575000091,6.741882575000091,4167,726.0,730.0,0.547945205479452,278.5165567932532,44,6.294360299998516,0.4475222750015746,True,True,time_limit_guard_at_iteration_boundary,True,2,04_symmetric_wall_clock_ejection_on_off/off/raw_runs.csv
Symmetric wall clock,Chao,Ejection OFF,p7.4.o,0,2500,6.809454424999785,6.809454424999785,4305,781.0,781.0,0.0,295.5151929989738,44,6.353859399998328,0.4555950250014575,True,True,time_limit_guard_at_iteration_boundary,True,2,04_symmetric_wall_clock_ejection_on_off/off/raw_runs.csv
Symmetric wall clock,Chao,Ejection OFF,p7.4.o,1,2500,6.809454424999785,6.809454424999785,4415,774.0,781.0,0.8962868117797695,296.33532285128405,47,6.521158999999898,0.2882954249998875,True,True,time_limit_guard_at_iteration_boundary,True,2,04_symmetric_wall_clock_ejection_on_off/off/raw_runs.csv
Symmetric wall clock,Chao,Ejection OFF,p7.4.o,2,2500,6.809454424999785,6.809454424999785,4155,775.0,781.0,0.7682458386683739,295.52436372971687,47,6.374737699999969,0.4347167249998165,True,True,time_limit_guard_at_iteration_boundary,True,2,04_symmetric_wall_clock_ejection_on_off/off/raw_runs.csv
Symmetric wall clock,Chao,Ejection OFF,p7.4.o,3,2500,6.809454424999785,6.809454424999785,4631,777.0,781.0,0.5121638924455826,296.0653437872532,46,6.3935788000017055,0.4158756249980797,True,True,time_limit_guard_at_iteration_boundary,True,2,04_symmetric_wall_clock_ejection_on_off/off/raw_runs.csv
Symmetric wall clock,Chao,Ejection OFF,p7.4.p,0,2500,7.157711650000692,7.157711650000692,4478,838.0,846.0,0.9456264775413712,316.62937544166834,50,6.908193600000232,0.2495180500004608,True,True,time_limit_guard_at_iteration_boundary,True,2,04_symmetric_wall_clock_ejection_on_off/off/raw_runs.csv
Symmetric wall clock,Chao,Ejection OFF,p7.4.p,1,2500,7.157711650000692,7.157711650000692,4498,838.0,846.0,0.9456264775413712,314.81166439635825,51,6.908129199997347,0.249582450003345,True,True,time_limit_guard_at_iteration_boundary,True,2,04_symmetric_wall_clock_ejection_on_off/off/raw_runs.csv
Symmetric wall clock,Chao,Ejection OFF,p7.4.p,2,2500,7.157711650000692,7.157711650000692,4510,838.0,846.0,0.9456264775413712,314.81166439635825,51,6.855218699998659,0.3024929500020334,True,True,time_limit_guard_at_iteration_boundary,True,2,04_symmetric_wall_clock_ejection_on_off/off/raw_runs.csv
Symmetric wall clock,Chao,Ejection OFF,p7.4.p,3,2500,7.157711650000692,7.157711650000692,4419,838.0,846.0,0.9456264775413712,317.2692534152605,50,6.795028100001218,0.362683549999474,True,True,time_limit_guard_at_iteration_boundary,True,2,04_symmetric_wall_clock_ejection_on_off/off/raw_runs.csv
Symmetric wall clock,Chao,Ejection OFF,p7.4.q,0,2500,7.599131425000451,7.599131425000451,4353,888.0,909.0,2.31023102310231,336.48387053000835,54,7.229389600001014,0.3697418249994371,True,True,time_limit_guard_at_iteration_boundary,True,2,04_symmetric_wall_clock_ejection_on_off/off/raw_runs.csv
Symmetric wall clock,Chao,Ejection OFF,p7.4.q,1,2500,7.599131425000451,7.599131425000451,4592,903.0,909.0,0.6600660066006601,333.6973646189469,52,7.352049099998112,0.2470823250023386,True,True,time_limit_guard_at_iteration_boundary,True,2,04_symmetric_wall_clock_ejection_on_off/off/raw_runs.csv
Symmetric wall clock,Chao,Ejection OFF,p7.4.q,2,2500,7.599131425000451,7.599131425000451,4312,888.0,909.0,2.31023102310231,336.48387053000835,54,7.349525400000857,0.2496060249995935,True,True,time_limit_guard_at_iteration_boundary,True,2,04_symmetric_wall_clock_ejection_on_off/off/raw_runs.csv
Symmetric wall clock,Chao,Ejection OFF,p7.4.q,3,2500,7.599131425000451,7.599131425000451,4496,901.0,909.0,0.8800880088008801,333.6207617628605,53,7.321157900001708,0.2779735249987425,True,True,time_limit_guard_at_iteration_boundary,True,2,04_symmetric_wall_clock_ejection_on_off/off/raw_runs.csv
Symmetric wall clock,Chao,Ejection OFF,p7.4.r,0,2500,7.4638690249998945,7.4638690249998945,4448,961.0,970.0,0.9278350515463918,354.365609830281,55,7.214997399998538,0.2488716250013567,True,True,time_limit_guard_at_iteration_boundary,True,2,04_symmetric_wall_clock_ejection_on_off/off/raw_runs.csv
Symmetric wall clock,Chao,Ejection OFF,p7.4.r,1,2500,7.4638690249998945,7.4638690249998945,4252,959.0,970.0,1.134020618556701,354.22665669865376,55,7.1121970000021975,0.351672024997697,True,True,time_limit_guard_at_iteration_boundary,True,2,04_symmetric_wall_clock_ejection_on_off/off/raw_runs.csv
Symmetric wall clock,Chao,Ejection OFF,p7.4.r,2,2500,7.4638690249998945,7.4638690249998945,4028,952.0,970.0,1.855670103092784,355.44377047764027,55,7.107875699999568,0.3559933250003269,True,True,time_limit_guard_at_iteration_boundary,True,2,04_symmetric_wall_clock_ejection_on_off/off/raw_runs.csv
Symmetric wall clock,Chao,Ejection OFF,p7.4.r,3,2500,7.4638690249998945,7.4638690249998945,4413,967.0,970.0,0.3092783505154639,355.732694737434,55,7.068684800000483,0.3951842249994115,True,True,time_limit_guard_at_iteration_boundary,True,2,04_symmetric_wall_clock_ejection_on_off/off/raw_runs.csv
Symmetric wall clock,Chao,Ejection OFF,p7.4.s,0,2500,7.606512374999056,7.606512374999056,4314,1022.0,1022.0,0.0,376.46544738645065,57,7.215636200002336,0.3908761749967198,True,True,time_limit_guard_at_iteration_boundary,True,2,04_symmetric_wall_clock_ejection_on_off/off/raw_runs.csv
Symmetric wall clock,Chao,Ejection OFF,p7.4.s,1,2500,7.606512374999056,7.606512374999056,4153,1020.0,1022.0,0.1956947162426614,377.8482472751903,59,7.35755159999826,0.2489607750007962,True,True,time_limit_guard_at_iteration_boundary,True,2,04_symmetric_wall_clock_ejection_on_off/off/raw_runs.csv
Symmetric wall clock,Chao,Ejection OFF,p7.4.s,2,2500,7.606512374999056,7.606512374999056,4239,1020.0,1022.0,0.1956947162426614,377.8482472751903,59,7.281768800003192,0.324743574995864,True,True,time_limit_guard_at_iteration_boundary,True,2,04_symmetric_wall_clock_ejection_on_off/off/raw_runs.csv
Symmetric wall clock,Chao,Ejection OFF,p7.4.s,3,2500,7.606512374999056,7.606512374999056,4342,1022.0,1022.0,0.0,376.4270921184427,57,7.3577981000016734,0.2487142749973827,True,True,time_limit_guard_at_iteration_boundary,True,2,04_symmetric_wall_clock_ejection_on_off/off/raw_runs.csv
Symmetric wall clock,Chao,Ejection OFF,p7.4.t,0,2500,7.737363849999383,7.737363849999383,4072,1077.0,1077.0,0.0,398.57190277313447,60,7.265022100000351,0.4723417499990319,True,True,time_limit_guard_at_iteration_boundary,True,2,04_symmetric_wall_clock_ejection_on_off/off/raw_runs.csv
Symmetric wall clock,Chao,Ejection OFF,p7.4.t,1,2500,7.737363849999383,7.737363849999383,4072,1077.0,1077.0,0.0,398.57190277313447,60,7.295606899999257,0.4417569500001264,True,True,time_limit_guard_at_iteration_boundary,True,2,04_symmetric_wall_clock_ejection_on_off/off/raw_runs.csv
Symmetric wall clock,Chao,Ejection OFF,p7.4.t,2,2500,7.737363849999383,7.737363849999383,4046,1077.0,1077.0,0.0,398.57190277313447,60,7.273072399999364,0.4642914500000188,True,True,time_limit_guard_at_iteration_boundary,True,2,04_symmetric_wall_clock_ejection_on_off/off/raw_runs.csv
Symmetric wall clock,Chao,Ejection OFF,p7.4.t,3,2500,7.737363849999383,7.737363849999383,4444,1077.0,1077.0,0.0,398.57190277313447,60,7.487526299999445,0.2498375499999383,True,True,time_limit_guard_at_iteration_boundary,True,2,04_symmetric_wall_clock_ejection_on_off/off/raw_runs.csv
Symmetric wall clock,Chao,Ejection ON,p4.2.a,0,2500,2.09690492499999,2.09690492499999,1925,206.0,206.0,0.0,49.62527483598225,10,1.69881069999974,0.3980942250002499,True,True,time_limit_guard_at_iteration_boundary,True,2,04_symmetric_wall_clock_ejection_on_off/on/raw_runs.csv
Symmetric wall clock,Chao,Ejection ON,p4.2.a,1,2500,2.09690492499999,2.09690492499999,1833,206.0,206.0,0.0,49.62527483598225,10,1.6311498000013671,0.4657551249986227,True,True,time_limit_guard_at_iteration_boundary,True,2,04_symmetric_wall_clock_ejection_on_off/on/raw_runs.csv
Symmetric wall clock,Chao,Ejection ON,p4.2.a,2,2500,2.09690492499999,2.09690492499999,2006,206.0,206.0,0.0,49.62527483598225,10,1.6784076000003552,0.4184973249996346,True,True,time_limit_guard_at_iteration_boundary,True,2,04_symmetric_wall_clock_ejection_on_off/on/raw_runs.csv
Symmetric wall clock,Chao,Ejection ON,p4.2.a,3,2500,2.09690492499999,2.09690492499999,1989,206.0,206.0,0.0,49.62527483598225,10,1.702231600000232,0.3946733249997578,True,True,time_limit_guard_at_iteration_boundary,True,2,04_symmetric_wall_clock_ejection_on_off/on/raw_runs.csv
Symmetric wall clock,Chao,Ejection ON,p4.2.b,0,2500,3.48707622500001,3.48707622500001,2137,341.0,341.0,0.0,59.37836875107186,21,3.04390980000062,0.4431664249993901,True,True,time_limit_guard_at_iteration_boundary,True,2,04_symmetric_wall_clock_ejection_on_off/on/raw_runs.csv
Symmetric wall clock,Chao,Ejection ON,p4.2.b,1,2500,3.48707622500001,3.48707622500001,2214,341.0,341.0,0.0,59.37836875107186,21,3.183990500001528,0.3030857249984819,True,True,time_limit_guard_at_iteration_boundary,True,2,04_symmetric_wall_clock_ejection_on_off/on/raw_runs.csv
Symmetric wall clock,Chao,Ejection ON,p4.2.b,2,2500,3.48707622500001,3.48707622500001,2188,341.0,341.0,0.0,59.37836875107186,21,3.0715856999995594,0.4154905250004503,True,True,time_limit_guard_at_iteration_boundary,True,2,04_symmetric_wall_clock_ejection_on_off/on/raw_runs.csv
Symmetric wall clock,Chao,Ejection ON,p4.2.b,3,2500,3.48707622500001,3.48707622500001,2251,341.0,341.0,0.0,59.37836875107186,21,3.205975700000636,0.2811005249993741,True,True,time_limit_guard_at_iteration_boundary,True,2,04_symmetric_wall_clock_ejection_on_off/on/raw_runs.csv
Symmetric wall clock,Chao,Ejection ON,p4.2.c,0,2500,4.77421177500014,4.77421177500014,2262,452.0,452.0,0.0,69.75857279532721,27,4.368561900000714,0.4056498749994262,True,True,time_limit_guard_at_iteration_boundary,True,2,04_symmetric_wall_clock_ejection_on_off/on/raw_runs.csv
Symmetric wall clock,Chao,Ejection ON,p4.2.c,1,2500,4.77421177500014,4.77421177500014,2354,452.0,452.0,0.0,69.75857279532721,27,4.52595250000013,0.2482592750000094,True,True,time_limit_guard_at_iteration_boundary,True,2,04_symmetric_wall_clock_ejection_on_off/on/raw_runs.csv
Symmetric wall clock,Chao,Ejection ON,p4.2.c,2,2500,4.77421177500014,4.77421177500014,2237,452.0,452.0,0.0,69.75857279532721,27,4.325863099998969,0.4483486750011707,True,True,time_limit_guard_at_iteration_boundary,True,2,04_symmetric_wall_clock_ejection_on_off/on/raw_runs.csv
Symmetric wall clock,Chao,Ejection ON,p4.2.c,3,2500,4.77421177500014,4.77421177500014,2162,452.0,452.0,0.0,69.75857279532721,27,4.524925199999416,0.249286575000724,True,True,time_limit_guard_at_iteration_boundary,True,2,04_symmetric_wall_clock_ejection_on_off/on/raw_runs.csv
Symmetric wall clock,Chao,Ejection ON,p4.2.d,0,2500,6.292604850000089,6.292604850000089,2264,528.0,531.0,0.5649717514124294,79.08627884403043,32,5.821951899999476,0.4706529500006127,True,True,time_limit_guard_at_iteration_boundary,True,2,04_symmetric_wall_clock_ejection_on_off/on/raw_runs.csv
Symmetric wall clock,Chao,Ejection ON,p4.2.d,1,2500,6.292604850000089,6.292604850000089,2399,527.0,531.0,0.7532956685499058,79.15738441667133,32,5.958007400000497,0.3345974499995918,True,True,time_limit_guard_at_iteration_boundary,True,2,04_symmetric_wall_clock_ejection_on_off/on/raw_runs.csv
Symmetric wall clock,Chao,Ejection ON,p4.2.d,2,2500,6.292604850000089,6.292604850000089,2457,516.0,531.0,2.824858757062147,79.38397943639659,32,6.044349300000249,0.2482555499998398,True,True,time_limit_guard_at_iteration_boundary,True,2,04_symmetric_wall_clock_ejection_on_off/on/raw_runs.csv
Symmetric wall clock,Chao,Ejection ON,p4.2.d,3,2500,6.292604850000089,6.292604850000089,2172,526.0,531.0,0.9416195856873822,79.73552415376966,34,6.043704499999876,0.2489003500002127,True,True,time_limit_guard_at_iteration_boundary,True,2,04_symmetric_wall_clock_ejection_on_off/on/raw_runs.csv
Symmetric wall clock,Chao,Ejection ON,p4.2.e,0,2500,7.438603824999973,7.438603824999973,2547,595.0,618.0,3.72168284789644,89.75367197994058,38,6.979936000001544,0.4586678249984288,True,True,time_limit_guard_at_iteration_boundary,True,2,04_symmetric_wall_clock_ejection_on_off/on/raw_runs.csv
Symmetric wall clock,Chao,Ejection ON,p4.2.e,1,2500,7.438603824999973,7.438603824999973,2305,578.0,618.0,6.472491909385114,89.89670711420328,42,7.189932900000713,0.24867092499926,True,True,time_limit_guard_at_iteration_boundary,True,2,04_symmetric_wall_clock_ejection_on_off/on/raw_runs.csv
Symmetric wall clock,Chao,Ejection ON,p4.2.e,2,2500,7.438603824999973,7.438603824999973,2261,600.0,618.0,2.912621359223301,89.65888480204184,36,7.121656600000279,0.3169472249996943,True,True,time_limit_guard_at_iteration_boundary,True,2,04_symmetric_wall_clock_ejection_on_off/on/raw_runs.csv
Symmetric wall clock,Chao,Ejection ON,p4.2.e,3,2500,7.438603824999973,7.438603824999973,2200,602.0,618.0,2.588996763754045,89.90143634496326,39,7.190660399999615,0.2479434250003578,True,True,time_limit_guard_at_iteration_boundary,True,2,04_symmetric_wall_clock_ejection_on_off/on/raw_runs.csv
Symmetric wall clock,Chao,Ejection ON,p4.2.f,0,2500,8.789560700000038,8.789560700000038,2342,666.0,687.0,3.056768558951965,99.6428884266956,44,8.53965430000062,0.2499063999994177,True,True,time_limit_guard_at_iteration_boundary,True,2,04_symmetric_wall_clock_ejection_on_off/on/raw_runs.csv
Symmetric wall clock,Chao,Ejection ON,p4.2.f,1,2500,8.789560700000038,8.789560700000038,2273,684.0,687.0,0.4366812227074236,99.50083808334618,46,8.539619200000743,0.249941499999295,True,True,time_limit_guard_at_iteration_boundary,True,2,04_symmetric_wall_clock_ejection_on_off/on/raw_runs.csv
Symmetric wall clock,Chao,Ejection ON,p4.2.f,2,2500,8.789560700000038,8.789560700000038,2078,678.0,687.0,1.310043668122271,99.25817399176636,43,8.450711100000262,0.3388495999997758,True,True,time_limit_guard_at_iteration_boundary,True,2,04_symmetric_wall_clock_ejection_on_off/on/raw_runs.csv
Symmetric wall clock,Chao,Ejection ON,p4.2.f,3,2500,8.789560700000038,8.789560700000038,2491,678.0,687.0,1.310043668122271,99.25817399176636,43,8.541547799999535,0.2480129000005035,True,True,time_limit_guard_at_iteration_boundary,True,2,04_symmetric_wall_clock_ejection_on_off/on/raw_runs.csv
Symmetric wall clock,Chao,Ejection ON,p4.2.g,0,2500,10.080847449999965,10.080847449999965,2329,729.0,757.0,3.6988110964332894,109.09932023574032,46,9.836164099999223,0.2446833500007414,True,True,time_limit_guard_at_iteration_boundary,True,2,04_symmetric_wall_clock_ejection_on_off/on/raw_runs.csv
Symmetric wall clock,Chao,Ejection ON,p4.2.g,1,2500,10.080847449999965,10.080847449999965,2002,745.0,757.0,1.5852047556142668,109.82408622435553,47,9.833170699999757,0.2476767500002097,True,True,time_limit_guard_at_iteration_boundary,True,2,04_symmetric_wall_clock_ejection_on_off/on/raw_runs.csv
Symmetric wall clock,Chao,Ejection ON,p4.2.g,2,2500,10.080847449999965,10.080847449999965,2571,747.0,757.0,1.321003963011889,109.65753904521873,47,9.83402070000011,0.2468267499998546,True,True,time_limit_guard_at_iteration_boundary,True,2,04_symmetric_wall_clock_ejection_on_off/on/raw_runs.csv
Symmetric wall clock,Chao,Ejection ON,p4.2.g,3,2500,10.080847449999965,10.080847449999965,2362,745.0,757.0,1.5852047556142668,109.94030487506036,46,9.659814700000425,0.4210327499995401,True,True,time_limit_guard_at_iteration_boundary,True,2,04_symmetric_wall_clock_ejection_on_off/on/raw_runs.csv
Symmetric wall clock,Chao,Ejection ON,p4.2.h,0,2500,12.11024479999992,12.11024479999992,2509,814.0,835.0,2.51497005988024,119.84430977918194,54,11.861687500000698,0.24855729999922,True,True,time_limit_guard_at_iteration_boundary,True,2,04_symmetric_wall_clock_ejection_on_off/on/raw_runs.csv
Symmetric wall clock,Chao,Ejection ON,p4.2.h,1,2500,12.11024479999992,12.11024479999992,2413,806.0,835.0,3.4730538922155687,119.474813016693,55,11.86320809999961,0.2470367000003079,True,True,time_limit_guard_at_iteration_boundary,True,2,04_symmetric_wall_clock_ejection_on_off/on/raw_runs.csv
Symmetric wall clock,Chao,Ejection ON,p4.2.h,2,2500,12.11024479999992,12.11024479999992,2608,814.0,835.0,2.51497005988024,119.84430977918194,54,11.862117799999396,0.2481270000005224,True,True,time_limit_guard_at_iteration_boundary,True,2,04_symmetric_wall_clock_ejection_on_off/on/raw_runs.csv
Symmetric wall clock,Chao,Ejection ON,p4.2.h,3,2500,12.11024479999992,12.11024479999992,2963,825.0,835.0,1.1976047904191616,119.92603763895738,49,11.862537200000588,0.2477075999993303,True,True,time_limit_guard_at_iteration_boundary,True,2,04_symmetric_wall_clock_ejection_on_off/on/raw_runs.csv
Symmetric wall clock,Chao,Ejection ON,p4.2.i,0,2500,12.539814824999894,12.539814824999894,2641,867.0,918.0,5.555555555555555,129.78473988323972,55,12.120066500001483,0.4197483249984088,True,True,time_limit_guard_at_iteration_boundary,True,2,04_symmetric_wall_clock_ejection_on_off/on/raw_runs.csv
Symmetric wall clock,Chao,Ejection ON,p4.2.i,1,2500,12.539814824999894,12.539814824999894,2820,876.0,918.0,4.57516339869281,129.605344232041,56,12.233214299998508,0.3066005250013859,True,True,time_limit_guard_at_iteration_boundary,True,2,04_symmetric_wall_clock_ejection_on_off/on/raw_runs.csv
Symmetric wall clock,Chao,Ejection ON,p4.2.i,2,2500,12.539814824999894,12.539814824999894,2753,876.0,918.0,4.57516339869281,129.65343663312638,57,12.29061879999972,0.2491960250001739,True,True,time_limit_guard_at_iteration_boundary,True,2,04_symmetric_wall_clock_ejection_on_off/on/raw_runs.csv
Symmetric wall clock,Chao,Ejection ON,p4.2.i,3,2500,12.539814824999894,12.539814824999894,2123,866.0,918.0,5.664488017429194,129.65676033981396,60,11.974817900001652,0.5649969249982405,True,True,time_limit_guard_at_iteration_boundary,True,2,04_symmetric_wall_clock_ejection_on_off/on/raw_runs.csv
Symmetric wall clock,Chao,Ejection ON,p4.2.j,0,2500,11.574825825000062,11.574825825000062,2483,942.0,965.0,2.383419689119171,139.8456505616333,58,11.050739800000883,0.5240860249991783,True,True,time_limit_guard_at_iteration_boundary,True,2,04_symmetric_wall_clock_ejection_on_off/on/raw_runs.csv
Symmetric wall clock,Chao,Ejection ON,p4.2.j,1,2500,11.574825825000062,11.574825825000062,2461,937.0,965.0,2.901554404145078,139.84598394481645,60,11.327531000000818,0.2472948249992441,True,True,time_limit_guard_at_iteration_boundary,True,2,04_symmetric_wall_clock_ejection_on_off/on/raw_runs.csv
Symmetric wall clock,Chao,Ejection ON,p4.2.j,2,2500,11.574825825000062,11.574825825000062,2531,937.0,965.0,2.901554404145078,139.84598394481645,60,11.326325500000166,0.2485003249998953,True,True,time_limit_guard_at_iteration_boundary,True,2,04_symmetric_wall_clock_ejection_on_off/on/raw_runs.csv
Symmetric wall clock,Chao,Ejection ON,p4.2.j,3,2500,11.574825825000062,11.574825825000062,2463,952.0,965.0,1.3471502590673574,139.6478700299629,59,11.316218299998582,0.2586075250014801,True,True,time_limit_guard_at_iteration_boundary,True,2,04_symmetric_wall_clock_ejection_on_off/on/raw_runs.csv
Symmetric wall clock,Chao,Ejection ON,p4.2.k,0,2500,12.205864174999988,12.205864174999988,2806,994.0,1022.0,2.73972602739726,149.43149583954133,58,11.956832800000484,0.2490313749995039,True,True,time_limit_guard_at_iteration_boundary,True,2,04_symmetric_wall_clock_ejection_on_off/on/raw_runs.csv
Symmetric wall clock,Chao,Ejection ON,p4.2.k,1,2500,12.205864174999988,12.205864174999988,1855,969.0,1022.0,5.185909980430528,149.52238983825885,64,11.442261399999552,0.7636027750004359,True,True,time_limit_guard_at_iteration_boundary,True,2,04_symmetric_wall_clock_ejection_on_off/on/raw_runs.csv
Symmetric wall clock,Chao,Ejection ON,p4.2.k,2,2500,12.205864174999988,12.205864174999988,2534,975.0,1022.0,4.598825831702544,149.29956106493097,62,11.956238999999186,0.2496251750008014,True,True,time_limit_guard_at_iteration_boundary,True,2,04_symmetric_wall_clock_ejection_on_off/on/raw_runs.csv
Symmetric wall clock,Chao,Ejection ON,p4.2.k,3,2500,12.205864174999988,12.205864174999988,2683,994.0,1022.0,2.73972602739726,149.43149583954133,58,11.956353699999454,0.2495104750005339,True,True,time_limit_guard_at_iteration_boundary,True,2,04_symmetric_wall_clock_ejection_on_off/on/raw_runs.csv
Symmetric wall clock,Chao,Ejection ON,p4.2.l,0,2500,12.181557350000048,12.181557350000048,2398,1038.0,1074.0,3.35195530726257,159.8230803828963,64,11.795600800000102,0.3859565499999462,True,True,time_limit_guard_at_iteration_boundary,True,2,04_symmetric_wall_clock_ejection_on_off/on/raw_runs.csv
Symmetric wall clock,Chao,Ejection ON,p4.2.l,1,2500,12.181557350000048,12.181557350000048,2315,1064.0,1074.0,0.931098696461825,159.11770713594467,68,11.932371299999431,0.2491860500006169,True,True,time_limit_guard_at_iteration_boundary,True,2,04_symmetric_wall_clock_ejection_on_off/on/raw_runs.csv
Symmetric wall clock,Chao,Ejection ON,p4.2.l,2,2500,12.181557350000048,12.181557350000048,2541,1051.0,1074.0,2.141527001862197,159.663713821856,67,11.9352087999996,0.246348550000448,True,True,time_limit_guard_at_iteration_boundary,True,2,04_symmetric_wall_clock_ejection_on_off/on/raw_runs.csv
Symmetric wall clock,Chao,Ejection ON,p4.2.l,3,2500,12.181557350000048,12.181557350000048,2429,1065.0,1074.0,0.8379888268156425,159.4047397800859,66,11.935884500000611,0.2456728499994369,True,True,time_limit_guard_at_iteration_boundary,True,2,04_symmetric_wall_clock_ejection_on_off/on/raw_runs.csv
Symmetric wall clock,Chao,Ejection ON,p4.2.m,0,2500,12.442858424999711,12.442858424999711,2577,1100.0,1132.0,2.826855123674912,169.76395584936222,70,12.194150100000115,0.2487083249995976,True,True,time_limit_guard_at_iteration_boundary,True,2,04_symmetric_wall_clock_ejection_on_off/on/raw_runs.csv
Symmetric wall clock,Chao,Ejection ON,p4.2.m,1,2500,12.442858424999711,12.442858424999711,2048,1098.0,1132.0,3.0035335689045937,169.73401282720388,68,11.449564599999576,0.9932938250001372,True,True,time_limit_guard_at_iteration_boundary,True,2,04_symmetric_wall_clock_ejection_on_off/on/raw_runs.csv
Symmetric wall clock,Chao,Ejection ON,p4.2.m,2,2500,12.442858424999711,12.442858424999711,2627,1108.0,1132.0,2.120141342756184,169.68988988134112,68,12.195051199998488,0.2478072250012246,True,True,time_limit_guard_at_iteration_boundary,True,2,04_symmetric_wall_clock_ejection_on_off/on/raw_runs.csv
Symmetric wall clock,Chao,Ejection ON,p4.2.m,3,2500,12.442858424999711,12.442858424999711,2535,1105.0,1132.0,2.385159010600707,169.83472947143872,69,12.197304000001168,0.245554424998545,True,True,time_limit_guard_at_iteration_boundary,True,2,04_symmetric_wall_clock_ejection_on_off/on/raw_runs.csv
Symmetric wall clock,Chao,Ejection ON,p4.2.n,0,2500,11.478437850000546,11.478437850000546,2458,1166.0,1174.0,0.6814310051107325,179.8705873817987,73,11.231473800000458,0.2469640500000878,True,True,time_limit_guard_at_iteration_boundary,True,2,04_symmetric_wall_clock_ejection_on_off/on/raw_runs.csv
Symmetric wall clock,Chao,Ejection ON,p4.2.n,1,2500,11.478437850000546,11.478437850000546,2334,1140.0,1174.0,2.8960817717206133,179.2783627267803,70,11.232089699999053,0.246348150001495,True,True,time_limit_guard_at_iteration_boundary,True,2,04_symmetric_wall_clock_ejection_on_off/on/raw_runs.csv
Symmetric wall clock,Chao,Ejection ON,p4.2.n,2,2500,11.478437850000546,11.478437850000546,2342,1140.0,1174.0,2.8960817717206133,179.2783627267803,70,11.22900699999991,0.2494308500006354,True,True,time_limit_guard_at_iteration_boundary,True,2,04_symmetric_wall_clock_ejection_on_off/on/raw_runs.csv
Symmetric wall clock,Chao,Ejection ON,p4.2.n,3,2500,11.478437850000546,11.478437850000546,2451,1170.0,1174.0,0.3407155025553662,179.64236700930195,74,11.22973180000008,0.2487060500004645,True,True,time_limit_guard_at_iteration_boundary,True,2,04_symmetric_wall_clock_ejection_on_off/on/raw_runs.csv
Symmetric wall clock,Chao,Ejection ON,p4.2.o,0,2500,12.127632750000204,12.127632750000204,2503,1179.0,1218.0,3.2019704433497536,189.8389901907453,75,11.878795000000537,0.2488377499996659,True,True,time_limit_guard_at_iteration_boundary,True,2,04_symmetric_wall_clock_ejection_on_off/on/raw_runs.csv
Symmetric wall clock,Chao,Ejection ON,p4.2.o,1,2500,12.127632750000204,12.127632750000204,2476,1207.0,1218.0,0.90311986863711,189.7572895267911,80,11.879207199999655,0.2484255500005474,True,True,time_limit_guard_at_iteration_boundary,True,2,04_symmetric_wall_clock_ejection_on_off/on/raw_runs.csv
Symmetric wall clock,Chao,Ejection ON,p4.2.o,2,2500,12.127632750000204,12.127632750000204,2496,1207.0,1218.0,0.90311986863711,189.7572895267911,80,11.708232599999974,0.4194001500002287,True,True,time_limit_guard_at_iteration_boundary,True,2,04_symmetric_wall_clock_ejection_on_off/on/raw_runs.csv
Symmetric wall clock,Chao,Ejection ON,p4.2.o,3,2500,12.127632750000204,12.127632750000204,2225,1183.0,1218.0,2.8735632183908044,189.88239016846424,78,11.881210200001078,0.2464225499991243,True,True,time_limit_guard_at_iteration_boundary,True,2,04_symmetric_wall_clock_ejection_on_off/on/raw_runs.csv
Symmetric wall clock,Chao,Ejection ON,p4.2.p,0,2500,10.97855225000012,10.97855225000012,2582,1232.0,1242.0,0.8051529790660226,199.5864011219904,82,10.734847300000183,0.2437049499999375,True,True,time_limit_guard_at_iteration_boundary,True,2,04_symmetric_wall_clock_ejection_on_off/on/raw_runs.csv
Symmetric wall clock,Chao,Ejection ON,p4.2.p,1,2500,10.97855225000012,10.97855225000012,2555,1231.0,1242.0,0.8856682769726248,199.6496485022713,84,10.67353170000024,0.305020549999881,True,True,time_limit_guard_at_iteration_boundary,True,2,04_symmetric_wall_clock_ejection_on_off/on/raw_runs.csv
Symmetric wall clock,Chao,Ejection ON,p4.2.p,2,2500,10.97855225000012,10.97855225000012,2185,1223.0,1242.0,1.5297906602254427,199.88375009279,81,10.486009700000068,0.4925425500000528,True,True,time_limit_guard_at_iteration_boundary,True,2,04_symmetric_wall_clock_ejection_on_off/on/raw_runs.csv
Symmetric wall clock,Chao,Ejection ON,p4.2.p,3,2500,10.97855225000012,10.97855225000012,2366,1229.0,1242.0,1.0466988727858293,199.12831168506068,83,10.730258100000356,0.248294149999765,True,True,time_limit_guard_at_iteration_boundary,True,2,04_symmetric_wall_clock_ejection_on_off/on/raw_runs.csv
Symmetric wall clock,Chao,Ejection ON,p4.2.q,0,2500,9.957844875000092,9.957844875000092,2416,1254.0,1268.0,1.1041009463722398,209.3180949385045,83,9.707922400000824,0.2499224749992663,True,True,time_limit_guard_at_iteration_boundary,True,2,04_symmetric_wall_clock_ejection_on_off/on/raw_runs.csv
Symmetric wall clock,Chao,Ejection ON,p4.2.q,1,2500,9.957844875000092,9.957844875000092,2394,1260.0,1268.0,0.6309148264984227,209.31896494918223,86,9.710335300000224,0.2475095749998672,True,True,time_limit_guard_at_iteration_boundary,True,2,04_symmetric_wall_clock_ejection_on_off/on/raw_runs.csv
Symmetric wall clock,Chao,Ejection ON,p4.2.q,2,2500,9.957844875000092,9.957844875000092,2358,1258.0,1268.0,0.7886435331230284,209.56993550682824,85,9.604729500000758,0.3531153749993336,True,True,time_limit_guard_at_iteration_boundary,True,2,04_symmetric_wall_clock_ejection_on_off/on/raw_runs.csv
Symmetric wall clock,Chao,Ejection ON,p4.2.q,3,2500,9.957844875000092,9.957844875000092,2470,1258.0,1268.0,0.7886435331230284,209.56993550682824,85,9.557481100000588,0.400363774999505,True,True,time_limit_guard_at_iteration_boundary,True,2,04_symmetric_wall_clock_ejection_on_off/on/raw_runs.csv
Symmetric wall clock,Chao,Ejection ON,p4.2.r,0,2500,9.02643665000005,9.02643665000005,2542,1285.0,1292.0,0.541795665634675,219.5228922476876,91,8.777636700000585,0.2487999499994657,True,True,time_limit_guard_at_iteration_boundary,True,2,04_symmetric_wall_clock_ejection_on_off/on/raw_runs.csv
Symmetric wall clock,Chao,Ejection ON,p4.2.r,1,2500,9.02643665000005,9.02643665000005,2398,1278.0,1292.0,1.08359133126935,219.32641427798023,92,8.778308599999946,0.2481280500001048,True,True,time_limit_guard_at_iteration_boundary,True,2,04_symmetric_wall_clock_ejection_on_off/on/raw_runs.csv
Symmetric wall clock,Chao,Ejection ON,p4.2.r,2,2500,9.02643665000005,9.02643665000005,2395,1278.0,1292.0,1.08359133126935,219.2681223237639,90,8.779788399999234,0.2466482500008169,True,True,time_limit_guard_at_iteration_boundary,True,2,04_symmetric_wall_clock_ejection_on_off/on/raw_runs.csv
Symmetric wall clock,Chao,Ejection ON,p4.2.r,3,2500,9.02643665000005,9.02643665000005,2203,1280.0,1292.0,0.9287925696594428,219.6232340542757,89,8.576865299999554,0.4495713500004967,True,True,time_limit_guard_at_iteration_boundary,True,2,04_symmetric_wall_clock_ejection_on_off/on/raw_runs.csv
Symmetric wall clock,Chao,Ejection ON,p4.2.s,0,2500,7.750026475000368,7.750026475000368,2375,1296.0,1304.0,0.6134969325153374,229.25361924189127,94,7.501192300000184,0.2488341750001836,True,True,time_limit_guard_at_iteration_boundary,True,2,04_symmetric_wall_clock_ejection_on_off/on/raw_runs.csv
Symmetric wall clock,Chao,Ejection ON,p4.2.s,1,2500,7.750026475000368,7.750026475000368,2366,1296.0,1304.0,0.6134969325153374,228.5311076111184,93,7.500920000000406,0.2491064749999623,True,True,time_limit_guard_at_iteration_boundary,True,2,04_symmetric_wall_clock_ejection_on_off/on/raw_runs.csv
Symmetric wall clock,Chao,Ejection ON,p4.2.s,2,2500,7.750026475000368,7.750026475000368,2352,1293.0,1304.0,0.843558282208589,229.78575005182492,93,7.502514099998734,0.2475123750016337,True,True,time_limit_guard_at_iteration_boundary,True,2,04_symmetric_wall_clock_ejection_on_off/on/raw_runs.csv
Symmetric wall clock,Chao,Ejection ON,p4.2.s,3,2500,7.750026475000368,7.750026475000368,2834,1302.0,1304.0,0.1533742331288343,229.37965143063383,95,7.376143199999205,0.3738832750011625,True,True,time_limit_guard_at_iteration_boundary,True,2,04_symmetric_wall_clock_ejection_on_off/on/raw_runs.csv
Symmetric wall clock,Chao,Ejection ON,p4.2.t,0,2500,7.1081534000009015,7.1081534000009015,2552,1306.0,1306.0,0.0,237.9608908734735,98,6.849112199999581,0.2590412000013202,True,True,time_limit_guard_at_iteration_boundary,True,2,04_symmetric_wall_clock_ejection_on_off/on/raw_runs.csv
Symmetric wall clock,Chao,Ejection ON,p4.2.t,1,2500,7.1081534000009015,7.1081534000009015,1936,1283.0,1306.0,1.7611026033690658,239.0002648087068,91,6.860810700000002,0.2473427000008996,True,True,time_limit_guard_at_iteration_boundary,True,2,04_symmetric_wall_clock_ejection_on_off/on/raw_runs.csv
Symmetric wall clock,Chao,Ejection ON,p4.2.t,2,2500,7.1081534000009015,7.1081534000009015,2613,1306.0,1306.0,0.0,237.9997633299272,98,6.859477199999674,0.2486762000012277,True,True,time_limit_guard_at_iteration_boundary,True,2,04_symmetric_wall_clock_ejection_on_off/on/raw_runs.csv
Symmetric wall clock,Chao,Ejection ON,p4.2.t,3,2500,7.1081534000009015,7.1081534000009015,2410,1306.0,1306.0,0.0,238.4309231762987,98,6.741034300001047,0.3671190999998543,True,True,time_limit_guard_at_iteration_boundary,True,2,04_symmetric_wall_clock_ejection_on_off/on/raw_runs.csv
Symmetric wall clock,Chao,Ejection ON,p4.3.c,0,2500,2.0727383750004265,2.0727383750004265,2015,193.0,193.0,0.0,68.84769108851907,12,1.678062000000864,0.3946763749995625,True,True,time_limit_guard_at_iteration_boundary,True,2,04_symmetric_wall_clock_ejection_on_off/on/raw_runs.csv
Symmetric wall clock,Chao,Ejection ON,p4.3.c,1,2500,2.0727383750004265,2.0727383750004265,1991,193.0,193.0,0.0,68.84769108851907,12,1.6627528999997594,0.409985475000667,True,True,time_limit_guard_at_iteration_boundary,True,2,04_symmetric_wall_clock_ejection_on_off/on/raw_runs.csv
Symmetric wall clock,Chao,Ejection ON,p4.3.c,2,2500,2.0727383750004265,2.0727383750004265,1974,193.0,193.0,0.0,68.84769108851907,12,1.6683200999996188,0.4044182750008076,True,True,time_limit_guard_at_iteration_boundary,True,2,04_symmetric_wall_clock_ejection_on_off/on/raw_runs.csv
Symmetric wall clock,Chao,Ejection ON,p4.3.c,3,2500,2.0727383750004265,2.0727383750004265,1970,193.0,193.0,0.0,68.84769108851907,12,1.6434850999994524,0.4292532750009741,True,True,time_limit_guard_at_iteration_boundary,True,2,04_symmetric_wall_clock_ejection_on_off/on/raw_runs.csv
Symmetric wall clock,Chao,Ejection ON,p4.3.d,0,2500,3.224414650000199,3.224414650000199,2054,335.0,335.0,0.0,79.8780120203946,23,2.900111799999649,0.3243028500005493,True,True,time_limit_guard_at_iteration_boundary,True,2,04_symmetric_wall_clock_ejection_on_off/on/raw_runs.csv
Symmetric wall clock,Chao,Ejection ON,p4.3.d,1,2500,3.224414650000199,3.224414650000199,1998,335.0,335.0,0.0,79.8780120203946,23,2.821989600000961,0.4024250499992376,True,True,time_limit_guard_at_iteration_boundary,True,2,04_symmetric_wall_clock_ejection_on_off/on/raw_runs.csv
Symmetric wall clock,Chao,Ejection ON,p4.3.d,2,2500,3.224414650000199,3.224414650000199,2122,335.0,335.0,0.0,79.8780120203946,23,2.757057899998472,0.467356750001727,True,True,time_limit_guard_at_iteration_boundary,True,2,04_symmetric_wall_clock_ejection_on_off/on/raw_runs.csv
Symmetric wall clock,Chao,Ejection ON,p4.3.d,3,2500,3.224414650000199,3.224414650000199,2192,333.0,335.0,0.5970149253731343,79.62624547997818,20,2.9749378000014985,0.2494768499987003,True,True,time_limit_guard_at_iteration_boundary,True,2,04_symmetric_wall_clock_ejection_on_off/on/raw_runs.csv
Symmetric wall clock,Chao,Ejection ON,p4.3.e,0,2500,4.653492950000327,4.653492950000327,2386,468.0,468.0,0.0,89.07741705061667,29,4.2534212999999,0.4000716500004273,True,True,time_limit_guard_at_iteration_boundary,True,2,04_symmetric_wall_clock_ejection_on_off/on/raw_runs.csv
Symmetric wall clock,Chao,Ejection ON,p4.3.e,1,2500,4.653492950000327,4.653492950000327,2229,444.0,468.0,5.128205128205129,89.04975838005367,30,4.4053414999998495,0.2481514500004777,True,True,time_limit_guard_at_iteration_boundary,True,2,04_symmetric_wall_clock_ejection_on_off/on/raw_runs.csv
Symmetric wall clock,Chao,Ejection ON,p4.3.e,2,2500,4.653492950000327,4.653492950000327,2429,468.0,468.0,0.0,89.07741705061667,29,4.404026500000327,0.2494664499999999,True,True,time_limit_guard_at_iteration_boundary,True,2,04_symmetric_wall_clock_ejection_on_off/on/raw_runs.csv
Symmetric wall clock,Chao,Ejection ON,p4.3.e,3,2500,4.653492950000327,4.653492950000327,2420,468.0,468.0,0.0,89.07741705061667,29,4.361142499999914,0.2923504500004128,True,True,time_limit_guard_at_iteration_boundary,True,2,04_symmetric_wall_clock_ejection_on_off/on/raw_runs.csv
Symmetric wall clock,Chao,Ejection ON,p4.3.f,0,2500,5.310437875000844,5.310437875000844,2358,567.0,579.0,2.0725388601036268,99.41812703064625,37,5.06176989999949,0.2486679750013536,True,True,time_limit_guard_at_iteration_boundary,True,2,04_symmetric_wall_clock_ejection_on_off/on/raw_runs.csv
Symmetric wall clock,Chao,Ejection ON,p4.3.f,1,2500,5.310437875000844,5.310437875000844,2335,559.0,579.0,3.454231433506045,99.42552770999998,35,4.985730799999146,0.3247070750016974,True,True,time_limit_guard_at_iteration_boundary,True,2,04_symmetric_wall_clock_ejection_on_off/on/raw_runs.csv
Symmetric wall clock,Chao,Ejection ON,p4.3.f,2,2500,5.310437875000844,5.310437875000844,2276,579.0,579.0,0.0,99.51880704888684,36,4.814632999999958,0.4958048750008856,True,True,time_limit_guard_at_iteration_boundary,True,2,04_symmetric_wall_clock_ejection_on_off/on/raw_runs.csv
Symmetric wall clock,Chao,Ejection ON,p4.3.f,3,2500,5.310437875000844,5.310437875000844,2465,557.0,579.0,3.7996545768566494,99.26819731533718,34,5.063726400001542,0.2467114749993015,True,True,time_limit_guard_at_iteration_boundary,True,2,04_symmetric_wall_clock_ejection_on_off/on/raw_runs.csv
Symmetric wall clock,Chao,Ejection ON,p4.3.g,0,2500,6.209602974999143,6.209602974999143,2459,653.0,653.0,0.0,109.33943321923384,39,5.960909600000377,0.2486933749987656,True,True,time_limit_guard_at_iteration_boundary,True,2,04_symmetric_wall_clock_ejection_on_off/on/raw_runs.csv
Symmetric wall clock,Chao,Ejection ON,p4.3.g,1,2500,6.209602974999143,6.209602974999143,2413,653.0,653.0,0.0,109.33943321923384,39,5.85919499999909,0.3504079750000528,True,True,time_limit_guard_at_iteration_boundary,True,2,04_symmetric_wall_clock_ejection_on_off/on/raw_runs.csv
Symmetric wall clock,Chao,Ejection ON,p4.3.g,2,2500,6.209602974999143,6.209602974999143,2434,653.0,653.0,0.0,109.33943321923384,39,5.822985900000276,0.3866170749988669,True,True,time_limit_guard_at_iteration_boundary,True,2,04_symmetric_wall_clock_ejection_on_off/on/raw_runs.csv
Symmetric wall clock,Chao,Ejection ON,p4.3.g,3,2500,6.209602974999143,6.209602974999143,2239,639.0,653.0,2.14395099540582,109.62188420709174,42,5.897577900001124,0.3120250749980187,True,True,time_limit_guard_at_iteration_boundary,True,2,04_symmetric_wall_clock_ejection_on_off/on/raw_runs.csv
Symmetric wall clock,Chao,Ejection ON,p4.3.h,0,2500,7.29379172499921,7.29379172499921,2415,717.0,729.0,1.646090534979424,119.72435435776988,46,6.92241340000146,0.3713783249977496,True,True,time_limit_guard_at_iteration_boundary,True,2,04_symmetric_wall_clock_ejection_on_off/on/raw_runs.csv
Symmetric wall clock,Chao,Ejection ON,p4.3.h,1,2500,7.29379172499921,7.29379172499921,2358,725.0,729.0,0.5486968449931413,118.31273607446629,46,7.046755500001382,0.2470362249978279,True,True,time_limit_guard_at_iteration_boundary,True,2,04_symmetric_wall_clock_ejection_on_off/on/raw_runs.csv
Symmetric wall clock,Chao,Ejection ON,p4.3.h,2,2500,7.29379172499921,7.29379172499921,2467,717.0,729.0,1.646090534979424,119.72435435776988,46,6.979357100000925,0.3144346249982845,True,True,time_limit_guard_at_iteration_boundary,True,2,04_symmetric_wall_clock_ejection_on_off/on/raw_runs.csv
Symmetric wall clock,Chao,Ejection ON,p4.3.h,3,2500,7.29379172499921,7.29379172499921,2510,729.0,729.0,0.0,119.63063212962363,46,7.044585499999812,0.2492062249993978,True,True,time_limit_guard_at_iteration_boundary,True,2,04_symmetric_wall_clock_ejection_on_off/on/raw_runs.csv
Symmetric wall clock,Chao,Ejection ON,p4.3.i,0,2500,8.776482175000183,8.776482175000183,2377,809.0,809.0,0.0,129.68545519047558,55,8.526530399998592,0.2499517750015911,True,True,time_limit_guard_at_iteration_boundary,True,2,04_symmetric_wall_clock_ejection_on_off/on/raw_runs.csv
Symmetric wall clock,Chao,Ejection ON,p4.3.i,1,2500,8.776482175000183,8.776482175000183,2336,809.0,809.0,0.0,129.68545519047558,55,8.528326499999821,0.2481556750003619,True,True,time_limit_guard_at_iteration_boundary,True,2,04_symmetric_wall_clock_ejection_on_off/on/raw_runs.csv
Symmetric wall clock,Chao,Ejection ON,p4.3.i,2,2500,8.776482175000183,8.776482175000183,2660,797.0,809.0,1.4833127317676142,129.36588882188195,49,8.529315499999939,0.2471666750002441,True,True,time_limit_guard_at_iteration_boundary,True,2,04_symmetric_wall_clock_ejection_on_off/on/raw_runs.csv
Symmetric wall clock,Chao,Ejection ON,p4.3.i,3,2500,8.776482175000183,8.776482175000183,2336,809.0,809.0,0.0,129.68545519047558,55,8.528364200001306,0.2481179749988769,True,True,time_limit_guard_at_iteration_boundary,True,2,04_symmetric_wall_clock_ejection_on_off/on/raw_runs.csv
Symmetric wall clock,Chao,Ejection ON,p4.3.j,0,2500,9.85806404999994,9.85806404999994,2294,854.0,861.0,0.8130081300813008,139.7322106263673,60,9.608297999999197,0.2497660500007441,True,True,time_limit_guard_at_iteration_boundary,True,2,04_symmetric_wall_clock_ejection_on_off/on/raw_runs.csv
Symmetric wall clock,Chao,Ejection ON,p4.3.j,1,2500,9.85806404999994,9.85806404999994,2253,854.0,861.0,0.8130081300813008,139.7322106263673,60,9.609461100000772,0.2486029499991673,True,True,time_limit_guard_at_iteration_boundary,True,2,04_symmetric_wall_clock_ejection_on_off/on/raw_runs.csv
Symmetric wall clock,Chao,Ejection ON,p4.3.j,2,2500,9.85806404999994,9.85806404999994,2369,856.0,861.0,0.5807200929152149,139.48257038419712,58,9.60868070000106,0.2493833499988795,True,True,time_limit_guard_at_iteration_boundary,True,2,04_symmetric_wall_clock_ejection_on_off/on/raw_runs.csv
Symmetric wall clock,Chao,Ejection ON,p4.3.j,3,2500,9.85806404999994,9.85806404999994,2439,857.0,861.0,0.4645760743321719,139.69849814683894,58,9.400428099999772,0.4576359500001672,True,True,time_limit_guard_at_iteration_boundary,True,2,04_symmetric_wall_clock_ejection_on_off/on/raw_runs.csv
Symmetric wall clock,Chao,Ejection ON,p4.3.k,0,2500,10.00703465000015,10.00703465000015,2481,912.0,919.0,0.7616974972796517,149.8975615252233,59,9.64925679999942,0.3577778500007298,True,True,time_limit_guard_at_iteration_boundary,True,2,04_symmetric_wall_clock_ejection_on_off/on/raw_runs.csv
Symmetric wall clock,Chao,Ejection ON,p4.3.k,1,2500,10.00703465000015,10.00703465000015,2282,908.0,919.0,1.1969532100108813,149.2361858382222,60,9.761930399999985,0.2451042500001676,True,True,time_limit_guard_at_iteration_boundary,True,2,04_symmetric_wall_clock_ejection_on_off/on/raw_runs.csv
Symmetric wall clock,Chao,Ejection ON,p4.3.k,2,2500,10.00703465000015,10.00703465000015,2177,915.0,919.0,0.4352557127312296,149.33896076795844,60,9.761985499999357,0.2450491500007956,True,True,time_limit_guard_at_iteration_boundary,True,2,04_symmetric_wall_clock_ejection_on_off/on/raw_runs.csv
Symmetric wall clock,Chao,Ejection ON,p4.3.k,3,2500,10.00703465000015,10.00703465000015,2332,915.0,919.0,0.4352557127312296,149.33896076795844,60,9.75787339999988,0.2491612500002702,True,True,time_limit_guard_at_iteration_boundary,True,2,04_symmetric_wall_clock_ejection_on_off/on/raw_runs.csv
Symmetric wall clock,Chao,Ejection ON,p4.3.l,0,2500,9.492194874999312,9.492194874999312,2209,963.0,979.0,1.634320735444331,158.6273657142208,63,9.24314299999969,0.2490518749996226,True,True,time_limit_guard_at_iteration_boundary,True,2,04_symmetric_wall_clock_ejection_on_off/on/raw_runs.csv
Symmetric wall clock,Chao,Ejection ON,p4.3.l,1,2500,9.492194874999312,9.492194874999312,2112,970.0,979.0,0.919305413687436,158.10649071005685,64,9.24257419999958,0.2496206749997327,True,True,time_limit_guard_at_iteration_boundary,True,2,04_symmetric_wall_clock_ejection_on_off/on/raw_runs.csv
Symmetric wall clock,Chao,Ejection ON,p4.3.l,2,2500,9.492194874999312,9.492194874999312,2189,957.0,979.0,2.247191011235955,159.0118019483602,64,9.174784799999545,0.3174100749997706,True,True,time_limit_guard_at_iteration_boundary,True,2,04_symmetric_wall_clock_ejection_on_off/on/raw_runs.csv
Symmetric wall clock,Chao,Ejection ON,p4.3.l,3,2500,9.492194874999312,9.492194874999312,2198,970.0,979.0,0.919305413687436,158.10649071005685,64,9.246184299998276,0.246010575001037,True,True,time_limit_guard_at_iteration_boundary,True,2,04_symmetric_wall_clock_ejection_on_off/on/raw_runs.csv
Symmetric wall clock,Chao,Ejection ON,p4.3.m,0,2500,9.458147900000313,9.458147900000313,2371,1038.0,1063.0,2.351834430856068,169.5635460407005,67,9.209239600000728,0.2489082999995844,True,True,time_limit_guard_at_iteration_boundary,True,2,04_symmetric_wall_clock_ejection_on_off/on/raw_runs.csv
Symmetric wall clock,Chao,Ejection ON,p4.3.m,1,2500,9.458147900000313,9.458147900000313,2315,1021.0,1063.0,3.951081843838194,169.55976994196052,66,9.21261989999948,0.2455280000008315,True,True,time_limit_guard_at_iteration_boundary,True,2,04_symmetric_wall_clock_ejection_on_off/on/raw_runs.csv
Symmetric wall clock,Chao,Ejection ON,p4.3.m,2,2500,9.458147900000313,9.458147900000313,2387,1053.0,1063.0,0.940733772342427,169.45212245248973,68,9.045731799998975,0.4124161000013373,True,True,time_limit_guard_at_iteration_boundary,True,2,04_symmetric_wall_clock_ejection_on_off/on/raw_runs.csv
Symmetric wall clock,Chao,Ejection ON,p4.3.m,3,2500,9.458147900000313,9.458147900000313,2313,1063.0,1063.0,0.0,169.40728322271747,71,9.210048099999767,0.2480998000005456,True,True,time_limit_guard_at_iteration_boundary,True,2,04_symmetric_wall_clock_ejection_on_off/on/raw_runs.csv
Symmetric wall clock,Chao,Ejection ON,p4.3.n,0,2500,9.54739010000003,9.54739010000003,2461,1099.0,1121.0,1.9625334522747544,179.08917918968152,75,9.297993500000302,0.2493965999997272,True,True,time_limit_guard_at_iteration_boundary,True,2,04_symmetric_wall_clock_ejection_on_off/on/raw_runs.csv
Symmetric wall clock,Chao,Ejection ON,p4.3.n,1,2500,9.54739010000003,9.54739010000003,2528,1060.0,1121.0,5.44157002676182,179.45686043865237,71,9.299499700000524,0.2478903999995054,True,True,time_limit_guard_at_iteration_boundary,True,2,04_symmetric_wall_clock_ejection_on_off/on/raw_runs.csv
Symmetric wall clock,Chao,Ejection ON,p4.3.n,2,2500,9.54739010000003,9.54739010000003,2352,1088.0,1121.0,2.943800178412132,179.51327392625743,71,9.299250300000494,0.2481397999995351,True,True,time_limit_guard_at_iteration_boundary,True,2,04_symmetric_wall_clock_ejection_on_off/on/raw_runs.csv
Symmetric wall clock,Chao,Ejection ON,p4.3.n,3,2500,9.54739010000003,9.54739010000003,2350,1088.0,1121.0,2.943800178412132,179.6004032741375,71,9.253449300000284,0.2939407999997456,True,True,time_limit_guard_at_iteration_boundary,True,2,04_symmetric_wall_clock_ejection_on_off/on/raw_runs.csv
Symmetric wall clock,Chao,Ejection ON,p4.3.o,0,2500,9.600253350000456,9.600253350000456,2475,1172.0,1172.0,0.0,189.4559709906614,76,9.351272099998823,0.2489812500016341,True,True,time_limit_guard_at_iteration_boundary,True,2,04_symmetric_wall_clock_ejection_on_off/on/raw_runs.csv
Symmetric wall clock,Chao,Ejection ON,p4.3.o,1,2500,9.600253350000456,9.600253350000456,2374,1170.0,1172.0,0.1706484641638225,188.85548644053355,77,9.118829499999263,0.4814238500011925,True,True,time_limit_guard_at_iteration_boundary,True,2,04_symmetric_wall_clock_ejection_on_off/on/raw_runs.csv
Symmetric wall clock,Chao,Ejection ON,p4.3.o,2,2500,9.600253350000456,9.600253350000456,2402,1149.0,1172.0,1.9624573378839592,188.63598393184063,80,9.35353120000036,0.246722150000096,True,True,time_limit_guard_at_iteration_boundary,True,2,04_symmetric_wall_clock_ejection_on_off/on/raw_runs.csv
Symmetric wall clock,Chao,Ejection ON,p4.3.o,3,2500,9.600253350000456,9.600253350000456,2592,1172.0,1172.0,0.0,189.4559709906614,76,9.351445399999648,0.2488079500008098,True,True,time_limit_guard_at_iteration_boundary,True,2,04_symmetric_wall_clock_ejection_on_off/on/raw_runs.csv
Symmetric wall clock,Chao,Ejection ON,p4.3.p,0,2500,9.074289999999564,9.074289999999564,2598,1185.0,1222.0,3.027823240589198,198.94460635327587,79,8.825753299999633,0.2485366999999314,True,True,time_limit_guard_at_iteration_boundary,True,2,04_symmetric_wall_clock_ejection_on_off/on/raw_runs.csv
Symmetric wall clock,Chao,Ejection ON,p4.3.p,1,2500,9.074289999999564,9.074289999999564,2674,1222.0,1222.0,0.0,199.3114427178803,80,8.825046199999633,0.249243799999931,True,True,time_limit_guard_at_iteration_boundary,True,2,04_symmetric_wall_clock_ejection_on_off/on/raw_runs.csv
Symmetric wall clock,Chao,Ejection ON,p4.3.p,2,2500,9.074289999999564,9.074289999999564,2433,1209.0,1222.0,1.0638297872340423,199.8360810469647,77,8.825234399999317,0.249055600000247,True,True,time_limit_guard_at_iteration_boundary,True,2,04_symmetric_wall_clock_ejection_on_off/on/raw_runs.csv
Symmetric wall clock,Chao,Ejection ON,p4.3.p,3,2500,9.074289999999564,9.074289999999564,2643,1191.0,1222.0,2.536824877250409,198.2224089346128,77,8.826491700001498,0.2477982999980668,True,True,time_limit_guard_at_iteration_boundary,True,2,04_symmetric_wall_clock_ejection_on_off/on/raw_runs.csv
Symmetric wall clock,Chao,Ejection ON,p4.3.q,0,2500,9.11141975000055,9.11141975000055,2448,1209.0,1253.0,3.5115722266560256,208.51079169149665,76,8.865902300000016,0.2455174500005341,True,True,time_limit_guard_at_iteration_boundary,True,2,04_symmetric_wall_clock_ejection_on_off/on/raw_runs.csv
Symmetric wall clock,Chao,Ejection ON,p4.3.q,1,2500,9.11141975000055,9.11141975000055,2302,1214.0,1253.0,3.1125299281723864,209.5325571700713,81,8.862965500000428,0.2484542500001225,True,True,time_limit_guard_at_iteration_boundary,True,2,04_symmetric_wall_clock_ejection_on_off/on/raw_runs.csv
Symmetric wall clock,Chao,Ejection ON,p4.3.q,2,2500,9.11141975000055,9.11141975000055,2453,1213.0,1253.0,3.192338387869114,208.4647840357948,81,8.78568230000019,0.3257374500003607,True,True,time_limit_guard_at_iteration_boundary,True,2,04_symmetric_wall_clock_ejection_on_off/on/raw_runs.csv
Symmetric wall clock,Chao,Ejection ON,p4.3.q,3,2500,9.11141975000055,9.11141975000055,2693,1253.0,1253.0,0.0,209.6688131113622,85,8.86411550000048,0.2473042500000701,True,True,time_limit_guard_at_iteration_boundary,True,2,04_symmetric_wall_clock_ejection_on_off/on/raw_runs.csv
Symmetric wall clock,Chao,Ejection ON,p4.3.r,0,2500,7.666611625000314,7.666611625000314,2288,1247.0,1273.0,2.04241948153967,218.80512409152303,86,7.418652399999701,0.2479592250006135,True,True,time_limit_guard_at_iteration_boundary,True,2,04_symmetric_wall_clock_ejection_on_off/on/raw_runs.csv
Symmetric wall clock,Chao,Ejection ON,p4.3.r,1,2500,7.666611625000314,7.666611625000314,2429,1266.0,1273.0,0.5498821681068342,219.49052734387692,86,7.248531100000036,0.4180805250002777,True,True,time_limit_guard_at_iteration_boundary,True,2,04_symmetric_wall_clock_ejection_on_off/on/raw_runs.csv
Symmetric wall clock,Chao,Ejection ON,p4.3.r,2,2500,7.666611625000314,7.666611625000314,2193,1253.0,1273.0,1.5710919088766693,218.4650128511078,87,7.296096899999611,0.370514725000703,True,True,time_limit_guard_at_iteration_boundary,True,2,04_symmetric_wall_clock_ejection_on_off/on/raw_runs.csv
Symmetric wall clock,Chao,Ejection ON,p4.3.r,3,2500,7.666611625000314,7.666611625000314,2533,1269.0,1273.0,0.3142183817753338,217.631429315305,90,7.388089899999613,0.2785217250007008,True,True,time_limit_guard_at_iteration_boundary,True,2,04_symmetric_wall_clock_ejection_on_off/on/raw_runs.csv
Symmetric wall clock,Chao,Ejection ON,p4.3.s,0,2500,7.327271674999793,7.327271674999793,2322,1272.0,1295.0,1.776061776061776,229.72106792020844,85,7.079085600000326,0.2481860749994666,True,True,time_limit_guard_at_iteration_boundary,True,2,04_symmetric_wall_clock_ejection_on_off/on/raw_runs.csv
Symmetric wall clock,Chao,Ejection ON,p4.3.s,1,2500,7.327271674999793,7.327271674999793,2693,1290.0,1295.0,0.3861003861003861,228.9013032504097,92,7.0786756000015885,0.2485960749982041,True,True,time_limit_guard_at_iteration_boundary,True,2,04_symmetric_wall_clock_ejection_on_off/on/raw_runs.csv
Symmetric wall clock,Chao,Ejection ON,p4.3.s,2,2500,7.327271674999793,7.327271674999793,2525,1281.0,1295.0,1.0810810810810811,229.37008779188488,91,6.850994200000059,0.4762774749997334,True,True,time_limit_guard_at_iteration_boundary,True,2,04_symmetric_wall_clock_ejection_on_off/on/raw_runs.csv
Symmetric wall clock,Chao,Ejection ON,p4.3.s,3,2500,7.327271674999793,7.327271674999793,2197,1266.0,1295.0,2.23938223938224,228.9727319983517,88,7.0791989999997895,0.248072675000003,True,True,time_limit_guard_at_iteration_boundary,True,2,04_symmetric_wall_clock_ejection_on_off/on/raw_runs.csv
Symmetric wall clock,Chao,Ejection ON,p4.3.t,0,2500,6.438867599999412,6.438867599999412,2576,1291.0,1305.0,1.0727969348659003,237.89280578386257,93,6.190674499999659,0.248193099999753,True,True,time_limit_guard_at_iteration_boundary,True,2,04_symmetric_wall_clock_ejection_on_off/on/raw_runs.csv
Symmetric wall clock,Chao,Ejection ON,p4.3.t,1,2500,6.438867599999412,6.438867599999412,2395,1292.0,1305.0,0.9961685823754788,238.6782098102944,95,6.192102200000591,0.2467653999988215,True,True,time_limit_guard_at_iteration_boundary,True,2,04_symmetric_wall_clock_ejection_on_off/on/raw_runs.csv
Symmetric wall clock,Chao,Ejection ON,p4.3.t,2,2500,6.438867599999412,6.438867599999412,2638,1296.0,1305.0,0.6896551724137931,239.35517410791303,95,6.18932710000081,0.2495404999986021,True,True,time_limit_guard_at_iteration_boundary,True,2,04_symmetric_wall_clock_ejection_on_off/on/raw_runs.csv
Symmetric wall clock,Chao,Ejection ON,p4.3.t,3,2500,6.438867599999412,6.438867599999412,2780,1299.0,1305.0,0.4597701149425287,238.4089343432177,94,6.190491500001372,0.2483760999980404,True,True,time_limit_guard_at_iteration_boundary,True,2,04_symmetric_wall_clock_ejection_on_off/on/raw_runs.csv
Symmetric wall clock,Chao,Ejection ON,p4.4.e,0,2500,1.968330700000024,1.968330700000024,1985,183.0,183.0,0.0,88.4034580996323,13,1.4917901999997412,0.4765405000002829,True,True,time_limit_guard_at_iteration_boundary,True,2,04_symmetric_wall_clock_ejection_on_off/on/raw_runs.csv
Symmetric wall clock,Chao,Ejection ON,p4.4.e,1,2500,1.968330700000024,1.968330700000024,2076,183.0,183.0,0.0,88.4034580996323,13,1.534286300000531,0.4340443999994932,True,True,time_limit_guard_at_iteration_boundary,True,2,04_symmetric_wall_clock_ejection_on_off/on/raw_runs.csv
Symmetric wall clock,Chao,Ejection ON,p4.4.e,2,2500,1.968330700000024,1.968330700000024,2161,183.0,183.0,0.0,88.4034580996323,13,1.620297200001005,0.3480334999990191,True,True,time_limit_guard_at_iteration_boundary,True,2,04_symmetric_wall_clock_ejection_on_off/on/raw_runs.csv
Symmetric wall clock,Chao,Ejection ON,p4.4.e,3,2500,1.968330700000024,1.968330700000024,1979,183.0,183.0,0.0,88.4034580996323,13,1.480657699999938,0.4876730000000862,True,True,time_limit_guard_at_iteration_boundary,True,2,04_symmetric_wall_clock_ejection_on_off/on/raw_runs.csv
Symmetric wall clock,Chao,Ejection ON,p4.4.f,0,2500,3.190492099999574,3.190492099999574,2276,324.0,324.0,0.0,99.11536384578312,21,2.863289700000678,0.327202399998896,True,True,time_limit_guard_at_iteration_boundary,True,2,04_symmetric_wall_clock_ejection_on_off/on/raw_runs.csv
Symmetric wall clock,Chao,Ejection ON,p4.4.f,1,2500,3.190492099999574,3.190492099999574,2146,324.0,324.0,0.0,99.11536384578312,21,2.71270050000021,0.4777915999993638,True,True,time_limit_guard_at_iteration_boundary,True,2,04_symmetric_wall_clock_ejection_on_off/on/raw_runs.csv
Symmetric wall clock,Chao,Ejection ON,p4.4.f,2,2500,3.190492099999574,3.190492099999574,2331,324.0,324.0,0.0,99.11536384578312,21,2.804813799999465,0.3856783000001087,True,True,time_limit_guard_at_iteration_boundary,True,2,04_symmetric_wall_clock_ejection_on_off/on/raw_runs.csv
Symmetric wall clock,Chao,Ejection ON,p4.4.f,3,2500,3.190492099999574,3.190492099999574,2279,324.0,324.0,0.0,99.11536384578312,21,2.8373137999988103,0.3531783000007635,True,True,time_limit_guard_at_iteration_boundary,True,2,04_symmetric_wall_clock_ejection_on_off/on/raw_runs.csv
Symmetric wall clock,Chao,Ejection ON,p4.4.g,0,2500,4.28755612499981,4.28755612499981,2433,461.0,461.0,0.0,109.5577907405125,31,4.03814980000061,0.2494063249991995,True,True,time_limit_guard_at_iteration_boundary,True,2,04_symmetric_wall_clock_ejection_on_off/on/raw_runs.csv
Symmetric wall clock,Chao,Ejection ON,p4.4.g,1,2500,4.28755612499981,4.28755612499981,2412,461.0,461.0,0.0,109.5577907405125,31,4.037804700001288,0.2497514249985215,True,True,time_limit_guard_at_iteration_boundary,True,2,04_symmetric_wall_clock_ejection_on_off/on/raw_runs.csv
Symmetric wall clock,Chao,Ejection ON,p4.4.g,2,2500,4.28755612499981,4.28755612499981,2355,461.0,461.0,0.0,109.5577907405125,31,3.8720663000003697,0.4154898249994403,True,True,time_limit_guard_at_iteration_boundary,True,2,04_symmetric_wall_clock_ejection_on_off/on/raw_runs.csv
Symmetric wall clock,Chao,Ejection ON,p4.4.g,3,2500,4.28755612499981,4.28755612499981,2350,461.0,461.0,0.0,109.5577907405125,31,3.839050700000371,0.4485054249994391,True,True,time_limit_guard_at_iteration_boundary,True,2,04_symmetric_wall_clock_ejection_on_off/on/raw_runs.csv
Symmetric wall clock,Chao,Ejection ON,p4.4.h,0,2500,5.165406449999409,5.165406449999409,2587,571.0,571.0,0.0,118.69777517519027,35,4.850357199999053,0.3150492500003565,True,True,time_limit_guard_at_iteration_boundary,True,2,04_symmetric_wall_clock_ejection_on_off/on/raw_runs.csv
Symmetric wall clock,Chao,Ejection ON,p4.4.h,1,2500,5.165406449999409,5.165406449999409,2385,571.0,571.0,0.0,118.69777517519027,35,4.916296199999124,0.2491102500002853,True,True,time_limit_guard_at_iteration_boundary,True,2,04_symmetric_wall_clock_ejection_on_off/on/raw_runs.csv
Symmetric wall clock,Chao,Ejection ON,p4.4.h,2,2500,5.165406449999409,5.165406449999409,2224,544.0,571.0,4.728546409807356,118.38331347478608,36,4.917210699999487,0.2481957499999225,True,True,time_limit_guard_at_iteration_boundary,True,2,04_symmetric_wall_clock_ejection_on_off/on/raw_runs.csv
Symmetric wall clock,Chao,Ejection ON,p4.4.h,3,2500,5.165406449999409,5.165406449999409,2382,543.0,571.0,4.903677758318739,117.5813510354762,38,4.91681509999944,0.2485913499999696,True,True,time_limit_guard_at_iteration_boundary,True,2,04_symmetric_wall_clock_ejection_on_off/on/raw_runs.csv
Symmetric wall clock,Chao,Ejection ON,p4.4.i,0,2500,5.946116475000508,5.946116475000508,2489,657.0,657.0,0.0,129.34436864908335,43,5.697836200000893,0.2482802749996153,True,True,time_limit_guard_at_iteration_boundary,True,2,04_symmetric_wall_clock_ejection_on_off/on/raw_runs.csv
Symmetric wall clock,Chao,Ejection ON,p4.4.i,1,2500,5.946116475000508,5.946116475000508,2395,635.0,657.0,3.34855403348554,128.89639787395564,43,5.648592600000484,0.2975238750000244,True,True,time_limit_guard_at_iteration_boundary,True,2,04_symmetric_wall_clock_ejection_on_off/on/raw_runs.csv
Symmetric wall clock,Chao,Ejection ON,p4.4.i,2,2500,5.946116475000508,5.946116475000508,2436,640.0,657.0,2.5875190258751903,128.99602202647696,41,5.693278799999462,0.2528376750010466,True,True,time_limit_guard_at_iteration_boundary,True,2,04_symmetric_wall_clock_ejection_on_off/on/raw_runs.csv
Symmetric wall clock,Chao,Ejection ON,p4.4.i,3,2500,5.946116475000508,5.946116475000508,2195,641.0,657.0,2.43531202435312,128.37205212269953,44,5.492315800000142,0.453800675000366,True,True,time_limit_guard_at_iteration_boundary,True,2,04_symmetric_wall_clock_ejection_on_off/on/raw_runs.csv
Symmetric wall clock,Chao,Ejection ON,p4.4.j,0,2500,6.796319374999712,6.796319374999712,2631,724.0,732.0,1.092896174863388,139.06518631276094,48,6.5469853000013245,0.2493340749983872,True,True,time_limit_guard_at_iteration_boundary,True,2,04_symmetric_wall_clock_ejection_on_off/on/raw_runs.csv
Symmetric wall clock,Chao,Ejection ON,p4.4.j,1,2500,6.796319374999712,6.796319374999712,2479,732.0,732.0,0.0,138.09918574445643,47,6.549515799999426,0.2468035750002855,True,True,time_limit_guard_at_iteration_boundary,True,2,04_symmetric_wall_clock_ejection_on_off/on/raw_runs.csv
Symmetric wall clock,Chao,Ejection ON,p4.4.j,2,2500,6.796319374999712,6.796319374999712,2525,732.0,732.0,0.0,138.09918574445643,47,6.547831400001087,0.2484879749986248,True,True,time_limit_guard_at_iteration_boundary,True,2,04_symmetric_wall_clock_ejection_on_off/on/raw_runs.csv
Symmetric wall clock,Chao,Ejection ON,p4.4.j,3,2500,6.796319374999712,6.796319374999712,2550,724.0,732.0,1.092896174863388,139.06518631276094,48,6.376346500001091,0.4199728749986207,True,True,time_limit_guard_at_iteration_boundary,True,2,04_symmetric_wall_clock_ejection_on_off/on/raw_runs.csv
Symmetric wall clock,Chao,Ejection ON,p4.4.k,0,2500,8.15633514999945,8.15633514999945,2516,820.0,821.0,0.1218026796589525,149.33955605189314,54,7.906562300000587,0.2497728499988625,True,True,time_limit_guard_at_iteration_boundary,True,2,04_symmetric_wall_clock_ejection_on_off/on/raw_runs.csv
Symmetric wall clock,Chao,Ejection ON,p4.4.k,1,2500,8.15633514999945,8.15633514999945,2399,820.0,821.0,0.1218026796589525,149.67563301604918,55,7.906901399999697,0.2494337499997527,True,True,time_limit_guard_at_iteration_boundary,True,2,04_symmetric_wall_clock_ejection_on_off/on/raw_runs.csv
Symmetric wall clock,Chao,Ejection ON,p4.4.k,2,2500,8.15633514999945,8.15633514999945,2417,821.0,821.0,0.0,149.55886823886368,55,7.909037700001136,0.2472974499983138,True,True,time_limit_guard_at_iteration_boundary,True,2,04_symmetric_wall_clock_ejection_on_off/on/raw_runs.csv
Symmetric wall clock,Chao,Ejection ON,p4.4.k,3,2500,8.15633514999945,8.15633514999945,2487,820.0,821.0,0.1218026796589525,149.67563301604918,55,7.718745000000126,0.4375901499993233,True,True,time_limit_guard_at_iteration_boundary,True,2,04_symmetric_wall_clock_ejection_on_off/on/raw_runs.csv
Symmetric wall clock,Chao,Ejection ON,p4.4.l,0,2500,8.395748049999838,8.395748049999838,2230,877.0,880.0,0.3409090909090909,158.70343331584655,62,8.151216199999908,0.2445318499999302,True,True,time_limit_guard_at_iteration_boundary,True,2,04_symmetric_wall_clock_ejection_on_off/on/raw_runs.csv
Symmetric wall clock,Chao,Ejection ON,p4.4.l,1,2500,8.395748049999838,8.395748049999838,2573,859.0,880.0,2.386363636363636,159.59404099233612,61,8.148512600000686,0.2472354499991524,True,True,time_limit_guard_at_iteration_boundary,True,2,04_symmetric_wall_clock_ejection_on_off/on/raw_runs.csv
Symmetric wall clock,Chao,Ejection ON,p4.4.l,2,2500,8.395748049999838,8.395748049999838,2582,879.0,880.0,0.1136363636363636,159.12622360742682,62,8.145851400000538,0.2498966499993002,True,True,time_limit_guard_at_iteration_boundary,True,2,04_symmetric_wall_clock_ejection_on_off/on/raw_runs.csv
Symmetric wall clock,Chao,Ejection ON,p4.4.l,3,2500,8.395748049999838,8.395748049999838,2564,856.0,880.0,2.727272727272727,158.2411652215215,60,7.897870700000567,0.4978773499992712,True,True,time_limit_guard_at_iteration_boundary,True,2,04_symmetric_wall_clock_ejection_on_off/on/raw_runs.csv
Symmetric wall clock,Chao,Ejection ON,p4.4.m,0,2500,9.052383624999491,9.052383624999491,2367,913.0,919.0,0.6528835690968444,169.15360232237668,62,8.563525499999741,0.4888581249997514,True,True,time_limit_guard_at_iteration_boundary,True,2,04_symmetric_wall_clock_ejection_on_off/on/raw_runs.csv
Symmetric wall clock,Chao,Ejection ON,p4.4.m,1,2500,9.052383624999491,9.052383624999491,2565,907.0,919.0,1.3057671381936888,169.1004968220761,62,8.804361900000004,0.2480217249994893,True,True,time_limit_guard_at_iteration_boundary,True,2,04_symmetric_wall_clock_ejection_on_off/on/raw_runs.csv
Symmetric wall clock,Chao,Ejection ON,p4.4.m,2,2500,9.052383624999491,9.052383624999491,2705,914.0,919.0,0.544069640914037,169.48214897442415,64,8.80385810000007,0.2485255249994225,True,True,time_limit_guard_at_iteration_boundary,True,2,04_symmetric_wall_clock_ejection_on_off/on/raw_runs.csv
Symmetric wall clock,Chao,Ejection ON,p4.4.m,3,2500,9.052383624999491,9.052383624999491,2459,903.0,919.0,1.7410228509249184,168.93073219666306,63,8.804690900000423,0.2476927249990694,True,True,time_limit_guard_at_iteration_boundary,True,2,04_symmetric_wall_clock_ejection_on_off/on/raw_runs.csv
Symmetric wall clock,Chao,Ejection ON,p4.4.n,0,2500,9.472798925000006,9.472798925000006,2613,972.0,976.0,0.4098360655737705,179.38890513716515,65,9.22899999999936,0.2437989250006467,True,True,time_limit_guard_at_iteration_boundary,True,2,04_symmetric_wall_clock_ejection_on_off/on/raw_runs.csv
Symmetric wall clock,Chao,Ejection ON,p4.4.n,1,2500,9.472798925000006,9.472798925000006,2393,948.0,976.0,2.8688524590163933,178.43760476091833,68,9.224036999999951,0.2487619250000534,True,True,time_limit_guard_at_iteration_boundary,True,2,04_symmetric_wall_clock_ejection_on_off/on/raw_runs.csv
Symmetric wall clock,Chao,Ejection ON,p4.4.n,2,2500,9.472798925000006,9.472798925000006,2249,960.0,976.0,1.639344262295082,179.13634063188778,70,9.226620299999922,0.2461786250000841,True,True,time_limit_guard_at_iteration_boundary,True,2,04_symmetric_wall_clock_ejection_on_off/on/raw_runs.csv
Symmetric wall clock,Chao,Ejection ON,p4.4.n,3,2500,9.472798925000006,9.472798925000006,2557,955.0,976.0,2.151639344262295,176.66833120810134,67,9.227420100000018,0.2453788249999888,True,True,time_limit_guard_at_iteration_boundary,True,2,04_symmetric_wall_clock_ejection_on_off/on/raw_runs.csv
Symmetric wall clock,Chao,Ejection ON,p4.4.o,0,2500,8.759460175000186,8.759460175000186,2382,1037.0,1061.0,2.2620169651272386,188.7134453199762,71,8.514027299999725,0.2454328750004606,True,True,time_limit_guard_at_iteration_boundary,True,2,04_symmetric_wall_clock_ejection_on_off/on/raw_runs.csv
Symmetric wall clock,Chao,Ejection ON,p4.4.o,1,2500,8.759460175000186,8.759460175000186,2412,1031.0,1061.0,2.827521206409048,189.1343755383064,71,8.506481399999757,0.2529787750004288,True,True,time_limit_guard_at_iteration_boundary,True,2,04_symmetric_wall_clock_ejection_on_off/on/raw_runs.csv
Symmetric wall clock,Chao,Ejection ON,p4.4.o,2,2500,8.759460175000186,8.759460175000186,2571,1061.0,1061.0,0.0,189.53228787132983,71,8.271711200000937,0.4877489749992492,True,True,time_limit_guard_at_iteration_boundary,True,2,04_symmetric_wall_clock_ejection_on_off/on/raw_runs.csv
Symmetric wall clock,Chao,Ejection ON,p4.4.o,3,2500,8.759460175000186,8.759460175000186,2238,986.0,1061.0,7.0688030160226205,189.2403577295333,67,8.50986390000071,0.249596274999476,True,True,time_limit_guard_at_iteration_boundary,True,2,04_symmetric_wall_clock_ejection_on_off/on/raw_runs.csv
Symmetric wall clock,Chao,Ejection ON,p4.4.p,0,2500,9.107960350000212,9.107960350000212,2417,1102.0,1124.0,1.9572953736654803,199.3349776031704,71,8.860584799998833,0.2473755500013794,True,True,time_limit_guard_at_iteration_boundary,True,2,04_symmetric_wall_clock_ejection_on_off/on/raw_runs.csv
Symmetric wall clock,Chao,Ejection ON,p4.4.p,1,2500,9.107960350000212,9.107960350000212,2343,1080.0,1124.0,3.9145907473309607,198.58251415333277,69,8.859006900000168,0.2489534500000445,True,True,time_limit_guard_at_iteration_boundary,True,2,04_symmetric_wall_clock_ejection_on_off/on/raw_runs.csv
Symmetric wall clock,Chao,Ejection ON,p4.4.p,2,2500,9.107960350000212,9.107960350000212,2461,1124.0,1124.0,0.0,199.07811382240007,76,8.858865299998797,0.249095050001415,True,True,time_limit_guard_at_iteration_boundary,True,2,04_symmetric_wall_clock_ejection_on_off/on/raw_runs.csv
Symmetric wall clock,Chao,Ejection ON,p4.4.p,3,2500,9.107960350000212,9.107960350000212,2688,1072.0,1124.0,4.6263345195729535,199.51660370410963,69,8.858591899999738,0.2493684500004747,True,True,time_limit_guard_at_iteration_boundary,True,2,04_symmetric_wall_clock_ejection_on_off/on/raw_runs.csv
Symmetric wall clock,Chao,Ejection ON,p4.4.q,0,2500,8.05738297500011,8.05738297500011,2164,1108.0,1161.0,4.565030146425495,208.74389840997696,72,7.809633099999701,0.2477498750004088,True,True,time_limit_guard_at_iteration_boundary,True,2,04_symmetric_wall_clock_ejection_on_off/on/raw_runs.csv
Symmetric wall clock,Chao,Ejection ON,p4.4.q,1,2500,8.05738297500011,8.05738297500011,2444,1152.0,1161.0,0.7751937984496124,208.46721667704924,81,7.810220600000321,0.2471623749997888,True,True,time_limit_guard_at_iteration_boundary,True,2,04_symmetric_wall_clock_ejection_on_off/on/raw_runs.csv
Symmetric wall clock,Chao,Ejection ON,p4.4.q,2,2500,8.05738297500011,8.05738297500011,2512,1161.0,1161.0,0.0,209.01366648926071,80,7.808569099999659,0.2488138750004509,True,True,time_limit_guard_at_iteration_boundary,True,2,04_symmetric_wall_clock_ejection_on_off/on/raw_runs.csv
Symmetric wall clock,Chao,Ejection ON,p4.4.q,3,2500,8.05738297500011,8.05738297500011,2475,1135.0,1161.0,2.239448751076658,207.66953841025517,80,7.8106103999998595,0.24677257500025,True,True,time_limit_guard_at_iteration_boundary,True,2,04_symmetric_wall_clock_ejection_on_off/on/raw_runs.csv
Symmetric wall clock,Chao,Ejection ON,p4.4.r,0,2500,7.936711199999536,7.936711199999536,2324,1203.0,1216.0,1.069078947368421,218.7696003403893,80,7.544117500001448,0.3925936999980877,True,True,time_limit_guard_at_iteration_boundary,True,2,04_symmetric_wall_clock_ejection_on_off/on/raw_runs.csv
Symmetric wall clock,Chao,Ejection ON,p4.4.r,1,2500,7.936711199999536,7.936711199999536,2541,1182.0,1216.0,2.796052631578948,219.43337710578172,84,7.585234799998943,0.3514764000005925,True,True,time_limit_guard_at_iteration_boundary,True,2,04_symmetric_wall_clock_ejection_on_off/on/raw_runs.csv
Symmetric wall clock,Chao,Ejection ON,p4.4.r,2,2500,7.936711199999536,7.936711199999536,2391,1189.0,1216.0,2.2203947368421053,218.99546104645748,81,7.614303000000291,0.3224081999992449,True,True,time_limit_guard_at_iteration_boundary,True,2,04_symmetric_wall_clock_ejection_on_off/on/raw_runs.csv
Symmetric wall clock,Chao,Ejection ON,p4.4.r,3,2500,7.936711199999536,7.936711199999536,2510,1193.0,1216.0,1.8914473684210529,218.9419671964581,78,7.663067500001489,0.2736436999980469,True,True,time_limit_guard_at_iteration_boundary,True,2,04_symmetric_wall_clock_ejection_on_off/on/raw_runs.csv
Symmetric wall clock,Chao,Ejection ON,p4.4.s,0,2500,7.267381775000558,7.267381775000558,2369,1213.0,1260.0,3.73015873015873,227.35119833425043,86,6.997974299998532,0.2694074750020263,True,True,time_limit_guard_at_iteration_boundary,True,2,04_symmetric_wall_clock_ejection_on_off/on/raw_runs.csv
Symmetric wall clock,Chao,Ejection ON,p4.4.s,1,2500,7.267381775000558,7.267381775000558,2282,1246.0,1260.0,1.1111111111111112,228.5539847795308,85,7.021944100000837,0.2454376749997209,True,True,time_limit_guard_at_iteration_boundary,True,2,04_symmetric_wall_clock_ejection_on_off/on/raw_runs.csv
Symmetric wall clock,Chao,Ejection ON,p4.4.s,2,2500,7.267381775000558,7.267381775000558,2269,1242.0,1260.0,1.4285714285714286,229.407499163352,83,7.018020399998932,0.2493613750016265,True,True,time_limit_guard_at_iteration_boundary,True,2,04_symmetric_wall_clock_ejection_on_off/on/raw_runs.csv
Symmetric wall clock,Chao,Ejection ON,p4.4.s,3,2500,7.267381775000558,7.267381775000558,2295,1213.0,1260.0,3.73015873015873,227.32185511734,86,6.985530600000857,0.2818511749997014,True,True,time_limit_guard_at_iteration_boundary,True,2,04_symmetric_wall_clock_ejection_on_off/on/raw_runs.csv
Symmetric wall clock,Chao,Ejection ON,p4.4.t,0,2500,6.894636874999833,6.894636874999833,2451,1264.0,1285.0,1.6342412451361867,238.08027364052293,89,6.649475100000927,0.2451617749989054,True,True,time_limit_guard_at_iteration_boundary,True,2,04_symmetric_wall_clock_ejection_on_off/on/raw_runs.csv
Symmetric wall clock,Chao,Ejection ON,p4.4.t,1,2500,6.894636874999833,6.894636874999833,2326,1268.0,1285.0,1.3229571984435795,238.3070876852392,89,6.571266599999944,0.3233702749998883,True,True,time_limit_guard_at_iteration_boundary,True,2,04_symmetric_wall_clock_ejection_on_off/on/raw_runs.csv
Symmetric wall clock,Chao,Ejection ON,p4.4.t,2,2500,6.894636874999833,6.894636874999833,2251,1257.0,1285.0,2.178988326848249,237.83637663861745,85,6.645892700000331,0.2487441749995014,True,True,time_limit_guard_at_iteration_boundary,True,2,04_symmetric_wall_clock_ejection_on_off/on/raw_runs.csv
Symmetric wall clock,Chao,Ejection ON,p4.4.t,3,2500,6.894636874999833,6.894636874999833,2692,1272.0,1285.0,1.0116731517509727,239.11346082463936,91,6.64483300000029,0.249803874999543,True,True,time_limit_guard_at_iteration_boundary,True,2,04_symmetric_wall_clock_ejection_on_off/on/raw_runs.csv
Symmetric wall clock,Chao,Ejection ON,p5.2.h,0,2500,2.5047752749997017,2.5047752749997017,2303,395.0,410.0,3.658536585365854,39.13440155836258,17,2.0864227000001847,0.4183525749995169,True,True,time_limit_guard_at_iteration_boundary,True,2,04_symmetric_wall_clock_ejection_on_off/on/raw_runs.csv
Symmetric wall clock,Chao,Ejection ON,p5.2.h,1,2500,2.5047752749997017,2.5047752749997017,2393,395.0,410.0,3.658536585365854,39.13440155836258,17,2.110126300000047,0.3946489749996544,True,True,time_limit_guard_at_iteration_boundary,True,2,04_symmetric_wall_clock_ejection_on_off/on/raw_runs.csv
Symmetric wall clock,Chao,Ejection ON,p5.2.h,2,2500,2.5047752749997017,2.5047752749997017,2073,395.0,410.0,3.658536585365854,39.13440155836258,17,2.149931300000389,0.3548439749993122,True,True,time_limit_guard_at_iteration_boundary,True,2,04_symmetric_wall_clock_ejection_on_off/on/raw_runs.csv
Symmetric wall clock,Chao,Ejection ON,p5.2.h,3,2500,2.5047752749997017,2.5047752749997017,1999,390.0,410.0,4.878048780487805,39.49847350245616,18,2.096585099998265,0.4081901750014367,True,True,time_limit_guard_at_iteration_boundary,True,2,04_symmetric_wall_clock_ejection_on_off/on/raw_runs.csv
Symmetric wall clock,Chao,Ejection ON,p5.2.j,0,2500,2.6727737749997686,2.6727737749997686,2145,580.0,580.0,0.0,49.75022298912626,20,2.2928913999985525,0.3798823750012161,True,True,time_limit_guard_at_iteration_boundary,True,2,04_symmetric_wall_clock_ejection_on_off/on/raw_runs.csv
Symmetric wall clock,Chao,Ejection ON,p5.2.j,1,2500,2.6727737749997686,2.6727737749997686,2111,580.0,580.0,0.0,49.75022298912626,20,2.2842913000004046,0.388482474999364,True,True,time_limit_guard_at_iteration_boundary,True,2,04_symmetric_wall_clock_ejection_on_off/on/raw_runs.csv
Symmetric wall clock,Chao,Ejection ON,p5.2.j,2,2500,2.6727737749997686,2.6727737749997686,1913,580.0,580.0,0.0,49.75022298912626,20,2.2583900000008725,0.4143837749988961,True,True,time_limit_guard_at_iteration_boundary,True,2,04_symmetric_wall_clock_ejection_on_off/on/raw_runs.csv
Symmetric wall clock,Chao,Ejection ON,p5.2.j,3,2500,2.6727737749997686,2.6727737749997686,2259,580.0,580.0,0.0,49.75022298912626,20,2.352985999999873,0.3197877749998952,True,True,time_limit_guard_at_iteration_boundary,True,2,04_symmetric_wall_clock_ejection_on_off/on/raw_runs.csv
Symmetric wall clock,Chao,Ejection ON,p5.2.k,0,2500,3.485266225000487,3.485266225000487,2194,670.0,670.0,0.0,54.12899020449196,26,3.115296899999521,0.3699693250009659,True,True,time_limit_guard_at_iteration_boundary,True,2,04_symmetric_wall_clock_ejection_on_off/on/raw_runs.csv
Symmetric wall clock,Chao,Ejection ON,p5.2.k,1,2500,3.485266225000487,3.485266225000487,2264,670.0,670.0,0.0,54.12899020449196,26,3.136377499999071,0.3488887250014159,True,True,time_limit_guard_at_iteration_boundary,True,2,04_symmetric_wall_clock_ejection_on_off/on/raw_runs.csv
Symmetric wall clock,Chao,Ejection ON,p5.2.k,2,2500,3.485266225000487,3.485266225000487,2112,670.0,670.0,0.0,54.12899020449196,26,3.022210799999812,0.4630554250006753,True,True,time_limit_guard_at_iteration_boundary,True,2,04_symmetric_wall_clock_ejection_on_off/on/raw_runs.csv
Symmetric wall clock,Chao,Ejection ON,p5.2.k,3,2500,3.485266225000487,3.485266225000487,2187,670.0,670.0,0.0,54.12899020449196,26,3.08734480000021,0.3979214250002769,True,True,time_limit_guard_at_iteration_boundary,True,2,04_symmetric_wall_clock_ejection_on_off/on/raw_runs.csv
Symmetric wall clock,Chao,Ejection ON,p5.2.l,0,2500,3.2870740499997737,3.2870740499997737,2164,800.0,800.0,0.0,59.62123278463429,28,2.8764991000007285,0.4105749499990452,True,True,time_limit_guard_at_iteration_boundary,True,2,04_symmetric_wall_clock_ejection_on_off/on/raw_runs.csv
Symmetric wall clock,Chao,Ejection ON,p5.2.l,1,2500,3.2870740499997737,3.2870740499997737,2193,800.0,800.0,0.0,59.62123278463429,28,2.872601199998826,0.4144728500009478,True,True,time_limit_guard_at_iteration_boundary,True,2,04_symmetric_wall_clock_ejection_on_off/on/raw_runs.csv
Symmetric wall clock,Chao,Ejection ON,p5.2.l,2,2500,3.2870740499997737,3.2870740499997737,2201,800.0,800.0,0.0,59.62123278463429,28,2.991142699998818,0.2959313500009557,True,True,time_limit_guard_at_iteration_boundary,True,2,04_symmetric_wall_clock_ejection_on_off/on/raw_runs.csv
Symmetric wall clock,Chao,Ejection ON,p5.2.l,3,2500,3.2870740499997737,3.2870740499997737,2245,800.0,800.0,0.0,59.62123278463429,28,2.9792216000005283,0.3078524499992454,True,True,time_limit_guard_at_iteration_boundary,True,2,04_symmetric_wall_clock_ejection_on_off/on/raw_runs.csv
Symmetric wall clock,Chao,Ejection ON,p5.2.m,0,2500,4.330206825000005,4.330206825000005,2269,860.0,860.0,0.0,64.47213595499957,32,4.075969800000166,0.2542370249998384,True,True,time_limit_guard_at_iteration_boundary,True,2,04_symmetric_wall_clock_ejection_on_off/on/raw_runs.csv
Symmetric wall clock,Chao,Ejection ON,p5.2.m,1,2500,4.330206825000005,4.330206825000005,2365,860.0,860.0,0.0,64.47213595499957,32,4.081132299999808,0.2490745250001964,True,True,time_limit_guard_at_iteration_boundary,True,2,04_symmetric_wall_clock_ejection_on_off/on/raw_runs.csv
Symmetric wall clock,Chao,Ejection ON,p5.2.m,2,2500,4.330206825000005,4.330206825000005,2327,860.0,860.0,0.0,64.47213595499957,32,3.990012800000841,0.3401940249991639,True,True,time_limit_guard_at_iteration_boundary,True,2,04_symmetric_wall_clock_ejection_on_off/on/raw_runs.csv
Symmetric wall clock,Chao,Ejection ON,p5.2.m,3,2500,4.330206825000005,4.330206825000005,2355,855.0,860.0,0.5813953488372093,64.73142601879903,31,4.02822869999909,0.3019781250009146,True,True,time_limit_guard_at_iteration_boundary,True,2,04_symmetric_wall_clock_ejection_on_off/on/raw_runs.csv
Symmetric wall clock,Chao,Ejection ON,p5.2.n,0,2500,4.147918699999536,4.147918699999536,2300,925.0,925.0,0.0,69.22391035614498,33,3.869410000001153,0.2785086999983832,True,True,time_limit_guard_at_iteration_boundary,True,2,04_symmetric_wall_clock_ejection_on_off/on/raw_runs.csv
Symmetric wall clock,Chao,Ejection ON,p5.2.n,1,2500,4.147918699999536,4.147918699999536,2301,925.0,925.0,0.0,69.22391035614498,33,3.8987507999991062,0.2491679000004296,True,True,time_limit_guard_at_iteration_boundary,True,2,04_symmetric_wall_clock_ejection_on_off/on/raw_runs.csv
Symmetric wall clock,Chao,Ejection ON,p5.2.n,2,2500,4.147918699999536,4.147918699999536,2203,925.0,925.0,0.0,69.22391035614498,33,3.773477900000216,0.37444079999932,True,True,time_limit_guard_at_iteration_boundary,True,2,04_symmetric_wall_clock_ejection_on_off/on/raw_runs.csv
Symmetric wall clock,Chao,Ejection ON,p5.2.n,3,2500,4.147918699999536,4.147918699999536,2299,925.0,925.0,0.0,69.22391035614498,33,3.895038000000568,0.2528806999989683,True,True,time_limit_guard_at_iteration_boundary,True,2,04_symmetric_wall_clock_ejection_on_off/on/raw_runs.csv
Symmetric wall clock,Chao,Ejection ON,p5.2.o,0,2500,4.055512049999834,4.055512049999834,2217,1020.0,1020.0,0.0,74.85263544894403,34,3.5668970000006084,0.4886150499992254,True,True,time_limit_guard_at_iteration_boundary,True,2,04_symmetric_wall_clock_ejection_on_off/on/raw_runs.csv
Symmetric wall clock,Chao,Ejection ON,p5.2.o,1,2500,4.055512049999834,4.055512049999834,2282,1020.0,1020.0,0.0,74.85263544894403,34,3.707030600000508,0.3484814499993263,True,True,time_limit_guard_at_iteration_boundary,True,2,04_symmetric_wall_clock_ejection_on_off/on/raw_runs.csv
Symmetric wall clock,Chao,Ejection ON,p5.2.o,2,2500,4.055512049999834,4.055512049999834,2243,1010.0,1020.0,0.9803921568627452,74.85263544894403,34,3.735958600000231,0.3195534499996029,True,True,time_limit_guard_at_iteration_boundary,True,2,04_symmetric_wall_clock_ejection_on_off/on/raw_runs.csv
Symmetric wall clock,Chao,Ejection ON,p5.2.o,3,2500,4.055512049999834,4.055512049999834,2263,1020.0,1020.0,0.0,74.85263544894403,34,3.703992400000061,0.3515196499997728,True,True,time_limit_guard_at_iteration_boundary,True,2,04_symmetric_wall_clock_ejection_on_off/on/raw_runs.csv
Symmetric wall clock,Chao,Ejection ON,p5.2.p,0,2500,4.571272224999575,4.571272224999575,2379,1090.0,1150.0,5.217391304347826,79.49847350245616,38,4.29330630000004,0.2779659249995347,True,True,time_limit_guard_at_iteration_boundary,True,2,04_symmetric_wall_clock_ejection_on_off/on/raw_runs.csv
Symmetric wall clock,Chao,Ejection ON,p5.2.p,1,2500,4.571272224999575,4.571272224999575,2292,1090.0,1150.0,5.217391304347826,79.49847350245616,38,4.271283300000505,0.2999889249990701,True,True,time_limit_guard_at_iteration_boundary,True,2,04_symmetric_wall_clock_ejection_on_off/on/raw_runs.csv
Symmetric wall clock,Chao,Ejection ON,p5.2.p,2,2500,4.571272224999575,4.571272224999575,2303,1090.0,1150.0,5.217391304347826,79.49847350245616,38,4.322528799999418,0.248743425000157,True,True,time_limit_guard_at_iteration_boundary,True,2,04_symmetric_wall_clock_ejection_on_off/on/raw_runs.csv
Symmetric wall clock,Chao,Ejection ON,p5.2.p,3,2500,4.571272224999575,4.571272224999575,2388,1150.0,1150.0,0.0,79.62123278463429,38,4.218446299999414,0.3528259250001611,True,True,time_limit_guard_at_iteration_boundary,True,2,04_symmetric_wall_clock_ejection_on_off/on/raw_runs.csv
Symmetric wall clock,Chao,Ejection ON,p5.2.q,0,2500,4.418994250000196,4.418994250000196,2280,1195.0,1195.0,0.0,84.70820393249937,41,4.17007890000059,0.2489153499996064,True,True,time_limit_guard_at_iteration_boundary,True,2,04_symmetric_wall_clock_ejection_on_off/on/raw_runs.csv
Symmetric wall clock,Chao,Ejection ON,p5.2.q,1,2500,4.418994250000196,4.418994250000196,2327,1185.0,1195.0,0.8368200836820083,84.47213595499957,41,4.10521879999942,0.3137754500007759,True,True,time_limit_guard_at_iteration_boundary,True,2,04_symmetric_wall_clock_ejection_on_off/on/raw_runs.csv
Symmetric wall clock,Chao,Ejection ON,p5.2.q,2,2500,4.418994250000196,4.418994250000196,2312,1180.0,1195.0,1.2552301255230125,83.62123278463429,40,3.998530200000459,0.4204640499997367,True,True,time_limit_guard_at_iteration_boundary,True,2,04_symmetric_wall_clock_ejection_on_off/on/raw_runs.csv
Symmetric wall clock,Chao,Ejection ON,p5.2.q,3,2500,4.418994250000196,4.418994250000196,2202,1195.0,1195.0,0.0,84.70820393249937,41,3.973625799999354,0.4453684500008421,True,True,time_limit_guard_at_iteration_boundary,True,2,04_symmetric_wall_clock_ejection_on_off/on/raw_runs.csv
Symmetric wall clock,Chao,Ejection ON,p5.2.r,0,2500,4.87192237499994,4.87192237499994,2251,1260.0,1260.0,0.0,89.84161925296378,44,4.398415499999828,0.4735068750001119,True,True,time_limit_guard_at_iteration_boundary,True,2,04_symmetric_wall_clock_ejection_on_off/on/raw_runs.csv
Symmetric wall clock,Chao,Ejection ON,p5.2.r,1,2500,4.87192237499994,4.87192237499994,2442,1260.0,1260.0,0.0,89.84161925296378,44,4.622029600001042,0.2498927749988979,True,True,time_limit_guard_at_iteration_boundary,True,2,04_symmetric_wall_clock_ejection_on_off/on/raw_runs.csv
Symmetric wall clock,Chao,Ejection ON,p5.2.r,2,2500,4.87192237499994,4.87192237499994,2287,1260.0,1260.0,0.0,89.84161925296378,44,4.623743899999681,0.2481784750002589,True,True,time_limit_guard_at_iteration_boundary,True,2,04_symmetric_wall_clock_ejection_on_off/on/raw_runs.csv
Symmetric wall clock,Chao,Ejection ON,p5.2.r,3,2500,4.87192237499994,4.87192237499994,2237,1260.0,1260.0,0.0,89.84161925296378,44,4.623144999999568,0.2487773750003725,True,True,time_limit_guard_at_iteration_boundary,True,2,04_symmetric_wall_clock_ejection_on_off/on/raw_runs.csv
Symmetric wall clock,Chao,Ejection ON,p5.2.s,0,2500,4.718533475000186,4.718533475000186,2247,1315.0,1340.0,1.8656716417910448,94.44965990938049,45,4.416529199999786,0.3020042750003995,True,True,time_limit_guard_at_iteration_boundary,True,2,04_symmetric_wall_clock_ejection_on_off/on/raw_runs.csv
Symmetric wall clock,Chao,Ejection ON,p5.2.s,1,2500,4.718533475000186,4.718533475000186,2177,1310.0,1340.0,2.238805970149253,94.12899020449196,46,4.26155259999905,0.4569808750011361,True,True,time_limit_guard_at_iteration_boundary,True,2,04_symmetric_wall_clock_ejection_on_off/on/raw_runs.csv
Symmetric wall clock,Chao,Ejection ON,p5.2.s,2,2500,4.718533475000186,4.718533475000186,2399,1305.0,1340.0,2.611940298507463,92.70820393249936,45,4.469855699999243,0.2486777750009423,True,True,time_limit_guard_at_iteration_boundary,True,2,04_symmetric_wall_clock_ejection_on_off/on/raw_runs.csv
Symmetric wall clock,Chao,Ejection ON,p5.2.s,3,2500,4.718533475000186,4.718533475000186,2270,1310.0,1340.0,2.238805970149253,94.12899020449196,46,4.333483899999919,0.3850495750002665,True,True,time_limit_guard_at_iteration_boundary,True,2,04_symmetric_wall_clock_ejection_on_off/on/raw_runs.csv
Symmetric wall clock,Chao,Ejection ON,p5.2.t,0,2500,4.595996725000077,4.595996725000077,2415,1400.0,1400.0,0.0,99.62123278463427,48,4.314631200000804,0.2813655249992735,True,True,time_limit_guard_at_iteration_boundary,True,2,04_symmetric_wall_clock_ejection_on_off/on/raw_runs.csv
Symmetric wall clock,Chao,Ejection ON,p5.2.t,1,2500,4.595996725000077,4.595996725000077,2335,1400.0,1400.0,0.0,99.62123278463427,48,4.163108300001113,0.4328884249989642,True,True,time_limit_guard_at_iteration_boundary,True,2,04_symmetric_wall_clock_ejection_on_off/on/raw_runs.csv
Symmetric wall clock,Chao,Ejection ON,p5.2.t,2,2500,4.595996725000077,4.595996725000077,2468,1400.0,1400.0,0.0,99.62123278463427,48,4.347226599998976,0.2487701250011014,True,True,time_limit_guard_at_iteration_boundary,True,2,04_symmetric_wall_clock_ejection_on_off/on/raw_runs.csv
Symmetric wall clock,Chao,Ejection ON,p5.2.t,3,2500,4.595996725000077,4.595996725000077,2415,1400.0,1400.0,0.0,99.62123278463427,48,4.315473900000143,0.2805228249999345,True,True,time_limit_guard_at_iteration_boundary,True,2,04_symmetric_wall_clock_ejection_on_off/on/raw_runs.csv
Symmetric wall clock,Chao,Ejection ON,p5.2.u,0,2500,4.712462625000171,4.712462625000171,2358,1460.0,1460.0,0.0,104.47213595499956,52,4.387763099999575,0.3246995250005966,True,True,time_limit_guard_at_iteration_boundary,True,2,04_symmetric_wall_clock_ejection_on_off/on/raw_runs.csv
Symmetric wall clock,Chao,Ejection ON,p5.2.u,1,2500,4.712462625000171,4.712462625000171,2421,1460.0,1460.0,0.0,104.47213595499956,52,4.462874099999681,0.2495885250004903,True,True,time_limit_guard_at_iteration_boundary,True,2,04_symmetric_wall_clock_ejection_on_off/on/raw_runs.csv
Symmetric wall clock,Chao,Ejection ON,p5.2.u,2,2500,4.712462625000171,4.712462625000171,2339,1460.0,1460.0,0.0,104.47213595499956,52,4.369938200001343,0.3425244249988282,True,True,time_limit_guard_at_iteration_boundary,True,2,04_symmetric_wall_clock_ejection_on_off/on/raw_runs.csv
Symmetric wall clock,Chao,Ejection ON,p5.2.u,3,2500,4.712462625000171,4.712462625000171,2321,1460.0,1460.0,0.0,104.47213595499956,52,4.412648199999239,0.2998144250009318,True,True,time_limit_guard_at_iteration_boundary,True,2,04_symmetric_wall_clock_ejection_on_off/on/raw_runs.csv
Symmetric wall clock,Chao,Ejection ON,p5.2.v,0,2500,4.337932524999815,4.337932524999815,2285,1505.0,1505.0,0.0,108.70820393249936,53,3.923038099999758,0.4148944250000568,True,True,time_limit_guard_at_iteration_boundary,True,2,04_symmetric_wall_clock_ejection_on_off/on/raw_runs.csv
Symmetric wall clock,Chao,Ejection ON,p5.2.v,1,2500,4.337932524999815,4.337932524999815,2206,1505.0,1505.0,0.0,109.22391035614498,53,3.876881599999251,0.4610509250005634,True,True,time_limit_guard_at_iteration_boundary,True,2,04_symmetric_wall_clock_ejection_on_off/on/raw_runs.csv
Symmetric wall clock,Chao,Ejection ON,p5.2.v,2,2500,4.337932524999815,4.337932524999815,2331,1505.0,1505.0,0.0,108.70820393249936,53,3.988960600001519,0.3489719249982954,True,True,time_limit_guard_at_iteration_boundary,True,2,04_symmetric_wall_clock_ejection_on_off/on/raw_runs.csv
Symmetric wall clock,Chao,Ejection ON,p5.2.v,3,2500,4.337932524999815,4.337932524999815,2379,1505.0,1505.0,0.0,108.70820393249936,53,4.058372899999085,0.2795596250007293,True,True,time_limit_guard_at_iteration_boundary,True,2,04_symmetric_wall_clock_ejection_on_off/on/raw_runs.csv
Symmetric wall clock,Chao,Ejection ON,p5.2.w,0,2500,4.114311649999763,4.114311649999763,2199,1560.0,1565.0,0.3194888178913738,113.84161925296378,56,3.6831394999990152,0.4311721500007479,True,True,time_limit_guard_at_iteration_boundary,True,2,04_symmetric_wall_clock_ejection_on_off/on/raw_runs.csv
Symmetric wall clock,Chao,Ejection ON,p5.2.w,1,2500,4.114311649999763,4.114311649999763,2199,1560.0,1565.0,0.3194888178913738,113.84161925296378,56,3.788065699998697,0.3262459500010664,True,True,time_limit_guard_at_iteration_boundary,True,2,04_symmetric_wall_clock_ejection_on_off/on/raw_runs.csv
Symmetric wall clock,Chao,Ejection ON,p5.2.w,2,2500,4.114311649999763,4.114311649999763,2369,1560.0,1565.0,0.3194888178913738,113.84161925296378,56,3.864520699999048,0.2497909500007153,True,True,time_limit_guard_at_iteration_boundary,True,2,04_symmetric_wall_clock_ejection_on_off/on/raw_runs.csv
Symmetric wall clock,Chao,Ejection ON,p5.2.w,3,2500,4.114311649999763,4.114311649999763,2212,1560.0,1565.0,0.3194888178913738,112.47213595499956,56,3.645862600000328,0.4684490499994354,True,True,time_limit_guard_at_iteration_boundary,True,2,04_symmetric_wall_clock_ejection_on_off/on/raw_runs.csv
Symmetric wall clock,Chao,Ejection ON,p5.2.x,0,2500,3.4747546999992664,3.4747546999992664,2183,1610.0,1610.0,0.0,119.62123278463427,58,3.0559567000000243,0.4187979999992421,True,True,time_limit_guard_at_iteration_boundary,True,2,04_symmetric_wall_clock_ejection_on_off/on/raw_runs.csv
Symmetric wall clock,Chao,Ejection ON,p5.2.x,1,2500,3.4747546999992664,3.4747546999992664,2083,1610.0,1610.0,0.0,119.62123278463427,58,3.0017307000016444,0.473023999997622,True,True,time_limit_guard_at_iteration_boundary,True,2,04_symmetric_wall_clock_ejection_on_off/on/raw_runs.csv
Symmetric wall clock,Chao,Ejection ON,p5.2.x,2,2500,3.4747546999992664,3.4747546999992664,2287,1610.0,1610.0,0.0,119.62123278463427,58,3.173045899999124,0.3017088000001422,True,True,time_limit_guard_at_iteration_boundary,True,2,04_symmetric_wall_clock_ejection_on_off/on/raw_runs.csv
Symmetric wall clock,Chao,Ejection ON,p5.2.x,3,2500,3.4747546999992664,3.4747546999992664,2182,1610.0,1610.0,0.0,119.62123278463427,58,3.2249119999996765,0.2498426999995899,True,True,time_limit_guard_at_iteration_boundary,True,2,04_symmetric_wall_clock_ejection_on_off/on/raw_runs.csv
Symmetric wall clock,Chao,Ejection ON,p5.2.y,0,2500,3.2344877250002355,3.2344877250002355,2237,1645.0,1645.0,0.0,124.70820393249936,61,2.9047356999999465,0.329752025000289,True,True,time_limit_guard_at_iteration_boundary,True,2,04_symmetric_wall_clock_ejection_on_off/on/raw_runs.csv
Symmetric wall clock,Chao,Ejection ON,p5.2.y,1,2500,3.2344877250002355,3.2344877250002355,2417,1645.0,1645.0,0.0,124.70820393249936,61,2.927282599999671,0.3072051250005643,True,True,time_limit_guard_at_iteration_boundary,True,2,04_symmetric_wall_clock_ejection_on_off/on/raw_runs.csv
Symmetric wall clock,Chao,Ejection ON,p5.2.y,2,2500,3.2344877250002355,3.2344877250002355,2211,1645.0,1645.0,0.0,124.70820393249936,61,2.8904424000011204,0.3440453249991151,True,True,time_limit_guard_at_iteration_boundary,True,2,04_symmetric_wall_clock_ejection_on_off/on/raw_runs.csv
Symmetric wall clock,Chao,Ejection ON,p5.2.y,3,2500,3.2344877250002355,3.2344877250002355,2329,1645.0,1645.0,0.0,124.70820393249936,61,2.847788400000354,0.3866993249998813,True,True,time_limit_guard_at_iteration_boundary,True,2,04_symmetric_wall_clock_ejection_on_off/on/raw_runs.csv
Symmetric wall clock,Chao,Ejection ON,p5.2.z,0,2500,2.5367986249998467,2.5367986249998467,1949,1680.0,1680.0,0.0,128.47213595499957,64,2.093395900001269,0.4434027249985774,True,True,time_limit_guard_at_iteration_boundary,True,2,04_symmetric_wall_clock_ejection_on_off/on/raw_runs.csv
Symmetric wall clock,Chao,Ejection ON,p5.2.z,1,2500,2.5367986249998467,2.5367986249998467,2146,1680.0,1680.0,0.0,128.47213595499957,64,2.1288042000014684,0.4079944249983782,True,True,time_limit_guard_at_iteration_boundary,True,2,04_symmetric_wall_clock_ejection_on_off/on/raw_runs.csv
Symmetric wall clock,Chao,Ejection ON,p5.2.z,2,2500,2.5367986249998467,2.5367986249998467,1809,1680.0,1680.0,0.0,129.84161925296377,64,2.131488700000773,0.4053099249990737,True,True,time_limit_guard_at_iteration_boundary,True,2,04_symmetric_wall_clock_ejection_on_off/on/raw_runs.csv
Symmetric wall clock,Chao,Ejection ON,p5.2.z,3,2500,2.5367986249998467,2.5367986249998467,2278,1680.0,1680.0,0.0,128.47213595499957,64,2.160971099998278,0.3758275250015686,True,True,time_limit_guard_at_iteration_boundary,True,2,04_symmetric_wall_clock_ejection_on_off/on/raw_runs.csv
Symmetric wall clock,Chao,Ejection ON,p5.3.k,0,2500,2.763983450000069,2.763983450000069,2105,485.0,495.0,2.0202020202020203,52.77811038861597,23,2.348488300000099,0.4154951499999697,True,True,time_limit_guard_at_iteration_boundary,True,2,04_symmetric_wall_clock_ejection_on_off/on/raw_runs.csv
Symmetric wall clock,Chao,Ejection ON,p5.3.k,1,2500,2.763983450000069,2.763983450000069,2111,495.0,495.0,0.0,54.32943671713366,23,2.327968300000066,0.4360151500000029,True,True,time_limit_guard_at_iteration_boundary,True,2,04_symmetric_wall_clock_ejection_on_off/on/raw_runs.csv
Symmetric wall clock,Chao,Ejection ON,p5.3.k,2,2500,2.763983450000069,2.763983450000069,2274,485.0,495.0,2.0202020202020203,52.093368739633874,23,2.4609703999994963,0.3030130500005725,True,True,time_limit_guard_at_iteration_boundary,True,2,04_symmetric_wall_clock_ejection_on_off/on/raw_runs.csv
Symmetric wall clock,Chao,Ejection ON,p5.3.k,3,2500,2.763983450000069,2.763983450000069,2107,485.0,495.0,2.0202020202020203,52.093368739633874,23,2.316309200001342,0.4476742499987267,True,True,time_limit_guard_at_iteration_boundary,True,2,04_symmetric_wall_clock_ejection_on_off/on/raw_runs.csv
Symmetric wall clock,Chao,Ejection ON,p5.3.l,0,2500,2.844513474999985,2.844513474999985,2068,595.0,595.0,0.0,58.782297257588,25,2.3845311000004585,0.4599823749995266,True,True,time_limit_guard_at_iteration_boundary,True,2,04_symmetric_wall_clock_ejection_on_off/on/raw_runs.csv
Symmetric wall clock,Chao,Ejection ON,p5.3.l,1,2500,2.844513474999985,2.844513474999985,2162,595.0,595.0,0.0,58.782297257588,25,2.4227725000000646,0.4217409749999206,True,True,time_limit_guard_at_iteration_boundary,True,2,04_symmetric_wall_clock_ejection_on_off/on/raw_runs.csv
Symmetric wall clock,Chao,Ejection ON,p5.3.l,2,2500,2.844513474999985,2.844513474999985,2245,585.0,595.0,1.680672268907563,58.036175967516826,25,2.544164499999169,0.3003489750008157,True,True,time_limit_guard_at_iteration_boundary,True,2,04_symmetric_wall_clock_ejection_on_off/on/raw_runs.csv
Symmetric wall clock,Chao,Ejection ON,p5.3.l,3,2500,2.844513474999985,2.844513474999985,2028,595.0,595.0,0.0,58.782297257588,25,2.4002101000005496,0.4443033749994356,True,True,time_limit_guard_at_iteration_boundary,True,2,04_symmetric_wall_clock_ejection_on_off/on/raw_runs.csv
Symmetric wall clock,Chao,Ejection ON,p5.3.n,0,2500,3.4665860499999326,3.4665860499999326,2293,755.0,755.0,0.0,69.29005467744567,31,3.1611267999996926,0.30545925000024,True,True,time_limit_guard_at_iteration_boundary,True,2,04_symmetric_wall_clock_ejection_on_off/on/raw_runs.csv
Symmetric wall clock,Chao,Ejection ON,p5.3.n,1,2500,3.4665860499999326,3.4665860499999326,2262,755.0,755.0,0.0,69.29005467744567,31,3.024364799999603,0.4422212500003297,True,True,time_limit_guard_at_iteration_boundary,True,2,04_symmetric_wall_clock_ejection_on_off/on/raw_runs.csv
Symmetric wall clock,Chao,Ejection ON,p5.3.n,2,2500,3.4665860499999326,3.4665860499999326,2340,755.0,755.0,0.0,69.29005467744567,31,3.20852510000077,0.2580609499991624,True,True,time_limit_guard_at_iteration_boundary,True,2,04_symmetric_wall_clock_ejection_on_off/on/raw_runs.csv
Symmetric wall clock,Chao,Ejection ON,p5.3.n,3,2500,3.4665860499999326,3.4665860499999326,2204,755.0,755.0,0.0,69.29005467744567,31,3.095361499999853,0.371224550000079,True,True,time_limit_guard_at_iteration_boundary,True,2,04_symmetric_wall_clock_ejection_on_off/on/raw_runs.csv
Symmetric wall clock,Chao,Ejection ON,p5.3.o,0,2500,3.565351675000329,3.565351675000329,2063,830.0,870.0,4.597701149425287,72.8047733032071,34,3.1858267999996315,0.3795248750006976,True,True,time_limit_guard_at_iteration_boundary,True,2,04_symmetric_wall_clock_ejection_on_off/on/raw_runs.csv
Symmetric wall clock,Chao,Ejection ON,p5.3.o,1,2500,3.565351675000329,3.565351675000329,2267,870.0,870.0,0.0,74.62533448368939,30,3.114026699999158,0.4513249750011709,True,True,time_limit_guard_at_iteration_boundary,True,2,04_symmetric_wall_clock_ejection_on_off/on/raw_runs.csv
Symmetric wall clock,Chao,Ejection ON,p5.3.o,2,2500,3.565351675000329,3.565351675000329,2258,870.0,870.0,0.0,74.62533448368939,30,3.1745425000008254,0.3908091749995037,True,True,time_limit_guard_at_iteration_boundary,True,2,04_symmetric_wall_clock_ejection_on_off/on/raw_runs.csv
Symmetric wall clock,Chao,Ejection ON,p5.3.o,3,2500,3.565351675000329,3.565351675000329,2276,870.0,870.0,0.0,74.62533448368939,30,3.170830600000045,0.3945210750002843,True,True,time_limit_guard_at_iteration_boundary,True,2,04_symmetric_wall_clock_ejection_on_off/on/raw_runs.csv
Symmetric wall clock,Chao,Ejection ON,p5.3.q,0,2500,4.059889250000197,4.059889250000197,2264,1065.0,1070.0,0.4672897196261682,83.71926839744424,39,3.762160300000687,0.2977289499995095,True,True,time_limit_guard_at_iteration_boundary,True,2,04_symmetric_wall_clock_ejection_on_off/on/raw_runs.csv
Symmetric wall clock,Chao,Ejection ON,p5.3.q,1,2500,4.059889250000197,4.059889250000197,2344,1065.0,1070.0,0.4672897196261682,83.3472474495627,39,3.7640388999989223,0.2958503500012739,True,True,time_limit_guard_at_iteration_boundary,True,2,04_symmetric_wall_clock_ejection_on_off/on/raw_runs.csv
Symmetric wall clock,Chao,Ejection ON,p5.3.q,2,2500,4.059889250000197,4.059889250000197,2200,1065.0,1070.0,0.4672897196261682,83.3472474495627,39,3.657056899999589,0.4028323500006081,True,True,time_limit_guard_at_iteration_boundary,True,2,04_symmetric_wall_clock_ejection_on_off/on/raw_runs.csv
Symmetric wall clock,Chao,Ejection ON,p5.3.q,3,2500,4.059889250000197,4.059889250000197,2248,1065.0,1070.0,0.4672897196261682,83.71926839744424,39,3.768153999999413,0.2917352500007837,True,True,time_limit_guard_at_iteration_boundary,True,2,04_symmetric_wall_clock_ejection_on_off/on/raw_runs.csv
Symmetric wall clock,Chao,Ejection ON,p5.3.r,0,2500,3.944829324999773,3.944829324999773,2192,1125.0,1125.0,0.0,89.51415501162646,41,3.552697700000863,0.3921316249989104,True,True,time_limit_guard_at_iteration_boundary,True,2,04_symmetric_wall_clock_ejection_on_off/on/raw_runs.csv
Symmetric wall clock,Chao,Ejection ON,p5.3.r,1,2500,3.944829324999773,3.944829324999773,2126,1125.0,1125.0,0.0,89.51415501162646,41,3.4600872000009986,0.4847421249987746,True,True,time_limit_guard_at_iteration_boundary,True,2,04_symmetric_wall_clock_ejection_on_off/on/raw_runs.csv
Symmetric wall clock,Chao,Ejection ON,p5.3.r,2,2500,3.944829324999773,3.944829324999773,2302,1125.0,1125.0,0.0,89.51415501162646,41,3.695139299999937,0.2496900249998361,True,True,time_limit_guard_at_iteration_boundary,True,2,04_symmetric_wall_clock_ejection_on_off/on/raw_runs.csv
Symmetric wall clock,Chao,Ejection ON,p5.3.r,3,2500,3.944829324999773,3.944829324999773,2334,1125.0,1125.0,0.0,89.51415501162646,41,3.5669373000000637,0.37789202499971,True,True,time_limit_guard_at_iteration_boundary,True,2,04_symmetric_wall_clock_ejection_on_off/on/raw_runs.csv
Symmetric wall clock,Chao,Ejection ON,p5.3.s,0,2500,4.45866100000012,4.45866100000012,2396,1185.0,1190.0,0.4201680672268907,92.860416223291,43,4.187072500000795,0.271588499999325,True,True,time_limit_guard_at_iteration_boundary,True,2,04_symmetric_wall_clock_ejection_on_off/on/raw_runs.csv
Symmetric wall clock,Chao,Ejection ON,p5.3.s,1,2500,4.45866100000012,4.45866100000012,2235,1185.0,1190.0,0.4201680672268907,92.860416223291,43,3.986459400000968,0.4722015999991527,True,True,time_limit_guard_at_iteration_boundary,True,2,04_symmetric_wall_clock_ejection_on_off/on/raw_runs.csv
Symmetric wall clock,Chao,Ejection ON,p5.3.s,2,2500,4.45866100000012,4.45866100000012,2402,1190.0,1190.0,0.0,94.03943376208696,42,4.2089603999993415,0.2497006000007786,True,True,time_limit_guard_at_iteration_boundary,True,2,04_symmetric_wall_clock_ejection_on_off/on/raw_runs.csv
Symmetric wall clock,Chao,Ejection ON,p5.3.s,3,2500,4.45866100000012,4.45866100000012,2325,1190.0,1190.0,0.0,94.03943376208696,42,4.058327700000518,0.4003332999996019,True,True,time_limit_guard_at_iteration_boundary,True,2,04_symmetric_wall_clock_ejection_on_off/on/raw_runs.csv
Symmetric wall clock,Chao,Ejection ON,p5.3.t,0,2500,4.4674831249994895,4.4674831249994895,2471,1245.0,1260.0,1.1904761904761905,97.20774884277064,45,4.217598900000667,0.2498842249988229,True,True,time_limit_guard_at_iteration_boundary,True,2,04_symmetric_wall_clock_ejection_on_off/on/raw_runs.csv
Symmetric wall clock,Chao,Ejection ON,p5.3.t,1,2500,4.4674831249994895,4.4674831249994895,2504,1245.0,1260.0,1.1904761904761905,97.20774884277064,45,4.21809039999971,0.2493927249997796,True,True,time_limit_guard_at_iteration_boundary,True,2,04_symmetric_wall_clock_ejection_on_off/on/raw_runs.csv
Symmetric wall clock,Chao,Ejection ON,p5.3.t,2,2500,4.4674831249994895,4.4674831249994895,2467,1255.0,1260.0,0.3968253968253968,97.91713055119,45,4.192603600000439,0.2748795249990508,True,True,time_limit_guard_at_iteration_boundary,True,2,04_symmetric_wall_clock_ejection_on_off/on/raw_runs.csv
Symmetric wall clock,Chao,Ejection ON,p5.3.t,3,2500,4.4674831249994895,4.4674831249994895,2170,1260.0,1260.0,0.0,96.80477330320709,46,4.1020220999998855,0.365461024999604,True,True,time_limit_guard_at_iteration_boundary,True,2,04_symmetric_wall_clock_ejection_on_off/on/raw_runs.csv
Symmetric wall clock,Chao,Ejection ON,p5.3.u,0,2500,4.153086850000818,4.153086850000818,2399,1345.0,1345.0,0.0,104.33508982820793,47,3.904887100001361,0.2481997499994577,True,True,time_limit_guard_at_iteration_boundary,True,2,04_symmetric_wall_clock_ejection_on_off/on/raw_runs.csv
Symmetric wall clock,Chao,Ejection ON,p5.3.u,1,2500,4.153086850000818,4.153086850000818,2215,1345.0,1345.0,0.0,104.33508982820793,47,3.7022480000014175,0.4508388499993998,True,True,time_limit_guard_at_iteration_boundary,True,2,04_symmetric_wall_clock_ejection_on_off/on/raw_runs.csv
Symmetric wall clock,Chao,Ejection ON,p5.3.u,2,2500,4.153086850000818,4.153086850000818,2378,1345.0,1345.0,0.0,103.98629096662604,47,3.904064799999105,0.249022050001713,True,True,time_limit_guard_at_iteration_boundary,True,2,04_symmetric_wall_clock_ejection_on_off/on/raw_runs.csv
Symmetric wall clock,Chao,Ejection ON,p5.3.u,3,2500,4.153086850000818,4.153086850000818,2384,1345.0,1345.0,0.0,103.98629096662604,47,3.846550199999911,0.3065366500009077,True,True,time_limit_guard_at_iteration_boundary,True,2,04_symmetric_wall_clock_ejection_on_off/on/raw_runs.csv
Symmetric wall clock,Chao,Ejection ON,p5.3.v,0,2500,3.92622317499945,3.92622317499945,2316,1425.0,1425.0,0.0,109.20774884277064,51,3.5456427999997686,0.3805803749996812,True,True,time_limit_guard_at_iteration_boundary,True,2,04_symmetric_wall_clock_ejection_on_off/on/raw_runs.csv
Symmetric wall clock,Chao,Ejection ON,p5.3.v,1,2500,3.92622317499945,3.92622317499945,2326,1425.0,1425.0,0.0,109.20774884277064,51,3.670687399999224,0.2555357750002258,True,True,time_limit_guard_at_iteration_boundary,True,2,04_symmetric_wall_clock_ejection_on_off/on/raw_runs.csv
Symmetric wall clock,Chao,Ejection ON,p5.3.v,2,2500,3.92622317499945,3.92622317499945,2113,1420.0,1425.0,0.3508771929824561,108.80477330320709,52,3.547509899999568,0.3787132749998818,True,True,time_limit_guard_at_iteration_boundary,True,2,04_symmetric_wall_clock_ejection_on_off/on/raw_runs.csv
Symmetric wall clock,Chao,Ejection ON,p5.3.v,3,2500,3.92622317499945,3.92622317499945,2334,1425.0,1425.0,0.0,109.20774884277064,51,3.6054715999998734,0.3207515749995764,True,True,time_limit_guard_at_iteration_boundary,True,2,04_symmetric_wall_clock_ejection_on_off/on/raw_runs.csv
Symmetric wall clock,Chao,Ejection ON,p5.3.w,0,2500,3.7727935000002617,3.7727935000002617,2225,1475.0,1485.0,0.6734006734006734,114.30696067151456,51,3.3400676999990537,0.4327258000012079,True,True,time_limit_guard_at_iteration_boundary,True,2,04_symmetric_wall_clock_ejection_on_off/on/raw_runs.csv
Symmetric wall clock,Chao,Ejection ON,p5.3.w,1,2500,3.7727935000002617,3.7727935000002617,2245,1480.0,1485.0,0.3367003367003367,113.98629096662604,52,3.325289200000043,0.4475043000002188,True,True,time_limit_guard_at_iteration_boundary,True,2,04_symmetric_wall_clock_ejection_on_off/on/raw_runs.csv
Symmetric wall clock,Chao,Ejection ON,p5.3.w,2,2500,3.7727935000002617,3.7727935000002617,2313,1475.0,1485.0,0.6734006734006734,114.56550469463345,53,3.524465799999234,0.2483277000010275,True,True,time_limit_guard_at_iteration_boundary,True,2,04_symmetric_wall_clock_ejection_on_off/on/raw_runs.csv
Symmetric wall clock,Chao,Ejection ON,p5.3.w,3,2500,3.7727935000002617,3.7727935000002617,2218,1465.0,1485.0,1.3468013468013469,113.43750228802568,53,3.347178399999393,0.4256151000008685,True,True,time_limit_guard_at_iteration_boundary,True,2,04_symmetric_wall_clock_ejection_on_off/on/raw_runs.csv
Symmetric wall clock,Chao,Ejection ON,p5.3.x,0,2500,3.480222550000235,3.480222550000235,2221,1535.0,1555.0,1.2861736334405145,118.78784715258564,55,3.039805800000977,0.4404167499992582,True,True,time_limit_guard_at_iteration_boundary,True,2,04_symmetric_wall_clock_ejection_on_off/on/raw_runs.csv
Symmetric wall clock,Chao,Ejection ON,p5.3.x,1,2500,3.480222550000235,3.480222550000235,2122,1555.0,1555.0,0.0,118.782297257588,55,2.991496300001017,0.4887262499992175,True,True,time_limit_guard_at_iteration_boundary,True,2,04_symmetric_wall_clock_ejection_on_off/on/raw_runs.csv
Symmetric wall clock,Chao,Ejection ON,p5.3.x,2,2500,3.480222550000235,3.480222550000235,2133,1515.0,1555.0,2.572347266881029,117.68884334803718,55,3.0582181999998284,0.4220043500004067,True,True,time_limit_guard_at_iteration_boundary,True,2,04_symmetric_wall_clock_ejection_on_off/on/raw_runs.csv
Symmetric wall clock,Chao,Ejection ON,p5.3.x,3,2500,3.480222550000235,3.480222550000235,2294,1545.0,1555.0,0.6430868167202572,118.782297257588,55,3.131153000000268,0.3490695499999674,True,True,time_limit_guard_at_iteration_boundary,True,2,04_symmetric_wall_clock_ejection_on_off/on/raw_runs.csv
Symmetric wall clock,Chao,Ejection ON,p5.3.y,0,2500,3.2831944999998086,3.2831944999998086,2140,1590.0,1595.0,0.3134796238244514,120.80477330320709,58,2.8018509000012277,0.4813435999985813,True,True,time_limit_guard_at_iteration_boundary,True,2,04_symmetric_wall_clock_ejection_on_off/on/raw_runs.csv
Symmetric wall clock,Chao,Ejection ON,p5.3.y,1,2500,3.2831944999998086,3.2831944999998086,2093,1590.0,1595.0,0.3134796238244514,122.34258213637264,58,2.8061995999996725,0.4769949000001361,True,True,time_limit_guard_at_iteration_boundary,True,2,04_symmetric_wall_clock_ejection_on_off/on/raw_runs.csv
Symmetric wall clock,Chao,Ejection ON,p5.3.y,2,2500,3.2831944999998086,3.2831944999998086,2274,1590.0,1595.0,0.3134796238244514,120.80477330320709,58,2.9955632999990485,0.2876312000007601,True,True,time_limit_guard_at_iteration_boundary,True,2,04_symmetric_wall_clock_ejection_on_off/on/raw_runs.csv
Symmetric wall clock,Chao,Ejection ON,p5.3.y,3,2500,3.2831944999998086,3.2831944999998086,2192,1590.0,1595.0,0.3134796238244514,120.80477330320709,58,2.904577400000562,0.3786170999992464,True,True,time_limit_guard_at_iteration_boundary,True,2,04_symmetric_wall_clock_ejection_on_off/on/raw_runs.csv
Symmetric wall clock,Chao,Ejection ON,p5.3.z,0,2500,2.795735500000319,2.795735500000319,1934,1595.0,1635.0,2.4464831804281344,128.60376317643042,59,2.2970744999984163,0.4986610000019027,True,True,time_limit_guard_at_iteration_boundary,True,2,04_symmetric_wall_clock_ejection_on_off/on/raw_runs.csv
Symmetric wall clock,Chao,Ejection ON,p5.3.z,1,2500,2.795735500000319,2.795735500000319,1978,1635.0,1635.0,0.0,129.35290056063695,61,2.354076500001611,0.4416589999987081,True,True,time_limit_guard_at_iteration_boundary,True,2,04_symmetric_wall_clock_ejection_on_off/on/raw_runs.csv
Symmetric wall clock,Chao,Ejection ON,p5.3.z,2,2500,2.795735500000319,2.795735500000319,2163,1635.0,1635.0,0.0,128.00876701224513,61,2.3942229999993287,0.4015125000009902,True,True,time_limit_guard_at_iteration_boundary,True,2,04_symmetric_wall_clock_ejection_on_off/on/raw_runs.csv
Symmetric wall clock,Chao,Ejection ON,p5.3.z,3,2500,2.795735500000319,2.795735500000319,2137,1635.0,1635.0,0.0,128.00876701224513,61,2.361096200000248,0.4346393000000716,True,True,time_limit_guard_at_iteration_boundary,True,2,04_symmetric_wall_clock_ejection_on_off/on/raw_runs.csv
Symmetric wall clock,Chao,Ejection ON,p5.4.m,0,2500,2.9150769500001843,2.9150769500001843,2107,550.0,555.0,0.9009009009009008,62.96640083988888,26,2.484823499999038,0.4302534500011461,True,True,time_limit_guard_at_iteration_boundary,True,2,04_symmetric_wall_clock_ejection_on_off/on/raw_runs.csv
Symmetric wall clock,Chao,Ejection ON,p5.4.m,1,2500,2.9150769500001843,2.9150769500001843,2246,550.0,555.0,0.9009009009009008,62.96640083988888,26,2.625315999999657,0.2897609500005274,True,True,time_limit_guard_at_iteration_boundary,True,2,04_symmetric_wall_clock_ejection_on_off/on/raw_runs.csv
Symmetric wall clock,Chao,Ejection ON,p5.4.m,2,2500,2.9150769500001843,2.9150769500001843,2188,550.0,555.0,0.9009009009009008,62.96640083988888,26,2.463770199999999,0.4513067500001853,True,True,time_limit_guard_at_iteration_boundary,True,2,04_symmetric_wall_clock_ejection_on_off/on/raw_runs.csv
Symmetric wall clock,Chao,Ejection ON,p5.4.m,3,2500,2.9150769500001843,2.9150769500001843,2148,555.0,555.0,0.0,64.26800943142202,25,2.5726880000001984,0.3423889499999859,True,True,time_limit_guard_at_iteration_boundary,True,2,04_symmetric_wall_clock_ejection_on_off/on/raw_runs.csv
Symmetric wall clock,Chao,Ejection ON,p5.4.o,0,2500,3.3340727249997144,3.3340727249997144,2277,675.0,690.0,2.1739130434782608,72.22118116820583,29,3.063248799999201,0.2708239250005135,True,True,time_limit_guard_at_iteration_boundary,True,2,04_symmetric_wall_clock_ejection_on_off/on/raw_runs.csv
Symmetric wall clock,Chao,Ejection ON,p5.4.o,1,2500,3.3340727249997144,3.3340727249997144,2270,690.0,690.0,0.0,73.5097766046326,30,2.992881000000125,0.3411917249995895,True,True,time_limit_guard_at_iteration_boundary,True,2,04_symmetric_wall_clock_ejection_on_off/on/raw_runs.csv
Symmetric wall clock,Chao,Ejection ON,p5.4.o,2,2500,3.3340727249997144,3.3340727249997144,2084,685.0,690.0,0.7246376811594203,73.69916021231546,31,2.8829734999999346,0.4510992249997798,True,True,time_limit_guard_at_iteration_boundary,True,2,04_symmetric_wall_clock_ejection_on_off/on/raw_runs.csv
Symmetric wall clock,Chao,Ejection ON,p5.4.o,3,2500,3.3340727249997144,3.3340727249997144,2299,690.0,690.0,0.0,73.5097766046326,30,3.0165529000005336,0.3175198249991808,True,True,time_limit_guard_at_iteration_boundary,True,2,04_symmetric_wall_clock_ejection_on_off/on/raw_runs.csv
Symmetric wall clock,Chao,Ejection ON,p5.4.p,0,2500,3.456452624999656,3.456452624999656,2244,760.0,765.0,0.6535947712418301,76.45111915039936,32,3.0631214000004547,0.3933312249992013,True,True,time_limit_guard_at_iteration_boundary,True,2,04_symmetric_wall_clock_ejection_on_off/on/raw_runs.csv
Symmetric wall clock,Chao,Ejection ON,p5.4.p,1,2500,3.456452624999656,3.456452624999656,2230,760.0,765.0,0.6535947712418301,76.45111915039936,32,3.1081920999986323,0.3482605250010238,True,True,time_limit_guard_at_iteration_boundary,True,2,04_symmetric_wall_clock_ejection_on_off/on/raw_runs.csv
Symmetric wall clock,Chao,Ejection ON,p5.4.p,2,2500,3.456452624999656,3.456452624999656,2243,760.0,765.0,0.6535947712418301,76.45111915039936,32,3.1668102000003278,0.2896424249993288,True,True,time_limit_guard_at_iteration_boundary,True,2,04_symmetric_wall_clock_ejection_on_off/on/raw_runs.csv
Symmetric wall clock,Chao,Ejection ON,p5.4.p,3,2500,3.456452624999656,3.456452624999656,2241,760.0,765.0,0.6535947712418301,76.45111915039936,32,3.1375496000000567,0.3189030249995994,True,True,time_limit_guard_at_iteration_boundary,True,2,04_symmetric_wall_clock_ejection_on_off/on/raw_runs.csv
Symmetric wall clock,Chao,Ejection ON,p5.4.q,0,2500,3.827465775000292,3.827465775000292,2243,860.0,860.0,0.0,81.1374106514146,36,3.470468399998936,0.356997375001356,True,True,time_limit_guard_at_iteration_boundary,True,2,04_symmetric_wall_clock_ejection_on_off/on/raw_runs.csv
Symmetric wall clock,Chao,Ejection ON,p5.4.q,1,2500,3.827465775000292,3.827465775000292,2243,860.0,860.0,0.0,81.1374106514146,36,3.4520150999996986,0.375450675000593,True,True,time_limit_guard_at_iteration_boundary,True,2,04_symmetric_wall_clock_ejection_on_off/on/raw_runs.csv
Symmetric wall clock,Chao,Ejection ON,p5.4.q,2,2500,3.827465775000292,3.827465775000292,2234,860.0,860.0,0.0,81.1374106514146,36,3.4035757000001468,0.4238900750001448,True,True,time_limit_guard_at_iteration_boundary,True,2,04_symmetric_wall_clock_ejection_on_off/on/raw_runs.csv
Symmetric wall clock,Chao,Ejection ON,p5.4.q,3,2500,3.827465775000292,3.827465775000292,2222,860.0,860.0,0.0,81.1374106514146,36,3.3776566999986244,0.4498090750016672,True,True,time_limit_guard_at_iteration_boundary,True,2,04_symmetric_wall_clock_ejection_on_off/on/raw_runs.csv
Symmetric wall clock,Chao,Ejection ON,p5.4.r,0,2500,3.974126500000239,3.974126500000239,2393,910.0,960.0,5.208333333333333,88.64705498692052,36,3.6777622000008714,0.2963642999993681,True,True,time_limit_guard_at_iteration_boundary,True,2,04_symmetric_wall_clock_ejection_on_off/on/raw_runs.csv
Symmetric wall clock,Chao,Ejection ON,p5.4.r,1,2500,3.974126500000239,3.974126500000239,2406,900.0,960.0,6.25,87.76482764938413,36,3.680543399999806,0.2935831000004327,True,True,time_limit_guard_at_iteration_boundary,True,2,04_symmetric_wall_clock_ejection_on_off/on/raw_runs.csv
Symmetric wall clock,Chao,Ejection ON,p5.4.r,2,2500,3.974126500000239,3.974126500000239,2035,960.0,960.0,0.0,89.88854381999832,40,3.629378000001452,0.3447484999987864,True,True,time_limit_guard_at_iteration_boundary,True,2,04_symmetric_wall_clock_ejection_on_off/on/raw_runs.csv
Symmetric wall clock,Chao,Ejection ON,p5.4.r,3,2500,3.974126500000239,3.974126500000239,2398,905.0,960.0,5.729166666666667,87.81962510499707,37,3.7241856000000553,0.2499409000001833,True,True,time_limit_guard_at_iteration_boundary,True,2,04_symmetric_wall_clock_ejection_on_off/on/raw_runs.csv
Symmetric wall clock,Chao,Ejection ON,p5.4.s,0,2500,4.035515250000117,4.035515250000117,2222,1020.0,1030.0,0.970873786407767,94.7775950434456,38,3.5489677999994456,0.4865474500006712,True,True,time_limit_guard_at_iteration_boundary,True,2,04_symmetric_wall_clock_ejection_on_off/on/raw_runs.csv
Symmetric wall clock,Chao,Ejection ON,p5.4.s,1,2500,4.035515250000117,4.035515250000117,2262,1000.0,1030.0,2.912621359223301,92.45111915039936,40,3.786580500000128,0.2489347499999894,True,True,time_limit_guard_at_iteration_boundary,True,2,04_symmetric_wall_clock_ejection_on_off/on/raw_runs.csv
Symmetric wall clock,Chao,Ejection ON,p5.4.s,2,2500,4.035515250000117,4.035515250000117,2219,1005.0,1030.0,2.4271844660194173,94.50356143940942,37,3.6112641999989137,0.4242510500012031,True,True,time_limit_guard_at_iteration_boundary,True,2,04_symmetric_wall_clock_ejection_on_off/on/raw_runs.csv
Symmetric wall clock,Chao,Ejection ON,p5.4.s,3,2500,4.035515250000117,4.035515250000117,2319,1020.0,1030.0,0.970873786407767,94.53398648881648,38,3.66061510000145,0.3749001499986661,True,True,time_limit_guard_at_iteration_boundary,True,2,04_symmetric_wall_clock_ejection_on_off/on/raw_runs.csv
Symmetric wall clock,Chao,Ejection ON,p5.4.t,0,2500,4.042686750000485,4.042686750000485,2147,1105.0,1160.0,4.741379310344827,97.6006335146412,43,3.58230790000016,0.4603788500003247,True,True,time_limit_guard_at_iteration_boundary,True,2,04_symmetric_wall_clock_ejection_on_off/on/raw_runs.csv
Symmetric wall clock,Chao,Ejection ON,p5.4.t,1,2500,4.042686750000485,4.042686750000485,2191,1105.0,1160.0,4.741379310344827,97.6006335146412,43,3.682739500000025,0.3599472500004594,True,True,time_limit_guard_at_iteration_boundary,True,2,04_symmetric_wall_clock_ejection_on_off/on/raw_runs.csv
Symmetric wall clock,Chao,Ejection ON,p5.4.t,2,2500,4.042686750000485,4.042686750000485,2172,1105.0,1160.0,4.741379310344827,97.6006335146412,43,3.6382546999993792,0.4044320500011054,True,True,time_limit_guard_at_iteration_boundary,True,2,04_symmetric_wall_clock_ejection_on_off/on/raw_runs.csv
Symmetric wall clock,Chao,Ejection ON,p5.4.t,3,2500,4.042686750000485,4.042686750000485,2406,1160.0,1160.0,0.0,99.50044597825251,40,3.7118396000005305,0.3308471499999541,True,True,time_limit_guard_at_iteration_boundary,True,2,04_symmetric_wall_clock_ejection_on_off/on/raw_runs.csv
Symmetric wall clock,Chao,Ejection ON,p5.4.u,0,2500,3.711924900000213,3.711924900000213,2197,1300.0,1300.0,0.0,104.18673747926776,44,3.326038700000936,0.3858861999992768,True,True,time_limit_guard_at_iteration_boundary,True,2,04_symmetric_wall_clock_ejection_on_off/on/raw_runs.csv
Symmetric wall clock,Chao,Ejection ON,p5.4.u,1,2500,3.711924900000213,3.711924900000213,2098,1300.0,1300.0,0.0,104.18673747926776,44,3.2395237000000634,0.4724012000001494,True,True,time_limit_guard_at_iteration_boundary,True,2,04_symmetric_wall_clock_ejection_on_off/on/raw_runs.csv
Symmetric wall clock,Chao,Ejection ON,p5.4.u,2,2500,3.711924900000213,3.711924900000213,2308,1300.0,1300.0,0.0,104.18673747926776,44,3.4496825999995053,0.2622423000007075,True,True,time_limit_guard_at_iteration_boundary,True,2,04_symmetric_wall_clock_ejection_on_off/on/raw_runs.csv
Symmetric wall clock,Chao,Ejection ON,p5.4.u,3,2500,3.711924900000213,3.711924900000213,2224,1300.0,1300.0,0.0,104.18673747926776,44,3.3734199999998964,0.3385049000003164,True,True,time_limit_guard_at_iteration_boundary,True,2,04_symmetric_wall_clock_ejection_on_off/on/raw_runs.csv
Symmetric wall clock,Chao,Ejection ON,p5.4.v,0,2500,3.5700283500000296,3.5700283500000296,2260,1320.0,1320.0,0.0,108.62325508938126,48,3.235644399999728,0.3343839500003014,True,True,time_limit_guard_at_iteration_boundary,True,2,04_symmetric_wall_clock_ejection_on_off/on/raw_runs.csv
Symmetric wall clock,Chao,Ejection ON,p5.4.v,1,2500,3.5700283500000296,3.5700283500000296,2174,1320.0,1320.0,0.0,108.62325508938126,48,3.110090900001524,0.459937449998506,True,True,time_limit_guard_at_iteration_boundary,True,2,04_symmetric_wall_clock_ejection_on_off/on/raw_runs.csv
Symmetric wall clock,Chao,Ejection ON,p5.4.v,2,2500,3.5700283500000296,3.5700283500000296,2266,1320.0,1320.0,0.0,108.62325508938126,48,3.2673587999997835,0.3026695500002461,True,True,time_limit_guard_at_iteration_boundary,True,2,04_symmetric_wall_clock_ejection_on_off/on/raw_runs.csv
Symmetric wall clock,Chao,Ejection ON,p5.4.v,3,2500,3.5700283500000296,3.5700283500000296,2296,1320.0,1320.0,0.0,108.62325508938126,48,3.311851800001022,0.2581765499990069,True,True,time_limit_guard_at_iteration_boundary,True,2,04_symmetric_wall_clock_ejection_on_off/on/raw_runs.csv
Symmetric wall clock,Chao,Ejection ON,p5.4.w,0,2500,3.8709747749999215,3.8709747749999215,2221,1380.0,1390.0,0.7194244604316546,113.1374106514146,52,3.4868946999995387,0.3840800750003836,True,True,time_limit_guard_at_iteration_boundary,True,2,04_symmetric_wall_clock_ejection_on_off/on/raw_runs.csv
Symmetric wall clock,Chao,Ejection ON,p5.4.w,1,2500,3.8709747749999215,3.8709747749999215,2323,1380.0,1390.0,0.7194244604316546,113.1374106514146,52,3.6013399999992544,0.269634775000668,True,True,time_limit_guard_at_iteration_boundary,True,2,04_symmetric_wall_clock_ejection_on_off/on/raw_runs.csv
Symmetric wall clock,Chao,Ejection ON,p5.4.w,2,2500,3.8709747749999215,3.8709747749999215,2358,1385.0,1390.0,0.3597122302158273,113.6006335146412,51,3.5424250999985816,0.3285496750013408,True,True,time_limit_guard_at_iteration_boundary,True,2,04_symmetric_wall_clock_ejection_on_off/on/raw_runs.csv
Symmetric wall clock,Chao,Ejection ON,p5.4.w,3,2500,3.8709747749999215,3.8709747749999215,2161,1385.0,1390.0,0.3597122302158273,113.6006335146412,51,3.4234599999999773,0.4475147749999451,True,True,time_limit_guard_at_iteration_boundary,True,2,04_symmetric_wall_clock_ejection_on_off/on/raw_runs.csv
Symmetric wall clock,Chao,Ejection ON,p5.4.x,0,2500,3.6577532249998512,3.6577532249998512,2381,1440.0,1450.0,0.6896551724137931,118.3244782098312,52,3.408319799998935,0.249433425000916,True,True,time_limit_guard_at_iteration_boundary,True,2,04_symmetric_wall_clock_ejection_on_off/on/raw_runs.csv
Symmetric wall clock,Chao,Ejection ON,p5.4.x,1,2500,3.6577532249998512,3.6577532249998512,2254,1450.0,1450.0,0.0,118.86340671977648,52,3.274440400000458,0.3833128249993933,True,True,time_limit_guard_at_iteration_boundary,True,2,04_symmetric_wall_clock_ejection_on_off/on/raw_runs.csv
Symmetric wall clock,Chao,Ejection ON,p5.4.x,2,2500,3.6577532249998512,3.6577532249998512,2286,1440.0,1450.0,0.6896551724137931,119.6113157700294,52,3.2882594000002427,0.3694938249996085,True,True,time_limit_guard_at_iteration_boundary,True,2,04_symmetric_wall_clock_ejection_on_off/on/raw_runs.csv
Symmetric wall clock,Chao,Ejection ON,p5.4.x,3,2500,3.6577532249998512,3.6577532249998512,2318,1440.0,1450.0,0.6896551724137931,118.9145452566501,52,3.4079519000006258,0.2498013249992254,True,True,time_limit_guard_at_iteration_boundary,True,2,04_symmetric_wall_clock_ejection_on_off/on/raw_runs.csv
Symmetric wall clock,Chao,Ejection ON,p5.4.y,0,2500,3.121943425000154,3.121943425000154,2081,1520.0,1520.0,0.0,124.45111915039936,56,2.6359274000005826,0.4860160249995715,True,True,time_limit_guard_at_iteration_boundary,True,2,04_symmetric_wall_clock_ejection_on_off/on/raw_runs.csv
Symmetric wall clock,Chao,Ejection ON,p5.4.y,1,2500,3.121943425000154,3.121943425000154,2229,1520.0,1520.0,0.0,124.45111915039936,56,2.7790636000008817,0.3428798249992724,True,True,time_limit_guard_at_iteration_boundary,True,2,04_symmetric_wall_clock_ejection_on_off/on/raw_runs.csv
Symmetric wall clock,Chao,Ejection ON,p5.4.y,2,2500,3.121943425000154,3.121943425000154,2267,1520.0,1520.0,0.0,124.45111915039936,56,2.8500579000010475,0.2718855249991065,True,True,time_limit_guard_at_iteration_boundary,True,2,04_symmetric_wall_clock_ejection_on_off/on/raw_runs.csv
Symmetric wall clock,Chao,Ejection ON,p5.4.y,3,2500,3.121943425000154,3.121943425000154,2168,1520.0,1520.0,0.0,124.45111915039936,56,2.7617364000016096,0.3602070249985445,True,True,time_limit_guard_at_iteration_boundary,True,2,04_symmetric_wall_clock_ejection_on_off/on/raw_runs.csv
Symmetric wall clock,Chao,Ejection ON,p5.4.z,0,2500,2.5860553499996968,2.5860553499996968,2072,1620.0,1620.0,0.0,129.1374106514146,60,2.129572300000291,0.4564830499994059,True,True,time_limit_guard_at_iteration_boundary,True,2,04_symmetric_wall_clock_ejection_on_off/on/raw_runs.csv
Symmetric wall clock,Chao,Ejection ON,p5.4.z,1,2500,2.5860553499996968,2.5860553499996968,2061,1620.0,1620.0,0.0,129.1374106514146,60,2.1707420000002458,0.415313349999451,True,True,time_limit_guard_at_iteration_boundary,True,2,04_symmetric_wall_clock_ejection_on_off/on/raw_runs.csv
Symmetric wall clock,Chao,Ejection ON,p5.4.z,2,2500,2.5860553499996968,2.5860553499996968,2060,1620.0,1620.0,0.0,129.1374106514146,60,2.158828300000096,0.4272270499996011,True,True,time_limit_guard_at_iteration_boundary,True,2,04_symmetric_wall_clock_ejection_on_off/on/raw_runs.csv
Symmetric wall clock,Chao,Ejection ON,p5.4.z,3,2500,2.5860553499996968,2.5860553499996968,2056,1620.0,1620.0,0.0,129.1374106514146,60,2.141433999999208,0.4446213500004887,True,True,time_limit_guard_at_iteration_boundary,True,2,04_symmetric_wall_clock_ejection_on_off/on/raw_runs.csv
Symmetric wall clock,Chao,Ejection ON,p6.2.d,0,2500,2.159697099999903,2.159697099999903,1999,192.0,192.0,0.0,29.65685424949238,14,1.7498761999995622,0.4098209000003407,True,True,time_limit_guard_at_iteration_boundary,True,2,04_symmetric_wall_clock_ejection_on_off/on/raw_runs.csv
Symmetric wall clock,Chao,Ejection ON,p6.2.d,1,2500,2.159697099999903,2.159697099999903,1999,192.0,192.0,0.0,29.65685424949238,14,1.7532573000007687,0.4064397999991342,True,True,time_limit_guard_at_iteration_boundary,True,2,04_symmetric_wall_clock_ejection_on_off/on/raw_runs.csv
Symmetric wall clock,Chao,Ejection ON,p6.2.d,2,2500,2.159697099999903,2.159697099999903,1999,192.0,192.0,0.0,29.65685424949238,14,1.753851700001178,0.405845399998725,True,True,time_limit_guard_at_iteration_boundary,True,2,04_symmetric_wall_clock_ejection_on_off/on/raw_runs.csv
Symmetric wall clock,Chao,Ejection ON,p6.2.d,3,2500,2.159697099999903,2.159697099999903,1999,192.0,192.0,0.0,29.65685424949238,14,1.721103400001084,0.4385936999988189,True,True,time_limit_guard_at_iteration_boundary,True,2,04_symmetric_wall_clock_ejection_on_off/on/raw_runs.csv
Symmetric wall clock,Chao,Ejection ON,p6.2.j,0,2500,4.075300524999875,4.075300524999875,2285,936.0,948.0,1.2658227848101269,56.56854249492381,38,3.825625900000887,0.2496746249989883,True,True,time_limit_guard_at_iteration_boundary,True,2,04_symmetric_wall_clock_ejection_on_off/on/raw_runs.csv
Symmetric wall clock,Chao,Ejection ON,p6.2.j,1,2500,4.075300524999875,4.075300524999875,2328,942.0,948.0,0.6329113924050633,58.21225132517719,37,3.805419000000256,0.2698815249996187,True,True,time_limit_guard_at_iteration_boundary,True,2,04_symmetric_wall_clock_ejection_on_off/on/raw_runs.csv
Symmetric wall clock,Chao,Ejection ON,p6.2.j,2,2500,4.075300524999875,4.075300524999875,2258,942.0,948.0,0.6329113924050633,58.21225132517719,37,3.771493399999599,0.3038071250002758,True,True,time_limit_guard_at_iteration_boundary,True,2,04_symmetric_wall_clock_ejection_on_off/on/raw_runs.csv
Symmetric wall clock,Chao,Ejection ON,p6.2.j,3,2500,4.075300524999875,4.075300524999875,2188,942.0,948.0,0.6329113924050633,58.21225132517719,37,3.639084899999944,0.4362156249999316,True,True,time_limit_guard_at_iteration_boundary,True,2,04_symmetric_wall_clock_ejection_on_off/on/raw_runs.csv
Symmetric wall clock,Chao,Ejection ON,p6.2.l,0,2500,4.253416824999931,4.253416824999931,2319,1116.0,1116.0,0.0,67.88225099390857,46,4.003510499998811,0.2499063250011204,True,True,time_limit_guard_at_iteration_boundary,True,2,04_symmetric_wall_clock_ejection_on_off/on/raw_runs.csv
Symmetric wall clock,Chao,Ejection ON,p6.2.l,1,2500,4.253416824999931,4.253416824999931,2265,1116.0,1116.0,0.0,67.88225099390857,46,3.9326228000009,0.3207940249990315,True,True,time_limit_guard_at_iteration_boundary,True,2,04_symmetric_wall_clock_ejection_on_off/on/raw_runs.csv
Symmetric wall clock,Chao,Ejection ON,p6.2.l,2,2500,4.253416824999931,4.253416824999931,2198,1116.0,1116.0,0.0,67.88225099390857,46,3.788812300001154,0.4646045249987764,True,True,time_limit_guard_at_iteration_boundary,True,2,04_symmetric_wall_clock_ejection_on_off/on/raw_runs.csv
Symmetric wall clock,Chao,Ejection ON,p6.2.l,3,2500,4.253416824999931,4.253416824999931,2283,1116.0,1116.0,0.0,67.88225099390857,46,3.99375770000006,0.259659124999871,True,True,time_limit_guard_at_iteration_boundary,True,2,04_symmetric_wall_clock_ejection_on_off/on/raw_runs.csv
Symmetric wall clock,Chao,Ejection ON,p6.2.m,0,2500,3.923616524999943,3.923616524999943,2077,1188.0,1188.0,0.0,73.53910524340095,50,3.430243499999051,0.4933730250008921,True,True,time_limit_guard_at_iteration_boundary,True,2,04_symmetric_wall_clock_ejection_on_off/on/raw_runs.csv
Symmetric wall clock,Chao,Ejection ON,p6.2.m,1,2500,3.923616524999943,3.923616524999943,2296,1188.0,1188.0,0.0,73.53910524340095,50,3.6737567000000126,0.2498598249999304,True,True,time_limit_guard_at_iteration_boundary,True,2,04_symmetric_wall_clock_ejection_on_off/on/raw_runs.csv
Symmetric wall clock,Chao,Ejection ON,p6.2.m,2,2500,3.923616524999943,3.923616524999943,2286,1188.0,1188.0,0.0,73.53910524340095,50,3.5881855999996333,0.3354309250003098,True,True,time_limit_guard_at_iteration_boundary,True,2,04_symmetric_wall_clock_ejection_on_off/on/raw_runs.csv
Symmetric wall clock,Chao,Ejection ON,p6.2.m,3,2500,3.923616524999943,3.923616524999943,2257,1188.0,1188.0,0.0,73.53910524340095,50,3.579121299999315,0.3444952250006281,True,True,time_limit_guard_at_iteration_boundary,True,2,04_symmetric_wall_clock_ejection_on_off/on/raw_runs.csv
Symmetric wall clock,Chao,Ejection ON,p6.2.n,0,2500,3.613294375000805,3.613294375000805,2266,1260.0,1260.0,0.0,79.19595949289332,54,3.3010398000005807,0.3122545750002246,True,True,time_limit_guard_at_iteration_boundary,True,2,04_symmetric_wall_clock_ejection_on_off/on/raw_runs.csv
Symmetric wall clock,Chao,Ejection ON,p6.2.n,1,2500,3.613294375000805,3.613294375000805,2138,1260.0,1260.0,0.0,79.19595949289332,54,3.2014617000004364,0.4118326750003689,True,True,time_limit_guard_at_iteration_boundary,True,2,04_symmetric_wall_clock_ejection_on_off/on/raw_runs.csv
Symmetric wall clock,Chao,Ejection ON,p6.2.n,2,2500,3.613294375000805,3.613294375000805,2181,1260.0,1260.0,0.0,79.19595949289332,54,3.2306579999985843,0.382636375002221,True,True,time_limit_guard_at_iteration_boundary,True,2,04_symmetric_wall_clock_ejection_on_off/on/raw_runs.csv
Symmetric wall clock,Chao,Ejection ON,p6.2.n,3,2500,3.613294375000805,3.613294375000805,2302,1260.0,1260.0,0.0,79.19595949289332,54,3.35323310000058,0.2600612750002256,True,True,time_limit_guard_at_iteration_boundary,True,2,04_symmetric_wall_clock_ejection_on_off/on/raw_runs.csv
Symmetric wall clock,Chao,Ejection ON,p6.3.g,0,2500,2.50615095000012,2.50615095000012,2061,282.0,282.0,0.0,44.55790079237062,19,2.0981734999986656,0.4079774500014537,True,True,time_limit_guard_at_iteration_boundary,True,2,04_symmetric_wall_clock_ejection_on_off/on/raw_runs.csv
Symmetric wall clock,Chao,Ejection ON,p6.3.g,1,2500,2.50615095000012,2.50615095000012,2001,282.0,282.0,0.0,44.55790079237062,19,2.0291214999997464,0.4770294500003729,True,True,time_limit_guard_at_iteration_boundary,True,2,04_symmetric_wall_clock_ejection_on_off/on/raw_runs.csv
Symmetric wall clock,Chao,Ejection ON,p6.3.g,2,2500,2.50615095000012,2.50615095000012,2120,282.0,282.0,0.0,44.55790079237062,19,2.1163313999986717,0.3898195500014481,True,True,time_limit_guard_at_iteration_boundary,True,2,04_symmetric_wall_clock_ejection_on_off/on/raw_runs.csv
Symmetric wall clock,Chao,Ejection ON,p6.3.g,3,2500,2.50615095000012,2.50615095000012,2003,282.0,282.0,0.0,44.55790079237062,19,2.034444799999619,0.4717061500005002,True,True,time_limit_guard_at_iteration_boundary,True,2,04_symmetric_wall_clock_ejection_on_off/on/raw_runs.csv
Symmetric wall clock,Chao,Ejection ON,p6.3.h,0,2500,3.609835825000573,3.609835825000573,2332,444.0,444.0,0.0,49.45584412271572,27,3.3381135999989056,0.2717222250016675,True,True,time_limit_guard_at_iteration_boundary,True,2,04_symmetric_wall_clock_ejection_on_off/on/raw_runs.csv
Symmetric wall clock,Chao,Ejection ON,p6.3.h,1,2500,3.609835825000573,3.609835825000573,2260,444.0,444.0,0.0,49.45584412271572,27,3.274127900000167,0.3357079250004062,True,True,time_limit_guard_at_iteration_boundary,True,2,04_symmetric_wall_clock_ejection_on_off/on/raw_runs.csv
Symmetric wall clock,Chao,Ejection ON,p6.3.h,2,2500,3.609835825000573,3.609835825000573,2322,444.0,444.0,0.0,49.45584412271572,27,3.3379364000011265,0.2718994249994466,True,True,time_limit_guard_at_iteration_boundary,True,2,04_symmetric_wall_clock_ejection_on_off/on/raw_runs.csv
Symmetric wall clock,Chao,Ejection ON,p6.3.h,3,2500,3.609835825000573,3.609835825000573,2237,444.0,444.0,0.0,49.45584412271572,27,3.249221600000965,0.3606142249996082,True,True,time_limit_guard_at_iteration_boundary,True,2,04_symmetric_wall_clock_ejection_on_off/on/raw_runs.csv
Symmetric wall clock,Chao,Ejection ON,p6.3.i,0,2500,3.885602074999952,3.885602074999952,2249,642.0,642.0,0.0,54.42640687119285,33,3.4526138000001083,0.4329882749998432,True,True,time_limit_guard_at_iteration_boundary,True,2,04_symmetric_wall_clock_ejection_on_off/on/raw_runs.csv
Symmetric wall clock,Chao,Ejection ON,p6.3.i,1,2500,3.885602074999952,3.885602074999952,2166,642.0,642.0,0.0,54.42640687119285,33,3.394599400000516,0.4910026749994358,True,True,time_limit_guard_at_iteration_boundary,True,2,04_symmetric_wall_clock_ejection_on_off/on/raw_runs.csv
Symmetric wall clock,Chao,Ejection ON,p6.3.i,2,2500,3.885602074999952,3.885602074999952,2331,642.0,642.0,0.0,54.42640687119285,33,3.635087900000144,0.2505141749998074,True,True,time_limit_guard_at_iteration_boundary,True,2,04_symmetric_wall_clock_ejection_on_off/on/raw_runs.csv
Symmetric wall clock,Chao,Ejection ON,p6.3.i,3,2500,3.885602074999952,3.885602074999952,2318,642.0,642.0,0.0,54.42640687119285,33,3.636073400000896,0.2495286749990555,True,True,time_limit_guard_at_iteration_boundary,True,2,04_symmetric_wall_clock_ejection_on_off/on/raw_runs.csv
Symmetric wall clock,Chao,Ejection ON,p6.3.k,0,2500,3.726914500000021,3.726914500000021,2299,888.0,894.0,0.6711409395973155,62.31660659271909,39,3.4494931000008364,0.2774213999991843,True,True,time_limit_guard_at_iteration_boundary,True,2,04_symmetric_wall_clock_ejection_on_off/on/raw_runs.csv
Symmetric wall clock,Chao,Ejection ON,p6.3.k,1,2500,3.726914500000021,3.726914500000021,2255,888.0,894.0,0.6711409395973155,62.31660659271909,39,3.3408705000001646,0.3860439999998561,True,True,time_limit_guard_at_iteration_boundary,True,2,04_symmetric_wall_clock_ejection_on_off/on/raw_runs.csv
Symmetric wall clock,Chao,Ejection ON,p6.3.k,2,2500,3.726914500000021,3.726914500000021,2362,894.0,894.0,0.0,64.06467069051438,39,3.469793899999786,0.2571206000002348,True,True,time_limit_guard_at_iteration_boundary,True,2,04_symmetric_wall_clock_ejection_on_off/on/raw_runs.csv
Symmetric wall clock,Chao,Ejection ON,p6.3.k,3,2500,3.726914500000021,3.726914500000021,2303,888.0,894.0,0.6711409395973155,62.31660659271909,39,3.428122799999983,0.2987917000000379,True,True,time_limit_guard_at_iteration_boundary,True,2,04_symmetric_wall_clock_ejection_on_off/on/raw_runs.csv
Symmetric wall clock,Chao,Ejection ON,p6.3.l,0,2500,3.7523309249991135,3.7523309249991135,2243,1002.0,1002.0,0.0,68.54995206475294,43,3.392405999999028,0.3599249250000866,True,True,time_limit_guard_at_iteration_boundary,True,2,04_symmetric_wall_clock_ejection_on_off/on/raw_runs.csv
Symmetric wall clock,Chao,Ejection ON,p6.3.l,1,2500,3.7523309249991135,3.7523309249991135,2331,1002.0,1002.0,0.0,68.54995206475294,43,3.5033323999996355,0.2489985249994788,True,True,time_limit_guard_at_iteration_boundary,True,2,04_symmetric_wall_clock_ejection_on_off/on/raw_runs.csv
Symmetric wall clock,Chao,Ejection ON,p6.3.l,2,2500,3.7523309249991135,3.7523309249991135,2326,1002.0,1002.0,0.0,68.54995206475294,43,3.485256899999513,0.2670740249996015,True,True,time_limit_guard_at_iteration_boundary,True,2,04_symmetric_wall_clock_ejection_on_off/on/raw_runs.csv
Symmetric wall clock,Chao,Ejection ON,p6.3.l,3,2500,3.7523309249991135,3.7523309249991135,2242,1002.0,1002.0,0.0,68.54995206475294,43,3.427095499999268,0.3252354249998461,True,True,time_limit_guard_at_iteration_boundary,True,2,04_symmetric_wall_clock_ejection_on_off/on/raw_runs.csv
Symmetric wall clock,Chao,Ejection ON,p6.3.m,0,2500,3.9035824749998937,3.9035824749998937,2289,1080.0,1080.0,0.0,74.22539674441619,47,3.625400200000513,0.2781822749993807,True,True,time_limit_guard_at_iteration_boundary,True,2,04_symmetric_wall_clock_ejection_on_off/on/raw_runs.csv
Symmetric wall clock,Chao,Ejection ON,p6.3.m,1,2500,3.9035824749998937,3.9035824749998937,2234,1080.0,1080.0,0.0,74.22539674441619,47,3.5031966999995348,0.400385775000359,True,True,time_limit_guard_at_iteration_boundary,True,2,04_symmetric_wall_clock_ejection_on_off/on/raw_runs.csv
Symmetric wall clock,Chao,Ejection ON,p6.3.m,2,2500,3.9035824749998937,3.9035824749998937,2351,1080.0,1080.0,0.0,74.22539674441619,47,3.6545526000008977,0.2490298749989961,True,True,time_limit_guard_at_iteration_boundary,True,2,04_symmetric_wall_clock_ejection_on_off/on/raw_runs.csv
Symmetric wall clock,Chao,Ejection ON,p6.3.m,3,2500,3.9035824749998937,3.9035824749998937,2329,1080.0,1080.0,0.0,74.22539674441619,47,3.654603300001327,0.248979174998567,True,True,time_limit_guard_at_iteration_boundary,True,2,04_symmetric_wall_clock_ejection_on_off/on/raw_runs.csv
Symmetric wall clock,Chao,Ejection ON,p6.3.n,0,2500,3.487434950000079,3.487434950000079,2367,1170.0,1170.0,0.0,77.53910524340095,51,3.237718100001075,0.2497168499990039,True,True,time_limit_guard_at_iteration_boundary,True,2,04_symmetric_wall_clock_ejection_on_off/on/raw_runs.csv
Symmetric wall clock,Chao,Ejection ON,p6.3.n,1,2500,3.487434950000079,3.487434950000079,2191,1170.0,1170.0,0.0,77.53910524340095,51,3.073997800000143,0.4134371499999361,True,True,time_limit_guard_at_iteration_boundary,True,2,04_symmetric_wall_clock_ejection_on_off/on/raw_runs.csv
Symmetric wall clock,Chao,Ejection ON,p6.3.n,2,2500,3.487434950000079,3.487434950000079,2197,1170.0,1170.0,0.0,78.71067811865476,51,3.14943889999995,0.3379960500001289,True,True,time_limit_guard_at_iteration_boundary,True,2,04_symmetric_wall_clock_ejection_on_off/on/raw_runs.csv
Symmetric wall clock,Chao,Ejection ON,p6.3.n,3,2500,3.487434950000079,3.487434950000079,2233,1170.0,1170.0,0.0,78.71067811865476,51,3.149790999999823,0.3376439500002561,True,True,time_limit_guard_at_iteration_boundary,True,2,04_symmetric_wall_clock_ejection_on_off/on/raw_runs.csv
Symmetric wall clock,Chao,Ejection ON,p6.4.j,0,2500,2.6613815750006324,2.6613815750006324,2038,366.0,366.0,0.0,59.502172702369776,23,2.184968899999149,0.4764126750014839,True,True,time_limit_guard_at_iteration_boundary,True,2,04_symmetric_wall_clock_ejection_on_off/on/raw_runs.csv
Symmetric wall clock,Chao,Ejection ON,p6.4.j,1,2500,2.6613815750006324,2.6613815750006324,2031,366.0,366.0,0.0,59.502172702369776,23,2.166629900000771,0.4947516749998613,True,True,time_limit_guard_at_iteration_boundary,True,2,04_symmetric_wall_clock_ejection_on_off/on/raw_runs.csv
Symmetric wall clock,Chao,Ejection ON,p6.4.j,2,2500,2.6613815750006324,2.6613815750006324,2179,366.0,366.0,0.0,59.502172702369776,23,2.280314400000861,0.3810671749997709,True,True,time_limit_guard_at_iteration_boundary,True,2,04_symmetric_wall_clock_ejection_on_off/on/raw_runs.csv
Symmetric wall clock,Chao,Ejection ON,p6.4.j,3,2500,2.6613815750006324,2.6613815750006324,2109,366.0,366.0,0.0,59.502172702369776,23,2.231195700000171,0.4301858750004612,True,True,time_limit_guard_at_iteration_boundary,True,2,04_symmetric_wall_clock_ejection_on_off/on/raw_runs.csv
Symmetric wall clock,Chao,Ejection ON,p6.4.k,0,2500,3.4565733000004,3.4565733000004,2366,528.0,528.0,0.0,64.22079954864219,28,3.177655400000731,0.2789178999996693,True,True,time_limit_guard_at_iteration_boundary,True,2,04_symmetric_wall_clock_ejection_on_off/on/raw_runs.csv
Symmetric wall clock,Chao,Ejection ON,p6.4.k,1,2500,3.4565733000004,3.4565733000004,2280,528.0,528.0,0.0,64.22079954864219,28,3.0875565000005736,0.3690167999998266,True,True,time_limit_guard_at_iteration_boundary,True,2,04_symmetric_wall_clock_ejection_on_off/on/raw_runs.csv
Symmetric wall clock,Chao,Ejection ON,p6.4.k,2,2500,3.4565733000004,3.4565733000004,2195,528.0,528.0,0.0,64.2618966696085,28,2.9658323000003293,0.4907410000000709,True,True,time_limit_guard_at_iteration_boundary,True,2,04_symmetric_wall_clock_ejection_on_off/on/raw_runs.csv
Symmetric wall clock,Chao,Ejection ON,p6.4.k,3,2500,3.4565733000004,3.4565733000004,2296,528.0,528.0,0.0,64.2618966696085,28,3.101897500000632,0.354675799999768,True,True,time_limit_guard_at_iteration_boundary,True,2,04_symmetric_wall_clock_ejection_on_off/on/raw_runs.csv
Symmetric wall clock,Chao,Ejection ON,p6.4.l,0,2500,4.096919024999806,4.096919024999806,2194,696.0,696.0,0.0,68.75096219152961,38,3.6121870999995735,0.4847319250002329,True,True,time_limit_guard_at_iteration_boundary,True,2,04_symmetric_wall_clock_ejection_on_off/on/raw_runs.csv
Symmetric wall clock,Chao,Ejection ON,p6.4.l,1,2500,4.096919024999806,4.096919024999806,2185,696.0,696.0,0.0,68.75096219152961,38,3.632317300000068,0.4646017249997385,True,True,time_limit_guard_at_iteration_boundary,True,2,04_symmetric_wall_clock_ejection_on_off/on/raw_runs.csv
Symmetric wall clock,Chao,Ejection ON,p6.4.l,2,2500,4.096919024999806,4.096919024999806,2412,696.0,696.0,0.0,68.75096219152961,38,3.8470452000001383,0.2498738249996677,True,True,time_limit_guard_at_iteration_boundary,True,2,04_symmetric_wall_clock_ejection_on_off/on/raw_runs.csv
Symmetric wall clock,Chao,Ejection ON,p6.4.l,3,2500,4.096919024999806,4.096919024999806,2351,696.0,696.0,0.0,68.75096219152961,38,3.76289960000031,0.3340194249994965,True,True,time_limit_guard_at_iteration_boundary,True,2,04_symmetric_wall_clock_ejection_on_off/on/raw_runs.csv
Symmetric wall clock,Chao,Ejection ON,p7.2.d,0,2500,1.9407258000001093,1.9407258000001093,1999,190.0,190.0,0.0,78.6737065912388,10,1.563464599999861,0.3772612000002482,True,True,time_limit_guard_at_iteration_boundary,True,2,04_symmetric_wall_clock_ejection_on_off/on/raw_runs.csv
Symmetric wall clock,Chao,Ejection ON,p7.2.d,1,2500,1.9407258000001093,1.9407258000001093,1999,190.0,190.0,0.0,78.6737065912388,10,1.550589200000104,0.3901366000000053,True,True,time_limit_guard_at_iteration_boundary,True,2,04_symmetric_wall_clock_ejection_on_off/on/raw_runs.csv
Symmetric wall clock,Chao,Ejection ON,p7.2.d,2,2500,1.9407258000001093,1.9407258000001093,1999,190.0,190.0,0.0,78.6737065912388,10,1.57055070000024,0.3701750999998694,True,True,time_limit_guard_at_iteration_boundary,True,2,04_symmetric_wall_clock_ejection_on_off/on/raw_runs.csv
Symmetric wall clock,Chao,Ejection ON,p7.2.d,3,2500,1.9407258000001093,1.9407258000001093,1999,190.0,190.0,0.0,78.6737065912388,10,1.5703680000005988,0.3703577999995104,True,True,time_limit_guard_at_iteration_boundary,True,2,04_symmetric_wall_clock_ejection_on_off/on/raw_runs.csv
Symmetric wall clock,Chao,Ejection ON,p7.2.e,0,2500,2.4477318999997806,2.4477318999997806,1999,290.0,290.0,0.0,98.36318612174394,15,1.9738648000002288,0.473867099999552,True,True,time_limit_guard_at_iteration_boundary,True,2,04_symmetric_wall_clock_ejection_on_off/on/raw_runs.csv
Symmetric wall clock,Chao,Ejection ON,p7.2.e,1,2500,2.4477318999997806,2.4477318999997806,2199,290.0,290.0,0.0,98.36318612174394,15,2.107383499998832,0.3403484000009484,True,True,time_limit_guard_at_iteration_boundary,True,2,04_symmetric_wall_clock_ejection_on_off/on/raw_runs.csv
Symmetric wall clock,Chao,Ejection ON,p7.2.e,2,2500,2.4477318999997806,2.4477318999997806,1999,290.0,290.0,0.0,98.36318612174394,15,1.9555433000005,0.492188599999281,True,True,time_limit_guard_at_iteration_boundary,True,2,04_symmetric_wall_clock_ejection_on_off/on/raw_runs.csv
Symmetric wall clock,Chao,Ejection ON,p7.2.e,3,2500,2.4477318999997806,2.4477318999997806,2199,290.0,290.0,0.0,98.36318612174394,15,2.130438199999844,0.3172936999999365,True,True,time_limit_guard_at_iteration_boundary,True,2,04_symmetric_wall_clock_ejection_on_off/on/raw_runs.csv
Symmetric wall clock,Chao,Ejection ON,p7.2.f,0,2500,3.569863325000369,3.569863325000369,2238,387.0,387.0,0.0,119.40959650266612,21,3.202759300000253,0.3671040250001169,True,True,time_limit_guard_at_iteration_boundary,True,2,04_symmetric_wall_clock_ejection_on_off/on/raw_runs.csv
Symmetric wall clock,Chao,Ejection ON,p7.2.f,1,2500,3.569863325000369,3.569863325000369,2312,387.0,387.0,0.0,119.40959650266612,21,3.2687372999989748,0.3011260250013947,True,True,time_limit_guard_at_iteration_boundary,True,2,04_symmetric_wall_clock_ejection_on_off/on/raw_runs.csv
Symmetric wall clock,Chao,Ejection ON,p7.2.f,2,2500,3.569863325000369,3.569863325000369,2416,387.0,387.0,0.0,119.40959650266612,21,3.3140026000000944,0.2558607250002751,True,True,time_limit_guard_at_iteration_boundary,True,2,04_symmetric_wall_clock_ejection_on_off/on/raw_runs.csv
Symmetric wall clock,Chao,Ejection ON,p7.2.f,3,2500,3.569863325000369,3.569863325000369,2135,387.0,387.0,0.0,119.40959650266612,21,3.096250099999452,0.4736132250009177,True,True,time_limit_guard_at_iteration_boundary,True,2,04_symmetric_wall_clock_ejection_on_off/on/raw_runs.csv
Symmetric wall clock,Chao,Ejection ON,p7.2.g,0,2500,5.193349575000411,5.193349575000411,2413,459.0,459.0,0.0,139.38253187114003,27,4.944758100000399,0.248591475000012,True,True,time_limit_guard_at_iteration_boundary,True,2,04_symmetric_wall_clock_ejection_on_off/on/raw_runs.csv
Symmetric wall clock,Chao,Ejection ON,p7.2.g,1,2500,5.193349575000411,5.193349575000411,2563,459.0,459.0,0.0,138.60041403222436,25,4.918370999999752,0.2749785750006595,True,True,time_limit_guard_at_iteration_boundary,True,2,04_symmetric_wall_clock_ejection_on_off/on/raw_runs.csv
Symmetric wall clock,Chao,Ejection ON,p7.2.g,2,2500,5.193349575000411,5.193349575000411,2259,459.0,459.0,0.0,139.38253187114003,27,4.7535444000004645,0.4398051749999467,True,True,time_limit_guard_at_iteration_boundary,True,2,04_symmetric_wall_clock_ejection_on_off/on/raw_runs.csv
Symmetric wall clock,Chao,Ejection ON,p7.2.g,3,2500,5.193349575000411,5.193349575000411,2471,459.0,459.0,0.0,139.38253187114003,27,4.943883299998561,0.2494662750018506,True,True,time_limit_guard_at_iteration_boundary,True,2,04_symmetric_wall_clock_ejection_on_off/on/raw_runs.csv
Symmetric wall clock,Chao,Ejection ON,p7.2.h,0,2500,5.941513924999981,5.941513924999981,2366,521.0,521.0,0.0,158.24260160323507,31,5.528665899999396,0.412848025000585,True,True,time_limit_guard_at_iteration_boundary,True,2,04_symmetric_wall_clock_ejection_on_off/on/raw_runs.csv
Symmetric wall clock,Chao,Ejection ON,p7.2.h,1,2500,5.941513924999981,5.941513924999981,2379,521.0,521.0,0.0,158.24260160323507,31,5.492824799999653,0.4486891250003282,True,True,time_limit_guard_at_iteration_boundary,True,2,04_symmetric_wall_clock_ejection_on_off/on/raw_runs.csv
Symmetric wall clock,Chao,Ejection ON,p7.2.h,2,2500,5.941513924999981,5.941513924999981,2336,521.0,521.0,0.0,158.24260160323507,31,5.549293899999611,0.3922200250003698,True,True,time_limit_guard_at_iteration_boundary,True,2,04_symmetric_wall_clock_ejection_on_off/on/raw_runs.csv
Symmetric wall clock,Chao,Ejection ON,p7.2.h,3,2500,5.941513924999981,5.941513924999981,2329,521.0,521.0,0.0,158.24260160323507,31,5.65754779999952,0.283966125000461,True,True,time_limit_guard_at_iteration_boundary,True,2,04_symmetric_wall_clock_ejection_on_off/on/raw_runs.csv
Symmetric wall clock,Chao,Ejection ON,p7.2.i,0,2500,6.343717100000049,6.343717100000049,2334,579.0,580.0,0.1724137931034483,176.94684897197487,33,5.95783979999942,0.3858773000006295,True,True,time_limit_guard_at_iteration_boundary,True,2,04_symmetric_wall_clock_ejection_on_off/on/raw_runs.csv
Symmetric wall clock,Chao,Ejection ON,p7.2.i,1,2500,6.343717100000049,6.343717100000049,2280,578.0,580.0,0.3448275862068966,177.9115388854371,36,6.09588580000127,0.2478312999987793,True,True,time_limit_guard_at_iteration_boundary,True,2,04_symmetric_wall_clock_ejection_on_off/on/raw_runs.csv
Symmetric wall clock,Chao,Ejection ON,p7.2.i,2,2500,6.343717100000049,6.343717100000049,2304,578.0,580.0,0.3448275862068966,177.9115388854371,36,6.095615200001703,0.2481018999983462,True,True,time_limit_guard_at_iteration_boundary,True,2,04_symmetric_wall_clock_ejection_on_off/on/raw_runs.csv
Symmetric wall clock,Chao,Ejection ON,p7.2.i,3,2500,6.343717100000049,6.343717100000049,2585,579.0,580.0,0.1724137931034483,179.74982581015595,32,6.095666299999721,0.2480508000003283,True,True,time_limit_guard_at_iteration_boundary,True,2,04_symmetric_wall_clock_ejection_on_off/on/raw_runs.csv
Symmetric wall clock,Chao,Ejection ON,p7.2.j,0,2500,6.691466100000525,6.691466100000525,2538,644.0,646.0,0.3095975232198142,199.9414665813473,34,6.441961499998797,0.2495046000017282,True,True,time_limit_guard_at_iteration_boundary,True,2,04_symmetric_wall_clock_ejection_on_off/on/raw_runs.csv
Symmetric wall clock,Chao,Ejection ON,p7.2.j,1,2500,6.691466100000525,6.691466100000525,2383,643.0,646.0,0.4643962848297213,198.87683949061383,35,6.442785299999741,0.248680800000784,True,True,time_limit_guard_at_iteration_boundary,True,2,04_symmetric_wall_clock_ejection_on_off/on/raw_runs.csv
Symmetric wall clock,Chao,Ejection ON,p7.2.j,2,2500,6.691466100000525,6.691466100000525,2364,643.0,646.0,0.4643962848297213,198.87683949061383,35,6.268804100000125,0.4226620000004004,True,True,time_limit_guard_at_iteration_boundary,True,2,04_symmetric_wall_clock_ejection_on_off/on/raw_runs.csv
Symmetric wall clock,Chao,Ejection ON,p7.2.j,3,2500,6.691466100000525,6.691466100000525,2445,644.0,646.0,0.3095975232198142,199.9414665813473,34,6.353968500001429,0.3374975999990965,True,True,time_limit_guard_at_iteration_boundary,True,2,04_symmetric_wall_clock_ejection_on_off/on/raw_runs.csv
Symmetric wall clock,Chao,Ejection ON,p7.2.k,0,2500,7.009295225000187,7.009295225000187,2414,705.0,705.0,0.0,218.8609596877049,38,6.760256699999445,0.249038525000742,True,True,time_limit_guard_at_iteration_boundary,True,2,04_symmetric_wall_clock_ejection_on_off/on/raw_runs.csv
Symmetric wall clock,Chao,Ejection ON,p7.2.k,1,2500,7.009295225000187,7.009295225000187,2396,702.0,705.0,0.425531914893617,218.10943597847304,39,6.760700299999371,0.2485949250008161,True,True,time_limit_guard_at_iteration_boundary,True,2,04_symmetric_wall_clock_ejection_on_off/on/raw_runs.csv
Symmetric wall clock,Chao,Ejection ON,p7.2.k,2,2500,7.009295225000187,7.009295225000187,2374,704.0,705.0,0.1418439716312056,219.34666150417075,40,6.760689099999581,0.2486061250006059,True,True,time_limit_guard_at_iteration_boundary,True,2,04_symmetric_wall_clock_ejection_on_off/on/raw_runs.csv
Symmetric wall clock,Chao,Ejection ON,p7.2.k,3,2500,7.009295225000187,7.009295225000187,2379,702.0,705.0,0.425531914893617,218.74931395206528,39,6.760722600000008,0.2485726250001789,True,True,time_limit_guard_at_iteration_boundary,True,2,04_symmetric_wall_clock_ejection_on_off/on/raw_runs.csv
Symmetric wall clock,Chao,Ejection ON,p7.2.l,0,2500,7.582449850000557,7.582449850000557,2388,767.0,767.0,0.0,237.6125071842121,42,7.333502600000429,0.2489472500001284,True,True,time_limit_guard_at_iteration_boundary,True,2,04_symmetric_wall_clock_ejection_on_off/on/raw_runs.csv
Symmetric wall clock,Chao,Ejection ON,p7.2.l,1,2500,7.582449850000557,7.582449850000557,2370,731.0,767.0,4.69361147327249,238.87907974459077,41,7.33517959999881,0.2472702500017476,True,True,time_limit_guard_at_iteration_boundary,True,2,04_symmetric_wall_clock_ejection_on_off/on/raw_runs.csv
Symmetric wall clock,Chao,Ejection ON,p7.2.l,2,2500,7.582449850000557,7.582449850000557,2566,767.0,767.0,0.0,237.6125071842121,42,7.320930599998974,0.2615192500015837,True,True,time_limit_guard_at_iteration_boundary,True,2,04_symmetric_wall_clock_ejection_on_off/on/raw_runs.csv
Symmetric wall clock,Chao,Ejection ON,p7.2.l,3,2500,7.582449850000557,7.582449850000557,2104,751.0,767.0,2.0860495436766624,238.3099967422147,42,7.165468700000929,0.4169811499996285,True,True,time_limit_guard_at_iteration_boundary,True,2,04_symmetric_wall_clock_ejection_on_off/on/raw_runs.csv
Symmetric wall clock,Chao,Ejection ON,p7.2.m,0,2500,8.282400724999206,8.282400724999206,2276,765.0,827.0,7.496977025392987,255.9862235740696,44,8.034170999999333,0.2482297249998737,True,True,time_limit_guard_at_iteration_boundary,True,2,04_symmetric_wall_clock_ejection_on_off/on/raw_runs.csv
Symmetric wall clock,Chao,Ejection ON,p7.2.m,1,2500,8.282400724999206,8.282400724999206,2520,818.0,827.0,1.0882708585247884,258.49697548529537,46,8.03308190000098,0.2493188249982267,True,True,time_limit_guard_at_iteration_boundary,True,2,04_symmetric_wall_clock_ejection_on_off/on/raw_runs.csv
Symmetric wall clock,Chao,Ejection ON,p7.2.m,2,2500,8.282400724999206,8.282400724999206,2500,827.0,827.0,0.0,258.59232567607967,46,8.03413940000064,0.2482613249985661,True,True,time_limit_guard_at_iteration_boundary,True,2,04_symmetric_wall_clock_ejection_on_off/on/raw_runs.csv
Symmetric wall clock,Chao,Ejection ON,p7.2.m,3,2500,8.282400724999206,8.282400724999206,2447,802.0,827.0,3.022974607013301,258.8077985631802,43,8.032632299999023,0.2497684250001839,True,True,time_limit_guard_at_iteration_boundary,True,2,04_symmetric_wall_clock_ejection_on_off/on/raw_runs.csv
Symmetric wall clock,Chao,Ejection ON,p7.2.n,0,2500,8.72089752500051,8.72089752500051,2290,888.0,888.0,0.0,278.2980769821337,48,8.339814799999658,0.3810827250008515,True,True,time_limit_guard_at_iteration_boundary,True,2,04_symmetric_wall_clock_ejection_on_off/on/raw_runs.csv
Symmetric wall clock,Chao,Ejection ON,p7.2.n,1,2500,8.72089752500051,8.72089752500051,2374,888.0,888.0,0.0,278.2980769821337,48,8.461685600001147,0.2592119249993629,True,True,time_limit_guard_at_iteration_boundary,True,2,04_symmetric_wall_clock_ejection_on_off/on/raw_runs.csv
Symmetric wall clock,Chao,Ejection ON,p7.2.n,2,2500,8.72089752500051,8.72089752500051,2471,888.0,888.0,0.0,278.2980769821337,48,8.473108199999842,0.2477893250006673,True,True,time_limit_guard_at_iteration_boundary,True,2,04_symmetric_wall_clock_ejection_on_off/on/raw_runs.csv
Symmetric wall clock,Chao,Ejection ON,p7.2.n,3,2500,8.72089752500051,8.72089752500051,2440,888.0,888.0,0.0,278.2980769821337,48,8.473459699998784,0.2474378250017253,True,True,time_limit_guard_at_iteration_boundary,True,2,04_symmetric_wall_clock_ejection_on_off/on/raw_runs.csv
Symmetric wall clock,Chao,Ejection ON,p7.2.o,0,2500,9.018516125000133,9.018516125000133,2393,933.0,945.0,1.2698412698412698,299.0582272000787,52,8.769796100001258,0.2487200249988745,True,True,time_limit_guard_at_iteration_boundary,True,2,04_symmetric_wall_clock_ejection_on_off/on/raw_runs.csv
Symmetric wall clock,Chao,Ejection ON,p7.2.o,1,2500,9.018516125000133,9.018516125000133,2451,936.0,945.0,0.9523809523809524,299.2682430073835,51,8.76855230000001,0.2499638250001226,True,True,time_limit_guard_at_iteration_boundary,True,2,04_symmetric_wall_clock_ejection_on_off/on/raw_runs.csv
Symmetric wall clock,Chao,Ejection ON,p7.2.o,2,2500,9.018516125000133,9.018516125000133,2409,933.0,945.0,1.2698412698412698,299.0582272000787,52,8.769852700001138,0.2486634249989947,True,True,time_limit_guard_at_iteration_boundary,True,2,04_symmetric_wall_clock_ejection_on_off/on/raw_runs.csv
Symmetric wall clock,Chao,Ejection ON,p7.2.o,3,2500,9.018516125000133,9.018516125000133,2502,945.0,945.0,0.0,297.66893790511244,52,8.706880600000659,0.311635524999474,True,True,time_limit_guard_at_iteration_boundary,True,2,04_symmetric_wall_clock_ejection_on_off/on/raw_runs.csv
Symmetric wall clock,Chao,Ejection ON,p7.2.p,0,2500,9.66209047500024,9.66209047500024,2698,1002.0,1002.0,0.0,318.3143897412544,53,9.41440639999928,0.2476840750009614,True,True,time_limit_guard_at_iteration_boundary,True,2,04_symmetric_wall_clock_ejection_on_off/on/raw_runs.csv
Symmetric wall clock,Chao,Ejection ON,p7.2.p,1,2500,9.66209047500024,9.66209047500024,2064,958.0,1002.0,4.391217564870259,319.6834123884251,55,9.416254799998567,0.2458356750016719,True,True,time_limit_guard_at_iteration_boundary,True,2,04_symmetric_wall_clock_ejection_on_off/on/raw_runs.csv
Symmetric wall clock,Chao,Ejection ON,p7.2.p,2,2500,9.66209047500024,9.66209047500024,2701,1002.0,1002.0,0.0,318.3143897412544,53,9.413257700000033,0.2488327750002099,True,True,time_limit_guard_at_iteration_boundary,True,2,04_symmetric_wall_clock_ejection_on_off/on/raw_runs.csv
Symmetric wall clock,Chao,Ejection ON,p7.2.p,3,2500,9.66209047500024,9.66209047500024,2518,1000.0,1002.0,0.1996007984031936,319.78260780199736,55,9.4136383999994,0.2484520750008414,True,True,time_limit_guard_at_iteration_boundary,True,2,04_symmetric_wall_clock_ejection_on_off/on/raw_runs.csv
Symmetric wall clock,Chao,Ejection ON,p7.2.q,0,2500,10.50594052500037,10.50594052500037,2381,1019.0,1044.0,2.3946360153256707,339.2158067853464,58,10.259237000000212,0.2467035250001572,True,True,time_limit_guard_at_iteration_boundary,True,2,04_symmetric_wall_clock_ejection_on_off/on/raw_runs.csv
Symmetric wall clock,Chao,Ejection ON,p7.2.q,1,2500,10.50594052500037,10.50594052500037,2566,1023.0,1044.0,2.0114942528735638,339.5761818153961,58,10.099175400000604,0.4067651249997652,True,True,time_limit_guard_at_iteration_boundary,True,2,04_symmetric_wall_clock_ejection_on_off/on/raw_runs.csv
Symmetric wall clock,Chao,Ejection ON,p7.2.q,2,2500,10.50594052500037,10.50594052500037,2437,1019.0,1044.0,2.3946360153256707,338.62450231998014,58,10.25728639999943,0.2486541250009395,True,True,time_limit_guard_at_iteration_boundary,True,2,04_symmetric_wall_clock_ejection_on_off/on/raw_runs.csv
Symmetric wall clock,Chao,Ejection ON,p7.2.q,3,2500,10.50594052500037,10.50594052500037,2583,1021.0,1044.0,2.203065134099617,339.5336267821379,55,10.237800699998845,0.2681398250015263,True,True,time_limit_guard_at_iteration_boundary,True,2,04_symmetric_wall_clock_ejection_on_off/on/raw_runs.csv
Symmetric wall clock,Chao,Ejection ON,p7.2.r,0,2500,10.3198067000003,10.3198067000003,2529,1042.0,1094.0,4.753199268738574,358.7723607939846,58,10.052599500000724,0.2672071999995751,True,True,time_limit_guard_at_iteration_boundary,True,2,04_symmetric_wall_clock_ejection_on_off/on/raw_runs.csv
Symmetric wall clock,Chao,Ejection ON,p7.2.r,1,2500,10.3198067000003,10.3198067000003,2378,1033.0,1094.0,5.575868372943328,358.52844165319414,58,10.070814200000314,0.2489924999999857,True,True,time_limit_guard_at_iteration_boundary,True,2,04_symmetric_wall_clock_ejection_on_off/on/raw_runs.csv
Symmetric wall clock,Chao,Ejection ON,p7.2.r,2,2500,10.3198067000003,10.3198067000003,2350,1038.0,1094.0,5.118829981718465,358.09438186589455,59,9.856663300000946,0.4631433999993533,True,True,time_limit_guard_at_iteration_boundary,True,2,04_symmetric_wall_clock_ejection_on_off/on/raw_runs.csv
Symmetric wall clock,Chao,Ejection ON,p7.2.r,3,2500,10.3198067000003,10.3198067000003,2372,1085.0,1094.0,0.8226691042047533,358.80930907727657,62,10.04914370000006,0.2706630000002406,True,True,time_limit_guard_at_iteration_boundary,True,2,04_symmetric_wall_clock_ejection_on_off/on/raw_runs.csv
Symmetric wall clock,Chao,Ejection ON,p7.2.s,0,2500,10.608844649999355,10.608844649999355,2359,1084.0,1136.0,4.577464788732394,378.64513433296446,62,10.36282349999965,0.2460211499997058,True,True,time_limit_guard_at_iteration_boundary,True,2,04_symmetric_wall_clock_ejection_on_off/on/raw_runs.csv
Symmetric wall clock,Chao,Ejection ON,p7.2.s,1,2500,10.608844649999355,10.608844649999355,2469,1127.0,1136.0,0.7922535211267606,378.6481333988245,63,10.360772400001224,0.2480722499981311,True,True,time_limit_guard_at_iteration_boundary,True,2,04_symmetric_wall_clock_ejection_on_off/on/raw_runs.csv
Symmetric wall clock,Chao,Ejection ON,p7.2.s,2,2500,10.608844649999355,10.608844649999355,2602,1136.0,1136.0,0.0,379.2882775863054,64,10.360971600000994,0.2478730499983612,True,True,time_limit_guard_at_iteration_boundary,True,2,04_symmetric_wall_clock_ejection_on_off/on/raw_runs.csv
Symmetric wall clock,Chao,Ejection ON,p7.2.s,3,2500,10.608844649999355,10.608844649999355,2205,1084.0,1136.0,4.577464788732394,378.64513433296446,62,10.15971030000037,0.4491343499989852,True,True,time_limit_guard_at_iteration_boundary,True,2,04_symmetric_wall_clock_ejection_on_off/on/raw_runs.csv
Symmetric wall clock,Chao,Ejection ON,p7.2.t,0,2500,10.843478000000232,10.843478000000232,2597,1125.0,1179.0,4.580152671755725,397.2010580975892,62,10.595241500001066,0.2482364999991659,True,True,time_limit_guard_at_iteration_boundary,True,2,04_symmetric_wall_clock_ejection_on_off/on/raw_runs.csv
Symmetric wall clock,Chao,Ejection ON,p7.2.t,1,2500,10.843478000000232,10.843478000000232,2629,1125.0,1179.0,4.580152671755725,397.2010580975892,62,10.595251400000052,0.24822660000018,True,True,time_limit_guard_at_iteration_boundary,True,2,04_symmetric_wall_clock_ejection_on_off/on/raw_runs.csv
Symmetric wall clock,Chao,Ejection ON,p7.2.t,2,2500,10.843478000000232,10.843478000000232,2558,1125.0,1179.0,4.580152671755725,397.2010580975892,62,10.595120200001476,0.2483577999987574,True,True,time_limit_guard_at_iteration_boundary,True,2,04_symmetric_wall_clock_ejection_on_off/on/raw_runs.csv
Symmetric wall clock,Chao,Ejection ON,p7.2.t,3,2500,10.843478000000232,10.843478000000232,2531,1126.0,1179.0,4.495335029686175,398.4122533119758,64,10.597551099999691,0.2459269000005406,True,True,time_limit_guard_at_iteration_boundary,True,2,04_symmetric_wall_clock_ejection_on_off/on/raw_runs.csv
Symmetric wall clock,Chao,Ejection ON,p7.3.h,0,2500,3.63703277500008,3.63703277500008,2093,425.0,425.0,0.0,155.33992998874575,24,3.237036000000444,0.3999967749996358,True,True,time_limit_guard_at_iteration_boundary,True,2,04_symmetric_wall_clock_ejection_on_off/on/raw_runs.csv
Symmetric wall clock,Chao,Ejection ON,p7.3.h,1,2500,3.63703277500008,3.63703277500008,2332,425.0,425.0,0.0,155.33992998874575,24,3.371046700000079,0.2659860750000007,True,True,time_limit_guard_at_iteration_boundary,True,2,04_symmetric_wall_clock_ejection_on_off/on/raw_runs.csv
Symmetric wall clock,Chao,Ejection ON,p7.3.h,2,2500,3.63703277500008,3.63703277500008,2162,425.0,425.0,0.0,155.33992998874575,24,3.198924399999669,0.4381083750004109,True,True,time_limit_guard_at_iteration_boundary,True,2,04_symmetric_wall_clock_ejection_on_off/on/raw_runs.csv
Symmetric wall clock,Chao,Ejection ON,p7.3.h,3,2500,3.63703277500008,3.63703277500008,2226,425.0,425.0,0.0,155.33992998874575,24,3.2478566999998293,0.3891760750002504,True,True,time_limit_guard_at_iteration_boundary,True,2,04_symmetric_wall_clock_ejection_on_off/on/raw_runs.csv
Symmetric wall clock,Chao,Ejection ON,p7.3.i,0,2500,4.341944450000483,4.341944450000483,2228,487.0,487.0,0.0,177.8798069305671,28,3.970012499999939,0.371931950000544,True,True,time_limit_guard_at_iteration_boundary,True,2,04_symmetric_wall_clock_ejection_on_off/on/raw_runs.csv
Symmetric wall clock,Chao,Ejection ON,p7.3.i,1,2500,4.341944450000483,4.341944450000483,2289,484.0,487.0,0.6160164271047228,178.9968157464261,28,4.093463299999712,0.2484811500007708,True,True,time_limit_guard_at_iteration_boundary,True,2,04_symmetric_wall_clock_ejection_on_off/on/raw_runs.csv
Symmetric wall clock,Chao,Ejection ON,p7.3.i,2,2500,4.341944450000483,4.341944450000483,2358,486.0,487.0,0.2053388090349076,177.5089514050699,27,4.034117100000003,0.3078273500004798,True,True,time_limit_guard_at_iteration_boundary,True,2,04_symmetric_wall_clock_ejection_on_off/on/raw_runs.csv
Symmetric wall clock,Chao,Ejection ON,p7.3.i,3,2500,4.341944450000483,4.341944450000483,2215,480.0,487.0,1.4373716632443532,178.4278777644114,27,3.8538305000001856,0.4881139500002973,True,True,time_limit_guard_at_iteration_boundary,True,2,04_symmetric_wall_clock_ejection_on_off/on/raw_runs.csv
Symmetric wall clock,Chao,Ejection ON,p7.3.j,0,2500,4.910080750000816,4.910080750000816,2407,560.0,564.0,0.7092198581560284,197.9984473229488,31,4.661004300000059,0.2490764500007571,True,True,time_limit_guard_at_iteration_boundary,True,2,04_symmetric_wall_clock_ejection_on_off/on/raw_runs.csv
Symmetric wall clock,Chao,Ejection ON,p7.3.j,1,2500,4.910080750000816,4.910080750000816,2260,560.0,564.0,0.7092198581560284,197.35856934935651,31,4.425842500000726,0.4842382500000894,True,True,time_limit_guard_at_iteration_boundary,True,2,04_symmetric_wall_clock_ejection_on_off/on/raw_runs.csv
Symmetric wall clock,Chao,Ejection ON,p7.3.j,2,2500,4.910080750000816,4.910080750000816,2269,560.0,564.0,0.7092198581560284,197.35856934935651,31,4.430527299999085,0.4795534500017311,True,True,time_limit_guard_at_iteration_boundary,True,2,04_symmetric_wall_clock_ejection_on_off/on/raw_runs.csv
Symmetric wall clock,Chao,Ejection ON,p7.3.j,3,2500,4.910080750000816,4.910080750000816,2247,560.0,564.0,0.7092198581560284,197.9984473229488,31,4.472633100000167,0.4374476500006494,True,True,time_limit_guard_at_iteration_boundary,True,2,04_symmetric_wall_clock_ejection_on_off/on/raw_runs.csv
Symmetric wall clock,Chao,Ejection ON,p7.3.k,0,2500,6.26389805000008,6.26389805000008,2499,632.0,633.0,0.1579778830963665,217.2240789917358,35,5.96415960000013,0.2997384499999498,True,True,time_limit_guard_at_iteration_boundary,True,2,04_symmetric_wall_clock_ejection_on_off/on/raw_runs.csv
Symmetric wall clock,Chao,Ejection ON,p7.3.k,1,2500,6.26389805000008,6.26389805000008,2312,632.0,633.0,0.1579778830963665,217.2240789917358,35,5.778393600001436,0.4855044499986434,True,True,time_limit_guard_at_iteration_boundary,True,2,04_symmetric_wall_clock_ejection_on_off/on/raw_runs.csv
Symmetric wall clock,Chao,Ejection ON,p7.3.k,2,2500,6.26389805000008,6.26389805000008,2284,628.0,633.0,0.7898894154818326,217.8270781682865,37,6.016835899999933,0.247062150000147,True,True,time_limit_guard_at_iteration_boundary,True,2,04_symmetric_wall_clock_ejection_on_off/on/raw_runs.csv
Symmetric wall clock,Chao,Ejection ON,p7.3.k,3,2500,6.26389805000008,6.26389805000008,2459,633.0,633.0,0.0,217.9935387156968,35,6.014420200001041,0.2494778499990388,True,True,time_limit_guard_at_iteration_boundary,True,2,04_symmetric_wall_clock_ejection_on_off/on/raw_runs.csv
Symmetric wall clock,Chao,Ejection ON,p7.3.l,0,2500,6.489253450000433,6.489253450000433,2338,684.0,684.0,0.0,235.4293364614576,37,6.1090255999988585,0.3802278500015745,True,True,time_limit_guard_at_iteration_boundary,True,2,04_symmetric_wall_clock_ejection_on_off/on/raw_runs.csv
Symmetric wall clock,Chao,Ejection ON,p7.3.l,1,2500,6.489253450000433,6.489253450000433,2360,683.0,684.0,0.1461988304093567,235.39098119344965,38,6.240180200000395,0.2490732500000376,True,True,time_limit_guard_at_iteration_boundary,True,2,04_symmetric_wall_clock_ejection_on_off/on/raw_runs.csv
Symmetric wall clock,Chao,Ejection ON,p7.3.l,2,2500,6.489253450000433,6.489253450000433,2295,681.0,684.0,0.4385964912280701,234.27708821527065,39,6.141799999999421,0.3474534500010122,True,True,time_limit_guard_at_iteration_boundary,True,2,04_symmetric_wall_clock_ejection_on_off/on/raw_runs.csv
Symmetric wall clock,Chao,Ejection ON,p7.3.l,3,2500,6.489253450000433,6.489253450000433,2302,683.0,684.0,0.1461988304093567,235.39098119344965,38,6.123243899999579,0.3660095500008538,True,True,time_limit_guard_at_iteration_boundary,True,2,04_symmetric_wall_clock_ejection_on_off/on/raw_runs.csv
Symmetric wall clock,Chao,Ejection ON,p7.3.m,0,2500,6.316391799999565,6.316391799999565,2340,762.0,762.0,0.0,258.91082424411934,41,5.969252199998664,0.3471396000009008,True,True,time_limit_guard_at_iteration_boundary,True,2,04_symmetric_wall_clock_ejection_on_off/on/raw_runs.csv
Symmetric wall clock,Chao,Ejection ON,p7.3.m,1,2500,6.316391799999565,6.316391799999565,2304,762.0,762.0,0.0,258.91082424411934,41,5.890488000000914,0.4259037999986503,True,True,time_limit_guard_at_iteration_boundary,True,2,04_symmetric_wall_clock_ejection_on_off/on/raw_runs.csv
Symmetric wall clock,Chao,Ejection ON,p7.3.m,2,2500,6.316391799999565,6.316391799999565,2159,755.0,762.0,0.9186351706036744,258.32710838719873,42,6.066495199998826,0.2498966000007385,True,True,time_limit_guard_at_iteration_boundary,True,2,04_symmetric_wall_clock_ejection_on_off/on/raw_runs.csv
Symmetric wall clock,Chao,Ejection ON,p7.3.m,3,2500,6.316391799999565,6.316391799999565,2462,762.0,762.0,0.0,258.91082424411934,41,6.067756299999019,0.248635500000546,True,True,time_limit_guard_at_iteration_boundary,True,2,04_symmetric_wall_clock_ejection_on_off/on/raw_runs.csv
Symmetric wall clock,Chao,Ejection ON,p7.3.n,0,2500,6.954018099999757,6.954018099999757,2276,797.0,820.0,2.804878048780488,276.62005984299424,44,6.596333700001196,0.3576843999985613,True,True,time_limit_guard_at_iteration_boundary,True,2,04_symmetric_wall_clock_ejection_on_off/on/raw_runs.csv
Symmetric wall clock,Chao,Ejection ON,p7.3.n,1,2500,6.954018099999757,6.954018099999757,2419,804.0,820.0,1.951219512195122,277.82915624684864,44,6.705472200001168,0.2485458999985894,True,True,time_limit_guard_at_iteration_boundary,True,2,04_symmetric_wall_clock_ejection_on_off/on/raw_runs.csv
Symmetric wall clock,Chao,Ejection ON,p7.3.n,2,2500,6.954018099999757,6.954018099999757,2439,794.0,820.0,3.1707317073170733,278.3750850910702,43,6.705213499999445,0.2488046000003123,True,True,time_limit_guard_at_iteration_boundary,True,2,04_symmetric_wall_clock_ejection_on_off/on/raw_runs.csv
Symmetric wall clock,Chao,Ejection ON,p7.3.n,3,2500,6.954018099999757,6.954018099999757,2330,803.0,820.0,2.073170731707317,276.6702310329853,44,6.539363100000628,0.4146549999991293,True,True,time_limit_guard_at_iteration_boundary,True,2,04_symmetric_wall_clock_ejection_on_off/on/raw_runs.csv
Symmetric wall clock,Chao,Ejection ON,p7.3.o,0,2500,7.014665999999579,7.014665999999579,2359,859.0,874.0,1.7162471395881007,297.10905708955363,46,6.768186999999671,0.2464789999999084,True,True,time_limit_guard_at_iteration_boundary,True,2,04_symmetric_wall_clock_ejection_on_off/on/raw_runs.csv
Symmetric wall clock,Chao,Ejection ON,p7.3.o,1,2500,7.014665999999579,7.014665999999579,2359,859.0,874.0,1.7162471395881007,297.10905708955363,46,6.7656389999992825,0.2490270000002965,True,True,time_limit_guard_at_iteration_boundary,True,2,04_symmetric_wall_clock_ejection_on_off/on/raw_runs.csv
Symmetric wall clock,Chao,Ejection ON,p7.3.o,2,2500,7.014665999999579,7.014665999999579,2405,859.0,874.0,1.7162471395881007,297.7489350631459,46,6.7658520999993925,0.2488139000001865,True,True,time_limit_guard_at_iteration_boundary,True,2,04_symmetric_wall_clock_ejection_on_off/on/raw_runs.csv
Symmetric wall clock,Chao,Ejection ON,p7.3.o,3,2500,7.014665999999579,7.014665999999579,2346,859.0,874.0,1.7162471395881007,299.33410347452576,48,6.766948099999354,0.2477179000002252,True,True,time_limit_guard_at_iteration_boundary,True,2,04_symmetric_wall_clock_ejection_on_off/on/raw_runs.csv
Symmetric wall clock,Chao,Ejection ON,p7.3.p,0,2500,7.389539050000167,7.389539050000167,2225,925.0,929.0,0.4305705059203444,318.49377286294487,55,7.141471900000397,0.2480671499997697,True,True,time_limit_guard_at_iteration_boundary,True,2,04_symmetric_wall_clock_ejection_on_off/on/raw_runs.csv
Symmetric wall clock,Chao,Ejection ON,p7.3.p,1,2500,7.389539050000167,7.389539050000167,2292,918.0,929.0,1.1840688912809472,319.0678619059579,51,6.918402299999798,0.4711367500003689,True,True,time_limit_guard_at_iteration_boundary,True,2,04_symmetric_wall_clock_ejection_on_off/on/raw_runs.csv
Symmetric wall clock,Chao,Ejection ON,p7.3.p,2,2500,7.389539050000167,7.389539050000167,2352,918.0,929.0,1.1840688912809472,317.50570885152507,47,7.140802199999598,0.2487368500005686,True,True,time_limit_guard_at_iteration_boundary,True,2,04_symmetric_wall_clock_ejection_on_off/on/raw_runs.csv
Symmetric wall clock,Chao,Ejection ON,p7.3.p,3,2500,7.389539050000167,7.389539050000167,2238,922.0,929.0,0.7534983853606028,316.594058011,52,7.14065169999958,0.2488873500005866,True,True,time_limit_guard_at_iteration_boundary,True,2,04_symmetric_wall_clock_ejection_on_off/on/raw_runs.csv
Symmetric wall clock,Chao,Ejection ON,p7.3.q,0,2500,7.743643349999729,7.743643349999729,2392,971.0,987.0,1.6210739614994931,336.91385827066654,52,7.270581499999025,0.473061850000704,True,True,time_limit_guard_at_iteration_boundary,True,2,04_symmetric_wall_clock_ejection_on_off/on/raw_runs.csv
Symmetric wall clock,Chao,Ejection ON,p7.3.q,1,2500,7.743643349999729,7.743643349999729,2297,971.0,987.0,1.6210739614994931,337.8764169097558,53,7.493702300000223,0.2499410499995065,True,True,time_limit_guard_at_iteration_boundary,True,2,04_symmetric_wall_clock_ejection_on_off/on/raw_runs.csv
Symmetric wall clock,Chao,Ejection ON,p7.3.q,2,2500,7.743643349999729,7.743643349999729,2376,971.0,987.0,1.6210739614994931,337.8764169097558,53,7.4948829999993904,0.2487603500003388,True,True,time_limit_guard_at_iteration_boundary,True,2,04_symmetric_wall_clock_ejection_on_off/on/raw_runs.csv
Symmetric wall clock,Chao,Ejection ON,p7.3.q,3,2500,7.743643349999729,7.743643349999729,2375,987.0,987.0,0.0,336.56079901122894,55,7.494586700000582,0.2490566499991473,True,True,time_limit_guard_at_iteration_boundary,True,2,04_symmetric_wall_clock_ejection_on_off/on/raw_runs.csv
Symmetric wall clock,Chao,Ejection ON,p7.3.r,0,2500,8.269940325000334,8.269940325000334,2366,1023.0,1026.0,0.2923976608187134,358.1914262097663,57,7.968950399999812,0.3009899250005219,True,True,time_limit_guard_at_iteration_boundary,True,2,04_symmetric_wall_clock_ejection_on_off/on/raw_runs.csv
Symmetric wall clock,Chao,Ejection ON,p7.3.r,1,2500,8.269940325000334,8.269940325000334,2492,1020.0,1026.0,0.5847953216374269,357.9149463885896,58,8.020748299999468,0.2491920250008661,True,True,time_limit_guard_at_iteration_boundary,True,2,04_symmetric_wall_clock_ejection_on_off/on/raw_runs.csv
Symmetric wall clock,Chao,Ejection ON,p7.3.r,2,2500,8.269940325000334,8.269940325000334,2389,1021.0,1026.0,0.4873294346978557,358.6328015688757,56,7.828482700000677,0.4414576249996571,True,True,time_limit_guard_at_iteration_boundary,True,2,04_symmetric_wall_clock_ejection_on_off/on/raw_runs.csv
Symmetric wall clock,Chao,Ejection ON,p7.3.r,3,2500,8.269940325000334,8.269940325000334,2498,1009.0,1026.0,1.6569200779727096,358.3270578736043,58,8.022961999999097,0.2469783250012369,True,True,time_limit_guard_at_iteration_boundary,True,2,04_symmetric_wall_clock_ejection_on_off/on/raw_runs.csv
Symmetric wall clock,Chao,Ejection ON,p7.3.s,0,2500,8.896971825000492,8.896971825000492,2278,1057.0,1081.0,2.2201665124884364,377.6464348422713,61,8.602688500001022,0.2942833249994692,True,True,time_limit_guard_at_iteration_boundary,True,2,04_symmetric_wall_clock_ejection_on_off/on/raw_runs.csv
Symmetric wall clock,Chao,Ejection ON,p7.3.s,1,2500,8.896971825000492,8.896971825000492,2379,1012.0,1081.0,6.382978723404255,377.580823106416,62,8.65051929999936,0.246452525001132,True,True,time_limit_guard_at_iteration_boundary,True,2,04_symmetric_wall_clock_ejection_on_off/on/raw_runs.csv
Symmetric wall clock,Chao,Ejection ON,p7.3.s,2,2500,8.896971825000492,8.896971825000492,2343,1057.0,1081.0,2.2201665124884364,377.6464348422713,61,8.647462400000222,0.2495094250002694,True,True,time_limit_guard_at_iteration_boundary,True,2,04_symmetric_wall_clock_ejection_on_off/on/raw_runs.csv
Symmetric wall clock,Chao,Ejection ON,p7.3.s,3,2500,8.896971825000492,8.896971825000492,2479,1079.0,1081.0,0.185013876040703,377.5469044985385,60,8.65005100000053,0.246920824999961,True,True,time_limit_guard_at_iteration_boundary,True,2,04_symmetric_wall_clock_ejection_on_off/on/raw_runs.csv
Symmetric wall clock,Chao,Ejection ON,p7.3.t,0,2500,9.199892474999617,9.199892474999617,2412,1118.0,1120.0,0.1785714285714285,397.3546555116928,65,8.707004900001266,0.492887574998349,True,True,time_limit_guard_at_iteration_boundary,True,2,04_symmetric_wall_clock_ejection_on_off/on/raw_runs.csv
Symmetric wall clock,Chao,Ejection ON,p7.3.t,1,2500,9.199892474999617,9.199892474999617,2538,1112.0,1120.0,0.7142857142857143,397.6157982503752,62,8.951527900000656,0.2483645749989591,True,True,time_limit_guard_at_iteration_boundary,True,2,04_symmetric_wall_clock_ejection_on_off/on/raw_runs.csv
Symmetric wall clock,Chao,Ejection ON,p7.3.t,2,2500,9.199892474999617,9.199892474999617,2581,1118.0,1120.0,0.1785714285714285,397.3546555116928,65,8.9505079999999,0.2493844749997151,True,True,time_limit_guard_at_iteration_boundary,True,2,04_symmetric_wall_clock_ejection_on_off/on/raw_runs.csv
Symmetric wall clock,Chao,Ejection ON,p7.3.t,3,2500,9.199892474999617,9.199892474999617,2283,1056.0,1120.0,5.714285714285714,397.4933141788166,65,8.952162499999758,0.2477299749998565,True,True,time_limit_guard_at_iteration_boundary,True,2,04_symmetric_wall_clock_ejection_on_off/on/raw_runs.csv
Symmetric wall clock,Chao,Ejection ON,p7.4.g,0,2500,2.230402299999241,2.230402299999241,2108,217.0,217.0,0.0,131.83781040222212,14,1.8754125000014028,0.3549897999978384,True,True,time_limit_guard_at_iteration_boundary,True,2,04_symmetric_wall_clock_ejection_on_off/on/raw_runs.csv
Symmetric wall clock,Chao,Ejection ON,p7.4.g,1,2500,2.230402299999241,2.230402299999241,2120,217.0,217.0,0.0,131.83781040222212,14,1.8775404000007256,0.3528618999985156,True,True,time_limit_guard_at_iteration_boundary,True,2,04_symmetric_wall_clock_ejection_on_off/on/raw_runs.csv
Symmetric wall clock,Chao,Ejection ON,p7.4.g,2,2500,2.230402299999241,2.230402299999241,2013,217.0,217.0,0.0,131.83781040222212,14,1.8025278000004616,0.4278744999987793,True,True,time_limit_guard_at_iteration_boundary,True,2,04_symmetric_wall_clock_ejection_on_off/on/raw_runs.csv
Symmetric wall clock,Chao,Ejection ON,p7.4.g,3,2500,2.230402299999241,2.230402299999241,1954,217.0,217.0,0.0,131.83781040222212,14,1.783991899999819,0.4464103999994222,True,True,time_limit_guard_at_iteration_boundary,True,2,04_symmetric_wall_clock_ejection_on_off/on/raw_runs.csv
Symmetric wall clock,Chao,Ejection ON,p7.4.h,0,2500,2.711994350000168,2.711994350000168,2123,285.0,285.0,0.0,152.1288982683614,18,2.286161200001516,0.4258331499986525,True,True,time_limit_guard_at_iteration_boundary,True,2,04_symmetric_wall_clock_ejection_on_off/on/raw_runs.csv
Symmetric wall clock,Chao,Ejection ON,p7.4.h,1,2500,2.711994350000168,2.711994350000168,2037,285.0,285.0,0.0,152.1288982683614,18,2.2193493000013405,0.4926450499988277,True,True,time_limit_guard_at_iteration_boundary,True,2,04_symmetric_wall_clock_ejection_on_off/on/raw_runs.csv
Symmetric wall clock,Chao,Ejection ON,p7.4.h,2,2500,2.711994350000168,2.711994350000168,2158,285.0,285.0,0.0,152.1288982683614,18,2.331641200000377,0.3803531499997916,True,True,time_limit_guard_at_iteration_boundary,True,2,04_symmetric_wall_clock_ejection_on_off/on/raw_runs.csv
Symmetric wall clock,Chao,Ejection ON,p7.4.h,3,2500,2.711994350000168,2.711994350000168,2088,285.0,285.0,0.0,152.1288982683614,18,2.261153400000694,0.4508409499994741,True,True,time_limit_guard_at_iteration_boundary,True,2,04_symmetric_wall_clock_ejection_on_off/on/raw_runs.csv
Symmetric wall clock,Chao,Ejection ON,p7.4.i,0,2500,3.1855116500000804,3.1855116500000804,2113,366.0,366.0,0.0,176.48562670127455,21,2.6924687000009726,0.4930429499991078,True,True,time_limit_guard_at_iteration_boundary,True,2,04_symmetric_wall_clock_ejection_on_off/on/raw_runs.csv
Symmetric wall clock,Chao,Ejection ON,p7.4.i,1,2500,3.1855116500000804,3.1855116500000804,2257,366.0,366.0,0.0,176.48562670127455,21,2.8127539999986766,0.3727576500014038,True,True,time_limit_guard_at_iteration_boundary,True,2,04_symmetric_wall_clock_ejection_on_off/on/raw_runs.csv
Symmetric wall clock,Chao,Ejection ON,p7.4.i,2,2500,3.1855116500000804,3.1855116500000804,2087,366.0,366.0,0.0,176.48562670127455,21,2.7264035000007425,0.4591081499993379,True,True,time_limit_guard_at_iteration_boundary,True,2,04_symmetric_wall_clock_ejection_on_off/on/raw_runs.csv
Symmetric wall clock,Chao,Ejection ON,p7.4.i,3,2500,3.1855116500000804,3.1855116500000804,2127,366.0,366.0,0.0,176.48562670127455,21,2.728462400000353,0.4570492499997272,True,True,time_limit_guard_at_iteration_boundary,True,2,04_symmetric_wall_clock_ejection_on_off/on/raw_runs.csv
Symmetric wall clock,Chao,Ejection ON,p7.4.k,0,2500,4.843515449999359,4.843515449999359,2190,518.0,520.0,0.3846153846153846,215.4860999404388,31,4.380457999999635,0.4630574499997237,True,True,time_limit_guard_at_iteration_boundary,True,2,04_symmetric_wall_clock_ejection_on_off/on/raw_runs.csv
Symmetric wall clock,Chao,Ejection ON,p7.4.k,1,2500,4.843515449999359,4.843515449999359,2315,518.0,520.0,0.3846153846153846,215.4860999404388,31,4.404178200000388,0.4393372499989709,True,True,time_limit_guard_at_iteration_boundary,True,2,04_symmetric_wall_clock_ejection_on_off/on/raw_runs.csv
Symmetric wall clock,Chao,Ejection ON,p7.4.k,2,2500,4.843515449999359,4.843515449999359,2261,518.0,520.0,0.3846153846153846,215.4860999404388,31,4.569406000000527,0.2741094499988321,True,True,time_limit_guard_at_iteration_boundary,True,2,04_symmetric_wall_clock_ejection_on_off/on/raw_runs.csv
Symmetric wall clock,Chao,Ejection ON,p7.4.k,3,2500,4.843515449999359,4.843515449999359,2406,518.0,520.0,0.3846153846153846,215.4860999404388,31,4.594264600000315,0.2492508499990435,True,True,time_limit_guard_at_iteration_boundary,True,2,04_symmetric_wall_clock_ejection_on_off/on/raw_runs.csv
Symmetric wall clock,Chao,Ejection ON,p7.4.l,0,2500,5.106824675000098,5.106824675000098,2311,577.0,590.0,2.2033898305084745,236.4471573579017,34,4.793628700001136,0.3131959749989619,True,True,time_limit_guard_at_iteration_boundary,True,2,04_symmetric_wall_clock_ejection_on_off/on/raw_runs.csv
Symmetric wall clock,Chao,Ejection ON,p7.4.l,1,2500,5.106824675000098,5.106824675000098,2316,577.0,590.0,2.2033898305084745,236.8390563301662,33,4.857792400000108,0.2490322749999904,True,True,time_limit_guard_at_iteration_boundary,True,2,04_symmetric_wall_clock_ejection_on_off/on/raw_runs.csv
Symmetric wall clock,Chao,Ejection ON,p7.4.l,2,2500,5.106824675000098,5.106824675000098,2311,576.0,590.0,2.3728813559322037,235.82332820838627,35,4.715081199999986,0.3917434750001121,True,True,time_limit_guard_at_iteration_boundary,True,2,04_symmetric_wall_clock_ejection_on_off/on/raw_runs.csv
Symmetric wall clock,Chao,Ejection ON,p7.4.l,3,2500,5.106824675000098,5.106824675000098,2490,577.0,590.0,2.2033898305084745,235.9153539247308,34,4.856927600001654,0.2498970749984437,True,True,time_limit_guard_at_iteration_boundary,True,2,04_symmetric_wall_clock_ejection_on_off/on/raw_runs.csv
Symmetric wall clock,Chao,Ejection ON,p7.4.m,0,2500,5.672325449999789,5.672325449999789,2413,646.0,646.0,0.0,252.5118941169985,38,5.424387499999284,0.2479379500005052,True,True,time_limit_guard_at_iteration_boundary,True,2,04_symmetric_wall_clock_ejection_on_off/on/raw_runs.csv
Symmetric wall clock,Chao,Ejection ON,p7.4.m,1,2500,5.672325449999789,5.672325449999789,2450,646.0,646.0,0.0,252.5118941169985,38,5.423577099998511,0.2487483500012786,True,True,time_limit_guard_at_iteration_boundary,True,2,04_symmetric_wall_clock_ejection_on_off/on/raw_runs.csv
Symmetric wall clock,Chao,Ejection ON,p7.4.m,2,2500,5.672325449999789,5.672325449999789,2357,646.0,646.0,0.0,252.5118941169985,38,5.424566300000151,0.2477591499996378,True,True,time_limit_guard_at_iteration_boundary,True,2,04_symmetric_wall_clock_ejection_on_off/on/raw_runs.csv
Symmetric wall clock,Chao,Ejection ON,p7.4.m,3,2500,5.672325449999789,5.672325449999789,2452,646.0,646.0,0.0,252.5118941169985,38,5.42398779999894,0.2483376500008489,True,True,time_limit_guard_at_iteration_boundary,True,2,04_symmetric_wall_clock_ejection_on_off/on/raw_runs.csv
Symmetric wall clock,Chao,Ejection ON,p7.4.n,0,2500,6.741882575000091,6.741882575000091,2331,726.0,730.0,0.547945205479452,278.5165567932532,44,6.281154999998762,0.4607275750013286,True,True,time_limit_guard_at_iteration_boundary,True,2,04_symmetric_wall_clock_ejection_on_off/on/raw_runs.csv
Symmetric wall clock,Chao,Ejection ON,p7.4.n,1,2500,6.741882575000091,6.741882575000091,2406,726.0,730.0,0.547945205479452,278.5165567932532,44,6.492765200000576,0.2491173749995141,True,True,time_limit_guard_at_iteration_boundary,True,2,04_symmetric_wall_clock_ejection_on_off/on/raw_runs.csv
Symmetric wall clock,Chao,Ejection ON,p7.4.n,2,2500,6.741882575000091,6.741882575000091,2397,726.0,730.0,0.547945205479452,278.5165567932532,44,6.493905399998766,0.2479771750013242,True,True,time_limit_guard_at_iteration_boundary,True,2,04_symmetric_wall_clock_ejection_on_off/on/raw_runs.csv
Symmetric wall clock,Chao,Ejection ON,p7.4.n,3,2500,6.741882575000091,6.741882575000091,2765,726.0,730.0,0.547945205479452,278.5549120612611,44,6.399720999999772,0.3421615750003184,True,True,time_limit_guard_at_iteration_boundary,True,2,04_symmetric_wall_clock_ejection_on_off/on/raw_runs.csv
Symmetric wall clock,Chao,Ejection ON,p7.4.o,0,2500,6.809454424999785,6.809454424999785,2369,781.0,781.0,0.0,295.5151929989738,44,6.560468499999843,0.2489859249999426,True,True,time_limit_guard_at_iteration_boundary,True,2,04_symmetric_wall_clock_ejection_on_off/on/raw_runs.csv
Symmetric wall clock,Chao,Ejection ON,p7.4.o,1,2500,6.809454424999785,6.809454424999785,2342,781.0,781.0,0.0,295.5151929989738,44,6.337797000000137,0.4716574249996483,True,True,time_limit_guard_at_iteration_boundary,True,2,04_symmetric_wall_clock_ejection_on_off/on/raw_runs.csv
Symmetric wall clock,Chao,Ejection ON,p7.4.o,2,2500,6.809454424999785,6.809454424999785,2425,781.0,781.0,0.0,295.5151929989738,44,6.476072100000238,0.3333823249995475,True,True,time_limit_guard_at_iteration_boundary,True,2,04_symmetric_wall_clock_ejection_on_off/on/raw_runs.csv
Symmetric wall clock,Chao,Ejection ON,p7.4.o,3,2500,6.809454424999785,6.809454424999785,2319,781.0,781.0,0.0,295.5151929989738,44,6.33960450000086,0.4698499249989254,True,True,time_limit_guard_at_iteration_boundary,True,2,04_symmetric_wall_clock_ejection_on_off/on/raw_runs.csv
Symmetric wall clock,Chao,Ejection ON,p7.4.p,0,2500,7.157711650000692,7.157711650000692,2437,846.0,846.0,0.0,314.0214253123023,49,6.861211600000388,0.2965000500003043,True,True,time_limit_guard_at_iteration_boundary,True,2,04_symmetric_wall_clock_ejection_on_off/on/raw_runs.csv
Symmetric wall clock,Chao,Ejection ON,p7.4.p,1,2500,7.157711650000692,7.157711650000692,2477,846.0,846.0,0.0,314.0214253123023,49,6.885822700000063,0.2718889500006298,True,True,time_limit_guard_at_iteration_boundary,True,2,04_symmetric_wall_clock_ejection_on_off/on/raw_runs.csv
Symmetric wall clock,Chao,Ejection ON,p7.4.p,2,2500,7.157711650000692,7.157711650000692,2351,839.0,846.0,0.8274231678486997,318.1943251780073,49,6.703724400000283,0.4539872500004094,True,True,time_limit_guard_at_iteration_boundary,True,2,04_symmetric_wall_clock_ejection_on_off/on/raw_runs.csv
Symmetric wall clock,Chao,Ejection ON,p7.4.p,3,2500,7.157711650000692,7.157711650000692,2382,842.0,846.0,0.4728132387706856,314.22413982303533,49,6.712912999999389,0.444798650001303,True,True,time_limit_guard_at_iteration_boundary,True,2,04_symmetric_wall_clock_ejection_on_off/on/raw_runs.csv
Symmetric wall clock,Chao,Ejection ON,p7.4.q,0,2500,7.599131425000451,7.599131425000451,2507,907.0,909.0,0.22002200220022,333.3452150874157,52,7.354280300000028,0.244851125000423,True,True,time_limit_guard_at_iteration_boundary,True,2,04_symmetric_wall_clock_ejection_on_off/on/raw_runs.csv
Symmetric wall clock,Chao,Ejection ON,p7.4.q,1,2500,7.599131425000451,7.599131425000451,2465,908.0,909.0,0.11001100110011,335.63846000661005,50,7.350404200000412,0.2487272250000387,True,True,time_limit_guard_at_iteration_boundary,True,2,04_symmetric_wall_clock_ejection_on_off/on/raw_runs.csv
Symmetric wall clock,Chao,Ejection ON,p7.4.q,2,2500,7.599131425000451,7.599131425000451,2521,897.0,909.0,1.32013201320132,337.13574989246405,52,7.291327099999762,0.3078043250006885,True,True,time_limit_guard_at_iteration_boundary,True,2,04_symmetric_wall_clock_ejection_on_off/on/raw_runs.csv
Symmetric wall clock,Chao,Ejection ON,p7.4.q,3,2500,7.599131425000451,7.599131425000451,2499,909.0,909.0,0.0,335.2712450025707,51,7.349753200000123,0.2493782250003278,True,True,time_limit_guard_at_iteration_boundary,True,2,04_symmetric_wall_clock_ejection_on_off/on/raw_runs.csv
Symmetric wall clock,Chao,Ejection ON,p7.4.r,0,2500,7.4638690249998945,7.4638690249998945,2556,970.0,970.0,0.0,355.9297874080087,53,7.12029000000075,0.3435790249991441,True,True,time_limit_guard_at_iteration_boundary,True,2,04_symmetric_wall_clock_ejection_on_off/on/raw_runs.csv
Symmetric wall clock,Chao,Ejection ON,p7.4.r,1,2500,7.4638690249998945,7.4638690249998945,2490,970.0,970.0,0.0,355.9297874080087,53,7.213965499999176,0.2499035250007182,True,True,time_limit_guard_at_iteration_boundary,True,2,04_symmetric_wall_clock_ejection_on_off/on/raw_runs.csv
Symmetric wall clock,Chao,Ejection ON,p7.4.r,2,2500,7.4638690249998945,7.4638690249998945,2514,970.0,970.0,0.0,355.9297874080087,53,7.216248299999279,0.2476207250006155,True,True,time_limit_guard_at_iteration_boundary,True,2,04_symmetric_wall_clock_ejection_on_off/on/raw_runs.csv
Symmetric wall clock,Chao,Ejection ON,p7.4.r,3,2500,7.4638690249998945,7.4638690249998945,2607,967.0,970.0,0.3092783505154639,355.732694737434,55,7.21464879999985,0.2492202250000446,True,True,time_limit_guard_at_iteration_boundary,True,2,04_symmetric_wall_clock_ejection_on_off/on/raw_runs.csv
Symmetric wall clock,Chao,Ejection ON,p7.4.s,0,2500,7.606512374999056,7.606512374999056,2362,1022.0,1022.0,0.0,376.4270921184427,57,7.1299884999989445,0.4765238750001117,True,True,time_limit_guard_at_iteration_boundary,True,2,04_symmetric_wall_clock_ejection_on_off/on/raw_runs.csv
Symmetric wall clock,Chao,Ejection ON,p7.4.s,1,2500,7.606512374999056,7.606512374999056,2290,1022.0,1022.0,0.0,376.4270921184427,57,7.1793403000010585,0.4271720749979977,True,True,time_limit_guard_at_iteration_boundary,True,2,04_symmetric_wall_clock_ejection_on_off/on/raw_runs.csv
Symmetric wall clock,Chao,Ejection ON,p7.4.s,2,2500,7.606512374999056,7.606512374999056,2368,1022.0,1022.0,0.0,376.4270921184427,57,7.195562799999607,0.4109495749994494,True,True,time_limit_guard_at_iteration_boundary,True,2,04_symmetric_wall_clock_ejection_on_off/on/raw_runs.csv
Symmetric wall clock,Chao,Ejection ON,p7.4.s,3,2500,7.606512374999056,7.606512374999056,2421,1022.0,1022.0,0.0,376.4270921184427,57,7.320693199999368,0.2858191749996877,True,True,time_limit_guard_at_iteration_boundary,True,2,04_symmetric_wall_clock_ejection_on_off/on/raw_runs.csv
Symmetric wall clock,Chao,Ejection ON,p7.4.t,0,2500,7.737363849999383,7.737363849999383,2426,1077.0,1077.0,0.0,397.9320247995422,60,7.487813099998675,0.2495507500007079,True,True,time_limit_guard_at_iteration_boundary,True,2,04_symmetric_wall_clock_ejection_on_off/on/raw_runs.csv
Symmetric wall clock,Chao,Ejection ON,p7.4.t,1,2500,7.737363849999383,7.737363849999383,2358,1077.0,1077.0,0.0,397.9320247995422,60,7.489093799998955,0.2482700500004284,True,True,time_limit_guard_at_iteration_boundary,True,2,04_symmetric_wall_clock_ejection_on_off/on/raw_runs.csv
Symmetric wall clock,Chao,Ejection ON,p7.4.t,2,2500,7.737363849999383,7.737363849999383,2389,1077.0,1077.0,0.0,397.9320247995422,60,7.490110799999456,0.2472530499999266,True,True,time_limit_guard_at_iteration_boundary,True,2,04_symmetric_wall_clock_ejection_on_off/on/raw_runs.csv
Symmetric wall clock,Chao,Ejection ON,p7.4.t,3,2500,7.737363849999383,7.737363849999383,2384,1077.0,1077.0,0.0,397.9320247995422,60,7.487822099999903,0.2495417499994801,True,True,time_limit_guard_at_iteration_boundary,True,2,04_symmetric_wall_clock_ejection_on_off/on/raw_runs.csv
Symmetric wall clock,Dang,Ejection OFF,bier127_gen1_m2,0,2500,17.152962350000053,17.152962350000053,4043,105.0,106.0,0.9433962264150944,58691.70589572667,105,16.903706600001897,0.2492557499981558,True,True,time_limit_guard_at_iteration_boundary,True,2,04_symmetric_wall_clock_ejection_on_off/off/raw_runs.csv
Symmetric wall clock,Dang,Ejection OFF,bier127_gen1_m2,1,2500,17.152962350000053,17.152962350000053,3939,103.0,106.0,2.830188679245283,58351.958133438224,103,16.906784300001164,0.246178049998889,True,True,time_limit_guard_at_iteration_boundary,True,2,04_symmetric_wall_clock_ejection_on_off/off/raw_runs.csv
Symmetric wall clock,Dang,Ejection OFF,bier127_gen1_m2,2,2500,17.152962350000053,17.152962350000053,4177,105.0,106.0,0.9433962264150944,58395.95410451306,105,16.904298699999345,0.248663650000708,True,True,time_limit_guard_at_iteration_boundary,True,2,04_symmetric_wall_clock_ejection_on_off/off/raw_runs.csv
Symmetric wall clock,Dang,Ejection OFF,bier127_gen1_m2,3,2500,17.152962350000053,17.152962350000053,3895,104.0,106.0,1.8867924528301887,58606.04663043239,104,16.861450999997032,0.2915113500030202,True,True,time_limit_guard_at_iteration_boundary,True,2,04_symmetric_wall_clock_ejection_on_off/off/raw_runs.csv
Symmetric wall clock,Dang,Ejection OFF,bier127_gen1_m3,0,2500,14.07591869999942,14.07591869999942,3700,101.0,103.0,1.941747572815534,57005.71436475804,101,13.665066900000966,0.4108517999984542,True,True,time_limit_guard_at_iteration_boundary,True,2,04_symmetric_wall_clock_ejection_on_off/off/raw_runs.csv
Symmetric wall clock,Dang,Ejection OFF,bier127_gen1_m3,1,2500,14.07591869999942,14.07591869999942,3873,101.0,103.0,1.941747572815534,56616.47068624153,101,13.596294599999965,0.4796240999994552,True,True,time_limit_guard_at_iteration_boundary,True,2,04_symmetric_wall_clock_ejection_on_off/off/raw_runs.csv
Symmetric wall clock,Dang,Ejection OFF,bier127_gen1_m3,2,2500,14.07591869999942,14.07591869999942,3842,102.0,103.0,0.970873786407767,58376.46730162577,102,13.826178299997991,0.2497404000014285,True,True,time_limit_guard_at_iteration_boundary,True,2,04_symmetric_wall_clock_ejection_on_off/off/raw_runs.csv
Symmetric wall clock,Dang,Ejection OFF,bier127_gen1_m3,3,2500,14.07591869999942,14.07591869999942,3819,101.0,103.0,1.941747572815534,58007.75990694074,101,13.810765700000047,0.2651529999993727,True,True,time_limit_guard_at_iteration_boundary,True,2,04_symmetric_wall_clock_ejection_on_off/off/raw_runs.csv
Symmetric wall clock,Dang,Ejection OFF,bier127_gen2_m2,0,2500,25.534227200000718,25.534227200000718,3864,5393.0,5464.0,1.2994143484626648,58952.30031795557,102,24.97436200000084,0.5598651999998765,True,True,time_limit_guard_at_iteration_boundary,True,2,04_symmetric_wall_clock_ejection_on_off/off/raw_runs.csv
Symmetric wall clock,Dang,Ejection OFF,bier127_gen2_m2,1,2500,25.534227200000718,25.534227200000718,3349,5383.0,5464.0,1.4824304538799415,58961.67139227819,100,24.01005360000272,1.5241735999979935,True,True,time_limit_guard_at_iteration_boundary,True,2,04_symmetric_wall_clock_ejection_on_off/off/raw_runs.csv
Symmetric wall clock,Dang,Ejection OFF,bier127_gen2_m2,2,2500,25.534227200000718,25.534227200000718,3909,5393.0,5464.0,1.2994143484626648,58952.30031795557,102,25.104212599995662,0.4300146000050517,True,True,time_limit_guard_at_iteration_boundary,True,2,04_symmetric_wall_clock_ejection_on_off/off/raw_runs.csv
Symmetric wall clock,Dang,Ejection OFF,bier127_gen2_m2,3,2500,25.534227200000718,25.534227200000718,3349,5393.0,5464.0,1.2994143484626648,59077.45520597875,103,24.5942658999993,0.9399613000014142,True,True,time_limit_guard_at_iteration_boundary,True,2,04_symmetric_wall_clock_ejection_on_off/off/raw_runs.csv
Symmetric wall clock,Dang,Ejection OFF,bier127_gen2_m3,0,2500,16.727191424998637,16.727191424998637,4015,5136.0,5393.0,4.765436677174114,58874.52327187333,95,15.89059460000135,0.8365968249972866,True,True,time_limit_guard_at_iteration_boundary,True,2,04_symmetric_wall_clock_ejection_on_off/off/raw_runs.csv
Symmetric wall clock,Dang,Ejection OFF,bier127_gen2_m3,1,2500,16.727191424998637,16.727191424998637,3907,5120.0,5393.0,5.0621175597997405,58866.35197061796,97,16.477333000002545,0.2498584249960913,True,True,time_limit_guard_at_iteration_boundary,True,2,04_symmetric_wall_clock_ejection_on_off/off/raw_runs.csv
Symmetric wall clock,Dang,Ejection OFF,bier127_gen2_m3,2,2500,16.727191424998637,16.727191424998637,3972,5087.0,5393.0,5.6740218802150935,58424.59697560436,98,16.47823110000172,0.248960324996915,True,True,time_limit_guard_at_iteration_boundary,True,2,04_symmetric_wall_clock_ejection_on_off/off/raw_runs.csv
Symmetric wall clock,Dang,Ejection OFF,bier127_gen2_m3,3,2500,16.727191424998637,16.727191424998637,4121,5129.0,5393.0,4.895234563322826,58822.469350000654,96,16.4779927999989,0.2491986249997353,True,True,time_limit_guard_at_iteration_boundary,True,2,04_symmetric_wall_clock_ejection_on_off/off/raw_runs.csv
Symmetric wall clock,Dang,Ejection OFF,bier127_gen2_m4,0,2500,16.221627800000533,16.221627800000533,4049,5035.0,5123.0,1.7177435096623073,58573.04156344946,98,15.68181000000186,0.5398177999986729,True,True,time_limit_guard_at_iteration_boundary,True,2,04_symmetric_wall_clock_ejection_on_off/off/raw_runs.csv
Symmetric wall clock,Dang,Ejection OFF,bier127_gen2_m4,1,2500,16.221627800000533,16.221627800000533,4121,5117.0,5123.0,0.1171188756587936,58387.37545574491,99,15.974512399996456,0.2471154000040769,True,True,time_limit_guard_at_iteration_boundary,True,2,04_symmetric_wall_clock_ejection_on_off/off/raw_runs.csv
Symmetric wall clock,Dang,Ejection OFF,bier127_gen2_m4,2,2500,16.221627800000533,16.221627800000533,4784,4990.0,5123.0,2.59613507710326,58724.92626846016,95,15.972796299996844,0.2488315000036891,True,True,time_limit_guard_at_iteration_boundary,True,2,04_symmetric_wall_clock_ejection_on_off/off/raw_runs.csv
Symmetric wall clock,Dang,Ejection OFF,bier127_gen2_m4,3,2500,16.221627800000533,16.221627800000533,4259,5049.0,5123.0,1.444466133125122,58694.57924938427,97,15.971893900001303,0.249733899999228,True,True,time_limit_guard_at_iteration_boundary,True,2,04_symmetric_wall_clock_ejection_on_off/off/raw_runs.csv
Symmetric wall clock,Dang,Ejection OFF,bier127_gen3_m2,0,2500,29.387025175000417,29.387025175000417,2951,2789.0,2885.0,3.3275563258232235,59092.66021389734,99,27.59513850000076,1.7918866749996596,True,True,time_limit_guard_at_iteration_boundary,True,2,04_symmetric_wall_clock_ejection_on_off/off/raw_runs.csv
Symmetric wall clock,Dang,Ejection OFF,bier127_gen3_m2,1,2500,29.387025175000417,29.387025175000417,3648,2875.0,2885.0,0.3466204506065858,59002.679998979336,94,24.38227199999528,5.004753175005135,True,True,time_limit_guard_at_iteration_boundary,True,2,04_symmetric_wall_clock_ejection_on_off/off/raw_runs.csv
Symmetric wall clock,Dang,Ejection OFF,bier127_gen3_m2,2,2500,29.387025175000417,29.387025175000417,2936,2822.0,2885.0,2.1837088388214903,59051.66918359431,100,26.607456599995203,2.7795685750052144,True,True,time_limit_guard_at_iteration_boundary,True,2,04_symmetric_wall_clock_ejection_on_off/off/raw_runs.csv
Symmetric wall clock,Dang,Ejection OFF,bier127_gen3_m2,3,2500,29.387025175000417,29.387025175000417,2866,2820.0,2885.0,2.253032928942808,58909.73454373263,98,26.36170619999757,3.025318975002847,True,True,time_limit_guard_at_iteration_boundary,True,2,04_symmetric_wall_clock_ejection_on_off/off/raw_runs.csv
Symmetric wall clock,Dang,Ejection OFF,bier127_gen3_m3,0,2500,24.74875665000036,24.74875665000036,3572,2657.0,2706.0,1.810790835181079,58723.01720900645,98,23.086323800001992,1.6624328499983676,True,True,time_limit_guard_at_iteration_boundary,True,2,04_symmetric_wall_clock_ejection_on_off/off/raw_runs.csv
Symmetric wall clock,Dang,Ejection OFF,bier127_gen3_m3,1,2500,24.74875665000036,24.74875665000036,2496,2385.0,2706.0,11.862527716186252,58680.82569077691,99,22.83075459999964,1.918002050000723,True,True,time_limit_guard_at_iteration_boundary,True,2,04_symmetric_wall_clock_ejection_on_off/off/raw_runs.csv
Symmetric wall clock,Dang,Ejection OFF,bier127_gen3_m3,2,2500,24.74875665000036,24.74875665000036,3747,2669.0,2706.0,1.3673318551367333,58866.2119279153,97,23.05466899999737,1.6940876500029844,True,True,time_limit_guard_at_iteration_boundary,True,2,04_symmetric_wall_clock_ejection_on_off/off/raw_runs.csv
Symmetric wall clock,Dang,Ejection OFF,bier127_gen3_m3,3,2500,24.74875665000036,24.74875665000036,3467,2674.0,2706.0,1.1825572801182558,58824.90411809104,101,23.00412839999626,1.744628250004098,True,True,time_limit_guard_at_iteration_boundary,True,2,04_symmetric_wall_clock_ejection_on_off/off/raw_runs.csv
Symmetric wall clock,Dang,Ejection OFF,bier127_gen3_m4,0,2500,18.83668509999916,18.83668509999916,3655,2326.0,2402.0,3.164029975020816,58326.18180702998,100,17.984258399999817,0.8524266999993415,True,True,time_limit_guard_at_iteration_boundary,True,2,04_symmetric_wall_clock_ejection_on_off/off/raw_runs.csv
Symmetric wall clock,Dang,Ejection OFF,bier127_gen3_m4,1,2500,18.83668509999916,18.83668509999916,3862,2320.0,2402.0,3.4138218151540385,58757.57303535851,94,18.14504090000264,0.6916441999965173,True,True,time_limit_guard_at_iteration_boundary,True,2,04_symmetric_wall_clock_ejection_on_off/off/raw_runs.csv
Symmetric wall clock,Dang,Ejection OFF,bier127_gen3_m4,2,2500,18.83668509999916,18.83668509999916,3051,2372.0,2402.0,1.2489592006661117,58484.45317309312,101,17.694945800001733,1.1417392999974254,True,True,time_limit_guard_at_iteration_boundary,True,2,04_symmetric_wall_clock_ejection_on_off/off/raw_runs.csv
Symmetric wall clock,Dang,Ejection OFF,bier127_gen3_m4,3,2500,18.83668509999916,18.83668509999916,4009,2349.0,2402.0,2.206494587843464,59018.0606701868,97,17.718940699996892,1.117744400002266,True,True,time_limit_guard_at_iteration_boundary,True,2,04_symmetric_wall_clock_ejection_on_off/off/raw_runs.csv
Symmetric wall clock,Dang,Ejection OFF,cmt101c_m3,0,2500,9.301131875000465,9.301131875000465,4280,1270.0,1300.0,2.3076923076923075,370.8455749994099,67,9.001403000002028,0.2997288749984363,True,True,time_limit_guard_at_iteration_boundary,True,2,04_symmetric_wall_clock_ejection_on_off/off/raw_runs.csv
Symmetric wall clock,Dang,Ejection OFF,cmt101c_m3,1,2500,9.301131875000465,9.301131875000465,4640,1270.0,1300.0,2.3076923076923075,371.475903725839,69,9.053568099996482,0.2475637750039823,True,True,time_limit_guard_at_iteration_boundary,True,2,04_symmetric_wall_clock_ejection_on_off/off/raw_runs.csv
Symmetric wall clock,Dang,Ejection OFF,cmt101c_m3,2,2500,9.301131875000465,9.301131875000465,4429,1270.0,1300.0,2.3076923076923075,375.653981099128,69,9.05162659999769,0.2495052750027753,True,True,time_limit_guard_at_iteration_boundary,True,2,04_symmetric_wall_clock_ejection_on_off/off/raw_runs.csv
Symmetric wall clock,Dang,Ejection OFF,cmt101c_m3,3,2500,9.301131875000465,9.301131875000465,4795,1270.0,1300.0,2.3076923076923075,376.50388270648943,69,9.052020399998582,0.2491114750018823,True,True,time_limit_guard_at_iteration_boundary,True,2,04_symmetric_wall_clock_ejection_on_off/off/raw_runs.csv
Symmetric wall clock,Dang,Ejection OFF,cmt151b_m3,0,2500,15.708839575000638,15.708839575000638,3983,1365.0,1385.0,1.444043321299639,346.4046814134633,79,15.460280600003898,0.2485589749967403,True,True,time_limit_guard_at_iteration_boundary,True,2,04_symmetric_wall_clock_ejection_on_off/off/raw_runs.csv
Symmetric wall clock,Dang,Ejection OFF,cmt151b_m3,1,2500,15.708839575000638,15.708839575000638,4121,1369.0,1385.0,1.1552346570397112,347.01287307412,78,15.45197019999614,0.2568693750044986,True,True,time_limit_guard_at_iteration_boundary,True,2,04_symmetric_wall_clock_ejection_on_off/off/raw_runs.csv
Symmetric wall clock,Dang,Ejection OFF,cmt151b_m3,2,2500,15.708839575000638,15.708839575000638,4108,1364.0,1385.0,1.516245487364621,347.8199028008221,78,15.46108600000298,0.2477535749976596,True,True,time_limit_guard_at_iteration_boundary,True,2,04_symmetric_wall_clock_ejection_on_off/off/raw_runs.csv
Symmetric wall clock,Dang,Ejection OFF,cmt151b_m3,3,2500,15.708839575000638,15.708839575000638,4037,1369.0,1385.0,1.1552346570397112,347.01287307412,78,15.461650299999746,0.2471892750008919,True,True,time_limit_guard_at_iteration_boundary,True,2,04_symmetric_wall_clock_ejection_on_off/off/raw_runs.csv
Symmetric wall clock,Dang,Ejection OFF,cmt151c_m2,0,2500,23.293010200000023,23.293010200000023,3542,1940.0,1964.0,1.2219959266802445,523.5216181304394,116,22.27200429999357,1.0210059000064575,True,True,time_limit_guard_at_iteration_boundary,True,2,04_symmetric_wall_clock_ejection_on_off/off/raw_runs.csv
Symmetric wall clock,Dang,Ejection OFF,cmt151c_m2,1,2500,23.293010200000023,23.293010200000023,3596,1923.0,1964.0,2.0875763747454177,524.2574232377738,117,23.043476000006194,0.2495341999938318,True,True,time_limit_guard_at_iteration_boundary,True,2,04_symmetric_wall_clock_ejection_on_off/off/raw_runs.csv
Symmetric wall clock,Dang,Ejection OFF,cmt151c_m2,2,2500,23.293010200000023,23.293010200000023,3710,1935.0,1964.0,1.476578411405295,524.273187002857,117,22.936764599995517,0.3562456000045131,True,True,time_limit_guard_at_iteration_boundary,True,2,04_symmetric_wall_clock_ejection_on_off/off/raw_runs.csv
Symmetric wall clock,Dang,Ejection OFF,cmt151c_m2,3,2500,23.293010200000023,23.293010200000023,3599,1897.0,1964.0,3.4114052953156824,524.7292344443389,115,23.0485542000024,0.2444559999976263,True,True,time_limit_guard_at_iteration_boundary,True,2,04_symmetric_wall_clock_ejection_on_off/off/raw_runs.csv
Symmetric wall clock,Dang,Ejection OFF,cmt151c_m3,0,2500,19.459460425000543,19.459460425000543,4203,1890.0,1916.0,1.356993736951983,522.263067955394,109,19.211933300000965,0.2475271249995785,True,True,time_limit_guard_at_iteration_boundary,True,2,04_symmetric_wall_clock_ejection_on_off/off/raw_runs.csv
Symmetric wall clock,Dang,Ejection OFF,cmt151c_m3,1,2500,19.459460425000543,19.459460425000543,3389,1845.0,1916.0,3.705636743215032,523.63464623504,113,19.2145457000006,0.2449147249999441,True,True,time_limit_guard_at_iteration_boundary,True,2,04_symmetric_wall_clock_ejection_on_off/off/raw_runs.csv
Symmetric wall clock,Dang,Ejection OFF,cmt151c_m3,2,2500,19.459460425000543,19.459460425000543,4372,1888.0,1916.0,1.4613778705636744,521.2376927137291,111,19.213251399996807,0.2462090250037363,True,True,time_limit_guard_at_iteration_boundary,True,2,04_symmetric_wall_clock_ejection_on_off/off/raw_runs.csv
Symmetric wall clock,Dang,Ejection OFF,cmt151c_m3,3,2500,19.459460425000543,19.459460425000543,4064,1886.0,1916.0,1.5657620041753653,522.790239718934,112,19.127524599993198,0.3319358250073492,True,True,time_limit_guard_at_iteration_boundary,True,2,04_symmetric_wall_clock_ejection_on_off/off/raw_runs.csv
Symmetric wall clock,Dang,Ejection OFF,cmt151c_m4,0,2500,16.683133199999247,16.683133199999247,4101,1769.0,1880.0,5.904255319148936,521.9227361144547,109,16.43380210000032,0.2493310999989262,True,True,time_limit_guard_at_iteration_boundary,True,2,04_symmetric_wall_clock_ejection_on_off/off/raw_runs.csv
Symmetric wall clock,Dang,Ejection OFF,cmt151c_m4,1,2500,16.683133199999247,16.683133199999247,4228,1815.0,1880.0,3.4574468085106385,523.4895179370773,108,16.434172399996896,0.2489608000023508,True,True,time_limit_guard_at_iteration_boundary,True,2,04_symmetric_wall_clock_ejection_on_off/off/raw_runs.csv
Symmetric wall clock,Dang,Ejection OFF,cmt151c_m4,2,2500,16.683133199999247,16.683133199999247,3981,1839.0,1880.0,2.1808510638297878,521.6259643065227,112,16.285996200000227,0.3971369999990202,True,True,time_limit_guard_at_iteration_boundary,True,2,04_symmetric_wall_clock_ejection_on_off/off/raw_runs.csv
Symmetric wall clock,Dang,Ejection OFF,cmt151c_m4,3,2500,16.683133199999247,16.683133199999247,3828,1815.0,1880.0,3.4574468085106385,520.3128664153264,108,16.394857699997374,0.2882755000018733,True,True,time_limit_guard_at_iteration_boundary,True,2,04_symmetric_wall_clock_ejection_on_off/off/raw_runs.csv
Symmetric wall clock,Dang,Ejection OFF,cmt200b_m2,0,2500,39.156233175000125,39.156233175000125,3760,2013.0,2096.0,3.9599236641221376,381.6545315824601,112,37.4193712999986,1.736861875001523,True,True,time_limit_guard_at_iteration_boundary,True,2,04_symmetric_wall_clock_ejection_on_off/off/raw_runs.csv
Symmetric wall clock,Dang,Ejection OFF,cmt200b_m2,1,2500,39.156233175000125,39.156233175000125,3643,2053.0,2096.0,2.051526717557252,380.68481585872667,114,38.310691300001054,0.8455418749990713,True,True,time_limit_guard_at_iteration_boundary,True,2,04_symmetric_wall_clock_ejection_on_off/off/raw_runs.csv
Symmetric wall clock,Dang,Ejection OFF,cmt200b_m2,2,2500,39.156233175000125,39.156233175000125,3589,1988.0,2096.0,5.152671755725191,381.3624530216492,108,38.061276300002646,1.0949568749974787,True,True,time_limit_guard_at_iteration_boundary,True,2,04_symmetric_wall_clock_ejection_on_off/off/raw_runs.csv
Symmetric wall clock,Dang,Ejection OFF,cmt200b_m2,3,2500,39.156233175000125,39.156233175000125,3478,2015.0,2096.0,3.864503816793893,381.01285720365513,112,36.46157110000058,2.694662074999542,True,True,time_limit_guard_at_iteration_boundary,True,2,04_symmetric_wall_clock_ejection_on_off/off/raw_runs.csv
Symmetric wall clock,Dang,Ejection OFF,cmt200b_m3,0,2500,27.987053099999684,27.987053099999684,3777,1945.0,2019.0,3.6651807825656255,379.0275714617992,110,27.739342300003045,0.2477107999966392,True,True,time_limit_guard_at_iteration_boundary,True,2,04_symmetric_wall_clock_ejection_on_off/off/raw_runs.csv
Symmetric wall clock,Dang,Ejection OFF,cmt200b_m3,1,2500,27.987053099999684,27.987053099999684,4288,1921.0,2019.0,4.853888063397721,379.6489211684532,104,27.739905200003705,0.2471478999959799,True,True,time_limit_guard_at_iteration_boundary,True,2,04_symmetric_wall_clock_ejection_on_off/off/raw_runs.csv
Symmetric wall clock,Dang,Ejection OFF,cmt200b_m3,2,2500,27.987053099999684,27.987053099999684,4184,1882.0,2019.0,6.785537394749876,381.337023188349,106,27.737771899999643,0.2492812000000412,True,True,time_limit_guard_at_iteration_boundary,True,2,04_symmetric_wall_clock_ejection_on_off/off/raw_runs.csv
Symmetric wall clock,Dang,Ejection OFF,cmt200b_m3,3,2500,27.987053099999684,27.987053099999684,4189,1885.0,2019.0,6.636948984645865,381.4278133371367,104,27.18609920000017,0.8009538999995129,True,True,time_limit_guard_at_iteration_boundary,True,2,04_symmetric_wall_clock_ejection_on_off/off/raw_runs.csv
Symmetric wall clock,Dang,Ejection OFF,cmt200b_m4,0,2500,22.954132700000628,22.954132700000628,4325,1731.0,1894.0,8.606124604012672,379.6887952568607,98,22.705233400003635,0.2488992999969923,True,True,time_limit_guard_at_iteration_boundary,True,2,04_symmetric_wall_clock_ejection_on_off/off/raw_runs.csv
Symmetric wall clock,Dang,Ejection OFF,cmt200b_m4,1,2500,22.954132700000628,22.954132700000628,4340,1784.0,1894.0,5.807814149947202,379.98605133365584,98,22.709433000003628,0.2446996999969997,True,True,time_limit_guard_at_iteration_boundary,True,2,04_symmetric_wall_clock_ejection_on_off/off/raw_runs.csv
Symmetric wall clock,Dang,Ejection OFF,cmt200b_m4,2,2500,22.954132700000628,22.954132700000628,4527,1734.0,1894.0,8.447729672650475,380.9212055524167,99,22.710400100004332,0.2437325999962922,True,True,time_limit_guard_at_iteration_boundary,True,2,04_symmetric_wall_clock_ejection_on_off/off/raw_runs.csv
Symmetric wall clock,Dang,Ejection OFF,cmt200b_m4,3,2500,22.954132700000628,22.954132700000628,4161,1783.0,1894.0,5.860612460401267,379.3741929776619,101,22.71021750000364,0.2439151999969908,True,True,time_limit_guard_at_iteration_boundary,True,2,04_symmetric_wall_clock_ejection_on_off/off/raw_runs.csv
Symmetric wall clock,Dang,Ejection OFF,cmt200c_m2,0,2500,47.57637597499979,47.57637597499979,3524,2747.0,2818.0,2.5195173882185946,572.201878751611,157,47.16591069999413,0.410465275005663,True,True,time_limit_guard_at_iteration_boundary,True,2,04_symmetric_wall_clock_ejection_on_off/off/raw_runs.csv
Symmetric wall clock,Dang,Ejection OFF,cmt200c_m2,1,2500,47.57637597499979,47.57637597499979,3583,2735.0,2818.0,2.9453513129879347,571.2395379425361,158,46.234418499996536,1.3419574750032552,True,True,time_limit_guard_at_iteration_boundary,True,2,04_symmetric_wall_clock_ejection_on_off/off/raw_runs.csv
Symmetric wall clock,Dang,Ejection OFF,cmt200c_m2,2,2500,47.57637597499979,47.57637597499979,4021,2733.0,2818.0,3.0163236337828248,571.0987301933245,159,47.33180029999494,0.2445756750048531,True,True,time_limit_guard_at_iteration_boundary,True,2,04_symmetric_wall_clock_ejection_on_off/off/raw_runs.csv
Symmetric wall clock,Dang,Ejection OFF,cmt200c_m2,3,2500,47.57637597499979,47.57637597499979,3399,2731.0,2818.0,3.0872959545777148,572.0640780696881,155,45.75482170000032,1.821554274999471,True,True,time_limit_guard_at_iteration_boundary,True,2,04_symmetric_wall_clock_ejection_on_off/off/raw_runs.csv
Symmetric wall clock,Dang,Ejection OFF,cmt200c_m3,0,2500,36.215110574999926,36.215110574999926,4014,2698.0,2766.0,2.458423716558207,572.0176524805383,153,35.96728210000583,0.247828474994094,True,True,time_limit_guard_at_iteration_boundary,True,2,04_symmetric_wall_clock_ejection_on_off/off/raw_runs.csv
Symmetric wall clock,Dang,Ejection OFF,cmt200c_m3,1,2500,36.215110574999926,36.215110574999926,4136,2681.0,2766.0,3.0730296456977584,571.3361424100824,154,35.96910740000021,0.2460031749997142,True,True,time_limit_guard_at_iteration_boundary,True,2,04_symmetric_wall_clock_ejection_on_off/off/raw_runs.csv
Symmetric wall clock,Dang,Ejection OFF,cmt200c_m3,2,2500,36.215110574999926,36.215110574999926,3739,2699.0,2766.0,2.4222704266088213,570.3985721319945,154,35.96650829999999,0.2486022749999392,True,True,time_limit_guard_at_iteration_boundary,True,2,04_symmetric_wall_clock_ejection_on_off/off/raw_runs.csv
Symmetric wall clock,Dang,Ejection OFF,cmt200c_m3,3,2500,36.215110574999926,36.215110574999926,4159,2702.0,2766.0,2.3138105567606653,571.8702063473191,155,35.96600029999536,0.2491102750045684,True,True,time_limit_guard_at_iteration_boundary,True,2,04_symmetric_wall_clock_ejection_on_off/off/raw_runs.csv
Symmetric wall clock,Dang,Ejection OFF,cmt200c_m4,0,2500,32.4448559500006,32.4448559500006,4325,2656.0,2712.0,2.0648967551622417,568.6763779848169,149,32.19708510000055,0.2477708500000517,True,True,time_limit_guard_at_iteration_boundary,True,2,04_symmetric_wall_clock_ejection_on_off/off/raw_runs.csv
Symmetric wall clock,Dang,Ejection OFF,cmt200c_m4,1,2500,32.4448559500006,32.4448559500006,4099,2644.0,2712.0,2.5073746312684366,569.8416566478602,151,32.19597349999822,0.2488824500023838,True,True,time_limit_guard_at_iteration_boundary,True,2,04_symmetric_wall_clock_ejection_on_off/off/raw_runs.csv
Symmetric wall clock,Dang,Ejection OFF,cmt200c_m4,2,2500,32.4448559500006,32.4448559500006,4102,2641.0,2712.0,2.617994100294985,569.8366710966495,151,32.19691420000163,0.2479417499989722,True,True,time_limit_guard_at_iteration_boundary,True,2,04_symmetric_wall_clock_ejection_on_off/off/raw_runs.csv
Symmetric wall clock,Dang,Ejection OFF,cmt200c_m4,3,2500,32.4448559500006,32.4448559500006,3952,2632.0,2712.0,2.949852507374631,570.8981574910623,150,32.201221099996474,0.2436348500041276,True,True,time_limit_guard_at_iteration_boundary,True,2,04_symmetric_wall_clock_ejection_on_off/off/raw_runs.csv
Symmetric wall clock,Dang,Ejection OFF,eil101b_m3,0,2500,7.349109925000448,7.349109925000448,4156,898.0,916.0,1.965065502183406,313.98467740677154,53,7.005162399997062,0.3439475250033865,True,True,time_limit_guard_at_iteration_boundary,True,2,04_symmetric_wall_clock_ejection_on_off/off/raw_runs.csv
Symmetric wall clock,Dang,Ejection OFF,eil101b_m3,1,2500,7.349109925000448,7.349109925000448,4285,898.0,916.0,1.965065502183406,312.36568109452,51,6.942605800002639,0.4065041249978094,True,True,time_limit_guard_at_iteration_boundary,True,2,04_symmetric_wall_clock_ejection_on_off/off/raw_runs.csv
Symmetric wall clock,Dang,Ejection OFF,eil101b_m3,2,2500,7.349109925000448,7.349109925000448,3556,866.0,916.0,5.458515283842795,309.92068624653007,54,7.099501099997724,0.2496088250027242,True,True,time_limit_guard_at_iteration_boundary,True,2,04_symmetric_wall_clock_ejection_on_off/off/raw_runs.csv
Symmetric wall clock,Dang,Ejection OFF,eil101b_m3,3,2500,7.349109925000448,7.349109925000448,4219,901.0,916.0,1.6375545851528384,312.4812885463692,51,6.868280900001992,0.4808290249984566,True,True,time_limit_guard_at_iteration_boundary,True,2,04_symmetric_wall_clock_ejection_on_off/off/raw_runs.csv
Symmetric wall clock,Dang,Ejection OFF,eil101c_m2,0,2500,11.105511849999855,11.105511849999855,4303,1297.0,1305.0,0.6130268199233716,470.3494749709462,76,10.856793600003584,0.2487182499962728,True,True,time_limit_guard_at_iteration_boundary,True,2,04_symmetric_wall_clock_ejection_on_off/off/raw_runs.csv
Symmetric wall clock,Dang,Ejection OFF,eil101c_m2,1,2500,11.105511849999855,11.105511849999855,4290,1292.0,1305.0,0.9961685823754788,468.8619343112183,76,10.776180900000329,0.3293309499995303,True,True,time_limit_guard_at_iteration_boundary,True,2,04_symmetric_wall_clock_ejection_on_off/off/raw_runs.csv
Symmetric wall clock,Dang,Ejection OFF,eil101c_m2,2,2500,11.105511849999855,11.105511849999855,4068,1295.0,1305.0,0.7662835249042146,471.2808516754991,77,10.85631409999769,0.2491977500021676,True,True,time_limit_guard_at_iteration_boundary,True,2,04_symmetric_wall_clock_ejection_on_off/off/raw_runs.csv
Symmetric wall clock,Dang,Ejection OFF,eil101c_m2,3,2500,11.105511849999855,11.105511849999855,3882,1285.0,1305.0,1.5325670498084292,471.0222822994858,76,10.667856300002311,0.4376555499975438,True,True,time_limit_guard_at_iteration_boundary,True,2,04_symmetric_wall_clock_ejection_on_off/off/raw_runs.csv
Symmetric wall clock,Dang,Ejection OFF,eil101c_m3,0,2500,9.564464200000655,9.564464200000655,4250,1242.0,1251.0,0.7194244604316546,469.2972388480369,73,9.30069480000384,0.2637693999968178,True,True,time_limit_guard_at_iteration_boundary,True,2,04_symmetric_wall_clock_ejection_on_off/off/raw_runs.csv
Symmetric wall clock,Dang,Ejection OFF,eil101c_m3,1,2500,9.564464200000655,9.564464200000655,4285,1195.0,1251.0,4.476418864908074,466.1896571626836,72,9.15246379999735,0.4120004000033077,True,True,time_limit_guard_at_iteration_boundary,True,2,04_symmetric_wall_clock_ejection_on_off/off/raw_runs.csv
Symmetric wall clock,Dang,Ejection OFF,eil101c_m3,2,2500,9.564464200000655,9.564464200000655,3918,1235.0,1251.0,1.2789768185451638,467.95401435810527,74,9.12449569999444,0.4399685000062163,True,True,time_limit_guard_at_iteration_boundary,True,2,04_symmetric_wall_clock_ejection_on_off/off/raw_runs.csv
Symmetric wall clock,Dang,Ejection OFF,eil101c_m3,3,2500,9.564464200000655,9.564464200000655,4219,1241.0,1251.0,0.7993605115907274,469.8368562069143,73,9.12409679999837,0.4403674000022874,True,True,time_limit_guard_at_iteration_boundary,True,2,04_symmetric_wall_clock_ejection_on_off/off/raw_runs.csv
Symmetric wall clock,Dang,Ejection OFF,gil262_gen1_m3,0,2500,24.997255774998848,24.997255774998848,3774,99.0,101.0,1.98019801980198,1175.2801581273516,99,24.74777400000312,0.2494817749957292,True,True,time_limit_guard_at_iteration_boundary,True,2,04_symmetric_wall_clock_ejection_on_off/off/raw_runs.csv
Symmetric wall clock,Dang,Ejection OFF,gil262_gen1_m3,1,2500,24.997255774998848,24.997255774998848,3711,99.0,101.0,1.98019801980198,1179.173284750044,99,24.748218000000637,0.2490377749982144,True,True,time_limit_guard_at_iteration_boundary,True,2,04_symmetric_wall_clock_ejection_on_off/off/raw_runs.csv
Symmetric wall clock,Dang,Ejection OFF,gil262_gen1_m3,2,2500,24.997255774998848,24.997255774998848,3702,98.0,101.0,2.9702970297029703,1182.0212045311214,98,24.748569600000337,0.2486861749985109,True,True,time_limit_guard_at_iteration_boundary,True,2,04_symmetric_wall_clock_ejection_on_off/off/raw_runs.csv
Symmetric wall clock,Dang,Ejection OFF,gil262_gen1_m3,3,2500,24.997255774998848,24.997255774998848,3700,99.0,101.0,1.98019801980198,1170.9906343571415,99,24.750763299998653,0.2464924750001955,True,True,time_limit_guard_at_iteration_boundary,True,2,04_symmetric_wall_clock_ejection_on_off/off/raw_runs.csv
Symmetric wall clock,Dang,Ejection OFF,gil262_gen1_m4,0,2500,17.904335599999285,17.904335599999285,3376,77.0,78.0,1.2820512820512822,1149.5242491105816,77,17.657749300000432,0.246586299998853,True,True,time_limit_guard_at_iteration_boundary,True,2,04_symmetric_wall_clock_ejection_on_off/off/raw_runs.csv
Symmetric wall clock,Dang,Ejection OFF,gil262_gen1_m4,1,2500,17.904335599999285,17.904335599999285,3232,77.0,78.0,1.2820512820512822,1151.9796037336878,77,17.656397200000356,0.2479383999989295,True,True,time_limit_guard_at_iteration_boundary,True,2,04_symmetric_wall_clock_ejection_on_off/off/raw_runs.csv
Symmetric wall clock,Dang,Ejection OFF,gil262_gen1_m4,2,2500,17.904335599999285,17.904335599999285,3290,77.0,78.0,1.2820512820512822,1152.1593848316706,77,17.410310799998115,0.4940248000011706,True,True,time_limit_guard_at_iteration_boundary,True,2,04_symmetric_wall_clock_ejection_on_off/off/raw_runs.csv
Symmetric wall clock,Dang,Ejection OFF,gil262_gen1_m4,3,2500,17.904335599999285,17.904335599999285,3365,77.0,78.0,1.2820512820512822,1152.0001312733868,77,17.58232190000126,0.3220136999980241,True,True,time_limit_guard_at_iteration_boundary,True,2,04_symmetric_wall_clock_ejection_on_off/off/raw_runs.csv
Symmetric wall clock,Dang,Ejection OFF,gil262_gen2_m2,0,2500,59.76122350000151,59.76122350000151,3261,6803.0,7498.0,9.269138436916512,1187.807559546251,119,58.02182110000285,1.739402399998653,True,True,time_limit_guard_at_iteration_boundary,True,2,04_symmetric_wall_clock_ejection_on_off/off/raw_runs.csv
Symmetric wall clock,Dang,Ejection OFF,gil262_gen2_m2,1,2500,59.76122350000151,59.76122350000151,4136,7124.0,7498.0,4.987996799146439,1187.8441272810142,117,59.368650599994,0.392572900007508,True,True,time_limit_guard_at_iteration_boundary,True,2,04_symmetric_wall_clock_ejection_on_off/off/raw_runs.csv
Symmetric wall clock,Dang,Ejection OFF,gil262_gen2_m2,2,2500,59.76122350000151,59.76122350000151,3532,6941.0,7498.0,7.428647639370498,1186.3337399322768,120,58.89578849999816,0.8654350000033446,True,True,time_limit_guard_at_iteration_boundary,True,2,04_symmetric_wall_clock_ejection_on_off/off/raw_runs.csv
Symmetric wall clock,Dang,Ejection OFF,gil262_gen2_m2,3,2500,59.76122350000151,59.76122350000151,3775,6990.0,7498.0,6.775140037343292,1187.381436524348,118,59.32367269999668,0.4375508000048285,True,True,time_limit_guard_at_iteration_boundary,True,2,04_symmetric_wall_clock_ejection_on_off/off/raw_runs.csv
Symmetric wall clock,Dang,Ejection OFF,gil262_gen2_m3,0,2500,28.07349539999996,28.07349539999996,3523,5360.0,5615.0,4.541406945681211,1183.38930189536,91,27.66979630000424,0.4036990999957197,True,True,time_limit_guard_at_iteration_boundary,True,2,04_symmetric_wall_clock_ejection_on_off/off/raw_runs.csv
Symmetric wall clock,Dang,Ejection OFF,gil262_gen2_m3,1,2500,28.07349539999996,28.07349539999996,3636,5398.0,5615.0,3.864648263579697,1187.6028440877103,92,27.82727419999719,0.2462212000027648,True,True,time_limit_guard_at_iteration_boundary,True,2,04_symmetric_wall_clock_ejection_on_off/off/raw_runs.csv
Symmetric wall clock,Dang,Ejection OFF,gil262_gen2_m3,2,2500,28.07349539999996,28.07349539999996,3574,5458.0,5615.0,2.796081923419412,1186.1424032904438,91,27.470074800003204,0.6034205999967526,True,True,time_limit_guard_at_iteration_boundary,True,2,04_symmetric_wall_clock_ejection_on_off/off/raw_runs.csv
Symmetric wall clock,Dang,Ejection OFF,gil262_gen2_m3,3,2500,28.07349539999996,28.07349539999996,3357,5398.0,5615.0,3.864648263579697,1187.6028440877103,92,27.827954299995326,0.2455411000046297,True,True,time_limit_guard_at_iteration_boundary,True,2,04_symmetric_wall_clock_ejection_on_off/off/raw_runs.csv
Symmetric wall clock,Dang,Ejection OFF,gil262_gen3_m2,0,2500,56.32583732499916,56.32583732499916,3627,6750.0,7183.0,6.028121954615063,1187.941127205695,124,55.30139529999724,1.0244420250019175,True,True,time_limit_guard_at_iteration_boundary,True,2,04_symmetric_wall_clock_ejection_on_off/off/raw_runs.csv
Symmetric wall clock,Dang,Ejection OFF,gil262_gen3_m2,1,2500,56.32583732499916,56.32583732499916,3182,6550.0,7183.0,8.812473896700544,1187.6887111019864,125,54.76576090000162,1.5600764249975327,True,True,time_limit_guard_at_iteration_boundary,True,2,04_symmetric_wall_clock_ejection_on_off/off/raw_runs.csv
Symmetric wall clock,Dang,Ejection OFF,gil262_gen3_m2,2,2500,56.32583732499916,56.32583732499916,3889,6524.0,7183.0,9.174439649171656,1187.4617222884306,121,55.74441990000196,0.5814174249971984,True,True,time_limit_guard_at_iteration_boundary,True,2,04_symmetric_wall_clock_ejection_on_off/off/raw_runs.csv
Symmetric wall clock,Dang,Ejection OFF,gil262_gen3_m2,3,2500,56.32583732499916,56.32583732499916,3826,6685.0,7183.0,6.933036335792845,1185.921030800543,121,55.03375980000419,1.2920775249949656,True,True,time_limit_guard_at_iteration_boundary,True,2,04_symmetric_wall_clock_ejection_on_off/off/raw_runs.csv
Symmetric wall clock,Dang,Ejection OFF,gil262_gen3_m4,0,2500,21.28265452499909,21.28265452499909,3900,2363.0,2507.0,5.743917032309533,1169.4846967385774,75,21.033913200000825,0.2487413249982637,True,True,time_limit_guard_at_iteration_boundary,True,2,04_symmetric_wall_clock_ejection_on_off/off/raw_runs.csv
Symmetric wall clock,Dang,Ejection OFF,gil262_gen3_m4,1,2500,21.28265452499909,21.28265452499909,3417,2376.0,2507.0,5.225368966892701,1158.273096195811,75,21.03682100000151,0.2458335249975789,True,True,time_limit_guard_at_iteration_boundary,True,2,04_symmetric_wall_clock_ejection_on_off/off/raw_runs.csv
Symmetric wall clock,Dang,Ejection OFF,gil262_gen3_m4,2,2500,21.28265452499909,21.28265452499909,4100,2443.0,2507.0,2.5528520143597926,1180.1712754738685,75,21.03631349999341,0.2463410250056767,True,True,time_limit_guard_at_iteration_boundary,True,2,04_symmetric_wall_clock_ejection_on_off/off/raw_runs.csv
Symmetric wall clock,Dang,Ejection OFF,gil262_gen3_m4,3,2500,21.28265452499909,21.28265452499909,3993,2317.0,2507.0,7.578779417630634,1186.003785563127,73,21.034763600000588,0.2478909249985008,True,True,time_limit_guard_at_iteration_boundary,True,2,04_symmetric_wall_clock_ejection_on_off/off/raw_runs.csv
Symmetric wall clock,Dang,Ejection OFF,gil262a_m2,0,2500,22.421170749999877,22.421170749999877,3835,3850.0,4078.0,5.590975968612065,593.0901950905056,68,22.016660400004184,0.4045103499956894,True,True,time_limit_guard_at_iteration_boundary,True,2,04_symmetric_wall_clock_ejection_on_off/off/raw_runs.csv
Symmetric wall clock,Dang,Ejection OFF,gil262a_m2,1,2500,22.421170749999877,22.421170749999877,3849,3850.0,4078.0,5.590975968612065,593.0901950905056,68,22.16008970000257,0.2610810499973013,True,True,time_limit_guard_at_iteration_boundary,True,2,04_symmetric_wall_clock_ejection_on_off/off/raw_runs.csv
Symmetric wall clock,Dang,Ejection OFF,gil262a_m2,2,2500,22.421170749999877,22.421170749999877,3994,3782.0,4078.0,7.258460029426189,593.9175413713808,66,22.17384399999719,0.247326750002685,True,True,time_limit_guard_at_iteration_boundary,True,2,04_symmetric_wall_clock_ejection_on_off/off/raw_runs.csv
Symmetric wall clock,Dang,Ejection OFF,gil262a_m2,3,2500,22.421170749999877,22.421170749999877,3968,3841.0,4078.0,5.811672388425698,588.3899485082352,67,22.173668900002667,0.2475018499972066,True,True,time_limit_guard_at_iteration_boundary,True,2,04_symmetric_wall_clock_ejection_on_off/off/raw_runs.csv
Symmetric wall clock,Dang,Ejection OFF,gil262a_m4,0,2500,12.685807675001342,12.685807675001342,3423,3067.0,3175.0,3.4015748031496065,584.0095642993856,53,12.427028499994776,0.2587791750065662,True,True,time_limit_guard_at_iteration_boundary,True,2,04_symmetric_wall_clock_ejection_on_off/off/raw_runs.csv
Symmetric wall clock,Dang,Ejection OFF,gil262a_m4,1,2500,12.685807675001342,12.685807675001342,3594,3054.0,3175.0,3.811023622047244,588.2995195408571,52,12.436669199996686,0.2491384750046563,True,True,time_limit_guard_at_iteration_boundary,True,2,04_symmetric_wall_clock_ejection_on_off/off/raw_runs.csv
Symmetric wall clock,Dang,Ejection OFF,gil262a_m4,2,2500,12.685807675001342,12.685807675001342,3138,3073.0,3175.0,3.2125984251968505,589.4405961633045,54,12.394978500000434,0.2908291750009084,True,True,time_limit_guard_at_iteration_boundary,True,2,04_symmetric_wall_clock_ejection_on_off/off/raw_runs.csv
Symmetric wall clock,Dang,Ejection OFF,gil262a_m4,3,2500,12.685807675001342,12.685807675001342,3392,3124.0,3175.0,1.6062992125984252,589.4828364040154,54,12.43641629999911,0.2493913750022329,True,True,time_limit_guard_at_iteration_boundary,True,2,04_symmetric_wall_clock_ejection_on_off/off/raw_runs.csv
Symmetric wall clock,Dang,Ejection OFF,gil262b_m2,0,2500,54.28280810000069,54.28280810000069,2666,7540.0,8081.0,6.694716000494989,1186.4647973365409,131,50.87240980000206,3.410398299998633,True,True,time_limit_guard_at_iteration_boundary,True,2,04_symmetric_wall_clock_ejection_on_off/off/raw_runs.csv
Symmetric wall clock,Dang,Ejection OFF,gil262b_m2,1,2500,54.28280810000069,54.28280810000069,3842,7470.0,8081.0,7.560945427546096,1187.4430658845972,128,52.33639019999828,1.946417900002416,True,True,time_limit_guard_at_iteration_boundary,True,2,04_symmetric_wall_clock_ejection_on_off/off/raw_runs.csv
Symmetric wall clock,Dang,Ejection OFF,gil262b_m2,2,2500,54.28280810000069,54.28280810000069,3639,7615.0,8081.0,5.766613042940231,1186.826015554174,126,53.068006200002856,1.2148018999978376,True,True,time_limit_guard_at_iteration_boundary,True,2,04_symmetric_wall_clock_ejection_on_off/off/raw_runs.csv
Symmetric wall clock,Dang,Ejection OFF,gil262b_m2,3,2500,54.28280810000069,54.28280810000069,3700,7513.0,8081.0,7.028833065214701,1188.4025593864922,127,52.02727379999851,2.255534300002182,True,True,time_limit_guard_at_iteration_boundary,True,2,04_symmetric_wall_clock_ejection_on_off/off/raw_runs.csv
Symmetric wall clock,Dang,Ejection OFF,gil262b_m3,0,2500,39.742718599999534,39.742718599999534,3046,6914.0,7585.0,8.84640738299275,1186.743061012883,128,38.50160580000375,1.2411127999957898,True,True,time_limit_guard_at_iteration_boundary,True,2,04_symmetric_wall_clock_ejection_on_off/off/raw_runs.csv
Symmetric wall clock,Dang,Ejection OFF,gil262b_m3,1,2500,39.742718599999534,39.742718599999534,3183,6533.0,7585.0,13.869479235332896,1186.9906959787272,123,39.49855199999729,0.2441666000022451,True,True,time_limit_guard_at_iteration_boundary,True,2,04_symmetric_wall_clock_ejection_on_off/off/raw_runs.csv
Symmetric wall clock,Dang,Ejection OFF,gil262b_m3,2,2500,39.742718599999534,39.742718599999534,3191,6756.0,7585.0,10.92946605141727,1186.164953110492,124,39.5027465000021,0.2399720999974306,True,True,time_limit_guard_at_iteration_boundary,True,2,04_symmetric_wall_clock_ejection_on_off/off/raw_runs.csv
Symmetric wall clock,Dang,Ejection OFF,gil262b_m3,3,2500,39.742718599999534,39.742718599999534,3239,7075.0,7585.0,6.723796967699407,1186.455168875144,129,39.503011900000274,0.2397066999992603,True,True,time_limit_guard_at_iteration_boundary,True,2,04_symmetric_wall_clock_ejection_on_off/off/raw_runs.csv
Symmetric wall clock,Dang,Ejection OFF,gil262b_m4,0,2500,31.320743649999716,31.320743649999716,3807,6444.0,6781.0,4.969768470727032,1185.5225682402854,118,31.076455500005977,0.2442881499937357,True,True,time_limit_guard_at_iteration_boundary,True,2,04_symmetric_wall_clock_ejection_on_off/off/raw_runs.csv
Symmetric wall clock,Dang,Ejection OFF,gil262b_m4,1,2500,31.320743649999716,31.320743649999716,3450,6433.0,6781.0,5.131986432679546,1183.628884098602,116,31.07197740000265,0.2487662499970611,True,True,time_limit_guard_at_iteration_boundary,True,2,04_symmetric_wall_clock_ejection_on_off/off/raw_runs.csv
Symmetric wall clock,Dang,Ejection OFF,gil262b_m4,2,2500,31.320743649999716,31.320743649999716,3371,6265.0,6781.0,7.609497124317947,1179.0172226558466,114,31.071569700005057,0.2491739499946561,True,True,time_limit_guard_at_iteration_boundary,True,2,04_symmetric_wall_clock_ejection_on_off/off/raw_runs.csv
Symmetric wall clock,Dang,Ejection OFF,gil262b_m4,3,2500,31.320743649999716,31.320743649999716,3557,6471.0,6781.0,4.57159710957086,1186.7734032088315,116,31.074090699999942,0.2466529499997705,True,True,time_limit_guard_at_iteration_boundary,True,2,04_symmetric_wall_clock_ejection_on_off/off/raw_runs.csv
Symmetric wall clock,Dang,Ejection OFF,gil262c_m2,0,2500,71.7763644000006,71.7763644000006,2975,10720.0,11030.0,2.8105167724388034,1782.7288122053235,191,67.25103379999928,4.525330600001325,True,True,time_limit_guard_at_iteration_boundary,True,2,04_symmetric_wall_clock_ejection_on_off/off/raw_runs.csv
Symmetric wall clock,Dang,Ejection OFF,gil262c_m2,1,2500,71.7763644000006,71.7763644000006,3102,10602.0,11030.0,3.880326382592928,1783.522901974795,188,67.54862280000089,4.227741599999717,True,True,time_limit_guard_at_iteration_boundary,True,2,04_symmetric_wall_clock_ejection_on_off/off/raw_runs.csv
Symmetric wall clock,Dang,Ejection OFF,gil262c_m2,2,2500,71.7763644000006,71.7763644000006,3252,10637.0,11030.0,3.5630099728014506,1783.672008634038,186,67.91385180000361,3.8625125999969896,True,True,time_limit_guard_at_iteration_boundary,True,2,04_symmetric_wall_clock_ejection_on_off/off/raw_runs.csv
Symmetric wall clock,Dang,Ejection OFF,gil262c_m2,3,2500,71.7763644000006,71.7763644000006,3364,10610.0,11030.0,3.8077969174977335,1781.1202272336184,191,70.30467349999526,1.471690900005342,True,True,time_limit_guard_at_iteration_boundary,True,2,04_symmetric_wall_clock_ejection_on_off/off/raw_runs.csv
Symmetric wall clock,Dang,Ejection OFF,gil262c_m3,0,2500,54.2995010249997,54.2995010249997,3136,10211.0,10757.0,5.0757646183880265,1779.8411140993107,189,52.61028150000493,1.689219524994769,True,True,time_limit_guard_at_iteration_boundary,True,2,04_symmetric_wall_clock_ejection_on_off/off/raw_runs.csv
Symmetric wall clock,Dang,Ejection OFF,gil262c_m3,1,2500,54.2995010249997,54.2995010249997,3276,10181.0,10757.0,5.354652784233522,1780.196945068761,188,52.23382119999587,2.0656798250038264,True,True,time_limit_guard_at_iteration_boundary,True,2,04_symmetric_wall_clock_ejection_on_off/off/raw_runs.csv
Symmetric wall clock,Dang,Ejection OFF,gil262c_m3,2,2500,54.2995010249997,54.2995010249997,3091,10033.0,10757.0,6.730501069071303,1780.3374037492986,178,52.35638990000007,1.943111124999632,True,True,time_limit_guard_at_iteration_boundary,True,2,04_symmetric_wall_clock_ejection_on_off/off/raw_runs.csv
Symmetric wall clock,Dang,Ejection OFF,gil262c_m3,3,2500,54.2995010249997,54.2995010249997,3276,10360.0,10757.0,3.690620061355396,1780.8557586308673,187,54.04104799999914,0.2584530250005628,True,True,time_limit_guard_at_iteration_boundary,True,2,04_symmetric_wall_clock_ejection_on_off/off/raw_runs.csv
Symmetric wall clock,Dang,Ejection OFF,gil262c_m4,0,2500,46.53385975000037,46.53385975000037,3958,9035.0,10281.0,12.119443633887752,1777.874283329382,173,46.28517060000013,0.2486891500002457,True,True,time_limit_guard_at_iteration_boundary,True,2,04_symmetric_wall_clock_ejection_on_off/off/raw_runs.csv
Symmetric wall clock,Dang,Ejection OFF,gil262c_m4,1,2500,46.53385975000037,46.53385975000037,3920,9301.0,10281.0,9.532146678338682,1777.052522338868,172,46.29071610000392,0.2431436499964547,True,True,time_limit_guard_at_iteration_boundary,True,2,04_symmetric_wall_clock_ejection_on_off/off/raw_runs.csv
Symmetric wall clock,Dang,Ejection OFF,gil262c_m4,2,2500,46.53385975000037,46.53385975000037,3094,8935.0,10281.0,13.09211166228966,1781.3986592460265,171,44.10930150000058,2.424558249999791,True,True,time_limit_guard_at_iteration_boundary,True,2,04_symmetric_wall_clock_ejection_on_off/off/raw_runs.csv
Symmetric wall clock,Dang,Ejection OFF,gil262c_m4,3,2500,46.53385975000037,46.53385975000037,3908,9265.0,10281.0,9.882307168563369,1779.7604191920636,167,46.2850741000002,0.2487856500001726,True,True,time_limit_guard_at_iteration_boundary,True,2,04_symmetric_wall_clock_ejection_on_off/off/raw_runs.csv
Symmetric wall clock,Dang,Ejection OFF,gr229_gen1_m4,0,2500,33.247639100001834,33.247639100001834,2776,220.0,223.0,1.345291479820628,1564.596108630495,220,33.0042456999945,0.243393400007335,True,True,time_limit_guard_at_iteration_boundary,True,2,04_symmetric_wall_clock_ejection_on_off/off/raw_runs.csv
Symmetric wall clock,Dang,Ejection OFF,gr229_gen1_m4,1,2500,33.247639100001834,33.247639100001834,2823,220.0,223.0,1.345291479820628,1530.5263863632194,220,32.99933090000559,0.2483081999962451,True,True,time_limit_guard_at_iteration_boundary,True,2,04_symmetric_wall_clock_ejection_on_off/off/raw_runs.csv
Symmetric wall clock,Dang,Ejection OFF,gr229_gen1_m4,2,2500,33.247639100001834,33.247639100001834,2969,220.0,223.0,1.345291479820628,1578.339388960811,220,33.01000819999899,0.2376309000028413,True,True,time_limit_guard_at_iteration_boundary,True,2,04_symmetric_wall_clock_ejection_on_off/off/raw_runs.csv
Symmetric wall clock,Dang,Ejection OFF,gr229_gen1_m4,3,2500,33.247639100001834,33.247639100001834,3063,220.0,223.0,1.345291479820628,1577.9551775906727,220,33.001157700004114,0.2464813999977195,True,True,time_limit_guard_at_iteration_boundary,True,2,04_symmetric_wall_clock_ejection_on_off/off/raw_runs.csv
Symmetric wall clock,Dang,Ejection OFF,gr229_gen2_m3,0,2500,27.48922107499948,27.48922107499948,1439,11120.0,11566.0,3.856130036313332,1390.4417059293844,220,27.244019300000215,0.2452017749992592,True,True,time_limit_guard_at_iteration_boundary,True,2,04_symmetric_wall_clock_ejection_on_off/off/raw_runs.csv
Symmetric wall clock,Dang,Ejection OFF,gr229_gen2_m3,1,2500,27.48922107499948,27.48922107499948,3070,11471.0,11566.0,0.8213729897976829,1752.5402844287155,226,26.958475699997507,0.5307453750019704,True,True,time_limit_guard_at_iteration_boundary,True,2,04_symmetric_wall_clock_ejection_on_off/off/raw_runs.csv
Symmetric wall clock,Dang,Ejection OFF,gr229_gen2_m3,2,2500,27.48922107499948,27.48922107499948,3266,11527.0,11566.0,0.3371952273906277,1750.195256875481,226,27.23964110000088,0.2495799749985963,True,True,time_limit_guard_at_iteration_boundary,True,2,04_symmetric_wall_clock_ejection_on_off/off/raw_runs.csv
Symmetric wall clock,Dang,Ejection OFF,gr229_gen2_m3,3,2500,27.48922107499948,27.48922107499948,2977,11529.0,11566.0,0.3199031644475186,1747.2066688510668,227,27.24135189999652,0.2478691750029611,True,True,time_limit_guard_at_iteration_boundary,True,2,04_symmetric_wall_clock_ejection_on_off/off/raw_runs.csv
Symmetric wall clock,Dang,Ejection OFF,gr229_gen2_m4,0,2500,43.4268879250003,43.4268879250003,3451,11120.0,11355.0,2.0695728753852927,1569.274564038974,220,42.42575990000478,1.0011280249955234,True,True,time_limit_guard_at_iteration_boundary,True,2,04_symmetric_wall_clock_ejection_on_off/off/raw_runs.csv
Symmetric wall clock,Dang,Ejection OFF,gr229_gen2_m4,1,2500,43.4268879250003,43.4268879250003,3620,11120.0,11355.0,2.0695728753852927,1561.0016596840785,220,43.179928700003074,0.2469592249972265,True,True,time_limit_guard_at_iteration_boundary,True,2,04_symmetric_wall_clock_ejection_on_off/off/raw_runs.csv
Symmetric wall clock,Dang,Ejection OFF,gr229_gen2_m4,2,2500,43.4268879250003,43.4268879250003,2758,11120.0,11355.0,2.0695728753852927,1585.969953449885,220,41.0055491000021,2.4213388249982017,True,True,time_limit_guard_at_iteration_boundary,True,2,04_symmetric_wall_clock_ejection_on_off/off/raw_runs.csv
Symmetric wall clock,Dang,Ejection OFF,gr229_gen2_m4,3,2500,43.4268879250003,43.4268879250003,3536,11120.0,11355.0,2.0695728753852927,1526.5289008915177,220,42.93827400000009,0.4886139250002088,True,True,time_limit_guard_at_iteration_boundary,True,2,04_symmetric_wall_clock_ejection_on_off/off/raw_runs.csv
Symmetric wall clock,Dang,Ejection OFF,gr229_gen3_m3,0,2500,26.590247125000133,26.590247125000133,3007,7953.0,8056.0,1.278550148957299,1752.1242730852764,225,26.346369600003527,0.2438775249966056,True,True,time_limit_guard_at_iteration_boundary,True,2,04_symmetric_wall_clock_ejection_on_off/off/raw_runs.csv
Symmetric wall clock,Dang,Ejection OFF,gr229_gen3_m3,1,2500,26.590247125000133,26.590247125000133,3082,7940.0,8056.0,1.4399205561072492,1760.6397930644853,225,26.186426199994457,0.4038209250056752,True,True,time_limit_guard_at_iteration_boundary,True,2,04_symmetric_wall_clock_ejection_on_off/off/raw_runs.csv
Symmetric wall clock,Dang,Ejection OFF,gr229_gen3_m3,2,2500,26.590247125000133,26.590247125000133,2629,7940.0,8056.0,1.4399205561072492,1754.1247667575865,225,25.617534900004102,0.9727122249960304,True,True,time_limit_guard_at_iteration_boundary,True,2,04_symmetric_wall_clock_ejection_on_off/off/raw_runs.csv
Symmetric wall clock,Dang,Ejection OFF,gr229_gen3_m3,3,2500,26.590247125000133,26.590247125000133,2971,7999.0,8056.0,0.7075471698113207,1737.9201928383804,227,26.342827199994645,0.247419925005488,True,True,time_limit_guard_at_iteration_boundary,True,2,04_symmetric_wall_clock_ejection_on_off/off/raw_runs.csv
Symmetric wall clock,Dang,Ejection OFF,gr229_gen3_m4,0,2500,54.309092349999446,54.309092349999446,3819,7355.0,7651.0,3.868775323487126,1633.249891719972,220,52.4801443000033,1.8289480499961428,True,True,time_limit_guard_at_iteration_boundary,True,2,04_symmetric_wall_clock_ejection_on_off/off/raw_runs.csv
Symmetric wall clock,Dang,Ejection OFF,gr229_gen3_m4,1,2500,54.309092349999446,54.309092349999446,3534,7355.0,7651.0,3.868775323487126,1571.3090526912729,220,53.49887010000384,0.8102222499956042,True,True,time_limit_guard_at_iteration_boundary,True,2,04_symmetric_wall_clock_ejection_on_off/off/raw_runs.csv
Symmetric wall clock,Dang,Ejection OFF,gr229_gen3_m4,2,2500,54.309092349999446,54.309092349999446,2821,7355.0,7651.0,3.868775323487126,1557.2236933916072,220,50.67908639999951,3.6300059499999406,True,True,time_limit_guard_at_iteration_boundary,True,2,04_symmetric_wall_clock_ejection_on_off/off/raw_runs.csv
Symmetric wall clock,Dang,Ejection OFF,gr229_gen3_m4,3,2500,54.309092349999446,54.309092349999446,3439,7355.0,7651.0,3.868775323487126,1551.0817292704771,220,49.78579300000274,4.523299349996705,True,True,time_limit_guard_at_iteration_boundary,True,2,04_symmetric_wall_clock_ejection_on_off/off/raw_runs.csv
Symmetric wall clock,Dang,Ejection OFF,kroA150_gen2_m2,0,2500,23.57265989999996,23.57265989999996,4197,4206.0,4335.0,2.9757785467128026,13178.277191106665,73,22.8514811999994,0.7211787000005643,True,True,time_limit_guard_at_iteration_boundary,True,2,04_symmetric_wall_clock_ejection_on_off/off/raw_runs.csv
Symmetric wall clock,Dang,Ejection OFF,kroA150_gen2_m2,1,2500,23.57265989999996,23.57265989999996,4199,4191.0,4335.0,3.3217993079584773,13220.876983923748,72,22.54213020000316,1.030529699996805,True,True,time_limit_guard_at_iteration_boundary,True,2,04_symmetric_wall_clock_ejection_on_off/off/raw_runs.csv
Symmetric wall clock,Dang,Ejection OFF,kroA150_gen2_m2,2,2500,23.57265989999996,23.57265989999996,4016,4208.0,4335.0,2.92964244521338,13239.773683369756,74,22.70024790000025,0.8724119999997129,True,True,time_limit_guard_at_iteration_boundary,True,2,04_symmetric_wall_clock_ejection_on_off/off/raw_runs.csv
Symmetric wall clock,Dang,Ejection OFF,kroA150_gen2_m2,3,2500,23.57265989999996,23.57265989999996,3923,4208.0,4335.0,2.92964244521338,13184.300515538682,73,22.41507139999885,1.1575885000011112,True,True,time_limit_guard_at_iteration_boundary,True,2,04_symmetric_wall_clock_ejection_on_off/off/raw_runs.csv
Symmetric wall clock,Dang,Ejection OFF,kroA150_gen3_m3,0,2500,15.560033299999304,15.560033299999304,3644,2497.0,2726.0,8.400586940572268,13225.610439737737,65,15.106703099998413,0.4533302000008916,True,True,time_limit_guard_at_iteration_boundary,True,2,04_symmetric_wall_clock_ejection_on_off/off/raw_runs.csv
Symmetric wall clock,Dang,Ejection OFF,kroA150_gen3_m3,1,2500,15.560033299999304,15.560033299999304,3646,2497.0,2726.0,8.400586940572268,13225.610439737737,65,15.034536899998784,0.5254964000005202,True,True,time_limit_guard_at_iteration_boundary,True,2,04_symmetric_wall_clock_ejection_on_off/off/raw_runs.csv
Symmetric wall clock,Dang,Ejection OFF,kroA150_gen3_m3,2,2500,15.560033299999304,15.560033299999304,3763,2521.0,2726.0,7.52017608217168,13239.48732107205,66,15.125534600003448,0.4344986999958564,True,True,time_limit_guard_at_iteration_boundary,True,2,04_symmetric_wall_clock_ejection_on_off/off/raw_runs.csv
Symmetric wall clock,Dang,Ejection OFF,kroA150_gen3_m3,3,2500,15.560033299999304,15.560033299999304,3609,2497.0,2726.0,8.400586940572268,13225.610439737737,65,15.3113474999991,0.248685800000203,True,True,time_limit_guard_at_iteration_boundary,True,2,04_symmetric_wall_clock_ejection_on_off/off/raw_runs.csv
Symmetric wall clock,Dang,Ejection OFF,kroA200_gen1_m4,0,2500,14.933187174999148,14.933187174999148,3723,80.0,81.0,1.2345679012345678,14448.196231927706,80,14.58911619999708,0.3440709750020687,True,True,time_limit_guard_at_iteration_boundary,True,2,04_symmetric_wall_clock_ejection_on_off/off/raw_runs.csv
Symmetric wall clock,Dang,Ejection OFF,kroA200_gen1_m4,1,2500,14.933187174999148,14.933187174999148,3646,80.0,81.0,1.2345679012345678,14482.19689143301,80,14.58406449999893,0.349122675000217,True,True,time_limit_guard_at_iteration_boundary,True,2,04_symmetric_wall_clock_ejection_on_off/off/raw_runs.csv
Symmetric wall clock,Dang,Ejection OFF,kroA200_gen1_m4,2,2500,14.933187174999148,14.933187174999148,3600,80.0,81.0,1.2345679012345678,14446.922034891497,80,14.612436700001126,0.3207504749980217,True,True,time_limit_guard_at_iteration_boundary,True,2,04_symmetric_wall_clock_ejection_on_off/off/raw_runs.csv
Symmetric wall clock,Dang,Ejection OFF,kroA200_gen1_m4,3,2500,14.933187174999148,14.933187174999148,3677,80.0,81.0,1.2345679012345678,14446.922034891497,80,14.466509199999564,0.4666779749995839,True,True,time_limit_guard_at_iteration_boundary,True,2,04_symmetric_wall_clock_ejection_on_off/off/raw_runs.csv
Symmetric wall clock,Dang,Ejection OFF,kroB200_gen1_m2,0,2500,25.80506442500064,25.80506442500064,4200,111.0,111.0,0.0,14680.922819789115,111,25.563073199999053,0.2419912250015841,True,True,time_limit_guard_at_iteration_boundary,True,2,04_symmetric_wall_clock_ejection_on_off/off/raw_runs.csv
Symmetric wall clock,Dang,Ejection OFF,kroB200_gen1_m2,1,2500,25.80506442500064,25.80506442500064,4364,103.0,111.0,7.207207207207207,14562.087310436526,103,25.557107100001303,0.2479573249993336,True,True,time_limit_guard_at_iteration_boundary,True,2,04_symmetric_wall_clock_ejection_on_off/off/raw_runs.csv
Symmetric wall clock,Dang,Ejection OFF,kroB200_gen1_m2,2,2500,25.80506442500064,25.80506442500064,4081,110.0,111.0,0.9009009009009008,14602.550337934625,110,25.55535239999881,0.249712025001827,True,True,time_limit_guard_at_iteration_boundary,True,2,04_symmetric_wall_clock_ejection_on_off/off/raw_runs.csv
Symmetric wall clock,Dang,Ejection OFF,kroB200_gen1_m2,3,2500,25.80506442500064,25.80506442500064,4276,111.0,111.0,0.0,14667.990217392302,111,25.55989689999842,0.2451675250022162,True,True,time_limit_guard_at_iteration_boundary,True,2,04_symmetric_wall_clock_ejection_on_off/off/raw_runs.csv
Symmetric wall clock,Dang,Ejection OFF,kroB200_gen2_m2,0,2500,39.10328715000014,39.10328715000014,3264,5924.0,6185.0,4.219886822958771,14705.044756502231,107,38.25190830000065,0.8513788499994916,True,True,time_limit_guard_at_iteration_boundary,True,2,04_symmetric_wall_clock_ejection_on_off/off/raw_runs.csv
Symmetric wall clock,Dang,Ejection OFF,kroB200_gen2_m2,1,2500,39.10328715000014,39.10328715000014,4270,5679.0,6185.0,8.181083265966047,14695.078018513554,99,37.38260549999541,1.7206816500047353,True,True,time_limit_guard_at_iteration_boundary,True,2,04_symmetric_wall_clock_ejection_on_off/off/raw_runs.csv
Symmetric wall clock,Dang,Ejection OFF,kroB200_gen2_m2,2,2500,39.10328715000014,39.10328715000014,3848,5981.0,6185.0,3.298302344381568,14708.73444280769,105,37.7325867000036,1.3707004499965478,True,True,time_limit_guard_at_iteration_boundary,True,2,04_symmetric_wall_clock_ejection_on_off/off/raw_runs.csv
Symmetric wall clock,Dang,Ejection OFF,kroB200_gen2_m2,3,2500,39.10328715000014,39.10328715000014,3765,6180.0,6185.0,0.0808407437348423,14713.636766342766,107,37.31785710000258,1.785430049997558,True,True,time_limit_guard_at_iteration_boundary,True,2,04_symmetric_wall_clock_ejection_on_off/off/raw_runs.csv
Symmetric wall clock,Dang,Ejection OFF,kroB200_gen2_m4,0,2500,20.763080400000035,20.763080400000035,4872,4435.0,4944.0,10.295307443365695,14647.519520440246,76,20.515113699999347,0.2479667000006884,True,True,time_limit_guard_at_iteration_boundary,True,2,04_symmetric_wall_clock_ejection_on_off/off/raw_runs.csv
Symmetric wall clock,Dang,Ejection OFF,kroB200_gen2_m4,1,2500,20.763080400000035,20.763080400000035,4522,4940.0,4944.0,0.0809061488673139,14601.281600014794,87,20.516242700003204,0.2468376999968313,True,True,time_limit_guard_at_iteration_boundary,True,2,04_symmetric_wall_clock_ejection_on_off/off/raw_runs.csv
Symmetric wall clock,Dang,Ejection OFF,kroB200_gen2_m4,2,2500,20.763080400000035,20.763080400000035,4665,4840.0,4944.0,2.103559870550162,14514.216631879575,85,20.515068699998665,0.2480117000013706,True,True,time_limit_guard_at_iteration_boundary,True,2,04_symmetric_wall_clock_ejection_on_off/off/raw_runs.csv
Symmetric wall clock,Dang,Ejection OFF,kroB200_gen2_m4,3,2500,20.763080400000035,20.763080400000035,4382,4437.0,4944.0,10.25485436893204,14614.674554089248,79,20.51563790000364,0.2474424999963957,True,True,time_limit_guard_at_iteration_boundary,True,2,04_symmetric_wall_clock_ejection_on_off/off/raw_runs.csv
Symmetric wall clock,Dang,Ejection OFF,kroB200_gen3_m2,0,2500,24.35206290000133,24.35206290000133,2294,3854.0,4765.0,19.11857292759706,14713.908750315744,99,22.362327800001367,1.9897350999999617,True,True,time_limit_guard_at_iteration_boundary,True,2,04_symmetric_wall_clock_ejection_on_off/off/raw_runs.csv
Symmetric wall clock,Dang,Ejection OFF,kroB200_gen3_m2,1,2500,24.35206290000133,24.35206290000133,3341,3829.0,4765.0,19.64323189926548,14710.086004042783,93,24.103920599998677,0.2481423000026552,True,True,time_limit_guard_at_iteration_boundary,True,2,04_symmetric_wall_clock_ejection_on_off/off/raw_runs.csv
Symmetric wall clock,Dang,Ejection OFF,kroB200_gen3_m2,2,2500,24.35206290000133,24.35206290000133,2263,3507.0,4765.0,26.40083945435467,14680.433537940458,94,21.608974199996737,2.743088700004592,True,True,time_limit_guard_at_iteration_boundary,True,2,04_symmetric_wall_clock_ejection_on_off/off/raw_runs.csv
Symmetric wall clock,Dang,Ejection OFF,kroB200_gen3_m2,3,2500,24.35206290000133,24.35206290000133,2663,3847.0,4765.0,19.265477439664217,14657.1117803161,98,23.39948420000292,0.952578699998412,True,True,time_limit_guard_at_iteration_boundary,True,2,04_symmetric_wall_clock_ejection_on_off/off/raw_runs.csv
Symmetric wall clock,Dang,Ejection OFF,kroB200_gen3_m3,0,2500,26.19213524999941,26.19213524999941,3715,2877.0,3028.0,4.986789960369881,14687.961234001106,85,25.51512240000011,0.6770128499993007,True,True,time_limit_guard_at_iteration_boundary,True,2,04_symmetric_wall_clock_ejection_on_off/off/raw_runs.csv
Symmetric wall clock,Dang,Ejection OFF,kroB200_gen3_m3,1,2500,26.19213524999941,26.19213524999941,3463,2923.0,3028.0,3.467635402906209,14647.548769558114,86,25.945606499997663,0.2465287500017439,True,True,time_limit_guard_at_iteration_boundary,True,2,04_symmetric_wall_clock_ejection_on_off/off/raw_runs.csv
Symmetric wall clock,Dang,Ejection OFF,kroB200_gen3_m3,2,2500,26.19213524999941,26.19213524999941,3714,2924.0,3028.0,3.434610303830912,14664.37513190039,86,25.4487466999999,0.7433885499995085,True,True,time_limit_guard_at_iteration_boundary,True,2,04_symmetric_wall_clock_ejection_on_off/off/raw_runs.csv
Symmetric wall clock,Dang,Ejection OFF,kroB200_gen3_m3,3,2500,26.19213524999941,26.19213524999941,3630,2924.0,3028.0,3.434610303830912,14664.37513190039,86,25.162889500003075,1.0292457499963348,True,True,time_limit_guard_at_iteration_boundary,True,2,04_symmetric_wall_clock_ejection_on_off/off/raw_runs.csv
Symmetric wall clock,Dang,Ejection OFF,lin318_gen1_m2,0,2500,60.37813310000092,60.37813310000092,3963,167.0,180.0,7.222222222222222,20960.22564560271,167,60.09575510000286,0.2823779999980615,True,True,time_limit_guard_at_iteration_boundary,True,2,04_symmetric_wall_clock_ejection_on_off/off/raw_runs.csv
Symmetric wall clock,Dang,Ejection OFF,lin318_gen1_m2,1,2500,60.37813310000092,60.37813310000092,3786,169.0,180.0,6.111111111111111,20943.243372506244,169,60.083639700002095,0.2944933999988279,True,True,time_limit_guard_at_iteration_boundary,True,2,04_symmetric_wall_clock_ejection_on_off/off/raw_runs.csv
Symmetric wall clock,Dang,Ejection OFF,lin318_gen1_m2,2,2500,60.37813310000092,60.37813310000092,3755,172.0,180.0,4.444444444444445,20954.360951413444,172,59.99528029999783,0.3828528000030928,True,True,time_limit_guard_at_iteration_boundary,True,2,04_symmetric_wall_clock_ejection_on_off/off/raw_runs.csv
Symmetric wall clock,Dang,Ejection OFF,lin318_gen1_m2,3,2500,60.37813310000092,60.37813310000092,4057,175.0,180.0,2.7777777777777777,20929.05796337818,175,60.00090210000053,0.3772310000003926,True,True,time_limit_guard_at_iteration_boundary,True,2,04_symmetric_wall_clock_ejection_on_off/off/raw_runs.csv
Symmetric wall clock,Dang,Ejection OFF,lin318_gen1_m3,0,2500,43.1556224499991,43.1556224499991,3795,146.0,149.0,2.0134228187919465,20955.772087201916,146,42.91575980000198,0.2398626499971214,True,True,time_limit_guard_at_iteration_boundary,True,2,04_symmetric_wall_clock_ejection_on_off/off/raw_runs.csv
Symmetric wall clock,Dang,Ejection OFF,lin318_gen1_m3,1,2500,43.1556224499991,43.1556224499991,3662,147.0,149.0,1.342281879194631,20676.796486569823,147,42.908716700003424,0.2469057499956761,True,True,time_limit_guard_at_iteration_boundary,True,2,04_symmetric_wall_clock_ejection_on_off/off/raw_runs.csv
Symmetric wall clock,Dang,Ejection OFF,lin318_gen1_m3,2,2500,43.1556224499991,43.1556224499991,3775,146.0,149.0,2.0134228187919465,20809.508519018964,146,42.90789770000265,0.2477247499964505,True,True,time_limit_guard_at_iteration_boundary,True,2,04_symmetric_wall_clock_ejection_on_off/off/raw_runs.csv
Symmetric wall clock,Dang,Ejection OFF,lin318_gen1_m3,3,2500,43.1556224499991,43.1556224499991,3740,148.0,149.0,0.6711409395973155,20859.61805898022,148,42.91633680000086,0.2392856499982372,True,True,time_limit_guard_at_iteration_boundary,True,2,04_symmetric_wall_clock_ejection_on_off/off/raw_runs.csv
Symmetric wall clock,Dang,Ejection OFF,lin318_gen2_m2,0,2500,100.76384979999966,100.76384979999966,3906,8517.0,9544.0,10.760687342833194,21006.78109209404,157,98.0560897000032,2.707760099996449,True,True,time_limit_guard_at_iteration_boundary,True,2,04_symmetric_wall_clock_ejection_on_off/off/raw_runs.csv
Symmetric wall clock,Dang,Ejection OFF,lin318_gen2_m2,1,2500,100.76384979999966,100.76384979999966,3092,8620.0,9544.0,9.681475272422464,21002.367419798426,158,94.72463119999884,6.039218600000822,True,True,time_limit_guard_at_iteration_boundary,True,2,04_symmetric_wall_clock_ejection_on_off/off/raw_runs.csv
Symmetric wall clock,Dang,Ejection OFF,lin318_gen2_m2,2,2500,100.76384979999966,100.76384979999966,2944,8491.0,9544.0,11.033109807208715,21016.17656414291,157,91.98162869999942,8.782221100000243,True,True,time_limit_guard_at_iteration_boundary,True,2,04_symmetric_wall_clock_ejection_on_off/off/raw_runs.csv
Symmetric wall clock,Dang,Ejection OFF,lin318_gen2_m2,3,2500,100.76384979999966,100.76384979999966,3509,8519.0,9544.0,10.73973176865046,20971.38226994277,159,99.0843498999966,1.6794999000030657,True,True,time_limit_guard_at_iteration_boundary,True,2,04_symmetric_wall_clock_ejection_on_off/off/raw_runs.csv
Symmetric wall clock,Dang,Ejection OFF,lin318_gen2_m3,0,2500,53.27196387499953,53.27196387499953,3457,7197.0,7807.0,7.813500704495965,20988.974818472703,134,52.77989649999654,0.4920673750029891,True,True,time_limit_guard_at_iteration_boundary,True,2,04_symmetric_wall_clock_ejection_on_off/off/raw_runs.csv
Symmetric wall clock,Dang,Ejection OFF,lin318_gen2_m3,1,2500,53.27196387499953,53.27196387499953,3332,7709.0,7807.0,1.255283719738696,21008.9599052816,145,51.25960679999844,2.0123570750010917,True,True,time_limit_guard_at_iteration_boundary,True,2,04_symmetric_wall_clock_ejection_on_off/off/raw_runs.csv
Symmetric wall clock,Dang,Ejection OFF,lin318_gen2_m3,2,2500,53.27196387499953,53.27196387499953,3165,7157.0,7807.0,8.325861406430127,21020.051122277157,133,51.1255483000059,2.1464155749936253,True,True,time_limit_guard_at_iteration_boundary,True,2,04_symmetric_wall_clock_ejection_on_off/off/raw_runs.csv
Symmetric wall clock,Dang,Ejection OFF,lin318_gen2_m3,3,2500,53.27196387499953,53.27196387499953,3701,7144.0,7807.0,8.49237863455873,21008.464452632077,134,53.00635410000541,0.2656097749941182,True,True,time_limit_guard_at_iteration_boundary,True,2,04_symmetric_wall_clock_ejection_on_off/off/raw_runs.csv
Symmetric wall clock,Dang,Ejection OFF,lin318_gen3_m2,0,2500,89.66302797499975,89.66302797499975,1948,6554.0,7936.0,17.414314516129032,21015.42520922192,166,78.83545279999817,10.827575175001584,True,True,time_limit_guard_at_iteration_boundary,True,2,04_symmetric_wall_clock_ejection_on_off/off/raw_runs.csv
Symmetric wall clock,Dang,Ejection OFF,lin318_gen3_m2,1,2500,89.66302797499975,89.66302797499975,2495,6489.0,7936.0,18.233366935483872,21016.254644472563,165,79.30745690000185,10.355571074997895,True,True,time_limit_guard_at_iteration_boundary,True,2,04_symmetric_wall_clock_ejection_on_off/off/raw_runs.csv
Symmetric wall clock,Dang,Ejection OFF,lin318_gen3_m2,2,2500,89.66302797499975,89.66302797499975,1638,6554.0,7936.0,17.414314516129032,20999.48350580865,166,75.99767530000099,13.665352674998758,True,True,time_limit_guard_at_iteration_boundary,True,2,04_symmetric_wall_clock_ejection_on_off/off/raw_runs.csv
Symmetric wall clock,Dang,Ejection OFF,lin318_gen3_m2,3,2500,89.66302797499975,89.66302797499975,1860,6503.0,7936.0,18.05695564516129,21028.035628976668,164,77.82747290000407,11.835555074995682,True,True,time_limit_guard_at_iteration_boundary,True,2,04_symmetric_wall_clock_ejection_on_off/off/raw_runs.csv
Symmetric wall clock,Dang,Ejection OFF,lin318_gen3_m4,0,2500,38.06572147499992,38.06572147499992,3364,3746.0,3797.0,1.3431656570977086,20754.049807461648,121,37.56645969999954,0.4992617750003774,True,True,time_limit_guard_at_iteration_boundary,True,2,04_symmetric_wall_clock_ejection_on_off/off/raw_runs.csv
Symmetric wall clock,Dang,Ejection OFF,lin318_gen3_m4,1,2500,38.06572147499992,38.06572147499992,3104,3746.0,3797.0,1.3431656570977086,20724.959381534383,121,36.8816652999958,1.184056175004116,True,True,time_limit_guard_at_iteration_boundary,True,2,04_symmetric_wall_clock_ejection_on_off/off/raw_runs.csv
Symmetric wall clock,Dang,Ejection OFF,lin318_gen3_m4,2,2500,38.06572147499992,38.06572147499992,3178,3744.0,3797.0,1.3958388201211482,20763.695282048266,121,37.82108980000339,0.2446316749965262,True,True,time_limit_guard_at_iteration_boundary,True,2,04_symmetric_wall_clock_ejection_on_off/off/raw_runs.csv
Symmetric wall clock,Dang,Ejection OFF,lin318_gen3_m4,3,2500,38.06572147499992,38.06572147499992,2994,3736.0,3797.0,1.6065314722149064,20766.472827199832,121,37.71517770000355,0.3505437749963676,True,True,time_limit_guard_at_iteration_boundary,True,2,04_symmetric_wall_clock_ejection_on_off/off/raw_runs.csv
Symmetric wall clock,Dang,Ejection OFF,pr136_gen1_m2,0,2500,10.491221124999356,10.491221124999356,3997,62.0,63.0,1.5873015873015872,47968.71345209544,62,10.20403290000104,0.2871882249983173,True,True,time_limit_guard_at_iteration_boundary,True,2,04_symmetric_wall_clock_ejection_on_off/off/raw_runs.csv
Symmetric wall clock,Dang,Ejection OFF,pr136_gen1_m2,1,2500,10.491221124999356,10.491221124999356,4056,62.0,63.0,1.5873015873015872,47287.379106290464,62,10.24336790000234,0.2478532249970158,True,True,time_limit_guard_at_iteration_boundary,True,2,04_symmetric_wall_clock_ejection_on_off/off/raw_runs.csv
Symmetric wall clock,Dang,Ejection OFF,pr136_gen1_m2,2,2500,10.491221124999356,10.491221124999356,3986,62.0,63.0,1.5873015873015872,47822.14897580068,62,10.243261399999028,0.247959725000328,True,True,time_limit_guard_at_iteration_boundary,True,2,04_symmetric_wall_clock_ejection_on_off/off/raw_runs.csv
Symmetric wall clock,Dang,Ejection OFF,pr136_gen1_m2,3,2500,10.491221124999356,10.491221124999356,4015,63.0,63.0,0.0,48330.96430196992,63,10.031336599997305,0.4598845250020531,True,True,time_limit_guard_at_iteration_boundary,True,2,04_symmetric_wall_clock_ejection_on_off/off/raw_runs.csv
Symmetric wall clock,Dang,Ejection OFF,pr136_gen2_m2,0,2500,13.121088375,13.121088375,4554,3522.0,3646.0,3.4009873834339,48137.99418549889,57,12.871343799997703,0.2497445750022962,True,True,time_limit_guard_at_iteration_boundary,True,2,04_symmetric_wall_clock_ejection_on_off/off/raw_runs.csv
Symmetric wall clock,Dang,Ejection OFF,pr136_gen2_m2,1,2500,13.121088375,13.121088375,4415,3525.0,3646.0,3.3187054306088863,48281.01068746921,57,12.827053100001647,0.2940352749983503,True,True,time_limit_guard_at_iteration_boundary,True,2,04_symmetric_wall_clock_ejection_on_off/off/raw_runs.csv
Symmetric wall clock,Dang,Ejection OFF,pr136_gen2_m2,2,2500,13.121088375,13.121088375,4252,3517.0,3646.0,3.53812397147559,48326.69464790669,60,12.872191899994505,0.2488964750054947,True,True,time_limit_guard_at_iteration_boundary,True,2,04_symmetric_wall_clock_ejection_on_off/off/raw_runs.csv
Symmetric wall clock,Dang,Ejection OFF,pr136_gen2_m2,3,2500,13.121088375,13.121088375,4175,3493.0,3646.0,4.196379594075699,48314.23867193992,59,12.872224800004917,0.2488635749950845,True,True,time_limit_guard_at_iteration_boundary,True,2,04_symmetric_wall_clock_ejection_on_off/off/raw_runs.csv
Symmetric wall clock,Dang,Ejection OFF,pr264_gen1_m4,0,2500,26.488940699999148,26.488940699999148,3565,107.0,107.0,0.0,24291.605095693994,107,26.245415800003684,0.2435248999954637,True,True,time_limit_guard_at_iteration_boundary,True,2,04_symmetric_wall_clock_ejection_on_off/off/raw_runs.csv
Symmetric wall clock,Dang,Ejection OFF,pr264_gen1_m4,1,2500,26.488940699999148,26.488940699999148,3470,106.0,107.0,0.9345794392523364,23590.333102415912,106,26.24299289999908,0.2459478000000672,True,True,time_limit_guard_at_iteration_boundary,True,2,04_symmetric_wall_clock_ejection_on_off/off/raw_runs.csv
Symmetric wall clock,Dang,Ejection OFF,pr264_gen1_m4,2,2500,26.488940699999148,26.488940699999148,3516,106.0,107.0,0.9345794392523364,23739.82517201337,106,26.24013279999781,0.2488079000013385,True,True,time_limit_guard_at_iteration_boundary,True,2,04_symmetric_wall_clock_ejection_on_off/off/raw_runs.csv
Symmetric wall clock,Dang,Ejection OFF,pr264_gen1_m4,3,2500,26.488940699999148,26.488940699999148,3469,107.0,107.0,0.0,24359.98015613356,107,26.24711850000313,0.2418221999960224,True,True,time_limit_guard_at_iteration_boundary,True,2,04_symmetric_wall_clock_ejection_on_off/off/raw_runs.csv
Symmetric wall clock,Dang,Ejection OFF,pr264_gen2_m2,0,2500,65.81034304999957,65.81034304999957,3400,6515.0,6635.0,1.808590806330068,24434.64970072646,127,61.91332460000558,3.897018449993993,True,True,time_limit_guard_at_iteration_boundary,True,2,04_symmetric_wall_clock_ejection_on_off/off/raw_runs.csv
Symmetric wall clock,Dang,Ejection OFF,pr264_gen2_m2,1,2500,65.81034304999957,65.81034304999957,3858,6627.0,6635.0,0.1205727204220045,24502.722872369013,129,63.40866239999741,2.401680650002163,True,True,time_limit_guard_at_iteration_boundary,True,2,04_symmetric_wall_clock_ejection_on_off/off/raw_runs.csv
Symmetric wall clock,Dang,Ejection OFF,pr264_gen2_m2,2,2500,65.81034304999957,65.81034304999957,2935,6516.0,6635.0,1.7935192162773173,23871.20833920966,128,60.45156819999829,5.358774850001282,True,True,time_limit_guard_at_iteration_boundary,True,2,04_symmetric_wall_clock_ejection_on_off/off/raw_runs.csv
Symmetric wall clock,Dang,Ejection OFF,pr264_gen2_m2,3,2500,65.81034304999957,65.81034304999957,3793,6613.0,6635.0,0.3315749811605124,24493.164795589648,125,59.19523850000405,6.615104549995522,True,True,time_limit_guard_at_iteration_boundary,True,2,04_symmetric_wall_clock_ejection_on_off/off/raw_runs.csv
Symmetric wall clock,Dang,Ejection OFF,pr264_gen2_m3,0,2500,37.96189437499925,37.96189437499925,3776,6367.0,6420.0,0.8255451713395638,24487.82206089513,116,37.24822889999632,0.7136654750029265,True,True,time_limit_guard_at_iteration_boundary,True,2,04_symmetric_wall_clock_ejection_on_off/off/raw_runs.csv
Symmetric wall clock,Dang,Ejection OFF,pr264_gen2_m3,1,2500,37.96189437499925,37.96189437499925,3803,6345.0,6420.0,1.1682242990654206,24456.304965132527,120,37.18593919999694,0.7759551750023093,True,True,time_limit_guard_at_iteration_boundary,True,2,04_symmetric_wall_clock_ejection_on_off/off/raw_runs.csv
Symmetric wall clock,Dang,Ejection OFF,pr264_gen2_m3,2,2500,37.96189437499925,37.96189437499925,3874,6361.0,6420.0,0.9190031152647976,24408.695402884558,115,36.45165720000659,1.5102371749926533,True,True,time_limit_guard_at_iteration_boundary,True,2,04_symmetric_wall_clock_ejection_on_off/off/raw_runs.csv
Symmetric wall clock,Dang,Ejection OFF,pr264_gen2_m3,3,2500,37.96189437499925,37.96189437499925,3545,6370.0,6420.0,0.778816199376947,24460.912142708457,116,37.5444628999976,0.4174314750016492,True,True,time_limit_guard_at_iteration_boundary,True,2,04_symmetric_wall_clock_ejection_on_off/off/raw_runs.csv
Symmetric wall clock,Dang,Ejection OFF,pr264_gen2_m4,0,2500,37.45364742499987,37.45364742499987,4884,5438.0,5584.0,2.6146131805157595,24446.550220612444,105,37.20556159999978,0.2480858250000892,True,True,time_limit_guard_at_iteration_boundary,True,2,04_symmetric_wall_clock_ejection_on_off/off/raw_runs.csv
Symmetric wall clock,Dang,Ejection OFF,pr264_gen2_m4,1,2500,37.45364742499987,37.45364742499987,4748,5561.0,5584.0,0.41189111747851,24254.42182115045,106,36.65076079999562,0.8028866250042483,True,True,time_limit_guard_at_iteration_boundary,True,2,04_symmetric_wall_clock_ejection_on_off/off/raw_runs.csv
Symmetric wall clock,Dang,Ejection OFF,pr264_gen2_m4,2,2500,37.45364742499987,37.45364742499987,4235,5513.0,5584.0,1.271489971346705,24246.737903969108,105,37.21189179999783,0.2417556250020425,True,True,time_limit_guard_at_iteration_boundary,True,2,04_symmetric_wall_clock_ejection_on_off/off/raw_runs.csv
Symmetric wall clock,Dang,Ejection OFF,pr264_gen2_m4,3,2500,37.45364742499987,37.45364742499987,5081,5439.0,5584.0,2.596704871060172,24388.524424877345,105,37.09313829999883,0.3605091250010446,True,True,time_limit_guard_at_iteration_boundary,True,2,04_symmetric_wall_clock_ejection_on_off/off/raw_runs.csv
Symmetric wall clock,Dang,Ejection OFF,pr264_gen3_m3,0,2500,42.07617170000049,42.07617170000049,3471,2714.0,2772.0,2.092352092352092,24323.335270861087,117,40.28452929999912,1.7916424000013649,True,True,time_limit_guard_at_iteration_boundary,True,2,04_symmetric_wall_clock_ejection_on_off/off/raw_runs.csv
Symmetric wall clock,Dang,Ejection OFF,pr264_gen3_m3,1,2500,42.07617170000049,42.07617170000049,3533,2726.0,2772.0,1.6594516594516595,24381.277520553493,121,41.82756050000171,0.248611199998777,True,True,time_limit_guard_at_iteration_boundary,True,2,04_symmetric_wall_clock_ejection_on_off/off/raw_runs.csv
Symmetric wall clock,Dang,Ejection OFF,pr264_gen3_m3,2,2500,42.07617170000049,42.07617170000049,3713,2747.0,2772.0,0.9018759018759018,24501.985308801748,118,41.05604350000067,1.0201281999998173,True,True,time_limit_guard_at_iteration_boundary,True,2,04_symmetric_wall_clock_ejection_on_off/off/raw_runs.csv
Symmetric wall clock,Dang,Ejection OFF,pr264_gen3_m3,3,2500,42.07617170000049,42.07617170000049,3603,2714.0,2772.0,2.092352092352092,24521.20829734858,116,41.403261499996006,0.6729102000044804,True,True,time_limit_guard_at_iteration_boundary,True,2,04_symmetric_wall_clock_ejection_on_off/off/raw_runs.csv
Symmetric wall clock,Dang,Ejection OFF,pr299_gen1_m2,0,2500,44.85839287500221,44.85839287500221,3867,137.0,139.0,1.4388489208633093,23994.12816158167,137,44.61309349999647,0.245299375005743,True,True,time_limit_guard_at_iteration_boundary,True,2,04_symmetric_wall_clock_ejection_on_off/off/raw_runs.csv
Symmetric wall clock,Dang,Ejection OFF,pr299_gen1_m2,1,2500,44.85839287500221,44.85839287500221,3886,139.0,139.0,0.0,24067.639782050886,139,44.6100907,0.2483021750022089,True,True,time_limit_guard_at_iteration_boundary,True,2,04_symmetric_wall_clock_ejection_on_off/off/raw_runs.csv
Symmetric wall clock,Dang,Ejection OFF,pr299_gen1_m2,2,2500,44.85839287500221,44.85839287500221,3846,138.0,139.0,0.7194244604316546,23986.847037005828,138,44.62345329999516,0.2349395750070471,True,True,time_limit_guard_at_iteration_boundary,True,2,04_symmetric_wall_clock_ejection_on_off/off/raw_runs.csv
Symmetric wall clock,Dang,Ejection OFF,pr299_gen1_m2,3,2500,44.85839287500221,44.85839287500221,3897,138.0,139.0,0.7194244604316546,23903.27644317173,138,44.613633399996615,0.2447594750055941,True,True,time_limit_guard_at_iteration_boundary,True,2,04_symmetric_wall_clock_ejection_on_off/off/raw_runs.csv
Symmetric wall clock,Dang,Ejection OFF,pr299_gen1_m3,0,2500,29.867939674999437,29.867939674999437,3579,110.0,111.0,0.9009009009009008,23870.74925699509,110,29.628427200004808,0.2395124749946262,True,True,time_limit_guard_at_iteration_boundary,True,2,04_symmetric_wall_clock_ejection_on_off/off/raw_runs.csv
Symmetric wall clock,Dang,Ejection OFF,pr299_gen1_m3,1,2500,29.867939674999437,29.867939674999437,3513,108.0,111.0,2.702702702702702,23931.804394019488,108,29.622122799999488,0.2458168749999458,True,True,time_limit_guard_at_iteration_boundary,True,2,04_symmetric_wall_clock_ejection_on_off/off/raw_runs.csv
Symmetric wall clock,Dang,Ejection OFF,pr299_gen1_m3,2,2500,29.867939674999437,29.867939674999437,3566,109.0,111.0,1.8018018018018016,24019.79176877624,109,29.420484399997804,0.44745527500163,True,True,time_limit_guard_at_iteration_boundary,True,2,04_symmetric_wall_clock_ejection_on_off/off/raw_runs.csv
Symmetric wall clock,Dang,Ejection OFF,pr299_gen1_m3,3,2500,29.867939674999437,29.867939674999437,3575,109.0,111.0,1.8018018018018016,24014.86303855355,109,29.61990270000388,0.2480369749955571,True,True,time_limit_guard_at_iteration_boundary,True,2,04_symmetric_wall_clock_ejection_on_off/off/raw_runs.csv
Symmetric wall clock,Dang,Ejection OFF,pr299_gen1_m4,0,2500,20.673090799999045,20.673090799999045,3341,83.0,84.0,1.1904761904761905,23874.63738387253,83,20.424117299997302,0.248973500001739,True,True,time_limit_guard_at_iteration_boundary,True,2,04_symmetric_wall_clock_ejection_on_off/off/raw_runs.csv
Symmetric wall clock,Dang,Ejection OFF,pr299_gen1_m4,1,2500,20.673090799999045,20.673090799999045,3298,83.0,84.0,1.1904761904761905,23910.578496212253,83,20.42443920000369,0.2486515999953553,True,True,time_limit_guard_at_iteration_boundary,True,2,04_symmetric_wall_clock_ejection_on_off/off/raw_runs.csv
Symmetric wall clock,Dang,Ejection OFF,pr299_gen1_m4,2,2500,20.673090799999045,20.673090799999045,3293,83.0,84.0,1.1904761904761905,23913.2353273335,83,20.428283100001863,0.2448076999971817,True,True,time_limit_guard_at_iteration_boundary,True,2,04_symmetric_wall_clock_ejection_on_off/off/raw_runs.csv
Symmetric wall clock,Dang,Ejection OFF,pr299_gen1_m4,3,2500,20.673090799999045,20.673090799999045,3286,83.0,84.0,1.1904761904761905,23815.39806544712,83,20.331070100000943,0.3420206999981019,True,True,time_limit_guard_at_iteration_boundary,True,2,04_symmetric_wall_clock_ejection_on_off/off/raw_runs.csv
Symmetric wall clock,Dang,Ejection OFF,pr299_gen2_m3,0,2500,36.89149082499989,36.89149082499989,3896,5895.0,6018.0,2.0438683948155534,24012.09699403017,102,36.2166342000055,0.6748566249943906,True,True,time_limit_guard_at_iteration_boundary,True,2,04_symmetric_wall_clock_ejection_on_off/off/raw_runs.csv
Symmetric wall clock,Dang,Ejection OFF,pr299_gen2_m3,1,2500,36.89149082499989,36.89149082499989,3848,5732.0,6018.0,4.752409438351612,24009.56062593865,101,36.30468300000212,0.5868078249977771,True,True,time_limit_guard_at_iteration_boundary,True,2,04_symmetric_wall_clock_ejection_on_off/off/raw_runs.csv
Symmetric wall clock,Dang,Ejection OFF,pr299_gen2_m3,2,2500,36.89149082499989,36.89149082499989,3622,5849.0,6018.0,2.8082419408441344,24053.486746534538,102,36.40131229999679,0.4901785250031025,True,True,time_limit_guard_at_iteration_boundary,True,2,04_symmetric_wall_clock_ejection_on_off/off/raw_runs.csv
Symmetric wall clock,Dang,Ejection OFF,pr299_gen2_m3,3,2500,36.89149082499989,36.89149082499989,3328,5880.0,6018.0,2.293120638085743,24034.430357774865,104,36.0139907000048,0.8775001249950947,True,True,time_limit_guard_at_iteration_boundary,True,2,04_symmetric_wall_clock_ejection_on_off/off/raw_runs.csv
Symmetric wall clock,Dang,Ejection OFF,pr299_gen2_m4,0,2500,22.703178775001103,22.703178775001103,3854,4103.0,4457.0,7.942562261610949,23977.295628224067,77,22.45535100000416,0.2478277749969493,True,True,time_limit_guard_at_iteration_boundary,True,2,04_symmetric_wall_clock_ejection_on_off/off/raw_runs.csv
Symmetric wall clock,Dang,Ejection OFF,pr299_gen2_m4,1,2500,22.703178775001103,22.703178775001103,3680,4289.0,4457.0,3.7693515817814673,23925.5402538001,77,22.28644680000434,0.4167319749967646,True,True,time_limit_guard_at_iteration_boundary,True,2,04_symmetric_wall_clock_ejection_on_off/off/raw_runs.csv
Symmetric wall clock,Dang,Ejection OFF,pr299_gen2_m4,2,2500,22.703178775001103,22.703178775001103,3641,4271.0,4457.0,4.173210679829482,23775.780153346997,76,22.454177799998437,0.2490009750026729,True,True,time_limit_guard_at_iteration_boundary,True,2,04_symmetric_wall_clock_ejection_on_off/off/raw_runs.csv
Symmetric wall clock,Dang,Ejection OFF,pr299_gen2_m4,3,2500,22.703178775001103,22.703178775001103,3388,4280.0,4457.0,3.9712811308054743,23750.57643021865,76,22.4552507000044,0.2479280749967074,True,True,time_limit_guard_at_iteration_boundary,True,2,04_symmetric_wall_clock_ejection_on_off/off/raw_runs.csv
Symmetric wall clock,Dang,Ejection OFF,pr299_gen3_m2,0,2500,81.9937711249986,81.9937711249986,3227,4997.0,5729.0,12.77709897015186,24054.1017505926,135,73.03937170000427,8.954399424994335,True,True,time_limit_guard_at_iteration_boundary,True,2,04_symmetric_wall_clock_ejection_on_off/off/raw_runs.csv
Symmetric wall clock,Dang,Ejection OFF,pr299_gen3_m2,1,2500,81.9937711249986,81.9937711249986,3698,4996.0,5729.0,12.794554023389772,24052.167649978557,135,76.51988030000211,5.473890824996488,True,True,time_limit_guard_at_iteration_boundary,True,2,04_symmetric_wall_clock_ejection_on_off/off/raw_runs.csv
Symmetric wall clock,Dang,Ejection OFF,pr299_gen3_m2,2,2500,81.9937711249986,81.9937711249986,3556,4982.0,5729.0,13.038924768720545,24065.188703575623,135,78.93938590000471,3.0543852249938936,True,True,time_limit_guard_at_iteration_boundary,True,2,04_symmetric_wall_clock_ejection_on_off/off/raw_runs.csv
Symmetric wall clock,Dang,Ejection OFF,pr299_gen3_m2,3,2500,81.9937711249986,81.9937711249986,3210,4916.0,5729.0,14.19095828242276,24088.321126786566,134,78.81509389999701,3.178677225001593,True,True,time_limit_guard_at_iteration_boundary,True,2,04_symmetric_wall_clock_ejection_on_off/off/raw_runs.csv
Symmetric wall clock,Dang,Ejection OFF,pr299_gen3_m3,0,2500,42.186979050000446,42.186979050000446,2783,3312.0,3655.0,9.384404924760602,23883.71373387212,107,40.28097279999929,1.9060062500011556,True,True,time_limit_guard_at_iteration_boundary,True,2,04_symmetric_wall_clock_ejection_on_off/off/raw_runs.csv
Symmetric wall clock,Dang,Ejection OFF,pr299_gen3_m3,1,2500,42.186979050000446,42.186979050000446,2743,3331.0,3655.0,8.864569083447332,24034.173438270333,109,39.72702359999676,2.45995545000369,True,True,time_limit_guard_at_iteration_boundary,True,2,04_symmetric_wall_clock_ejection_on_off/off/raw_runs.csv
Symmetric wall clock,Dang,Ejection OFF,pr299_gen3_m3,2,2500,42.186979050000446,42.186979050000446,4182,3398.0,3655.0,7.0314637482900135,23992.9407148139,99,41.91639289999876,0.2705861500016908,True,True,time_limit_guard_at_iteration_boundary,True,2,04_symmetric_wall_clock_ejection_on_off/off/raw_runs.csv
Symmetric wall clock,Dang,Ejection OFF,pr299_gen3_m3,3,2500,42.186979050000446,42.186979050000446,2778,3355.0,3655.0,8.207934336525307,23943.38423529727,106,40.42862400000013,1.7583550500003184,True,True,time_limit_guard_at_iteration_boundary,True,2,04_symmetric_wall_clock_ejection_on_off/off/raw_runs.csv
Symmetric wall clock,Dang,Ejection OFF,pr299_gen3_m4,0,2500,24.62048084999969,24.62048084999969,3209,2231.0,2268.0,1.6313932980599648,23959.850007557896,81,23.734388099997886,0.8860927500018079,True,True,time_limit_guard_at_iteration_boundary,True,2,04_symmetric_wall_clock_ejection_on_off/off/raw_runs.csv
Symmetric wall clock,Dang,Ejection OFF,pr299_gen3_m4,1,2500,24.62048084999969,24.62048084999969,3221,2264.0,2268.0,0.1763668430335097,23918.56015465774,82,24.01984359999915,0.6006372500005455,True,True,time_limit_guard_at_iteration_boundary,True,2,04_symmetric_wall_clock_ejection_on_off/off/raw_runs.csv
Symmetric wall clock,Dang,Ejection OFF,pr299_gen3_m4,2,2500,24.62048084999969,24.62048084999969,2687,2239.0,2268.0,1.2786596119929454,24031.15733040768,81,23.108594400000584,1.5118864499991105,True,True,time_limit_guard_at_iteration_boundary,True,2,04_symmetric_wall_clock_ejection_on_off/off/raw_runs.csv
Symmetric wall clock,Dang,Ejection OFF,pr299_gen3_m4,3,2500,24.62048084999969,24.62048084999969,2302,2103.0,2268.0,7.275132275132275,23956.63499726616,79,23.613294900002074,1.00718594999762,True,True,time_limit_guard_at_iteration_boundary,True,2,04_symmetric_wall_clock_ejection_on_off/off/raw_runs.csv
Symmetric wall clock,Dang,Ejection OFF,rat195_gen2_m2,0,2500,25.94742977500209,25.94742977500209,3779,4706.0,5148.0,8.585858585858587,1158.1961294414182,83,24.923164599997108,1.0242651750049845,True,True,time_limit_guard_at_iteration_boundary,True,2,04_symmetric_wall_clock_ejection_on_off/off/raw_runs.csv
Symmetric wall clock,Dang,Ejection OFF,rat195_gen2_m2,1,2500,25.94742977500209,25.94742977500209,3602,4774.0,5148.0,7.264957264957265,1158.0738131998974,83,24.94500269999844,1.002427075003652,True,True,time_limit_guard_at_iteration_boundary,True,2,04_symmetric_wall_clock_ejection_on_off/off/raw_runs.csv
Symmetric wall clock,Dang,Ejection OFF,rat195_gen2_m2,2,2500,25.94742977500209,25.94742977500209,3560,4860.0,5148.0,5.594405594405594,1160.0719896572264,83,25.15499060000002,0.7924391750020732,True,True,time_limit_guard_at_iteration_boundary,True,2,04_symmetric_wall_clock_ejection_on_off/off/raw_runs.csv
Symmetric wall clock,Dang,Ejection OFF,rat195_gen2_m2,3,2500,25.94742977500209,25.94742977500209,3499,4754.0,5148.0,7.653457653457654,1159.4248348401793,85,25.44186030000128,0.5055694750008115,True,True,time_limit_guard_at_iteration_boundary,True,2,04_symmetric_wall_clock_ejection_on_off/off/raw_runs.csv
Symmetric wall clock,Dang,Ejection OFF,rat195_gen3_m3,0,2500,22.23391784999967,22.23391784999967,3688,2545.0,2574.0,1.1266511266511263,1156.8895425074418,79,21.694340999994893,0.539576850004778,True,True,time_limit_guard_at_iteration_boundary,True,2,04_symmetric_wall_clock_ejection_on_off/off/raw_runs.csv
Symmetric wall clock,Dang,Ejection OFF,rat195_gen3_m3,1,2500,22.23391784999967,22.23391784999967,3516,2544.0,2574.0,1.1655011655011656,1155.1266504942046,79,21.632792700002028,0.6011251499976424,True,True,time_limit_guard_at_iteration_boundary,True,2,04_symmetric_wall_clock_ejection_on_off/off/raw_runs.csv
Symmetric wall clock,Dang,Ejection OFF,rat195_gen3_m3,2,2500,22.23391784999967,22.23391784999967,3723,2530.0,2574.0,1.709401709401709,1159.79218636157,80,21.708817600003385,0.5251002499962851,True,True,time_limit_guard_at_iteration_boundary,True,2,04_symmetric_wall_clock_ejection_on_off/off/raw_runs.csv
Symmetric wall clock,Dang,Ejection OFF,rat195_gen3_m3,3,2500,22.23391784999967,22.23391784999967,3606,2529.0,2574.0,1.7482517482517483,1157.2523909704926,80,21.304805200001283,0.9291126499983876,True,True,time_limit_guard_at_iteration_boundary,True,2,04_symmetric_wall_clock_ejection_on_off/off/raw_runs.csv
Symmetric wall clock,Dang,Ejection OFF,rd400_gen1_m2,0,2500,134.15906689999974,134.15906689999974,4258,213.0,232.0,8.189655172413794,7609.50457887176,213,133.5241351999939,0.6349317000058363,True,True,time_limit_guard_at_iteration_boundary,True,2,04_symmetric_wall_clock_ejection_on_off/off/raw_runs.csv
Symmetric wall clock,Dang,Ejection OFF,rd400_gen1_m2,1,2500,134.15906689999974,134.15906689999974,3997,216.0,232.0,6.896551724137931,7601.080513598512,216,133.60885300000518,0.55021389999456,True,True,time_limit_guard_at_iteration_boundary,True,2,04_symmetric_wall_clock_ejection_on_off/off/raw_runs.csv
Symmetric wall clock,Dang,Ejection OFF,rd400_gen1_m2,2,2500,134.15906689999974,134.15906689999974,4047,217.0,232.0,6.465517241379311,7599.297028377835,217,133.49866349999502,0.660403400004725,True,True,time_limit_guard_at_iteration_boundary,True,2,04_symmetric_wall_clock_ejection_on_off/off/raw_runs.csv
Symmetric wall clock,Dang,Ejection OFF,rd400_gen1_m2,3,2500,134.15906689999974,134.15906689999974,3964,217.0,232.0,6.465517241379311,7604.763056085208,217,133.50736060000054,0.6517062999992049,True,True,time_limit_guard_at_iteration_boundary,True,2,04_symmetric_wall_clock_ejection_on_off/off/raw_runs.csv
Symmetric wall clock,Dang,Ejection OFF,rd400_gen1_m3,0,2500,114.18073417499907,114.18073417499907,3947,210.0,224.0,6.25,7626.080227638857,210,113.61322199999996,0.5675121749991376,True,True,time_limit_guard_at_iteration_boundary,True,2,04_symmetric_wall_clock_ejection_on_off/off/raw_runs.csv
Symmetric wall clock,Dang,Ejection OFF,rd400_gen1_m3,1,2500,114.18073417499907,114.18073417499907,3910,216.0,224.0,3.571428571428572,7627.562867733104,216,113.63274559999992,0.5479885749991809,True,True,time_limit_guard_at_iteration_boundary,True,2,04_symmetric_wall_clock_ejection_on_off/off/raw_runs.csv
Symmetric wall clock,Dang,Ejection OFF,rd400_gen1_m3,2,2500,114.18073417499907,114.18073417499907,4009,208.0,224.0,7.142857142857143,7577.058785780468,208,113.61459040000044,0.5661437749986362,True,True,time_limit_guard_at_iteration_boundary,True,2,04_symmetric_wall_clock_ejection_on_off/off/raw_runs.csv
Symmetric wall clock,Dang,Ejection OFF,rd400_gen1_m3,3,2500,114.18073417499907,114.18073417499907,3875,213.0,224.0,4.910714285714286,7609.570769921281,213,113.61844310000016,0.5622910749989387,True,True,time_limit_guard_at_iteration_boundary,True,2,04_symmetric_wall_clock_ejection_on_off/off/raw_runs.csv
Symmetric wall clock,Dang,Ejection OFF,rd400_gen1_m4,0,2500,94.98835320000036,94.98835320000036,3596,204.0,213.0,4.225352112676056,7556.991917431924,204,94.54523009999684,0.4431231000035041,True,True,time_limit_guard_at_iteration_boundary,True,2,04_symmetric_wall_clock_ejection_on_off/off/raw_runs.csv
Symmetric wall clock,Dang,Ejection OFF,rd400_gen1_m4,1,2500,94.98835320000036,94.98835320000036,3533,206.0,213.0,3.286384976525821,7585.647487543641,206,94.5283694000027,0.4599837999976444,True,True,time_limit_guard_at_iteration_boundary,True,2,04_symmetric_wall_clock_ejection_on_off/off/raw_runs.csv
Symmetric wall clock,Dang,Ejection OFF,rd400_gen1_m4,2,2500,94.98835320000036,94.98835320000036,3521,201.0,213.0,5.633802816901408,7572.646631941494,201,94.51299560000189,0.4753575999984605,True,True,time_limit_guard_at_iteration_boundary,True,2,04_symmetric_wall_clock_ejection_on_off/off/raw_runs.csv
Symmetric wall clock,Dang,Ejection OFF,rd400_gen1_m4,3,2500,94.98835320000036,94.98835320000036,3712,199.0,213.0,6.572769953051643,7564.355653185939,199,94.51819849999448,0.4701547000058781,True,True,time_limit_guard_at_iteration_boundary,True,2,04_symmetric_wall_clock_ejection_on_off/off/raw_runs.csv
Symmetric wall clock,Dang,Ejection OFF,rd400_gen2_m2,0,2500,161.45456469999954,161.45456469999954,3476,12259.0,13045.0,6.025297048677654,7636.849700874405,204,160.6752039999992,0.7793607000003249,True,True,time_limit_guard_at_iteration_boundary,True,2,04_symmetric_wall_clock_ejection_on_off/off/raw_runs.csv
Symmetric wall clock,Dang,Ejection OFF,rd400_gen2_m2,1,2500,161.45456469999954,161.45456469999954,3688,12323.0,13045.0,5.534687619777692,7635.163923433051,203,160.66056079999544,0.7940039000040997,True,True,time_limit_guard_at_iteration_boundary,True,2,04_symmetric_wall_clock_ejection_on_off/off/raw_runs.csv
Symmetric wall clock,Dang,Ejection OFF,rd400_gen2_m2,2,2500,161.45456469999954,161.45456469999954,3369,12278.0,13045.0,5.879647374472978,7639.133568691952,210,160.67022889999498,0.7843358000045555,True,True,time_limit_guard_at_iteration_boundary,True,2,04_symmetric_wall_clock_ejection_on_off/off/raw_runs.csv
Symmetric wall clock,Dang,Ejection OFF,rd400_gen2_m2,3,2500,161.45456469999954,161.45456469999954,2796,11887.0,13045.0,8.876964354158682,7636.026440642056,200,150.33103590000246,11.123528799997077,True,True,time_limit_guard_at_iteration_boundary,True,2,04_symmetric_wall_clock_ejection_on_off/off/raw_runs.csv
Symmetric wall clock,Dang,Ejection OFF,rd400_gen2_m3,0,2500,130.0322764499997,130.0322764499997,3816,11397.0,12646.0,9.876640835046656,7629.841949079781,191,129.1253835000025,0.9068929499972,True,True,time_limit_guard_at_iteration_boundary,True,2,04_symmetric_wall_clock_ejection_on_off/off/raw_runs.csv
Symmetric wall clock,Dang,Ejection OFF,rd400_gen2_m3,1,2500,130.0322764499997,130.0322764499997,3763,11257.0,12646.0,10.983710264115135,7635.496979672815,192,127.77552700000524,2.2567494499944587,True,True,time_limit_guard_at_iteration_boundary,True,2,04_symmetric_wall_clock_ejection_on_off/off/raw_runs.csv
Symmetric wall clock,Dang,Ejection OFF,rd400_gen2_m3,2,2500,130.0322764499997,130.0322764499997,3490,11420.0,12646.0,9.694765143128262,7638.716114858305,193,128.0338860000047,1.9983904499949856,True,True,time_limit_guard_at_iteration_boundary,True,2,04_symmetric_wall_clock_ejection_on_off/off/raw_runs.csv
Symmetric wall clock,Dang,Ejection OFF,rd400_gen2_m3,3,2500,130.0322764499997,130.0322764499997,2923,10726.0,12646.0,15.1826664557963,7630.738492436199,190,128.88737540000147,1.144901049998225,True,True,time_limit_guard_at_iteration_boundary,True,2,04_symmetric_wall_clock_ejection_on_off/off/raw_runs.csv
Symmetric wall clock,Dang,Ejection OFF,rd400_gen2_m4,0,2500,94.23947462500018,94.23947462500018,3375,10362.0,12032.0,13.87965425531915,7624.563929834856,184,92.79604689999542,1.4434277250047671,True,True,time_limit_guard_at_iteration_boundary,True,2,04_symmetric_wall_clock_ejection_on_off/off/raw_runs.csv
Symmetric wall clock,Dang,Ejection OFF,rd400_gen2_m4,1,2500,94.23947462500018,94.23947462500018,3307,10474.0,12032.0,12.94880319148936,7618.338617489829,184,93.77986450000026,0.4596101249999265,True,True,time_limit_guard_at_iteration_boundary,True,2,04_symmetric_wall_clock_ejection_on_off/off/raw_runs.csv
Symmetric wall clock,Dang,Ejection OFF,rd400_gen2_m4,2,2500,94.23947462500018,94.23947462500018,3520,10371.0,12032.0,13.804853723404255,7630.179893452878,180,93.62636120000388,0.6131134249962997,True,True,time_limit_guard_at_iteration_boundary,True,2,04_symmetric_wall_clock_ejection_on_off/off/raw_runs.csv
Symmetric wall clock,Dang,Ejection OFF,rd400_gen2_m4,3,2500,94.23947462500018,94.23947462500018,2980,10462.0,12032.0,13.048537234042554,7624.463218916668,188,90.56285479999497,3.6766198250052176,True,True,time_limit_guard_at_iteration_boundary,True,2,04_symmetric_wall_clock_ejection_on_off/off/raw_runs.csv
Symmetric wall clock,Dang,Ejection OFF,rd400_gen3_m2,0,2500,158.46097782500055,158.46097782500055,3724,11120.0,12431.0,10.546215107392808,7635.84956485696,206,156.10979950000183,2.3511783249987275,True,True,time_limit_guard_at_iteration_boundary,True,2,04_symmetric_wall_clock_ejection_on_off/off/raw_runs.csv
Symmetric wall clock,Dang,Ejection OFF,rd400_gen3_m2,1,2500,158.46097782500055,158.46097782500055,3508,10592.0,12431.0,14.7936610087684,7629.109456081816,213,151.52554319999763,6.935434625002927,True,True,time_limit_guard_at_iteration_boundary,True,2,04_symmetric_wall_clock_ejection_on_off/off/raw_runs.csv
Symmetric wall clock,Dang,Ejection OFF,rd400_gen3_m2,2,2500,158.46097782500055,158.46097782500055,2522,11097.0,12431.0,10.731236425066369,7630.858166867709,216,139.1918532999989,19.269124525001644,True,True,time_limit_guard_at_iteration_boundary,True,2,04_symmetric_wall_clock_ejection_on_off/off/raw_runs.csv
Symmetric wall clock,Dang,Ejection OFF,rd400_gen3_m2,3,2500,158.46097782500055,158.46097782500055,3281,10452.0,12431.0,15.919877725042234,7628.384555765584,215,153.91024059999472,4.550737225005832,True,True,time_limit_guard_at_iteration_boundary,True,2,04_symmetric_wall_clock_ejection_on_off/off/raw_runs.csv
Symmetric wall clock,Dang,Ejection OFF,rd400_gen3_m3,0,2500,121.5379268250008,121.5379268250008,3354,10507.0,11639.0,9.725921470916743,7618.931003719079,198,117.62277419999737,3.915152625003429,True,True,time_limit_guard_at_iteration_boundary,True,2,04_symmetric_wall_clock_ejection_on_off/off/raw_runs.csv
Symmetric wall clock,Dang,Ejection OFF,rd400_gen3_m3,1,2500,121.5379268250008,121.5379268250008,3621,10399.0,11639.0,10.653836240226823,7618.614328834956,200,120.93419750000612,0.6037293249946742,True,True,time_limit_guard_at_iteration_boundary,True,2,04_symmetric_wall_clock_ejection_on_off/off/raw_runs.csv
Symmetric wall clock,Dang,Ejection OFF,rd400_gen3_m3,2,2500,121.5379268250008,121.5379268250008,3990,10247.0,11639.0,11.959790359996564,7617.456788666734,207,119.13402919999498,2.4038976250058117,True,True,time_limit_guard_at_iteration_boundary,True,2,04_symmetric_wall_clock_ejection_on_off/off/raw_runs.csv
Symmetric wall clock,Dang,Ejection OFF,rd400_gen3_m3,3,2500,121.5379268250008,121.5379268250008,3696,10283.0,11639.0,11.650485436893204,7627.538048983757,200,120.96304930000042,0.5748775250003746,True,True,time_limit_guard_at_iteration_boundary,True,2,04_symmetric_wall_clock_ejection_on_off/off/raw_runs.csv
Symmetric wall clock,Dang,Ejection OFF,rd400_gen3_m4,0,2500,97.38319002499976,97.38319002499976,3419,9050.0,10436.0,13.280950555768491,7621.257794948522,198,96.91145240000333,0.4717376249964218,True,True,time_limit_guard_at_iteration_boundary,True,2,04_symmetric_wall_clock_ejection_on_off/off/raw_runs.csv
Symmetric wall clock,Dang,Ejection OFF,rd400_gen3_m4,1,2500,97.38319002499976,97.38319002499976,3450,9108.0,10436.0,12.725182062092756,7634.824513646679,194,96.14873210000223,1.234457924997514,True,True,time_limit_guard_at_iteration_boundary,True,2,04_symmetric_wall_clock_ejection_on_off/off/raw_runs.csv
Symmetric wall clock,Dang,Ejection OFF,rd400_gen3_m4,2,2500,97.38319002499976,97.38319002499976,3312,9275.0,10436.0,11.124952088922958,7631.15866650444,198,96.9233951999995,0.4597948250002446,True,True,time_limit_guard_at_iteration_boundary,True,2,04_symmetric_wall_clock_ejection_on_off/off/raw_runs.csv
Symmetric wall clock,Dang,Ejection OFF,rd400_gen3_m4,3,2500,97.38319002499976,97.38319002499976,3399,9266.0,10436.0,11.21119202759678,7627.453798111457,198,96.90388969999913,0.4793003250006222,True,True,time_limit_guard_at_iteration_boundary,True,2,04_symmetric_wall_clock_ejection_on_off/off/raw_runs.csv
Symmetric wall clock,Dang,Ejection OFF,ts225_gen2_m2,0,2500,37.26226475000021,37.26226475000021,4978,5614.0,5859.0,4.181600955794504,63227.03520989542,103,36.05671989999973,1.2055448500004786,True,True,time_limit_guard_at_iteration_boundary,True,2,04_symmetric_wall_clock_ejection_on_off/off/raw_runs.csv
Symmetric wall clock,Dang,Ejection OFF,ts225_gen2_m2,1,2500,37.26226475000021,37.26226475000021,3828,5843.0,5859.0,0.2730841440518859,62739.6167797906,110,35.45905060000223,1.8032141499979844,True,True,time_limit_guard_at_iteration_boundary,True,2,04_symmetric_wall_clock_ejection_on_off/off/raw_runs.csv
Symmetric wall clock,Dang,Ejection OFF,ts225_gen2_m2,2,2500,37.26226475000021,37.26226475000021,4330,5286.0,5859.0,9.779825908858166,63222.38760235271,98,36.346122300004936,0.9161424499952772,True,True,time_limit_guard_at_iteration_boundary,True,2,04_symmetric_wall_clock_ejection_on_off/off/raw_runs.csv
Symmetric wall clock,Dang,Ejection OFF,ts225_gen2_m2,3,2500,37.26226475000021,37.26226475000021,4068,5060.0,5859.0,13.637139443591057,63136.17721618543,94,35.7583872000032,1.5038775499970145,True,True,time_limit_guard_at_iteration_boundary,True,2,04_symmetric_wall_clock_ejection_on_off/off/raw_runs.csv
Symmetric wall clock,Dang,Ejection ON,bier127_gen1_m2,0,2500,17.152962350000053,17.152962350000053,2392,104.0,106.0,1.8867924528301887,58160.45246613411,104,16.90315100000589,0.249811349994161,True,True,time_limit_guard_at_iteration_boundary,True,2,04_symmetric_wall_clock_ejection_on_off/on/raw_runs.csv
Symmetric wall clock,Dang,Ejection ON,bier127_gen1_m2,1,2500,17.152962350000053,17.152962350000053,2400,102.0,106.0,3.7735849056603774,57331.31661253936,102,16.911519600005704,0.2414427499943485,True,True,time_limit_guard_at_iteration_boundary,True,2,04_symmetric_wall_clock_ejection_on_off/on/raw_runs.csv
Symmetric wall clock,Dang,Ejection ON,bier127_gen1_m2,2,2500,17.152962350000053,17.152962350000053,2540,103.0,106.0,2.830188679245283,58307.36847108489,103,16.866432999995595,0.2865293500044572,True,True,time_limit_guard_at_iteration_boundary,True,2,04_symmetric_wall_clock_ejection_on_off/on/raw_runs.csv
Symmetric wall clock,Dang,Ejection ON,bier127_gen1_m2,3,2500,17.152962350000053,17.152962350000053,2519,105.0,106.0,0.9433962264150944,57916.33136601871,105,16.765341199999966,0.3876211500000863,True,True,time_limit_guard_at_iteration_boundary,True,2,04_symmetric_wall_clock_ejection_on_off/on/raw_runs.csv
Symmetric wall clock,Dang,Ejection ON,bier127_gen1_m3,0,2500,14.07591869999942,14.07591869999942,2459,102.0,103.0,0.970873786407767,57513.08065300538,102,13.829204699999536,0.2467139999998835,True,True,time_limit_guard_at_iteration_boundary,True,2,04_symmetric_wall_clock_ejection_on_off/on/raw_runs.csv
Symmetric wall clock,Dang,Ejection ON,bier127_gen1_m3,1,2500,14.07591869999942,14.07591869999942,2471,102.0,103.0,0.970873786407767,58452.52500027385,102,13.82969380000577,0.2462248999936491,True,True,time_limit_guard_at_iteration_boundary,True,2,04_symmetric_wall_clock_ejection_on_off/on/raw_runs.csv
Symmetric wall clock,Dang,Ejection ON,bier127_gen1_m3,2,2500,14.07591869999942,14.07591869999942,2539,102.0,103.0,0.970873786407767,58500.20025010477,102,13.829768399999011,0.2461503000004086,True,True,time_limit_guard_at_iteration_boundary,True,2,04_symmetric_wall_clock_ejection_on_off/on/raw_runs.csv
Symmetric wall clock,Dang,Ejection ON,bier127_gen1_m3,3,2500,14.07591869999942,14.07591869999942,2485,101.0,103.0,1.941747572815534,57659.98185873368,101,13.82624169999326,0.2496770000061587,True,True,time_limit_guard_at_iteration_boundary,True,2,04_symmetric_wall_clock_ejection_on_off/on/raw_runs.csv
Symmetric wall clock,Dang,Ejection ON,bier127_gen2_m2,0,2500,25.534227200000718,25.534227200000718,2459,5418.0,5464.0,0.8418740849194729,59065.06657314349,101,25.285922900002333,0.2483042999983808,True,True,time_limit_guard_at_iteration_boundary,True,2,04_symmetric_wall_clock_ejection_on_off/on/raw_runs.csv
Symmetric wall clock,Dang,Ejection ON,bier127_gen2_m2,1,2500,25.534227200000718,25.534227200000718,2397,5395.0,5464.0,1.2628111273792093,59027.91165341293,102,24.987612799995983,0.5466144000047279,True,True,time_limit_guard_at_iteration_boundary,True,2,04_symmetric_wall_clock_ejection_on_off/on/raw_runs.csv
Symmetric wall clock,Dang,Ejection ON,bier127_gen2_m2,2,2500,25.534227200000718,25.534227200000718,3379,5414.0,5464.0,0.9150805270863837,58874.272749971344,94,25.03864739999699,0.4955798000037248,True,True,time_limit_guard_at_iteration_boundary,True,2,04_symmetric_wall_clock_ejection_on_off/on/raw_runs.csv
Symmetric wall clock,Dang,Ejection ON,bier127_gen2_m2,3,2500,25.534227200000718,25.534227200000718,2519,5395.0,5464.0,1.2628111273792093,59027.91165341293,102,24.997773700000835,0.5364534999998796,True,True,time_limit_guard_at_iteration_boundary,True,2,04_symmetric_wall_clock_ejection_on_off/on/raw_runs.csv
Symmetric wall clock,Dang,Ejection ON,bier127_gen2_m3,0,2500,16.727191424998637,16.727191424998637,2294,5164.0,5393.0,4.246245132579269,59117.29570212029,94,16.10607140000502,0.6211200249936155,True,True,time_limit_guard_at_iteration_boundary,True,2,04_symmetric_wall_clock_ejection_on_off/on/raw_runs.csv
Symmetric wall clock,Dang,Ejection ON,bier127_gen2_m3,1,2500,16.727191424998637,16.727191424998637,2607,5154.0,5393.0,4.431670684220285,59084.078870365054,90,16.48215429999982,0.2450371249988165,True,True,time_limit_guard_at_iteration_boundary,True,2,04_symmetric_wall_clock_ejection_on_off/on/raw_runs.csv
Symmetric wall clock,Dang,Ejection ON,bier127_gen2_m3,2,2500,16.727191424998637,16.727191424998637,2586,5140.0,5393.0,4.691266456517708,59015.87175693999,89,16.4787032000022,0.2484882249964357,True,True,time_limit_guard_at_iteration_boundary,True,2,04_symmetric_wall_clock_ejection_on_off/on/raw_runs.csv
Symmetric wall clock,Dang,Ejection ON,bier127_gen2_m3,3,2500,16.727191424998637,16.727191424998637,2646,5329.0,5393.0,1.1867235305025032,59064.85853195519,96,16.4782994000052,0.2488920249934381,True,True,time_limit_guard_at_iteration_boundary,True,2,04_symmetric_wall_clock_ejection_on_off/on/raw_runs.csv
Symmetric wall clock,Dang,Ejection ON,bier127_gen2_m4,0,2500,16.221627800000533,16.221627800000533,2580,5047.0,5123.0,1.48350575834472,58829.58116928923,98,15.971661100003985,0.2499666999965484,True,True,time_limit_guard_at_iteration_boundary,True,2,04_symmetric_wall_clock_ejection_on_off/on/raw_runs.csv
Symmetric wall clock,Dang,Ejection ON,bier127_gen2_m4,1,2500,16.221627800000533,16.221627800000533,2565,5035.0,5123.0,1.7177435096623073,58573.04156344946,98,15.975706199998967,0.2459216000015658,True,True,time_limit_guard_at_iteration_boundary,True,2,04_symmetric_wall_clock_ejection_on_off/on/raw_runs.csv
Symmetric wall clock,Dang,Ejection ON,bier127_gen2_m4,2,2500,16.221627800000533,16.221627800000533,2699,5061.0,5123.0,1.2102283818075346,58757.21540310619,96,15.973079100003815,0.2485486999967179,True,True,time_limit_guard_at_iteration_boundary,True,2,04_symmetric_wall_clock_ejection_on_off/on/raw_runs.csv
Symmetric wall clock,Dang,Ejection ON,bier127_gen2_m4,3,2500,16.221627800000533,16.221627800000533,2480,5035.0,5123.0,1.7177435096623073,58573.04156344946,98,15.973528099995749,0.2480997000047864,True,True,time_limit_guard_at_iteration_boundary,True,2,04_symmetric_wall_clock_ejection_on_off/on/raw_runs.csv
Symmetric wall clock,Dang,Ejection ON,bier127_gen3_m2,0,2500,29.387025175000417,29.387025175000417,2201,2885.0,2885.0,0.0,59057.74364775776,94,27.930529999997816,1.4564951750026012,True,True,time_limit_guard_at_iteration_boundary,True,2,04_symmetric_wall_clock_ejection_on_off/on/raw_runs.csv
Symmetric wall clock,Dang,Ejection ON,bier127_gen3_m2,1,2500,29.387025175000417,29.387025175000417,2352,2885.0,2885.0,0.0,59057.74364775776,94,29.124567200000456,0.2624579749999611,True,True,time_limit_guard_at_iteration_boundary,True,2,04_symmetric_wall_clock_ejection_on_off/on/raw_runs.csv
Symmetric wall clock,Dang,Ejection ON,bier127_gen3_m2,2,2500,29.387025175000417,29.387025175000417,2560,2746.0,2885.0,4.818024263431543,59058.08833190373,97,28.56706819999817,0.819956975002242,True,True,time_limit_guard_at_iteration_boundary,True,2,04_symmetric_wall_clock_ejection_on_off/on/raw_runs.csv
Symmetric wall clock,Dang,Ejection ON,bier127_gen3_m2,3,2500,29.387025175000417,29.387025175000417,2807,2885.0,2885.0,0.0,59057.74364775776,94,29.143317300004128,0.2437078749962893,True,True,time_limit_guard_at_iteration_boundary,True,2,04_symmetric_wall_clock_ejection_on_off/on/raw_runs.csv
Symmetric wall clock,Dang,Ejection ON,bier127_gen3_m3,0,2500,24.74875665000036,24.74875665000036,2950,2644.0,2706.0,2.2912047302291203,58458.434400468745,97,24.501450000003388,0.2473066499969718,True,True,time_limit_guard_at_iteration_boundary,True,2,04_symmetric_wall_clock_ejection_on_off/on/raw_runs.csv
Symmetric wall clock,Dang,Ejection ON,bier127_gen3_m3,1,2500,24.74875665000036,24.74875665000036,2690,2679.0,2706.0,0.9977827050997784,59084.94241432492,98,23.94372309999744,0.8050335500029178,True,True,time_limit_guard_at_iteration_boundary,True,2,04_symmetric_wall_clock_ejection_on_off/on/raw_runs.csv
Symmetric wall clock,Dang,Ejection ON,bier127_gen3_m3,2,2500,24.74875665000036,24.74875665000036,2540,2677.0,2706.0,1.071692535107169,58840.374893280736,97,24.50004120000085,0.2487154499995085,True,True,time_limit_guard_at_iteration_boundary,True,2,04_symmetric_wall_clock_ejection_on_off/on/raw_runs.csv
Symmetric wall clock,Dang,Ejection ON,bier127_gen3_m3,3,2500,24.74875665000036,24.74875665000036,2490,2677.0,2706.0,1.071692535107169,58749.74251491644,97,22.880835999996638,1.867920650003725,True,True,time_limit_guard_at_iteration_boundary,True,2,04_symmetric_wall_clock_ejection_on_off/on/raw_runs.csv
Symmetric wall clock,Dang,Ejection ON,bier127_gen3_m4,0,2500,18.83668509999916,18.83668509999916,2445,2345.0,2402.0,2.373022481265612,58892.20354452245,101,18.591249900004183,0.2454351999949722,True,True,time_limit_guard_at_iteration_boundary,True,2,04_symmetric_wall_clock_ejection_on_off/on/raw_runs.csv
Symmetric wall clock,Dang,Ejection ON,bier127_gen3_m4,1,2500,18.83668509999916,18.83668509999916,2803,2402.0,2402.0,0.0,59081.36899671893,97,18.588654200000747,0.2480308999984117,True,True,time_limit_guard_at_iteration_boundary,True,2,04_symmetric_wall_clock_ejection_on_off/on/raw_runs.csv
Symmetric wall clock,Dang,Ejection ON,bier127_gen3_m4,2,2500,18.83668509999916,18.83668509999916,2109,2385.0,2402.0,0.7077435470441299,58741.15606685031,97,18.054601300005743,0.7820837999934156,True,True,time_limit_guard_at_iteration_boundary,True,2,04_symmetric_wall_clock_ejection_on_off/on/raw_runs.csv
Symmetric wall clock,Dang,Ejection ON,bier127_gen3_m4,3,2500,18.83668509999916,18.83668509999916,2590,2238.0,2402.0,6.827643630308077,59016.265852409306,93,18.49139930000092,0.345285799998237,True,True,time_limit_guard_at_iteration_boundary,True,2,04_symmetric_wall_clock_ejection_on_off/on/raw_runs.csv
Symmetric wall clock,Dang,Ejection ON,cmt101c_m3,0,2500,9.301131875000465,9.301131875000465,2423,1280.0,1300.0,1.5384615384615383,371.80474237954695,67,9.056017800001428,0.2451140749990372,True,True,time_limit_guard_at_iteration_boundary,True,2,04_symmetric_wall_clock_ejection_on_off/on/raw_runs.csv
Symmetric wall clock,Dang,Ejection ON,cmt101c_m3,1,2500,9.301131875000465,9.301131875000465,2536,1290.0,1300.0,0.7692307692307693,374.4411391775405,68,9.0512555000023,0.2498763749981662,True,True,time_limit_guard_at_iteration_boundary,True,2,04_symmetric_wall_clock_ejection_on_off/on/raw_runs.csv
Symmetric wall clock,Dang,Ejection ON,cmt101c_m3,2,2500,9.301131875000465,9.301131875000465,2401,1270.0,1300.0,2.3076923076923075,371.5101678759631,69,8.863373799998953,0.4377580750015113,True,True,time_limit_guard_at_iteration_boundary,True,2,04_symmetric_wall_clock_ejection_on_off/on/raw_runs.csv
Symmetric wall clock,Dang,Ejection ON,cmt101c_m3,3,2500,9.301131875000465,9.301131875000465,2519,1280.0,1300.0,1.5384615384615383,373.09381572127904,67,9.05441879999853,0.246713075001935,True,True,time_limit_guard_at_iteration_boundary,True,2,04_symmetric_wall_clock_ejection_on_off/on/raw_runs.csv
Symmetric wall clock,Dang,Ejection ON,cmt151b_m3,0,2500,15.708839575000638,15.708839575000638,2634,1380.0,1385.0,0.3610108303249097,348.1695140788703,74,15.461323399998946,0.2475161750016923,True,True,time_limit_guard_at_iteration_boundary,True,2,04_symmetric_wall_clock_ejection_on_off/on/raw_runs.csv
Symmetric wall clock,Dang,Ejection ON,cmt151b_m3,1,2500,15.708839575000638,15.708839575000638,2510,1385.0,1385.0,0.0,348.5917620236347,77,15.459197699994547,0.2496418750060911,True,True,time_limit_guard_at_iteration_boundary,True,2,04_symmetric_wall_clock_ejection_on_off/on/raw_runs.csv
Symmetric wall clock,Dang,Ejection ON,cmt151b_m3,2,2500,15.708839575000638,15.708839575000638,2611,1380.0,1385.0,0.3610108303249097,348.1695140788703,74,15.464125099999364,0.2447144750012739,True,True,time_limit_guard_at_iteration_boundary,True,2,04_symmetric_wall_clock_ejection_on_off/on/raw_runs.csv
Symmetric wall clock,Dang,Ejection ON,cmt151b_m3,3,2500,15.708839575000638,15.708839575000638,2577,1378.0,1385.0,0.5054151624548736,348.51137132746163,76,15.465199699996449,0.2436398750041917,True,True,time_limit_guard_at_iteration_boundary,True,2,04_symmetric_wall_clock_ejection_on_off/on/raw_runs.csv
Symmetric wall clock,Dang,Ejection ON,cmt151c_m2,0,2500,23.293010200000023,23.293010200000023,2441,1935.0,1964.0,1.476578411405295,523.3680913557785,114,23.04562319999968,0.2473870000003444,True,True,time_limit_guard_at_iteration_boundary,True,2,04_symmetric_wall_clock_ejection_on_off/on/raw_runs.csv
Symmetric wall clock,Dang,Ejection ON,cmt151c_m2,1,2500,23.293010200000023,23.293010200000023,2320,1931.0,1964.0,1.680244399185336,524.3679806688131,116,23.04563649999909,0.247373700000935,True,True,time_limit_guard_at_iteration_boundary,True,2,04_symmetric_wall_clock_ejection_on_off/on/raw_runs.csv
Symmetric wall clock,Dang,Ejection ON,cmt151c_m2,2,2500,23.293010200000023,23.293010200000023,2348,1932.0,1964.0,1.629327902240326,524.0757640830178,113,22.753199400001904,0.5398107999981221,True,True,time_limit_guard_at_iteration_boundary,True,2,04_symmetric_wall_clock_ejection_on_off/on/raw_runs.csv
Symmetric wall clock,Dang,Ejection ON,cmt151c_m2,3,2500,23.293010200000023,23.293010200000023,2478,1910.0,1964.0,2.74949083503055,524.2031670510878,114,22.69462399999611,0.5983862000039153,True,True,time_limit_guard_at_iteration_boundary,True,2,04_symmetric_wall_clock_ejection_on_off/on/raw_runs.csv
Symmetric wall clock,Dang,Ejection ON,cmt151c_m3,0,2500,19.459460425000543,19.459460425000543,2547,1897.0,1916.0,0.9916492693110648,522.748372997792,109,19.21243730000424,0.2470231249963035,True,True,time_limit_guard_at_iteration_boundary,True,2,04_symmetric_wall_clock_ejection_on_off/on/raw_runs.csv
Symmetric wall clock,Dang,Ejection ON,cmt151c_m3,1,2500,19.459460425000543,19.459460425000543,2460,1897.0,1916.0,0.9916492693110648,523.1889755962225,110,19.21114420000231,0.2483162249982342,True,True,time_limit_guard_at_iteration_boundary,True,2,04_symmetric_wall_clock_ejection_on_off/on/raw_runs.csv
Symmetric wall clock,Dang,Ejection ON,cmt151c_m3,2,2500,19.459460425000543,19.459460425000543,2466,1906.0,1916.0,0.5219206680584552,523.7437222265313,113,19.21384069999476,0.2456197250057812,True,True,time_limit_guard_at_iteration_boundary,True,2,04_symmetric_wall_clock_ejection_on_off/on/raw_runs.csv
Symmetric wall clock,Dang,Ejection ON,cmt151c_m3,3,2500,19.459460425000543,19.459460425000543,2522,1902.0,1916.0,0.7306889352818372,523.4179624923156,112,19.21488859999954,0.2445718250010031,True,True,time_limit_guard_at_iteration_boundary,True,2,04_symmetric_wall_clock_ejection_on_off/on/raw_runs.csv
Symmetric wall clock,Dang,Ejection ON,cmt151c_m4,0,2500,16.683133199999247,16.683133199999247,2445,1859.0,1880.0,1.1170212765957446,522.2711806182576,111,16.435444499998994,0.2476887000002534,True,True,time_limit_guard_at_iteration_boundary,True,2,04_symmetric_wall_clock_ejection_on_off/on/raw_runs.csv
Symmetric wall clock,Dang,Ejection ON,cmt151c_m4,1,2500,16.683133199999247,16.683133199999247,2445,1856.0,1880.0,1.2765957446808511,521.8621903211465,107,16.319883299998764,0.3632499000004827,True,True,time_limit_guard_at_iteration_boundary,True,2,04_symmetric_wall_clock_ejection_on_off/on/raw_runs.csv
Symmetric wall clock,Dang,Ejection ON,cmt151c_m4,2,2500,16.683133199999247,16.683133199999247,2319,1833.0,1880.0,2.5,523.1339389703171,109,16.261335499999404,0.4217976999998427,True,True,time_limit_guard_at_iteration_boundary,True,2,04_symmetric_wall_clock_ejection_on_off/on/raw_runs.csv
Symmetric wall clock,Dang,Ejection ON,cmt151c_m4,3,2500,16.683133199999247,16.683133199999247,2331,1756.0,1880.0,6.595744680851064,522.0511379215454,109,16.389499500000966,0.2936336999982814,True,True,time_limit_guard_at_iteration_boundary,True,2,04_symmetric_wall_clock_ejection_on_off/on/raw_runs.csv
Symmetric wall clock,Dang,Ejection ON,cmt200b_m2,0,2500,39.156233175000125,39.156233175000125,2282,2074.0,2096.0,1.049618320610687,381.7104629014191,114,38.66638500000408,0.489848174996041,True,True,time_limit_guard_at_iteration_boundary,True,2,04_symmetric_wall_clock_ejection_on_off/on/raw_runs.csv
Symmetric wall clock,Dang,Ejection ON,cmt200b_m2,1,2500,39.156233175000125,39.156233175000125,2311,2018.0,2096.0,3.7213740458015274,380.6311088144404,110,38.8281577999951,0.328075375005028,True,True,time_limit_guard_at_iteration_boundary,True,2,04_symmetric_wall_clock_ejection_on_off/on/raw_runs.csv
Symmetric wall clock,Dang,Ejection ON,cmt200b_m2,2,2500,39.156233175000125,39.156233175000125,2662,2044.0,2096.0,2.480916030534351,381.196031572004,107,38.91228989999945,0.2439432750006744,True,True,time_limit_guard_at_iteration_boundary,True,2,04_symmetric_wall_clock_ejection_on_off/on/raw_runs.csv
Symmetric wall clock,Dang,Ejection ON,cmt200b_m2,3,2500,39.156233175000125,39.156233175000125,2760,2059.0,2096.0,1.765267175572519,381.22626224542046,112,38.91949480000039,0.2367383749997316,True,True,time_limit_guard_at_iteration_boundary,True,2,04_symmetric_wall_clock_ejection_on_off/on/raw_runs.csv
Symmetric wall clock,Dang,Ejection ON,cmt200b_m3,0,2500,27.987053099999684,27.987053099999684,2664,1936.0,2019.0,4.110946012877662,381.3553352175703,106,27.74227479999536,0.2447783000043273,True,True,time_limit_guard_at_iteration_boundary,True,2,04_symmetric_wall_clock_ejection_on_off/on/raw_runs.csv
Symmetric wall clock,Dang,Ejection ON,cmt200b_m3,1,2500,27.987053099999684,27.987053099999684,2337,1958.0,2019.0,3.0212976721149083,381.6684119623142,108,27.026190600001428,0.9608624999982568,True,True,time_limit_guard_at_iteration_boundary,True,2,04_symmetric_wall_clock_ejection_on_off/on/raw_runs.csv
Symmetric wall clock,Dang,Ejection ON,cmt200b_m3,2,2500,27.987053099999684,27.987053099999684,2749,1935.0,2019.0,4.160475482912333,381.5958912375057,108,27.739519599999767,0.2475334999999177,True,True,time_limit_guard_at_iteration_boundary,True,2,04_symmetric_wall_clock_ejection_on_off/on/raw_runs.csv
Symmetric wall clock,Dang,Ejection ON,cmt200b_m3,3,2500,27.987053099999684,27.987053099999684,2710,1918.0,2019.0,5.0024764735017335,381.2819696084312,108,27.74267979999422,0.2443733000054635,True,True,time_limit_guard_at_iteration_boundary,True,2,04_symmetric_wall_clock_ejection_on_off/on/raw_runs.csv
Symmetric wall clock,Dang,Ejection ON,cmt200b_m4,0,2500,22.954132700000628,22.954132700000628,2509,1874.0,1894.0,1.0559662090813091,380.22814867254544,103,22.709715599994524,0.2444171000061032,True,True,time_limit_guard_at_iteration_boundary,True,2,04_symmetric_wall_clock_ejection_on_off/on/raw_runs.csv
Symmetric wall clock,Dang,Ejection ON,cmt200b_m4,1,2500,22.954132700000628,22.954132700000628,2414,1862.0,1894.0,1.689545934530095,379.4008951262061,103,22.49890169999708,0.4552310000035504,True,True,time_limit_guard_at_iteration_boundary,True,2,04_symmetric_wall_clock_ejection_on_off/on/raw_runs.csv
Symmetric wall clock,Dang,Ejection ON,cmt200b_m4,2,2500,22.954132700000628,22.954132700000628,2432,1856.0,1894.0,2.006335797254488,380.4879444373521,103,22.704196499995305,0.2499362000053224,True,True,time_limit_guard_at_iteration_boundary,True,2,04_symmetric_wall_clock_ejection_on_off/on/raw_runs.csv
Symmetric wall clock,Dang,Ejection ON,cmt200b_m4,3,2500,22.954132700000628,22.954132700000628,2584,1843.0,1894.0,2.692713833157339,379.4224885524802,100,22.706748600001447,0.2473840999991807,True,True,time_limit_guard_at_iteration_boundary,True,2,04_symmetric_wall_clock_ejection_on_off/on/raw_runs.csv
Symmetric wall clock,Dang,Ejection ON,cmt200c_m2,0,2500,47.57637597499979,47.57637597499979,2299,2748.0,2818.0,2.48403122782115,571.9710367603636,153,45.90781590000552,1.668560074994275,True,True,time_limit_guard_at_iteration_boundary,True,2,04_symmetric_wall_clock_ejection_on_off/on/raw_runs.csv
Symmetric wall clock,Dang,Ejection ON,cmt200c_m2,1,2500,47.57637597499979,47.57637597499979,2475,2733.0,2818.0,3.0163236337828248,572.4278495170538,154,45.61277309999423,1.963602875005563,True,True,time_limit_guard_at_iteration_boundary,True,2,04_symmetric_wall_clock_ejection_on_off/on/raw_runs.csv
Symmetric wall clock,Dang,Ejection ON,cmt200c_m2,2,2500,47.57637597499979,47.57637597499979,2388,2783.0,2818.0,1.242015613910575,571.7911462053586,157,47.33642610000243,0.2399498749973645,True,True,time_limit_guard_at_iteration_boundary,True,2,04_symmetric_wall_clock_ejection_on_off/on/raw_runs.csv
Symmetric wall clock,Dang,Ejection ON,cmt200c_m2,3,2500,47.57637597499979,47.57637597499979,2801,2779.0,2818.0,1.383960255500355,572.0103038203213,157,47.32964780000475,0.2467281749950416,True,True,time_limit_guard_at_iteration_boundary,True,2,04_symmetric_wall_clock_ejection_on_off/on/raw_runs.csv
Symmetric wall clock,Dang,Ejection ON,cmt200c_m3,0,2500,36.215110574999926,36.215110574999926,2397,2705.0,2766.0,2.205350686912509,571.9265547197977,153,35.965413400001125,0.2496971749988006,True,True,time_limit_guard_at_iteration_boundary,True,2,04_symmetric_wall_clock_ejection_on_off/on/raw_runs.csv
Symmetric wall clock,Dang,Ejection ON,cmt200c_m3,1,2500,36.215110574999926,36.215110574999926,2621,2728.0,2766.0,1.373825018076645,572.6000900805386,153,35.967241999998805,0.2478685750011209,True,True,time_limit_guard_at_iteration_boundary,True,2,04_symmetric_wall_clock_ejection_on_off/on/raw_runs.csv
Symmetric wall clock,Dang,Ejection ON,cmt200c_m3,2,2500,36.215110574999926,36.215110574999926,2526,2736.0,2766.0,1.084598698481562,570.5352065432085,155,35.96619600000122,0.2489145749987074,True,True,time_limit_guard_at_iteration_boundary,True,2,04_symmetric_wall_clock_ejection_on_off/on/raw_runs.csv
Symmetric wall clock,Dang,Ejection ON,cmt200c_m3,3,2500,36.215110574999926,36.215110574999926,2555,2702.0,2766.0,2.3138105567606653,571.0477798027792,153,35.97476599999936,0.240344575000563,True,True,time_limit_guard_at_iteration_boundary,True,2,04_symmetric_wall_clock_ejection_on_off/on/raw_runs.csv
Symmetric wall clock,Dang,Ejection ON,cmt200c_m4,0,2500,32.4448559500006,32.4448559500006,2912,2700.0,2712.0,0.4424778761061947,571.117057766173,152,32.19708179999725,0.2477741500033516,True,True,time_limit_guard_at_iteration_boundary,True,2,04_symmetric_wall_clock_ejection_on_off/on/raw_runs.csv
Symmetric wall clock,Dang,Ejection ON,cmt200c_m4,1,2500,32.4448559500006,32.4448559500006,2597,2641.0,2712.0,2.617994100294985,570.1190624924241,151,32.20136709999497,0.2434888500056331,True,True,time_limit_guard_at_iteration_boundary,True,2,04_symmetric_wall_clock_ejection_on_off/on/raw_runs.csv
Symmetric wall clock,Dang,Ejection ON,cmt200c_m4,2,2500,32.4448559500006,32.4448559500006,2971,2707.0,2712.0,0.1843657817109144,572.3366786353527,150,32.20166930000414,0.2431866499964599,True,True,time_limit_guard_at_iteration_boundary,True,2,04_symmetric_wall_clock_ejection_on_off/on/raw_runs.csv
Symmetric wall clock,Dang,Ejection ON,cmt200c_m4,3,2500,32.4448559500006,32.4448559500006,2422,2669.0,2712.0,1.5855457227138643,569.3050643477375,153,32.207114299999375,0.2377416500012259,True,True,time_limit_guard_at_iteration_boundary,True,2,04_symmetric_wall_clock_ejection_on_off/on/raw_runs.csv
Symmetric wall clock,Dang,Ejection ON,eil101b_m3,0,2500,7.349109925000448,7.349109925000448,2509,905.0,916.0,1.2008733624454149,312.74781205699367,49,7.0993872999970336,0.2497226250034145,True,True,time_limit_guard_at_iteration_boundary,True,2,04_symmetric_wall_clock_ejection_on_off/on/raw_runs.csv
Symmetric wall clock,Dang,Ejection ON,eil101b_m3,1,2500,7.349109925000448,7.349109925000448,2425,903.0,916.0,1.4192139737991267,312.4081601575349,49,7.099956099998963,0.2491538250014855,True,True,time_limit_guard_at_iteration_boundary,True,2,04_symmetric_wall_clock_ejection_on_off/on/raw_runs.csv
Symmetric wall clock,Dang,Ejection ON,eil101b_m3,2,2500,7.349109925000448,7.349109925000448,2434,905.0,916.0,1.2008733624454149,312.74781205699367,49,7.099245199999132,0.2498647250013164,True,True,time_limit_guard_at_iteration_boundary,True,2,04_symmetric_wall_clock_ejection_on_off/on/raw_runs.csv
Symmetric wall clock,Dang,Ejection ON,eil101b_m3,3,2500,7.349109925000448,7.349109925000448,2321,916.0,916.0,0.0,313.32899202216595,51,7.100561200000811,0.2485487249996367,True,True,time_limit_guard_at_iteration_boundary,True,2,04_symmetric_wall_clock_ejection_on_off/on/raw_runs.csv
Symmetric wall clock,Dang,Ejection ON,eil101c_m2,0,2500,11.105511849999855,11.105511849999855,2359,1297.0,1305.0,0.6130268199233716,471.16378030188673,76,10.856432599997788,0.2490792500020688,True,True,time_limit_guard_at_iteration_boundary,True,2,04_symmetric_wall_clock_ejection_on_off/on/raw_runs.csv
Symmetric wall clock,Dang,Ejection ON,eil101c_m2,1,2500,11.105511849999855,11.105511849999855,2523,1288.0,1305.0,1.3026819923371646,470.7276955508328,75,10.857021099996928,0.2484907500029294,True,True,time_limit_guard_at_iteration_boundary,True,2,04_symmetric_wall_clock_ejection_on_off/on/raw_runs.csv
Symmetric wall clock,Dang,Ejection ON,eil101c_m2,2,2500,11.105511849999855,11.105511849999855,2365,1303.0,1305.0,0.1532567049808429,471.2785629648733,77,10.720376100005524,0.3851357499943333,True,True,time_limit_guard_at_iteration_boundary,True,2,04_symmetric_wall_clock_ejection_on_off/on/raw_runs.csv
Symmetric wall clock,Dang,Ejection ON,eil101c_m2,3,2500,11.105511849999855,11.105511849999855,2453,1293.0,1305.0,0.9195402298850576,471.3985040544215,75,10.859369600002536,0.2461422499973196,True,True,time_limit_guard_at_iteration_boundary,True,2,04_symmetric_wall_clock_ejection_on_off/on/raw_runs.csv
Symmetric wall clock,Dang,Ejection ON,eil101c_m3,0,2500,9.564464200000655,9.564464200000655,2501,1244.0,1251.0,0.5595523581135092,469.264318896204,70,9.17173420000472,0.3927299999959359,True,True,time_limit_guard_at_iteration_boundary,True,2,04_symmetric_wall_clock_ejection_on_off/on/raw_runs.csv
Symmetric wall clock,Dang,Ejection ON,eil101c_m3,1,2500,9.564464200000655,9.564464200000655,2451,1238.0,1251.0,1.0391686650679457,468.0729279283127,73,9.20516040000075,0.3593037999999069,True,True,time_limit_guard_at_iteration_boundary,True,2,04_symmetric_wall_clock_ejection_on_off/on/raw_runs.csv
Symmetric wall clock,Dang,Ejection ON,eil101c_m3,2,2500,9.564464200000655,9.564464200000655,2495,1238.0,1251.0,1.0391686650679457,468.0729279283127,73,9.32062350000342,0.2438406999972358,True,True,time_limit_guard_at_iteration_boundary,True,2,04_symmetric_wall_clock_ejection_on_off/on/raw_runs.csv
Symmetric wall clock,Dang,Ejection ON,eil101c_m3,3,2500,9.564464200000655,9.564464200000655,2653,1204.0,1251.0,3.7569944044764183,471.1877450384396,71,9.318846900001516,0.2456172999991395,True,True,time_limit_guard_at_iteration_boundary,True,2,04_symmetric_wall_clock_ejection_on_off/on/raw_runs.csv
Symmetric wall clock,Dang,Ejection ON,gil262_gen1_m3,0,2500,24.997255774998848,24.997255774998848,2455,97.0,101.0,3.96039603960396,1183.388538167595,97,24.60577679999551,0.3914789750033378,True,True,time_limit_guard_at_iteration_boundary,True,2,04_symmetric_wall_clock_ejection_on_off/on/raw_runs.csv
Symmetric wall clock,Dang,Ejection ON,gil262_gen1_m3,1,2500,24.997255774998848,24.997255774998848,2553,99.0,101.0,1.98019801980198,1179.0243434557028,99,24.658746499997505,0.3385092750013427,True,True,time_limit_guard_at_iteration_boundary,True,2,04_symmetric_wall_clock_ejection_on_off/on/raw_runs.csv
Symmetric wall clock,Dang,Ejection ON,gil262_gen1_m3,2,2500,24.997255774998848,24.997255774998848,2471,99.0,101.0,1.98019801980198,1180.7797885440689,99,24.74776159999601,0.2494941750028374,True,True,time_limit_guard_at_iteration_boundary,True,2,04_symmetric_wall_clock_ejection_on_off/on/raw_runs.csv
Symmetric wall clock,Dang,Ejection ON,gil262_gen1_m3,3,2500,24.997255774998848,24.997255774998848,2578,98.0,101.0,2.9702970297029703,1174.665250933861,98,24.758099299993773,0.2391564750050747,True,True,time_limit_guard_at_iteration_boundary,True,2,04_symmetric_wall_clock_ejection_on_off/on/raw_runs.csv
Symmetric wall clock,Dang,Ejection ON,gil262_gen1_m4,0,2500,17.904335599999285,17.904335599999285,2415,77.0,78.0,1.2820512820512822,1148.9361411805107,77,17.658329700003378,0.2460058999959073,True,True,time_limit_guard_at_iteration_boundary,True,2,04_symmetric_wall_clock_ejection_on_off/on/raw_runs.csv
Symmetric wall clock,Dang,Ejection ON,gil262_gen1_m4,1,2500,17.904335599999285,17.904335599999285,2418,77.0,78.0,1.2820512820512822,1148.9853171542504,77,17.66261050000321,0.2417250999960742,True,True,time_limit_guard_at_iteration_boundary,True,2,04_symmetric_wall_clock_ejection_on_off/on/raw_runs.csv
Symmetric wall clock,Dang,Ejection ON,gil262_gen1_m4,2,2500,17.904335599999285,17.904335599999285,2601,77.0,78.0,1.2820512820512822,1152.8212576726514,77,17.660291000000143,0.2440445999991425,True,True,time_limit_guard_at_iteration_boundary,True,2,04_symmetric_wall_clock_ejection_on_off/on/raw_runs.csv
Symmetric wall clock,Dang,Ejection ON,gil262_gen1_m4,3,2500,17.904335599999285,17.904335599999285,2444,77.0,78.0,1.2820512820512822,1149.6729955918695,77,17.65630930000043,0.2480262999988554,True,True,time_limit_guard_at_iteration_boundary,True,2,04_symmetric_wall_clock_ejection_on_off/on/raw_runs.csv
Symmetric wall clock,Dang,Ejection ON,gil262_gen2_m2,0,2500,59.76122350000151,59.76122350000151,2776,7274.0,7498.0,2.9874633235529475,1188.115717711221,116,57.21917600000597,2.542047499995533,True,True,time_limit_guard_at_iteration_boundary,True,2,04_symmetric_wall_clock_ejection_on_off/on/raw_runs.csv
Symmetric wall clock,Dang,Ejection ON,gil262_gen2_m2,1,2500,59.76122350000151,59.76122350000151,2431,7171.0,7498.0,4.361162976793811,1188.2806323446785,119,57.90347649999603,1.8577470000054743,True,True,time_limit_guard_at_iteration_boundary,True,2,04_symmetric_wall_clock_ejection_on_off/on/raw_runs.csv
Symmetric wall clock,Dang,Ejection ON,gil262_gen2_m2,2,2500,59.76122350000151,59.76122350000151,2652,7005.0,7498.0,6.575086689783943,1188.329280987176,119,59.46599940000306,0.2952240999984497,True,True,time_limit_guard_at_iteration_boundary,True,2,04_symmetric_wall_clock_ejection_on_off/on/raw_runs.csv
Symmetric wall clock,Dang,Ejection ON,gil262_gen2_m2,3,2500,59.76122350000151,59.76122350000151,2638,7363.0,7498.0,1.8004801280341425,1188.9476712254786,121,59.47863740000321,0.2825860999982978,True,True,time_limit_guard_at_iteration_boundary,True,2,04_symmetric_wall_clock_ejection_on_off/on/raw_runs.csv
Symmetric wall clock,Dang,Ejection ON,gil262_gen2_m3,0,2500,28.07349539999996,28.07349539999996,2484,5529.0,5615.0,1.5316117542297418,1187.9094505589792,91,27.410573099994508,0.662922300005448,True,True,time_limit_guard_at_iteration_boundary,True,2,04_symmetric_wall_clock_ejection_on_off/on/raw_runs.csv
Symmetric wall clock,Dang,Ejection ON,gil262_gen2_m3,1,2500,28.07349539999996,28.07349539999996,2415,5401.0,5615.0,3.811219946571683,1186.7717738854444,90,27.83218369999668,0.2413117000032798,True,True,time_limit_guard_at_iteration_boundary,True,2,04_symmetric_wall_clock_ejection_on_off/on/raw_runs.csv
Symmetric wall clock,Dang,Ejection ON,gil262_gen2_m3,2,2500,28.07349539999996,28.07349539999996,2441,5538.0,5615.0,1.371326803205699,1187.919089166823,92,27.82683929999621,0.2466561000037472,True,True,time_limit_guard_at_iteration_boundary,True,2,04_symmetric_wall_clock_ejection_on_off/on/raw_runs.csv
Symmetric wall clock,Dang,Ejection ON,gil262_gen2_m3,3,2500,28.07349539999996,28.07349539999996,2500,5538.0,5615.0,1.371326803205699,1187.919089166823,92,27.45985289999953,0.6136425000004238,True,True,time_limit_guard_at_iteration_boundary,True,2,04_symmetric_wall_clock_ejection_on_off/on/raw_runs.csv
Symmetric wall clock,Dang,Ejection ON,gil262_gen3_m2,0,2500,56.32583732499916,56.32583732499916,2330,6509.0,7183.0,9.383266044828066,1186.8684890009465,121,56.04742290000286,0.2784144249962992,True,True,time_limit_guard_at_iteration_boundary,True,2,04_symmetric_wall_clock_ejection_on_off/on/raw_runs.csv
Symmetric wall clock,Dang,Ejection ON,gil262_gen3_m2,1,2500,56.32583732499916,56.32583732499916,2292,6491.0,7183.0,9.63385771961576,1187.3550543784647,116,56.06631810000545,0.2595192249937099,True,True,time_limit_guard_at_iteration_boundary,True,2,04_symmetric_wall_clock_ejection_on_off/on/raw_runs.csv
Symmetric wall clock,Dang,Ejection ON,gil262_gen3_m2,2,2500,56.32583732499916,56.32583732499916,2212,6541.0,7183.0,8.93776973409439,1186.954517609828,120,54.23429349999788,2.091543825001281,True,True,time_limit_guard_at_iteration_boundary,True,2,04_symmetric_wall_clock_ejection_on_off/on/raw_runs.csv
Symmetric wall clock,Dang,Ejection ON,gil262_gen3_m2,3,2500,56.32583732499916,56.32583732499916,2450,6881.0,7183.0,4.204371432549074,1188.8714980165782,121,54.16112830000202,2.164709024997137,True,True,time_limit_guard_at_iteration_boundary,True,2,04_symmetric_wall_clock_ejection_on_off/on/raw_runs.csv
Symmetric wall clock,Dang,Ejection ON,gil262_gen3_m4,0,2500,21.28265452499909,21.28265452499909,2244,2498.0,2507.0,0.3589948145193458,1174.573107403732,77,20.823660199996084,0.4589943250030046,True,True,time_limit_guard_at_iteration_boundary,True,2,04_symmetric_wall_clock_ejection_on_off/on/raw_runs.csv
Symmetric wall clock,Dang,Ejection ON,gil262_gen3_m4,1,2500,21.28265452499909,21.28265452499909,2437,2469.0,2507.0,1.515755883526127,1162.8756122499274,77,20.84713889999693,0.4355156250021537,True,True,time_limit_guard_at_iteration_boundary,True,2,04_symmetric_wall_clock_ejection_on_off/on/raw_runs.csv
Symmetric wall clock,Dang,Ejection ON,gil262_gen3_m4,2,2500,21.28265452499909,21.28265452499909,3053,2344.0,2507.0,6.501794974072597,1177.3026869958771,74,21.03663719999895,0.2460173250001389,True,True,time_limit_guard_at_iteration_boundary,True,2,04_symmetric_wall_clock_ejection_on_off/on/raw_runs.csv
Symmetric wall clock,Dang,Ejection ON,gil262_gen3_m4,3,2500,21.28265452499909,21.28265452499909,2359,2498.0,2507.0,0.3589948145193458,1174.573107403732,77,21.03363239999453,0.2490221250045579,True,True,time_limit_guard_at_iteration_boundary,True,2,04_symmetric_wall_clock_ejection_on_off/on/raw_runs.csv
Symmetric wall clock,Dang,Ejection ON,gil262a_m2,0,2500,22.421170749999877,22.421170749999877,2282,3735.0,4078.0,8.410985777341834,592.144223927477,64,21.902813900000183,0.5183568499996909,True,True,time_limit_guard_at_iteration_boundary,True,2,04_symmetric_wall_clock_ejection_on_off/on/raw_runs.csv
Symmetric wall clock,Dang,Ejection ON,gil262a_m2,1,2500,22.421170749999877,22.421170749999877,2210,4052.0,4078.0,0.6375674350171653,594.0114731284866,67,22.17582229999971,0.245348450000165,True,True,time_limit_guard_at_iteration_boundary,True,2,04_symmetric_wall_clock_ejection_on_off/on/raw_runs.csv
Symmetric wall clock,Dang,Ejection ON,gil262a_m2,2,2500,22.421170749999877,22.421170749999877,2687,3782.0,4078.0,7.258460029426189,593.9175413713808,66,22.17521899999701,0.2459517500028596,True,True,time_limit_guard_at_iteration_boundary,True,2,04_symmetric_wall_clock_ejection_on_off/on/raw_runs.csv
Symmetric wall clock,Dang,Ejection ON,gil262a_m2,3,2500,22.421170749999877,22.421170749999877,2625,3714.0,4078.0,8.925944090240314,592.2046614097867,65,22.172890399997414,0.2482803500024601,True,True,time_limit_guard_at_iteration_boundary,True,2,04_symmetric_wall_clock_ejection_on_off/on/raw_runs.csv
Symmetric wall clock,Dang,Ejection ON,gil262a_m4,0,2500,12.685807675001342,12.685807675001342,2570,3175.0,3175.0,0.0,591.2704336802653,53,12.431821600002875,0.2539860749984655,True,True,time_limit_guard_at_iteration_boundary,True,2,04_symmetric_wall_clock_ejection_on_off/on/raw_runs.csv
Symmetric wall clock,Dang,Ejection ON,gil262a_m4,1,2500,12.685807675001342,12.685807675001342,2677,3175.0,3175.0,0.0,591.2704336802653,53,12.39250880000327,0.2932988749980723,True,True,time_limit_guard_at_iteration_boundary,True,2,04_symmetric_wall_clock_ejection_on_off/on/raw_runs.csv
Symmetric wall clock,Dang,Ejection ON,gil262a_m4,2,2500,12.685807675001342,12.685807675001342,2501,3175.0,3175.0,0.0,591.2704336802653,53,12.33985969999776,0.3459479750035825,True,True,time_limit_guard_at_iteration_boundary,True,2,04_symmetric_wall_clock_ejection_on_off/on/raw_runs.csv
Symmetric wall clock,Dang,Ejection ON,gil262a_m4,3,2500,12.685807675001342,12.685807675001342,2679,3122.0,3175.0,1.669291338582677,591.4976391343955,54,12.290334100005566,0.3954735749957763,True,True,time_limit_guard_at_iteration_boundary,True,2,04_symmetric_wall_clock_ejection_on_off/on/raw_runs.csv
Symmetric wall clock,Dang,Ejection ON,gil262b_m2,0,2500,54.28280810000069,54.28280810000069,2496,7656.0,8081.0,5.259250092810296,1188.123832100565,125,53.5834423999986,0.6993657000020903,True,True,time_limit_guard_at_iteration_boundary,True,2,04_symmetric_wall_clock_ejection_on_off/on/raw_runs.csv
Symmetric wall clock,Dang,Ejection ON,gil262b_m2,1,2500,54.28280810000069,54.28280810000069,2553,7701.0,8081.0,4.702388318277441,1188.5726267831956,125,54.01540170000226,0.2674063999984355,True,True,time_limit_guard_at_iteration_boundary,True,2,04_symmetric_wall_clock_ejection_on_off/on/raw_runs.csv
Symmetric wall clock,Dang,Ejection ON,gil262b_m2,2,2500,54.28280810000069,54.28280810000069,2558,7794.0,8081.0,3.551540650909541,1188.517843928029,126,54.019886599999154,0.2629215000015392,True,True,time_limit_guard_at_iteration_boundary,True,2,04_symmetric_wall_clock_ejection_on_off/on/raw_runs.csv
Symmetric wall clock,Dang,Ejection ON,gil262b_m2,3,2500,54.28280810000069,54.28280810000069,2423,7763.0,8081.0,3.935156540032174,1186.8124715941983,133,53.49637520000397,0.7864328999967256,True,True,time_limit_guard_at_iteration_boundary,True,2,04_symmetric_wall_clock_ejection_on_off/on/raw_runs.csv
Symmetric wall clock,Dang,Ejection ON,gil262b_m3,0,2500,39.742718599999534,39.742718599999534,2416,7298.0,7585.0,3.783783783783784,1186.1949499553148,123,38.54149919999327,1.2012194000062664,True,True,time_limit_guard_at_iteration_boundary,True,2,04_symmetric_wall_clock_ejection_on_off/on/raw_runs.csv
Symmetric wall clock,Dang,Ejection ON,gil262b_m3,1,2500,39.742718599999534,39.742718599999534,2669,7184.0,7585.0,5.286750164798946,1184.5154562455773,122,39.50499729999865,0.2377213000008851,True,True,time_limit_guard_at_iteration_boundary,True,2,04_symmetric_wall_clock_ejection_on_off/on/raw_runs.csv
Symmetric wall clock,Dang,Ejection ON,gil262b_m3,2,2500,39.742718599999534,39.742718599999534,2133,7396.0,7585.0,2.4917600527356627,1184.9721047954808,122,39.494451999999,0.2482666000005338,True,True,time_limit_guard_at_iteration_boundary,True,2,04_symmetric_wall_clock_ejection_on_off/on/raw_runs.csv
Symmetric wall clock,Dang,Ejection ON,gil262b_m3,3,2500,39.742718599999534,39.742718599999534,2489,7215.0,7585.0,4.878048780487805,1187.0142873137956,124,39.49723530000483,0.2454832999947029,True,True,time_limit_guard_at_iteration_boundary,True,2,04_symmetric_wall_clock_ejection_on_off/on/raw_runs.csv
Symmetric wall clock,Dang,Ejection ON,gil262b_m4,0,2500,31.320743649999716,31.320743649999716,2647,6751.0,6781.0,0.4424126235068574,1186.8869424873235,114,31.07092779999948,0.2498158500002318,True,True,time_limit_guard_at_iteration_boundary,True,2,04_symmetric_wall_clock_ejection_on_off/on/raw_runs.csv
Symmetric wall clock,Dang,Ejection ON,gil262b_m4,1,2500,31.320743649999716,31.320743649999716,2673,6708.0,6781.0,1.0765373838666863,1185.247196578599,114,31.073908699996537,0.2468349500031763,True,True,time_limit_guard_at_iteration_boundary,True,2,04_symmetric_wall_clock_ejection_on_off/on/raw_runs.csv
Symmetric wall clock,Dang,Ejection ON,gil262b_m4,2,2500,31.320743649999716,31.320743649999716,2281,6527.0,6781.0,3.7457602123580593,1186.2365392448614,118,31.07635429999937,0.2443893500003469,True,True,time_limit_guard_at_iteration_boundary,True,2,04_symmetric_wall_clock_ejection_on_off/on/raw_runs.csv
Symmetric wall clock,Dang,Ejection ON,gil262b_m4,3,2500,31.320743649999716,31.320743649999716,2366,6499.0,6781.0,4.158678660964459,1186.5650350705353,115,31.07421329999488,0.2465303500048321,True,True,time_limit_guard_at_iteration_boundary,True,2,04_symmetric_wall_clock_ejection_on_off/on/raw_runs.csv
Symmetric wall clock,Dang,Ejection ON,gil262c_m2,0,2500,71.7763644000006,71.7763644000006,2245,10879.0,11030.0,1.368993653671804,1781.3551267218454,189,70.59258530000079,1.1837790999998106,True,True,time_limit_guard_at_iteration_boundary,True,2,04_symmetric_wall_clock_ejection_on_off/on/raw_runs.csv
Symmetric wall clock,Dang,Ejection ON,gil262c_m2,1,2500,71.7763644000006,71.7763644000006,2357,10855.0,11030.0,1.586582048957389,1783.1168442823057,186,71.43283179999707,0.3435326000035275,True,True,time_limit_guard_at_iteration_boundary,True,2,04_symmetric_wall_clock_ejection_on_off/on/raw_runs.csv
Symmetric wall clock,Dang,Ejection ON,gil262c_m2,2,2500,71.7763644000006,71.7763644000006,2333,10844.0,11030.0,1.686310063463282,1783.1368199853084,187,71.42003820000537,0.3563261999952374,True,True,time_limit_guard_at_iteration_boundary,True,2,04_symmetric_wall_clock_ejection_on_off/on/raw_runs.csv
Symmetric wall clock,Dang,Ejection ON,gil262c_m2,3,2500,71.7763644000006,71.7763644000006,2547,10852.0,11030.0,1.613780598368087,1782.12448385332,190,70.85921110000345,0.9171532999971532,True,True,time_limit_guard_at_iteration_boundary,True,2,04_symmetric_wall_clock_ejection_on_off/on/raw_runs.csv
Symmetric wall clock,Dang,Ejection ON,gil262c_m3,0,2500,54.2995010249997,54.2995010249997,2404,10183.0,10757.0,5.336060239843823,1781.993511457919,178,54.05281129999639,0.2466897250033071,True,True,time_limit_guard_at_iteration_boundary,True,2,04_symmetric_wall_clock_ejection_on_off/on/raw_runs.csv
Symmetric wall clock,Dang,Ejection ON,gil262c_m3,1,2500,54.2995010249997,54.2995010249997,2567,10485.0,10757.0,2.5285860369991635,1782.2533255620365,176,54.03086180000537,0.268639224994331,True,True,time_limit_guard_at_iteration_boundary,True,2,04_symmetric_wall_clock_ejection_on_off/on/raw_runs.csv
Symmetric wall clock,Dang,Ejection ON,gil262c_m3,2,2500,54.2995010249997,54.2995010249997,2572,10528.0,10757.0,2.1288463326206197,1781.4742225687946,184,54.030314600000565,0.269186424999134,True,True,time_limit_guard_at_iteration_boundary,True,2,04_symmetric_wall_clock_ejection_on_off/on/raw_runs.csv
Symmetric wall clock,Dang,Ejection ON,gil262c_m3,3,2500,54.2995010249997,54.2995010249997,2557,10382.0,10757.0,3.4861020730687,1781.55694234136,182,53.55150259999937,0.7479984250003326,True,True,time_limit_guard_at_iteration_boundary,True,2,04_symmetric_wall_clock_ejection_on_off/on/raw_runs.csv
Symmetric wall clock,Dang,Ejection ON,gil262c_m4,0,2500,46.53385975000037,46.53385975000037,2557,9941.0,10281.0,3.3070712965664817,1780.6054043344616,173,46.29872510000132,0.2351346499990541,True,True,time_limit_guard_at_iteration_boundary,True,2,04_symmetric_wall_clock_ejection_on_off/on/raw_runs.csv
Symmetric wall clock,Dang,Ejection ON,gil262c_m4,1,2500,46.53385975000037,46.53385975000037,2746,10125.0,10281.0,1.517362124306974,1781.204530058277,171,46.292673800002376,0.2411859499979982,True,True,time_limit_guard_at_iteration_boundary,True,2,04_symmetric_wall_clock_ejection_on_off/on/raw_runs.csv
Symmetric wall clock,Dang,Ejection ON,gil262c_m4,2,2500,46.53385975000037,46.53385975000037,2611,9768.0,10281.0,4.98978698570178,1782.1034061676155,172,46.28875789999438,0.2451018500059945,True,True,time_limit_guard_at_iteration_boundary,True,2,04_symmetric_wall_clock_ejection_on_off/on/raw_runs.csv
Symmetric wall clock,Dang,Ejection ON,gil262c_m4,3,2500,46.53385975000037,46.53385975000037,2669,9797.0,10281.0,4.707713257465227,1781.5943304908128,176,46.29391659999965,0.2399431500007267,True,True,time_limit_guard_at_iteration_boundary,True,2,04_symmetric_wall_clock_ejection_on_off/on/raw_runs.csv
Symmetric wall clock,Dang,Ejection ON,gr229_gen1_m4,0,2500,33.247639100001834,33.247639100001834,2507,220.0,223.0,1.345291479820628,1547.068619909092,220,32.98805749999883,0.2595816000030027,True,True,time_limit_guard_at_iteration_boundary,True,2,04_symmetric_wall_clock_ejection_on_off/on/raw_runs.csv
Symmetric wall clock,Dang,Ejection ON,gr229_gen1_m4,1,2500,33.247639100001834,33.247639100001834,2719,220.0,223.0,1.345291479820628,1558.672512157025,220,33.00550490000023,0.2421342000016011,True,True,time_limit_guard_at_iteration_boundary,True,2,04_symmetric_wall_clock_ejection_on_off/on/raw_runs.csv
Symmetric wall clock,Dang,Ejection ON,gr229_gen1_m4,2,2500,33.247639100001834,33.247639100001834,2861,220.0,223.0,1.345291479820628,1582.7820782045596,220,33.01147959999798,0.2361595000038505,True,True,time_limit_guard_at_iteration_boundary,True,2,04_symmetric_wall_clock_ejection_on_off/on/raw_runs.csv
Symmetric wall clock,Dang,Ejection ON,gr229_gen1_m4,3,2500,33.247639100001834,33.247639100001834,2329,220.0,223.0,1.345291479820628,1564.8021943920096,220,33.01401410000108,0.2336250000007567,True,True,time_limit_guard_at_iteration_boundary,True,2,04_symmetric_wall_clock_ejection_on_off/on/raw_runs.csv
Symmetric wall clock,Dang,Ejection ON,gr229_gen2_m3,0,2500,27.48922107499948,27.48922107499948,2734,11529.0,11566.0,0.3199031644475186,1758.3227410111451,227,27.24563720000151,0.2435838749979666,True,True,time_limit_guard_at_iteration_boundary,True,2,04_symmetric_wall_clock_ejection_on_off/on/raw_runs.csv
Symmetric wall clock,Dang,Ejection ON,gr229_gen2_m3,1,2500,27.48922107499948,27.48922107499948,2592,11529.0,11566.0,0.3199031644475186,1730.778463404214,227,27.23960320000333,0.2496178749961473,True,True,time_limit_guard_at_iteration_boundary,True,2,04_symmetric_wall_clock_ejection_on_off/on/raw_runs.csv
Symmetric wall clock,Dang,Ejection ON,gr229_gen2_m3,2,2500,27.48922107499948,27.48922107499948,2443,11529.0,11566.0,0.3199031644475186,1739.0080248047152,227,27.242710999998963,0.2465100750005149,True,True,time_limit_guard_at_iteration_boundary,True,2,04_symmetric_wall_clock_ejection_on_off/on/raw_runs.csv
Symmetric wall clock,Dang,Ejection ON,gr229_gen2_m3,3,2500,27.48922107499948,27.48922107499948,2153,11516.0,11566.0,0.4323015735777278,1760.187302094711,223,27.2726163000043,0.2166047749951758,True,True,time_limit_guard_at_iteration_boundary,True,2,04_symmetric_wall_clock_ejection_on_off/on/raw_runs.csv
Symmetric wall clock,Dang,Ejection ON,gr229_gen2_m4,0,2500,43.4268879250003,43.4268879250003,1955,11120.0,11355.0,2.0695728753852927,1564.785112066976,220,41.04303979999531,2.383848125004988,True,True,time_limit_guard_at_iteration_boundary,True,2,04_symmetric_wall_clock_ejection_on_off/on/raw_runs.csv
Symmetric wall clock,Dang,Ejection ON,gr229_gen2_m4,1,2500,43.4268879250003,43.4268879250003,2820,11280.0,11355.0,0.6605019815059445,1762.8881488170036,212,43.190904399998544,0.2359835250017568,True,True,time_limit_guard_at_iteration_boundary,True,2,04_symmetric_wall_clock_ejection_on_off/on/raw_runs.csv
Symmetric wall clock,Dang,Ejection ON,gr229_gen2_m4,2,2500,43.4268879250003,43.4268879250003,2806,11120.0,11355.0,2.0695728753852927,1515.8683808477415,220,43.18022549999296,0.2466624250073437,True,True,time_limit_guard_at_iteration_boundary,True,2,04_symmetric_wall_clock_ejection_on_off/on/raw_runs.csv
Symmetric wall clock,Dang,Ejection ON,gr229_gen2_m4,3,2500,43.4268879250003,43.4268879250003,2578,11120.0,11355.0,2.0695728753852927,1551.5674016935511,220,42.52742670000589,0.8994612249944112,True,True,time_limit_guard_at_iteration_boundary,True,2,04_symmetric_wall_clock_ejection_on_off/on/raw_runs.csv
Symmetric wall clock,Dang,Ejection ON,gr229_gen3_m3,0,2500,26.590247125000133,26.590247125000133,2617,7953.0,8056.0,1.278550148957299,1750.6994725275365,225,26.34559779999836,0.2446493250017738,True,True,time_limit_guard_at_iteration_boundary,True,2,04_symmetric_wall_clock_ejection_on_off/on/raw_runs.csv
Symmetric wall clock,Dang,Ejection ON,gr229_gen3_m3,1,2500,26.590247125000133,26.590247125000133,2773,7967.0,8056.0,1.1047666335650448,1760.1250229721632,226,26.34422949999862,0.2460176250015138,True,True,time_limit_guard_at_iteration_boundary,True,2,04_symmetric_wall_clock_ejection_on_off/on/raw_runs.csv
Symmetric wall clock,Dang,Ejection ON,gr229_gen3_m3,2,2500,26.590247125000133,26.590247125000133,2669,7974.0,8056.0,1.0178748758689176,1747.6959965957062,226,26.341158299997915,0.249088825002218,True,True,time_limit_guard_at_iteration_boundary,True,2,04_symmetric_wall_clock_ejection_on_off/on/raw_runs.csv
Symmetric wall clock,Dang,Ejection ON,gr229_gen3_m3,3,2500,26.590247125000133,26.590247125000133,2318,7939.0,8056.0,1.452333664349553,1760.0763026940776,225,26.34351339999557,0.2467337250045602,True,True,time_limit_guard_at_iteration_boundary,True,2,04_symmetric_wall_clock_ejection_on_off/on/raw_runs.csv
Symmetric wall clock,Dang,Ejection ON,gr229_gen3_m4,0,2500,54.309092349999446,54.309092349999446,2837,7355.0,7651.0,3.868775323487126,1579.6858369662032,220,52.747060099995,1.5620322500044497,True,True,time_limit_guard_at_iteration_boundary,True,2,04_symmetric_wall_clock_ejection_on_off/on/raw_runs.csv
Symmetric wall clock,Dang,Ejection ON,gr229_gen3_m4,1,2500,54.309092349999446,54.309092349999446,2874,7355.0,7651.0,3.868775323487126,1558.6063742590093,220,53.36201280000387,0.9470795499955784,True,True,time_limit_guard_at_iteration_boundary,True,2,04_symmetric_wall_clock_ejection_on_off/on/raw_runs.csv
Symmetric wall clock,Dang,Ejection ON,gr229_gen3_m4,2,2500,54.309092349999446,54.309092349999446,1829,7355.0,7651.0,3.868775323487126,1569.9252559002489,220,50.41983640000399,3.889255949995458,True,True,time_limit_guard_at_iteration_boundary,True,2,04_symmetric_wall_clock_ejection_on_off/on/raw_runs.csv
Symmetric wall clock,Dang,Ejection ON,gr229_gen3_m4,3,2500,54.309092349999446,54.309092349999446,2544,7355.0,7651.0,3.868775323487126,1574.7217025001714,220,50.4568161999996,3.852276149999853,True,True,time_limit_guard_at_iteration_boundary,True,2,04_symmetric_wall_clock_ejection_on_off/on/raw_runs.csv
Symmetric wall clock,Dang,Ejection ON,kroA150_gen2_m2,0,2500,23.57265989999996,23.57265989999996,2671,4223.0,4335.0,2.5836216839677046,13227.947538645883,74,23.204845000000205,0.3678148999997574,True,True,time_limit_guard_at_iteration_boundary,True,2,04_symmetric_wall_clock_ejection_on_off/on/raw_runs.csv
Symmetric wall clock,Dang,Ejection ON,kroA150_gen2_m2,1,2500,23.57265989999996,23.57265989999996,2313,4227.0,4335.0,2.491349480968858,13249.000347853344,72,22.23951320000197,1.3331466999979966,True,True,time_limit_guard_at_iteration_boundary,True,2,04_symmetric_wall_clock_ejection_on_off/on/raw_runs.csv
Symmetric wall clock,Dang,Ejection ON,kroA150_gen2_m2,2,2500,23.57265989999996,23.57265989999996,2550,4218.0,4335.0,2.698961937716263,13163.280445076358,72,22.74154460000136,0.8311152999986007,True,True,time_limit_guard_at_iteration_boundary,True,2,04_symmetric_wall_clock_ejection_on_off/on/raw_runs.csv
Symmetric wall clock,Dang,Ejection ON,kroA150_gen2_m2,3,2500,23.57265989999996,23.57265989999996,2585,4218.0,4335.0,2.698961937716263,13163.280445076358,72,23.100783399997454,0.4718765000025087,True,True,time_limit_guard_at_iteration_boundary,True,2,04_symmetric_wall_clock_ejection_on_off/on/raw_runs.csv
Symmetric wall clock,Dang,Ejection ON,kroA150_gen3_m3,0,2500,15.560033299999304,15.560033299999304,2214,2654.0,2726.0,2.641232575201761,13233.038872137324,67,14.482212800001436,1.0778204999978698,True,True,time_limit_guard_at_iteration_boundary,True,2,04_symmetric_wall_clock_ejection_on_off/on/raw_runs.csv
Symmetric wall clock,Dang,Ejection ON,kroA150_gen3_m3,1,2500,15.560033299999304,15.560033299999304,2673,2692.0,2726.0,1.247248716067498,13235.005232949445,67,15.310728099997505,0.2493052000017996,True,True,time_limit_guard_at_iteration_boundary,True,2,04_symmetric_wall_clock_ejection_on_off/on/raw_runs.csv
Symmetric wall clock,Dang,Ejection ON,kroA150_gen3_m3,2,2500,15.560033299999304,15.560033299999304,2551,2563.0,2726.0,5.979457079970653,13224.172619015771,62,15.17357990000164,0.3864533999976629,True,True,time_limit_guard_at_iteration_boundary,True,2,04_symmetric_wall_clock_ejection_on_off/on/raw_runs.csv
Symmetric wall clock,Dang,Ejection ON,kroA150_gen3_m3,3,2500,15.560033299999304,15.560033299999304,2436,2497.0,2726.0,8.400586940572268,13225.610439737737,65,15.088829599997553,0.4712037000017517,True,True,time_limit_guard_at_iteration_boundary,True,2,04_symmetric_wall_clock_ejection_on_off/on/raw_runs.csv
Symmetric wall clock,Dang,Ejection ON,kroA200_gen1_m4,0,2500,14.933187174999148,14.933187174999148,2529,80.0,81.0,1.2345679012345678,14476.668673386748,80,14.684377899997344,0.248809275001804,True,True,time_limit_guard_at_iteration_boundary,True,2,04_symmetric_wall_clock_ejection_on_off/on/raw_runs.csv
Symmetric wall clock,Dang,Ejection ON,kroA200_gen1_m4,1,2500,14.933187174999148,14.933187174999148,2537,81.0,81.0,0.0,14644.13044829899,81,14.686887199997727,0.2462999750014205,True,True,time_limit_guard_at_iteration_boundary,True,2,04_symmetric_wall_clock_ejection_on_off/on/raw_runs.csv
Symmetric wall clock,Dang,Ejection ON,kroA200_gen1_m4,2,2500,14.933187174999148,14.933187174999148,2413,80.0,81.0,1.2345679012345678,14448.196231927706,80,14.685040500000468,0.2481466749986793,True,True,time_limit_guard_at_iteration_boundary,True,2,04_symmetric_wall_clock_ejection_on_off/on/raw_runs.csv
Symmetric wall clock,Dang,Ejection ON,kroA200_gen1_m4,3,2500,14.933187174999148,14.933187174999148,2508,80.0,81.0,1.2345679012345678,14448.196231927706,80,14.68534979999822,0.2478373750009268,True,True,time_limit_guard_at_iteration_boundary,True,2,04_symmetric_wall_clock_ejection_on_off/on/raw_runs.csv
Symmetric wall clock,Dang,Ejection ON,kroB200_gen1_m2,0,2500,25.80506442500064,25.80506442500064,2649,105.0,111.0,5.405405405405405,14578.266132183711,105,25.55926799999725,0.245796425003391,True,True,time_limit_guard_at_iteration_boundary,True,2,04_symmetric_wall_clock_ejection_on_off/on/raw_runs.csv
Symmetric wall clock,Dang,Ejection ON,kroB200_gen1_m2,1,2500,25.80506442500064,25.80506442500064,2494,110.0,111.0,0.9009009009009008,14572.019705078235,110,25.563375099998662,0.2416893250019711,True,True,time_limit_guard_at_iteration_boundary,True,2,04_symmetric_wall_clock_ejection_on_off/on/raw_runs.csv
Symmetric wall clock,Dang,Ejection ON,kroB200_gen1_m2,2,2500,25.80506442500064,25.80506442500064,2506,107.0,111.0,3.603603603603604,14531.301655580455,107,25.55694129999756,0.2481231250030759,True,True,time_limit_guard_at_iteration_boundary,True,2,04_symmetric_wall_clock_ejection_on_off/on/raw_runs.csv
Symmetric wall clock,Dang,Ejection ON,kroB200_gen1_m2,3,2500,25.80506442500064,25.80506442500064,2557,111.0,111.0,0.0,14659.559992491337,111,25.525551999999152,0.2795124250014851,True,True,time_limit_guard_at_iteration_boundary,True,2,04_symmetric_wall_clock_ejection_on_off/on/raw_runs.csv
Symmetric wall clock,Dang,Ejection ON,kroB200_gen2_m2,0,2500,39.10328715000014,39.10328715000014,2886,6178.0,6185.0,0.1131770412287793,14688.047859916756,106,38.85947699999815,0.2438101500019911,True,True,time_limit_guard_at_iteration_boundary,True,2,04_symmetric_wall_clock_ejection_on_off/on/raw_runs.csv
Symmetric wall clock,Dang,Ejection ON,kroB200_gen2_m2,1,2500,39.10328715000014,39.10328715000014,3098,6180.0,6185.0,0.0808407437348423,14713.636766342766,107,38.8574363000007,0.2458508499994423,True,True,time_limit_guard_at_iteration_boundary,True,2,04_symmetric_wall_clock_ejection_on_off/on/raw_runs.csv
Symmetric wall clock,Dang,Ejection ON,kroB200_gen2_m2,2,2500,39.10328715000014,39.10328715000014,2054,6180.0,6185.0,0.0808407437348423,14713.636766342766,107,36.42534709999745,2.677940050002689,True,True,time_limit_guard_at_iteration_boundary,True,2,04_symmetric_wall_clock_ejection_on_off/on/raw_runs.csv
Symmetric wall clock,Dang,Ejection ON,kroB200_gen2_m2,3,2500,39.10328715000014,39.10328715000014,2760,6178.0,6185.0,0.1131770412287793,14688.047859916756,106,38.85764709999785,0.2456400500022937,True,True,time_limit_guard_at_iteration_boundary,True,2,04_symmetric_wall_clock_ejection_on_off/on/raw_runs.csv
Symmetric wall clock,Dang,Ejection ON,kroB200_gen2_m4,0,2500,20.763080400000035,20.763080400000035,2457,4930.0,4944.0,0.2831715210355987,14470.732952992908,88,20.51691709999432,0.246163300005719,True,True,time_limit_guard_at_iteration_boundary,True,2,04_symmetric_wall_clock_ejection_on_off/on/raw_runs.csv
Symmetric wall clock,Dang,Ejection ON,kroB200_gen2_m4,1,2500,20.763080400000035,20.763080400000035,2604,4922.0,4944.0,0.4449838187702265,14585.111822656288,88,20.52071980000619,0.2423605999938445,True,True,time_limit_guard_at_iteration_boundary,True,2,04_symmetric_wall_clock_ejection_on_off/on/raw_runs.csv
Symmetric wall clock,Dang,Ejection ON,kroB200_gen2_m4,2,2500,20.763080400000035,20.763080400000035,2849,4940.0,4944.0,0.0809061488673139,14601.281600014794,87,20.51367419999588,0.2494062000041594,True,True,time_limit_guard_at_iteration_boundary,True,2,04_symmetric_wall_clock_ejection_on_off/on/raw_runs.csv
Symmetric wall clock,Dang,Ejection ON,kroB200_gen2_m4,3,2500,20.763080400000035,20.763080400000035,2892,4940.0,4944.0,0.0809061488673139,14601.281600014794,87,20.31744620000245,0.4456341999975848,True,True,time_limit_guard_at_iteration_boundary,True,2,04_symmetric_wall_clock_ejection_on_off/on/raw_runs.csv
Symmetric wall clock,Dang,Ejection ON,kroB200_gen3_m2,0,2500,24.35206290000133,24.35206290000133,2151,4582.0,4765.0,3.840503672612802,14704.272894426798,79,24.086560000003374,0.2655028999979549,True,True,time_limit_guard_at_iteration_boundary,True,2,04_symmetric_wall_clock_ejection_on_off/on/raw_runs.csv
Symmetric wall clock,Dang,Ejection ON,kroB200_gen3_m2,1,2500,24.35206290000133,24.35206290000133,2475,4610.0,4765.0,3.2528856243441764,14709.0795828778,84,23.29563110000163,1.0564317999997002,True,True,time_limit_guard_at_iteration_boundary,True,2,04_symmetric_wall_clock_ejection_on_off/on/raw_runs.csv
Symmetric wall clock,Dang,Ejection ON,kroB200_gen3_m2,2,2500,24.35206290000133,24.35206290000133,2476,4387.0,4765.0,7.932843651626443,14708.746911592085,81,24.103134400000272,0.2489285000010568,True,True,time_limit_guard_at_iteration_boundary,True,2,04_symmetric_wall_clock_ejection_on_off/on/raw_runs.csv
Symmetric wall clock,Dang,Ejection ON,kroB200_gen3_m2,3,2500,24.35206290000133,24.35206290000133,2239,4415.0,4765.0,7.345225603357817,14697.14590948528,84,24.110153399997216,0.2419095000041125,True,True,time_limit_guard_at_iteration_boundary,True,2,04_symmetric_wall_clock_ejection_on_off/on/raw_runs.csv
Symmetric wall clock,Dang,Ejection ON,kroB200_gen3_m3,0,2500,26.19213524999941,26.19213524999941,2413,2923.0,3028.0,3.467635402906209,14647.548769558114,86,25.563516499998517,0.6286187500008964,True,True,time_limit_guard_at_iteration_boundary,True,2,04_symmetric_wall_clock_ejection_on_off/on/raw_runs.csv
Symmetric wall clock,Dang,Ejection ON,kroB200_gen3_m3,1,2500,26.19213524999941,26.19213524999941,2791,2874.0,3028.0,5.085865257595772,14658.098269180922,84,25.353810799999337,0.8383244500000728,True,True,time_limit_guard_at_iteration_boundary,True,2,04_symmetric_wall_clock_ejection_on_off/on/raw_runs.csv
Symmetric wall clock,Dang,Ejection ON,kroB200_gen3_m3,2,2500,26.19213524999941,26.19213524999941,2564,2923.0,3028.0,3.467635402906209,14653.193943524911,86,25.945884199994907,0.2462510500045027,True,True,time_limit_guard_at_iteration_boundary,True,2,04_symmetric_wall_clock_ejection_on_off/on/raw_runs.csv
Symmetric wall clock,Dang,Ejection ON,kroB200_gen3_m3,3,2500,26.19213524999941,26.19213524999941,2536,2923.0,3028.0,3.467635402906209,14647.548769558114,86,25.94635489999928,0.2457803500001318,True,True,time_limit_guard_at_iteration_boundary,True,2,04_symmetric_wall_clock_ejection_on_off/on/raw_runs.csv
Symmetric wall clock,Dang,Ejection ON,lin318_gen1_m2,0,2500,60.37813310000092,60.37813310000092,2405,168.0,180.0,6.666666666666667,20879.488333427827,168,60.11069349999889,0.2674396000020351,True,True,time_limit_guard_at_iteration_boundary,True,2,04_symmetric_wall_clock_ejection_on_off/on/raw_runs.csv
Symmetric wall clock,Dang,Ejection ON,lin318_gen1_m2,1,2500,60.37813310000092,60.37813310000092,2576,164.0,180.0,8.88888888888889,20952.638347730343,164,60.08519749999687,0.292935600004057,True,True,time_limit_guard_at_iteration_boundary,True,2,04_symmetric_wall_clock_ejection_on_off/on/raw_runs.csv
Symmetric wall clock,Dang,Ejection ON,lin318_gen1_m2,2,2500,60.37813310000092,60.37813310000092,2235,177.0,180.0,1.6666666666666667,20928.755882493417,177,60.08331370000087,0.2948194000000512,True,True,time_limit_guard_at_iteration_boundary,True,2,04_symmetric_wall_clock_ejection_on_off/on/raw_runs.csv
Symmetric wall clock,Dang,Ejection ON,lin318_gen1_m2,3,2500,60.37813310000092,60.37813310000092,2403,172.0,180.0,4.444444444444445,20929.23977566469,172,59.89105869999912,0.4870744000018021,True,True,time_limit_guard_at_iteration_boundary,True,2,04_symmetric_wall_clock_ejection_on_off/on/raw_runs.csv
Symmetric wall clock,Dang,Ejection ON,lin318_gen1_m3,0,2500,43.1556224499991,43.1556224499991,2438,148.0,149.0,0.6711409395973155,20828.77305844841,148,42.93118780000077,0.2244346499983294,True,True,time_limit_guard_at_iteration_boundary,True,2,04_symmetric_wall_clock_ejection_on_off/on/raw_runs.csv
Symmetric wall clock,Dang,Ejection ON,lin318_gen1_m3,1,2500,43.1556224499991,43.1556224499991,2596,148.0,149.0,0.6711409395973155,20805.75585176932,148,42.90802099999564,0.247601450003458,True,True,time_limit_guard_at_iteration_boundary,True,2,04_symmetric_wall_clock_ejection_on_off/on/raw_runs.csv
Symmetric wall clock,Dang,Ejection ON,lin318_gen1_m3,2,2500,43.1556224499991,43.1556224499991,2516,145.0,149.0,2.684563758389262,20908.997201597544,145,42.69221620000462,0.4634062499944775,True,True,time_limit_guard_at_iteration_boundary,True,2,04_symmetric_wall_clock_ejection_on_off/on/raw_runs.csv
Symmetric wall clock,Dang,Ejection ON,lin318_gen1_m3,3,2500,43.1556224499991,43.1556224499991,2407,147.0,149.0,1.342281879194631,20928.40320013671,147,42.91778350000095,0.2378389499981494,True,True,time_limit_guard_at_iteration_boundary,True,2,04_symmetric_wall_clock_ejection_on_off/on/raw_runs.csv
Symmetric wall clock,Dang,Ejection ON,lin318_gen2_m2,0,2500,100.76384979999966,100.76384979999966,2462,8751.0,9544.0,8.308885163453478,21039.826878928656,158,93.67795849999676,7.085891300002913,True,True,time_limit_guard_at_iteration_boundary,True,2,04_symmetric_wall_clock_ejection_on_off/on/raw_runs.csv
Symmetric wall clock,Dang,Ejection ON,lin318_gen2_m2,1,2500,100.76384979999966,100.76384979999966,2275,8714.0,9544.0,8.696563285834031,20987.23212926286,159,92.03739720000158,8.726452599998083,True,True,time_limit_guard_at_iteration_boundary,True,2,04_symmetric_wall_clock_ejection_on_off/on/raw_runs.csv
Symmetric wall clock,Dang,Ejection ON,lin318_gen2_m2,2,2500,100.76384979999966,100.76384979999966,2459,8751.0,9544.0,8.308885163453478,21039.826878928656,158,98.67487560000154,2.08897419999812,True,True,time_limit_guard_at_iteration_boundary,True,2,04_symmetric_wall_clock_ejection_on_off/on/raw_runs.csv
Symmetric wall clock,Dang,Ejection ON,lin318_gen2_m2,3,2500,100.76384979999966,100.76384979999966,2204,8583.0,9544.0,10.069153394803015,20996.330468741973,160,93.75001060000068,7.013839199998984,True,True,time_limit_guard_at_iteration_boundary,True,2,04_symmetric_wall_clock_ejection_on_off/on/raw_runs.csv
Symmetric wall clock,Dang,Ejection ON,lin318_gen2_m3,0,2500,53.27196387499953,53.27196387499953,2755,7433.0,7807.0,4.790572563084411,21025.995251380344,135,52.99963189999835,0.2723319750011796,True,True,time_limit_guard_at_iteration_boundary,True,2,04_symmetric_wall_clock_ejection_on_off/on/raw_runs.csv
Symmetric wall clock,Dang,Ejection ON,lin318_gen2_m3,1,2500,53.27196387499953,53.27196387499953,2646,7353.0,7807.0,5.815293966952734,21026.48808769606,130,51.29883929999778,1.973124575001748,True,True,time_limit_guard_at_iteration_boundary,True,2,04_symmetric_wall_clock_ejection_on_off/on/raw_runs.csv
Symmetric wall clock,Dang,Ejection ON,lin318_gen2_m3,2,2500,53.27196387499953,53.27196387499953,2718,7786.0,7807.0,0.2689893685154348,21027.196837273565,141,52.301126399994246,0.9708374750052826,True,True,time_limit_guard_at_iteration_boundary,True,2,04_symmetric_wall_clock_ejection_on_off/on/raw_runs.csv
Symmetric wall clock,Dang,Ejection ON,lin318_gen2_m3,3,2500,53.27196387499953,53.27196387499953,2283,7660.0,7807.0,1.882925579608044,21012.50525506596,139,51.89532029999828,1.3766435750012531,True,True,time_limit_guard_at_iteration_boundary,True,2,04_symmetric_wall_clock_ejection_on_off/on/raw_runs.csv
Symmetric wall clock,Dang,Ejection ON,lin318_gen3_m2,0,2500,89.66302797499975,89.66302797499975,2365,6892.0,7936.0,13.15524193548387,20997.57675994574,158,84.47846310000023,5.184564874999524,True,True,time_limit_guard_at_iteration_boundary,True,2,04_symmetric_wall_clock_ejection_on_off/on/raw_runs.csv
Symmetric wall clock,Dang,Ejection ON,lin318_gen3_m2,1,2500,89.66302797499975,89.66302797499975,2794,7088.0,7936.0,10.685483870967742,21033.397669276343,139,86.20566820000386,3.457359774995893,True,True,time_limit_guard_at_iteration_boundary,True,2,04_symmetric_wall_clock_ejection_on_off/on/raw_runs.csv
Symmetric wall clock,Dang,Ejection ON,lin318_gen3_m2,2,2500,89.66302797499975,89.66302797499975,1635,6376.0,7936.0,19.657258064516128,21016.31548568696,165,79.64310380000097,10.019924174998778,True,True,time_limit_guard_at_iteration_boundary,True,2,04_symmetric_wall_clock_ejection_on_off/on/raw_runs.csv
Symmetric wall clock,Dang,Ejection ON,lin318_gen3_m2,3,2500,89.66302797499975,89.66302797499975,1726,6556.0,7936.0,17.389112903225808,21025.04746216775,160,83.74640350000118,5.916624474998571,True,True,time_limit_guard_at_iteration_boundary,True,2,04_symmetric_wall_clock_ejection_on_off/on/raw_runs.csv
Symmetric wall clock,Dang,Ejection ON,lin318_gen3_m4,0,2500,38.06572147499992,38.06572147499992,2453,3746.0,3797.0,1.3431656570977086,20780.73979798443,121,37.8181912,0.2475302749999173,True,True,time_limit_guard_at_iteration_boundary,True,2,04_symmetric_wall_clock_ejection_on_off/on/raw_runs.csv
Symmetric wall clock,Dang,Ejection ON,lin318_gen3_m4,1,2500,38.06572147499992,38.06572147499992,2523,3764.0,3797.0,0.8691071898867527,20849.68286962489,120,37.828243699994346,0.2374777750055727,True,True,time_limit_guard_at_iteration_boundary,True,2,04_symmetric_wall_clock_ejection_on_off/on/raw_runs.csv
Symmetric wall clock,Dang,Ejection ON,lin318_gen3_m4,2,2500,38.06572147499992,38.06572147499992,2682,3784.0,3797.0,0.3423755596523571,20918.77793781572,120,37.71689470000274,0.3488267749971783,True,True,time_limit_guard_at_iteration_boundary,True,2,04_symmetric_wall_clock_ejection_on_off/on/raw_runs.csv
Symmetric wall clock,Dang,Ejection ON,lin318_gen3_m4,3,2500,38.06572147499992,38.06572147499992,2713,3784.0,3797.0,0.3423755596523571,20918.77793781572,120,37.81712210000114,0.2485993749987756,True,True,time_limit_guard_at_iteration_boundary,True,2,04_symmetric_wall_clock_ejection_on_off/on/raw_runs.csv
Symmetric wall clock,Dang,Ejection ON,pr136_gen1_m2,0,2500,10.491221124999356,10.491221124999356,2534,61.0,63.0,3.1746031746031744,47394.70924492728,61,10.242391400002816,0.2488297249965398,True,True,time_limit_guard_at_iteration_boundary,True,2,04_symmetric_wall_clock_ejection_on_off/on/raw_runs.csv
Symmetric wall clock,Dang,Ejection ON,pr136_gen1_m2,1,2500,10.491221124999356,10.491221124999356,2470,62.0,63.0,1.5873015873015872,47671.21208229503,62,10.242560999999114,0.2486601250002422,True,True,time_limit_guard_at_iteration_boundary,True,2,04_symmetric_wall_clock_ejection_on_off/on/raw_runs.csv
Symmetric wall clock,Dang,Ejection ON,pr136_gen1_m2,2,2500,10.491221124999356,10.491221124999356,2440,62.0,63.0,1.5873015873015872,47968.71345209544,62,10.04360170000291,0.4476194249964464,True,True,time_limit_guard_at_iteration_boundary,True,2,04_symmetric_wall_clock_ejection_on_off/on/raw_runs.csv
Symmetric wall clock,Dang,Ejection ON,pr136_gen1_m2,3,2500,10.491221124999356,10.491221124999356,2361,62.0,63.0,1.5873015873015872,47968.71345209544,62,10.241968299997096,0.2492528250022587,True,True,time_limit_guard_at_iteration_boundary,True,2,04_symmetric_wall_clock_ejection_on_off/on/raw_runs.csv
Symmetric wall clock,Dang,Ejection ON,pr136_gen2_m2,0,2500,13.121088375,13.121088375,2366,3580.0,3646.0,1.8102029621503015,48326.93335351037,58,12.873083899998164,0.2480044750018351,True,True,time_limit_guard_at_iteration_boundary,True,2,04_symmetric_wall_clock_ejection_on_off/on/raw_runs.csv
Symmetric wall clock,Dang,Ejection ON,pr136_gen2_m2,1,2500,13.121088375,13.121088375,2722,3615.0,3646.0,0.850246845858475,48218.55706866434,56,12.78884890000336,0.3322394749966406,True,True,time_limit_guard_at_iteration_boundary,True,2,04_symmetric_wall_clock_ejection_on_off/on/raw_runs.csv
Symmetric wall clock,Dang,Ejection ON,pr136_gen2_m2,2,2500,13.121088375,13.121088375,2336,3625.0,3646.0,0.575973669775096,48362.95337776378,59,12.866468000000168,0.2546203749998312,True,True,time_limit_guard_at_iteration_boundary,True,2,04_symmetric_wall_clock_ejection_on_off/on/raw_runs.csv
Symmetric wall clock,Dang,Ejection ON,pr136_gen2_m2,3,2500,13.121088375,13.121088375,2417,3534.0,3646.0,3.071859572133845,48373.61825119135,56,12.872084999995424,0.2490033750045768,True,True,time_limit_guard_at_iteration_boundary,True,2,04_symmetric_wall_clock_ejection_on_off/on/raw_runs.csv
Symmetric wall clock,Dang,Ejection ON,pr264_gen1_m4,0,2500,26.488940699999148,26.488940699999148,2498,106.0,107.0,0.9345794392523364,23807.95655727787,106,26.032928299995547,0.4560124000036012,True,True,time_limit_guard_at_iteration_boundary,True,2,04_symmetric_wall_clock_ejection_on_off/on/raw_runs.csv
Symmetric wall clock,Dang,Ejection ON,pr264_gen1_m4,1,2500,26.488940699999148,26.488940699999148,2489,106.0,107.0,0.9345794392523364,23750.78290402513,106,26.248649300003308,0.24029139999584,True,True,time_limit_guard_at_iteration_boundary,True,2,04_symmetric_wall_clock_ejection_on_off/on/raw_runs.csv
Symmetric wall clock,Dang,Ejection ON,pr264_gen1_m4,2,2500,26.488940699999148,26.488940699999148,2486,106.0,107.0,0.9345794392523364,23761.60887084285,106,26.24396279999928,0.244977899999867,True,True,time_limit_guard_at_iteration_boundary,True,2,04_symmetric_wall_clock_ejection_on_off/on/raw_runs.csv
Symmetric wall clock,Dang,Ejection ON,pr264_gen1_m4,3,2500,26.488940699999148,26.488940699999148,2565,106.0,107.0,0.9345794392523364,23885.59362609468,106,26.2454013999959,0.243539300003249,True,True,time_limit_guard_at_iteration_boundary,True,2,04_symmetric_wall_clock_ejection_on_off/on/raw_runs.csv
Symmetric wall clock,Dang,Ejection ON,pr264_gen2_m2,0,2500,65.81034304999957,65.81034304999957,3023,6610.0,6635.0,0.3767897513187641,24536.31156263801,127,65.34947929999908,0.4608637500004988,True,True,time_limit_guard_at_iteration_boundary,True,2,04_symmetric_wall_clock_ejection_on_off/on/raw_runs.csv
Symmetric wall clock,Dang,Ejection ON,pr264_gen2_m2,1,2500,65.81034304999957,65.81034304999957,2243,6609.0,6635.0,0.3918613413715147,24555.097013939838,124,60.83446560000448,4.975877449995096,True,True,time_limit_guard_at_iteration_boundary,True,2,04_symmetric_wall_clock_ejection_on_off/on/raw_runs.csv
Symmetric wall clock,Dang,Ejection ON,pr264_gen2_m2,2,2500,65.81034304999957,65.81034304999957,2708,6619.0,6635.0,0.241145440844009,24476.630009308024,126,64.56928730000072,1.24105574999885,True,True,time_limit_guard_at_iteration_boundary,True,2,04_symmetric_wall_clock_ejection_on_off/on/raw_runs.csv
Symmetric wall clock,Dang,Ejection ON,pr264_gen2_m2,3,2500,65.81034304999957,65.81034304999957,2294,6631.0,6635.0,0.0602863602110022,24513.094456201245,125,64.75731850000011,1.0530245499994637,True,True,time_limit_guard_at_iteration_boundary,True,2,04_symmetric_wall_clock_ejection_on_off/on/raw_runs.csv
Symmetric wall clock,Dang,Ejection ON,pr264_gen2_m3,0,2500,37.96189437499925,37.96189437499925,2585,6347.0,6420.0,1.1370716510903427,24466.600148934485,120,37.10571009999694,0.8561842750023061,True,True,time_limit_guard_at_iteration_boundary,True,2,04_symmetric_wall_clock_ejection_on_off/on/raw_runs.csv
Symmetric wall clock,Dang,Ejection ON,pr264_gen2_m3,1,2500,37.96189437499925,37.96189437499925,2755,6310.0,6420.0,1.7133956386292837,24519.740051214525,111,37.3669832999949,0.5949110750043474,True,True,time_limit_guard_at_iteration_boundary,True,2,04_symmetric_wall_clock_ejection_on_off/on/raw_runs.csv
Symmetric wall clock,Dang,Ejection ON,pr264_gen2_m3,2,2500,37.96189437499925,37.96189437499925,2343,6420.0,6420.0,0.0,24449.319165842066,116,36.75985239999864,1.2020419750006113,True,True,time_limit_guard_at_iteration_boundary,True,2,04_symmetric_wall_clock_ejection_on_off/on/raw_runs.csv
Symmetric wall clock,Dang,Ejection ON,pr264_gen2_m3,3,2500,37.96189437499925,37.96189437499925,2277,6420.0,6420.0,0.0,24449.319165842066,116,37.72997749999922,0.2319168750000244,True,True,time_limit_guard_at_iteration_boundary,True,2,04_symmetric_wall_clock_ejection_on_off/on/raw_runs.csv
Symmetric wall clock,Dang,Ejection ON,pr264_gen2_m4,0,2500,37.45364742499987,37.45364742499987,2347,5561.0,5584.0,0.41189111747851,24287.501989244465,106,36.18397069999628,1.269676725003592,True,True,time_limit_guard_at_iteration_boundary,True,2,04_symmetric_wall_clock_ejection_on_off/on/raw_runs.csv
Symmetric wall clock,Dang,Ejection ON,pr264_gen2_m4,1,2500,37.45364742499987,37.45364742499987,2978,5523.0,5584.0,1.092406876790831,24525.78510911335,104,37.208737900000415,0.244909524999457,True,True,time_limit_guard_at_iteration_boundary,True,2,04_symmetric_wall_clock_ejection_on_off/on/raw_runs.csv
Symmetric wall clock,Dang,Ejection ON,pr264_gen2_m4,2,2500,37.45364742499987,37.45364742499987,2535,5561.0,5584.0,0.41189111747851,24254.42182115045,106,37.21033889999672,0.2433085250031581,True,True,time_limit_guard_at_iteration_boundary,True,2,04_symmetric_wall_clock_ejection_on_off/on/raw_runs.csv
Symmetric wall clock,Dang,Ejection ON,pr264_gen2_m4,3,2500,37.45364742499987,37.45364742499987,2601,5561.0,5584.0,0.41189111747851,24255.04645721079,106,36.81056679999893,0.6430806250009482,True,True,time_limit_guard_at_iteration_boundary,True,2,04_symmetric_wall_clock_ejection_on_off/on/raw_runs.csv
Symmetric wall clock,Dang,Ejection ON,pr264_gen3_m3,0,2500,42.07617170000049,42.07617170000049,2775,2729.0,2772.0,1.5512265512265513,24466.922661925582,118,41.83837740000308,0.2377942999974038,True,True,time_limit_guard_at_iteration_boundary,True,2,04_symmetric_wall_clock_ejection_on_off/on/raw_runs.csv
Symmetric wall clock,Dang,Ejection ON,pr264_gen3_m3,1,2500,42.07617170000049,42.07617170000049,2268,2706.0,2772.0,2.380952380952381,24054.44895867783,122,41.23287960000016,0.8432921000003262,True,True,time_limit_guard_at_iteration_boundary,True,2,04_symmetric_wall_clock_ejection_on_off/on/raw_runs.csv
Symmetric wall clock,Dang,Ejection ON,pr264_gen3_m3,2,2500,42.07617170000049,42.07617170000049,2577,2640.0,2772.0,4.761904761904762,24458.379928844028,113,40.42535749999661,1.6508142000038788,True,True,time_limit_guard_at_iteration_boundary,True,2,04_symmetric_wall_clock_ejection_on_off/on/raw_runs.csv
Symmetric wall clock,Dang,Ejection ON,pr264_gen3_m3,3,2500,42.07617170000049,42.07617170000049,2539,2736.0,2772.0,1.2987012987012987,24452.1645984593,117,40.28207649999968,1.794095200000811,True,True,time_limit_guard_at_iteration_boundary,True,2,04_symmetric_wall_clock_ejection_on_off/on/raw_runs.csv
Symmetric wall clock,Dang,Ejection ON,pr299_gen1_m2,0,2500,44.85839287500221,44.85839287500221,2376,138.0,139.0,0.7194244604316546,23982.344199706265,138,44.4320671999958,0.4263256750064101,True,True,time_limit_guard_at_iteration_boundary,True,2,04_symmetric_wall_clock_ejection_on_off/on/raw_runs.csv
Symmetric wall clock,Dang,Ejection ON,pr299_gen1_m2,1,2500,44.85839287500221,44.85839287500221,2468,135.0,139.0,2.8776978417266186,23980.015482697752,135,44.6138482000024,0.2445446749998154,True,True,time_limit_guard_at_iteration_boundary,True,2,04_symmetric_wall_clock_ejection_on_off/on/raw_runs.csv
Symmetric wall clock,Dang,Ejection ON,pr299_gen1_m2,2,2500,44.85839287500221,44.85839287500221,2453,136.0,139.0,2.158273381294964,24002.880310600343,136,44.61060059999727,0.2477922750049401,True,True,time_limit_guard_at_iteration_boundary,True,2,04_symmetric_wall_clock_ejection_on_off/on/raw_runs.csv
Symmetric wall clock,Dang,Ejection ON,pr299_gen1_m2,3,2500,44.85839287500221,44.85839287500221,2487,138.0,139.0,0.7194244604316546,23869.182247656503,138,44.60936399999628,0.2490288750059335,True,True,time_limit_guard_at_iteration_boundary,True,2,04_symmetric_wall_clock_ejection_on_off/on/raw_runs.csv
Symmetric wall clock,Dang,Ejection ON,pr299_gen1_m3,0,2500,29.867939674999437,29.867939674999437,2479,109.0,111.0,1.8018018018018016,23820.685014591734,109,29.62198519999947,0.2459544749999622,True,True,time_limit_guard_at_iteration_boundary,True,2,04_symmetric_wall_clock_ejection_on_off/on/raw_runs.csv
Symmetric wall clock,Dang,Ejection ON,pr299_gen1_m3,1,2500,29.867939674999437,29.867939674999437,2496,110.0,111.0,0.9009009009009008,23894.15202863624,110,29.553876799996942,0.3140628750024916,True,True,time_limit_guard_at_iteration_boundary,True,2,04_symmetric_wall_clock_ejection_on_off/on/raw_runs.csv
Symmetric wall clock,Dang,Ejection ON,pr299_gen1_m3,2,2500,29.867939674999437,29.867939674999437,2553,110.0,111.0,0.9009009009009008,24054.79015518357,110,29.62408940000023,0.2438502749992039,True,True,time_limit_guard_at_iteration_boundary,True,2,04_symmetric_wall_clock_ejection_on_off/on/raw_runs.csv
Symmetric wall clock,Dang,Ejection ON,pr299_gen1_m3,3,2500,29.867939674999437,29.867939674999437,2632,109.0,111.0,1.8018018018018016,23964.018329739876,109,29.620691799995257,0.2472478750041773,True,True,time_limit_guard_at_iteration_boundary,True,2,04_symmetric_wall_clock_ejection_on_off/on/raw_runs.csv
Symmetric wall clock,Dang,Ejection ON,pr299_gen1_m4,0,2500,20.673090799999045,20.673090799999045,2506,83.0,84.0,1.1904761904761905,23762.64427984248,83,20.42760319999797,0.2454876000010699,True,True,time_limit_guard_at_iteration_boundary,True,2,04_symmetric_wall_clock_ejection_on_off/on/raw_runs.csv
Symmetric wall clock,Dang,Ejection ON,pr299_gen1_m4,1,2500,20.673090799999045,20.673090799999045,2534,83.0,84.0,1.1904761904761905,23762.64427984248,83,20.42522479999752,0.2478660000015224,True,True,time_limit_guard_at_iteration_boundary,True,2,04_symmetric_wall_clock_ejection_on_off/on/raw_runs.csv
Symmetric wall clock,Dang,Ejection ON,pr299_gen1_m4,2,2500,20.673090799999045,20.673090799999045,2589,83.0,84.0,1.1904761904761905,23971.51647586125,83,20.42657329999929,0.2465174999997543,True,True,time_limit_guard_at_iteration_boundary,True,2,04_symmetric_wall_clock_ejection_on_off/on/raw_runs.csv
Symmetric wall clock,Dang,Ejection ON,pr299_gen1_m4,3,2500,20.673090799999045,20.673090799999045,2603,83.0,84.0,1.1904761904761905,23902.746818111405,83,20.42928140000004,0.2438093999990087,True,True,time_limit_guard_at_iteration_boundary,True,2,04_symmetric_wall_clock_ejection_on_off/on/raw_runs.csv
Symmetric wall clock,Dang,Ejection ON,pr299_gen2_m3,0,2500,36.89149082499989,36.89149082499989,2572,5875.0,6018.0,2.376204719175806,24028.834917557662,101,36.05416089999926,0.8373299250006312,True,True,time_limit_guard_at_iteration_boundary,True,2,04_symmetric_wall_clock_ejection_on_off/on/raw_runs.csv
Symmetric wall clock,Dang,Ejection ON,pr299_gen2_m3,1,2500,36.89149082499989,36.89149082499989,2365,5933.0,6018.0,1.4124293785310735,24030.724679012405,101,36.64635850000195,0.2451323249979395,True,True,time_limit_guard_at_iteration_boundary,True,2,04_symmetric_wall_clock_ejection_on_off/on/raw_runs.csv
Symmetric wall clock,Dang,Ejection ON,pr299_gen2_m3,2,2500,36.89149082499989,36.89149082499989,2566,5875.0,6018.0,2.376204719175806,24028.834917557662,101,36.64946200000122,0.2420288249986697,True,True,time_limit_guard_at_iteration_boundary,True,2,04_symmetric_wall_clock_ejection_on_off/on/raw_runs.csv
Symmetric wall clock,Dang,Ejection ON,pr299_gen2_m3,3,2500,36.89149082499989,36.89149082499989,2528,5872.0,6018.0,2.426055167829844,24029.303110774126,101,36.64665220000461,0.2448386249952818,True,True,time_limit_guard_at_iteration_boundary,True,2,04_symmetric_wall_clock_ejection_on_off/on/raw_runs.csv
Symmetric wall clock,Dang,Ejection ON,pr299_gen2_m4,0,2500,22.703178775001103,22.703178775001103,2402,4366.0,4457.0,2.0417321067982948,24007.67648220655,78,22.46115070000087,0.2420280750002348,True,True,time_limit_guard_at_iteration_boundary,True,2,04_symmetric_wall_clock_ejection_on_off/on/raw_runs.csv
Symmetric wall clock,Dang,Ejection ON,pr299_gen2_m4,1,2500,22.703178775001103,22.703178775001103,2543,4309.0,4457.0,3.320619250617007,24009.42929457422,75,22.457656899998256,0.2455218750028507,True,True,time_limit_guard_at_iteration_boundary,True,2,04_symmetric_wall_clock_ejection_on_off/on/raw_runs.csv
Symmetric wall clock,Dang,Ejection ON,pr299_gen2_m4,2,2500,22.703178775001103,22.703178775001103,2430,4455.0,4457.0,0.044873233116446,24026.914067020112,81,22.46512509999593,0.238053675005176,True,True,time_limit_guard_at_iteration_boundary,True,2,04_symmetric_wall_clock_ejection_on_off/on/raw_runs.csv
Symmetric wall clock,Dang,Ejection ON,pr299_gen2_m4,3,2500,22.703178775001103,22.703178775001103,2375,4355.0,4457.0,2.288534888938748,23995.14104468286,75,22.464840099994035,0.2383386750070713,True,True,time_limit_guard_at_iteration_boundary,True,2,04_symmetric_wall_clock_ejection_on_off/on/raw_runs.csv
Symmetric wall clock,Dang,Ejection ON,pr299_gen3_m2,0,2500,81.9937711249986,81.9937711249986,2214,5038.0,5729.0,12.061441787397452,24068.075369649123,135,78.7553071999937,3.238463925004908,True,True,time_limit_guard_at_iteration_boundary,True,2,04_symmetric_wall_clock_ejection_on_off/on/raw_runs.csv
Symmetric wall clock,Dang,Ejection ON,pr299_gen3_m2,1,2500,81.9937711249986,81.9937711249986,2272,4690.0,5729.0,18.13580031419096,24067.836610895534,125,76.6653196000043,5.328451524994307,True,True,time_limit_guard_at_iteration_boundary,True,2,04_symmetric_wall_clock_ejection_on_off/on/raw_runs.csv
Symmetric wall clock,Dang,Ejection ON,pr299_gen3_m2,2,2500,81.9937711249986,81.9937711249986,2371,5038.0,5729.0,12.061441787397452,24068.075369649123,135,80.11910829999397,1.8746628250046344,True,True,time_limit_guard_at_iteration_boundary,True,2,04_symmetric_wall_clock_ejection_on_off/on/raw_runs.csv
Symmetric wall clock,Dang,Ejection ON,pr299_gen3_m2,3,2500,81.9937711249986,81.9937711249986,2319,5038.0,5729.0,12.061441787397452,24068.075369649123,135,76.39803930000198,5.595731824996619,True,True,time_limit_guard_at_iteration_boundary,True,2,04_symmetric_wall_clock_ejection_on_off/on/raw_runs.csv
Symmetric wall clock,Dang,Ejection ON,pr299_gen3_m3,0,2500,42.186979050000446,42.186979050000446,2648,3376.0,3655.0,7.633378932968537,24083.19938093294,102,40.8953107999987,1.291668250001749,True,True,time_limit_guard_at_iteration_boundary,True,2,04_symmetric_wall_clock_ejection_on_off/on/raw_runs.csv
Symmetric wall clock,Dang,Ejection ON,pr299_gen3_m3,1,2500,42.186979050000446,42.186979050000446,2350,3354.0,3655.0,8.235294117647058,24037.40961634927,105,41.16977610000322,1.0172029499972268,True,True,time_limit_guard_at_iteration_boundary,True,2,04_symmetric_wall_clock_ejection_on_off/on/raw_runs.csv
Symmetric wall clock,Dang,Ejection ON,pr299_gen3_m3,2,2500,42.186979050000446,42.186979050000446,2887,3394.0,3655.0,7.140902872777017,24060.096570859954,99,41.03979750000144,1.1471815499990043,True,True,time_limit_guard_at_iteration_boundary,True,2,04_symmetric_wall_clock_ejection_on_off/on/raw_runs.csv
Symmetric wall clock,Dang,Ejection ON,pr299_gen3_m3,3,2500,42.186979050000446,42.186979050000446,3002,3461.0,3655.0,5.307797537619699,24070.97083011054,100,40.39228770000045,1.7946913499999937,True,True,time_limit_guard_at_iteration_boundary,True,2,04_symmetric_wall_clock_ejection_on_off/on/raw_runs.csv
Symmetric wall clock,Dang,Ejection ON,pr299_gen3_m4,0,2500,24.62048084999969,24.62048084999969,2207,2237.0,2268.0,1.3668430335097002,23938.575650611016,77,24.37355240000033,0.2469284499993591,True,True,time_limit_guard_at_iteration_boundary,True,2,04_symmetric_wall_clock_ejection_on_off/on/raw_runs.csv
Symmetric wall clock,Dang,Ejection ON,pr299_gen3_m4,1,2500,24.62048084999969,24.62048084999969,2381,2235.0,2268.0,1.4550264550264551,23955.90983129221,77,24.379299599997463,0.2411812500022279,True,True,time_limit_guard_at_iteration_boundary,True,2,04_symmetric_wall_clock_ejection_on_off/on/raw_runs.csv
Symmetric wall clock,Dang,Ejection ON,pr299_gen3_m4,2,2500,24.62048084999969,24.62048084999969,2794,2244.0,2268.0,1.058201058201058,24029.213578519182,80,24.37365700000373,0.2468238499959625,True,True,time_limit_guard_at_iteration_boundary,True,2,04_symmetric_wall_clock_ejection_on_off/on/raw_runs.csv
Symmetric wall clock,Dang,Ejection ON,pr299_gen3_m4,3,2500,24.62048084999969,24.62048084999969,2740,2244.0,2268.0,1.058201058201058,24018.897845587548,80,24.374646699994628,0.2458341500050664,True,True,time_limit_guard_at_iteration_boundary,True,2,04_symmetric_wall_clock_ejection_on_off/on/raw_runs.csv
Symmetric wall clock,Dang,Ejection ON,rat195_gen2_m2,0,2500,25.94742977500209,25.94742977500209,2568,4763.0,5148.0,7.478632478632479,1161.1397511322637,78,25.233567300005237,0.7138624749968585,True,True,time_limit_guard_at_iteration_boundary,True,2,04_symmetric_wall_clock_ejection_on_off/on/raw_runs.csv
Symmetric wall clock,Dang,Ejection ON,rat195_gen2_m2,1,2500,25.94742977500209,25.94742977500209,2463,4867.0,5148.0,5.458430458430459,1160.7067743585403,84,25.703354299999774,0.2440754750023188,True,True,time_limit_guard_at_iteration_boundary,True,2,04_symmetric_wall_clock_ejection_on_off/on/raw_runs.csv
Symmetric wall clock,Dang,Ejection ON,rat195_gen2_m2,2,2500,25.94742977500209,25.94742977500209,2793,5071.0,5148.0,1.4957264957264955,1160.5869575032757,81,25.699545800001943,0.2478839750001498,True,True,time_limit_guard_at_iteration_boundary,True,2,04_symmetric_wall_clock_ejection_on_off/on/raw_runs.csv
Symmetric wall clock,Dang,Ejection ON,rat195_gen2_m2,3,2500,25.94742977500209,25.94742977500209,2611,5059.0,5148.0,1.7288267288267287,1161.1333644135552,83,25.69843169999513,0.2489980750069662,True,True,time_limit_guard_at_iteration_boundary,True,2,04_symmetric_wall_clock_ejection_on_off/on/raw_runs.csv
Symmetric wall clock,Dang,Ejection ON,rat195_gen3_m3,0,2500,22.23391784999967,22.23391784999967,2626,2545.0,2574.0,1.1266511266511263,1156.8895425074418,79,21.994262100000924,0.2396557499987466,True,True,time_limit_guard_at_iteration_boundary,True,2,04_symmetric_wall_clock_ejection_on_off/on/raw_runs.csv
Symmetric wall clock,Dang,Ejection ON,rat195_gen3_m3,1,2500,22.23391784999967,22.23391784999967,2362,2529.0,2574.0,1.7482517482517483,1157.2523909704926,80,21.067272200001756,1.1666456499979176,True,True,time_limit_guard_at_iteration_boundary,True,2,04_symmetric_wall_clock_ejection_on_off/on/raw_runs.csv
Symmetric wall clock,Dang,Ejection ON,rat195_gen3_m3,2,2500,22.23391784999967,22.23391784999967,2704,2540.0,2574.0,1.320901320901321,1156.7640828724448,79,21.984937799999894,0.2489800499997727,True,True,time_limit_guard_at_iteration_boundary,True,2,04_symmetric_wall_clock_ejection_on_off/on/raw_runs.csv
Symmetric wall clock,Dang,Ejection ON,rat195_gen3_m3,3,2500,22.23391784999967,22.23391784999967,2532,2545.0,2574.0,1.1266511266511263,1156.8895425074418,79,21.319471800001335,0.9144460499983325,True,True,time_limit_guard_at_iteration_boundary,True,2,04_symmetric_wall_clock_ejection_on_off/on/raw_runs.csv
Symmetric wall clock,Dang,Ejection ON,rd400_gen1_m2,0,2500,134.15906689999974,134.15906689999974,2547,214.0,232.0,7.758620689655173,7617.290752002707,214,133.52871840000444,0.6303484999953071,True,True,time_limit_guard_at_iteration_boundary,True,2,04_symmetric_wall_clock_ejection_on_off/on/raw_runs.csv
Symmetric wall clock,Dang,Ejection ON,rd400_gen1_m2,1,2500,134.15906689999974,134.15906689999974,2597,228.0,232.0,1.7241379310344829,7587.083607899593,228,133.56676330000482,0.5923035999949207,True,True,time_limit_guard_at_iteration_boundary,True,2,04_symmetric_wall_clock_ejection_on_off/on/raw_runs.csv
Symmetric wall clock,Dang,Ejection ON,rd400_gen1_m2,2,2500,134.15906689999974,134.15906689999974,2508,216.0,232.0,6.896551724137931,7587.332423529115,216,133.51025579999987,0.6488110999998753,True,True,time_limit_guard_at_iteration_boundary,True,2,04_symmetric_wall_clock_ejection_on_off/on/raw_runs.csv
Symmetric wall clock,Dang,Ejection ON,rd400_gen1_m2,3,2500,134.15906689999974,134.15906689999974,2636,217.0,232.0,6.465517241379311,7561.293226844881,217,133.49162429999706,0.667442600002687,True,True,time_limit_guard_at_iteration_boundary,True,2,04_symmetric_wall_clock_ejection_on_off/on/raw_runs.csv
Symmetric wall clock,Dang,Ejection ON,rd400_gen1_m3,0,2500,114.18073417499907,114.18073417499907,2519,212.0,224.0,5.357142857142857,7622.948557851854,212,113.6228897999972,0.5578443750018778,True,True,time_limit_guard_at_iteration_boundary,True,2,04_symmetric_wall_clock_ejection_on_off/on/raw_runs.csv
Symmetric wall clock,Dang,Ejection ON,rd400_gen1_m3,1,2500,114.18073417499907,114.18073417499907,2411,213.0,224.0,4.910714285714286,7596.061496273805,213,113.6362227999998,0.5445113749992743,True,True,time_limit_guard_at_iteration_boundary,True,2,04_symmetric_wall_clock_ejection_on_off/on/raw_runs.csv
Symmetric wall clock,Dang,Ejection ON,rd400_gen1_m3,2,2500,114.18073417499907,114.18073417499907,2782,204.0,224.0,8.928571428571429,7610.705633408948,204,113.64285540000128,0.5378787749978073,True,True,time_limit_guard_at_iteration_boundary,True,2,04_symmetric_wall_clock_ejection_on_off/on/raw_runs.csv
Symmetric wall clock,Dang,Ejection ON,rd400_gen1_m3,3,2500,114.18073417499907,114.18073417499907,2606,208.0,224.0,7.142857142857143,7582.972534727955,208,113.63613639999676,0.5445977750023303,True,True,time_limit_guard_at_iteration_boundary,True,2,04_symmetric_wall_clock_ejection_on_off/on/raw_runs.csv
Symmetric wall clock,Dang,Ejection ON,rd400_gen1_m4,0,2500,94.98835320000036,94.98835320000036,2687,200.0,213.0,6.103286384976526,7548.330618267632,200,94.5236184000023,0.4647347999980411,True,True,time_limit_guard_at_iteration_boundary,True,2,04_symmetric_wall_clock_ejection_on_off/on/raw_runs.csv
Symmetric wall clock,Dang,Ejection ON,rd400_gen1_m4,1,2500,94.98835320000036,94.98835320000036,2579,203.0,213.0,4.694835680751174,7607.69271494849,203,94.56666799999948,0.4216852000008657,True,True,time_limit_guard_at_iteration_boundary,True,2,04_symmetric_wall_clock_ejection_on_off/on/raw_runs.csv
Symmetric wall clock,Dang,Ejection ON,rd400_gen1_m4,2,2500,94.98835320000036,94.98835320000036,2514,198.0,213.0,7.042253521126761,7619.08168120912,198,94.51512930000172,0.4732238999986293,True,True,time_limit_guard_at_iteration_boundary,True,2,04_symmetric_wall_clock_ejection_on_off/on/raw_runs.csv
Symmetric wall clock,Dang,Ejection ON,rd400_gen1_m4,3,2500,94.98835320000036,94.98835320000036,2564,197.0,213.0,7.511737089201878,7559.750439585323,197,94.55158690000098,0.4367662999993627,True,True,time_limit_guard_at_iteration_boundary,True,2,04_symmetric_wall_clock_ejection_on_off/on/raw_runs.csv
Symmetric wall clock,Dang,Ejection ON,rd400_gen2_m2,0,2500,161.45456469999954,161.45456469999954,2127,12359.0,13045.0,5.258719816021464,7637.621300866987,201,153.5262614000021,7.928303299997424,True,True,time_limit_guard_at_iteration_boundary,True,2,04_symmetric_wall_clock_ejection_on_off/on/raw_runs.csv
Symmetric wall clock,Dang,Ejection ON,rd400_gen2_m2,1,2500,161.45456469999954,161.45456469999954,2301,12360.0,13045.0,5.251054043694903,7635.3770486012145,196,156.9496055999989,4.504959100000633,True,True,time_limit_guard_at_iteration_boundary,True,2,04_symmetric_wall_clock_ejection_on_off/on/raw_runs.csv
Symmetric wall clock,Dang,Ejection ON,rd400_gen2_m2,2,2500,161.45456469999954,161.45456469999954,2157,12054.0,13045.0,7.596780375622844,7631.061955086223,196,159.35875939999823,2.0958053000013024,True,True,time_limit_guard_at_iteration_boundary,True,2,04_symmetric_wall_clock_ejection_on_off/on/raw_runs.csv
Symmetric wall clock,Dang,Ejection ON,rd400_gen2_m2,3,2500,161.45456469999954,161.45456469999954,2362,12298.0,13045.0,5.72633192794174,7635.374672480772,201,159.96525190000102,1.4893127999985154,True,True,time_limit_guard_at_iteration_boundary,True,2,04_symmetric_wall_clock_ejection_on_off/on/raw_runs.csv
Symmetric wall clock,Dang,Ejection ON,rd400_gen2_m3,0,2500,130.0322764499997,130.0322764499997,2700,11656.0,12646.0,7.8285623912699664,7630.808089326358,195,129.39742889999616,0.634847550003542,True,True,time_limit_guard_at_iteration_boundary,True,2,04_symmetric_wall_clock_ejection_on_off/on/raw_runs.csv
Symmetric wall clock,Dang,Ejection ON,rd400_gen2_m3,1,2500,130.0322764499997,130.0322764499997,2470,11768.0,12646.0,6.942906848015182,7634.002646216504,196,129.38824169999862,0.644034750001083,True,True,time_limit_guard_at_iteration_boundary,True,2,04_symmetric_wall_clock_ejection_on_off/on/raw_runs.csv
Symmetric wall clock,Dang,Ejection ON,rd400_gen2_m3,2,2500,130.0322764499997,130.0322764499997,2455,11975.0,12646.0,5.306025620749645,7634.090754064706,197,125.53122050000091,4.501055949998772,True,True,time_limit_guard_at_iteration_boundary,True,2,04_symmetric_wall_clock_ejection_on_off/on/raw_runs.csv
Symmetric wall clock,Dang,Ejection ON,rd400_gen2_m3,3,2500,130.0322764499997,130.0322764499997,2623,11837.0,12646.0,6.397279772260003,7636.527628165624,197,129.44959139999992,0.5826850499997818,True,True,time_limit_guard_at_iteration_boundary,True,2,04_symmetric_wall_clock_ejection_on_off/on/raw_runs.csv
Symmetric wall clock,Dang,Ejection ON,rd400_gen2_m4,0,2500,94.23947462500018,94.23947462500018,2554,10940.0,12032.0,9.075797872340424,7604.913397797174,182,93.80287929999758,0.4365953250025995,True,True,time_limit_guard_at_iteration_boundary,True,2,04_symmetric_wall_clock_ejection_on_off/on/raw_runs.csv
Symmetric wall clock,Dang,Ejection ON,rd400_gen2_m4,1,2500,94.23947462500018,94.23947462500018,2615,10616.0,12032.0,11.768617021276595,7632.273861892711,180,93.81517000000169,0.4243046249985127,True,True,time_limit_guard_at_iteration_boundary,True,2,04_symmetric_wall_clock_ejection_on_off/on/raw_runs.csv
Symmetric wall clock,Dang,Ejection ON,rd400_gen2_m4,2,2500,94.23947462500018,94.23947462500018,2246,10764.0,12032.0,10.538563829787234,7629.4450929961,187,93.78819189999922,0.451282725000965,True,True,time_limit_guard_at_iteration_boundary,True,2,04_symmetric_wall_clock_ejection_on_off/on/raw_runs.csv
Symmetric wall clock,Dang,Ejection ON,rd400_gen2_m4,3,2500,94.23947462500018,94.23947462500018,2616,11298.0,12032.0,6.100398936170213,7632.5280412629245,184,93.76960240000336,0.4698722249968341,True,True,time_limit_guard_at_iteration_boundary,True,2,04_symmetric_wall_clock_ejection_on_off/on/raw_runs.csv
Symmetric wall clock,Dang,Ejection ON,rd400_gen3_m2,0,2500,158.46097782500055,158.46097782500055,2669,11982.0,12431.0,3.611937897192503,7637.598750915335,212,157.69208430000435,0.7688935249962014,True,True,time_limit_guard_at_iteration_boundary,True,2,04_symmetric_wall_clock_ejection_on_off/on/raw_runs.csv
Symmetric wall clock,Dang,Ejection ON,rd400_gen3_m2,1,2500,158.46097782500055,158.46097782500055,2501,11840.0,12431.0,4.754243423698817,7633.734813564966,200,153.33642160000454,5.124556224996013,True,True,time_limit_guard_at_iteration_boundary,True,2,04_symmetric_wall_clock_ejection_on_off/on/raw_runs.csv
Symmetric wall clock,Dang,Ejection ON,rd400_gen3_m2,2,2500,158.46097782500055,158.46097782500055,2577,11886.0,12431.0,4.384200788351701,7631.49105490828,206,152.7100363999998,5.750941425000747,True,True,time_limit_guard_at_iteration_boundary,True,2,04_symmetric_wall_clock_ejection_on_off/on/raw_runs.csv
Symmetric wall clock,Dang,Ejection ON,rd400_gen3_m2,3,2500,158.46097782500055,158.46097782500055,2166,12029.0,12431.0,3.233850856729145,7636.298947273844,208,157.69859480000014,0.7623830250004175,True,True,time_limit_guard_at_iteration_boundary,True,2,04_symmetric_wall_clock_ejection_on_off/on/raw_runs.csv
Symmetric wall clock,Dang,Ejection ON,rd400_gen3_m3,0,2500,121.5379268250008,121.5379268250008,2620,10769.0,11639.0,7.474868974997852,7640.070102711605,196,120.93168660000084,0.606240224999965,True,True,time_limit_guard_at_iteration_boundary,True,2,04_symmetric_wall_clock_ejection_on_off/on/raw_runs.csv
Symmetric wall clock,Dang,Ejection ON,rd400_gen3_m3,1,2500,121.5379268250008,121.5379268250008,2424,10616.0,11639.0,8.789414898187129,7633.040375192546,197,120.958023399995,0.5799034250057957,True,True,time_limit_guard_at_iteration_boundary,True,2,04_symmetric_wall_clock_ejection_on_off/on/raw_runs.csv
Symmetric wall clock,Dang,Ejection ON,rd400_gen3_m3,2,2500,121.5379268250008,121.5379268250008,2285,10791.0,11639.0,7.285849299768021,7637.494084338485,205,117.56270790000416,3.975218924996625,True,True,time_limit_guard_at_iteration_boundary,True,2,04_symmetric_wall_clock_ejection_on_off/on/raw_runs.csv
Symmetric wall clock,Dang,Ejection ON,rd400_gen3_m3,3,2500,121.5379268250008,121.5379268250008,2494,10700.0,11639.0,8.067703410945958,7638.543598064836,200,119.2253481000007,2.312578725000094,True,True,time_limit_guard_at_iteration_boundary,True,2,04_symmetric_wall_clock_ejection_on_off/on/raw_runs.csv
Symmetric wall clock,Dang,Ejection ON,rd400_gen3_m4,0,2500,97.38319002499976,97.38319002499976,2843,9403.0,10436.0,9.898428516673055,7607.195299518034,181,96.90747430000192,0.4757157249978263,True,True,time_limit_guard_at_iteration_boundary,True,2,04_symmetric_wall_clock_ejection_on_off/on/raw_runs.csv
Symmetric wall clock,Dang,Ejection ON,rd400_gen3_m4,1,2500,97.38319002499976,97.38319002499976,2302,9319.0,10436.0,10.703334610962054,7624.34911748869,195,96.91954919999988,0.4636408249998567,True,True,time_limit_guard_at_iteration_boundary,True,2,04_symmetric_wall_clock_ejection_on_off/on/raw_runs.csv
Symmetric wall clock,Dang,Ejection ON,rd400_gen3_m4,2,2500,97.38319002499976,97.38319002499976,2244,9317.0,10436.0,10.72249904177846,7632.076334822112,195,96.9295506999988,0.4536393250009496,True,True,time_limit_guard_at_iteration_boundary,True,2,04_symmetric_wall_clock_ejection_on_off/on/raw_runs.csv
Symmetric wall clock,Dang,Ejection ON,rd400_gen3_m4,3,2500,97.38319002499976,97.38319002499976,2730,9561.0,10436.0,8.38443848217708,7627.333739585407,183,96.93065119999665,0.4525388250031028,True,True,time_limit_guard_at_iteration_boundary,True,2,04_symmetric_wall_clock_ejection_on_off/on/raw_runs.csv
Symmetric wall clock,Dang,Ejection ON,ts225_gen2_m2,0,2500,37.26226475000021,37.26226475000021,2087,5708.0,5859.0,2.577231609489674,63147.257632544206,108,35.647382299997844,1.6148824500023693,True,True,time_limit_guard_at_iteration_boundary,True,2,04_symmetric_wall_clock_ejection_on_off/on/raw_runs.csv
Symmetric wall clock,Dang,Ejection ON,ts225_gen2_m2,1,2500,37.26226475000021,37.26226475000021,2859,5859.0,5859.0,0.0,62975.68475729039,108,37.01583049999317,0.2464342500070415,True,True,time_limit_guard_at_iteration_boundary,True,2,04_symmetric_wall_clock_ejection_on_off/on/raw_runs.csv
Symmetric wall clock,Dang,Ejection ON,ts225_gen2_m2,2,2500,37.26226475000021,37.26226475000021,2786,5831.0,5859.0,0.4778972520908005,63202.19507222369,107,36.082270300001255,1.179994449998958,True,True,time_limit_guard_at_iteration_boundary,True,2,04_symmetric_wall_clock_ejection_on_off/on/raw_runs.csv
Symmetric wall clock,Dang,Ejection ON,ts225_gen2_m2,3,2500,37.26226475000021,37.26226475000021,3182,5666.0,5859.0,3.294077487625875,63227.03520989542,103,37.02310609999404,0.2391586500061748,True,True,time_limit_guard_at_iteration_boundary,True,2,04_symmetric_wall_clock_ejection_on_off/on/raw_runs.csv
