size,instance,config,iteration,mean_gap_percent,min_gap_percent,max_gap_percent,n_seeds
small,bier127_gen1_m3,k100_l1,0,10.679611650485436,10.679611650485436,10.679611650485436,2
small,bier127_gen1_m3,k100_l1,50,3.883495145631068,3.883495145631068,3.883495145631068,2
small,bier127_gen1_m3,k100_l1,100,3.883495145631068,3.883495145631068,3.883495145631068,2
small,bier127_gen1_m3,k100_l1,150,3.3980582524271847,2.912621359223301,3.883495145631068,2
small,bier127_gen1_m3,k100_l1,200,3.3980582524271847,2.912621359223301,3.883495145631068,2
small,bier127_gen1_m3,k100_l1,250,3.3980582524271847,2.912621359223301,3.883495145631068,2
small,bier127_gen1_m3,k100_l1,300,3.3980582524271847,2.912621359223301,3.883495145631068,2
small,bier127_gen1_m3,k100_l1,350,2.912621359223301,2.912621359223301,2.912621359223301,2
small,bier127_gen1_m3,k100_l1,400,2.912621359223301,2.912621359223301,2.912621359223301,2
small,bier127_gen1_m3,k100_l1,450,2.4271844660194173,1.941747572815534,2.912621359223301,2
small,bier127_gen1_m3,k100_l1,500,1.941747572815534,1.941747572815534,1.941747572815534,2
small,bier127_gen1_m3,k100_l1,550,1.4563106796116505,0.970873786407767,1.941747572815534,2
small,bier127_gen1_m3,k100_l1,600,1.4563106796116505,0.970873786407767,1.941747572815534,2
small,bier127_gen1_m3,k100_l1,650,1.4563106796116505,0.970873786407767,1.941747572815534,2
small,bier127_gen1_m3,k100_l1,700,1.4563106796116505,0.970873786407767,1.941747572815534,2
small,bier127_gen1_m3,k100_l1,750,0.970873786407767,0.970873786407767,0.970873786407767,2
small,bier127_gen1_m3,k100_l1,800,0.970873786407767,0.970873786407767,0.970873786407767,2
small,bier127_gen1_m3,k100_l1,850,0.970873786407767,0.970873786407767,0.970873786407767,2
small,bier127_gen1_m3,k100_l1,900,0.970873786407767,0.970873786407767,0.970873786407767,2
small,bier127_gen1_m3,k100_l1,950,0.970873786407767,0.970873786407767,0.970873786407767,2
small,bier127_gen1_m3,k100_l1,1000,0.970873786407767,0.970873786407767,0.970873786407767,2
small,bier127_gen1_m3,k100_l1,1050,0.970873786407767,0.970873786407767,0.970873786407767,2
small,bier127_gen1_m3,k100_l1,1100,0.970873786407767,0.970873786407767,0.970873786407767,2
small,bier127_gen1_m3,k100_l1,1150,0.970873786407767,0.970873786407767,0.970873786407767,2
small,bier127_gen1_m3,k100_l1,1200,0.970873786407767,0.970873786407767,0.970873786407767,2
small,bier127_gen1_m3,k100_l1,1250,0.970873786407767,0.970873786407767,0.970873786407767,2
small,bier127_gen1_m3,k100_l1,1300,0.970873786407767,0.970873786407767,0.970873786407767,2
small,bier127_gen1_m3,k100_l1,1350,0.970873786407767,0.970873786407767,0.970873786407767,2
small,bier127_gen1_m3,k100_l1,1400,0.4854368932038835,0.0,0.970873786407767,2
small,bier127_gen1_m3,k100_l1,1450,0.4854368932038835,0.0,0.970873786407767,2
small,bier127_gen1_m3,k100_l1,1500,0.4854368932038835,0.0,0.970873786407767,2
small,bier127_gen1_m3,k100_l1,1550,0.4854368932038835,0.0,0.970873786407767,2
small,bier127_gen1_m3,k100_l1,1600,0.4854368932038835,0.0,0.970873786407767,2
small,bier127_gen1_m3,k100_l1,1650,0.4854368932038835,0.0,0.970873786407767,2
small,bier127_gen1_m3,k100_l1,1700,0.4854368932038835,0.0,0.970873786407767,2
small,bier127_gen1_m3,k100_l1,1750,0.4854368932038835,0.0,0.970873786407767,2
small,bier127_gen1_m3,k100_l1,1800,0.4854368932038835,0.0,0.970873786407767,2
small,bier127_gen1_m3,k100_l1,1850,0.4854368932038835,0.0,0.970873786407767,2
small,bier127_gen1_m3,k100_l1,1900,0.4854368932038835,0.0,0.970873786407767,2
small,bier127_gen1_m3,k100_l1,1950,0.4854368932038835,0.0,0.970873786407767,2
small,bier127_gen1_m3,k100_l1,2000,0.4854368932038835,0.0,0.970873786407767,2
small,bier127_gen1_m3,k100_l1,2050,0.4854368932038835,0.0,0.970873786407767,2
small,bier127_gen1_m3,k100_l1,2100,0.4854368932038835,0.0,0.970873786407767,2
small,bier127_gen1_m3,k100_l1,2150,0.4854368932038835,0.0,0.970873786407767,2
small,bier127_gen1_m3,k100_l1,2200,0.4854368932038835,0.0,0.970873786407767,2
small,bier127_gen1_m3,k100_l1,2250,0.4854368932038835,0.0,0.970873786407767,2
small,bier127_gen1_m3,k100_l1,2300,0.4854368932038835,0.0,0.970873786407767,2
small,bier127_gen1_m3,k100_l1,2350,0.4854368932038835,0.0,0.970873786407767,2
small,bier127_gen1_m3,k100_l1,2400,0.4854368932038835,0.0,0.970873786407767,2
small,bier127_gen1_m3,k100_l1,2450,0.4854368932038835,0.0,0.970873786407767,2
small,bier127_gen1_m3,k100_l1,2500,0.4854368932038835,0.0,0.970873786407767,2
small,bier127_gen1_m3,k100_l1,2550,0.4854368932038835,0.0,0.970873786407767,2
small,bier127_gen1_m3,k100_l1,2600,0.4854368932038835,0.0,0.970873786407767,2
small,bier127_gen1_m3,k100_l1,2650,0.4854368932038835,0.0,0.970873786407767,2
small,bier127_gen1_m3,k100_l1,2700,0.4854368932038835,0.0,0.970873786407767,2
small,bier127_gen1_m3,k100_l1,2750,0.4854368932038835,0.0,0.970873786407767,2
small,bier127_gen1_m3,k100_l1,2800,0.4854368932038835,0.0,0.970873786407767,2
small,bier127_gen1_m3,k100_l1,2850,0.4854368932038835,0.0,0.970873786407767,2
small,bier127_gen1_m3,k100_l1,2900,0.4854368932038835,0.0,0.970873786407767,2
small,bier127_gen1_m3,k100_l1,2950,0.4854368932038835,0.0,0.970873786407767,2
small,bier127_gen1_m3,k100_l1,3000,0.4854368932038835,0.0,0.970873786407767,2
small,bier127_gen1_m3,k100_l1,3050,0.4854368932038835,0.0,0.970873786407767,2
small,bier127_gen1_m3,k100_l1,3100,0.4854368932038835,0.0,0.970873786407767,2
small,bier127_gen1_m3,k100_l1,3150,0.4854368932038835,0.0,0.970873786407767,2
small,bier127_gen1_m3,k100_l1,3200,0.4854368932038835,0.0,0.970873786407767,2
small,bier127_gen1_m3,k100_l1,3250,0.4854368932038835,0.0,0.970873786407767,2
small,bier127_gen1_m3,k100_l1,3300,0.4854368932038835,0.0,0.970873786407767,2
small,bier127_gen1_m3,k100_l1,3350,0.4854368932038835,0.0,0.970873786407767,2
small,bier127_gen1_m3,k100_l1,3400,0.4854368932038835,0.0,0.970873786407767,2
small,bier127_gen1_m3,k100_l1,3450,0.4854368932038835,0.0,0.970873786407767,2
small,bier127_gen1_m3,k100_l1,3500,0.4854368932038835,0.0,0.970873786407767,2
small,bier127_gen1_m3,k100_l1,3550,0.4854368932038835,0.0,0.970873786407767,2
small,bier127_gen1_m3,k100_l1,3600,0.4854368932038835,0.0,0.970873786407767,2
small,bier127_gen1_m3,k100_l1,3650,0.4854368932038835,0.0,0.970873786407767,2
small,bier127_gen1_m3,k100_l1,3700,0.4854368932038835,0.0,0.970873786407767,2
small,bier127_gen1_m3,k100_l1,3750,0.4854368932038835,0.0,0.970873786407767,2
small,bier127_gen1_m3,k100_l1,3800,0.4854368932038835,0.0,0.970873786407767,2
small,bier127_gen1_m3,k100_l1,3850,0.4854368932038835,0.0,0.970873786407767,2
small,bier127_gen1_m3,k100_l1,3900,0.4854368932038835,0.0,0.970873786407767,2
small,bier127_gen1_m3,k100_l1,3950,0.4854368932038835,0.0,0.970873786407767,2
small,bier127_gen1_m3,k100_l1,4000,0.4854368932038835,0.0,0.970873786407767,2
small,bier127_gen1_m3,k100_l1,4050,0.4854368932038835,0.0,0.970873786407767,2
small,bier127_gen1_m3,k100_l1,4100,0.4854368932038835,0.0,0.970873786407767,2
small,bier127_gen1_m3,k100_l1,4150,0.4854368932038835,0.0,0.970873786407767,2
small,bier127_gen1_m3,k100_l1,4200,0.4854368932038835,0.0,0.970873786407767,2
small,bier127_gen1_m3,k100_l1,4250,0.4854368932038835,0.0,0.970873786407767,2
small,bier127_gen1_m3,k100_l1,4300,0.4854368932038835,0.0,0.970873786407767,2
small,bier127_gen1_m3,k100_l1,4350,0.4854368932038835,0.0,0.970873786407767,2
small,bier127_gen1_m3,k100_l1,4400,0.4854368932038835,0.0,0.970873786407767,2
small,bier127_gen1_m3,k100_l1,4450,0.4854368932038835,0.0,0.970873786407767,2
small,bier127_gen1_m3,k100_l1,4500,0.4854368932038835,0.0,0.970873786407767,2
small,bier127_gen1_m3,k100_l1,4550,0.4854368932038835,0.0,0.970873786407767,2
small,bier127_gen1_m3,k100_l1,4600,0.4854368932038835,0.0,0.970873786407767,2
small,bier127_gen1_m3,k100_l1,4650,0.4854368932038835,0.0,0.970873786407767,2
small,bier127_gen1_m3,k100_l1,4700,0.4854368932038835,0.0,0.970873786407767,2
small,bier127_gen1_m3,k100_l1,4750,0.4854368932038835,0.0,0.970873786407767,2
small,bier127_gen1_m3,k100_l1,4800,0.4854368932038835,0.0,0.970873786407767,2
small,bier127_gen1_m3,k100_l1,4850,0.4854368932038835,0.0,0.970873786407767,2
small,bier127_gen1_m3,k100_l1,4900,0.4854368932038835,0.0,0.970873786407767,2
small,bier127_gen1_m3,k100_l1,4950,0.4854368932038835,0.0,0.970873786407767,2
small,bier127_gen1_m3,k100_l1,5000,0.4854368932038835,0.0,0.970873786407767,2
small,bier127_gen1_m3,k100_l3,0,10.679611650485436,10.679611650485436,10.679611650485436,2
small,bier127_gen1_m3,k100_l3,50,3.3980582524271847,2.912621359223301,3.883495145631068,2
small,bier127_gen1_m3,k100_l3,100,3.3980582524271847,2.912621359223301,3.883495145631068,2
small,bier127_gen1_m3,k100_l3,150,3.3980582524271847,2.912621359223301,3.883495145631068,2
small,bier127_gen1_m3,k100_l3,200,2.912621359223301,2.912621359223301,2.912621359223301,2
small,bier127_gen1_m3,k100_l3,250,2.912621359223301,2.912621359223301,2.912621359223301,2
small,bier127_gen1_m3,k100_l3,300,2.912621359223301,2.912621359223301,2.912621359223301,2
small,bier127_gen1_m3,k100_l3,350,2.912621359223301,2.912621359223301,2.912621359223301,2
small,bier127_gen1_m3,k100_l3,400,2.912621359223301,2.912621359223301,2.912621359223301,2
small,bier127_gen1_m3,k100_l3,450,2.912621359223301,2.912621359223301,2.912621359223301,2
small,bier127_gen1_m3,k100_l3,500,2.912621359223301,2.912621359223301,2.912621359223301,2
small,bier127_gen1_m3,k100_l3,550,2.912621359223301,2.912621359223301,2.912621359223301,2
small,bier127_gen1_m3,k100_l3,600,2.912621359223301,2.912621359223301,2.912621359223301,2
small,bier127_gen1_m3,k100_l3,650,2.912621359223301,2.912621359223301,2.912621359223301,2
small,bier127_gen1_m3,k100_l3,700,2.912621359223301,2.912621359223301,2.912621359223301,2
small,bier127_gen1_m3,k100_l3,750,2.912621359223301,2.912621359223301,2.912621359223301,2
small,bier127_gen1_m3,k100_l3,800,2.912621359223301,2.912621359223301,2.912621359223301,2
small,bier127_gen1_m3,k100_l3,850,2.912621359223301,2.912621359223301,2.912621359223301,2
small,bier127_gen1_m3,k100_l3,900,2.912621359223301,2.912621359223301,2.912621359223301,2
small,bier127_gen1_m3,k100_l3,950,2.912621359223301,2.912621359223301,2.912621359223301,2
small,bier127_gen1_m3,k100_l3,1000,2.912621359223301,2.912621359223301,2.912621359223301,2
small,bier127_gen1_m3,k100_l3,1050,2.912621359223301,2.912621359223301,2.912621359223301,2
small,bier127_gen1_m3,k100_l3,1100,2.912621359223301,2.912621359223301,2.912621359223301,2
small,bier127_gen1_m3,k100_l3,1150,2.4271844660194173,1.941747572815534,2.912621359223301,2
small,bier127_gen1_m3,k100_l3,1200,2.4271844660194173,1.941747572815534,2.912621359223301,2
small,bier127_gen1_m3,k100_l3,1250,2.4271844660194173,1.941747572815534,2.912621359223301,2
small,bier127_gen1_m3,k100_l3,1300,2.4271844660194173,1.941747572815534,2.912621359223301,2
small,bier127_gen1_m3,k100_l3,1350,2.4271844660194173,1.941747572815534,2.912621359223301,2
small,bier127_gen1_m3,k100_l3,1400,2.4271844660194173,1.941747572815534,2.912621359223301,2
small,bier127_gen1_m3,k100_l3,1450,2.4271844660194173,1.941747572815534,2.912621359223301,2
small,bier127_gen1_m3,k100_l3,1500,1.941747572815534,1.941747572815534,1.941747572815534,2
small,bier127_gen1_m3,k100_l3,1550,1.941747572815534,1.941747572815534,1.941747572815534,2
small,bier127_gen1_m3,k100_l3,1600,1.941747572815534,1.941747572815534,1.941747572815534,2
small,bier127_gen1_m3,k100_l3,1650,1.941747572815534,1.941747572815534,1.941747572815534,2
small,bier127_gen1_m3,k100_l3,1700,1.941747572815534,1.941747572815534,1.941747572815534,2
small,bier127_gen1_m3,k100_l3,1750,1.941747572815534,1.941747572815534,1.941747572815534,2
small,bier127_gen1_m3,k100_l3,1800,1.941747572815534,1.941747572815534,1.941747572815534,2
small,bier127_gen1_m3,k100_l3,1850,1.941747572815534,1.941747572815534,1.941747572815534,2
small,bier127_gen1_m3,k100_l3,1900,1.941747572815534,1.941747572815534,1.941747572815534,2
small,bier127_gen1_m3,k100_l3,1950,1.941747572815534,1.941747572815534,1.941747572815534,2
small,bier127_gen1_m3,k100_l3,2000,1.941747572815534,1.941747572815534,1.941747572815534,2
small,bier127_gen1_m3,k100_l3,2050,1.941747572815534,1.941747572815534,1.941747572815534,2
small,bier127_gen1_m3,k100_l3,2100,1.941747572815534,1.941747572815534,1.941747572815534,2
small,bier127_gen1_m3,k100_l3,2150,1.941747572815534,1.941747572815534,1.941747572815534,2
small,bier127_gen1_m3,k100_l3,2200,1.941747572815534,1.941747572815534,1.941747572815534,2
small,bier127_gen1_m3,k100_l3,2250,1.941747572815534,1.941747572815534,1.941747572815534,2
small,bier127_gen1_m3,k100_l3,2300,1.941747572815534,1.941747572815534,1.941747572815534,2
small,bier127_gen1_m3,k100_l3,2350,1.941747572815534,1.941747572815534,1.941747572815534,2
small,bier127_gen1_m3,k100_l3,2400,1.941747572815534,1.941747572815534,1.941747572815534,2
small,bier127_gen1_m3,k100_l3,2450,1.941747572815534,1.941747572815534,1.941747572815534,2
small,bier127_gen1_m3,k100_l3,2500,1.941747572815534,1.941747572815534,1.941747572815534,2
small,bier127_gen1_m3,k100_l3,2550,1.941747572815534,1.941747572815534,1.941747572815534,2
small,bier127_gen1_m3,k100_l3,2600,1.941747572815534,1.941747572815534,1.941747572815534,2
small,bier127_gen1_m3,k100_l3,2650,1.941747572815534,1.941747572815534,1.941747572815534,2
small,bier127_gen1_m3,k100_l3,2700,1.941747572815534,1.941747572815534,1.941747572815534,2
small,bier127_gen1_m3,k100_l3,2750,1.4563106796116505,0.970873786407767,1.941747572815534,2
small,bier127_gen1_m3,k100_l3,2800,1.4563106796116505,0.970873786407767,1.941747572815534,2
small,bier127_gen1_m3,k100_l3,2850,1.4563106796116505,0.970873786407767,1.941747572815534,2
small,bier127_gen1_m3,k100_l3,2900,1.4563106796116505,0.970873786407767,1.941747572815534,2
small,bier127_gen1_m3,k100_l3,2950,1.4563106796116505,0.970873786407767,1.941747572815534,2
small,bier127_gen1_m3,k100_l3,3000,1.4563106796116505,0.970873786407767,1.941747572815534,2
small,bier127_gen1_m3,k100_l3,3050,1.4563106796116505,0.970873786407767,1.941747572815534,2
small,bier127_gen1_m3,k100_l3,3100,1.4563106796116505,0.970873786407767,1.941747572815534,2
small,bier127_gen1_m3,k100_l3,3150,1.4563106796116505,0.970873786407767,1.941747572815534,2
small,bier127_gen1_m3,k100_l3,3200,1.4563106796116505,0.970873786407767,1.941747572815534,2
small,bier127_gen1_m3,k100_l3,3250,1.4563106796116505,0.970873786407767,1.941747572815534,2
small,bier127_gen1_m3,k100_l3,3300,1.4563106796116505,0.970873786407767,1.941747572815534,2
small,bier127_gen1_m3,k100_l3,3350,1.4563106796116505,0.970873786407767,1.941747572815534,2
small,bier127_gen1_m3,k100_l3,3400,1.4563106796116505,0.970873786407767,1.941747572815534,2
small,bier127_gen1_m3,k100_l3,3450,0.970873786407767,0.970873786407767,0.970873786407767,2
small,bier127_gen1_m3,k100_l3,3500,0.970873786407767,0.970873786407767,0.970873786407767,2
small,bier127_gen1_m3,k100_l3,3550,0.970873786407767,0.970873786407767,0.970873786407767,2
small,bier127_gen1_m3,k100_l3,3600,0.970873786407767,0.970873786407767,0.970873786407767,2
small,bier127_gen1_m3,k100_l3,3650,0.970873786407767,0.970873786407767,0.970873786407767,2
small,bier127_gen1_m3,k100_l3,3700,0.970873786407767,0.970873786407767,0.970873786407767,2
small,bier127_gen1_m3,k100_l3,3750,0.970873786407767,0.970873786407767,0.970873786407767,2
small,bier127_gen1_m3,k100_l3,3800,0.970873786407767,0.970873786407767,0.970873786407767,2
small,bier127_gen1_m3,k100_l3,3850,0.970873786407767,0.970873786407767,0.970873786407767,2
small,bier127_gen1_m3,k100_l3,3900,0.970873786407767,0.970873786407767,0.970873786407767,2
small,bier127_gen1_m3,k100_l3,3950,0.970873786407767,0.970873786407767,0.970873786407767,2
small,bier127_gen1_m3,k100_l3,4000,0.970873786407767,0.970873786407767,0.970873786407767,2
small,bier127_gen1_m3,k100_l3,4050,0.970873786407767,0.970873786407767,0.970873786407767,2
small,bier127_gen1_m3,k100_l3,4100,0.970873786407767,0.970873786407767,0.970873786407767,2
small,bier127_gen1_m3,k100_l3,4150,0.970873786407767,0.970873786407767,0.970873786407767,2
small,bier127_gen1_m3,k100_l3,4200,0.970873786407767,0.970873786407767,0.970873786407767,2
small,bier127_gen1_m3,k100_l3,4250,0.970873786407767,0.970873786407767,0.970873786407767,2
small,bier127_gen1_m3,k100_l3,4300,0.4854368932038835,0.0,0.970873786407767,2
small,bier127_gen1_m3,k100_l3,4350,0.4854368932038835,0.0,0.970873786407767,2
small,bier127_gen1_m3,k100_l3,4400,0.4854368932038835,0.0,0.970873786407767,2
small,bier127_gen1_m3,k100_l3,4450,0.4854368932038835,0.0,0.970873786407767,2
small,bier127_gen1_m3,k100_l3,4500,0.4854368932038835,0.0,0.970873786407767,2
small,bier127_gen1_m3,k100_l3,4550,0.4854368932038835,0.0,0.970873786407767,2
small,bier127_gen1_m3,k100_l3,4600,0.4854368932038835,0.0,0.970873786407767,2
small,bier127_gen1_m3,k100_l3,4650,0.4854368932038835,0.0,0.970873786407767,2
small,bier127_gen1_m3,k100_l3,4700,0.4854368932038835,0.0,0.970873786407767,2
small,bier127_gen1_m3,k100_l3,4750,0.4854368932038835,0.0,0.970873786407767,2
small,bier127_gen1_m3,k100_l3,4800,0.4854368932038835,0.0,0.970873786407767,2
small,bier127_gen1_m3,k100_l3,4850,0.4854368932038835,0.0,0.970873786407767,2
small,bier127_gen1_m3,k100_l3,4900,0.4854368932038835,0.0,0.970873786407767,2
small,bier127_gen1_m3,k100_l3,4950,0.4854368932038835,0.0,0.970873786407767,2
small,bier127_gen1_m3,k100_l3,5000,0.4854368932038835,0.0,0.970873786407767,2
small,bier127_gen1_m3,k100_l5,0,10.679611650485436,10.679611650485436,10.679611650485436,2
small,bier127_gen1_m3,k100_l5,50,3.3980582524271847,2.912621359223301,3.883495145631068,2
small,bier127_gen1_m3,k100_l5,100,3.3980582524271847,2.912621359223301,3.883495145631068,2
small,bier127_gen1_m3,k100_l5,150,3.3980582524271847,2.912621359223301,3.883495145631068,2
small,bier127_gen1_m3,k100_l5,200,2.912621359223301,1.941747572815534,3.883495145631068,2
small,bier127_gen1_m3,k100_l5,250,2.4271844660194173,1.941747572815534,2.912621359223301,2
small,bier127_gen1_m3,k100_l5,300,2.4271844660194173,1.941747572815534,2.912621359223301,2
small,bier127_gen1_m3,k100_l5,350,2.4271844660194173,1.941747572815534,2.912621359223301,2
small,bier127_gen1_m3,k100_l5,400,2.4271844660194173,1.941747572815534,2.912621359223301,2
small,bier127_gen1_m3,k100_l5,450,2.4271844660194173,1.941747572815534,2.912621359223301,2
small,bier127_gen1_m3,k100_l5,500,2.4271844660194173,1.941747572815534,2.912621359223301,2
small,bier127_gen1_m3,k100_l5,550,2.4271844660194173,1.941747572815534,2.912621359223301,2
small,bier127_gen1_m3,k100_l5,600,2.4271844660194173,1.941747572815534,2.912621359223301,2
small,bier127_gen1_m3,k100_l5,650,2.4271844660194173,1.941747572815534,2.912621359223301,2
small,bier127_gen1_m3,k100_l5,700,2.4271844660194173,1.941747572815534,2.912621359223301,2
small,bier127_gen1_m3,k100_l5,750,2.4271844660194173,1.941747572815534,2.912621359223301,2
small,bier127_gen1_m3,k100_l5,800,1.941747572815534,1.941747572815534,1.941747572815534,2
small,bier127_gen1_m3,k100_l5,850,1.941747572815534,1.941747572815534,1.941747572815534,2
small,bier127_gen1_m3,k100_l5,900,1.941747572815534,1.941747572815534,1.941747572815534,2
small,bier127_gen1_m3,k100_l5,950,1.941747572815534,1.941747572815534,1.941747572815534,2
small,bier127_gen1_m3,k100_l5,1000,1.941747572815534,1.941747572815534,1.941747572815534,2
small,bier127_gen1_m3,k100_l5,1050,1.941747572815534,1.941747572815534,1.941747572815534,2
small,bier127_gen1_m3,k100_l5,1100,1.941747572815534,1.941747572815534,1.941747572815534,2
small,bier127_gen1_m3,k100_l5,1150,1.941747572815534,1.941747572815534,1.941747572815534,2
small,bier127_gen1_m3,k100_l5,1200,1.941747572815534,1.941747572815534,1.941747572815534,2
small,bier127_gen1_m3,k100_l5,1250,1.941747572815534,1.941747572815534,1.941747572815534,2
small,bier127_gen1_m3,k100_l5,1300,1.941747572815534,1.941747572815534,1.941747572815534,2
small,bier127_gen1_m3,k100_l5,1350,1.941747572815534,1.941747572815534,1.941747572815534,2
small,bier127_gen1_m3,k100_l5,1400,1.941747572815534,1.941747572815534,1.941747572815534,2
small,bier127_gen1_m3,k100_l5,1450,1.941747572815534,1.941747572815534,1.941747572815534,2
small,bier127_gen1_m3,k100_l5,1500,1.941747572815534,1.941747572815534,1.941747572815534,2
small,bier127_gen1_m3,k100_l5,1550,1.4563106796116505,0.970873786407767,1.941747572815534,2
small,bier127_gen1_m3,k100_l5,1600,1.4563106796116505,0.970873786407767,1.941747572815534,2
small,bier127_gen1_m3,k100_l5,1650,1.4563106796116505,0.970873786407767,1.941747572815534,2
small,bier127_gen1_m3,k100_l5,1700,1.4563106796116505,0.970873786407767,1.941747572815534,2
small,bier127_gen1_m3,k100_l5,1750,1.4563106796116505,0.970873786407767,1.941747572815534,2
small,bier127_gen1_m3,k100_l5,1800,1.4563106796116505,0.970873786407767,1.941747572815534,2
small,bier127_gen1_m3,k100_l5,1850,1.4563106796116505,0.970873786407767,1.941747572815534,2
small,bier127_gen1_m3,k100_l5,1900,1.4563106796116505,0.970873786407767,1.941747572815534,2
small,bier127_gen1_m3,k100_l5,1950,1.4563106796116505,0.970873786407767,1.941747572815534,2
small,bier127_gen1_m3,k100_l5,2000,1.4563106796116505,0.970873786407767,1.941747572815534,2
small,bier127_gen1_m3,k100_l5,2050,1.4563106796116505,0.970873786407767,1.941747572815534,2
small,bier127_gen1_m3,k100_l5,2100,1.4563106796116505,0.970873786407767,1.941747572815534,2
small,bier127_gen1_m3,k100_l5,2150,1.4563106796116505,0.970873786407767,1.941747572815534,2
small,bier127_gen1_m3,k100_l5,2200,1.4563106796116505,0.970873786407767,1.941747572815534,2
small,bier127_gen1_m3,k100_l5,2250,1.4563106796116505,0.970873786407767,1.941747572815534,2
small,bier127_gen1_m3,k100_l5,2300,1.4563106796116505,0.970873786407767,1.941747572815534,2
small,bier127_gen1_m3,k100_l5,2350,1.4563106796116505,0.970873786407767,1.941747572815534,2
small,bier127_gen1_m3,k100_l5,2400,1.4563106796116505,0.970873786407767,1.941747572815534,2
small,bier127_gen1_m3,k100_l5,2450,1.4563106796116505,0.970873786407767,1.941747572815534,2
small,bier127_gen1_m3,k100_l5,2500,1.4563106796116505,0.970873786407767,1.941747572815534,2
small,bier127_gen1_m3,k100_l5,2550,1.4563106796116505,0.970873786407767,1.941747572815534,2
small,bier127_gen1_m3,k100_l5,2600,1.4563106796116505,0.970873786407767,1.941747572815534,2
small,bier127_gen1_m3,k100_l5,2650,1.4563106796116505,0.970873786407767,1.941747572815534,2
small,bier127_gen1_m3,k100_l5,2700,1.4563106796116505,0.970873786407767,1.941747572815534,2
small,bier127_gen1_m3,k100_l5,2750,1.4563106796116505,0.970873786407767,1.941747572815534,2
small,bier127_gen1_m3,k100_l5,2800,1.4563106796116505,0.970873786407767,1.941747572815534,2
small,bier127_gen1_m3,k100_l5,2850,1.4563106796116505,0.970873786407767,1.941747572815534,2
small,bier127_gen1_m3,k100_l5,2900,1.4563106796116505,0.970873786407767,1.941747572815534,2
small,bier127_gen1_m3,k100_l5,2950,1.4563106796116505,0.970873786407767,1.941747572815534,2
small,bier127_gen1_m3,k100_l5,3000,1.4563106796116505,0.970873786407767,1.941747572815534,2
small,bier127_gen1_m3,k100_l5,3050,1.4563106796116505,0.970873786407767,1.941747572815534,2
small,bier127_gen1_m3,k100_l5,3100,1.4563106796116505,0.970873786407767,1.941747572815534,2
small,bier127_gen1_m3,k100_l5,3150,1.4563106796116505,0.970873786407767,1.941747572815534,2
small,bier127_gen1_m3,k100_l5,3200,1.4563106796116505,0.970873786407767,1.941747572815534,2
small,bier127_gen1_m3,k100_l5,3250,1.4563106796116505,0.970873786407767,1.941747572815534,2
small,bier127_gen1_m3,k100_l5,3300,1.4563106796116505,0.970873786407767,1.941747572815534,2
small,bier127_gen1_m3,k100_l5,3350,1.4563106796116505,0.970873786407767,1.941747572815534,2
small,bier127_gen1_m3,k100_l5,3400,1.4563106796116505,0.970873786407767,1.941747572815534,2
small,bier127_gen1_m3,k100_l5,3450,1.4563106796116505,0.970873786407767,1.941747572815534,2
small,bier127_gen1_m3,k100_l5,3500,1.4563106796116505,0.970873786407767,1.941747572815534,2
small,bier127_gen1_m3,k100_l5,3550,1.4563106796116505,0.970873786407767,1.941747572815534,2
small,bier127_gen1_m3,k100_l5,3600,1.4563106796116505,0.970873786407767,1.941747572815534,2
small,bier127_gen1_m3,k100_l5,3650,1.4563106796116505,0.970873786407767,1.941747572815534,2
small,bier127_gen1_m3,k100_l5,3700,1.4563106796116505,0.970873786407767,1.941747572815534,2
small,bier127_gen1_m3,k100_l5,3750,1.4563106796116505,0.970873786407767,1.941747572815534,2
small,bier127_gen1_m3,k100_l5,3800,1.4563106796116505,0.970873786407767,1.941747572815534,2
small,bier127_gen1_m3,k100_l5,3850,1.4563106796116505,0.970873786407767,1.941747572815534,2
small,bier127_gen1_m3,k100_l5,3900,1.4563106796116505,0.970873786407767,1.941747572815534,2
small,bier127_gen1_m3,k100_l5,3950,1.4563106796116505,0.970873786407767,1.941747572815534,2
small,bier127_gen1_m3,k100_l5,4000,1.4563106796116505,0.970873786407767,1.941747572815534,2
small,bier127_gen1_m3,k100_l5,4050,1.4563106796116505,0.970873786407767,1.941747572815534,2
small,bier127_gen1_m3,k100_l5,4100,1.4563106796116505,0.970873786407767,1.941747572815534,2
small,bier127_gen1_m3,k100_l5,4150,1.4563106796116505,0.970873786407767,1.941747572815534,2
small,bier127_gen1_m3,k100_l5,4200,1.4563106796116505,0.970873786407767,1.941747572815534,2
small,bier127_gen1_m3,k100_l5,4250,1.4563106796116505,0.970873786407767,1.941747572815534,2
small,bier127_gen1_m3,k100_l5,4300,1.4563106796116505,0.970873786407767,1.941747572815534,2
small,bier127_gen1_m3,k100_l5,4350,1.4563106796116505,0.970873786407767,1.941747572815534,2
small,bier127_gen1_m3,k100_l5,4400,1.4563106796116505,0.970873786407767,1.941747572815534,2
small,bier127_gen1_m3,k100_l5,4450,1.4563106796116505,0.970873786407767,1.941747572815534,2
small,bier127_gen1_m3,k100_l5,4500,1.4563106796116505,0.970873786407767,1.941747572815534,2
small,bier127_gen1_m3,k100_l5,4550,1.4563106796116505,0.970873786407767,1.941747572815534,2
small,bier127_gen1_m3,k100_l5,4600,1.4563106796116505,0.970873786407767,1.941747572815534,2
small,bier127_gen1_m3,k100_l5,4650,1.4563106796116505,0.970873786407767,1.941747572815534,2
small,bier127_gen1_m3,k100_l5,4700,1.4563106796116505,0.970873786407767,1.941747572815534,2
small,bier127_gen1_m3,k100_l5,4750,1.4563106796116505,0.970873786407767,1.941747572815534,2
small,bier127_gen1_m3,k100_l5,4800,1.4563106796116505,0.970873786407767,1.941747572815534,2
small,bier127_gen1_m3,k100_l5,4850,1.4563106796116505,0.970873786407767,1.941747572815534,2
small,bier127_gen1_m3,k100_l5,4900,1.4563106796116505,0.970873786407767,1.941747572815534,2
small,bier127_gen1_m3,k100_l5,4950,1.4563106796116505,0.970873786407767,1.941747572815534,2
small,bier127_gen1_m3,k100_l5,5000,1.4563106796116505,0.970873786407767,1.941747572815534,2
small,bier127_gen1_m3,k100_linf,0,10.679611650485436,10.679611650485436,10.679611650485436,2
small,bier127_gen1_m3,k100_linf,50,3.3980582524271847,2.912621359223301,3.883495145631068,2
small,bier127_gen1_m3,k100_linf,100,2.912621359223301,2.912621359223301,2.912621359223301,2
small,bier127_gen1_m3,k100_linf,150,2.912621359223301,2.912621359223301,2.912621359223301,2
small,bier127_gen1_m3,k100_linf,200,2.912621359223301,2.912621359223301,2.912621359223301,2
small,bier127_gen1_m3,k100_linf,250,2.912621359223301,2.912621359223301,2.912621359223301,2
small,bier127_gen1_m3,k100_linf,300,2.912621359223301,2.912621359223301,2.912621359223301,2
small,bier127_gen1_m3,k100_linf,350,2.4271844660194173,1.941747572815534,2.912621359223301,2
small,bier127_gen1_m3,k100_linf,400,2.4271844660194173,1.941747572815534,2.912621359223301,2
small,bier127_gen1_m3,k100_linf,450,2.4271844660194173,1.941747572815534,2.912621359223301,2
small,bier127_gen1_m3,k100_linf,500,2.4271844660194173,1.941747572815534,2.912621359223301,2
small,bier127_gen1_m3,k100_linf,550,2.4271844660194173,1.941747572815534,2.912621359223301,2
small,bier127_gen1_m3,k100_linf,600,2.4271844660194173,1.941747572815534,2.912621359223301,2
small,bier127_gen1_m3,k100_linf,650,2.4271844660194173,1.941747572815534,2.912621359223301,2
small,bier127_gen1_m3,k100_linf,700,2.4271844660194173,1.941747572815534,2.912621359223301,2
small,bier127_gen1_m3,k100_linf,750,2.4271844660194173,1.941747572815534,2.912621359223301,2
small,bier127_gen1_m3,k100_linf,800,2.4271844660194173,1.941747572815534,2.912621359223301,2
small,bier127_gen1_m3,k100_linf,850,2.4271844660194173,1.941747572815534,2.912621359223301,2
small,bier127_gen1_m3,k100_linf,900,1.941747572815534,1.941747572815534,1.941747572815534,2
small,bier127_gen1_m3,k100_linf,950,1.941747572815534,1.941747572815534,1.941747572815534,2
small,bier127_gen1_m3,k100_linf,1000,1.941747572815534,1.941747572815534,1.941747572815534,2
small,bier127_gen1_m3,k100_linf,1050,1.941747572815534,1.941747572815534,1.941747572815534,2
small,bier127_gen1_m3,k100_linf,1100,1.941747572815534,1.941747572815534,1.941747572815534,2
small,bier127_gen1_m3,k100_linf,1150,1.941747572815534,1.941747572815534,1.941747572815534,2
small,bier127_gen1_m3,k100_linf,1200,1.941747572815534,1.941747572815534,1.941747572815534,2
small,bier127_gen1_m3,k100_linf,1250,1.941747572815534,1.941747572815534,1.941747572815534,2
small,bier127_gen1_m3,k100_linf,1300,1.941747572815534,1.941747572815534,1.941747572815534,2
small,bier127_gen1_m3,k100_linf,1350,1.941747572815534,1.941747572815534,1.941747572815534,2
small,bier127_gen1_m3,k100_linf,1400,1.941747572815534,1.941747572815534,1.941747572815534,2
small,bier127_gen1_m3,k100_linf,1450,1.941747572815534,1.941747572815534,1.941747572815534,2
small,bier127_gen1_m3,k100_linf,1500,1.941747572815534,1.941747572815534,1.941747572815534,2
small,bier127_gen1_m3,k100_linf,1550,1.941747572815534,1.941747572815534,1.941747572815534,2
small,bier127_gen1_m3,k100_linf,1600,1.941747572815534,1.941747572815534,1.941747572815534,2
small,bier127_gen1_m3,k100_linf,1650,1.941747572815534,1.941747572815534,1.941747572815534,2
small,bier127_gen1_m3,k100_linf,1700,1.941747572815534,1.941747572815534,1.941747572815534,2
small,bier127_gen1_m3,k100_linf,1750,1.941747572815534,1.941747572815534,1.941747572815534,2
small,bier127_gen1_m3,k100_linf,1800,1.941747572815534,1.941747572815534,1.941747572815534,2
small,bier127_gen1_m3,k100_linf,1850,1.941747572815534,1.941747572815534,1.941747572815534,2
small,bier127_gen1_m3,k100_linf,1900,1.941747572815534,1.941747572815534,1.941747572815534,2
small,bier127_gen1_m3,k100_linf,1950,1.941747572815534,1.941747572815534,1.941747572815534,2
small,bier127_gen1_m3,k100_linf,2000,1.941747572815534,1.941747572815534,1.941747572815534,2
small,bier127_gen1_m3,k100_linf,2050,1.941747572815534,1.941747572815534,1.941747572815534,2
small,bier127_gen1_m3,k100_linf,2100,1.941747572815534,1.941747572815534,1.941747572815534,2
small,bier127_gen1_m3,k100_linf,2150,1.941747572815534,1.941747572815534,1.941747572815534,2
small,bier127_gen1_m3,k100_linf,2200,1.941747572815534,1.941747572815534,1.941747572815534,2
small,bier127_gen1_m3,k100_linf,2250,1.941747572815534,1.941747572815534,1.941747572815534,2
small,bier127_gen1_m3,k100_linf,2300,1.941747572815534,1.941747572815534,1.941747572815534,2
small,bier127_gen1_m3,k100_linf,2350,1.941747572815534,1.941747572815534,1.941747572815534,2
small,bier127_gen1_m3,k100_linf,2400,1.941747572815534,1.941747572815534,1.941747572815534,2
small,bier127_gen1_m3,k100_linf,2450,1.941747572815534,1.941747572815534,1.941747572815534,2
small,bier127_gen1_m3,k100_linf,2500,1.941747572815534,1.941747572815534,1.941747572815534,2
small,bier127_gen1_m3,k100_linf,2550,1.941747572815534,1.941747572815534,1.941747572815534,2
small,bier127_gen1_m3,k100_linf,2600,1.941747572815534,1.941747572815534,1.941747572815534,2
small,bier127_gen1_m3,k100_linf,2650,1.941747572815534,1.941747572815534,1.941747572815534,2
small,bier127_gen1_m3,k100_linf,2700,1.941747572815534,1.941747572815534,1.941747572815534,2
small,bier127_gen1_m3,k100_linf,2750,1.941747572815534,1.941747572815534,1.941747572815534,2
small,bier127_gen1_m3,k100_linf,2800,1.941747572815534,1.941747572815534,1.941747572815534,2
small,bier127_gen1_m3,k100_linf,2850,1.941747572815534,1.941747572815534,1.941747572815534,2
small,bier127_gen1_m3,k100_linf,2900,1.941747572815534,1.941747572815534,1.941747572815534,2
small,bier127_gen1_m3,k100_linf,2950,1.941747572815534,1.941747572815534,1.941747572815534,2
small,bier127_gen1_m3,k100_linf,3000,1.941747572815534,1.941747572815534,1.941747572815534,2
small,bier127_gen1_m3,k100_linf,3050,1.941747572815534,1.941747572815534,1.941747572815534,2
small,bier127_gen1_m3,k100_linf,3100,1.941747572815534,1.941747572815534,1.941747572815534,2
small,bier127_gen1_m3,k100_linf,3150,1.941747572815534,1.941747572815534,1.941747572815534,2
small,bier127_gen1_m3,k100_linf,3200,1.941747572815534,1.941747572815534,1.941747572815534,2
small,bier127_gen1_m3,k100_linf,3250,1.941747572815534,1.941747572815534,1.941747572815534,2
small,bier127_gen1_m3,k100_linf,3300,1.941747572815534,1.941747572815534,1.941747572815534,2
small,bier127_gen1_m3,k100_linf,3350,1.4563106796116505,0.970873786407767,1.941747572815534,2
small,bier127_gen1_m3,k100_linf,3400,1.4563106796116505,0.970873786407767,1.941747572815534,2
small,bier127_gen1_m3,k100_linf,3450,1.4563106796116505,0.970873786407767,1.941747572815534,2
small,bier127_gen1_m3,k100_linf,3500,1.4563106796116505,0.970873786407767,1.941747572815534,2
small,bier127_gen1_m3,k100_linf,3550,1.4563106796116505,0.970873786407767,1.941747572815534,2
small,bier127_gen1_m3,k100_linf,3600,1.4563106796116505,0.970873786407767,1.941747572815534,2
small,bier127_gen1_m3,k100_linf,3650,1.4563106796116505,0.970873786407767,1.941747572815534,2
small,bier127_gen1_m3,k100_linf,3700,1.4563106796116505,0.970873786407767,1.941747572815534,2
small,bier127_gen1_m3,k100_linf,3750,0.970873786407767,0.970873786407767,0.970873786407767,2
small,bier127_gen1_m3,k100_linf,3800,0.970873786407767,0.970873786407767,0.970873786407767,2
small,bier127_gen1_m3,k100_linf,3850,0.970873786407767,0.970873786407767,0.970873786407767,2
small,bier127_gen1_m3,k100_linf,3900,0.970873786407767,0.970873786407767,0.970873786407767,2
small,bier127_gen1_m3,k100_linf,3950,0.970873786407767,0.970873786407767,0.970873786407767,2
small,bier127_gen1_m3,k100_linf,4000,0.970873786407767,0.970873786407767,0.970873786407767,2
small,bier127_gen1_m3,k100_linf,4050,0.970873786407767,0.970873786407767,0.970873786407767,2
small,bier127_gen1_m3,k100_linf,4100,0.970873786407767,0.970873786407767,0.970873786407767,2
small,bier127_gen1_m3,k100_linf,4150,0.970873786407767,0.970873786407767,0.970873786407767,2
small,bier127_gen1_m3,k100_linf,4200,0.970873786407767,0.970873786407767,0.970873786407767,2
small,bier127_gen1_m3,k100_linf,4250,0.970873786407767,0.970873786407767,0.970873786407767,2
small,bier127_gen1_m3,k100_linf,4300,0.970873786407767,0.970873786407767,0.970873786407767,2
small,bier127_gen1_m3,k100_linf,4350,0.970873786407767,0.970873786407767,0.970873786407767,2
small,bier127_gen1_m3,k100_linf,4400,0.970873786407767,0.970873786407767,0.970873786407767,2
small,bier127_gen1_m3,k100_linf,4450,0.970873786407767,0.970873786407767,0.970873786407767,2
small,bier127_gen1_m3,k100_linf,4500,0.970873786407767,0.970873786407767,0.970873786407767,2
small,bier127_gen1_m3,k100_linf,4550,0.970873786407767,0.970873786407767,0.970873786407767,2
small,bier127_gen1_m3,k100_linf,4600,0.970873786407767,0.970873786407767,0.970873786407767,2
small,bier127_gen1_m3,k100_linf,4650,0.970873786407767,0.970873786407767,0.970873786407767,2
small,bier127_gen1_m3,k100_linf,4700,0.970873786407767,0.970873786407767,0.970873786407767,2
small,bier127_gen1_m3,k100_linf,4750,0.970873786407767,0.970873786407767,0.970873786407767,2
small,bier127_gen1_m3,k100_linf,4800,0.970873786407767,0.970873786407767,0.970873786407767,2
small,bier127_gen1_m3,k100_linf,4850,0.970873786407767,0.970873786407767,0.970873786407767,2
small,bier127_gen1_m3,k100_linf,4900,0.970873786407767,0.970873786407767,0.970873786407767,2
small,bier127_gen1_m3,k100_linf,4950,0.970873786407767,0.970873786407767,0.970873786407767,2
small,bier127_gen1_m3,k100_linf,5000,0.970873786407767,0.970873786407767,0.970873786407767,2
small,bier127_gen1_m3,k20_l1,0,10.679611650485436,10.679611650485436,10.679611650485436,2
small,bier127_gen1_m3,k20_l1,50,3.883495145631068,3.883495145631068,3.883495145631068,2
small,bier127_gen1_m3,k20_l1,100,3.883495145631068,3.883495145631068,3.883495145631068,2
small,bier127_gen1_m3,k20_l1,150,3.883495145631068,3.883495145631068,3.883495145631068,2
small,bier127_gen1_m3,k20_l1,200,2.912621359223301,1.941747572815534,3.883495145631068,2
small,bier127_gen1_m3,k20_l1,250,2.912621359223301,1.941747572815534,3.883495145631068,2
small,bier127_gen1_m3,k20_l1,300,2.912621359223301,1.941747572815534,3.883495145631068,2
small,bier127_gen1_m3,k20_l1,350,2.912621359223301,1.941747572815534,3.883495145631068,2
small,bier127_gen1_m3,k20_l1,400,2.912621359223301,1.941747572815534,3.883495145631068,2
small,bier127_gen1_m3,k20_l1,450,2.912621359223301,1.941747572815534,3.883495145631068,2
small,bier127_gen1_m3,k20_l1,500,2.912621359223301,1.941747572815534,3.883495145631068,2
small,bier127_gen1_m3,k20_l1,550,2.912621359223301,1.941747572815534,3.883495145631068,2
small,bier127_gen1_m3,k20_l1,600,2.912621359223301,1.941747572815534,3.883495145631068,2
small,bier127_gen1_m3,k20_l1,650,2.912621359223301,1.941747572815534,3.883495145631068,2
small,bier127_gen1_m3,k20_l1,700,2.912621359223301,1.941747572815534,3.883495145631068,2
small,bier127_gen1_m3,k20_l1,750,2.912621359223301,1.941747572815534,3.883495145631068,2
small,bier127_gen1_m3,k20_l1,800,2.912621359223301,1.941747572815534,3.883495145631068,2
small,bier127_gen1_m3,k20_l1,850,2.4271844660194173,1.941747572815534,2.912621359223301,2
small,bier127_gen1_m3,k20_l1,900,1.941747572815534,1.941747572815534,1.941747572815534,2
small,bier127_gen1_m3,k20_l1,950,1.941747572815534,1.941747572815534,1.941747572815534,2
small,bier127_gen1_m3,k20_l1,1000,1.941747572815534,1.941747572815534,1.941747572815534,2
small,bier127_gen1_m3,k20_l1,1050,1.941747572815534,1.941747572815534,1.941747572815534,2
small,bier127_gen1_m3,k20_l1,1100,1.941747572815534,1.941747572815534,1.941747572815534,2
small,bier127_gen1_m3,k20_l1,1150,1.941747572815534,1.941747572815534,1.941747572815534,2
small,bier127_gen1_m3,k20_l1,1200,1.941747572815534,1.941747572815534,1.941747572815534,2
small,bier127_gen1_m3,k20_l1,1250,1.4563106796116505,0.970873786407767,1.941747572815534,2
small,bier127_gen1_m3,k20_l1,1300,1.4563106796116505,0.970873786407767,1.941747572815534,2
small,bier127_gen1_m3,k20_l1,1350,1.4563106796116505,0.970873786407767,1.941747572815534,2
small,bier127_gen1_m3,k20_l1,1400,1.4563106796116505,0.970873786407767,1.941747572815534,2
small,bier127_gen1_m3,k20_l1,1450,1.4563106796116505,0.970873786407767,1.941747572815534,2
small,bier127_gen1_m3,k20_l1,1500,1.4563106796116505,0.970873786407767,1.941747572815534,2
small,bier127_gen1_m3,k20_l1,1550,1.4563106796116505,0.970873786407767,1.941747572815534,2
small,bier127_gen1_m3,k20_l1,1600,1.4563106796116505,0.970873786407767,1.941747572815534,2
small,bier127_gen1_m3,k20_l1,1650,1.4563106796116505,0.970873786407767,1.941747572815534,2
small,bier127_gen1_m3,k20_l1,1700,1.4563106796116505,0.970873786407767,1.941747572815534,2
small,bier127_gen1_m3,k20_l1,1750,1.4563106796116505,0.970873786407767,1.941747572815534,2
small,bier127_gen1_m3,k20_l1,1800,1.4563106796116505,0.970873786407767,1.941747572815534,2
small,bier127_gen1_m3,k20_l1,1850,1.4563106796116505,0.970873786407767,1.941747572815534,2
small,bier127_gen1_m3,k20_l1,1900,1.4563106796116505,0.970873786407767,1.941747572815534,2
small,bier127_gen1_m3,k20_l1,1950,1.4563106796116505,0.970873786407767,1.941747572815534,2
small,bier127_gen1_m3,k20_l1,2000,1.4563106796116505,0.970873786407767,1.941747572815534,2
small,bier127_gen1_m3,k20_l1,2050,1.4563106796116505,0.970873786407767,1.941747572815534,2
small,bier127_gen1_m3,k20_l1,2100,1.4563106796116505,0.970873786407767,1.941747572815534,2
small,bier127_gen1_m3,k20_l1,2150,1.4563106796116505,0.970873786407767,1.941747572815534,2
small,bier127_gen1_m3,k20_l1,2200,1.4563106796116505,0.970873786407767,1.941747572815534,2
small,bier127_gen1_m3,k20_l1,2250,1.4563106796116505,0.970873786407767,1.941747572815534,2
small,bier127_gen1_m3,k20_l1,2300,1.4563106796116505,0.970873786407767,1.941747572815534,2
small,bier127_gen1_m3,k20_l1,2350,1.4563106796116505,0.970873786407767,1.941747572815534,2
small,bier127_gen1_m3,k20_l1,2400,1.4563106796116505,0.970873786407767,1.941747572815534,2
small,bier127_gen1_m3,k20_l1,2450,1.4563106796116505,0.970873786407767,1.941747572815534,2
small,bier127_gen1_m3,k20_l1,2500,1.4563106796116505,0.970873786407767,1.941747572815534,2
small,bier127_gen1_m3,k20_l1,2550,1.4563106796116505,0.970873786407767,1.941747572815534,2
small,bier127_gen1_m3,k20_l1,2600,1.4563106796116505,0.970873786407767,1.941747572815534,2
small,bier127_gen1_m3,k20_l1,2650,1.4563106796116505,0.970873786407767,1.941747572815534,2
small,bier127_gen1_m3,k20_l1,2700,1.4563106796116505,0.970873786407767,1.941747572815534,2
small,bier127_gen1_m3,k20_l1,2750,1.4563106796116505,0.970873786407767,1.941747572815534,2
small,bier127_gen1_m3,k20_l1,2800,1.4563106796116505,0.970873786407767,1.941747572815534,2
small,bier127_gen1_m3,k20_l1,2850,1.4563106796116505,0.970873786407767,1.941747572815534,2
small,bier127_gen1_m3,k20_l1,2900,1.4563106796116505,0.970873786407767,1.941747572815534,2
small,bier127_gen1_m3,k20_l1,2950,1.4563106796116505,0.970873786407767,1.941747572815534,2
small,bier127_gen1_m3,k20_l1,3000,1.4563106796116505,0.970873786407767,1.941747572815534,2
small,bier127_gen1_m3,k20_l1,3050,1.4563106796116505,0.970873786407767,1.941747572815534,2
small,bier127_gen1_m3,k20_l1,3100,1.4563106796116505,0.970873786407767,1.941747572815534,2
small,bier127_gen1_m3,k20_l1,3150,1.4563106796116505,0.970873786407767,1.941747572815534,2
small,bier127_gen1_m3,k20_l1,3200,1.4563106796116505,0.970873786407767,1.941747572815534,2
small,bier127_gen1_m3,k20_l1,3250,1.4563106796116505,0.970873786407767,1.941747572815534,2
small,bier127_gen1_m3,k20_l1,3300,1.4563106796116505,0.970873786407767,1.941747572815534,2
small,bier127_gen1_m3,k20_l1,3350,1.4563106796116505,0.970873786407767,1.941747572815534,2
small,bier127_gen1_m3,k20_l1,3400,1.4563106796116505,0.970873786407767,1.941747572815534,2
small,bier127_gen1_m3,k20_l1,3450,1.4563106796116505,0.970873786407767,1.941747572815534,2
small,bier127_gen1_m3,k20_l1,3500,1.4563106796116505,0.970873786407767,1.941747572815534,2
small,bier127_gen1_m3,k20_l1,3550,1.4563106796116505,0.970873786407767,1.941747572815534,2
small,bier127_gen1_m3,k20_l1,3600,1.4563106796116505,0.970873786407767,1.941747572815534,2
small,bier127_gen1_m3,k20_l1,3650,1.4563106796116505,0.970873786407767,1.941747572815534,2
small,bier127_gen1_m3,k20_l1,3700,1.4563106796116505,0.970873786407767,1.941747572815534,2
small,bier127_gen1_m3,k20_l1,3750,1.4563106796116505,0.970873786407767,1.941747572815534,2
small,bier127_gen1_m3,k20_l1,3800,1.4563106796116505,0.970873786407767,1.941747572815534,2
small,bier127_gen1_m3,k20_l1,3850,1.4563106796116505,0.970873786407767,1.941747572815534,2
small,bier127_gen1_m3,k20_l1,3900,1.4563106796116505,0.970873786407767,1.941747572815534,2
small,bier127_gen1_m3,k20_l1,3950,1.4563106796116505,0.970873786407767,1.941747572815534,2
small,bier127_gen1_m3,k20_l1,4000,1.4563106796116505,0.970873786407767,1.941747572815534,2
small,bier127_gen1_m3,k20_l1,4050,1.4563106796116505,0.970873786407767,1.941747572815534,2
small,bier127_gen1_m3,k20_l1,4100,1.4563106796116505,0.970873786407767,1.941747572815534,2
small,bier127_gen1_m3,k20_l1,4150,1.4563106796116505,0.970873786407767,1.941747572815534,2
small,bier127_gen1_m3,k20_l1,4200,1.4563106796116505,0.970873786407767,1.941747572815534,2
small,bier127_gen1_m3,k20_l1,4250,1.4563106796116505,0.970873786407767,1.941747572815534,2
small,bier127_gen1_m3,k20_l1,4300,1.4563106796116505,0.970873786407767,1.941747572815534,2
small,bier127_gen1_m3,k20_l1,4350,1.4563106796116505,0.970873786407767,1.941747572815534,2
small,bier127_gen1_m3,k20_l1,4400,1.4563106796116505,0.970873786407767,1.941747572815534,2
small,bier127_gen1_m3,k20_l1,4450,1.4563106796116505,0.970873786407767,1.941747572815534,2
small,bier127_gen1_m3,k20_l1,4500,1.4563106796116505,0.970873786407767,1.941747572815534,2
small,bier127_gen1_m3,k20_l1,4550,1.4563106796116505,0.970873786407767,1.941747572815534,2
small,bier127_gen1_m3,k20_l1,4600,1.4563106796116505,0.970873786407767,1.941747572815534,2
small,bier127_gen1_m3,k20_l1,4650,1.4563106796116505,0.970873786407767,1.941747572815534,2
small,bier127_gen1_m3,k20_l1,4700,1.4563106796116505,0.970873786407767,1.941747572815534,2
small,bier127_gen1_m3,k20_l1,4750,1.4563106796116505,0.970873786407767,1.941747572815534,2
small,bier127_gen1_m3,k20_l1,4800,1.4563106796116505,0.970873786407767,1.941747572815534,2
small,bier127_gen1_m3,k20_l1,4850,1.4563106796116505,0.970873786407767,1.941747572815534,2
small,bier127_gen1_m3,k20_l1,4900,1.4563106796116505,0.970873786407767,1.941747572815534,2
small,bier127_gen1_m3,k20_l1,4950,1.4563106796116505,0.970873786407767,1.941747572815534,2
small,bier127_gen1_m3,k20_l1,5000,1.4563106796116505,0.970873786407767,1.941747572815534,2
small,bier127_gen1_m3,k6_l1,0,10.679611650485436,10.679611650485436,10.679611650485436,2
small,bier127_gen1_m3,k6_l1,50,3.3980582524271847,2.912621359223301,3.883495145631068,2
small,bier127_gen1_m3,k6_l1,100,2.4271844660194173,1.941747572815534,2.912621359223301,2
small,bier127_gen1_m3,k6_l1,150,2.4271844660194173,1.941747572815534,2.912621359223301,2
small,bier127_gen1_m3,k6_l1,200,2.4271844660194173,1.941747572815534,2.912621359223301,2
small,bier127_gen1_m3,k6_l1,250,2.4271844660194173,1.941747572815534,2.912621359223301,2
small,bier127_gen1_m3,k6_l1,300,2.4271844660194173,1.941747572815534,2.912621359223301,2
small,bier127_gen1_m3,k6_l1,350,2.4271844660194173,1.941747572815534,2.912621359223301,2
small,bier127_gen1_m3,k6_l1,400,2.4271844660194173,1.941747572815534,2.912621359223301,2
small,bier127_gen1_m3,k6_l1,450,2.4271844660194173,1.941747572815534,2.912621359223301,2
small,bier127_gen1_m3,k6_l1,500,1.941747572815534,0.970873786407767,2.912621359223301,2
small,bier127_gen1_m3,k6_l1,550,1.941747572815534,0.970873786407767,2.912621359223301,2
small,bier127_gen1_m3,k6_l1,600,1.941747572815534,0.970873786407767,2.912621359223301,2
small,bier127_gen1_m3,k6_l1,650,1.941747572815534,0.970873786407767,2.912621359223301,2
small,bier127_gen1_m3,k6_l1,700,1.941747572815534,0.970873786407767,2.912621359223301,2
small,bier127_gen1_m3,k6_l1,750,1.941747572815534,0.970873786407767,2.912621359223301,2
small,bier127_gen1_m3,k6_l1,800,1.941747572815534,0.970873786407767,2.912621359223301,2
small,bier127_gen1_m3,k6_l1,850,1.941747572815534,0.970873786407767,2.912621359223301,2
small,bier127_gen1_m3,k6_l1,900,1.941747572815534,0.970873786407767,2.912621359223301,2
small,bier127_gen1_m3,k6_l1,950,1.941747572815534,0.970873786407767,2.912621359223301,2
small,bier127_gen1_m3,k6_l1,1000,1.941747572815534,0.970873786407767,2.912621359223301,2
small,bier127_gen1_m3,k6_l1,1050,1.941747572815534,0.970873786407767,2.912621359223301,2
small,bier127_gen1_m3,k6_l1,1100,1.941747572815534,0.970873786407767,2.912621359223301,2
small,bier127_gen1_m3,k6_l1,1150,1.941747572815534,0.970873786407767,2.912621359223301,2
small,bier127_gen1_m3,k6_l1,1200,1.941747572815534,0.970873786407767,2.912621359223301,2
small,bier127_gen1_m3,k6_l1,1250,1.941747572815534,0.970873786407767,2.912621359223301,2
small,bier127_gen1_m3,k6_l1,1300,1.941747572815534,0.970873786407767,2.912621359223301,2
small,bier127_gen1_m3,k6_l1,1350,1.941747572815534,0.970873786407767,2.912621359223301,2
small,bier127_gen1_m3,k6_l1,1400,1.941747572815534,0.970873786407767,2.912621359223301,2
small,bier127_gen1_m3,k6_l1,1450,1.4563106796116505,0.970873786407767,1.941747572815534,2
small,bier127_gen1_m3,k6_l1,1500,1.4563106796116505,0.970873786407767,1.941747572815534,2
small,bier127_gen1_m3,k6_l1,1550,1.4563106796116505,0.970873786407767,1.941747572815534,2
small,bier127_gen1_m3,k6_l1,1600,1.4563106796116505,0.970873786407767,1.941747572815534,2
small,bier127_gen1_m3,k6_l1,1650,1.4563106796116505,0.970873786407767,1.941747572815534,2
small,bier127_gen1_m3,k6_l1,1700,1.4563106796116505,0.970873786407767,1.941747572815534,2
small,bier127_gen1_m3,k6_l1,1750,1.4563106796116505,0.970873786407767,1.941747572815534,2
small,bier127_gen1_m3,k6_l1,1800,1.4563106796116505,0.970873786407767,1.941747572815534,2
small,bier127_gen1_m3,k6_l1,1850,1.4563106796116505,0.970873786407767,1.941747572815534,2
small,bier127_gen1_m3,k6_l1,1900,1.4563106796116505,0.970873786407767,1.941747572815534,2
small,bier127_gen1_m3,k6_l1,1950,1.4563106796116505,0.970873786407767,1.941747572815534,2
small,bier127_gen1_m3,k6_l1,2000,1.4563106796116505,0.970873786407767,1.941747572815534,2
small,bier127_gen1_m3,k6_l1,2050,1.4563106796116505,0.970873786407767,1.941747572815534,2
small,bier127_gen1_m3,k6_l1,2100,1.4563106796116505,0.970873786407767,1.941747572815534,2
small,bier127_gen1_m3,k6_l1,2150,1.4563106796116505,0.970873786407767,1.941747572815534,2
small,bier127_gen1_m3,k6_l1,2200,1.4563106796116505,0.970873786407767,1.941747572815534,2
small,bier127_gen1_m3,k6_l1,2250,1.4563106796116505,0.970873786407767,1.941747572815534,2
small,bier127_gen1_m3,k6_l1,2300,1.4563106796116505,0.970873786407767,1.941747572815534,2
small,bier127_gen1_m3,k6_l1,2350,1.4563106796116505,0.970873786407767,1.941747572815534,2
small,bier127_gen1_m3,k6_l1,2400,1.4563106796116505,0.970873786407767,1.941747572815534,2
small,bier127_gen1_m3,k6_l1,2450,1.4563106796116505,0.970873786407767,1.941747572815534,2
small,bier127_gen1_m3,k6_l1,2500,1.4563106796116505,0.970873786407767,1.941747572815534,2
small,bier127_gen1_m3,k6_l1,2550,1.4563106796116505,0.970873786407767,1.941747572815534,2
small,bier127_gen1_m3,k6_l1,2600,1.4563106796116505,0.970873786407767,1.941747572815534,2
small,bier127_gen1_m3,k6_l1,2650,1.4563106796116505,0.970873786407767,1.941747572815534,2
small,bier127_gen1_m3,k6_l1,2700,1.4563106796116505,0.970873786407767,1.941747572815534,2
small,bier127_gen1_m3,k6_l1,2750,1.4563106796116505,0.970873786407767,1.941747572815534,2
small,bier127_gen1_m3,k6_l1,2800,0.970873786407767,0.970873786407767,0.970873786407767,2
small,bier127_gen1_m3,k6_l1,2850,0.970873786407767,0.970873786407767,0.970873786407767,2
small,bier127_gen1_m3,k6_l1,2900,0.970873786407767,0.970873786407767,0.970873786407767,2
small,bier127_gen1_m3,k6_l1,2950,0.970873786407767,0.970873786407767,0.970873786407767,2
small,bier127_gen1_m3,k6_l1,3000,0.970873786407767,0.970873786407767,0.970873786407767,2
small,bier127_gen1_m3,k6_l1,3050,0.970873786407767,0.970873786407767,0.970873786407767,2
small,bier127_gen1_m3,k6_l1,3100,0.970873786407767,0.970873786407767,0.970873786407767,2
small,bier127_gen1_m3,k6_l1,3150,0.970873786407767,0.970873786407767,0.970873786407767,2
small,bier127_gen1_m3,k6_l1,3200,0.970873786407767,0.970873786407767,0.970873786407767,2
small,bier127_gen1_m3,k6_l1,3250,0.970873786407767,0.970873786407767,0.970873786407767,2
small,bier127_gen1_m3,k6_l1,3300,0.970873786407767,0.970873786407767,0.970873786407767,2
small,bier127_gen1_m3,k6_l1,3350,0.970873786407767,0.970873786407767,0.970873786407767,2
small,bier127_gen1_m3,k6_l1,3400,0.970873786407767,0.970873786407767,0.970873786407767,2
small,bier127_gen1_m3,k6_l1,3450,0.970873786407767,0.970873786407767,0.970873786407767,2
small,bier127_gen1_m3,k6_l1,3500,0.970873786407767,0.970873786407767,0.970873786407767,2
small,bier127_gen1_m3,k6_l1,3550,0.970873786407767,0.970873786407767,0.970873786407767,2
small,bier127_gen1_m3,k6_l1,3600,0.970873786407767,0.970873786407767,0.970873786407767,2
small,bier127_gen1_m3,k6_l1,3650,0.970873786407767,0.970873786407767,0.970873786407767,2
small,bier127_gen1_m3,k6_l1,3700,0.970873786407767,0.970873786407767,0.970873786407767,2
small,bier127_gen1_m3,k6_l1,3750,0.970873786407767,0.970873786407767,0.970873786407767,2
small,bier127_gen1_m3,k6_l1,3800,0.970873786407767,0.970873786407767,0.970873786407767,2
small,bier127_gen1_m3,k6_l1,3850,0.970873786407767,0.970873786407767,0.970873786407767,2
small,bier127_gen1_m3,k6_l1,3900,0.970873786407767,0.970873786407767,0.970873786407767,2
small,bier127_gen1_m3,k6_l1,3950,0.970873786407767,0.970873786407767,0.970873786407767,2
small,bier127_gen1_m3,k6_l1,4000,0.970873786407767,0.970873786407767,0.970873786407767,2
small,bier127_gen1_m3,k6_l1,4050,0.970873786407767,0.970873786407767,0.970873786407767,2
small,bier127_gen1_m3,k6_l1,4100,0.970873786407767,0.970873786407767,0.970873786407767,2
small,bier127_gen1_m3,k6_l1,4150,0.970873786407767,0.970873786407767,0.970873786407767,2
small,bier127_gen1_m3,k6_l1,4200,0.970873786407767,0.970873786407767,0.970873786407767,2
small,bier127_gen1_m3,k6_l1,4250,0.970873786407767,0.970873786407767,0.970873786407767,2
small,bier127_gen1_m3,k6_l1,4300,0.970873786407767,0.970873786407767,0.970873786407767,2
small,bier127_gen1_m3,k6_l1,4350,0.970873786407767,0.970873786407767,0.970873786407767,2
small,bier127_gen1_m3,k6_l1,4400,0.970873786407767,0.970873786407767,0.970873786407767,2
small,bier127_gen1_m3,k6_l1,4450,0.970873786407767,0.970873786407767,0.970873786407767,2
small,bier127_gen1_m3,k6_l1,4500,0.970873786407767,0.970873786407767,0.970873786407767,2
small,bier127_gen1_m3,k6_l1,4550,0.970873786407767,0.970873786407767,0.970873786407767,2
small,bier127_gen1_m3,k6_l1,4600,0.970873786407767,0.970873786407767,0.970873786407767,2
small,bier127_gen1_m3,k6_l1,4650,0.970873786407767,0.970873786407767,0.970873786407767,2
small,bier127_gen1_m3,k6_l1,4700,0.970873786407767,0.970873786407767,0.970873786407767,2
small,bier127_gen1_m3,k6_l1,4750,0.970873786407767,0.970873786407767,0.970873786407767,2
small,bier127_gen1_m3,k6_l1,4800,0.970873786407767,0.970873786407767,0.970873786407767,2
small,bier127_gen1_m3,k6_l1,4850,0.970873786407767,0.970873786407767,0.970873786407767,2
small,bier127_gen1_m3,k6_l1,4900,0.970873786407767,0.970873786407767,0.970873786407767,2
small,bier127_gen1_m3,k6_l1,4950,0.970873786407767,0.970873786407767,0.970873786407767,2
small,bier127_gen1_m3,k6_l1,5000,0.970873786407767,0.970873786407767,0.970873786407767,2
small,bier127_gen1_m3,off,0,10.679611650485436,10.679611650485436,10.679611650485436,2
small,bier127_gen1_m3,off,50,4.368932038834951,2.912621359223301,5.825242718446602,2
small,bier127_gen1_m3,off,100,3.3980582524271843,1.941747572815534,4.854368932038835,2
small,bier127_gen1_m3,off,150,3.3980582524271843,1.941747572815534,4.854368932038835,2
small,bier127_gen1_m3,off,200,3.3980582524271843,1.941747572815534,4.854368932038835,2
small,bier127_gen1_m3,off,250,3.3980582524271843,1.941747572815534,4.854368932038835,2
small,bier127_gen1_m3,off,300,3.3980582524271843,1.941747572815534,4.854368932038835,2
small,bier127_gen1_m3,off,350,3.3980582524271843,1.941747572815534,4.854368932038835,2
small,bier127_gen1_m3,off,400,3.3980582524271843,1.941747572815534,4.854368932038835,2
small,bier127_gen1_m3,off,450,3.3980582524271843,1.941747572815534,4.854368932038835,2
small,bier127_gen1_m3,off,500,3.3980582524271843,1.941747572815534,4.854368932038835,2
small,bier127_gen1_m3,off,550,2.912621359223301,1.941747572815534,3.883495145631068,2
small,bier127_gen1_m3,off,600,2.912621359223301,1.941747572815534,3.883495145631068,2
small,bier127_gen1_m3,off,650,2.4271844660194173,1.941747572815534,2.912621359223301,2
small,bier127_gen1_m3,off,700,2.4271844660194173,1.941747572815534,2.912621359223301,2
small,bier127_gen1_m3,off,750,2.4271844660194173,1.941747572815534,2.912621359223301,2
small,bier127_gen1_m3,off,800,2.4271844660194173,1.941747572815534,2.912621359223301,2
small,bier127_gen1_m3,off,850,2.4271844660194173,1.941747572815534,2.912621359223301,2
small,bier127_gen1_m3,off,900,2.4271844660194173,1.941747572815534,2.912621359223301,2
small,bier127_gen1_m3,off,950,2.4271844660194173,1.941747572815534,2.912621359223301,2
small,bier127_gen1_m3,off,1000,2.4271844660194173,1.941747572815534,2.912621359223301,2
small,bier127_gen1_m3,off,1050,2.4271844660194173,1.941747572815534,2.912621359223301,2
small,bier127_gen1_m3,off,1100,2.4271844660194173,1.941747572815534,2.912621359223301,2
small,bier127_gen1_m3,off,1150,2.4271844660194173,1.941747572815534,2.912621359223301,2
small,bier127_gen1_m3,off,1200,1.941747572815534,1.941747572815534,1.941747572815534,2
small,bier127_gen1_m3,off,1250,1.941747572815534,1.941747572815534,1.941747572815534,2
small,bier127_gen1_m3,off,1300,1.941747572815534,1.941747572815534,1.941747572815534,2
small,bier127_gen1_m3,off,1350,1.941747572815534,1.941747572815534,1.941747572815534,2
small,bier127_gen1_m3,off,1400,1.941747572815534,1.941747572815534,1.941747572815534,2
small,bier127_gen1_m3,off,1450,1.4563106796116505,0.970873786407767,1.941747572815534,2
small,bier127_gen1_m3,off,1500,1.4563106796116505,0.970873786407767,1.941747572815534,2
small,bier127_gen1_m3,off,1550,1.4563106796116505,0.970873786407767,1.941747572815534,2
small,bier127_gen1_m3,off,1600,1.4563106796116505,0.970873786407767,1.941747572815534,2
small,bier127_gen1_m3,off,1650,1.4563106796116505,0.970873786407767,1.941747572815534,2
small,bier127_gen1_m3,off,1700,1.4563106796116505,0.970873786407767,1.941747572815534,2
small,bier127_gen1_m3,off,1750,1.4563106796116505,0.970873786407767,1.941747572815534,2
small,bier127_gen1_m3,off,1800,1.4563106796116505,0.970873786407767,1.941747572815534,2
small,bier127_gen1_m3,off,1850,1.4563106796116505,0.970873786407767,1.941747572815534,2
small,bier127_gen1_m3,off,1900,1.4563106796116505,0.970873786407767,1.941747572815534,2
small,bier127_gen1_m3,off,1950,1.4563106796116505,0.970873786407767,1.941747572815534,2
small,bier127_gen1_m3,off,2000,1.4563106796116505,0.970873786407767,1.941747572815534,2
small,bier127_gen1_m3,off,2050,1.4563106796116505,0.970873786407767,1.941747572815534,2
small,bier127_gen1_m3,off,2100,1.4563106796116505,0.970873786407767,1.941747572815534,2
small,bier127_gen1_m3,off,2150,1.4563106796116505,0.970873786407767,1.941747572815534,2
small,bier127_gen1_m3,off,2200,1.4563106796116505,0.970873786407767,1.941747572815534,2
small,bier127_gen1_m3,off,2250,1.4563106796116505,0.970873786407767,1.941747572815534,2
small,bier127_gen1_m3,off,2300,1.4563106796116505,0.970873786407767,1.941747572815534,2
small,bier127_gen1_m3,off,2350,1.4563106796116505,0.970873786407767,1.941747572815534,2
small,bier127_gen1_m3,off,2400,1.4563106796116505,0.970873786407767,1.941747572815534,2
small,bier127_gen1_m3,off,2450,1.4563106796116505,0.970873786407767,1.941747572815534,2
small,bier127_gen1_m3,off,2500,1.4563106796116505,0.970873786407767,1.941747572815534,2
small,bier127_gen1_m3,off,2550,1.4563106796116505,0.970873786407767,1.941747572815534,2
small,bier127_gen1_m3,off,2600,1.4563106796116505,0.970873786407767,1.941747572815534,2
small,bier127_gen1_m3,off,2650,1.4563106796116505,0.970873786407767,1.941747572815534,2
small,bier127_gen1_m3,off,2700,1.4563106796116505,0.970873786407767,1.941747572815534,2
small,bier127_gen1_m3,off,2750,1.4563106796116505,0.970873786407767,1.941747572815534,2
small,bier127_gen1_m3,off,2800,1.4563106796116505,0.970873786407767,1.941747572815534,2
small,bier127_gen1_m3,off,2850,1.4563106796116505,0.970873786407767,1.941747572815534,2
small,bier127_gen1_m3,off,2900,1.4563106796116505,0.970873786407767,1.941747572815534,2
small,bier127_gen1_m3,off,2950,1.4563106796116505,0.970873786407767,1.941747572815534,2
small,bier127_gen1_m3,off,3000,1.4563106796116505,0.970873786407767,1.941747572815534,2
small,bier127_gen1_m3,off,3050,1.4563106796116505,0.970873786407767,1.941747572815534,2
small,bier127_gen1_m3,off,3100,1.4563106796116505,0.970873786407767,1.941747572815534,2
small,bier127_gen1_m3,off,3150,1.4563106796116505,0.970873786407767,1.941747572815534,2
small,bier127_gen1_m3,off,3200,1.4563106796116505,0.970873786407767,1.941747572815534,2
small,bier127_gen1_m3,off,3250,1.4563106796116505,0.970873786407767,1.941747572815534,2
small,bier127_gen1_m3,off,3300,1.4563106796116505,0.970873786407767,1.941747572815534,2
small,bier127_gen1_m3,off,3350,1.4563106796116505,0.970873786407767,1.941747572815534,2
small,bier127_gen1_m3,off,3400,1.4563106796116505,0.970873786407767,1.941747572815534,2
small,bier127_gen1_m3,off,3450,1.4563106796116505,0.970873786407767,1.941747572815534,2
small,bier127_gen1_m3,off,3500,1.4563106796116505,0.970873786407767,1.941747572815534,2
small,bier127_gen1_m3,off,3550,1.4563106796116505,0.970873786407767,1.941747572815534,2
small,bier127_gen1_m3,off,3600,1.4563106796116505,0.970873786407767,1.941747572815534,2
small,bier127_gen1_m3,off,3650,1.4563106796116505,0.970873786407767,1.941747572815534,2
small,bier127_gen1_m3,off,3700,1.4563106796116505,0.970873786407767,1.941747572815534,2
small,bier127_gen1_m3,off,3750,1.4563106796116505,0.970873786407767,1.941747572815534,2
small,bier127_gen1_m3,off,3800,1.4563106796116505,0.970873786407767,1.941747572815534,2
small,bier127_gen1_m3,off,3850,1.4563106796116505,0.970873786407767,1.941747572815534,2
small,bier127_gen1_m3,off,3900,1.4563106796116505,0.970873786407767,1.941747572815534,2
small,bier127_gen1_m3,off,3950,1.4563106796116505,0.970873786407767,1.941747572815534,2
small,bier127_gen1_m3,off,4000,1.4563106796116505,0.970873786407767,1.941747572815534,2
small,bier127_gen1_m3,off,4050,1.4563106796116505,0.970873786407767,1.941747572815534,2
small,bier127_gen1_m3,off,4100,1.4563106796116505,0.970873786407767,1.941747572815534,2
small,bier127_gen1_m3,off,4150,1.4563106796116505,0.970873786407767,1.941747572815534,2
small,bier127_gen1_m3,off,4200,1.4563106796116505,0.970873786407767,1.941747572815534,2
small,bier127_gen1_m3,off,4250,1.4563106796116505,0.970873786407767,1.941747572815534,2
small,bier127_gen1_m3,off,4300,1.4563106796116505,0.970873786407767,1.941747572815534,2
small,bier127_gen1_m3,off,4350,1.4563106796116505,0.970873786407767,1.941747572815534,2
small,bier127_gen1_m3,off,4400,1.4563106796116505,0.970873786407767,1.941747572815534,2
small,bier127_gen1_m3,off,4450,1.4563106796116505,0.970873786407767,1.941747572815534,2
small,bier127_gen1_m3,off,4500,1.4563106796116505,0.970873786407767,1.941747572815534,2
small,bier127_gen1_m3,off,4550,1.4563106796116505,0.970873786407767,1.941747572815534,2
small,bier127_gen1_m3,off,4600,1.4563106796116505,0.970873786407767,1.941747572815534,2
small,bier127_gen1_m3,off,4650,1.4563106796116505,0.970873786407767,1.941747572815534,2
small,bier127_gen1_m3,off,4700,1.4563106796116505,0.970873786407767,1.941747572815534,2
small,bier127_gen1_m3,off,4750,1.4563106796116505,0.970873786407767,1.941747572815534,2
small,bier127_gen1_m3,off,4800,1.4563106796116505,0.970873786407767,1.941747572815534,2
small,bier127_gen1_m3,off,4850,1.4563106796116505,0.970873786407767,1.941747572815534,2
small,bier127_gen1_m3,off,4900,1.4563106796116505,0.970873786407767,1.941747572815534,2
small,bier127_gen1_m3,off,4950,1.4563106796116505,0.970873786407767,1.941747572815534,2
small,bier127_gen1_m3,off,5000,1.4563106796116505,0.970873786407767,1.941747572815534,2
small,bier127_gen2_m3,k100_l1,0,12.20100129797886,12.20100129797886,12.20100129797886,2
small,bier127_gen2_m3,k100_l1,50,7.491192286297052,7.36139440014834,7.620990172445763,2
small,bier127_gen2_m3,k100_l1,100,4.162803634340812,3.411830150194697,4.913777118486927,2
small,bier127_gen2_m3,k100_l1,150,2.2065640645280915,1.9840534025588723,2.429074726497311,2
small,bier127_gen2_m3,k100_l1,200,1.9562395698127202,1.483404413128129,2.429074726497311,2
small,bier127_gen2_m3,k100_l1,250,1.5297608010383832,1.483404413128129,1.5761171889486372,2
small,bier127_gen2_m3,k100_l1,300,1.4648618579640273,1.446319302799926,1.483404413128129,2
small,bier127_gen2_m3,k100_l1,350,1.4185054700537734,1.3536065269794175,1.483404413128129,2
small,bier127_gen2_m3,k100_l1,400,1.4185054700537734,1.3536065269794175,1.483404413128129,2
small,bier127_gen2_m3,k100_l1,450,1.2701650287409603,1.1867235305025032,1.3536065269794175,2
small,bier127_gen2_m3,k100_l1,500,1.2701650287409603,1.1867235305025032,1.3536065269794175,2
small,bier127_gen2_m3,k100_l1,550,1.2701650287409603,1.1867235305025032,1.3536065269794175,2
small,bier127_gen2_m3,k100_l1,600,1.2701650287409603,1.1867235305025032,1.3536065269794175,2
small,bier127_gen2_m3,k100_l1,650,1.2701650287409603,1.1867235305025032,1.3536065269794175,2
small,bier127_gen2_m3,k100_l1,700,1.2701650287409603,1.1867235305025032,1.3536065269794175,2
small,bier127_gen2_m3,k100_l1,750,1.2701650287409603,1.1867235305025032,1.3536065269794175,2
small,bier127_gen2_m3,k100_l1,800,1.2701650287409603,1.1867235305025032,1.3536065269794175,2
small,bier127_gen2_m3,k100_l1,850,1.2701650287409603,1.1867235305025032,1.3536065269794175,2
small,bier127_gen2_m3,k100_l1,900,1.2701650287409603,1.1867235305025032,1.3536065269794175,2
small,bier127_gen2_m3,k100_l1,950,1.2701650287409603,1.1867235305025032,1.3536065269794175,2
small,bier127_gen2_m3,k100_l1,1000,1.2701650287409603,1.1867235305025032,1.3536065269794175,2
small,bier127_gen2_m3,k100_l1,1050,1.2701650287409603,1.1867235305025032,1.3536065269794175,2
small,bier127_gen2_m3,k100_l1,1100,1.2145373632486556,1.1867235305025032,1.242351195994808,2
small,bier127_gen2_m3,k100_l1,1150,1.2145373632486556,1.1867235305025032,1.242351195994808,2
small,bier127_gen2_m3,k100_l1,1200,1.2145373632486556,1.1867235305025032,1.242351195994808,2
small,bier127_gen2_m3,k100_l1,1250,1.2145373632486556,1.1867235305025032,1.242351195994808,2
small,bier127_gen2_m3,k100_l1,1300,1.2145373632486556,1.1867235305025032,1.242351195994808,2
small,bier127_gen2_m3,k100_l1,1350,1.2145373632486556,1.1867235305025032,1.242351195994808,2
small,bier127_gen2_m3,k100_l1,1400,1.2145373632486556,1.1867235305025032,1.242351195994808,2
small,bier127_gen2_m3,k100_l1,1450,1.2145373632486556,1.1867235305025032,1.242351195994808,2
small,bier127_gen2_m3,k100_l1,1500,1.2145373632486556,1.1867235305025032,1.242351195994808,2
small,bier127_gen2_m3,k100_l1,1550,1.2145373632486556,1.1867235305025032,1.242351195994808,2
small,bier127_gen2_m3,k100_l1,1600,1.2145373632486556,1.1867235305025032,1.242351195994808,2
small,bier127_gen2_m3,k100_l1,1650,1.2145373632486556,1.1867235305025032,1.242351195994808,2
small,bier127_gen2_m3,k100_l1,1700,1.2145373632486556,1.1867235305025032,1.242351195994808,2
small,bier127_gen2_m3,k100_l1,1750,1.2145373632486556,1.1867235305025032,1.242351195994808,2
small,bier127_gen2_m3,k100_l1,1800,1.2145373632486556,1.1867235305025032,1.242351195994808,2
small,bier127_gen2_m3,k100_l1,1850,1.2145373632486556,1.1867235305025032,1.242351195994808,2
small,bier127_gen2_m3,k100_l1,1900,1.2145373632486556,1.1867235305025032,1.242351195994808,2
small,bier127_gen2_m3,k100_l1,1950,1.2145373632486556,1.1867235305025032,1.242351195994808,2
small,bier127_gen2_m3,k100_l1,2000,1.2145373632486556,1.1867235305025032,1.242351195994808,2
small,bier127_gen2_m3,k100_l1,2050,1.2145373632486556,1.1867235305025032,1.242351195994808,2
small,bier127_gen2_m3,k100_l1,2100,1.2145373632486556,1.1867235305025032,1.242351195994808,2
small,bier127_gen2_m3,k100_l1,2150,1.2145373632486556,1.1867235305025032,1.242351195994808,2
small,bier127_gen2_m3,k100_l1,2200,1.2145373632486556,1.1867235305025032,1.242351195994808,2
small,bier127_gen2_m3,k100_l1,2250,1.2145373632486556,1.1867235305025032,1.242351195994808,2
small,bier127_gen2_m3,k100_l1,2300,1.2145373632486556,1.1867235305025032,1.242351195994808,2
small,bier127_gen2_m3,k100_l1,2350,1.2145373632486556,1.1867235305025032,1.242351195994808,2
small,bier127_gen2_m3,k100_l1,2400,1.2145373632486556,1.1867235305025032,1.242351195994808,2
small,bier127_gen2_m3,k100_l1,2450,1.2145373632486556,1.1867235305025032,1.242351195994808,2
small,bier127_gen2_m3,k100_l1,2500,1.2145373632486556,1.1867235305025032,1.242351195994808,2
small,bier127_gen2_m3,k100_l1,2550,1.2145373632486556,1.1867235305025032,1.242351195994808,2
small,bier127_gen2_m3,k100_l1,2600,1.2145373632486556,1.1867235305025032,1.242351195994808,2
small,bier127_gen2_m3,k100_l1,2650,1.2145373632486556,1.1867235305025032,1.242351195994808,2
small,bier127_gen2_m3,k100_l1,2700,1.2145373632486556,1.1867235305025032,1.242351195994808,2
small,bier127_gen2_m3,k100_l1,2750,1.2145373632486556,1.1867235305025032,1.242351195994808,2
small,bier127_gen2_m3,k100_l1,2800,1.2145373632486556,1.1867235305025032,1.242351195994808,2
small,bier127_gen2_m3,k100_l1,2850,1.2145373632486556,1.1867235305025032,1.242351195994808,2
small,bier127_gen2_m3,k100_l1,2900,1.2145373632486556,1.1867235305025032,1.242351195994808,2
small,bier127_gen2_m3,k100_l1,2950,1.2145373632486556,1.1867235305025032,1.242351195994808,2
small,bier127_gen2_m3,k100_l1,3000,1.2145373632486556,1.1867235305025032,1.242351195994808,2
small,bier127_gen2_m3,k100_l1,3050,1.2145373632486556,1.1867235305025032,1.242351195994808,2
small,bier127_gen2_m3,k100_l1,3100,1.2145373632486556,1.1867235305025032,1.242351195994808,2
small,bier127_gen2_m3,k100_l1,3150,1.2145373632486556,1.1867235305025032,1.242351195994808,2
small,bier127_gen2_m3,k100_l1,3200,1.2145373632486556,1.1867235305025032,1.242351195994808,2
small,bier127_gen2_m3,k100_l1,3250,1.2145373632486556,1.1867235305025032,1.242351195994808,2
small,bier127_gen2_m3,k100_l1,3300,1.2145373632486556,1.1867235305025032,1.242351195994808,2
small,bier127_gen2_m3,k100_l1,3350,1.2145373632486556,1.1867235305025032,1.242351195994808,2
small,bier127_gen2_m3,k100_l1,3400,1.2145373632486556,1.1867235305025032,1.242351195994808,2
small,bier127_gen2_m3,k100_l1,3450,1.2145373632486556,1.1867235305025032,1.242351195994808,2
small,bier127_gen2_m3,k100_l1,3500,1.2145373632486556,1.1867235305025032,1.242351195994808,2
small,bier127_gen2_m3,k100_l1,3550,1.2145373632486556,1.1867235305025032,1.242351195994808,2
small,bier127_gen2_m3,k100_l1,3600,1.2145373632486556,1.1867235305025032,1.242351195994808,2
small,bier127_gen2_m3,k100_l1,3650,1.2145373632486556,1.1867235305025032,1.242351195994808,2
small,bier127_gen2_m3,k100_l1,3700,1.2145373632486556,1.1867235305025032,1.242351195994808,2
small,bier127_gen2_m3,k100_l1,3750,1.2145373632486556,1.1867235305025032,1.242351195994808,2
small,bier127_gen2_m3,k100_l1,3800,1.2145373632486556,1.1867235305025032,1.242351195994808,2
small,bier127_gen2_m3,k100_l1,3850,1.2145373632486556,1.1867235305025032,1.242351195994808,2
small,bier127_gen2_m3,k100_l1,3900,1.2145373632486556,1.1867235305025032,1.242351195994808,2
small,bier127_gen2_m3,k100_l1,3950,1.2145373632486556,1.1867235305025032,1.242351195994808,2
small,bier127_gen2_m3,k100_l1,4000,1.2145373632486556,1.1867235305025032,1.242351195994808,2
small,bier127_gen2_m3,k100_l1,4050,1.2145373632486556,1.1867235305025032,1.242351195994808,2
small,bier127_gen2_m3,k100_l1,4100,1.2145373632486556,1.1867235305025032,1.242351195994808,2
small,bier127_gen2_m3,k100_l1,4150,1.2145373632486556,1.1867235305025032,1.242351195994808,2
small,bier127_gen2_m3,k100_l1,4200,1.2145373632486556,1.1867235305025032,1.242351195994808,2
small,bier127_gen2_m3,k100_l1,4250,1.2145373632486556,1.1867235305025032,1.242351195994808,2
small,bier127_gen2_m3,k100_l1,4300,1.2145373632486556,1.1867235305025032,1.242351195994808,2
small,bier127_gen2_m3,k100_l1,4350,1.2145373632486556,1.1867235305025032,1.242351195994808,2
small,bier127_gen2_m3,k100_l1,4400,1.2145373632486556,1.1867235305025032,1.242351195994808,2
small,bier127_gen2_m3,k100_l1,4450,1.2145373632486556,1.1867235305025032,1.242351195994808,2
small,bier127_gen2_m3,k100_l1,4500,1.2145373632486556,1.1867235305025032,1.242351195994808,2
small,bier127_gen2_m3,k100_l1,4550,1.2145373632486556,1.1867235305025032,1.242351195994808,2
small,bier127_gen2_m3,k100_l1,4600,1.2145373632486556,1.1867235305025032,1.242351195994808,2
small,bier127_gen2_m3,k100_l1,4650,1.2145373632486556,1.1867235305025032,1.242351195994808,2
small,bier127_gen2_m3,k100_l1,4700,1.2145373632486556,1.1867235305025032,1.242351195994808,2
small,bier127_gen2_m3,k100_l1,4750,1.2145373632486556,1.1867235305025032,1.242351195994808,2
small,bier127_gen2_m3,k100_l1,4800,1.2145373632486556,1.1867235305025032,1.242351195994808,2
small,bier127_gen2_m3,k100_l1,4850,1.2145373632486556,1.1867235305025032,1.242351195994808,2
small,bier127_gen2_m3,k100_l1,4900,1.2145373632486556,1.1867235305025032,1.242351195994808,2
small,bier127_gen2_m3,k100_l1,4950,1.2145373632486556,1.1867235305025032,1.242351195994808,2
small,bier127_gen2_m3,k100_l1,5000,1.2145373632486556,1.1867235305025032,1.242351195994808,2
small,bier127_gen2_m3,k100_l3,0,12.20100129797886,12.20100129797886,12.20100129797886,2
small,bier127_gen2_m3,k100_l3,50,5.692564435379195,4.617096235861301,6.7680326348970885,2
small,bier127_gen2_m3,k100_l3,100,4.978676061561284,4.487298349712591,5.470053773409976,2
small,bier127_gen2_m3,k100_l3,150,3.8475801965510845,2.2621917300203966,5.432968663081772,2
small,bier127_gen2_m3,k100_l3,200,3.0595216020767664,1.335063971815316,4.783979232338217,2
small,bier127_gen2_m3,k100_l3,250,3.0595216020767664,1.335063971815316,4.783979232338217,2
small,bier127_gen2_m3,k100_l3,300,3.0595216020767664,1.335063971815316,4.783979232338217,2
small,bier127_gen2_m3,k100_l3,350,3.0595216020767664,1.335063971815316,4.783979232338217,2
small,bier127_gen2_m3,k100_l3,400,3.0595216020767664,1.335063971815316,4.783979232338217,2
small,bier127_gen2_m3,k100_l3,450,3.0595216020767664,1.335063971815316,4.783979232338217,2
small,bier127_gen2_m3,k100_l3,500,3.0595216020767664,1.335063971815316,4.783979232338217,2
small,bier127_gen2_m3,k100_l3,550,3.0595216020767664,1.335063971815316,4.783979232338217,2
small,bier127_gen2_m3,k100_l3,600,3.0595216020767664,1.335063971815316,4.783979232338217,2
small,bier127_gen2_m3,k100_l3,650,3.0595216020767664,1.335063971815316,4.783979232338217,2
small,bier127_gen2_m3,k100_l3,700,3.0595216020767664,1.335063971815316,4.783979232338217,2
small,bier127_gen2_m3,k100_l3,750,3.0595216020767664,1.335063971815316,4.783979232338217,2
small,bier127_gen2_m3,k100_l3,800,3.0595216020767664,1.335063971815316,4.783979232338217,2
small,bier127_gen2_m3,k100_l3,850,3.0595216020767664,1.335063971815316,4.783979232338217,2
small,bier127_gen2_m3,k100_l3,900,3.0595216020767664,1.335063971815316,4.783979232338217,2
small,bier127_gen2_m3,k100_l3,950,3.0595216020767664,1.335063971815316,4.783979232338217,2
small,bier127_gen2_m3,k100_l3,1000,3.0595216020767664,1.335063971815316,4.783979232338217,2
small,bier127_gen2_m3,k100_l3,1050,3.0595216020767664,1.335063971815316,4.783979232338217,2
small,bier127_gen2_m3,k100_l3,1100,3.0595216020767664,1.335063971815316,4.783979232338217,2
small,bier127_gen2_m3,k100_l3,1150,3.0595216020767664,1.335063971815316,4.783979232338217,2
small,bier127_gen2_m3,k100_l3,1200,3.0595216020767664,1.335063971815316,4.783979232338217,2
small,bier127_gen2_m3,k100_l3,1250,3.0595216020767664,1.335063971815316,4.783979232338217,2
small,bier127_gen2_m3,k100_l3,1300,3.0595216020767664,1.335063971815316,4.783979232338217,2
small,bier127_gen2_m3,k100_l3,1350,3.0595216020767664,1.335063971815316,4.783979232338217,2
small,bier127_gen2_m3,k100_l3,1400,3.0595216020767664,1.335063971815316,4.783979232338217,2
small,bier127_gen2_m3,k100_l3,1450,3.0595216020767664,1.335063971815316,4.783979232338217,2
small,bier127_gen2_m3,k100_l3,1500,3.0131652141665124,1.242351195994808,4.783979232338217,2
small,bier127_gen2_m3,k100_l3,1550,3.0131652141665124,1.242351195994808,4.783979232338217,2
small,bier127_gen2_m3,k100_l3,1600,3.0131652141665124,1.242351195994808,4.783979232338217,2
small,bier127_gen2_m3,k100_l3,1650,3.0131652141665124,1.242351195994808,4.783979232338217,2
small,bier127_gen2_m3,k100_l3,1700,3.0131652141665124,1.242351195994808,4.783979232338217,2
small,bier127_gen2_m3,k100_l3,1750,3.0131652141665124,1.242351195994808,4.783979232338217,2
small,bier127_gen2_m3,k100_l3,1800,3.0131652141665124,1.242351195994808,4.783979232338217,2
small,bier127_gen2_m3,k100_l3,1850,3.0131652141665124,1.242351195994808,4.783979232338217,2
small,bier127_gen2_m3,k100_l3,1900,3.0131652141665124,1.242351195994808,4.783979232338217,2
small,bier127_gen2_m3,k100_l3,1950,3.0131652141665124,1.242351195994808,4.783979232338217,2
small,bier127_gen2_m3,k100_l3,2000,3.0131652141665124,1.242351195994808,4.783979232338217,2
small,bier127_gen2_m3,k100_l3,2050,3.0131652141665124,1.242351195994808,4.783979232338217,2
small,bier127_gen2_m3,k100_l3,2100,3.0131652141665124,1.242351195994808,4.783979232338217,2
small,bier127_gen2_m3,k100_l3,2150,3.0131652141665124,1.242351195994808,4.783979232338217,2
small,bier127_gen2_m3,k100_l3,2200,3.0131652141665124,1.242351195994808,4.783979232338217,2
small,bier127_gen2_m3,k100_l3,2250,3.0131652141665124,1.242351195994808,4.783979232338217,2
small,bier127_gen2_m3,k100_l3,2300,3.0131652141665124,1.242351195994808,4.783979232338217,2
small,bier127_gen2_m3,k100_l3,2350,3.0131652141665124,1.242351195994808,4.783979232338217,2
small,bier127_gen2_m3,k100_l3,2400,3.0131652141665124,1.242351195994808,4.783979232338217,2
small,bier127_gen2_m3,k100_l3,2450,3.0131652141665124,1.242351195994808,4.783979232338217,2
small,bier127_gen2_m3,k100_l3,2500,3.0131652141665124,1.242351195994808,4.783979232338217,2
small,bier127_gen2_m3,k100_l3,2550,3.0131652141665124,1.242351195994808,4.783979232338217,2
small,bier127_gen2_m3,k100_l3,2600,3.0131652141665124,1.242351195994808,4.783979232338217,2
small,bier127_gen2_m3,k100_l3,2650,3.0131652141665124,1.242351195994808,4.783979232338217,2
small,bier127_gen2_m3,k100_l3,2700,3.0131652141665124,1.242351195994808,4.783979232338217,2
small,bier127_gen2_m3,k100_l3,2750,3.0131652141665124,1.242351195994808,4.783979232338217,2
small,bier127_gen2_m3,k100_l3,2800,3.0131652141665124,1.242351195994808,4.783979232338217,2
small,bier127_gen2_m3,k100_l3,2850,3.0131652141665124,1.242351195994808,4.783979232338217,2
small,bier127_gen2_m3,k100_l3,2900,3.0131652141665124,1.242351195994808,4.783979232338217,2
small,bier127_gen2_m3,k100_l3,2950,3.0131652141665124,1.242351195994808,4.783979232338217,2
small,bier127_gen2_m3,k100_l3,3000,3.0131652141665124,1.242351195994808,4.783979232338217,2
small,bier127_gen2_m3,k100_l3,3050,3.0131652141665124,1.242351195994808,4.783979232338217,2
small,bier127_gen2_m3,k100_l3,3100,3.0131652141665124,1.242351195994808,4.783979232338217,2
small,bier127_gen2_m3,k100_l3,3150,3.0131652141665124,1.242351195994808,4.783979232338217,2
small,bier127_gen2_m3,k100_l3,3200,3.0131652141665124,1.242351195994808,4.783979232338217,2
small,bier127_gen2_m3,k100_l3,3250,3.0131652141665124,1.242351195994808,4.783979232338217,2
small,bier127_gen2_m3,k100_l3,3300,3.0131652141665124,1.242351195994808,4.783979232338217,2
small,bier127_gen2_m3,k100_l3,3350,3.0131652141665124,1.242351195994808,4.783979232338217,2
small,bier127_gen2_m3,k100_l3,3400,3.0131652141665124,1.242351195994808,4.783979232338217,2
small,bier127_gen2_m3,k100_l3,3450,3.0131652141665124,1.242351195994808,4.783979232338217,2
small,bier127_gen2_m3,k100_l3,3500,3.0131652141665124,1.242351195994808,4.783979232338217,2
small,bier127_gen2_m3,k100_l3,3550,3.0131652141665124,1.242351195994808,4.783979232338217,2
small,bier127_gen2_m3,k100_l3,3600,2.9946226590024105,1.242351195994808,4.746894122010013,2
small,bier127_gen2_m3,k100_l3,3650,2.9946226590024105,1.242351195994808,4.746894122010013,2
small,bier127_gen2_m3,k100_l3,3700,2.9946226590024105,1.242351195994808,4.746894122010013,2
small,bier127_gen2_m3,k100_l3,3750,2.9946226590024105,1.242351195994808,4.746894122010013,2
small,bier127_gen2_m3,k100_l3,3800,2.9946226590024105,1.242351195994808,4.746894122010013,2
small,bier127_gen2_m3,k100_l3,3850,2.9946226590024105,1.242351195994808,4.746894122010013,2
small,bier127_gen2_m3,k100_l3,3900,2.9946226590024105,1.242351195994808,4.746894122010013,2
small,bier127_gen2_m3,k100_l3,3950,2.9946226590024105,1.242351195994808,4.746894122010013,2
small,bier127_gen2_m3,k100_l3,4000,2.9946226590024105,1.242351195994808,4.746894122010013,2
small,bier127_gen2_m3,k100_l3,4050,2.9946226590024105,1.242351195994808,4.746894122010013,2
small,bier127_gen2_m3,k100_l3,4100,2.9946226590024105,1.242351195994808,4.746894122010013,2
small,bier127_gen2_m3,k100_l3,4150,2.9946226590024105,1.242351195994808,4.746894122010013,2
small,bier127_gen2_m3,k100_l3,4200,2.9946226590024105,1.242351195994808,4.746894122010013,2
small,bier127_gen2_m3,k100_l3,4250,2.9946226590024105,1.242351195994808,4.746894122010013,2
small,bier127_gen2_m3,k100_l3,4300,2.9946226590024105,1.242351195994808,4.746894122010013,2
small,bier127_gen2_m3,k100_l3,4350,2.9946226590024105,1.242351195994808,4.746894122010013,2
small,bier127_gen2_m3,k100_l3,4400,2.9946226590024105,1.242351195994808,4.746894122010013,2
small,bier127_gen2_m3,k100_l3,4450,2.9946226590024105,1.242351195994808,4.746894122010013,2
small,bier127_gen2_m3,k100_l3,4500,2.9946226590024105,1.242351195994808,4.746894122010013,2
small,bier127_gen2_m3,k100_l3,4550,2.9946226590024105,1.242351195994808,4.746894122010013,2
small,bier127_gen2_m3,k100_l3,4600,2.9946226590024105,1.242351195994808,4.746894122010013,2
small,bier127_gen2_m3,k100_l3,4650,2.9946226590024105,1.242351195994808,4.746894122010013,2
small,bier127_gen2_m3,k100_l3,4700,2.9946226590024105,1.242351195994808,4.746894122010013,2
small,bier127_gen2_m3,k100_l3,4750,2.9946226590024105,1.242351195994808,4.746894122010013,2
small,bier127_gen2_m3,k100_l3,4800,2.9946226590024105,1.242351195994808,4.746894122010013,2
small,bier127_gen2_m3,k100_l3,4850,2.9946226590024105,1.242351195994808,4.746894122010013,2
small,bier127_gen2_m3,k100_l3,4900,2.9946226590024105,1.242351195994808,4.746894122010013,2
small,bier127_gen2_m3,k100_l3,4950,2.9946226590024105,1.242351195994808,4.746894122010013,2
small,bier127_gen2_m3,k100_l3,5000,2.9946226590024105,1.242351195994808,4.746894122010013,2
small,bier127_gen2_m3,k100_l5,0,12.20100129797886,12.20100129797886,12.20100129797886,2
small,bier127_gen2_m3,k100_l5,50,7.7415167810124235,7.175968848507324,8.307064713517523,2
small,bier127_gen2_m3,k100_l5,100,6.387910254033006,6.304468755794549,6.471351752271463,2
small,bier127_gen2_m3,k100_l5,150,6.054144261079177,5.989245318004821,6.119043204153533,2
small,bier127_gen2_m3,k100_l5,200,5.933617652512517,5.877989987020212,5.989245318004821,2
small,bier127_gen2_m3,k100_l5,250,5.62766549230484,5.377340997589468,5.877989987020212,2
small,bier127_gen2_m3,k100_l5,300,5.562766549230484,5.377340997589468,5.7481921008715,2
small,bier127_gen2_m3,k100_l5,350,5.544223994066383,5.377340997589468,5.711106990543297,2
small,bier127_gen2_m3,k100_l5,400,5.479325050992027,5.2475431114407565,5.711106990543297,2
small,bier127_gen2_m3,k100_l5,450,5.479325050992027,5.2475431114407565,5.711106990543297,2
small,bier127_gen2_m3,k100_l5,500,5.256814389022807,5.2475431114407565,5.266085666604858,2
small,bier127_gen2_m3,k100_l5,550,5.015761171889486,4.765436677174114,5.266085666604858,2
small,bier127_gen2_m3,k100_l5,600,5.015761171889486,4.765436677174114,5.266085666604858,2
small,bier127_gen2_m3,k100_l5,650,5.015761171889486,4.765436677174114,5.266085666604858,2
small,bier127_gen2_m3,k100_l5,700,5.015761171889486,4.765436677174114,5.266085666604858,2
small,bier127_gen2_m3,k100_l5,750,5.015761171889486,4.765436677174114,5.266085666604858,2
small,bier127_gen2_m3,k100_l5,800,5.015761171889486,4.765436677174114,5.266085666604858,2
small,bier127_gen2_m3,k100_l5,850,5.015761171889486,4.765436677174114,5.266085666604858,2
small,bier127_gen2_m3,k100_l5,900,4.997218616725386,4.728351566845912,5.266085666604858,2
small,bier127_gen2_m3,k100_l5,950,4.997218616725386,4.728351566845912,5.266085666604858,2
small,bier127_gen2_m3,k100_l5,1000,4.172074911922863,3.078064157240868,5.266085666604858,2
small,bier127_gen2_m3,k100_l5,1050,4.172074911922863,3.078064157240868,5.266085666604858,2
small,bier127_gen2_m3,k100_l5,1100,4.172074911922863,3.078064157240868,5.266085666604858,2
small,bier127_gen2_m3,k100_l5,1150,4.172074911922863,3.078064157240868,5.266085666604858,2
small,bier127_gen2_m3,k100_l5,1200,4.172074911922863,3.078064157240868,5.266085666604858,2
small,bier127_gen2_m3,k100_l5,1250,4.172074911922863,3.078064157240868,5.266085666604858,2
small,bier127_gen2_m3,k100_l5,1300,4.172074911922863,3.078064157240868,5.266085666604858,2
small,bier127_gen2_m3,k100_l5,1350,4.172074911922863,3.078064157240868,5.266085666604858,2
small,bier127_gen2_m3,k100_l5,1400,4.172074911922863,3.078064157240868,5.266085666604858,2
small,bier127_gen2_m3,k100_l5,1450,4.172074911922863,3.078064157240868,5.266085666604858,2
small,bier127_gen2_m3,k100_l5,1500,4.172074911922863,3.078064157240868,5.266085666604858,2
small,bier127_gen2_m3,k100_l5,1550,4.172074911922863,3.078064157240868,5.266085666604858,2
small,bier127_gen2_m3,k100_l5,1600,4.172074911922863,3.078064157240868,5.266085666604858,2
small,bier127_gen2_m3,k100_l5,1650,4.172074911922863,3.078064157240868,5.266085666604858,2
small,bier127_gen2_m3,k100_l5,1700,4.172074911922863,3.078064157240868,5.266085666604858,2
small,bier127_gen2_m3,k100_l5,1750,4.172074911922863,3.078064157240868,5.266085666604858,2
small,bier127_gen2_m3,k100_l5,1800,4.162803634340812,3.0595216020767664,5.266085666604858,2
small,bier127_gen2_m3,k100_l5,1850,3.9032078620433897,2.540330057481921,5.266085666604858,2
small,bier127_gen2_m3,k100_l5,1900,3.9032078620433897,2.540330057481921,5.266085666604858,2
small,bier127_gen2_m3,k100_l5,1950,3.9032078620433897,2.540330057481921,5.266085666604858,2
small,bier127_gen2_m3,k100_l5,2000,3.9032078620433897,2.540330057481921,5.266085666604858,2
small,bier127_gen2_m3,k100_l5,2050,3.9032078620433897,2.540330057481921,5.266085666604858,2
small,bier127_gen2_m3,k100_l5,2100,3.9032078620433897,2.540330057481921,5.266085666604858,2
small,bier127_gen2_m3,k100_l5,2150,3.9032078620433897,2.540330057481921,5.266085666604858,2
small,bier127_gen2_m3,k100_l5,2200,3.8104950862228817,2.354904505840905,5.266085666604858,2
small,bier127_gen2_m3,k100_l5,2250,3.625069534581865,1.9840534025588723,5.266085666604858,2
small,bier127_gen2_m3,k100_l5,2300,3.6065269794177635,1.9469682922306693,5.266085666604858,2
small,bier127_gen2_m3,k100_l5,2350,3.6065269794177635,1.9469682922306693,5.266085666604858,2
small,bier127_gen2_m3,k100_l5,2400,3.587984424253662,1.9469682922306693,5.229000556276655,2
small,bier127_gen2_m3,k100_l5,2450,3.587984424253662,1.9469682922306693,5.229000556276655,2
small,bier127_gen2_m3,k100_l5,2500,3.587984424253662,1.9469682922306693,5.229000556276655,2
small,bier127_gen2_m3,k100_l5,2550,3.587984424253662,1.9469682922306693,5.229000556276655,2
small,bier127_gen2_m3,k100_l5,2600,3.587984424253662,1.9469682922306693,5.229000556276655,2
small,bier127_gen2_m3,k100_l5,2650,3.587984424253662,1.9469682922306693,5.229000556276655,2
small,bier127_gen2_m3,k100_l5,2700,3.587984424253662,1.9469682922306693,5.229000556276655,2
small,bier127_gen2_m3,k100_l5,2750,3.587984424253662,1.9469682922306693,5.229000556276655,2
small,bier127_gen2_m3,k100_l5,2800,3.587984424253662,1.9469682922306693,5.229000556276655,2
small,bier127_gen2_m3,k100_l5,2850,3.587984424253662,1.9469682922306693,5.229000556276655,2
small,bier127_gen2_m3,k100_l5,2900,3.587984424253662,1.9469682922306693,5.229000556276655,2
small,bier127_gen2_m3,k100_l5,2950,3.587984424253662,1.9469682922306693,5.229000556276655,2
small,bier127_gen2_m3,k100_l5,3000,3.5601705915075095,1.9469682922306693,5.17337289078435,2
small,bier127_gen2_m3,k100_l5,3050,3.5601705915075095,1.9469682922306693,5.17337289078435,2
small,bier127_gen2_m3,k100_l5,3100,3.541628036343408,1.9469682922306693,5.136287780456147,2
small,bier127_gen2_m3,k100_l5,3150,3.541628036343408,1.9469682922306693,5.136287780456147,2
small,bier127_gen2_m3,k100_l5,3200,3.541628036343408,1.9469682922306693,5.136287780456147,2
small,bier127_gen2_m3,k100_l5,3250,3.523085481179306,1.9469682922306693,5.099202670127943,2
small,bier127_gen2_m3,k100_l5,3300,3.523085481179306,1.9469682922306693,5.099202670127943,2
small,bier127_gen2_m3,k100_l5,3350,3.523085481179306,1.9469682922306693,5.099202670127943,2
small,bier127_gen2_m3,k100_l5,3400,3.523085481179306,1.9469682922306693,5.099202670127943,2
small,bier127_gen2_m3,k100_l5,3450,3.523085481179306,1.9469682922306693,5.099202670127943,2
small,bier127_gen2_m3,k100_l5,3500,3.523085481179306,1.9469682922306693,5.099202670127943,2
small,bier127_gen2_m3,k100_l5,3550,3.523085481179306,1.9469682922306693,5.099202670127943,2
small,bier127_gen2_m3,k100_l5,3600,3.523085481179306,1.9469682922306693,5.099202670127943,2
small,bier127_gen2_m3,k100_l5,3650,3.523085481179306,1.9469682922306693,5.099202670127943,2
small,bier127_gen2_m3,k100_l5,3700,3.523085481179306,1.9469682922306693,5.099202670127943,2
small,bier127_gen2_m3,k100_l5,3750,3.2449471537177823,1.9469682922306693,4.542926015204896,2
small,bier127_gen2_m3,k100_l5,3800,3.2449471537177823,1.9469682922306693,4.542926015204896,2
small,bier127_gen2_m3,k100_l5,3850,3.2449471537177823,1.9469682922306693,4.542926015204896,2
small,bier127_gen2_m3,k100_l5,3900,3.2449471537177823,1.9469682922306693,4.542926015204896,2
small,bier127_gen2_m3,k100_l5,3950,3.1707769330613758,1.9469682922306693,4.3945855738920825,2
small,bier127_gen2_m3,k100_l5,4000,3.1707769330613758,1.9469682922306693,4.3945855738920825,2
small,bier127_gen2_m3,k100_l5,4050,3.1707769330613758,1.9469682922306693,4.3945855738920825,2
small,bier127_gen2_m3,k100_l5,4100,3.1707769330613758,1.9469682922306693,4.3945855738920825,2
small,bier127_gen2_m3,k100_l5,4150,3.1707769330613758,1.9469682922306693,4.3945855738920825,2
small,bier127_gen2_m3,k100_l5,4200,3.1707769330613758,1.9469682922306693,4.3945855738920825,2
small,bier127_gen2_m3,k100_l5,4250,3.1707769330613758,1.9469682922306693,4.3945855738920825,2
small,bier127_gen2_m3,k100_l5,4300,3.1707769330613758,1.9469682922306693,4.3945855738920825,2
small,bier127_gen2_m3,k100_l5,4350,3.1707769330613758,1.9469682922306693,4.3945855738920825,2
small,bier127_gen2_m3,k100_l5,4400,3.1707769330613758,1.9469682922306693,4.3945855738920825,2
small,bier127_gen2_m3,k100_l5,4450,3.1707769330613758,1.9469682922306693,4.3945855738920825,2
small,bier127_gen2_m3,k100_l5,4500,3.1707769330613758,1.9469682922306693,4.3945855738920825,2
small,bier127_gen2_m3,k100_l5,4550,3.1707769330613758,1.9469682922306693,4.3945855738920825,2
small,bier127_gen2_m3,k100_l5,4600,3.152234377897274,1.9469682922306693,4.357500463563879,2
small,bier127_gen2_m3,k100_l5,4650,3.152234377897274,1.9469682922306693,4.357500463563879,2
small,bier127_gen2_m3,k100_l5,4700,3.152234377897274,1.9469682922306693,4.357500463563879,2
small,bier127_gen2_m3,k100_l5,4750,3.152234377897274,1.9469682922306693,4.357500463563879,2
small,bier127_gen2_m3,k100_l5,4800,3.152234377897274,1.9469682922306693,4.357500463563879,2
small,bier127_gen2_m3,k100_l5,4850,3.152234377897274,1.9469682922306693,4.357500463563879,2
small,bier127_gen2_m3,k100_l5,4900,3.152234377897274,1.9469682922306693,4.357500463563879,2
small,bier127_gen2_m3,k100_l5,4950,3.152234377897274,1.9469682922306693,4.357500463563879,2
small,bier127_gen2_m3,k100_l5,5000,3.152234377897274,1.9469682922306693,4.357500463563879,2
small,bier127_gen2_m3,k100_linf,0,12.20100129797886,12.20100129797886,12.20100129797886,2
small,bier127_gen2_m3,k100_linf,50,5.349527164843316,2.447617281661413,8.251437048025219,2
small,bier127_gen2_m3,k100_linf,100,5.043575004635639,2.447617281661413,7.639532727609865,2
small,bier127_gen2_m3,k100_linf,150,2.5310587798998703,2.447617281661413,2.6145002781383275,2
small,bier127_gen2_m3,k100_linf,200,2.5310587798998703,2.447617281661413,2.6145002781383275,2
small,bier127_gen2_m3,k100_linf,250,2.3919896161691083,2.336361950676803,2.447617281661413,2
small,bier127_gen2_m3,k100_linf,300,2.2343778972742445,2.021138512887076,2.447617281661413,2
small,bier127_gen2_m3,k100_linf,350,1.9376970146486188,1.9098831819024664,1.965510847394771,2
small,bier127_gen2_m3,k100_linf,400,1.8635267939922122,1.817170406081958,1.9098831819024664,2
small,bier127_gen2_m3,k100_linf,450,1.6132022992768402,1.3536065269794175,1.872798071574263,2
small,bier127_gen2_m3,k100_linf,500,1.6132022992768402,1.3536065269794175,1.872798071574263,2
small,bier127_gen2_m3,k100_linf,550,1.6132022992768402,1.3536065269794175,1.872798071574263,2
small,bier127_gen2_m3,k100_linf,600,1.6132022992768402,1.3536065269794175,1.872798071574263,2
small,bier127_gen2_m3,k100_linf,650,1.6132022992768402,1.3536065269794175,1.872798071574263,2
small,bier127_gen2_m3,k100_linf,700,1.6132022992768402,1.3536065269794175,1.872798071574263,2
small,bier127_gen2_m3,k100_linf,750,1.6132022992768402,1.3536065269794175,1.872798071574263,2
small,bier127_gen2_m3,k100_linf,800,1.5483033562024846,1.3536065269794175,1.7430001854255517,2
small,bier127_gen2_m3,k100_linf,850,1.5483033562024846,1.3536065269794175,1.7430001854255517,2
small,bier127_gen2_m3,k100_linf,900,1.539032078620434,1.335063971815316,1.7430001854255517,2
small,bier127_gen2_m3,k100_linf,950,1.539032078620434,1.335063971815316,1.7430001854255517,2
small,bier127_gen2_m3,k100_linf,1000,1.539032078620434,1.335063971815316,1.7430001854255517,2
small,bier127_gen2_m3,k100_linf,1050,1.539032078620434,1.335063971815316,1.7430001854255517,2
small,bier127_gen2_m3,k100_linf,1100,1.539032078620434,1.335063971815316,1.7430001854255517,2
small,bier127_gen2_m3,k100_linf,1150,1.539032078620434,1.335063971815316,1.7430001854255517,2
small,bier127_gen2_m3,k100_linf,1200,1.539032078620434,1.335063971815316,1.7430001854255517,2
small,bier127_gen2_m3,k100_linf,1250,1.49267569071018,1.242351195994808,1.7430001854255517,2
small,bier127_gen2_m3,k100_linf,1300,1.49267569071018,1.242351195994808,1.7430001854255517,2
small,bier127_gen2_m3,k100_linf,1350,1.49267569071018,1.242351195994808,1.7430001854255517,2
small,bier127_gen2_m3,k100_linf,1400,1.49267569071018,1.242351195994808,1.7430001854255517,2
small,bier127_gen2_m3,k100_linf,1450,1.49267569071018,1.242351195994808,1.7430001854255517,2
small,bier127_gen2_m3,k100_linf,1500,1.49267569071018,1.242351195994808,1.7430001854255517,2
small,bier127_gen2_m3,k100_linf,1550,1.49267569071018,1.242351195994808,1.7430001854255517,2
small,bier127_gen2_m3,k100_linf,1600,1.49267569071018,1.242351195994808,1.7430001854255517,2
small,bier127_gen2_m3,k100_linf,1650,1.49267569071018,1.242351195994808,1.7430001854255517,2
small,bier127_gen2_m3,k100_linf,1700,1.49267569071018,1.242351195994808,1.7430001854255517,2
small,bier127_gen2_m3,k100_linf,1750,1.49267569071018,1.242351195994808,1.7430001854255517,2
small,bier127_gen2_m3,k100_linf,1800,1.49267569071018,1.242351195994808,1.7430001854255517,2
small,bier127_gen2_m3,k100_linf,1850,1.49267569071018,1.242351195994808,1.7430001854255517,2
small,bier127_gen2_m3,k100_linf,1900,1.49267569071018,1.242351195994808,1.7430001854255517,2
small,bier127_gen2_m3,k100_linf,1950,1.49267569071018,1.242351195994808,1.7430001854255517,2
small,bier127_gen2_m3,k100_linf,2000,1.49267569071018,1.242351195994808,1.7430001854255517,2
small,bier127_gen2_m3,k100_linf,2050,1.49267569071018,1.242351195994808,1.7430001854255517,2
small,bier127_gen2_m3,k100_linf,2100,1.49267569071018,1.242351195994808,1.7430001854255517,2
small,bier127_gen2_m3,k100_linf,2150,1.49267569071018,1.242351195994808,1.7430001854255517,2
small,bier127_gen2_m3,k100_linf,2200,1.49267569071018,1.242351195994808,1.7430001854255517,2
small,bier127_gen2_m3,k100_linf,2250,1.49267569071018,1.242351195994808,1.7430001854255517,2
small,bier127_gen2_m3,k100_linf,2300,1.49267569071018,1.242351195994808,1.7430001854255517,2
small,bier127_gen2_m3,k100_linf,2350,1.49267569071018,1.242351195994808,1.7430001854255517,2
small,bier127_gen2_m3,k100_linf,2400,1.49267569071018,1.242351195994808,1.7430001854255517,2
small,bier127_gen2_m3,k100_linf,2450,1.49267569071018,1.242351195994808,1.7430001854255517,2
small,bier127_gen2_m3,k100_linf,2500,1.49267569071018,1.242351195994808,1.7430001854255517,2
small,bier127_gen2_m3,k100_linf,2550,1.49267569071018,1.242351195994808,1.7430001854255517,2
small,bier127_gen2_m3,k100_linf,2600,1.49267569071018,1.242351195994808,1.7430001854255517,2
small,bier127_gen2_m3,k100_linf,2650,1.49267569071018,1.242351195994808,1.7430001854255517,2
small,bier127_gen2_m3,k100_linf,2700,1.49267569071018,1.242351195994808,1.7430001854255517,2
small,bier127_gen2_m3,k100_linf,2750,1.49267569071018,1.242351195994808,1.7430001854255517,2
small,bier127_gen2_m3,k100_linf,2800,1.49267569071018,1.242351195994808,1.7430001854255517,2
small,bier127_gen2_m3,k100_linf,2850,1.49267569071018,1.242351195994808,1.7430001854255517,2
small,bier127_gen2_m3,k100_linf,2900,1.49267569071018,1.242351195994808,1.7430001854255517,2
small,bier127_gen2_m3,k100_linf,2950,1.49267569071018,1.242351195994808,1.7430001854255517,2
small,bier127_gen2_m3,k100_linf,3000,1.49267569071018,1.242351195994808,1.7430001854255517,2
small,bier127_gen2_m3,k100_linf,3050,1.49267569071018,1.242351195994808,1.7430001854255517,2
small,bier127_gen2_m3,k100_linf,3100,1.49267569071018,1.242351195994808,1.7430001854255517,2
small,bier127_gen2_m3,k100_linf,3150,1.49267569071018,1.242351195994808,1.7430001854255517,2
small,bier127_gen2_m3,k100_linf,3200,1.49267569071018,1.242351195994808,1.7430001854255517,2
small,bier127_gen2_m3,k100_linf,3250,1.49267569071018,1.242351195994808,1.7430001854255517,2
small,bier127_gen2_m3,k100_linf,3300,1.49267569071018,1.242351195994808,1.7430001854255517,2
small,bier127_gen2_m3,k100_linf,3350,1.49267569071018,1.242351195994808,1.7430001854255517,2
small,bier127_gen2_m3,k100_linf,3400,1.49267569071018,1.242351195994808,1.7430001854255517,2
small,bier127_gen2_m3,k100_linf,3450,1.49267569071018,1.242351195994808,1.7430001854255517,2
small,bier127_gen2_m3,k100_linf,3500,1.49267569071018,1.242351195994808,1.7430001854255517,2
small,bier127_gen2_m3,k100_linf,3550,1.49267569071018,1.242351195994808,1.7430001854255517,2
small,bier127_gen2_m3,k100_linf,3600,1.49267569071018,1.242351195994808,1.7430001854255517,2
small,bier127_gen2_m3,k100_linf,3650,1.49267569071018,1.242351195994808,1.7430001854255517,2
small,bier127_gen2_m3,k100_linf,3700,1.49267569071018,1.242351195994808,1.7430001854255517,2
small,bier127_gen2_m3,k100_linf,3750,1.49267569071018,1.242351195994808,1.7430001854255517,2
small,bier127_gen2_m3,k100_linf,3800,1.49267569071018,1.242351195994808,1.7430001854255517,2
small,bier127_gen2_m3,k100_linf,3850,1.49267569071018,1.242351195994808,1.7430001854255517,2
small,bier127_gen2_m3,k100_linf,3900,1.49267569071018,1.242351195994808,1.7430001854255517,2
small,bier127_gen2_m3,k100_linf,3950,1.49267569071018,1.242351195994808,1.7430001854255517,2
small,bier127_gen2_m3,k100_linf,4000,1.49267569071018,1.242351195994808,1.7430001854255517,2
small,bier127_gen2_m3,k100_linf,4050,1.49267569071018,1.242351195994808,1.7430001854255517,2
small,bier127_gen2_m3,k100_linf,4100,1.49267569071018,1.242351195994808,1.7430001854255517,2
small,bier127_gen2_m3,k100_linf,4150,1.49267569071018,1.242351195994808,1.7430001854255517,2
small,bier127_gen2_m3,k100_linf,4200,1.49267569071018,1.242351195994808,1.7430001854255517,2
small,bier127_gen2_m3,k100_linf,4250,1.49267569071018,1.242351195994808,1.7430001854255517,2
small,bier127_gen2_m3,k100_linf,4300,1.49267569071018,1.242351195994808,1.7430001854255517,2
small,bier127_gen2_m3,k100_linf,4350,1.49267569071018,1.242351195994808,1.7430001854255517,2
small,bier127_gen2_m3,k100_linf,4400,1.49267569071018,1.242351195994808,1.7430001854255517,2
small,bier127_gen2_m3,k100_linf,4450,1.49267569071018,1.242351195994808,1.7430001854255517,2
small,bier127_gen2_m3,k100_linf,4500,1.49267569071018,1.242351195994808,1.7430001854255517,2
small,bier127_gen2_m3,k100_linf,4550,1.49267569071018,1.242351195994808,1.7430001854255517,2
small,bier127_gen2_m3,k100_linf,4600,1.49267569071018,1.242351195994808,1.7430001854255517,2
small,bier127_gen2_m3,k100_linf,4650,1.49267569071018,1.242351195994808,1.7430001854255517,2
small,bier127_gen2_m3,k100_linf,4700,1.49267569071018,1.242351195994808,1.7430001854255517,2
small,bier127_gen2_m3,k100_linf,4750,1.49267569071018,1.242351195994808,1.7430001854255517,2
small,bier127_gen2_m3,k100_linf,4800,1.49267569071018,1.242351195994808,1.7430001854255517,2
small,bier127_gen2_m3,k100_linf,4850,1.49267569071018,1.242351195994808,1.7430001854255517,2
small,bier127_gen2_m3,k100_linf,4900,1.49267569071018,1.242351195994808,1.7430001854255517,2
small,bier127_gen2_m3,k100_linf,4950,1.49267569071018,1.242351195994808,1.7430001854255517,2
small,bier127_gen2_m3,k100_linf,5000,1.49267569071018,1.242351195994808,1.7430001854255517,2
small,bier127_gen2_m3,k20_l1,0,12.20100129797886,12.20100129797886,12.20100129797886,2
small,bier127_gen2_m3,k20_l1,50,5.85944743185611,5.28462822176896,6.43426664194326,2
small,bier127_gen2_m3,k20_l1,100,5.776005933617652,5.17337289078435,6.378638976450955,2
small,bier127_gen2_m3,k20_l1,150,5.562766549230484,5.17337289078435,5.952160207676618,2
small,bier127_gen2_m3,k20_l1,200,5.479325050992027,5.1548303356202485,5.803819766363805,2
small,bier127_gen2_m3,k20_l1,250,5.1826441683664015,5.1548303356202485,5.210458001112554,2
small,bier127_gen2_m3,k20_l1,300,5.1826441683664015,5.1548303356202485,5.210458001112554,2
small,bier127_gen2_m3,k20_l1,350,5.1826441683664015,5.1548303356202485,5.210458001112554,2
small,bier127_gen2_m3,k20_l1,400,5.1826441683664015,5.1548303356202485,5.210458001112554,2
small,bier127_gen2_m3,k20_l1,450,5.1826441683664015,5.1548303356202485,5.210458001112554,2
small,bier127_gen2_m3,k20_l1,500,5.1826441683664015,5.1548303356202485,5.210458001112554,2
small,bier127_gen2_m3,k20_l1,550,5.1826441683664015,5.1548303356202485,5.210458001112554,2
small,bier127_gen2_m3,k20_l1,600,5.1548303356202485,5.1548303356202485,5.1548303356202485,2
small,bier127_gen2_m3,k20_l1,650,5.089931392545893,5.025032449471537,5.1548303356202485,2
small,bier127_gen2_m3,k20_l1,700,5.089931392545893,5.025032449471537,5.1548303356202485,2
small,bier127_gen2_m3,k20_l1,750,5.089931392545893,5.025032449471537,5.1548303356202485,2
small,bier127_gen2_m3,k20_l1,800,5.089931392545893,5.025032449471537,5.1548303356202485,2
small,bier127_gen2_m3,k20_l1,850,5.089931392545893,5.025032449471537,5.1548303356202485,2
small,bier127_gen2_m3,k20_l1,900,5.089931392545893,5.025032449471537,5.1548303356202485,2
small,bier127_gen2_m3,k20_l1,950,5.089931392545893,5.025032449471537,5.1548303356202485,2
small,bier127_gen2_m3,k20_l1,1000,5.089931392545893,5.025032449471537,5.1548303356202485,2
small,bier127_gen2_m3,k20_l1,1050,5.089931392545893,5.025032449471537,5.1548303356202485,2
small,bier127_gen2_m3,k20_l1,1100,5.089931392545893,5.025032449471537,5.1548303356202485,2
small,bier127_gen2_m3,k20_l1,1150,5.089931392545893,5.025032449471537,5.1548303356202485,2
small,bier127_gen2_m3,k20_l1,1200,4.969404783979233,4.783979232338217,5.1548303356202485,2
small,bier127_gen2_m3,k20_l1,1250,4.885963285740775,4.617096235861301,5.1548303356202485,2
small,bier127_gen2_m3,k20_l1,1300,4.885963285740775,4.617096235861301,5.1548303356202485,2
small,bier127_gen2_m3,k20_l1,1350,4.746894122010013,4.338957908399777,5.1548303356202485,2
small,bier127_gen2_m3,k20_l1,1400,4.737622844427962,4.320415353235676,5.1548303356202485,2
small,bier127_gen2_m3,k20_l1,1450,4.709809011681809,4.264787687743371,5.1548303356202485,2
small,bier127_gen2_m3,k20_l1,1500,4.681995178935658,4.209160022251067,5.1548303356202485,2
small,bier127_gen2_m3,k20_l1,1550,4.681995178935658,4.209160022251067,5.1548303356202485,2
small,bier127_gen2_m3,k20_l1,1600,4.681995178935658,4.209160022251067,5.1548303356202485,2
small,bier127_gen2_m3,k20_l1,1650,4.681995178935658,4.209160022251067,5.1548303356202485,2
small,bier127_gen2_m3,k20_l1,1700,4.681995178935658,4.209160022251067,5.1548303356202485,2
small,bier127_gen2_m3,k20_l1,1750,4.681995178935658,4.209160022251067,5.1548303356202485,2
small,bier127_gen2_m3,k20_l1,1800,4.533654737622845,4.209160022251067,4.858149452994622,2
small,bier127_gen2_m3,k20_l1,1850,4.533654737622845,4.209160022251067,4.858149452994622,2
small,bier127_gen2_m3,k20_l1,1900,4.505840904876692,4.209160022251067,4.802521787502318,2
small,bier127_gen2_m3,k20_l1,1950,4.385314296310032,4.209160022251067,4.561468570368997,2
small,bier127_gen2_m3,k20_l1,2000,4.385314296310032,4.209160022251067,4.561468570368997,2
small,bier127_gen2_m3,k20_l1,2050,4.385314296310032,4.209160022251067,4.561468570368997,2
small,bier127_gen2_m3,k20_l1,2100,4.385314296310032,4.209160022251067,4.561468570368997,2
small,bier127_gen2_m3,k20_l1,2150,4.385314296310032,4.209160022251067,4.561468570368997,2
small,bier127_gen2_m3,k20_l1,2200,4.385314296310032,4.209160022251067,4.561468570368997,2
small,bier127_gen2_m3,k20_l1,2250,4.385314296310032,4.209160022251067,4.561468570368997,2
small,bier127_gen2_m3,k20_l1,2300,4.385314296310032,4.209160022251067,4.561468570368997,2
small,bier127_gen2_m3,k20_l1,2350,4.385314296310032,4.209160022251067,4.561468570368997,2
small,bier127_gen2_m3,k20_l1,2400,4.385314296310032,4.209160022251067,4.561468570368997,2
small,bier127_gen2_m3,k20_l1,2450,4.385314296310032,4.209160022251067,4.561468570368997,2
small,bier127_gen2_m3,k20_l1,2500,4.385314296310032,4.209160022251067,4.561468570368997,2
small,bier127_gen2_m3,k20_l1,2550,4.385314296310032,4.209160022251067,4.561468570368997,2
small,bier127_gen2_m3,k20_l1,2600,4.385314296310032,4.209160022251067,4.561468570368997,2
small,bier127_gen2_m3,k20_l1,2650,4.385314296310032,4.209160022251067,4.561468570368997,2
small,bier127_gen2_m3,k20_l1,2700,4.385314296310032,4.209160022251067,4.561468570368997,2
small,bier127_gen2_m3,k20_l1,2750,4.385314296310032,4.209160022251067,4.561468570368997,2
small,bier127_gen2_m3,k20_l1,2800,4.385314296310032,4.209160022251067,4.561468570368997,2
small,bier127_gen2_m3,k20_l1,2850,4.385314296310032,4.209160022251067,4.561468570368997,2
small,bier127_gen2_m3,k20_l1,2900,4.385314296310032,4.209160022251067,4.561468570368997,2
small,bier127_gen2_m3,k20_l1,2950,4.385314296310032,4.209160022251067,4.561468570368997,2
small,bier127_gen2_m3,k20_l1,3000,4.385314296310032,4.209160022251067,4.561468570368997,2
small,bier127_gen2_m3,k20_l1,3050,4.385314296310032,4.209160022251067,4.561468570368997,2
small,bier127_gen2_m3,k20_l1,3100,4.385314296310032,4.209160022251067,4.561468570368997,2
small,bier127_gen2_m3,k20_l1,3150,4.385314296310032,4.209160022251067,4.561468570368997,2
small,bier127_gen2_m3,k20_l1,3200,4.385314296310032,4.209160022251067,4.561468570368997,2
small,bier127_gen2_m3,k20_l1,3250,4.385314296310032,4.209160022251067,4.561468570368997,2
small,bier127_gen2_m3,k20_l1,3300,4.385314296310032,4.209160022251067,4.561468570368997,2
small,bier127_gen2_m3,k20_l1,3350,4.385314296310032,4.209160022251067,4.561468570368997,2
small,bier127_gen2_m3,k20_l1,3400,4.385314296310032,4.209160022251067,4.561468570368997,2
small,bier127_gen2_m3,k20_l1,3450,4.385314296310032,4.209160022251067,4.561468570368997,2
small,bier127_gen2_m3,k20_l1,3500,4.385314296310032,4.209160022251067,4.561468570368997,2
small,bier127_gen2_m3,k20_l1,3550,4.385314296310032,4.209160022251067,4.561468570368997,2
small,bier127_gen2_m3,k20_l1,3600,4.385314296310032,4.209160022251067,4.561468570368997,2
small,bier127_gen2_m3,k20_l1,3650,4.385314296310032,4.209160022251067,4.561468570368997,2
small,bier127_gen2_m3,k20_l1,3700,4.385314296310032,4.209160022251067,4.561468570368997,2
small,bier127_gen2_m3,k20_l1,3750,4.385314296310032,4.209160022251067,4.561468570368997,2
small,bier127_gen2_m3,k20_l1,3800,4.385314296310032,4.209160022251067,4.561468570368997,2
small,bier127_gen2_m3,k20_l1,3850,4.385314296310032,4.209160022251067,4.561468570368997,2
small,bier127_gen2_m3,k20_l1,3900,4.385314296310032,4.209160022251067,4.561468570368997,2
small,bier127_gen2_m3,k20_l1,3950,4.385314296310032,4.209160022251067,4.561468570368997,2
small,bier127_gen2_m3,k20_l1,4000,4.385314296310032,4.209160022251067,4.561468570368997,2
small,bier127_gen2_m3,k20_l1,4050,4.385314296310032,4.209160022251067,4.561468570368997,2
small,bier127_gen2_m3,k20_l1,4100,4.385314296310032,4.209160022251067,4.561468570368997,2
small,bier127_gen2_m3,k20_l1,4150,4.385314296310032,4.209160022251067,4.561468570368997,2
small,bier127_gen2_m3,k20_l1,4200,4.385314296310032,4.209160022251067,4.561468570368997,2
small,bier127_gen2_m3,k20_l1,4250,4.385314296310032,4.209160022251067,4.561468570368997,2
small,bier127_gen2_m3,k20_l1,4300,4.385314296310032,4.209160022251067,4.561468570368997,2
small,bier127_gen2_m3,k20_l1,4350,4.385314296310032,4.209160022251067,4.561468570368997,2
small,bier127_gen2_m3,k20_l1,4400,4.385314296310032,4.209160022251067,4.561468570368997,2
small,bier127_gen2_m3,k20_l1,4450,4.385314296310032,4.209160022251067,4.561468570368997,2
small,bier127_gen2_m3,k20_l1,4500,4.385314296310032,4.209160022251067,4.561468570368997,2
small,bier127_gen2_m3,k20_l1,4550,4.385314296310032,4.209160022251067,4.561468570368997,2
small,bier127_gen2_m3,k20_l1,4600,4.385314296310032,4.209160022251067,4.561468570368997,2
small,bier127_gen2_m3,k20_l1,4650,4.385314296310032,4.209160022251067,4.561468570368997,2
small,bier127_gen2_m3,k20_l1,4700,4.385314296310032,4.209160022251067,4.561468570368997,2
small,bier127_gen2_m3,k20_l1,4750,4.385314296310032,4.209160022251067,4.561468570368997,2
small,bier127_gen2_m3,k20_l1,4800,4.385314296310032,4.209160022251067,4.561468570368997,2
small,bier127_gen2_m3,k20_l1,4850,4.385314296310032,4.209160022251067,4.561468570368997,2
small,bier127_gen2_m3,k20_l1,4900,4.385314296310032,4.209160022251067,4.561468570368997,2
small,bier127_gen2_m3,k20_l1,4950,4.385314296310032,4.209160022251067,4.561468570368997,2
small,bier127_gen2_m3,k20_l1,5000,4.385314296310032,4.209160022251067,4.561468570368997,2
small,bier127_gen2_m3,k6_l1,0,12.20100129797886,12.20100129797886,12.20100129797886,2
small,bier127_gen2_m3,k6_l1,50,7.750788058594473,7.435564620804747,8.066011496384201,2
small,bier127_gen2_m3,k6_l1,100,4.3296866308177275,2.4105321713332097,6.248841090302244,2
small,bier127_gen2_m3,k6_l1,150,4.070090858520304,2.021138512887076,6.119043204153533,2
small,bier127_gen2_m3,k6_l1,200,4.070090858520304,2.021138512887076,6.119043204153533,2
small,bier127_gen2_m3,k6_l1,250,3.9959206378638976,1.872798071574263,6.119043204153533,2
small,bier127_gen2_m3,k6_l1,300,3.9959206378638976,1.872798071574263,6.119043204153533,2
small,bier127_gen2_m3,k6_l1,350,3.7177823104023737,1.872798071574263,5.562766549230484,2
small,bier127_gen2_m3,k6_l1,400,3.7177823104023737,1.872798071574263,5.562766549230484,2
small,bier127_gen2_m3,k6_l1,450,3.4489152605228997,1.872798071574263,5.025032449471537,2
small,bier127_gen2_m3,k6_l1,500,3.346931207120342,1.872798071574263,4.82106434266642,2
small,bier127_gen2_m3,k6_l1,550,3.346931207120342,1.872798071574263,4.82106434266642,2
small,bier127_gen2_m3,k6_l1,600,3.346931207120342,1.872798071574263,4.82106434266642,2
small,bier127_gen2_m3,k6_l1,650,3.346931207120342,1.872798071574263,4.82106434266642,2
small,bier127_gen2_m3,k6_l1,700,3.346931207120342,1.872798071574263,4.82106434266642,2
small,bier127_gen2_m3,k6_l1,750,3.346931207120342,1.872798071574263,4.82106434266642,2
small,bier127_gen2_m3,k6_l1,800,3.346931207120342,1.872798071574263,4.82106434266642,2
small,bier127_gen2_m3,k6_l1,850,3.346931207120342,1.872798071574263,4.82106434266642,2
small,bier127_gen2_m3,k6_l1,900,3.346931207120342,1.872798071574263,4.82106434266642,2
small,bier127_gen2_m3,k6_l1,950,3.346931207120342,1.872798071574263,4.82106434266642,2
small,bier127_gen2_m3,k6_l1,1000,3.346931207120342,1.872798071574263,4.82106434266642,2
small,bier127_gen2_m3,k6_l1,1050,3.346931207120342,1.872798071574263,4.82106434266642,2
small,bier127_gen2_m3,k6_l1,1100,3.346931207120342,1.872798071574263,4.82106434266642,2
small,bier127_gen2_m3,k6_l1,1150,3.346931207120342,1.872798071574263,4.82106434266642,2
small,bier127_gen2_m3,k6_l1,1200,3.346931207120342,1.872798071574263,4.82106434266642,2
small,bier127_gen2_m3,k6_l1,1250,3.346931207120342,1.872798071574263,4.82106434266642,2
small,bier127_gen2_m3,k6_l1,1300,3.346931207120342,1.872798071574263,4.82106434266642,2
small,bier127_gen2_m3,k6_l1,1350,3.346931207120342,1.872798071574263,4.82106434266642,2
small,bier127_gen2_m3,k6_l1,1400,3.346931207120342,1.872798071574263,4.82106434266642,2
small,bier127_gen2_m3,k6_l1,1450,3.282032264045986,1.7430001854255517,4.82106434266642,2
small,bier127_gen2_m3,k6_l1,1500,3.282032264045986,1.7430001854255517,4.82106434266642,2
small,bier127_gen2_m3,k6_l1,1550,3.282032264045986,1.7430001854255517,4.82106434266642,2
small,bier127_gen2_m3,k6_l1,1600,3.282032264045986,1.7430001854255517,4.82106434266642,2
small,bier127_gen2_m3,k6_l1,1650,3.282032264045986,1.7430001854255517,4.82106434266642,2
small,bier127_gen2_m3,k6_l1,1700,3.282032264045986,1.7430001854255517,4.82106434266642,2
small,bier127_gen2_m3,k6_l1,1750,3.282032264045986,1.7430001854255517,4.82106434266642,2
small,bier127_gen2_m3,k6_l1,1800,3.282032264045986,1.7430001854255517,4.82106434266642,2
small,bier127_gen2_m3,k6_l1,1850,3.282032264045986,1.7430001854255517,4.82106434266642,2
small,bier127_gen2_m3,k6_l1,1900,3.282032264045986,1.7430001854255517,4.82106434266642,2
small,bier127_gen2_m3,k6_l1,1950,3.282032264045986,1.7430001854255517,4.82106434266642,2
small,bier127_gen2_m3,k6_l1,2000,3.282032264045986,1.7430001854255517,4.82106434266642,2
small,bier127_gen2_m3,k6_l1,2050,3.2171333209716297,1.7430001854255517,4.691266456517708,2
small,bier127_gen2_m3,k6_l1,2100,3.2171333209716297,1.7430001854255517,4.691266456517708,2
small,bier127_gen2_m3,k6_l1,2150,3.2171333209716297,1.7430001854255517,4.691266456517708,2
small,bier127_gen2_m3,k6_l1,2200,3.2171333209716297,1.7430001854255517,4.691266456517708,2
small,bier127_gen2_m3,k6_l1,2250,3.2171333209716297,1.7430001854255517,4.691266456517708,2
small,bier127_gen2_m3,k6_l1,2300,3.2171333209716297,1.7430001854255517,4.691266456517708,2
small,bier127_gen2_m3,k6_l1,2350,3.2171333209716297,1.7430001854255517,4.691266456517708,2
small,bier127_gen2_m3,k6_l1,2400,3.2171333209716297,1.7430001854255517,4.691266456517708,2
small,bier127_gen2_m3,k6_l1,2450,3.2171333209716297,1.7430001854255517,4.691266456517708,2
small,bier127_gen2_m3,k6_l1,2500,3.2171333209716297,1.7430001854255517,4.691266456517708,2
small,bier127_gen2_m3,k6_l1,2550,3.2171333209716297,1.7430001854255517,4.691266456517708,2
small,bier127_gen2_m3,k6_l1,2600,3.2171333209716297,1.7430001854255517,4.691266456517708,2
small,bier127_gen2_m3,k6_l1,2650,3.2171333209716297,1.7430001854255517,4.691266456517708,2
small,bier127_gen2_m3,k6_l1,2700,3.2171333209716297,1.7430001854255517,4.691266456517708,2
small,bier127_gen2_m3,k6_l1,2750,3.2171333209716297,1.7430001854255517,4.691266456517708,2
small,bier127_gen2_m3,k6_l1,2800,3.2171333209716297,1.7430001854255517,4.691266456517708,2
small,bier127_gen2_m3,k6_l1,2850,3.2171333209716297,1.7430001854255517,4.691266456517708,2
small,bier127_gen2_m3,k6_l1,2900,3.2171333209716297,1.7430001854255517,4.691266456517708,2
small,bier127_gen2_m3,k6_l1,2950,3.2171333209716297,1.7430001854255517,4.691266456517708,2
small,bier127_gen2_m3,k6_l1,3000,3.2171333209716297,1.7430001854255517,4.691266456517708,2
small,bier127_gen2_m3,k6_l1,3050,3.2171333209716297,1.7430001854255517,4.691266456517708,2
small,bier127_gen2_m3,k6_l1,3100,3.2171333209716297,1.7430001854255517,4.691266456517708,2
small,bier127_gen2_m3,k6_l1,3150,3.2171333209716297,1.7430001854255517,4.691266456517708,2
small,bier127_gen2_m3,k6_l1,3200,3.2171333209716297,1.7430001854255517,4.691266456517708,2
small,bier127_gen2_m3,k6_l1,3250,3.2171333209716297,1.7430001854255517,4.691266456517708,2
small,bier127_gen2_m3,k6_l1,3300,3.2171333209716297,1.7430001854255517,4.691266456517708,2
small,bier127_gen2_m3,k6_l1,3350,3.2171333209716297,1.7430001854255517,4.691266456517708,2
small,bier127_gen2_m3,k6_l1,3400,3.2171333209716297,1.7430001854255517,4.691266456517708,2
small,bier127_gen2_m3,k6_l1,3450,3.2171333209716297,1.7430001854255517,4.691266456517708,2
small,bier127_gen2_m3,k6_l1,3500,3.2171333209716297,1.7430001854255517,4.691266456517708,2
small,bier127_gen2_m3,k6_l1,3550,3.2171333209716297,1.7430001854255517,4.691266456517708,2
small,bier127_gen2_m3,k6_l1,3600,3.2171333209716297,1.7430001854255517,4.691266456517708,2
small,bier127_gen2_m3,k6_l1,3650,3.2171333209716297,1.7430001854255517,4.691266456517708,2
small,bier127_gen2_m3,k6_l1,3700,3.2171333209716297,1.7430001854255517,4.691266456517708,2
small,bier127_gen2_m3,k6_l1,3750,3.2171333209716297,1.7430001854255517,4.691266456517708,2
small,bier127_gen2_m3,k6_l1,3800,3.2171333209716297,1.7430001854255517,4.691266456517708,2
small,bier127_gen2_m3,k6_l1,3850,3.2171333209716297,1.7430001854255517,4.691266456517708,2
small,bier127_gen2_m3,k6_l1,3900,3.2171333209716297,1.7430001854255517,4.691266456517708,2
small,bier127_gen2_m3,k6_l1,3950,3.2171333209716297,1.7430001854255517,4.691266456517708,2
small,bier127_gen2_m3,k6_l1,4000,3.2171333209716297,1.7430001854255517,4.691266456517708,2
small,bier127_gen2_m3,k6_l1,4050,3.2171333209716297,1.7430001854255517,4.691266456517708,2
small,bier127_gen2_m3,k6_l1,4100,3.2171333209716297,1.7430001854255517,4.691266456517708,2
small,bier127_gen2_m3,k6_l1,4150,3.2171333209716297,1.7430001854255517,4.691266456517708,2
small,bier127_gen2_m3,k6_l1,4200,3.2171333209716297,1.7430001854255517,4.691266456517708,2
small,bier127_gen2_m3,k6_l1,4250,3.2171333209716297,1.7430001854255517,4.691266456517708,2
small,bier127_gen2_m3,k6_l1,4300,3.2171333209716297,1.7430001854255517,4.691266456517708,2
small,bier127_gen2_m3,k6_l1,4350,3.2171333209716297,1.7430001854255517,4.691266456517708,2
small,bier127_gen2_m3,k6_l1,4400,3.2171333209716297,1.7430001854255517,4.691266456517708,2
small,bier127_gen2_m3,k6_l1,4450,3.2171333209716297,1.7430001854255517,4.691266456517708,2
small,bier127_gen2_m3,k6_l1,4500,3.2171333209716297,1.7430001854255517,4.691266456517708,2
small,bier127_gen2_m3,k6_l1,4550,3.2171333209716297,1.7430001854255517,4.691266456517708,2
small,bier127_gen2_m3,k6_l1,4600,3.2171333209716297,1.7430001854255517,4.691266456517708,2
small,bier127_gen2_m3,k6_l1,4650,3.2171333209716297,1.7430001854255517,4.691266456517708,2
small,bier127_gen2_m3,k6_l1,4700,3.2171333209716297,1.7430001854255517,4.691266456517708,2
small,bier127_gen2_m3,k6_l1,4750,3.2171333209716297,1.7430001854255517,4.691266456517708,2
small,bier127_gen2_m3,k6_l1,4800,3.2171333209716297,1.7430001854255517,4.691266456517708,2
small,bier127_gen2_m3,k6_l1,4850,3.2171333209716297,1.7430001854255517,4.691266456517708,2
small,bier127_gen2_m3,k6_l1,4900,3.2171333209716297,1.7430001854255517,4.691266456517708,2
small,bier127_gen2_m3,k6_l1,4950,3.2171333209716297,1.7430001854255517,4.691266456517708,2
small,bier127_gen2_m3,k6_l1,5000,3.2171333209716297,1.7430001854255517,4.691266456517708,2
small,bier127_gen2_m3,off,0,12.20100129797886,12.20100129797886,12.20100129797886,2
small,bier127_gen2_m3,off,50,7.954756165399592,7.658075282773966,8.251437048025219,2
small,bier127_gen2_m3,off,100,7.398479510476544,7.138883738179121,7.658075282773966,2
small,bier127_gen2_m3,off,150,6.6753198590765805,6.415724086779158,6.934915631374003,2
small,bier127_gen2_m3,off,200,6.526979417763767,6.119043204153533,6.934915631374003,2
small,bier127_gen2_m3,off,250,6.526979417763767,6.119043204153533,6.934915631374003,2
small,bier127_gen2_m3,off,300,6.350825143704803,6.119043204153533,6.582607083256073,2
small,bier127_gen2_m3,off,350,6.119043204153533,6.119043204153533,6.119043204153533,2
small,bier127_gen2_m3,off,400,5.683293157797145,5.2475431114407565,6.119043204153533,2
small,bier127_gen2_m3,off,450,5.609122937140738,5.099202670127943,6.119043204153533,2
small,bier127_gen2_m3,off,500,5.609122937140738,5.099202670127943,6.119043204153533,2
small,bier127_gen2_m3,off,550,5.609122937140738,5.099202670127943,6.119043204153533,2
small,bier127_gen2_m3,off,600,5.609122937140738,5.099202670127943,6.119043204153533,2
small,bier127_gen2_m3,off,650,5.609122937140738,5.099202670127943,6.119043204153533,2
small,bier127_gen2_m3,off,700,5.609122937140738,5.099202670127943,6.119043204153533,2
small,bier127_gen2_m3,off,750,5.609122937140738,5.099202670127943,6.119043204153533,2
small,bier127_gen2_m3,off,800,5.609122937140738,5.099202670127943,6.119043204153533,2
small,bier127_gen2_m3,off,850,5.609122937140738,5.099202670127943,6.119043204153533,2
small,bier127_gen2_m3,off,900,5.609122937140738,5.099202670127943,6.119043204153533,2
small,bier127_gen2_m3,off,950,5.609122937140738,5.099202670127943,6.119043204153533,2
small,bier127_gen2_m3,off,1000,5.609122937140738,5.099202670127943,6.119043204153533,2
small,bier127_gen2_m3,off,1050,5.609122937140738,5.099202670127943,6.119043204153533,2
small,bier127_gen2_m3,off,1100,5.609122937140738,5.099202670127943,6.119043204153533,2
small,bier127_gen2_m3,off,1150,5.609122937140738,5.099202670127943,6.119043204153533,2
small,bier127_gen2_m3,off,1200,5.609122937140738,5.099202670127943,6.119043204153533,2
small,bier127_gen2_m3,off,1250,5.609122937140738,5.099202670127943,6.119043204153533,2
small,bier127_gen2_m3,off,1300,5.609122937140738,5.099202670127943,6.119043204153533,2
small,bier127_gen2_m3,off,1350,5.5813091043945855,5.099202670127943,6.063415538661228,2
small,bier127_gen2_m3,off,1400,5.5813091043945855,5.099202670127943,6.063415538661228,2
small,bier127_gen2_m3,off,1450,5.5813091043945855,5.099202670127943,6.063415538661228,2
small,bier127_gen2_m3,off,1500,5.229000556276655,4.3945855738920825,6.063415538661228,2
small,bier127_gen2_m3,off,1550,5.229000556276655,4.3945855738920825,6.063415538661228,2
small,bier127_gen2_m3,off,1600,5.229000556276655,4.3945855738920825,6.063415538661228,2
small,bier127_gen2_m3,off,1650,5.229000556276655,4.3945855738920825,6.063415538661228,2
small,bier127_gen2_m3,off,1700,5.229000556276655,4.3945855738920825,6.063415538661228,2
small,bier127_gen2_m3,off,1750,5.229000556276655,4.3945855738920825,6.063415538661228,2
small,bier127_gen2_m3,off,1800,5.229000556276655,4.3945855738920825,6.063415538661228,2
small,bier127_gen2_m3,off,1850,5.229000556276655,4.3945855738920825,6.063415538661228,2
small,bier127_gen2_m3,off,1900,5.229000556276655,4.3945855738920825,6.063415538661228,2
small,bier127_gen2_m3,off,1950,5.229000556276655,4.3945855738920825,6.063415538661228,2
small,bier127_gen2_m3,off,2000,5.1826441683664015,4.3945855738920825,5.97070276284072,2
small,bier127_gen2_m3,off,2050,5.1826441683664015,4.3945855738920825,5.97070276284072,2
small,bier127_gen2_m3,off,2100,5.1826441683664015,4.3945855738920825,5.97070276284072,2
small,bier127_gen2_m3,off,2150,5.1826441683664015,4.3945855738920825,5.97070276284072,2
small,bier127_gen2_m3,off,2200,5.117745225292046,4.3945855738920825,5.840904876692008,2
small,bier127_gen2_m3,off,2250,4.709809011681809,4.3945855738920825,5.025032449471537,2
small,bier127_gen2_m3,off,2300,4.709809011681809,4.3945855738920825,5.025032449471537,2
small,bier127_gen2_m3,off,2350,4.617096235861302,4.3945855738920825,4.839606897830521,2
small,bier127_gen2_m3,off,2400,4.617096235861302,4.3945855738920825,4.839606897830521,2
small,bier127_gen2_m3,off,2450,4.580011125533098,4.3945855738920825,4.765436677174114,2
small,bier127_gen2_m3,off,2500,4.580011125533098,4.3945855738920825,4.765436677174114,2
small,bier127_gen2_m3,off,2550,4.580011125533098,4.3945855738920825,4.765436677174114,2
small,bier127_gen2_m3,off,2600,4.580011125533098,4.3945855738920825,4.765436677174114,2
small,bier127_gen2_m3,off,2650,4.580011125533098,4.3945855738920825,4.765436677174114,2
small,bier127_gen2_m3,off,2700,4.580011125533098,4.3945855738920825,4.765436677174114,2
small,bier127_gen2_m3,off,2750,4.580011125533098,4.3945855738920825,4.765436677174114,2
small,bier127_gen2_m3,off,2800,4.580011125533098,4.3945855738920825,4.765436677174114,2
small,bier127_gen2_m3,off,2850,4.580011125533098,4.3945855738920825,4.765436677174114,2
small,bier127_gen2_m3,off,2900,4.580011125533098,4.3945855738920825,4.765436677174114,2
small,bier127_gen2_m3,off,2950,4.580011125533098,4.3945855738920825,4.765436677174114,2
small,bier127_gen2_m3,off,3000,4.580011125533098,4.3945855738920825,4.765436677174114,2
small,bier127_gen2_m3,off,3050,4.580011125533098,4.3945855738920825,4.765436677174114,2
small,bier127_gen2_m3,off,3100,4.580011125533098,4.3945855738920825,4.765436677174114,2
small,bier127_gen2_m3,off,3150,4.580011125533098,4.3945855738920825,4.765436677174114,2
small,bier127_gen2_m3,off,3200,4.580011125533098,4.3945855738920825,4.765436677174114,2
small,bier127_gen2_m3,off,3250,4.580011125533098,4.3945855738920825,4.765436677174114,2
small,bier127_gen2_m3,off,3300,4.580011125533098,4.3945855738920825,4.765436677174114,2
small,bier127_gen2_m3,off,3350,4.580011125533098,4.3945855738920825,4.765436677174114,2
small,bier127_gen2_m3,off,3400,4.580011125533098,4.3945855738920825,4.765436677174114,2
small,bier127_gen2_m3,off,3450,4.580011125533098,4.3945855738920825,4.765436677174114,2
small,bier127_gen2_m3,off,3500,4.580011125533098,4.3945855738920825,4.765436677174114,2
small,bier127_gen2_m3,off,3550,4.580011125533098,4.3945855738920825,4.765436677174114,2
small,bier127_gen2_m3,off,3600,4.580011125533098,4.3945855738920825,4.765436677174114,2
small,bier127_gen2_m3,off,3650,4.580011125533098,4.3945855738920825,4.765436677174114,2
small,bier127_gen2_m3,off,3700,4.580011125533098,4.3945855738920825,4.765436677174114,2
small,bier127_gen2_m3,off,3750,4.580011125533098,4.3945855738920825,4.765436677174114,2
small,bier127_gen2_m3,off,3800,4.580011125533098,4.3945855738920825,4.765436677174114,2
small,bier127_gen2_m3,off,3850,4.580011125533098,4.3945855738920825,4.765436677174114,2
small,bier127_gen2_m3,off,3900,4.580011125533098,4.3945855738920825,4.765436677174114,2
small,bier127_gen2_m3,off,3950,4.580011125533098,4.3945855738920825,4.765436677174114,2
small,bier127_gen2_m3,off,4000,4.580011125533098,4.3945855738920825,4.765436677174114,2
small,bier127_gen2_m3,off,4050,4.580011125533098,4.3945855738920825,4.765436677174114,2
small,bier127_gen2_m3,off,4100,4.580011125533098,4.3945855738920825,4.765436677174114,2
small,bier127_gen2_m3,off,4150,4.580011125533098,4.3945855738920825,4.765436677174114,2
small,bier127_gen2_m3,off,4200,4.580011125533098,4.3945855738920825,4.765436677174114,2
small,bier127_gen2_m3,off,4250,4.580011125533098,4.3945855738920825,4.765436677174114,2
small,bier127_gen2_m3,off,4300,4.580011125533098,4.3945855738920825,4.765436677174114,2
small,bier127_gen2_m3,off,4350,4.580011125533098,4.3945855738920825,4.765436677174114,2
small,bier127_gen2_m3,off,4400,4.580011125533098,4.3945855738920825,4.765436677174114,2
small,bier127_gen2_m3,off,4450,4.580011125533098,4.3945855738920825,4.765436677174114,2
small,bier127_gen2_m3,off,4500,4.580011125533098,4.3945855738920825,4.765436677174114,2
small,bier127_gen2_m3,off,4550,4.580011125533098,4.3945855738920825,4.765436677174114,2
small,bier127_gen2_m3,off,4600,4.580011125533098,4.3945855738920825,4.765436677174114,2
small,bier127_gen2_m3,off,4650,4.580011125533098,4.3945855738920825,4.765436677174114,2
small,bier127_gen2_m3,off,4700,4.580011125533098,4.3945855738920825,4.765436677174114,2
small,bier127_gen2_m3,off,4750,4.580011125533098,4.3945855738920825,4.765436677174114,2
small,bier127_gen2_m3,off,4800,4.580011125533098,4.3945855738920825,4.765436677174114,2
small,bier127_gen2_m3,off,4850,4.580011125533098,4.3945855738920825,4.765436677174114,2
small,bier127_gen2_m3,off,4900,4.580011125533098,4.3945855738920825,4.765436677174114,2
small,bier127_gen2_m3,off,4950,4.580011125533098,4.3945855738920825,4.765436677174114,2
small,bier127_gen2_m3,off,5000,4.580011125533098,4.3945855738920825,4.765436677174114,2
small,bier127_gen3_m3,k100_l1,0,26.164079822616408,26.164079822616408,26.164079822616408,2
small,bier127_gen3_m3,k100_l1,50,2.2172949002217295,1.958610495195861,2.475979305247598,2
small,bier127_gen3_m3,k100_l1,100,1.6999260901699929,1.3673318551367333,2.032520325203252,2
small,bier127_gen3_m3,k100_l1,150,1.6999260901699929,1.3673318551367333,2.032520325203252,2
small,bier127_gen3_m3,k100_l1,200,1.5890613451589062,1.1456023651145602,2.032520325203252,2
small,bier127_gen3_m3,k100_l1,250,1.5890613451589062,1.1456023651145602,2.032520325203252,2
small,bier127_gen3_m3,k100_l1,300,1.5521064301552108,1.071692535107169,2.032520325203252,2
small,bier127_gen3_m3,k100_l1,350,1.5521064301552108,1.071692535107169,2.032520325203252,2
small,bier127_gen3_m3,k100_l1,400,1.533628972653363,1.0347376201034737,2.032520325203252,2
small,bier127_gen3_m3,k100_l1,450,1.533628972653363,1.0347376201034737,2.032520325203252,2
small,bier127_gen3_m3,k100_l1,500,1.533628972653363,1.0347376201034737,2.032520325203252,2
small,bier127_gen3_m3,k100_l1,550,1.4966740576496675,0.9608277900960828,2.032520325203252,2
small,bier127_gen3_m3,k100_l1,600,1.4966740576496675,0.9608277900960828,2.032520325203252,2
small,bier127_gen3_m3,k100_l1,650,1.459719142645972,0.9608277900960828,1.958610495195861,2
small,bier127_gen3_m3,k100_l1,700,1.459719142645972,0.9608277900960828,1.958610495195861,2
small,bier127_gen3_m3,k100_l1,750,1.459719142645972,0.9608277900960828,1.958610495195861,2
small,bier127_gen3_m3,k100_l1,800,1.3118994826311898,0.6651884700665188,1.958610495195861,2
small,bier127_gen3_m3,k100_l1,850,1.3118994826311898,0.6651884700665188,1.958610495195861,2
small,bier127_gen3_m3,k100_l1,900,1.3118994826311898,0.6651884700665188,1.958610495195861,2
small,bier127_gen3_m3,k100_l1,950,1.3118994826311898,0.6651884700665188,1.958610495195861,2
small,bier127_gen3_m3,k100_l1,1000,1.3118994826311898,0.6651884700665188,1.958610495195861,2
small,bier127_gen3_m3,k100_l1,1050,1.3118994826311898,0.6651884700665188,1.958610495195861,2
small,bier127_gen3_m3,k100_l1,1100,1.3118994826311898,0.6651884700665188,1.958610495195861,2
small,bier127_gen3_m3,k100_l1,1150,1.2934220251293422,0.6282335550628233,1.958610495195861,2
small,bier127_gen3_m3,k100_l1,1200,1.2934220251293422,0.6282335550628233,1.958610495195861,2
small,bier127_gen3_m3,k100_l1,1250,1.2934220251293422,0.6282335550628233,1.958610495195861,2
small,bier127_gen3_m3,k100_l1,1300,1.2934220251293422,0.6282335550628233,1.958610495195861,2
small,bier127_gen3_m3,k100_l1,1350,1.2564671101256466,0.5543237250554324,1.958610495195861,2
small,bier127_gen3_m3,k100_l1,1400,1.2564671101256466,0.5543237250554324,1.958610495195861,2
small,bier127_gen3_m3,k100_l1,1450,1.2564671101256466,0.5543237250554324,1.958610495195861,2
small,bier127_gen3_m3,k100_l1,1500,1.2564671101256466,0.5543237250554324,1.958610495195861,2
small,bier127_gen3_m3,k100_l1,1550,1.2564671101256466,0.5543237250554324,1.958610495195861,2
small,bier127_gen3_m3,k100_l1,1600,1.2564671101256466,0.5543237250554324,1.958610495195861,2
small,bier127_gen3_m3,k100_l1,1650,1.2564671101256466,0.5543237250554324,1.958610495195861,2
small,bier127_gen3_m3,k100_l1,1700,1.2564671101256466,0.5543237250554324,1.958610495195861,2
small,bier127_gen3_m3,k100_l1,1750,1.2564671101256466,0.5543237250554324,1.958610495195861,2
small,bier127_gen3_m3,k100_l1,1800,1.2564671101256466,0.5543237250554324,1.958610495195861,2
small,bier127_gen3_m3,k100_l1,1850,1.2564671101256466,0.5543237250554324,1.958610495195861,2
small,bier127_gen3_m3,k100_l1,1900,1.2564671101256466,0.5543237250554324,1.958610495195861,2
small,bier127_gen3_m3,k100_l1,1950,1.2564671101256466,0.5543237250554324,1.958610495195861,2
small,bier127_gen3_m3,k100_l1,2000,1.2564671101256466,0.5543237250554324,1.958610495195861,2
small,bier127_gen3_m3,k100_l1,2050,1.2564671101256466,0.5543237250554324,1.958610495195861,2
small,bier127_gen3_m3,k100_l1,2100,1.2564671101256466,0.5543237250554324,1.958610495195861,2
small,bier127_gen3_m3,k100_l1,2150,1.2564671101256466,0.5543237250554324,1.958610495195861,2
small,bier127_gen3_m3,k100_l1,2200,1.2564671101256466,0.5543237250554324,1.958610495195861,2
small,bier127_gen3_m3,k100_l1,2250,1.2564671101256466,0.5543237250554324,1.958610495195861,2
small,bier127_gen3_m3,k100_l1,2300,1.2564671101256466,0.5543237250554324,1.958610495195861,2
small,bier127_gen3_m3,k100_l1,2350,1.2564671101256466,0.5543237250554324,1.958610495195861,2
small,bier127_gen3_m3,k100_l1,2400,1.2564671101256466,0.5543237250554324,1.958610495195861,2
small,bier127_gen3_m3,k100_l1,2450,1.2564671101256466,0.5543237250554324,1.958610495195861,2
small,bier127_gen3_m3,k100_l1,2500,1.2564671101256466,0.5543237250554324,1.958610495195861,2
small,bier127_gen3_m3,k100_l1,2550,1.2564671101256466,0.5543237250554324,1.958610495195861,2
small,bier127_gen3_m3,k100_l1,2600,1.2564671101256466,0.5543237250554324,1.958610495195861,2
small,bier127_gen3_m3,k100_l1,2650,1.2564671101256466,0.5543237250554324,1.958610495195861,2
small,bier127_gen3_m3,k100_l1,2700,1.2564671101256466,0.5543237250554324,1.958610495195861,2
small,bier127_gen3_m3,k100_l1,2750,1.2564671101256466,0.5543237250554324,1.958610495195861,2
small,bier127_gen3_m3,k100_l1,2800,1.2564671101256466,0.5543237250554324,1.958610495195861,2
small,bier127_gen3_m3,k100_l1,2850,1.2564671101256466,0.5543237250554324,1.958610495195861,2
small,bier127_gen3_m3,k100_l1,2900,1.2564671101256466,0.5543237250554324,1.958610495195861,2
small,bier127_gen3_m3,k100_l1,2950,1.2564671101256466,0.5543237250554324,1.958610495195861,2
small,bier127_gen3_m3,k100_l1,3000,1.2564671101256466,0.5543237250554324,1.958610495195861,2
small,bier127_gen3_m3,k100_l1,3050,1.2564671101256466,0.5543237250554324,1.958610495195861,2
small,bier127_gen3_m3,k100_l1,3100,1.2564671101256466,0.5543237250554324,1.958610495195861,2
small,bier127_gen3_m3,k100_l1,3150,1.2564671101256466,0.5543237250554324,1.958610495195861,2
small,bier127_gen3_m3,k100_l1,3200,1.2564671101256466,0.5543237250554324,1.958610495195861,2
small,bier127_gen3_m3,k100_l1,3250,1.2564671101256466,0.5543237250554324,1.958610495195861,2
small,bier127_gen3_m3,k100_l1,3300,1.2564671101256466,0.5543237250554324,1.958610495195861,2
small,bier127_gen3_m3,k100_l1,3350,1.2564671101256466,0.5543237250554324,1.958610495195861,2
small,bier127_gen3_m3,k100_l1,3400,1.1271249076127126,0.5543237250554324,1.6999260901699926,2
small,bier127_gen3_m3,k100_l1,3450,1.1271249076127126,0.5543237250554324,1.6999260901699926,2
small,bier127_gen3_m3,k100_l1,3500,1.1271249076127126,0.5543237250554324,1.6999260901699926,2
small,bier127_gen3_m3,k100_l1,3550,1.1271249076127126,0.5543237250554324,1.6999260901699926,2
small,bier127_gen3_m3,k100_l1,3600,1.1271249076127126,0.5543237250554324,1.6999260901699926,2
small,bier127_gen3_m3,k100_l1,3650,1.1271249076127126,0.5543237250554324,1.6999260901699926,2
small,bier127_gen3_m3,k100_l1,3700,1.1271249076127126,0.5543237250554324,1.6999260901699926,2
small,bier127_gen3_m3,k100_l1,3750,1.1271249076127126,0.5543237250554324,1.6999260901699926,2
small,bier127_gen3_m3,k100_l1,3800,1.1271249076127126,0.5543237250554324,1.6999260901699926,2
small,bier127_gen3_m3,k100_l1,3850,1.1271249076127126,0.5543237250554324,1.6999260901699926,2
small,bier127_gen3_m3,k100_l1,3900,1.1271249076127126,0.5543237250554324,1.6999260901699926,2
small,bier127_gen3_m3,k100_l1,3950,1.1271249076127126,0.5543237250554324,1.6999260901699926,2
small,bier127_gen3_m3,k100_l1,4000,1.1271249076127126,0.5543237250554324,1.6999260901699926,2
small,bier127_gen3_m3,k100_l1,4050,1.1271249076127126,0.5543237250554324,1.6999260901699926,2
small,bier127_gen3_m3,k100_l1,4100,1.1271249076127126,0.5543237250554324,1.6999260901699926,2
small,bier127_gen3_m3,k100_l1,4150,1.1271249076127126,0.5543237250554324,1.6999260901699926,2
small,bier127_gen3_m3,k100_l1,4200,1.1271249076127126,0.5543237250554324,1.6999260901699926,2
small,bier127_gen3_m3,k100_l1,4250,1.1271249076127126,0.5543237250554324,1.6999260901699926,2
small,bier127_gen3_m3,k100_l1,4300,1.1271249076127126,0.5543237250554324,1.6999260901699926,2
small,bier127_gen3_m3,k100_l1,4350,1.1271249076127126,0.5543237250554324,1.6999260901699926,2
small,bier127_gen3_m3,k100_l1,4400,1.1271249076127126,0.5543237250554324,1.6999260901699926,2
small,bier127_gen3_m3,k100_l1,4450,1.1271249076127126,0.5543237250554324,1.6999260901699926,2
small,bier127_gen3_m3,k100_l1,4500,1.1271249076127126,0.5543237250554324,1.6999260901699926,2
small,bier127_gen3_m3,k100_l1,4550,1.1271249076127126,0.5543237250554324,1.6999260901699926,2
small,bier127_gen3_m3,k100_l1,4600,1.1271249076127126,0.5543237250554324,1.6999260901699926,2
small,bier127_gen3_m3,k100_l1,4650,1.1271249076127126,0.5543237250554324,1.6999260901699926,2
small,bier127_gen3_m3,k100_l1,4700,1.1271249076127126,0.5543237250554324,1.6999260901699926,2
small,bier127_gen3_m3,k100_l1,4750,1.1271249076127126,0.5543237250554324,1.6999260901699926,2
small,bier127_gen3_m3,k100_l1,4800,1.1271249076127126,0.5543237250554324,1.6999260901699926,2
small,bier127_gen3_m3,k100_l1,4850,1.1271249076127126,0.5543237250554324,1.6999260901699926,2
small,bier127_gen3_m3,k100_l1,4900,1.1271249076127126,0.5543237250554324,1.6999260901699926,2
small,bier127_gen3_m3,k100_l1,4950,1.1271249076127126,0.5543237250554324,1.6999260901699926,2
small,bier127_gen3_m3,k100_l1,5000,1.1271249076127126,0.5543237250554324,1.6999260901699926,2
small,bier127_gen3_m3,k100_l3,0,26.164079822616408,26.164079822616408,26.164079822616408,2
small,bier127_gen3_m3,k100_l3,50,2.8455284552845526,1.810790835181079,3.8802660753880263,2
small,bier127_gen3_m3,k100_l3,100,2.6422764227642275,1.5890613451589062,3.695491500369549,2
small,bier127_gen3_m3,k100_l3,150,2.1618625277161865,1.5890613451589062,2.7346637102734666,2
small,bier127_gen3_m3,k100_l3,200,2.1618625277161865,1.5890613451589062,2.7346637102734666,2
small,bier127_gen3_m3,k100_l3,250,2.1618625277161865,1.5890613451589062,2.7346637102734666,2
small,bier127_gen3_m3,k100_l3,300,2.0140428677014044,1.5890613451589062,2.4390243902439024,2
small,bier127_gen3_m3,k100_l3,350,1.903178122690318,1.3673318551367333,2.4390243902439024,2
small,bier127_gen3_m3,k100_l3,400,1.903178122690318,1.3673318551367333,2.4390243902439024,2
small,bier127_gen3_m3,k100_l3,450,1.903178122690318,1.3673318551367333,2.4390243902439024,2
small,bier127_gen3_m3,k100_l3,500,1.903178122690318,1.3673318551367333,2.4390243902439024,2
small,bier127_gen3_m3,k100_l3,550,1.903178122690318,1.3673318551367333,2.4390243902439024,2
small,bier127_gen3_m3,k100_l3,600,1.903178122690318,1.3673318551367333,2.4390243902439024,2
small,bier127_gen3_m3,k100_l3,650,1.903178122690318,1.3673318551367333,2.4390243902439024,2
small,bier127_gen3_m3,k100_l3,700,1.903178122690318,1.3673318551367333,2.4390243902439024,2
small,bier127_gen3_m3,k100_l3,750,1.903178122690318,1.3673318551367333,2.4390243902439024,2
small,bier127_gen3_m3,k100_l3,800,1.903178122690318,1.3673318551367333,2.4390243902439024,2
small,bier127_gen3_m3,k100_l3,850,1.903178122690318,1.3673318551367333,2.4390243902439024,2
small,bier127_gen3_m3,k100_l3,900,1.903178122690318,1.3673318551367333,2.4390243902439024,2
small,bier127_gen3_m3,k100_l3,950,1.903178122690318,1.3673318551367333,2.4390243902439024,2
small,bier127_gen3_m3,k100_l3,1000,1.903178122690318,1.3673318551367333,2.4390243902439024,2
small,bier127_gen3_m3,k100_l3,1050,1.903178122690318,1.3673318551367333,2.4390243902439024,2
small,bier127_gen3_m3,k100_l3,1100,1.903178122690318,1.3673318551367333,2.4390243902439024,2
small,bier127_gen3_m3,k100_l3,1150,1.903178122690318,1.3673318551367333,2.4390243902439024,2
small,bier127_gen3_m3,k100_l3,1200,1.903178122690318,1.3673318551367333,2.4390243902439024,2
small,bier127_gen3_m3,k100_l3,1250,1.792313377679231,1.3673318551367333,2.217294900221729,2
small,bier127_gen3_m3,k100_l3,1300,1.792313377679231,1.3673318551367333,2.217294900221729,2
small,bier127_gen3_m3,k100_l3,1350,1.792313377679231,1.3673318551367333,2.217294900221729,2
small,bier127_gen3_m3,k100_l3,1400,1.6260162601626016,1.3673318551367333,1.88470066518847,2
small,bier127_gen3_m3,k100_l3,1450,1.6260162601626016,1.3673318551367333,1.88470066518847,2
small,bier127_gen3_m3,k100_l3,1500,1.6260162601626016,1.3673318551367333,1.88470066518847,2
small,bier127_gen3_m3,k100_l3,1550,1.6260162601626016,1.3673318551367333,1.88470066518847,2
small,bier127_gen3_m3,k100_l3,1600,1.6260162601626016,1.3673318551367333,1.88470066518847,2
small,bier127_gen3_m3,k100_l3,1650,1.6260162601626016,1.3673318551367333,1.88470066518847,2
small,bier127_gen3_m3,k100_l3,1700,1.6260162601626016,1.3673318551367333,1.88470066518847,2
small,bier127_gen3_m3,k100_l3,1750,1.6260162601626016,1.3673318551367333,1.88470066518847,2
small,bier127_gen3_m3,k100_l3,1800,1.6260162601626016,1.3673318551367333,1.88470066518847,2
small,bier127_gen3_m3,k100_l3,1850,1.6260162601626016,1.3673318551367333,1.88470066518847,2
small,bier127_gen3_m3,k100_l3,1900,1.6260162601626016,1.3673318551367333,1.88470066518847,2
small,bier127_gen3_m3,k100_l3,1950,1.6260162601626016,1.3673318551367333,1.88470066518847,2
small,bier127_gen3_m3,k100_l3,2000,1.6260162601626016,1.3673318551367333,1.88470066518847,2
small,bier127_gen3_m3,k100_l3,2050,1.6260162601626016,1.3673318551367333,1.88470066518847,2
small,bier127_gen3_m3,k100_l3,2100,1.6260162601626016,1.3673318551367333,1.88470066518847,2
small,bier127_gen3_m3,k100_l3,2150,1.6260162601626016,1.3673318551367333,1.88470066518847,2
small,bier127_gen3_m3,k100_l3,2200,1.6260162601626016,1.3673318551367333,1.88470066518847,2
small,bier127_gen3_m3,k100_l3,2250,1.6260162601626016,1.3673318551367333,1.88470066518847,2
small,bier127_gen3_m3,k100_l3,2300,1.6260162601626016,1.3673318551367333,1.88470066518847,2
small,bier127_gen3_m3,k100_l3,2350,1.6260162601626016,1.3673318551367333,1.88470066518847,2
small,bier127_gen3_m3,k100_l3,2400,1.6260162601626016,1.3673318551367333,1.88470066518847,2
small,bier127_gen3_m3,k100_l3,2450,1.6260162601626016,1.3673318551367333,1.88470066518847,2
small,bier127_gen3_m3,k100_l3,2500,1.6260162601626016,1.3673318551367333,1.88470066518847,2
small,bier127_gen3_m3,k100_l3,2550,1.6260162601626016,1.3673318551367333,1.88470066518847,2
small,bier127_gen3_m3,k100_l3,2600,1.6260162601626016,1.3673318551367333,1.88470066518847,2
small,bier127_gen3_m3,k100_l3,2650,1.6260162601626016,1.3673318551367333,1.88470066518847,2
small,bier127_gen3_m3,k100_l3,2700,1.6260162601626016,1.3673318551367333,1.88470066518847,2
small,bier127_gen3_m3,k100_l3,2750,1.6260162601626016,1.3673318551367333,1.88470066518847,2
small,bier127_gen3_m3,k100_l3,2800,1.6260162601626016,1.3673318551367333,1.88470066518847,2
small,bier127_gen3_m3,k100_l3,2850,1.6260162601626016,1.3673318551367333,1.88470066518847,2
small,bier127_gen3_m3,k100_l3,2900,1.6260162601626016,1.3673318551367333,1.88470066518847,2
small,bier127_gen3_m3,k100_l3,2950,1.6260162601626016,1.3673318551367333,1.88470066518847,2
small,bier127_gen3_m3,k100_l3,3000,1.6260162601626016,1.3673318551367333,1.88470066518847,2
small,bier127_gen3_m3,k100_l3,3050,1.6260162601626016,1.3673318551367333,1.88470066518847,2
small,bier127_gen3_m3,k100_l3,3100,1.6260162601626016,1.3673318551367333,1.88470066518847,2
small,bier127_gen3_m3,k100_l3,3150,1.6260162601626016,1.3673318551367333,1.88470066518847,2
small,bier127_gen3_m3,k100_l3,3200,1.6260162601626016,1.3673318551367333,1.88470066518847,2
small,bier127_gen3_m3,k100_l3,3250,1.6260162601626016,1.3673318551367333,1.88470066518847,2
small,bier127_gen3_m3,k100_l3,3300,1.6260162601626016,1.3673318551367333,1.88470066518847,2
small,bier127_gen3_m3,k100_l3,3350,1.6260162601626016,1.3673318551367333,1.88470066518847,2
small,bier127_gen3_m3,k100_l3,3400,1.5705838876570586,1.3673318551367333,1.7738359201773837,2
small,bier127_gen3_m3,k100_l3,3450,1.5705838876570586,1.3673318551367333,1.7738359201773837,2
small,bier127_gen3_m3,k100_l3,3500,1.5705838876570586,1.3673318551367333,1.7738359201773837,2
small,bier127_gen3_m3,k100_l3,3550,1.5705838876570586,1.3673318551367333,1.7738359201773837,2
small,bier127_gen3_m3,k100_l3,3600,1.5705838876570586,1.3673318551367333,1.7738359201773837,2
small,bier127_gen3_m3,k100_l3,3650,1.5705838876570586,1.3673318551367333,1.7738359201773837,2
small,bier127_gen3_m3,k100_l3,3700,1.5705838876570586,1.3673318551367333,1.7738359201773837,2
small,bier127_gen3_m3,k100_l3,3750,1.5705838876570586,1.3673318551367333,1.7738359201773837,2
small,bier127_gen3_m3,k100_l3,3800,1.5705838876570586,1.3673318551367333,1.7738359201773837,2
small,bier127_gen3_m3,k100_l3,3850,1.5705838876570586,1.3673318551367333,1.7738359201773837,2
small,bier127_gen3_m3,k100_l3,3900,1.5705838876570586,1.3673318551367333,1.7738359201773837,2
small,bier127_gen3_m3,k100_l3,3950,1.5705838876570586,1.3673318551367333,1.7738359201773837,2
small,bier127_gen3_m3,k100_l3,4000,1.5705838876570586,1.3673318551367333,1.7738359201773837,2
small,bier127_gen3_m3,k100_l3,4050,1.5705838876570586,1.3673318551367333,1.7738359201773837,2
small,bier127_gen3_m3,k100_l3,4100,1.5705838876570586,1.3673318551367333,1.7738359201773837,2
small,bier127_gen3_m3,k100_l3,4150,1.5705838876570586,1.3673318551367333,1.7738359201773837,2
small,bier127_gen3_m3,k100_l3,4200,1.5705838876570586,1.3673318551367333,1.7738359201773837,2
small,bier127_gen3_m3,k100_l3,4250,1.5705838876570586,1.3673318551367333,1.7738359201773837,2
small,bier127_gen3_m3,k100_l3,4300,1.5705838876570586,1.3673318551367333,1.7738359201773837,2
small,bier127_gen3_m3,k100_l3,4350,1.5705838876570586,1.3673318551367333,1.7738359201773837,2
small,bier127_gen3_m3,k100_l3,4400,1.5705838876570586,1.3673318551367333,1.7738359201773837,2
small,bier127_gen3_m3,k100_l3,4450,1.5705838876570586,1.3673318551367333,1.7738359201773837,2
small,bier127_gen3_m3,k100_l3,4500,1.5705838876570586,1.3673318551367333,1.7738359201773837,2
small,bier127_gen3_m3,k100_l3,4550,1.5705838876570586,1.3673318551367333,1.7738359201773837,2
small,bier127_gen3_m3,k100_l3,4600,1.5705838876570586,1.3673318551367333,1.7738359201773837,2
small,bier127_gen3_m3,k100_l3,4650,1.5705838876570586,1.3673318551367333,1.7738359201773837,2
small,bier127_gen3_m3,k100_l3,4700,1.5705838876570586,1.3673318551367333,1.7738359201773837,2
small,bier127_gen3_m3,k100_l3,4750,1.5705838876570586,1.3673318551367333,1.7738359201773837,2
small,bier127_gen3_m3,k100_l3,4800,1.5705838876570586,1.3673318551367333,1.7738359201773837,2
small,bier127_gen3_m3,k100_l3,4850,1.5705838876570586,1.3673318551367333,1.7738359201773837,2
small,bier127_gen3_m3,k100_l3,4900,1.5705838876570586,1.3673318551367333,1.7738359201773837,2
small,bier127_gen3_m3,k100_l3,4950,1.5705838876570586,1.3673318551367333,1.7738359201773837,2
small,bier127_gen3_m3,k100_l3,5000,1.5705838876570586,1.3673318551367333,1.7738359201773837,2
small,bier127_gen3_m3,k100_l5,0,26.164079822616408,26.164079822616408,26.164079822616408,2
small,bier127_gen3_m3,k100_l5,50,5.8388765705838885,3.510716925351072,8.167036215816704,2
small,bier127_gen3_m3,k100_l5,100,5.025868440502586,2.6607538802660757,7.390983000739098,2
small,bier127_gen3_m3,k100_l5,150,4.878048780487806,2.6607538802660757,7.095343680709535,2
small,bier127_gen3_m3,k100_l5,200,3.93569844789357,2.6607538802660757,5.210643015521065,2
small,bier127_gen3_m3,k100_l5,250,3.640059127864006,2.6607538802660757,4.619364375461936,2
small,bier127_gen3_m3,k100_l5,300,3.418329637841833,2.549889135254989,4.286770140428677,2
small,bier127_gen3_m3,k100_l5,350,3.252032520325203,2.4390243902439024,4.065040650406504,2
small,bier127_gen3_m3,k100_l5,400,3.252032520325203,2.4390243902439024,4.065040650406504,2
small,bier127_gen3_m3,k100_l5,450,3.252032520325203,2.4390243902439024,4.065040650406504,2
small,bier127_gen3_m3,k100_l5,500,3.252032520325203,2.4390243902439024,4.065040650406504,2
small,bier127_gen3_m3,k100_l5,550,3.252032520325203,2.4390243902439024,4.065040650406504,2
small,bier127_gen3_m3,k100_l5,600,3.2335550628233554,2.4390243902439024,4.028085735402809,2
small,bier127_gen3_m3,k100_l5,650,3.122690317812269,2.217294900221729,4.028085735402809,2
small,bier127_gen3_m3,k100_l5,700,3.122690317812269,2.217294900221729,4.028085735402809,2
small,bier127_gen3_m3,k100_l5,750,2.937915742793791,2.217294900221729,3.658536585365854,2
small,bier127_gen3_m3,k100_l5,800,2.937915742793791,2.217294900221729,3.658536585365854,2
small,bier127_gen3_m3,k100_l5,850,2.937915742793791,2.217294900221729,3.658536585365854,2
small,bier127_gen3_m3,k100_l5,900,2.937915742793791,2.217294900221729,3.658536585365854,2
small,bier127_gen3_m3,k100_l5,950,2.7716186252771617,1.88470066518847,3.658536585365854,2
small,bier127_gen3_m3,k100_l5,1000,2.7716186252771617,1.88470066518847,3.658536585365854,2
small,bier127_gen3_m3,k100_l5,1050,2.7716186252771617,1.88470066518847,3.658536585365854,2
small,bier127_gen3_m3,k100_l5,1100,2.7716186252771617,1.88470066518847,3.658536585365854,2
small,bier127_gen3_m3,k100_l5,1150,2.7716186252771617,1.88470066518847,3.658536585365854,2
small,bier127_gen3_m3,k100_l5,1200,2.7716186252771617,1.88470066518847,3.658536585365854,2
small,bier127_gen3_m3,k100_l5,1250,2.7716186252771617,1.88470066518847,3.658536585365854,2
small,bier127_gen3_m3,k100_l5,1300,2.7716186252771617,1.88470066518847,3.658536585365854,2
small,bier127_gen3_m3,k100_l5,1350,2.7716186252771617,1.88470066518847,3.658536585365854,2
small,bier127_gen3_m3,k100_l5,1400,2.7716186252771617,1.88470066518847,3.658536585365854,2
small,bier127_gen3_m3,k100_l5,1450,2.7716186252771617,1.88470066518847,3.658536585365854,2
small,bier127_gen3_m3,k100_l5,1500,2.7716186252771617,1.88470066518847,3.658536585365854,2
small,bier127_gen3_m3,k100_l5,1550,2.7716186252771617,1.88470066518847,3.658536585365854,2
small,bier127_gen3_m3,k100_l5,1600,2.7716186252771617,1.88470066518847,3.658536585365854,2
small,bier127_gen3_m3,k100_l5,1650,2.7716186252771617,1.88470066518847,3.658536585365854,2
small,bier127_gen3_m3,k100_l5,1700,2.7716186252771617,1.88470066518847,3.658536585365854,2
small,bier127_gen3_m3,k100_l5,1750,2.7716186252771617,1.88470066518847,3.658536585365854,2
small,bier127_gen3_m3,k100_l5,1800,2.7716186252771617,1.88470066518847,3.658536585365854,2
small,bier127_gen3_m3,k100_l5,1850,2.7716186252771617,1.88470066518847,3.658536585365854,2
small,bier127_gen3_m3,k100_l5,1900,2.7716186252771617,1.88470066518847,3.658536585365854,2
small,bier127_gen3_m3,k100_l5,1950,2.7716186252771617,1.88470066518847,3.658536585365854,2
small,bier127_gen3_m3,k100_l5,2000,2.7716186252771617,1.88470066518847,3.658536585365854,2
small,bier127_gen3_m3,k100_l5,2050,2.7716186252771617,1.88470066518847,3.658536585365854,2
small,bier127_gen3_m3,k100_l5,2100,2.7716186252771617,1.88470066518847,3.658536585365854,2
small,bier127_gen3_m3,k100_l5,2150,2.7716186252771617,1.88470066518847,3.658536585365854,2
small,bier127_gen3_m3,k100_l5,2200,2.7716186252771617,1.88470066518847,3.658536585365854,2
small,bier127_gen3_m3,k100_l5,2250,2.7716186252771617,1.88470066518847,3.658536585365854,2
small,bier127_gen3_m3,k100_l5,2300,2.7716186252771617,1.88470066518847,3.658536585365854,2
small,bier127_gen3_m3,k100_l5,2350,2.7716186252771617,1.88470066518847,3.658536585365854,2
small,bier127_gen3_m3,k100_l5,2400,2.7716186252771617,1.88470066518847,3.658536585365854,2
small,bier127_gen3_m3,k100_l5,2450,2.7716186252771617,1.88470066518847,3.658536585365854,2
small,bier127_gen3_m3,k100_l5,2500,2.7716186252771617,1.88470066518847,3.658536585365854,2
small,bier127_gen3_m3,k100_l5,2550,2.7716186252771617,1.88470066518847,3.658536585365854,2
small,bier127_gen3_m3,k100_l5,2600,2.7716186252771617,1.88470066518847,3.658536585365854,2
small,bier127_gen3_m3,k100_l5,2650,2.7716186252771617,1.88470066518847,3.658536585365854,2
small,bier127_gen3_m3,k100_l5,2700,2.7716186252771617,1.88470066518847,3.658536585365854,2
small,bier127_gen3_m3,k100_l5,2750,2.7716186252771617,1.88470066518847,3.658536585365854,2
small,bier127_gen3_m3,k100_l5,2800,2.7716186252771617,1.88470066518847,3.658536585365854,2
small,bier127_gen3_m3,k100_l5,2850,2.7716186252771617,1.88470066518847,3.658536585365854,2
small,bier127_gen3_m3,k100_l5,2900,2.7716186252771617,1.88470066518847,3.658536585365854,2
small,bier127_gen3_m3,k100_l5,2950,2.7716186252771617,1.88470066518847,3.658536585365854,2
small,bier127_gen3_m3,k100_l5,3000,2.7716186252771617,1.88470066518847,3.658536585365854,2
small,bier127_gen3_m3,k100_l5,3050,2.7716186252771617,1.88470066518847,3.658536585365854,2
small,bier127_gen3_m3,k100_l5,3100,2.7716186252771617,1.88470066518847,3.658536585365854,2
small,bier127_gen3_m3,k100_l5,3150,2.7716186252771617,1.88470066518847,3.658536585365854,2
small,bier127_gen3_m3,k100_l5,3200,2.7716186252771617,1.88470066518847,3.658536585365854,2
small,bier127_gen3_m3,k100_l5,3250,2.7716186252771617,1.88470066518847,3.658536585365854,2
small,bier127_gen3_m3,k100_l5,3300,2.7716186252771617,1.88470066518847,3.658536585365854,2
small,bier127_gen3_m3,k100_l5,3350,2.7161862527716187,1.7738359201773837,3.658536585365854,2
small,bier127_gen3_m3,k100_l5,3400,2.7161862527716187,1.7738359201773837,3.658536585365854,2
small,bier127_gen3_m3,k100_l5,3450,2.7161862527716187,1.7738359201773837,3.658536585365854,2
small,bier127_gen3_m3,k100_l5,3500,2.7161862527716187,1.7738359201773837,3.658536585365854,2
small,bier127_gen3_m3,k100_l5,3550,2.7161862527716187,1.7738359201773837,3.658536585365854,2
small,bier127_gen3_m3,k100_l5,3600,2.7161862527716187,1.7738359201773837,3.658536585365854,2
small,bier127_gen3_m3,k100_l5,3650,2.7161862527716187,1.7738359201773837,3.658536585365854,2
small,bier127_gen3_m3,k100_l5,3700,2.7161862527716187,1.7738359201773837,3.658536585365854,2
small,bier127_gen3_m3,k100_l5,3750,2.7161862527716187,1.7738359201773837,3.658536585365854,2
small,bier127_gen3_m3,k100_l5,3800,2.7161862527716187,1.7738359201773837,3.658536585365854,2
small,bier127_gen3_m3,k100_l5,3850,2.7161862527716187,1.7738359201773837,3.658536585365854,2
small,bier127_gen3_m3,k100_l5,3900,2.7161862527716187,1.7738359201773837,3.658536585365854,2
small,bier127_gen3_m3,k100_l5,3950,2.7161862527716187,1.7738359201773837,3.658536585365854,2
small,bier127_gen3_m3,k100_l5,4000,2.7161862527716187,1.7738359201773837,3.658536585365854,2
small,bier127_gen3_m3,k100_l5,4050,2.7161862527716187,1.7738359201773837,3.658536585365854,2
small,bier127_gen3_m3,k100_l5,4100,2.7161862527716187,1.7738359201773837,3.658536585365854,2
small,bier127_gen3_m3,k100_l5,4150,2.7161862527716187,1.7738359201773837,3.658536585365854,2
small,bier127_gen3_m3,k100_l5,4200,2.7161862527716187,1.7738359201773837,3.658536585365854,2
small,bier127_gen3_m3,k100_l5,4250,2.7161862527716187,1.7738359201773837,3.658536585365854,2
small,bier127_gen3_m3,k100_l5,4300,2.7161862527716187,1.7738359201773837,3.658536585365854,2
small,bier127_gen3_m3,k100_l5,4350,2.7161862527716187,1.7738359201773837,3.658536585365854,2
small,bier127_gen3_m3,k100_l5,4400,2.7161862527716187,1.7738359201773837,3.658536585365854,2
small,bier127_gen3_m3,k100_l5,4450,2.7161862527716187,1.7738359201773837,3.658536585365854,2
small,bier127_gen3_m3,k100_l5,4500,2.7161862527716187,1.7738359201773837,3.658536585365854,2
small,bier127_gen3_m3,k100_l5,4550,2.7161862527716187,1.7738359201773837,3.658536585365854,2
small,bier127_gen3_m3,k100_l5,4600,2.7161862527716187,1.7738359201773837,3.658536585365854,2
small,bier127_gen3_m3,k100_l5,4650,2.7161862527716187,1.7738359201773837,3.658536585365854,2
small,bier127_gen3_m3,k100_l5,4700,2.7161862527716187,1.7738359201773837,3.658536585365854,2
small,bier127_gen3_m3,k100_l5,4750,2.7161862527716187,1.7738359201773837,3.658536585365854,2
small,bier127_gen3_m3,k100_l5,4800,2.7161862527716187,1.7738359201773837,3.658536585365854,2
small,bier127_gen3_m3,k100_l5,4850,2.7161862527716187,1.7738359201773837,3.658536585365854,2
small,bier127_gen3_m3,k100_l5,4900,2.7161862527716187,1.7738359201773837,3.658536585365854,2
small,bier127_gen3_m3,k100_l5,4950,2.7161862527716187,1.7738359201773837,3.658536585365854,2
small,bier127_gen3_m3,k100_l5,5000,2.7161862527716187,1.7738359201773837,3.658536585365854,2
small,bier127_gen3_m3,k100_linf,0,26.164079822616408,26.164079822616408,26.164079822616408,2
small,bier127_gen3_m3,k100_linf,50,1.9401330376940131,0.6282335550628233,3.252032520325203,2
small,bier127_gen3_m3,k100_linf,100,1.2195121951219512,0.6282335550628233,1.810790835181079,2
small,bier127_gen3_m3,k100_linf,150,1.1825572801182558,0.5543237250554324,1.810790835181079,2
small,bier127_gen3_m3,k100_linf,200,1.0347376201034737,0.2586844050258684,1.810790835181079,2
small,bier127_gen3_m3,k100_linf,250,0.9793052475979305,0.1478196600147819,1.810790835181079,2
small,bier127_gen3_m3,k100_linf,300,0.9793052475979305,0.1478196600147819,1.810790835181079,2
small,bier127_gen3_m3,k100_linf,350,0.9608277900960828,0.1108647450110864,1.810790835181079,2
small,bier127_gen3_m3,k100_linf,400,0.9608277900960828,0.1108647450110864,1.810790835181079,2
small,bier127_gen3_m3,k100_linf,450,0.9608277900960828,0.1108647450110864,1.810790835181079,2
small,bier127_gen3_m3,k100_linf,500,0.9608277900960828,0.1108647450110864,1.810790835181079,2
small,bier127_gen3_m3,k100_linf,550,0.9238728750923872,0.1108647450110864,1.736881005173688,2
small,bier127_gen3_m3,k100_linf,600,0.9238728750923872,0.1108647450110864,1.736881005173688,2
small,bier127_gen3_m3,k100_linf,650,0.9238728750923872,0.1108647450110864,1.736881005173688,2
small,bier127_gen3_m3,k100_linf,700,0.868440502586844,0.1108647450110864,1.6260162601626016,2
small,bier127_gen3_m3,k100_linf,750,0.868440502586844,0.1108647450110864,1.6260162601626016,2
small,bier127_gen3_m3,k100_linf,800,0.868440502586844,0.1108647450110864,1.6260162601626016,2
small,bier127_gen3_m3,k100_linf,850,0.868440502586844,0.1108647450110864,1.6260162601626016,2
small,bier127_gen3_m3,k100_linf,900,0.868440502586844,0.1108647450110864,1.6260162601626016,2
small,bier127_gen3_m3,k100_linf,950,0.868440502586844,0.1108647450110864,1.6260162601626016,2
small,bier127_gen3_m3,k100_linf,1000,0.868440502586844,0.1108647450110864,1.6260162601626016,2
small,bier127_gen3_m3,k100_linf,1050,0.868440502586844,0.1108647450110864,1.6260162601626016,2
small,bier127_gen3_m3,k100_linf,1100,0.868440502586844,0.1108647450110864,1.6260162601626016,2
small,bier127_gen3_m3,k100_linf,1150,0.868440502586844,0.1108647450110864,1.6260162601626016,2
small,bier127_gen3_m3,k100_linf,1200,0.868440502586844,0.1108647450110864,1.6260162601626016,2
small,bier127_gen3_m3,k100_linf,1250,0.868440502586844,0.1108647450110864,1.6260162601626016,2
small,bier127_gen3_m3,k100_linf,1300,0.868440502586844,0.1108647450110864,1.6260162601626016,2
small,bier127_gen3_m3,k100_linf,1350,0.868440502586844,0.1108647450110864,1.6260162601626016,2
small,bier127_gen3_m3,k100_linf,1400,0.868440502586844,0.1108647450110864,1.6260162601626016,2
small,bier127_gen3_m3,k100_linf,1450,0.868440502586844,0.1108647450110864,1.6260162601626016,2
small,bier127_gen3_m3,k100_linf,1500,0.868440502586844,0.1108647450110864,1.6260162601626016,2
small,bier127_gen3_m3,k100_linf,1550,0.868440502586844,0.1108647450110864,1.6260162601626016,2
small,bier127_gen3_m3,k100_linf,1600,0.868440502586844,0.1108647450110864,1.6260162601626016,2
small,bier127_gen3_m3,k100_linf,1650,0.868440502586844,0.1108647450110864,1.6260162601626016,2
small,bier127_gen3_m3,k100_linf,1700,0.868440502586844,0.1108647450110864,1.6260162601626016,2
small,bier127_gen3_m3,k100_linf,1750,0.868440502586844,0.1108647450110864,1.6260162601626016,2
small,bier127_gen3_m3,k100_linf,1800,0.868440502586844,0.1108647450110864,1.6260162601626016,2
small,bier127_gen3_m3,k100_linf,1850,0.868440502586844,0.1108647450110864,1.6260162601626016,2
small,bier127_gen3_m3,k100_linf,1900,0.868440502586844,0.1108647450110864,1.6260162601626016,2
small,bier127_gen3_m3,k100_linf,1950,0.868440502586844,0.1108647450110864,1.6260162601626016,2
small,bier127_gen3_m3,k100_linf,2000,0.868440502586844,0.1108647450110864,1.6260162601626016,2
small,bier127_gen3_m3,k100_linf,2050,0.868440502586844,0.1108647450110864,1.6260162601626016,2
small,bier127_gen3_m3,k100_linf,2100,0.868440502586844,0.1108647450110864,1.6260162601626016,2
small,bier127_gen3_m3,k100_linf,2150,0.868440502586844,0.1108647450110864,1.6260162601626016,2
small,bier127_gen3_m3,k100_linf,2200,0.868440502586844,0.1108647450110864,1.6260162601626016,2
small,bier127_gen3_m3,k100_linf,2250,0.868440502586844,0.1108647450110864,1.6260162601626016,2
small,bier127_gen3_m3,k100_linf,2300,0.868440502586844,0.1108647450110864,1.6260162601626016,2
small,bier127_gen3_m3,k100_linf,2350,0.868440502586844,0.1108647450110864,1.6260162601626016,2
small,bier127_gen3_m3,k100_linf,2400,0.868440502586844,0.1108647450110864,1.6260162601626016,2
small,bier127_gen3_m3,k100_linf,2450,0.868440502586844,0.1108647450110864,1.6260162601626016,2
small,bier127_gen3_m3,k100_linf,2500,0.868440502586844,0.1108647450110864,1.6260162601626016,2
small,bier127_gen3_m3,k100_linf,2550,0.868440502586844,0.1108647450110864,1.6260162601626016,2
small,bier127_gen3_m3,k100_linf,2600,0.868440502586844,0.1108647450110864,1.6260162601626016,2
small,bier127_gen3_m3,k100_linf,2650,0.7390983000739099,0.1108647450110864,1.3673318551367333,2
small,bier127_gen3_m3,k100_linf,2700,0.7390983000739099,0.1108647450110864,1.3673318551367333,2
small,bier127_gen3_m3,k100_linf,2750,0.7390983000739099,0.1108647450110864,1.3673318551367333,2
small,bier127_gen3_m3,k100_linf,2800,0.7390983000739099,0.1108647450110864,1.3673318551367333,2
small,bier127_gen3_m3,k100_linf,2850,0.7390983000739099,0.1108647450110864,1.3673318551367333,2
small,bier127_gen3_m3,k100_linf,2900,0.7390983000739099,0.1108647450110864,1.3673318551367333,2
small,bier127_gen3_m3,k100_linf,2950,0.7390983000739099,0.1108647450110864,1.3673318551367333,2
small,bier127_gen3_m3,k100_linf,3000,0.7390983000739099,0.1108647450110864,1.3673318551367333,2
small,bier127_gen3_m3,k100_linf,3050,0.7390983000739099,0.1108647450110864,1.3673318551367333,2
small,bier127_gen3_m3,k100_linf,3100,0.7390983000739099,0.1108647450110864,1.3673318551367333,2
small,bier127_gen3_m3,k100_linf,3150,0.7390983000739099,0.1108647450110864,1.3673318551367333,2
small,bier127_gen3_m3,k100_linf,3200,0.7390983000739099,0.1108647450110864,1.3673318551367333,2
small,bier127_gen3_m3,k100_linf,3250,0.7390983000739099,0.1108647450110864,1.3673318551367333,2
small,bier127_gen3_m3,k100_linf,3300,0.7390983000739099,0.1108647450110864,1.3673318551367333,2
small,bier127_gen3_m3,k100_linf,3350,0.7390983000739099,0.1108647450110864,1.3673318551367333,2
small,bier127_gen3_m3,k100_linf,3400,0.7390983000739099,0.1108647450110864,1.3673318551367333,2
small,bier127_gen3_m3,k100_linf,3450,0.7390983000739099,0.1108647450110864,1.3673318551367333,2
small,bier127_gen3_m3,k100_linf,3500,0.7390983000739099,0.1108647450110864,1.3673318551367333,2
small,bier127_gen3_m3,k100_linf,3550,0.7390983000739099,0.1108647450110864,1.3673318551367333,2
small,bier127_gen3_m3,k100_linf,3600,0.7390983000739099,0.1108647450110864,1.3673318551367333,2
small,bier127_gen3_m3,k100_linf,3650,0.7390983000739099,0.1108647450110864,1.3673318551367333,2
small,bier127_gen3_m3,k100_linf,3700,0.7390983000739099,0.1108647450110864,1.3673318551367333,2
small,bier127_gen3_m3,k100_linf,3750,0.7390983000739099,0.1108647450110864,1.3673318551367333,2
small,bier127_gen3_m3,k100_linf,3800,0.7390983000739099,0.1108647450110864,1.3673318551367333,2
small,bier127_gen3_m3,k100_linf,3850,0.7390983000739099,0.1108647450110864,1.3673318551367333,2
small,bier127_gen3_m3,k100_linf,3900,0.7390983000739099,0.1108647450110864,1.3673318551367333,2
small,bier127_gen3_m3,k100_linf,3950,0.7390983000739099,0.1108647450110864,1.3673318551367333,2
small,bier127_gen3_m3,k100_linf,4000,0.7390983000739099,0.1108647450110864,1.3673318551367333,2
small,bier127_gen3_m3,k100_linf,4050,0.7390983000739099,0.1108647450110864,1.3673318551367333,2
small,bier127_gen3_m3,k100_linf,4100,0.7390983000739099,0.1108647450110864,1.3673318551367333,2
small,bier127_gen3_m3,k100_linf,4150,0.7390983000739099,0.1108647450110864,1.3673318551367333,2
small,bier127_gen3_m3,k100_linf,4200,0.7390983000739099,0.1108647450110864,1.3673318551367333,2
small,bier127_gen3_m3,k100_linf,4250,0.7390983000739099,0.1108647450110864,1.3673318551367333,2
small,bier127_gen3_m3,k100_linf,4300,0.7390983000739099,0.1108647450110864,1.3673318551367333,2
small,bier127_gen3_m3,k100_linf,4350,0.7390983000739099,0.1108647450110864,1.3673318551367333,2
small,bier127_gen3_m3,k100_linf,4400,0.7390983000739099,0.1108647450110864,1.3673318551367333,2
small,bier127_gen3_m3,k100_linf,4450,0.7390983000739099,0.1108647450110864,1.3673318551367333,2
small,bier127_gen3_m3,k100_linf,4500,0.7390983000739099,0.1108647450110864,1.3673318551367333,2
small,bier127_gen3_m3,k100_linf,4550,0.7390983000739099,0.1108647450110864,1.3673318551367333,2
small,bier127_gen3_m3,k100_linf,4600,0.7390983000739099,0.1108647450110864,1.3673318551367333,2
small,bier127_gen3_m3,k100_linf,4650,0.7390983000739099,0.1108647450110864,1.3673318551367333,2
small,bier127_gen3_m3,k100_linf,4700,0.7390983000739099,0.1108647450110864,1.3673318551367333,2
small,bier127_gen3_m3,k100_linf,4750,0.7390983000739099,0.1108647450110864,1.3673318551367333,2
small,bier127_gen3_m3,k100_linf,4800,0.7390983000739099,0.1108647450110864,1.3673318551367333,2
small,bier127_gen3_m3,k100_linf,4850,0.7390983000739099,0.1108647450110864,1.3673318551367333,2
small,bier127_gen3_m3,k100_linf,4900,0.7390983000739099,0.1108647450110864,1.3673318551367333,2
small,bier127_gen3_m3,k100_linf,4950,0.7390983000739099,0.1108647450110864,1.3673318551367333,2
small,bier127_gen3_m3,k100_linf,5000,0.7390983000739099,0.1108647450110864,1.3673318551367333,2
small,bier127_gen3_m3,k20_l1,0,26.164079822616408,26.164079822616408,26.164079822616408,2
small,bier127_gen3_m3,k20_l1,50,3.806356245380636,2.7346637102734666,4.878048780487805,2
small,bier127_gen3_m3,k20_l1,100,2.5683665927568367,2.254249815225425,2.882483370288248,2
small,bier127_gen3_m3,k20_l1,150,2.1988174427198817,1.88470066518847,2.512934220251293,2
small,bier127_gen3_m3,k20_l1,200,1.9770879526977088,1.88470066518847,2.0694752402069474,2
small,bier127_gen3_m3,k20_l1,250,1.8662232076866223,1.8477457501847745,1.88470066518847,2
small,bier127_gen3_m3,k20_l1,300,1.8662232076866223,1.8477457501847745,1.88470066518847,2
small,bier127_gen3_m3,k20_l1,350,1.8662232076866223,1.8477457501847745,1.88470066518847,2
small,bier127_gen3_m3,k20_l1,400,1.8662232076866223,1.8477457501847745,1.88470066518847,2
small,bier127_gen3_m3,k20_l1,450,1.8662232076866223,1.8477457501847745,1.88470066518847,2
small,bier127_gen3_m3,k20_l1,500,1.8292682926829267,1.810790835181079,1.8477457501847745,2
small,bier127_gen3_m3,k20_l1,550,1.8292682926829267,1.810790835181079,1.8477457501847745,2
small,bier127_gen3_m3,k20_l1,600,1.8292682926829267,1.810790835181079,1.8477457501847745,2
small,bier127_gen3_m3,k20_l1,650,1.8292682926829267,1.810790835181079,1.8477457501847745,2
small,bier127_gen3_m3,k20_l1,700,1.8292682926829267,1.810790835181079,1.8477457501847745,2
small,bier127_gen3_m3,k20_l1,750,1.8292682926829267,1.810790835181079,1.8477457501847745,2
small,bier127_gen3_m3,k20_l1,800,1.7923133776792315,1.7738359201773837,1.810790835181079,2
small,bier127_gen3_m3,k20_l1,850,1.7923133776792315,1.7738359201773837,1.810790835181079,2
small,bier127_gen3_m3,k20_l1,900,1.7923133776792315,1.7738359201773837,1.810790835181079,2
small,bier127_gen3_m3,k20_l1,950,1.7923133776792315,1.7738359201773837,1.810790835181079,2
small,bier127_gen3_m3,k20_l1,1000,1.7923133776792315,1.7738359201773837,1.810790835181079,2
small,bier127_gen3_m3,k20_l1,1050,1.7923133776792315,1.7738359201773837,1.810790835181079,2
small,bier127_gen3_m3,k20_l1,1100,1.7923133776792315,1.7738359201773837,1.810790835181079,2
small,bier127_gen3_m3,k20_l1,1150,1.7923133776792315,1.7738359201773837,1.810790835181079,2
small,bier127_gen3_m3,k20_l1,1200,1.7923133776792315,1.7738359201773837,1.810790835181079,2
small,bier127_gen3_m3,k20_l1,1250,1.7923133776792315,1.7738359201773837,1.810790835181079,2
small,bier127_gen3_m3,k20_l1,1300,1.7923133776792315,1.7738359201773837,1.810790835181079,2
small,bier127_gen3_m3,k20_l1,1350,1.7923133776792315,1.7738359201773837,1.810790835181079,2
small,bier127_gen3_m3,k20_l1,1400,1.7923133776792315,1.7738359201773837,1.810790835181079,2
small,bier127_gen3_m3,k20_l1,1450,1.7923133776792315,1.7738359201773837,1.810790835181079,2
small,bier127_gen3_m3,k20_l1,1500,1.7923133776792315,1.7738359201773837,1.810790835181079,2
small,bier127_gen3_m3,k20_l1,1550,1.7923133776792315,1.7738359201773837,1.810790835181079,2
small,bier127_gen3_m3,k20_l1,1600,1.7923133776792315,1.7738359201773837,1.810790835181079,2
small,bier127_gen3_m3,k20_l1,1650,1.7923133776792315,1.7738359201773837,1.810790835181079,2
small,bier127_gen3_m3,k20_l1,1700,1.7923133776792315,1.7738359201773837,1.810790835181079,2
small,bier127_gen3_m3,k20_l1,1750,1.7923133776792315,1.7738359201773837,1.810790835181079,2
small,bier127_gen3_m3,k20_l1,1800,1.7923133776792315,1.7738359201773837,1.810790835181079,2
small,bier127_gen3_m3,k20_l1,1850,1.7923133776792315,1.7738359201773837,1.810790835181079,2
small,bier127_gen3_m3,k20_l1,1900,1.7923133776792315,1.7738359201773837,1.810790835181079,2
small,bier127_gen3_m3,k20_l1,1950,1.7923133776792315,1.7738359201773837,1.810790835181079,2
small,bier127_gen3_m3,k20_l1,2000,1.7738359201773837,1.7738359201773837,1.7738359201773837,2
small,bier127_gen3_m3,k20_l1,2050,1.7738359201773837,1.7738359201773837,1.7738359201773837,2
small,bier127_gen3_m3,k20_l1,2100,1.6999260901699926,1.6260162601626016,1.7738359201773837,2
small,bier127_gen3_m3,k20_l1,2150,1.6999260901699926,1.6260162601626016,1.7738359201773837,2
small,bier127_gen3_m3,k20_l1,2200,1.6999260901699926,1.6260162601626016,1.7738359201773837,2
small,bier127_gen3_m3,k20_l1,2250,1.6999260901699926,1.6260162601626016,1.7738359201773837,2
small,bier127_gen3_m3,k20_l1,2300,1.6999260901699926,1.6260162601626016,1.7738359201773837,2
small,bier127_gen3_m3,k20_l1,2350,1.6999260901699926,1.6260162601626016,1.7738359201773837,2
small,bier127_gen3_m3,k20_l1,2400,1.6999260901699926,1.6260162601626016,1.7738359201773837,2
small,bier127_gen3_m3,k20_l1,2450,1.6999260901699926,1.6260162601626016,1.7738359201773837,2
small,bier127_gen3_m3,k20_l1,2500,1.6999260901699926,1.6260162601626016,1.7738359201773837,2
small,bier127_gen3_m3,k20_l1,2550,1.6999260901699926,1.6260162601626016,1.7738359201773837,2
small,bier127_gen3_m3,k20_l1,2600,1.6999260901699926,1.6260162601626016,1.7738359201773837,2
small,bier127_gen3_m3,k20_l1,2650,1.6999260901699926,1.6260162601626016,1.7738359201773837,2
small,bier127_gen3_m3,k20_l1,2700,1.6260162601626016,1.6260162601626016,1.6260162601626016,2
small,bier127_gen3_m3,k20_l1,2750,1.6260162601626016,1.6260162601626016,1.6260162601626016,2
small,bier127_gen3_m3,k20_l1,2800,1.6260162601626016,1.6260162601626016,1.6260162601626016,2
small,bier127_gen3_m3,k20_l1,2850,1.6260162601626016,1.6260162601626016,1.6260162601626016,2
small,bier127_gen3_m3,k20_l1,2900,1.6260162601626016,1.6260162601626016,1.6260162601626016,2
small,bier127_gen3_m3,k20_l1,2950,1.6260162601626016,1.6260162601626016,1.6260162601626016,2
small,bier127_gen3_m3,k20_l1,3000,1.6260162601626016,1.6260162601626016,1.6260162601626016,2
small,bier127_gen3_m3,k20_l1,3050,1.6260162601626016,1.6260162601626016,1.6260162601626016,2
small,bier127_gen3_m3,k20_l1,3100,1.6260162601626016,1.6260162601626016,1.6260162601626016,2
small,bier127_gen3_m3,k20_l1,3150,1.6260162601626016,1.6260162601626016,1.6260162601626016,2
small,bier127_gen3_m3,k20_l1,3200,1.6260162601626016,1.6260162601626016,1.6260162601626016,2
small,bier127_gen3_m3,k20_l1,3250,1.6260162601626016,1.6260162601626016,1.6260162601626016,2
small,bier127_gen3_m3,k20_l1,3300,1.6260162601626016,1.6260162601626016,1.6260162601626016,2
small,bier127_gen3_m3,k20_l1,3350,1.6260162601626016,1.6260162601626016,1.6260162601626016,2
small,bier127_gen3_m3,k20_l1,3400,1.6260162601626016,1.6260162601626016,1.6260162601626016,2
small,bier127_gen3_m3,k20_l1,3450,1.6260162601626016,1.6260162601626016,1.6260162601626016,2
small,bier127_gen3_m3,k20_l1,3500,1.6260162601626016,1.6260162601626016,1.6260162601626016,2
small,bier127_gen3_m3,k20_l1,3550,1.6260162601626016,1.6260162601626016,1.6260162601626016,2
small,bier127_gen3_m3,k20_l1,3600,1.6260162601626016,1.6260162601626016,1.6260162601626016,2
small,bier127_gen3_m3,k20_l1,3650,1.6260162601626016,1.6260162601626016,1.6260162601626016,2
small,bier127_gen3_m3,k20_l1,3700,1.6260162601626016,1.6260162601626016,1.6260162601626016,2
small,bier127_gen3_m3,k20_l1,3750,1.6260162601626016,1.6260162601626016,1.6260162601626016,2
small,bier127_gen3_m3,k20_l1,3800,1.6260162601626016,1.6260162601626016,1.6260162601626016,2
small,bier127_gen3_m3,k20_l1,3850,1.6260162601626016,1.6260162601626016,1.6260162601626016,2
small,bier127_gen3_m3,k20_l1,3900,1.6260162601626016,1.6260162601626016,1.6260162601626016,2
small,bier127_gen3_m3,k20_l1,3950,1.6260162601626016,1.6260162601626016,1.6260162601626016,2
small,bier127_gen3_m3,k20_l1,4000,1.6260162601626016,1.6260162601626016,1.6260162601626016,2
small,bier127_gen3_m3,k20_l1,4050,1.6260162601626016,1.6260162601626016,1.6260162601626016,2
small,bier127_gen3_m3,k20_l1,4100,1.6260162601626016,1.6260162601626016,1.6260162601626016,2
small,bier127_gen3_m3,k20_l1,4150,1.6260162601626016,1.6260162601626016,1.6260162601626016,2
small,bier127_gen3_m3,k20_l1,4200,1.6260162601626016,1.6260162601626016,1.6260162601626016,2
small,bier127_gen3_m3,k20_l1,4250,1.6260162601626016,1.6260162601626016,1.6260162601626016,2
small,bier127_gen3_m3,k20_l1,4300,1.6260162601626016,1.6260162601626016,1.6260162601626016,2
small,bier127_gen3_m3,k20_l1,4350,1.6260162601626016,1.6260162601626016,1.6260162601626016,2
small,bier127_gen3_m3,k20_l1,4400,1.6260162601626016,1.6260162601626016,1.6260162601626016,2
small,bier127_gen3_m3,k20_l1,4450,1.6260162601626016,1.6260162601626016,1.6260162601626016,2
small,bier127_gen3_m3,k20_l1,4500,1.6260162601626016,1.6260162601626016,1.6260162601626016,2
small,bier127_gen3_m3,k20_l1,4550,1.6260162601626016,1.6260162601626016,1.6260162601626016,2
small,bier127_gen3_m3,k20_l1,4600,1.6260162601626016,1.6260162601626016,1.6260162601626016,2
small,bier127_gen3_m3,k20_l1,4650,1.6260162601626016,1.6260162601626016,1.6260162601626016,2
small,bier127_gen3_m3,k20_l1,4700,1.6260162601626016,1.6260162601626016,1.6260162601626016,2
small,bier127_gen3_m3,k20_l1,4750,1.6260162601626016,1.6260162601626016,1.6260162601626016,2
small,bier127_gen3_m3,k20_l1,4800,1.6260162601626016,1.6260162601626016,1.6260162601626016,2
small,bier127_gen3_m3,k20_l1,4850,1.6260162601626016,1.6260162601626016,1.6260162601626016,2
small,bier127_gen3_m3,k20_l1,4900,1.6260162601626016,1.6260162601626016,1.6260162601626016,2
small,bier127_gen3_m3,k20_l1,4950,1.6260162601626016,1.6260162601626016,1.6260162601626016,2
small,bier127_gen3_m3,k20_l1,5000,1.6260162601626016,1.6260162601626016,1.6260162601626016,2
small,bier127_gen3_m3,k6_l1,0,26.164079822616408,26.164079822616408,26.164079822616408,2
small,bier127_gen3_m3,k6_l1,50,8.093126385809313,3.104212860310421,13.082039911308204,2
small,bier127_gen3_m3,k6_l1,100,7.871396895787139,2.6607538802660757,13.082039911308204,2
small,bier127_gen3_m3,k6_l1,150,7.612712490761272,2.6607538802660757,12.564671101256469,2
small,bier127_gen3_m3,k6_l1,200,7.612712490761272,2.6607538802660757,12.564671101256469,2
small,bier127_gen3_m3,k6_l1,250,5.469327420546932,2.217294900221729,8.721359940872135,2
small,bier127_gen3_m3,k6_l1,300,4.508499630450849,2.217294900221729,6.7997043606799705,2
small,bier127_gen3_m3,k6_l1,350,4.490022172949002,2.217294900221729,6.762749445676275,2
small,bier127_gen3_m3,k6_l1,400,4.194382852919438,2.217294900221729,6.1714708056171474,2
small,bier127_gen3_m3,k6_l1,450,3.9911308203991127,2.217294900221729,5.764966740576496,2
small,bier127_gen3_m3,k6_l1,500,3.9541759053954175,2.217294900221729,5.691056910569106,2
small,bier127_gen3_m3,k6_l1,550,3.898743532889874,2.217294900221729,5.580192165558019,2
small,bier127_gen3_m3,k6_l1,600,3.898743532889874,2.217294900221729,5.580192165558019,2
small,bier127_gen3_m3,k6_l1,650,3.898743532889874,2.217294900221729,5.580192165558019,2
small,bier127_gen3_m3,k6_l1,700,3.6031042128603104,2.217294900221729,4.988913525498892,2
small,bier127_gen3_m3,k6_l1,750,3.252032520325203,2.217294900221729,4.286770140428677,2
small,bier127_gen3_m3,k6_l1,800,3.252032520325203,2.217294900221729,4.286770140428677,2
small,bier127_gen3_m3,k6_l1,850,3.252032520325203,2.217294900221729,4.286770140428677,2
small,bier127_gen3_m3,k6_l1,900,3.252032520325203,2.217294900221729,4.286770140428677,2
small,bier127_gen3_m3,k6_l1,950,3.252032520325203,2.217294900221729,4.286770140428677,2
small,bier127_gen3_m3,k6_l1,1000,3.252032520325203,2.217294900221729,4.286770140428677,2
small,bier127_gen3_m3,k6_l1,1050,3.252032520325203,2.217294900221729,4.286770140428677,2
small,bier127_gen3_m3,k6_l1,1100,3.252032520325203,2.217294900221729,4.286770140428677,2
small,bier127_gen3_m3,k6_l1,1150,3.2335550628233554,2.180339985218034,4.286770140428677,2
small,bier127_gen3_m3,k6_l1,1200,3.141167775314117,1.9955654101995568,4.286770140428677,2
small,bier127_gen3_m3,k6_l1,1250,3.141167775314117,1.9955654101995568,4.286770140428677,2
small,bier127_gen3_m3,k6_l1,1300,3.141167775314117,1.9955654101995568,4.286770140428677,2
small,bier127_gen3_m3,k6_l1,1350,3.067257945306726,1.8477457501847745,4.286770140428677,2
small,bier127_gen3_m3,k6_l1,1400,3.067257945306726,1.8477457501847745,4.286770140428677,2
small,bier127_gen3_m3,k6_l1,1450,3.048780487804878,1.810790835181079,4.286770140428677,2
small,bier127_gen3_m3,k6_l1,1500,3.048780487804878,1.810790835181079,4.286770140428677,2
small,bier127_gen3_m3,k6_l1,1550,3.0303030303030303,1.7738359201773837,4.286770140428677,2
small,bier127_gen3_m3,k6_l1,1600,3.0303030303030303,1.7738359201773837,4.286770140428677,2
small,bier127_gen3_m3,k6_l1,1650,3.0303030303030303,1.7738359201773837,4.286770140428677,2
small,bier127_gen3_m3,k6_l1,1700,3.0303030303030303,1.7738359201773837,4.286770140428677,2
small,bier127_gen3_m3,k6_l1,1750,3.0303030303030303,1.7738359201773837,4.286770140428677,2
small,bier127_gen3_m3,k6_l1,1800,2.864005912786401,1.441241685144124,4.286770140428677,2
small,bier127_gen3_m3,k6_l1,1850,2.864005912786401,1.441241685144124,4.286770140428677,2
small,bier127_gen3_m3,k6_l1,1900,2.864005912786401,1.441241685144124,4.286770140428677,2
small,bier127_gen3_m3,k6_l1,1950,2.864005912786401,1.441241685144124,4.286770140428677,2
small,bier127_gen3_m3,k6_l1,2000,2.864005912786401,1.441241685144124,4.286770140428677,2
small,bier127_gen3_m3,k6_l1,2050,2.864005912786401,1.441241685144124,4.286770140428677,2
small,bier127_gen3_m3,k6_l1,2100,2.864005912786401,1.441241685144124,4.286770140428677,2
small,bier127_gen3_m3,k6_l1,2150,2.7900960827790096,1.441241685144124,4.138950480413895,2
small,bier127_gen3_m3,k6_l1,2200,2.7900960827790096,1.441241685144124,4.138950480413895,2
small,bier127_gen3_m3,k6_l1,2250,2.7900960827790096,1.441241685144124,4.138950480413895,2
small,bier127_gen3_m3,k6_l1,2300,2.7900960827790096,1.441241685144124,4.138950480413895,2
small,bier127_gen3_m3,k6_l1,2350,2.7900960827790096,1.441241685144124,4.138950480413895,2
small,bier127_gen3_m3,k6_l1,2400,2.7900960827790096,1.441241685144124,4.138950480413895,2
small,bier127_gen3_m3,k6_l1,2450,2.7900960827790096,1.441241685144124,4.138950480413895,2
small,bier127_gen3_m3,k6_l1,2500,2.7900960827790096,1.441241685144124,4.138950480413895,2
small,bier127_gen3_m3,k6_l1,2550,2.7900960827790096,1.441241685144124,4.138950480413895,2
small,bier127_gen3_m3,k6_l1,2600,2.7900960827790096,1.441241685144124,4.138950480413895,2
small,bier127_gen3_m3,k6_l1,2650,2.7900960827790096,1.441241685144124,4.138950480413895,2
small,bier127_gen3_m3,k6_l1,2700,2.7900960827790096,1.441241685144124,4.138950480413895,2
small,bier127_gen3_m3,k6_l1,2750,2.7900960827790096,1.441241685144124,4.138950480413895,2
small,bier127_gen3_m3,k6_l1,2800,2.7900960827790096,1.441241685144124,4.138950480413895,2
small,bier127_gen3_m3,k6_l1,2850,2.7900960827790096,1.441241685144124,4.138950480413895,2
small,bier127_gen3_m3,k6_l1,2900,2.7900960827790096,1.441241685144124,4.138950480413895,2
small,bier127_gen3_m3,k6_l1,2950,2.7900960827790096,1.441241685144124,4.138950480413895,2
small,bier127_gen3_m3,k6_l1,3000,2.7900960827790096,1.441241685144124,4.138950480413895,2
small,bier127_gen3_m3,k6_l1,3050,2.7900960827790096,1.441241685144124,4.138950480413895,2
small,bier127_gen3_m3,k6_l1,3100,2.7900960827790096,1.441241685144124,4.138950480413895,2
small,bier127_gen3_m3,k6_l1,3150,2.7900960827790096,1.441241685144124,4.138950480413895,2
small,bier127_gen3_m3,k6_l1,3200,2.7900960827790096,1.441241685144124,4.138950480413895,2
small,bier127_gen3_m3,k6_l1,3250,2.7900960827790096,1.441241685144124,4.138950480413895,2
small,bier127_gen3_m3,k6_l1,3300,2.7900960827790096,1.441241685144124,4.138950480413895,2
small,bier127_gen3_m3,k6_l1,3350,2.7900960827790096,1.441241685144124,4.138950480413895,2
small,bier127_gen3_m3,k6_l1,3400,2.7900960827790096,1.441241685144124,4.138950480413895,2
small,bier127_gen3_m3,k6_l1,3450,2.7900960827790096,1.441241685144124,4.138950480413895,2
small,bier127_gen3_m3,k6_l1,3500,2.7900960827790096,1.441241685144124,4.138950480413895,2
small,bier127_gen3_m3,k6_l1,3550,2.7900960827790096,1.441241685144124,4.138950480413895,2
small,bier127_gen3_m3,k6_l1,3600,2.7900960827790096,1.441241685144124,4.138950480413895,2
small,bier127_gen3_m3,k6_l1,3650,2.7900960827790096,1.441241685144124,4.138950480413895,2
small,bier127_gen3_m3,k6_l1,3700,2.7900960827790096,1.441241685144124,4.138950480413895,2
small,bier127_gen3_m3,k6_l1,3750,2.7900960827790096,1.441241685144124,4.138950480413895,2
small,bier127_gen3_m3,k6_l1,3800,2.7900960827790096,1.441241685144124,4.138950480413895,2
small,bier127_gen3_m3,k6_l1,3850,2.7900960827790096,1.441241685144124,4.138950480413895,2
small,bier127_gen3_m3,k6_l1,3900,2.7900960827790096,1.441241685144124,4.138950480413895,2
small,bier127_gen3_m3,k6_l1,3950,2.7900960827790096,1.441241685144124,4.138950480413895,2
small,bier127_gen3_m3,k6_l1,4000,2.7900960827790096,1.441241685144124,4.138950480413895,2
small,bier127_gen3_m3,k6_l1,4050,2.7900960827790096,1.441241685144124,4.138950480413895,2
small,bier127_gen3_m3,k6_l1,4100,2.7900960827790096,1.441241685144124,4.138950480413895,2
small,bier127_gen3_m3,k6_l1,4150,2.7900960827790096,1.441241685144124,4.138950480413895,2
small,bier127_gen3_m3,k6_l1,4200,2.7900960827790096,1.441241685144124,4.138950480413895,2
small,bier127_gen3_m3,k6_l1,4250,2.7900960827790096,1.441241685144124,4.138950480413895,2
small,bier127_gen3_m3,k6_l1,4300,2.7900960827790096,1.441241685144124,4.138950480413895,2
small,bier127_gen3_m3,k6_l1,4350,2.7900960827790096,1.441241685144124,4.138950480413895,2
small,bier127_gen3_m3,k6_l1,4400,2.7900960827790096,1.441241685144124,4.138950480413895,2
small,bier127_gen3_m3,k6_l1,4450,2.7900960827790096,1.441241685144124,4.138950480413895,2
small,bier127_gen3_m3,k6_l1,4500,2.7900960827790096,1.441241685144124,4.138950480413895,2
small,bier127_gen3_m3,k6_l1,4550,2.7900960827790096,1.441241685144124,4.138950480413895,2
small,bier127_gen3_m3,k6_l1,4600,2.7900960827790096,1.441241685144124,4.138950480413895,2
small,bier127_gen3_m3,k6_l1,4650,2.7900960827790096,1.441241685144124,4.138950480413895,2
small,bier127_gen3_m3,k6_l1,4700,2.7900960827790096,1.441241685144124,4.138950480413895,2
small,bier127_gen3_m3,k6_l1,4750,2.7900960827790096,1.441241685144124,4.138950480413895,2
small,bier127_gen3_m3,k6_l1,4800,2.7900960827790096,1.441241685144124,4.138950480413895,2
small,bier127_gen3_m3,k6_l1,4850,2.7900960827790096,1.441241685144124,4.138950480413895,2
small,bier127_gen3_m3,k6_l1,4900,2.7900960827790096,1.441241685144124,4.138950480413895,2
small,bier127_gen3_m3,k6_l1,4950,2.7900960827790096,1.441241685144124,4.138950480413895,2
small,bier127_gen3_m3,k6_l1,5000,2.7900960827790096,1.441241685144124,4.138950480413895,2
small,bier127_gen3_m3,off,0,26.164079822616408,26.164079822616408,26.164079822616408,2
small,bier127_gen3_m3,off,50,8.333333333333334,3.5846267553584625,13.082039911308204,2
small,bier127_gen3_m3,off,100,7.3355506282335545,2.8085735402808574,11.862527716186252,2
small,bier127_gen3_m3,off,150,7.3355506282335545,2.8085735402808574,11.862527716186252,2
small,bier127_gen3_m3,off,200,7.3355506282335545,2.8085735402808574,11.862527716186252,2
small,bier127_gen3_m3,off,250,7.2431633407243154,2.62379896526238,11.862527716186252,2
small,bier127_gen3_m3,off,300,7.2431633407243154,2.62379896526238,11.862527716186252,2
small,bier127_gen3_m3,off,350,7.13229859571323,2.62379896526238,11.64079822616408,2
small,bier127_gen3_m3,off,400,7.13229859571323,2.62379896526238,11.64079822616408,2
small,bier127_gen3_m3,off,450,7.076866223207686,2.62379896526238,11.529933481152993,2
small,bier127_gen3_m3,off,500,7.076866223207686,2.62379896526238,11.529933481152993,2
small,bier127_gen3_m3,off,550,7.076866223207686,2.62379896526238,11.529933481152993,2
small,bier127_gen3_m3,off,600,7.076866223207686,2.62379896526238,11.529933481152993,2
small,bier127_gen3_m3,off,650,7.076866223207686,2.62379896526238,11.529933481152993,2
small,bier127_gen3_m3,off,700,7.076866223207686,2.62379896526238,11.529933481152993,2
small,bier127_gen3_m3,off,750,7.076866223207686,2.62379896526238,11.529933481152993,2
small,bier127_gen3_m3,off,800,7.076866223207686,2.62379896526238,11.529933481152993,2
small,bier127_gen3_m3,off,850,7.076866223207686,2.62379896526238,11.529933481152993,2
small,bier127_gen3_m3,off,900,7.076866223207686,2.62379896526238,11.529933481152993,2
small,bier127_gen3_m3,off,950,7.076866223207686,2.62379896526238,11.529933481152993,2
small,bier127_gen3_m3,off,1000,7.076866223207686,2.62379896526238,11.529933481152993,2
small,bier127_gen3_m3,off,1050,6.9105691056910565,2.2912047302291203,11.529933481152993,2
small,bier127_gen3_m3,off,1100,6.9105691056910565,2.2912047302291203,11.529933481152993,2
small,bier127_gen3_m3,off,1150,6.9105691056910565,2.2912047302291203,11.529933481152993,2
small,bier127_gen3_m3,off,1200,6.9105691056910565,2.2912047302291203,11.529933481152993,2
small,bier127_gen3_m3,off,1250,6.9105691056910565,2.2912047302291203,11.529933481152993,2
small,bier127_gen3_m3,off,1300,6.9105691056910565,2.2912047302291203,11.529933481152993,2
small,bier127_gen3_m3,off,1350,6.9105691056910565,2.2912047302291203,11.529933481152993,2
small,bier127_gen3_m3,off,1400,6.9105691056910565,2.2912047302291203,11.529933481152993,2
small,bier127_gen3_m3,off,1450,6.9105691056910565,2.2912047302291203,11.529933481152993,2
small,bier127_gen3_m3,off,1500,6.9105691056910565,2.2912047302291203,11.529933481152993,2
small,bier127_gen3_m3,off,1550,6.9105691056910565,2.2912047302291203,11.529933481152993,2
small,bier127_gen3_m3,off,1600,6.9105691056910565,2.2912047302291203,11.529933481152993,2
small,bier127_gen3_m3,off,1650,6.9105691056910565,2.2912047302291203,11.529933481152993,2
small,bier127_gen3_m3,off,1700,6.9105691056910565,2.2912047302291203,11.529933481152993,2
small,bier127_gen3_m3,off,1750,6.9105691056910565,2.2912047302291203,11.529933481152993,2
small,bier127_gen3_m3,off,1800,6.9105691056910565,2.2912047302291203,11.529933481152993,2
small,bier127_gen3_m3,off,1850,6.9105691056910565,2.2912047302291203,11.529933481152993,2
small,bier127_gen3_m3,off,1900,6.9105691056910565,2.2912047302291203,11.529933481152993,2
small,bier127_gen3_m3,off,1950,6.9105691056910565,2.2912047302291203,11.529933481152993,2
small,bier127_gen3_m3,off,2000,6.9105691056910565,2.2912047302291203,11.529933481152993,2
small,bier127_gen3_m3,off,2050,6.9105691056910565,2.2912047302291203,11.529933481152993,2
small,bier127_gen3_m3,off,2100,6.9105691056910565,2.2912047302291203,11.529933481152993,2
small,bier127_gen3_m3,off,2150,6.9105691056910565,2.2912047302291203,11.529933481152993,2
small,bier127_gen3_m3,off,2200,6.9105691056910565,2.2912047302291203,11.529933481152993,2
small,bier127_gen3_m3,off,2250,6.9105691056910565,2.2912047302291203,11.529933481152993,2
small,bier127_gen3_m3,off,2300,6.9105691056910565,2.2912047302291203,11.529933481152993,2
small,bier127_gen3_m3,off,2350,6.9105691056910565,2.2912047302291203,11.529933481152993,2
small,bier127_gen3_m3,off,2400,6.9105691056910565,2.2912047302291203,11.529933481152993,2
small,bier127_gen3_m3,off,2450,6.9105691056910565,2.2912047302291203,11.529933481152993,2
small,bier127_gen3_m3,off,2500,6.9105691056910565,2.2912047302291203,11.529933481152993,2
small,bier127_gen3_m3,off,2550,6.9105691056910565,2.2912047302291203,11.529933481152993,2
small,bier127_gen3_m3,off,2600,6.9105691056910565,2.2912047302291203,11.529933481152993,2
small,bier127_gen3_m3,off,2650,6.9105691056910565,2.2912047302291203,11.529933481152993,2
small,bier127_gen3_m3,off,2700,6.9105691056910565,2.2912047302291203,11.529933481152993,2
small,bier127_gen3_m3,off,2750,6.9105691056910565,2.2912047302291203,11.529933481152993,2
small,bier127_gen3_m3,off,2800,6.9105691056910565,2.2912047302291203,11.529933481152993,2
small,bier127_gen3_m3,off,2850,6.9105691056910565,2.2912047302291203,11.529933481152993,2
small,bier127_gen3_m3,off,2900,6.9105691056910565,2.2912047302291203,11.529933481152993,2
small,bier127_gen3_m3,off,2950,6.9105691056910565,2.2912047302291203,11.529933481152993,2
small,bier127_gen3_m3,off,3000,6.9105691056910565,2.2912047302291203,11.529933481152993,2
small,bier127_gen3_m3,off,3050,6.9105691056910565,2.2912047302291203,11.529933481152993,2
small,bier127_gen3_m3,off,3100,6.9105691056910565,2.2912047302291203,11.529933481152993,2
small,bier127_gen3_m3,off,3150,6.9105691056910565,2.2912047302291203,11.529933481152993,2
small,bier127_gen3_m3,off,3200,6.9105691056910565,2.2912047302291203,11.529933481152993,2
small,bier127_gen3_m3,off,3250,6.9105691056910565,2.2912047302291203,11.529933481152993,2
small,bier127_gen3_m3,off,3300,6.9105691056910565,2.2912047302291203,11.529933481152993,2
small,bier127_gen3_m3,off,3350,6.9105691056910565,2.2912047302291203,11.529933481152993,2
small,bier127_gen3_m3,off,3400,6.892091648189209,2.254249815225425,11.529933481152993,2
small,bier127_gen3_m3,off,3450,6.892091648189209,2.254249815225425,11.529933481152993,2
small,bier127_gen3_m3,off,3500,6.892091648189209,2.254249815225425,11.529933481152993,2
small,bier127_gen3_m3,off,3550,6.892091648189209,2.254249815225425,11.529933481152993,2
small,bier127_gen3_m3,off,3600,6.892091648189209,2.254249815225425,11.529933481152993,2
small,bier127_gen3_m3,off,3650,6.892091648189209,2.254249815225425,11.529933481152993,2
small,bier127_gen3_m3,off,3700,6.892091648189209,2.254249815225425,11.529933481152993,2
small,bier127_gen3_m3,off,3750,6.892091648189209,2.254249815225425,11.529933481152993,2
small,bier127_gen3_m3,off,3800,6.892091648189209,2.254249815225425,11.529933481152993,2
small,bier127_gen3_m3,off,3850,6.892091648189209,2.254249815225425,11.529933481152993,2
small,bier127_gen3_m3,off,3900,6.892091648189209,2.254249815225425,11.529933481152993,2
small,bier127_gen3_m3,off,3950,6.892091648189209,2.254249815225425,11.529933481152993,2
small,bier127_gen3_m3,off,4000,6.892091648189209,2.254249815225425,11.529933481152993,2
small,bier127_gen3_m3,off,4050,6.892091648189209,2.254249815225425,11.529933481152993,2
small,bier127_gen3_m3,off,4100,6.892091648189209,2.254249815225425,11.529933481152993,2
small,bier127_gen3_m3,off,4150,6.892091648189209,2.254249815225425,11.529933481152993,2
small,bier127_gen3_m3,off,4200,6.892091648189209,2.254249815225425,11.529933481152993,2
small,bier127_gen3_m3,off,4250,6.892091648189209,2.254249815225425,11.529933481152993,2
small,bier127_gen3_m3,off,4300,6.892091648189209,2.254249815225425,11.529933481152993,2
small,bier127_gen3_m3,off,4350,6.892091648189209,2.254249815225425,11.529933481152993,2
small,bier127_gen3_m3,off,4400,6.892091648189209,2.254249815225425,11.529933481152993,2
small,bier127_gen3_m3,off,4450,6.892091648189209,2.254249815225425,11.529933481152993,2
small,bier127_gen3_m3,off,4500,6.892091648189209,2.254249815225425,11.529933481152993,2
small,bier127_gen3_m3,off,4550,6.892091648189209,2.254249815225425,11.529933481152993,2
small,bier127_gen3_m3,off,4600,6.892091648189209,2.254249815225425,11.529933481152993,2
small,bier127_gen3_m3,off,4650,6.892091648189209,2.254249815225425,11.529933481152993,2
small,bier127_gen3_m3,off,4700,6.892091648189209,2.254249815225425,11.529933481152993,2
small,bier127_gen3_m3,off,4750,6.892091648189209,2.254249815225425,11.529933481152993,2
small,bier127_gen3_m3,off,4800,6.892091648189209,2.254249815225425,11.529933481152993,2
small,bier127_gen3_m3,off,4850,6.892091648189209,2.254249815225425,11.529933481152993,2
small,bier127_gen3_m3,off,4900,6.892091648189209,2.254249815225425,11.529933481152993,2
small,bier127_gen3_m3,off,4950,6.892091648189209,2.254249815225425,11.529933481152993,2
small,bier127_gen3_m3,off,5000,6.892091648189209,2.254249815225425,11.529933481152993,2
medium,pr299_gen1_m3,k100_l1,0,18.91891891891892,18.91891891891892,18.91891891891892,2
medium,pr299_gen1_m3,k100_l1,50,9.00900900900901,8.108108108108109,9.90990990990991,2
medium,pr299_gen1_m3,k100_l1,100,7.207207207207208,6.306306306306307,8.108108108108109,2
medium,pr299_gen1_m3,k100_l1,150,7.207207207207208,6.306306306306307,8.108108108108109,2
medium,pr299_gen1_m3,k100_l1,200,7.207207207207208,6.306306306306307,8.108108108108109,2
medium,pr299_gen1_m3,k100_l1,250,5.8558558558558556,5.405405405405405,6.306306306306307,2
medium,pr299_gen1_m3,k100_l1,300,5.8558558558558556,5.405405405405405,6.306306306306307,2
medium,pr299_gen1_m3,k100_l1,350,5.8558558558558556,5.405405405405405,6.306306306306307,2
medium,pr299_gen1_m3,k100_l1,400,5.405405405405405,4.504504504504505,6.306306306306307,2
medium,pr299_gen1_m3,k100_l1,450,4.054054054054054,1.8018018018018016,6.306306306306307,2
medium,pr299_gen1_m3,k100_l1,500,4.054054054054054,1.8018018018018016,6.306306306306307,2
medium,pr299_gen1_m3,k100_l1,550,4.054054054054054,1.8018018018018016,6.306306306306307,2
medium,pr299_gen1_m3,k100_l1,600,4.054054054054054,1.8018018018018016,6.306306306306307,2
medium,pr299_gen1_m3,k100_l1,650,3.603603603603603,1.8018018018018016,5.405405405405405,2
medium,pr299_gen1_m3,k100_l1,700,3.153153153153153,1.8018018018018016,4.504504504504505,2
medium,pr299_gen1_m3,k100_l1,750,3.153153153153153,1.8018018018018016,4.504504504504505,2
medium,pr299_gen1_m3,k100_l1,800,3.153153153153153,1.8018018018018016,4.504504504504505,2
medium,pr299_gen1_m3,k100_l1,850,3.153153153153153,1.8018018018018016,4.504504504504505,2
medium,pr299_gen1_m3,k100_l1,900,3.153153153153153,1.8018018018018016,4.504504504504505,2
medium,pr299_gen1_m3,k100_l1,950,2.7027027027027026,1.8018018018018016,3.603603603603604,2
medium,pr299_gen1_m3,k100_l1,1000,2.7027027027027026,1.8018018018018016,3.603603603603604,2
medium,pr299_gen1_m3,k100_l1,1050,2.7027027027027026,1.8018018018018016,3.603603603603604,2
medium,pr299_gen1_m3,k100_l1,1100,2.7027027027027026,1.8018018018018016,3.603603603603604,2
medium,pr299_gen1_m3,k100_l1,1150,2.7027027027027026,1.8018018018018016,3.603603603603604,2
medium,pr299_gen1_m3,k100_l1,1200,2.7027027027027026,1.8018018018018016,3.603603603603604,2
medium,pr299_gen1_m3,k100_l1,1250,2.7027027027027026,1.8018018018018016,3.603603603603604,2
medium,pr299_gen1_m3,k100_l1,1300,2.7027027027027026,1.8018018018018016,3.603603603603604,2
medium,pr299_gen1_m3,k100_l1,1350,2.7027027027027026,1.8018018018018016,3.603603603603604,2
medium,pr299_gen1_m3,k100_l1,1400,2.7027027027027026,1.8018018018018016,3.603603603603604,2
medium,pr299_gen1_m3,k100_l1,1450,2.7027027027027026,1.8018018018018016,3.603603603603604,2
medium,pr299_gen1_m3,k100_l1,1500,2.7027027027027026,1.8018018018018016,3.603603603603604,2
medium,pr299_gen1_m3,k100_l1,1550,2.7027027027027026,1.8018018018018016,3.603603603603604,2
medium,pr299_gen1_m3,k100_l1,1600,2.7027027027027026,1.8018018018018016,3.603603603603604,2
medium,pr299_gen1_m3,k100_l1,1650,2.7027027027027026,1.8018018018018016,3.603603603603604,2
medium,pr299_gen1_m3,k100_l1,1700,2.7027027027027026,1.8018018018018016,3.603603603603604,2
medium,pr299_gen1_m3,k100_l1,1750,2.7027027027027026,1.8018018018018016,3.603603603603604,2
medium,pr299_gen1_m3,k100_l1,1800,1.8018018018018016,1.8018018018018016,1.8018018018018016,2
medium,pr299_gen1_m3,k100_l1,1850,1.3513513513513513,0.9009009009009008,1.8018018018018016,2
medium,pr299_gen1_m3,k100_l1,1900,1.3513513513513513,0.9009009009009008,1.8018018018018016,2
medium,pr299_gen1_m3,k100_l1,1950,1.3513513513513513,0.9009009009009008,1.8018018018018016,2
medium,pr299_gen1_m3,k100_l1,2000,1.3513513513513513,0.9009009009009008,1.8018018018018016,2
medium,pr299_gen1_m3,k100_l1,2050,1.3513513513513513,0.9009009009009008,1.8018018018018016,2
medium,pr299_gen1_m3,k100_l1,2100,1.3513513513513513,0.9009009009009008,1.8018018018018016,2
medium,pr299_gen1_m3,k100_l1,2150,1.3513513513513513,0.9009009009009008,1.8018018018018016,2
medium,pr299_gen1_m3,k100_l1,2200,1.3513513513513513,0.9009009009009008,1.8018018018018016,2
medium,pr299_gen1_m3,k100_l1,2250,1.3513513513513513,0.9009009009009008,1.8018018018018016,2
medium,pr299_gen1_m3,k100_l1,2300,1.3513513513513513,0.9009009009009008,1.8018018018018016,2
medium,pr299_gen1_m3,k100_l1,2350,1.3513513513513513,0.9009009009009008,1.8018018018018016,2
medium,pr299_gen1_m3,k100_l1,2400,1.3513513513513513,0.9009009009009008,1.8018018018018016,2
medium,pr299_gen1_m3,k100_l1,2450,1.3513513513513513,0.9009009009009008,1.8018018018018016,2
medium,pr299_gen1_m3,k100_l1,2500,1.3513513513513513,0.9009009009009008,1.8018018018018016,2
medium,pr299_gen1_m3,k100_l1,2550,1.3513513513513513,0.9009009009009008,1.8018018018018016,2
medium,pr299_gen1_m3,k100_l1,2600,1.3513513513513513,0.9009009009009008,1.8018018018018016,2
medium,pr299_gen1_m3,k100_l1,2650,1.3513513513513513,0.9009009009009008,1.8018018018018016,2
medium,pr299_gen1_m3,k100_l1,2700,1.3513513513513513,0.9009009009009008,1.8018018018018016,2
medium,pr299_gen1_m3,k100_l1,2750,1.3513513513513513,0.9009009009009008,1.8018018018018016,2
medium,pr299_gen1_m3,k100_l1,2800,1.3513513513513513,0.9009009009009008,1.8018018018018016,2
medium,pr299_gen1_m3,k100_l1,2850,1.3513513513513513,0.9009009009009008,1.8018018018018016,2
medium,pr299_gen1_m3,k100_l1,2900,1.3513513513513513,0.9009009009009008,1.8018018018018016,2
medium,pr299_gen1_m3,k100_l1,2950,1.3513513513513513,0.9009009009009008,1.8018018018018016,2
medium,pr299_gen1_m3,k100_l1,3000,1.3513513513513513,0.9009009009009008,1.8018018018018016,2
medium,pr299_gen1_m3,k100_l1,3050,1.3513513513513513,0.9009009009009008,1.8018018018018016,2
medium,pr299_gen1_m3,k100_l1,3100,1.3513513513513513,0.9009009009009008,1.8018018018018016,2
medium,pr299_gen1_m3,k100_l1,3150,1.3513513513513513,0.9009009009009008,1.8018018018018016,2
medium,pr299_gen1_m3,k100_l1,3200,1.3513513513513513,0.9009009009009008,1.8018018018018016,2
medium,pr299_gen1_m3,k100_l1,3250,1.3513513513513513,0.9009009009009008,1.8018018018018016,2
medium,pr299_gen1_m3,k100_l1,3300,1.3513513513513513,0.9009009009009008,1.8018018018018016,2
medium,pr299_gen1_m3,k100_l1,3350,1.3513513513513513,0.9009009009009008,1.8018018018018016,2
medium,pr299_gen1_m3,k100_l1,3400,1.3513513513513513,0.9009009009009008,1.8018018018018016,2
medium,pr299_gen1_m3,k100_l1,3450,1.3513513513513513,0.9009009009009008,1.8018018018018016,2
medium,pr299_gen1_m3,k100_l1,3500,1.3513513513513513,0.9009009009009008,1.8018018018018016,2
medium,pr299_gen1_m3,k100_l1,3550,1.3513513513513513,0.9009009009009008,1.8018018018018016,2
medium,pr299_gen1_m3,k100_l1,3600,1.3513513513513513,0.9009009009009008,1.8018018018018016,2
medium,pr299_gen1_m3,k100_l1,3650,1.3513513513513513,0.9009009009009008,1.8018018018018016,2
medium,pr299_gen1_m3,k100_l1,3700,1.3513513513513513,0.9009009009009008,1.8018018018018016,2
medium,pr299_gen1_m3,k100_l1,3750,1.3513513513513513,0.9009009009009008,1.8018018018018016,2
medium,pr299_gen1_m3,k100_l1,3800,1.3513513513513513,0.9009009009009008,1.8018018018018016,2
medium,pr299_gen1_m3,k100_l1,3850,1.3513513513513513,0.9009009009009008,1.8018018018018016,2
medium,pr299_gen1_m3,k100_l1,3900,1.3513513513513513,0.9009009009009008,1.8018018018018016,2
medium,pr299_gen1_m3,k100_l1,3950,1.3513513513513513,0.9009009009009008,1.8018018018018016,2
medium,pr299_gen1_m3,k100_l1,4000,1.3513513513513513,0.9009009009009008,1.8018018018018016,2
medium,pr299_gen1_m3,k100_l1,4050,1.3513513513513513,0.9009009009009008,1.8018018018018016,2
medium,pr299_gen1_m3,k100_l1,4100,1.3513513513513513,0.9009009009009008,1.8018018018018016,2
medium,pr299_gen1_m3,k100_l1,4150,1.3513513513513513,0.9009009009009008,1.8018018018018016,2
medium,pr299_gen1_m3,k100_l1,4200,1.3513513513513513,0.9009009009009008,1.8018018018018016,2
medium,pr299_gen1_m3,k100_l1,4250,1.3513513513513513,0.9009009009009008,1.8018018018018016,2
medium,pr299_gen1_m3,k100_l1,4300,1.3513513513513513,0.9009009009009008,1.8018018018018016,2
medium,pr299_gen1_m3,k100_l1,4350,1.3513513513513513,0.9009009009009008,1.8018018018018016,2
medium,pr299_gen1_m3,k100_l1,4400,1.3513513513513513,0.9009009009009008,1.8018018018018016,2
medium,pr299_gen1_m3,k100_l1,4450,1.3513513513513513,0.9009009009009008,1.8018018018018016,2
medium,pr299_gen1_m3,k100_l1,4500,1.3513513513513513,0.9009009009009008,1.8018018018018016,2
medium,pr299_gen1_m3,k100_l1,4550,1.3513513513513513,0.9009009009009008,1.8018018018018016,2
medium,pr299_gen1_m3,k100_l1,4600,1.3513513513513513,0.9009009009009008,1.8018018018018016,2
medium,pr299_gen1_m3,k100_l1,4650,1.3513513513513513,0.9009009009009008,1.8018018018018016,2
medium,pr299_gen1_m3,k100_l1,4700,1.3513513513513513,0.9009009009009008,1.8018018018018016,2
medium,pr299_gen1_m3,k100_l1,4750,1.3513513513513513,0.9009009009009008,1.8018018018018016,2
medium,pr299_gen1_m3,k100_l1,4800,1.3513513513513513,0.9009009009009008,1.8018018018018016,2
medium,pr299_gen1_m3,k100_l1,4850,1.3513513513513513,0.9009009009009008,1.8018018018018016,2
medium,pr299_gen1_m3,k100_l1,4900,1.3513513513513513,0.9009009009009008,1.8018018018018016,2
medium,pr299_gen1_m3,k100_l1,4950,1.3513513513513513,0.9009009009009008,1.8018018018018016,2
medium,pr299_gen1_m3,k100_l1,5000,1.3513513513513513,0.9009009009009008,1.8018018018018016,2
medium,pr299_gen1_m3,k100_l3,0,18.91891891891892,18.91891891891892,18.91891891891892,2
medium,pr299_gen1_m3,k100_l3,50,9.00900900900901,9.00900900900901,9.00900900900901,2
medium,pr299_gen1_m3,k100_l3,100,8.558558558558559,8.108108108108109,9.00900900900901,2
medium,pr299_gen1_m3,k100_l3,150,8.558558558558559,8.108108108108109,9.00900900900901,2
medium,pr299_gen1_m3,k100_l3,200,4.954954954954955,4.504504504504505,5.405405405405405,2
medium,pr299_gen1_m3,k100_l3,250,4.954954954954955,4.504504504504505,5.405405405405405,2
medium,pr299_gen1_m3,k100_l3,300,4.954954954954955,4.504504504504505,5.405405405405405,2
medium,pr299_gen1_m3,k100_l3,350,4.954954954954955,4.504504504504505,5.405405405405405,2
medium,pr299_gen1_m3,k100_l3,400,4.954954954954955,4.504504504504505,5.405405405405405,2
medium,pr299_gen1_m3,k100_l3,450,4.954954954954955,4.504504504504505,5.405405405405405,2
medium,pr299_gen1_m3,k100_l3,500,4.954954954954955,4.504504504504505,5.405405405405405,2
medium,pr299_gen1_m3,k100_l3,550,4.954954954954955,4.504504504504505,5.405405405405405,2
medium,pr299_gen1_m3,k100_l3,600,4.954954954954955,4.504504504504505,5.405405405405405,2
medium,pr299_gen1_m3,k100_l3,650,4.954954954954955,4.504504504504505,5.405405405405405,2
medium,pr299_gen1_m3,k100_l3,700,4.504504504504505,4.504504504504505,4.504504504504505,2
medium,pr299_gen1_m3,k100_l3,750,3.603603603603603,2.702702702702702,4.504504504504505,2
medium,pr299_gen1_m3,k100_l3,800,3.153153153153153,1.8018018018018016,4.504504504504505,2
medium,pr299_gen1_m3,k100_l3,850,3.153153153153153,1.8018018018018016,4.504504504504505,2
medium,pr299_gen1_m3,k100_l3,900,3.153153153153153,1.8018018018018016,4.504504504504505,2
medium,pr299_gen1_m3,k100_l3,950,3.153153153153153,1.8018018018018016,4.504504504504505,2
medium,pr299_gen1_m3,k100_l3,1000,3.153153153153153,1.8018018018018016,4.504504504504505,2
medium,pr299_gen1_m3,k100_l3,1050,3.153153153153153,1.8018018018018016,4.504504504504505,2
medium,pr299_gen1_m3,k100_l3,1100,3.153153153153153,1.8018018018018016,4.504504504504505,2
medium,pr299_gen1_m3,k100_l3,1150,3.153153153153153,1.8018018018018016,4.504504504504505,2
medium,pr299_gen1_m3,k100_l3,1200,2.252252252252252,1.8018018018018016,2.702702702702702,2
medium,pr299_gen1_m3,k100_l3,1250,2.252252252252252,1.8018018018018016,2.702702702702702,2
medium,pr299_gen1_m3,k100_l3,1300,2.252252252252252,1.8018018018018016,2.702702702702702,2
medium,pr299_gen1_m3,k100_l3,1350,2.252252252252252,1.8018018018018016,2.702702702702702,2
medium,pr299_gen1_m3,k100_l3,1400,2.252252252252252,1.8018018018018016,2.702702702702702,2
medium,pr299_gen1_m3,k100_l3,1450,1.8018018018018016,1.8018018018018016,1.8018018018018016,2
medium,pr299_gen1_m3,k100_l3,1500,1.8018018018018016,1.8018018018018016,1.8018018018018016,2
medium,pr299_gen1_m3,k100_l3,1550,1.8018018018018016,1.8018018018018016,1.8018018018018016,2
medium,pr299_gen1_m3,k100_l3,1600,1.8018018018018016,1.8018018018018016,1.8018018018018016,2
medium,pr299_gen1_m3,k100_l3,1650,1.8018018018018016,1.8018018018018016,1.8018018018018016,2
medium,pr299_gen1_m3,k100_l3,1700,1.8018018018018016,1.8018018018018016,1.8018018018018016,2
medium,pr299_gen1_m3,k100_l3,1750,1.8018018018018016,1.8018018018018016,1.8018018018018016,2
medium,pr299_gen1_m3,k100_l3,1800,1.8018018018018016,1.8018018018018016,1.8018018018018016,2
medium,pr299_gen1_m3,k100_l3,1850,1.8018018018018016,1.8018018018018016,1.8018018018018016,2
medium,pr299_gen1_m3,k100_l3,1900,1.8018018018018016,1.8018018018018016,1.8018018018018016,2
medium,pr299_gen1_m3,k100_l3,1950,1.8018018018018016,1.8018018018018016,1.8018018018018016,2
medium,pr299_gen1_m3,k100_l3,2000,1.8018018018018016,1.8018018018018016,1.8018018018018016,2
medium,pr299_gen1_m3,k100_l3,2050,1.8018018018018016,1.8018018018018016,1.8018018018018016,2
medium,pr299_gen1_m3,k100_l3,2100,1.8018018018018016,1.8018018018018016,1.8018018018018016,2
medium,pr299_gen1_m3,k100_l3,2150,1.8018018018018016,1.8018018018018016,1.8018018018018016,2
medium,pr299_gen1_m3,k100_l3,2200,1.8018018018018016,1.8018018018018016,1.8018018018018016,2
medium,pr299_gen1_m3,k100_l3,2250,1.8018018018018016,1.8018018018018016,1.8018018018018016,2
medium,pr299_gen1_m3,k100_l3,2300,1.8018018018018016,1.8018018018018016,1.8018018018018016,2
medium,pr299_gen1_m3,k100_l3,2350,1.8018018018018016,1.8018018018018016,1.8018018018018016,2
medium,pr299_gen1_m3,k100_l3,2400,1.8018018018018016,1.8018018018018016,1.8018018018018016,2
medium,pr299_gen1_m3,k100_l3,2450,1.8018018018018016,1.8018018018018016,1.8018018018018016,2
medium,pr299_gen1_m3,k100_l3,2500,1.8018018018018016,1.8018018018018016,1.8018018018018016,2
medium,pr299_gen1_m3,k100_l3,2550,1.8018018018018016,1.8018018018018016,1.8018018018018016,2
medium,pr299_gen1_m3,k100_l3,2600,1.8018018018018016,1.8018018018018016,1.8018018018018016,2
medium,pr299_gen1_m3,k100_l3,2650,1.8018018018018016,1.8018018018018016,1.8018018018018016,2
medium,pr299_gen1_m3,k100_l3,2700,1.8018018018018016,1.8018018018018016,1.8018018018018016,2
medium,pr299_gen1_m3,k100_l3,2750,1.8018018018018016,1.8018018018018016,1.8018018018018016,2
medium,pr299_gen1_m3,k100_l3,2800,1.8018018018018016,1.8018018018018016,1.8018018018018016,2
medium,pr299_gen1_m3,k100_l3,2850,1.8018018018018016,1.8018018018018016,1.8018018018018016,2
medium,pr299_gen1_m3,k100_l3,2900,1.8018018018018016,1.8018018018018016,1.8018018018018016,2
medium,pr299_gen1_m3,k100_l3,2950,1.8018018018018016,1.8018018018018016,1.8018018018018016,2
medium,pr299_gen1_m3,k100_l3,3000,1.8018018018018016,1.8018018018018016,1.8018018018018016,2
medium,pr299_gen1_m3,k100_l3,3050,1.8018018018018016,1.8018018018018016,1.8018018018018016,2
medium,pr299_gen1_m3,k100_l3,3100,1.8018018018018016,1.8018018018018016,1.8018018018018016,2
medium,pr299_gen1_m3,k100_l3,3150,1.8018018018018016,1.8018018018018016,1.8018018018018016,2
medium,pr299_gen1_m3,k100_l3,3200,1.3513513513513513,0.9009009009009008,1.8018018018018016,2
medium,pr299_gen1_m3,k100_l3,3250,0.9009009009009008,0.9009009009009008,0.9009009009009008,2
medium,pr299_gen1_m3,k100_l3,3300,0.9009009009009008,0.9009009009009008,0.9009009009009008,2
medium,pr299_gen1_m3,k100_l3,3350,0.9009009009009008,0.9009009009009008,0.9009009009009008,2
medium,pr299_gen1_m3,k100_l3,3400,0.9009009009009008,0.9009009009009008,0.9009009009009008,2
medium,pr299_gen1_m3,k100_l3,3450,0.9009009009009008,0.9009009009009008,0.9009009009009008,2
medium,pr299_gen1_m3,k100_l3,3500,0.9009009009009008,0.9009009009009008,0.9009009009009008,2
medium,pr299_gen1_m3,k100_l3,3550,0.9009009009009008,0.9009009009009008,0.9009009009009008,2
medium,pr299_gen1_m3,k100_l3,3600,0.9009009009009008,0.9009009009009008,0.9009009009009008,2
medium,pr299_gen1_m3,k100_l3,3650,0.9009009009009008,0.9009009009009008,0.9009009009009008,2
medium,pr299_gen1_m3,k100_l3,3700,0.9009009009009008,0.9009009009009008,0.9009009009009008,2
medium,pr299_gen1_m3,k100_l3,3750,0.9009009009009008,0.9009009009009008,0.9009009009009008,2
medium,pr299_gen1_m3,k100_l3,3800,0.9009009009009008,0.9009009009009008,0.9009009009009008,2
medium,pr299_gen1_m3,k100_l3,3850,0.9009009009009008,0.9009009009009008,0.9009009009009008,2
medium,pr299_gen1_m3,k100_l3,3900,0.9009009009009008,0.9009009009009008,0.9009009009009008,2
medium,pr299_gen1_m3,k100_l3,3950,0.9009009009009008,0.9009009009009008,0.9009009009009008,2
medium,pr299_gen1_m3,k100_l3,4000,0.9009009009009008,0.9009009009009008,0.9009009009009008,2
medium,pr299_gen1_m3,k100_l3,4050,0.9009009009009008,0.9009009009009008,0.9009009009009008,2
medium,pr299_gen1_m3,k100_l3,4100,0.9009009009009008,0.9009009009009008,0.9009009009009008,2
medium,pr299_gen1_m3,k100_l3,4150,0.9009009009009008,0.9009009009009008,0.9009009009009008,2
medium,pr299_gen1_m3,k100_l3,4200,0.9009009009009008,0.9009009009009008,0.9009009009009008,2
medium,pr299_gen1_m3,k100_l3,4250,0.9009009009009008,0.9009009009009008,0.9009009009009008,2
medium,pr299_gen1_m3,k100_l3,4300,0.9009009009009008,0.9009009009009008,0.9009009009009008,2
medium,pr299_gen1_m3,k100_l3,4350,0.9009009009009008,0.9009009009009008,0.9009009009009008,2
medium,pr299_gen1_m3,k100_l3,4400,0.9009009009009008,0.9009009009009008,0.9009009009009008,2
medium,pr299_gen1_m3,k100_l3,4450,0.9009009009009008,0.9009009009009008,0.9009009009009008,2
medium,pr299_gen1_m3,k100_l3,4500,0.9009009009009008,0.9009009009009008,0.9009009009009008,2
medium,pr299_gen1_m3,k100_l3,4550,0.9009009009009008,0.9009009009009008,0.9009009009009008,2
medium,pr299_gen1_m3,k100_l3,4600,0.9009009009009008,0.9009009009009008,0.9009009009009008,2
medium,pr299_gen1_m3,k100_l3,4650,0.9009009009009008,0.9009009009009008,0.9009009009009008,2
medium,pr299_gen1_m3,k100_l3,4700,0.9009009009009008,0.9009009009009008,0.9009009009009008,2
medium,pr299_gen1_m3,k100_l3,4750,0.9009009009009008,0.9009009009009008,0.9009009009009008,2
medium,pr299_gen1_m3,k100_l3,4800,0.9009009009009008,0.9009009009009008,0.9009009009009008,2
medium,pr299_gen1_m3,k100_l3,4850,0.9009009009009008,0.9009009009009008,0.9009009009009008,2
medium,pr299_gen1_m3,k100_l3,4900,0.9009009009009008,0.9009009009009008,0.9009009009009008,2
medium,pr299_gen1_m3,k100_l3,4950,0.9009009009009008,0.9009009009009008,0.9009009009009008,2
medium,pr299_gen1_m3,k100_l3,5000,0.9009009009009008,0.9009009009009008,0.9009009009009008,2
medium,pr299_gen1_m3,k100_l5,0,18.91891891891892,18.91891891891892,18.91891891891892,2
medium,pr299_gen1_m3,k100_l5,50,8.108108108108109,7.207207207207207,9.00900900900901,2
medium,pr299_gen1_m3,k100_l5,100,8.108108108108109,7.207207207207207,9.00900900900901,2
medium,pr299_gen1_m3,k100_l5,150,8.108108108108109,7.207207207207207,9.00900900900901,2
medium,pr299_gen1_m3,k100_l5,200,5.405405405405405,5.405405405405405,5.405405405405405,2
medium,pr299_gen1_m3,k100_l5,250,5.405405405405405,5.405405405405405,5.405405405405405,2
medium,pr299_gen1_m3,k100_l5,300,5.405405405405405,5.405405405405405,5.405405405405405,2
medium,pr299_gen1_m3,k100_l5,350,4.954954954954955,4.504504504504505,5.405405405405405,2
medium,pr299_gen1_m3,k100_l5,400,4.954954954954955,4.504504504504505,5.405405405405405,2
medium,pr299_gen1_m3,k100_l5,450,3.603603603603603,2.702702702702702,4.504504504504505,2
medium,pr299_gen1_m3,k100_l5,500,3.603603603603603,2.702702702702702,4.504504504504505,2
medium,pr299_gen1_m3,k100_l5,550,3.603603603603603,2.702702702702702,4.504504504504505,2
medium,pr299_gen1_m3,k100_l5,600,3.603603603603603,2.702702702702702,4.504504504504505,2
medium,pr299_gen1_m3,k100_l5,650,3.603603603603603,2.702702702702702,4.504504504504505,2
medium,pr299_gen1_m3,k100_l5,700,3.603603603603603,2.702702702702702,4.504504504504505,2
medium,pr299_gen1_m3,k100_l5,750,3.603603603603603,2.702702702702702,4.504504504504505,2
medium,pr299_gen1_m3,k100_l5,800,3.603603603603603,2.702702702702702,4.504504504504505,2
medium,pr299_gen1_m3,k100_l5,850,3.153153153153153,1.8018018018018016,4.504504504504505,2
medium,pr299_gen1_m3,k100_l5,900,3.153153153153153,1.8018018018018016,4.504504504504505,2
medium,pr299_gen1_m3,k100_l5,950,3.153153153153153,1.8018018018018016,4.504504504504505,2
medium,pr299_gen1_m3,k100_l5,1000,3.153153153153153,1.8018018018018016,4.504504504504505,2
medium,pr299_gen1_m3,k100_l5,1050,3.153153153153153,1.8018018018018016,4.504504504504505,2
medium,pr299_gen1_m3,k100_l5,1100,3.153153153153153,1.8018018018018016,4.504504504504505,2
medium,pr299_gen1_m3,k100_l5,1150,3.153153153153153,1.8018018018018016,4.504504504504505,2
medium,pr299_gen1_m3,k100_l5,1200,3.153153153153153,1.8018018018018016,4.504504504504505,2
medium,pr299_gen1_m3,k100_l5,1250,3.153153153153153,1.8018018018018016,4.504504504504505,2
medium,pr299_gen1_m3,k100_l5,1300,3.153153153153153,1.8018018018018016,4.504504504504505,2
medium,pr299_gen1_m3,k100_l5,1350,3.153153153153153,1.8018018018018016,4.504504504504505,2
medium,pr299_gen1_m3,k100_l5,1400,3.153153153153153,1.8018018018018016,4.504504504504505,2
medium,pr299_gen1_m3,k100_l5,1450,3.153153153153153,1.8018018018018016,4.504504504504505,2
medium,pr299_gen1_m3,k100_l5,1500,3.153153153153153,1.8018018018018016,4.504504504504505,2
medium,pr299_gen1_m3,k100_l5,1550,3.153153153153153,1.8018018018018016,4.504504504504505,2
medium,pr299_gen1_m3,k100_l5,1600,3.153153153153153,1.8018018018018016,4.504504504504505,2
medium,pr299_gen1_m3,k100_l5,1650,3.153153153153153,1.8018018018018016,4.504504504504505,2
medium,pr299_gen1_m3,k100_l5,1700,3.153153153153153,1.8018018018018016,4.504504504504505,2
medium,pr299_gen1_m3,k100_l5,1750,3.153153153153153,1.8018018018018016,4.504504504504505,2
medium,pr299_gen1_m3,k100_l5,1800,3.153153153153153,1.8018018018018016,4.504504504504505,2
medium,pr299_gen1_m3,k100_l5,1850,3.153153153153153,1.8018018018018016,4.504504504504505,2
medium,pr299_gen1_m3,k100_l5,1900,3.153153153153153,1.8018018018018016,4.504504504504505,2
medium,pr299_gen1_m3,k100_l5,1950,3.153153153153153,1.8018018018018016,4.504504504504505,2
medium,pr299_gen1_m3,k100_l5,2000,3.153153153153153,1.8018018018018016,4.504504504504505,2
medium,pr299_gen1_m3,k100_l5,2050,3.153153153153153,1.8018018018018016,4.504504504504505,2
medium,pr299_gen1_m3,k100_l5,2100,3.153153153153153,1.8018018018018016,4.504504504504505,2
medium,pr299_gen1_m3,k100_l5,2150,3.153153153153153,1.8018018018018016,4.504504504504505,2
medium,pr299_gen1_m3,k100_l5,2200,3.153153153153153,1.8018018018018016,4.504504504504505,2
medium,pr299_gen1_m3,k100_l5,2250,3.153153153153153,1.8018018018018016,4.504504504504505,2
medium,pr299_gen1_m3,k100_l5,2300,3.153153153153153,1.8018018018018016,4.504504504504505,2
medium,pr299_gen1_m3,k100_l5,2350,3.153153153153153,1.8018018018018016,4.504504504504505,2
medium,pr299_gen1_m3,k100_l5,2400,3.153153153153153,1.8018018018018016,4.504504504504505,2
medium,pr299_gen1_m3,k100_l5,2450,3.153153153153153,1.8018018018018016,4.504504504504505,2
medium,pr299_gen1_m3,k100_l5,2500,3.153153153153153,1.8018018018018016,4.504504504504505,2
medium,pr299_gen1_m3,k100_l5,2550,3.153153153153153,1.8018018018018016,4.504504504504505,2
medium,pr299_gen1_m3,k100_l5,2600,3.153153153153153,1.8018018018018016,4.504504504504505,2
medium,pr299_gen1_m3,k100_l5,2650,2.252252252252252,1.8018018018018016,2.702702702702702,2
medium,pr299_gen1_m3,k100_l5,2700,2.252252252252252,1.8018018018018016,2.702702702702702,2
medium,pr299_gen1_m3,k100_l5,2750,2.252252252252252,1.8018018018018016,2.702702702702702,2
medium,pr299_gen1_m3,k100_l5,2800,2.252252252252252,1.8018018018018016,2.702702702702702,2
medium,pr299_gen1_m3,k100_l5,2850,2.252252252252252,1.8018018018018016,2.702702702702702,2
medium,pr299_gen1_m3,k100_l5,2900,2.252252252252252,1.8018018018018016,2.702702702702702,2
medium,pr299_gen1_m3,k100_l5,2950,2.252252252252252,1.8018018018018016,2.702702702702702,2
medium,pr299_gen1_m3,k100_l5,3000,2.252252252252252,1.8018018018018016,2.702702702702702,2
medium,pr299_gen1_m3,k100_l5,3050,2.252252252252252,1.8018018018018016,2.702702702702702,2
medium,pr299_gen1_m3,k100_l5,3100,2.252252252252252,1.8018018018018016,2.702702702702702,2
medium,pr299_gen1_m3,k100_l5,3150,2.252252252252252,1.8018018018018016,2.702702702702702,2
medium,pr299_gen1_m3,k100_l5,3200,2.252252252252252,1.8018018018018016,2.702702702702702,2
medium,pr299_gen1_m3,k100_l5,3250,2.252252252252252,1.8018018018018016,2.702702702702702,2
medium,pr299_gen1_m3,k100_l5,3300,2.252252252252252,1.8018018018018016,2.702702702702702,2
medium,pr299_gen1_m3,k100_l5,3350,2.252252252252252,1.8018018018018016,2.702702702702702,2
medium,pr299_gen1_m3,k100_l5,3400,2.252252252252252,1.8018018018018016,2.702702702702702,2
medium,pr299_gen1_m3,k100_l5,3450,2.252252252252252,1.8018018018018016,2.702702702702702,2
medium,pr299_gen1_m3,k100_l5,3500,2.252252252252252,1.8018018018018016,2.702702702702702,2
medium,pr299_gen1_m3,k100_l5,3550,2.252252252252252,1.8018018018018016,2.702702702702702,2
medium,pr299_gen1_m3,k100_l5,3600,2.252252252252252,1.8018018018018016,2.702702702702702,2
medium,pr299_gen1_m3,k100_l5,3650,2.252252252252252,1.8018018018018016,2.702702702702702,2
medium,pr299_gen1_m3,k100_l5,3700,2.252252252252252,1.8018018018018016,2.702702702702702,2
medium,pr299_gen1_m3,k100_l5,3750,2.252252252252252,1.8018018018018016,2.702702702702702,2
medium,pr299_gen1_m3,k100_l5,3800,1.8018018018018016,0.9009009009009008,2.702702702702702,2
medium,pr299_gen1_m3,k100_l5,3850,1.8018018018018016,0.9009009009009008,2.702702702702702,2
medium,pr299_gen1_m3,k100_l5,3900,1.8018018018018016,0.9009009009009008,2.702702702702702,2
medium,pr299_gen1_m3,k100_l5,3950,1.8018018018018016,0.9009009009009008,2.702702702702702,2
medium,pr299_gen1_m3,k100_l5,4000,1.8018018018018016,0.9009009009009008,2.702702702702702,2
medium,pr299_gen1_m3,k100_l5,4050,1.8018018018018016,0.9009009009009008,2.702702702702702,2
medium,pr299_gen1_m3,k100_l5,4100,1.8018018018018016,0.9009009009009008,2.702702702702702,2
medium,pr299_gen1_m3,k100_l5,4150,1.8018018018018016,0.9009009009009008,2.702702702702702,2
medium,pr299_gen1_m3,k100_l5,4200,1.8018018018018016,0.9009009009009008,2.702702702702702,2
medium,pr299_gen1_m3,k100_l5,4250,1.8018018018018016,0.9009009009009008,2.702702702702702,2
medium,pr299_gen1_m3,k100_l5,4300,1.8018018018018016,0.9009009009009008,2.702702702702702,2
medium,pr299_gen1_m3,k100_l5,4350,1.8018018018018016,0.9009009009009008,2.702702702702702,2
medium,pr299_gen1_m3,k100_l5,4400,1.8018018018018016,0.9009009009009008,2.702702702702702,2
medium,pr299_gen1_m3,k100_l5,4450,1.8018018018018016,0.9009009009009008,2.702702702702702,2
medium,pr299_gen1_m3,k100_l5,4500,1.8018018018018016,0.9009009009009008,2.702702702702702,2
medium,pr299_gen1_m3,k100_l5,4550,1.8018018018018016,0.9009009009009008,2.702702702702702,2
medium,pr299_gen1_m3,k100_l5,4600,1.8018018018018016,0.9009009009009008,2.702702702702702,2
medium,pr299_gen1_m3,k100_l5,4650,1.8018018018018016,0.9009009009009008,2.702702702702702,2
medium,pr299_gen1_m3,k100_l5,4700,1.8018018018018016,0.9009009009009008,2.702702702702702,2
medium,pr299_gen1_m3,k100_l5,4750,1.8018018018018016,0.9009009009009008,2.702702702702702,2
medium,pr299_gen1_m3,k100_l5,4800,1.8018018018018016,0.9009009009009008,2.702702702702702,2
medium,pr299_gen1_m3,k100_l5,4850,1.8018018018018016,0.9009009009009008,2.702702702702702,2
medium,pr299_gen1_m3,k100_l5,4900,1.8018018018018016,0.9009009009009008,2.702702702702702,2
medium,pr299_gen1_m3,k100_l5,4950,1.8018018018018016,0.9009009009009008,2.702702702702702,2
medium,pr299_gen1_m3,k100_l5,5000,1.8018018018018016,0.9009009009009008,2.702702702702702,2
medium,pr299_gen1_m3,k100_linf,0,18.91891891891892,18.91891891891892,18.91891891891892,2
medium,pr299_gen1_m3,k100_linf,50,9.45945945945946,9.00900900900901,9.90990990990991,2
medium,pr299_gen1_m3,k100_linf,100,9.45945945945946,9.00900900900901,9.90990990990991,2
medium,pr299_gen1_m3,k100_linf,150,9.45945945945946,9.00900900900901,9.90990990990991,2
medium,pr299_gen1_m3,k100_linf,200,7.6576576576576585,6.306306306306307,9.00900900900901,2
medium,pr299_gen1_m3,k100_linf,250,7.207207207207207,5.405405405405405,9.00900900900901,2
medium,pr299_gen1_m3,k100_linf,300,7.207207207207207,5.405405405405405,9.00900900900901,2
medium,pr299_gen1_m3,k100_linf,350,7.207207207207207,5.405405405405405,9.00900900900901,2
medium,pr299_gen1_m3,k100_linf,400,7.207207207207207,5.405405405405405,9.00900900900901,2
medium,pr299_gen1_m3,k100_linf,450,7.207207207207207,5.405405405405405,9.00900900900901,2
medium,pr299_gen1_m3,k100_linf,500,7.207207207207207,5.405405405405405,9.00900900900901,2
medium,pr299_gen1_m3,k100_linf,550,6.756756756756757,5.405405405405405,8.108108108108109,2
medium,pr299_gen1_m3,k100_linf,600,6.306306306306306,5.405405405405405,7.207207207207207,2
medium,pr299_gen1_m3,k100_linf,650,5.405405405405405,5.405405405405405,5.405405405405405,2
medium,pr299_gen1_m3,k100_linf,700,5.405405405405405,5.405405405405405,5.405405405405405,2
medium,pr299_gen1_m3,k100_linf,750,5.405405405405405,5.405405405405405,5.405405405405405,2
medium,pr299_gen1_m3,k100_linf,800,4.504504504504505,3.603603603603604,5.405405405405405,2
medium,pr299_gen1_m3,k100_linf,850,4.504504504504505,3.603603603603604,5.405405405405405,2
medium,pr299_gen1_m3,k100_linf,900,4.504504504504505,3.603603603603604,5.405405405405405,2
medium,pr299_gen1_m3,k100_linf,950,4.504504504504505,3.603603603603604,5.405405405405405,2
medium,pr299_gen1_m3,k100_linf,1000,4.054054054054054,3.603603603603604,4.504504504504505,2
medium,pr299_gen1_m3,k100_linf,1050,4.054054054054054,3.603603603603604,4.504504504504505,2
medium,pr299_gen1_m3,k100_linf,1100,3.603603603603603,2.702702702702702,4.504504504504505,2
medium,pr299_gen1_m3,k100_linf,1150,3.153153153153153,2.702702702702702,3.603603603603604,2
medium,pr299_gen1_m3,k100_linf,1200,3.153153153153153,2.702702702702702,3.603603603603604,2
medium,pr299_gen1_m3,k100_linf,1250,2.702702702702702,2.702702702702702,2.702702702702702,2
medium,pr299_gen1_m3,k100_linf,1300,2.702702702702702,2.702702702702702,2.702702702702702,2
medium,pr299_gen1_m3,k100_linf,1350,2.702702702702702,2.702702702702702,2.702702702702702,2
medium,pr299_gen1_m3,k100_linf,1400,2.702702702702702,2.702702702702702,2.702702702702702,2
medium,pr299_gen1_m3,k100_linf,1450,2.702702702702702,2.702702702702702,2.702702702702702,2
medium,pr299_gen1_m3,k100_linf,1500,2.702702702702702,2.702702702702702,2.702702702702702,2
medium,pr299_gen1_m3,k100_linf,1550,2.702702702702702,2.702702702702702,2.702702702702702,2
medium,pr299_gen1_m3,k100_linf,1600,2.702702702702702,2.702702702702702,2.702702702702702,2
medium,pr299_gen1_m3,k100_linf,1650,2.702702702702702,2.702702702702702,2.702702702702702,2
medium,pr299_gen1_m3,k100_linf,1700,2.702702702702702,2.702702702702702,2.702702702702702,2
medium,pr299_gen1_m3,k100_linf,1750,2.702702702702702,2.702702702702702,2.702702702702702,2
medium,pr299_gen1_m3,k100_linf,1800,1.8018018018018016,0.9009009009009008,2.702702702702702,2
medium,pr299_gen1_m3,k100_linf,1850,1.8018018018018016,0.9009009009009008,2.702702702702702,2
medium,pr299_gen1_m3,k100_linf,1900,1.8018018018018016,0.9009009009009008,2.702702702702702,2
medium,pr299_gen1_m3,k100_linf,1950,1.8018018018018016,0.9009009009009008,2.702702702702702,2
medium,pr299_gen1_m3,k100_linf,2000,1.8018018018018016,0.9009009009009008,2.702702702702702,2
medium,pr299_gen1_m3,k100_linf,2050,1.8018018018018016,0.9009009009009008,2.702702702702702,2
medium,pr299_gen1_m3,k100_linf,2100,1.8018018018018016,0.9009009009009008,2.702702702702702,2
medium,pr299_gen1_m3,k100_linf,2150,1.8018018018018016,0.9009009009009008,2.702702702702702,2
medium,pr299_gen1_m3,k100_linf,2200,1.8018018018018016,0.9009009009009008,2.702702702702702,2
medium,pr299_gen1_m3,k100_linf,2250,1.8018018018018016,0.9009009009009008,2.702702702702702,2
medium,pr299_gen1_m3,k100_linf,2300,1.8018018018018016,0.9009009009009008,2.702702702702702,2
medium,pr299_gen1_m3,k100_linf,2350,1.8018018018018016,0.9009009009009008,2.702702702702702,2
medium,pr299_gen1_m3,k100_linf,2400,1.8018018018018016,0.9009009009009008,2.702702702702702,2
medium,pr299_gen1_m3,k100_linf,2450,1.8018018018018016,0.9009009009009008,2.702702702702702,2
medium,pr299_gen1_m3,k100_linf,2500,1.8018018018018016,0.9009009009009008,2.702702702702702,2
medium,pr299_gen1_m3,k100_linf,2550,1.8018018018018016,0.9009009009009008,2.702702702702702,2
medium,pr299_gen1_m3,k100_linf,2600,1.8018018018018016,0.9009009009009008,2.702702702702702,2
medium,pr299_gen1_m3,k100_linf,2650,1.8018018018018016,0.9009009009009008,2.702702702702702,2
medium,pr299_gen1_m3,k100_linf,2700,1.8018018018018016,0.9009009009009008,2.702702702702702,2
medium,pr299_gen1_m3,k100_linf,2750,1.8018018018018016,0.9009009009009008,2.702702702702702,2
medium,pr299_gen1_m3,k100_linf,2800,1.8018018018018016,0.9009009009009008,2.702702702702702,2
medium,pr299_gen1_m3,k100_linf,2850,1.8018018018018016,0.9009009009009008,2.702702702702702,2
medium,pr299_gen1_m3,k100_linf,2900,1.3513513513513513,0.9009009009009008,1.8018018018018016,2
medium,pr299_gen1_m3,k100_linf,2950,1.3513513513513513,0.9009009009009008,1.8018018018018016,2
medium,pr299_gen1_m3,k100_linf,3000,1.3513513513513513,0.9009009009009008,1.8018018018018016,2
medium,pr299_gen1_m3,k100_linf,3050,1.3513513513513513,0.9009009009009008,1.8018018018018016,2
medium,pr299_gen1_m3,k100_linf,3100,1.3513513513513513,0.9009009009009008,1.8018018018018016,2
medium,pr299_gen1_m3,k100_linf,3150,1.3513513513513513,0.9009009009009008,1.8018018018018016,2
medium,pr299_gen1_m3,k100_linf,3200,1.3513513513513513,0.9009009009009008,1.8018018018018016,2
medium,pr299_gen1_m3,k100_linf,3250,1.3513513513513513,0.9009009009009008,1.8018018018018016,2
medium,pr299_gen1_m3,k100_linf,3300,1.3513513513513513,0.9009009009009008,1.8018018018018016,2
medium,pr299_gen1_m3,k100_linf,3350,1.3513513513513513,0.9009009009009008,1.8018018018018016,2
medium,pr299_gen1_m3,k100_linf,3400,1.3513513513513513,0.9009009009009008,1.8018018018018016,2
medium,pr299_gen1_m3,k100_linf,3450,1.3513513513513513,0.9009009009009008,1.8018018018018016,2
medium,pr299_gen1_m3,k100_linf,3500,1.3513513513513513,0.9009009009009008,1.8018018018018016,2
medium,pr299_gen1_m3,k100_linf,3550,1.3513513513513513,0.9009009009009008,1.8018018018018016,2
medium,pr299_gen1_m3,k100_linf,3600,1.3513513513513513,0.9009009009009008,1.8018018018018016,2
medium,pr299_gen1_m3,k100_linf,3650,1.3513513513513513,0.9009009009009008,1.8018018018018016,2
medium,pr299_gen1_m3,k100_linf,3700,1.3513513513513513,0.9009009009009008,1.8018018018018016,2
medium,pr299_gen1_m3,k100_linf,3750,1.3513513513513513,0.9009009009009008,1.8018018018018016,2
medium,pr299_gen1_m3,k100_linf,3800,1.3513513513513513,0.9009009009009008,1.8018018018018016,2
medium,pr299_gen1_m3,k100_linf,3850,0.9009009009009008,0.9009009009009008,0.9009009009009008,2
medium,pr299_gen1_m3,k100_linf,3900,0.9009009009009008,0.9009009009009008,0.9009009009009008,2
medium,pr299_gen1_m3,k100_linf,3950,0.9009009009009008,0.9009009009009008,0.9009009009009008,2
medium,pr299_gen1_m3,k100_linf,4000,0.9009009009009008,0.9009009009009008,0.9009009009009008,2
medium,pr299_gen1_m3,k100_linf,4050,0.9009009009009008,0.9009009009009008,0.9009009009009008,2
medium,pr299_gen1_m3,k100_linf,4100,0.9009009009009008,0.9009009009009008,0.9009009009009008,2
medium,pr299_gen1_m3,k100_linf,4150,0.9009009009009008,0.9009009009009008,0.9009009009009008,2
medium,pr299_gen1_m3,k100_linf,4200,0.9009009009009008,0.9009009009009008,0.9009009009009008,2
medium,pr299_gen1_m3,k100_linf,4250,0.9009009009009008,0.9009009009009008,0.9009009009009008,2
medium,pr299_gen1_m3,k100_linf,4300,0.9009009009009008,0.9009009009009008,0.9009009009009008,2
medium,pr299_gen1_m3,k100_linf,4350,0.9009009009009008,0.9009009009009008,0.9009009009009008,2
medium,pr299_gen1_m3,k100_linf,4400,0.9009009009009008,0.9009009009009008,0.9009009009009008,2
medium,pr299_gen1_m3,k100_linf,4450,0.9009009009009008,0.9009009009009008,0.9009009009009008,2
medium,pr299_gen1_m3,k100_linf,4500,0.9009009009009008,0.9009009009009008,0.9009009009009008,2
medium,pr299_gen1_m3,k100_linf,4550,0.9009009009009008,0.9009009009009008,0.9009009009009008,2
medium,pr299_gen1_m3,k100_linf,4600,0.9009009009009008,0.9009009009009008,0.9009009009009008,2
medium,pr299_gen1_m3,k100_linf,4650,0.9009009009009008,0.9009009009009008,0.9009009009009008,2
medium,pr299_gen1_m3,k100_linf,4700,0.9009009009009008,0.9009009009009008,0.9009009009009008,2
medium,pr299_gen1_m3,k100_linf,4750,0.9009009009009008,0.9009009009009008,0.9009009009009008,2
medium,pr299_gen1_m3,k100_linf,4800,0.9009009009009008,0.9009009009009008,0.9009009009009008,2
medium,pr299_gen1_m3,k100_linf,4850,0.9009009009009008,0.9009009009009008,0.9009009009009008,2
medium,pr299_gen1_m3,k100_linf,4900,0.9009009009009008,0.9009009009009008,0.9009009009009008,2
medium,pr299_gen1_m3,k100_linf,4950,0.9009009009009008,0.9009009009009008,0.9009009009009008,2
medium,pr299_gen1_m3,k100_linf,5000,0.9009009009009008,0.9009009009009008,0.9009009009009008,2
medium,pr299_gen1_m3,k20_l1,0,18.91891891891892,18.91891891891892,18.91891891891892,2
medium,pr299_gen1_m3,k20_l1,50,7.6576576576576585,7.207207207207207,8.108108108108109,2
medium,pr299_gen1_m3,k20_l1,100,7.6576576576576585,7.207207207207207,8.108108108108109,2
medium,pr299_gen1_m3,k20_l1,150,7.6576576576576585,7.207207207207207,8.108108108108109,2
medium,pr299_gen1_m3,k20_l1,200,7.6576576576576585,7.207207207207207,8.108108108108109,2
medium,pr299_gen1_m3,k20_l1,250,6.306306306306306,5.405405405405405,7.207207207207207,2
medium,pr299_gen1_m3,k20_l1,300,6.306306306306306,5.405405405405405,7.207207207207207,2
medium,pr299_gen1_m3,k20_l1,350,4.954954954954955,4.504504504504505,5.405405405405405,2
medium,pr299_gen1_m3,k20_l1,400,4.954954954954955,4.504504504504505,5.405405405405405,2
medium,pr299_gen1_m3,k20_l1,450,4.054054054054054,3.603603603603604,4.504504504504505,2
medium,pr299_gen1_m3,k20_l1,500,3.603603603603604,3.603603603603604,3.603603603603604,2
medium,pr299_gen1_m3,k20_l1,550,3.603603603603604,3.603603603603604,3.603603603603604,2
medium,pr299_gen1_m3,k20_l1,600,3.603603603603604,3.603603603603604,3.603603603603604,2
medium,pr299_gen1_m3,k20_l1,650,3.603603603603604,3.603603603603604,3.603603603603604,2
medium,pr299_gen1_m3,k20_l1,700,3.603603603603604,3.603603603603604,3.603603603603604,2
medium,pr299_gen1_m3,k20_l1,750,3.603603603603604,3.603603603603604,3.603603603603604,2
medium,pr299_gen1_m3,k20_l1,800,3.153153153153153,2.702702702702702,3.603603603603604,2
medium,pr299_gen1_m3,k20_l1,850,3.153153153153153,2.702702702702702,3.603603603603604,2
medium,pr299_gen1_m3,k20_l1,900,3.153153153153153,2.702702702702702,3.603603603603604,2
medium,pr299_gen1_m3,k20_l1,950,3.153153153153153,2.702702702702702,3.603603603603604,2
medium,pr299_gen1_m3,k20_l1,1000,3.153153153153153,2.702702702702702,3.603603603603604,2
medium,pr299_gen1_m3,k20_l1,1050,3.153153153153153,2.702702702702702,3.603603603603604,2
medium,pr299_gen1_m3,k20_l1,1100,3.153153153153153,2.702702702702702,3.603603603603604,2
medium,pr299_gen1_m3,k20_l1,1150,3.153153153153153,2.702702702702702,3.603603603603604,2
medium,pr299_gen1_m3,k20_l1,1200,3.153153153153153,2.702702702702702,3.603603603603604,2
medium,pr299_gen1_m3,k20_l1,1250,3.153153153153153,2.702702702702702,3.603603603603604,2
medium,pr299_gen1_m3,k20_l1,1300,3.153153153153153,2.702702702702702,3.603603603603604,2
medium,pr299_gen1_m3,k20_l1,1350,3.153153153153153,2.702702702702702,3.603603603603604,2
medium,pr299_gen1_m3,k20_l1,1400,3.153153153153153,2.702702702702702,3.603603603603604,2
medium,pr299_gen1_m3,k20_l1,1450,3.153153153153153,2.702702702702702,3.603603603603604,2
medium,pr299_gen1_m3,k20_l1,1500,3.153153153153153,2.702702702702702,3.603603603603604,2
medium,pr299_gen1_m3,k20_l1,1550,3.153153153153153,2.702702702702702,3.603603603603604,2
medium,pr299_gen1_m3,k20_l1,1600,3.153153153153153,2.702702702702702,3.603603603603604,2
medium,pr299_gen1_m3,k20_l1,1650,2.702702702702702,2.702702702702702,2.702702702702702,2
medium,pr299_gen1_m3,k20_l1,1700,2.702702702702702,2.702702702702702,2.702702702702702,2
medium,pr299_gen1_m3,k20_l1,1750,2.702702702702702,2.702702702702702,2.702702702702702,2
medium,pr299_gen1_m3,k20_l1,1800,2.702702702702702,2.702702702702702,2.702702702702702,2
medium,pr299_gen1_m3,k20_l1,1850,2.702702702702702,2.702702702702702,2.702702702702702,2
medium,pr299_gen1_m3,k20_l1,1900,2.702702702702702,2.702702702702702,2.702702702702702,2
medium,pr299_gen1_m3,k20_l1,1950,2.702702702702702,2.702702702702702,2.702702702702702,2
medium,pr299_gen1_m3,k20_l1,2000,2.702702702702702,2.702702702702702,2.702702702702702,2
medium,pr299_gen1_m3,k20_l1,2050,2.702702702702702,2.702702702702702,2.702702702702702,2
medium,pr299_gen1_m3,k20_l1,2100,2.702702702702702,2.702702702702702,2.702702702702702,2
medium,pr299_gen1_m3,k20_l1,2150,2.702702702702702,2.702702702702702,2.702702702702702,2
medium,pr299_gen1_m3,k20_l1,2200,2.702702702702702,2.702702702702702,2.702702702702702,2
medium,pr299_gen1_m3,k20_l1,2250,2.702702702702702,2.702702702702702,2.702702702702702,2
medium,pr299_gen1_m3,k20_l1,2300,2.702702702702702,2.702702702702702,2.702702702702702,2
medium,pr299_gen1_m3,k20_l1,2350,2.702702702702702,2.702702702702702,2.702702702702702,2
medium,pr299_gen1_m3,k20_l1,2400,2.702702702702702,2.702702702702702,2.702702702702702,2
medium,pr299_gen1_m3,k20_l1,2450,2.702702702702702,2.702702702702702,2.702702702702702,2
medium,pr299_gen1_m3,k20_l1,2500,2.702702702702702,2.702702702702702,2.702702702702702,2
medium,pr299_gen1_m3,k20_l1,2550,2.702702702702702,2.702702702702702,2.702702702702702,2
medium,pr299_gen1_m3,k20_l1,2600,2.702702702702702,2.702702702702702,2.702702702702702,2
medium,pr299_gen1_m3,k20_l1,2650,2.702702702702702,2.702702702702702,2.702702702702702,2
medium,pr299_gen1_m3,k20_l1,2700,2.702702702702702,2.702702702702702,2.702702702702702,2
medium,pr299_gen1_m3,k20_l1,2750,2.702702702702702,2.702702702702702,2.702702702702702,2
medium,pr299_gen1_m3,k20_l1,2800,2.702702702702702,2.702702702702702,2.702702702702702,2
medium,pr299_gen1_m3,k20_l1,2850,2.702702702702702,2.702702702702702,2.702702702702702,2
medium,pr299_gen1_m3,k20_l1,2900,2.702702702702702,2.702702702702702,2.702702702702702,2
medium,pr299_gen1_m3,k20_l1,2950,2.702702702702702,2.702702702702702,2.702702702702702,2
medium,pr299_gen1_m3,k20_l1,3000,2.252252252252252,1.8018018018018016,2.702702702702702,2
medium,pr299_gen1_m3,k20_l1,3050,2.252252252252252,1.8018018018018016,2.702702702702702,2
medium,pr299_gen1_m3,k20_l1,3100,2.252252252252252,1.8018018018018016,2.702702702702702,2
medium,pr299_gen1_m3,k20_l1,3150,2.252252252252252,1.8018018018018016,2.702702702702702,2
medium,pr299_gen1_m3,k20_l1,3200,1.8018018018018016,1.8018018018018016,1.8018018018018016,2
medium,pr299_gen1_m3,k20_l1,3250,1.8018018018018016,1.8018018018018016,1.8018018018018016,2
medium,pr299_gen1_m3,k20_l1,3300,1.8018018018018016,1.8018018018018016,1.8018018018018016,2
medium,pr299_gen1_m3,k20_l1,3350,1.8018018018018016,1.8018018018018016,1.8018018018018016,2
medium,pr299_gen1_m3,k20_l1,3400,1.8018018018018016,1.8018018018018016,1.8018018018018016,2
medium,pr299_gen1_m3,k20_l1,3450,1.8018018018018016,1.8018018018018016,1.8018018018018016,2
medium,pr299_gen1_m3,k20_l1,3500,1.8018018018018016,1.8018018018018016,1.8018018018018016,2
medium,pr299_gen1_m3,k20_l1,3550,1.8018018018018016,1.8018018018018016,1.8018018018018016,2
medium,pr299_gen1_m3,k20_l1,3600,1.8018018018018016,1.8018018018018016,1.8018018018018016,2
medium,pr299_gen1_m3,k20_l1,3650,1.8018018018018016,1.8018018018018016,1.8018018018018016,2
medium,pr299_gen1_m3,k20_l1,3700,1.8018018018018016,1.8018018018018016,1.8018018018018016,2
medium,pr299_gen1_m3,k20_l1,3750,1.8018018018018016,1.8018018018018016,1.8018018018018016,2
medium,pr299_gen1_m3,k20_l1,3800,1.8018018018018016,1.8018018018018016,1.8018018018018016,2
medium,pr299_gen1_m3,k20_l1,3850,1.8018018018018016,1.8018018018018016,1.8018018018018016,2
medium,pr299_gen1_m3,k20_l1,3900,1.8018018018018016,1.8018018018018016,1.8018018018018016,2
medium,pr299_gen1_m3,k20_l1,3950,1.8018018018018016,1.8018018018018016,1.8018018018018016,2
medium,pr299_gen1_m3,k20_l1,4000,1.8018018018018016,1.8018018018018016,1.8018018018018016,2
medium,pr299_gen1_m3,k20_l1,4050,1.8018018018018016,1.8018018018018016,1.8018018018018016,2
medium,pr299_gen1_m3,k20_l1,4100,1.8018018018018016,1.8018018018018016,1.8018018018018016,2
medium,pr299_gen1_m3,k20_l1,4150,1.8018018018018016,1.8018018018018016,1.8018018018018016,2
medium,pr299_gen1_m3,k20_l1,4200,1.8018018018018016,1.8018018018018016,1.8018018018018016,2
medium,pr299_gen1_m3,k20_l1,4250,1.8018018018018016,1.8018018018018016,1.8018018018018016,2
medium,pr299_gen1_m3,k20_l1,4300,1.8018018018018016,1.8018018018018016,1.8018018018018016,2
medium,pr299_gen1_m3,k20_l1,4350,1.8018018018018016,1.8018018018018016,1.8018018018018016,2
medium,pr299_gen1_m3,k20_l1,4400,1.8018018018018016,1.8018018018018016,1.8018018018018016,2
medium,pr299_gen1_m3,k20_l1,4450,1.8018018018018016,1.8018018018018016,1.8018018018018016,2
medium,pr299_gen1_m3,k20_l1,4500,1.8018018018018016,1.8018018018018016,1.8018018018018016,2
medium,pr299_gen1_m3,k20_l1,4550,1.8018018018018016,1.8018018018018016,1.8018018018018016,2
medium,pr299_gen1_m3,k20_l1,4600,1.8018018018018016,1.8018018018018016,1.8018018018018016,2
medium,pr299_gen1_m3,k20_l1,4650,1.8018018018018016,1.8018018018018016,1.8018018018018016,2
medium,pr299_gen1_m3,k20_l1,4700,1.8018018018018016,1.8018018018018016,1.8018018018018016,2
medium,pr299_gen1_m3,k20_l1,4750,1.8018018018018016,1.8018018018018016,1.8018018018018016,2
medium,pr299_gen1_m3,k20_l1,4800,1.8018018018018016,1.8018018018018016,1.8018018018018016,2
medium,pr299_gen1_m3,k20_l1,4850,1.8018018018018016,1.8018018018018016,1.8018018018018016,2
medium,pr299_gen1_m3,k20_l1,4900,1.3513513513513513,0.9009009009009008,1.8018018018018016,2
medium,pr299_gen1_m3,k20_l1,4950,1.3513513513513513,0.9009009009009008,1.8018018018018016,2
medium,pr299_gen1_m3,k20_l1,5000,1.3513513513513513,0.9009009009009008,1.8018018018018016,2
medium,pr299_gen1_m3,k6_l1,0,18.91891891891892,18.91891891891892,18.91891891891892,2
medium,pr299_gen1_m3,k6_l1,50,9.90990990990991,8.108108108108109,11.711711711711713,2
medium,pr299_gen1_m3,k6_l1,100,8.558558558558559,8.108108108108109,9.00900900900901,2
medium,pr299_gen1_m3,k6_l1,150,8.108108108108109,8.108108108108109,8.108108108108109,2
medium,pr299_gen1_m3,k6_l1,200,8.108108108108109,8.108108108108109,8.108108108108109,2
medium,pr299_gen1_m3,k6_l1,250,7.207207207207208,6.306306306306307,8.108108108108109,2
medium,pr299_gen1_m3,k6_l1,300,6.756756756756757,6.306306306306307,7.207207207207207,2
medium,pr299_gen1_m3,k6_l1,350,6.306306306306306,5.405405405405405,7.207207207207207,2
medium,pr299_gen1_m3,k6_l1,400,6.306306306306306,5.405405405405405,7.207207207207207,2
medium,pr299_gen1_m3,k6_l1,450,5.8558558558558556,4.504504504504505,7.207207207207207,2
medium,pr299_gen1_m3,k6_l1,500,5.8558558558558556,4.504504504504505,7.207207207207207,2
medium,pr299_gen1_m3,k6_l1,550,5.8558558558558556,4.504504504504505,7.207207207207207,2
medium,pr299_gen1_m3,k6_l1,600,5.405405405405405,4.504504504504505,6.306306306306307,2
medium,pr299_gen1_m3,k6_l1,650,5.405405405405405,4.504504504504505,6.306306306306307,2
medium,pr299_gen1_m3,k6_l1,700,5.405405405405405,4.504504504504505,6.306306306306307,2
medium,pr299_gen1_m3,k6_l1,750,4.504504504504505,4.504504504504505,4.504504504504505,2
medium,pr299_gen1_m3,k6_l1,800,4.054054054054054,3.603603603603604,4.504504504504505,2
medium,pr299_gen1_m3,k6_l1,850,3.603603603603604,3.603603603603604,3.603603603603604,2
medium,pr299_gen1_m3,k6_l1,900,3.603603603603604,3.603603603603604,3.603603603603604,2
medium,pr299_gen1_m3,k6_l1,950,3.603603603603604,3.603603603603604,3.603603603603604,2
medium,pr299_gen1_m3,k6_l1,1000,3.603603603603604,3.603603603603604,3.603603603603604,2
medium,pr299_gen1_m3,k6_l1,1050,3.603603603603604,3.603603603603604,3.603603603603604,2
medium,pr299_gen1_m3,k6_l1,1100,3.603603603603604,3.603603603603604,3.603603603603604,2
medium,pr299_gen1_m3,k6_l1,1150,3.603603603603604,3.603603603603604,3.603603603603604,2
medium,pr299_gen1_m3,k6_l1,1200,3.603603603603604,3.603603603603604,3.603603603603604,2
medium,pr299_gen1_m3,k6_l1,1250,3.603603603603604,3.603603603603604,3.603603603603604,2
medium,pr299_gen1_m3,k6_l1,1300,3.603603603603604,3.603603603603604,3.603603603603604,2
medium,pr299_gen1_m3,k6_l1,1350,3.153153153153153,2.702702702702702,3.603603603603604,2
medium,pr299_gen1_m3,k6_l1,1400,3.153153153153153,2.702702702702702,3.603603603603604,2
medium,pr299_gen1_m3,k6_l1,1450,3.153153153153153,2.702702702702702,3.603603603603604,2
medium,pr299_gen1_m3,k6_l1,1500,3.153153153153153,2.702702702702702,3.603603603603604,2
medium,pr299_gen1_m3,k6_l1,1550,3.153153153153153,2.702702702702702,3.603603603603604,2
medium,pr299_gen1_m3,k6_l1,1600,3.153153153153153,2.702702702702702,3.603603603603604,2
medium,pr299_gen1_m3,k6_l1,1650,3.153153153153153,2.702702702702702,3.603603603603604,2
medium,pr299_gen1_m3,k6_l1,1700,3.153153153153153,2.702702702702702,3.603603603603604,2
medium,pr299_gen1_m3,k6_l1,1750,3.153153153153153,2.702702702702702,3.603603603603604,2
medium,pr299_gen1_m3,k6_l1,1800,3.153153153153153,2.702702702702702,3.603603603603604,2
medium,pr299_gen1_m3,k6_l1,1850,3.153153153153153,2.702702702702702,3.603603603603604,2
medium,pr299_gen1_m3,k6_l1,1900,3.153153153153153,2.702702702702702,3.603603603603604,2
medium,pr299_gen1_m3,k6_l1,1950,3.153153153153153,2.702702702702702,3.603603603603604,2
medium,pr299_gen1_m3,k6_l1,2000,3.153153153153153,2.702702702702702,3.603603603603604,2
medium,pr299_gen1_m3,k6_l1,2050,3.153153153153153,2.702702702702702,3.603603603603604,2
medium,pr299_gen1_m3,k6_l1,2100,3.153153153153153,2.702702702702702,3.603603603603604,2
medium,pr299_gen1_m3,k6_l1,2150,3.153153153153153,2.702702702702702,3.603603603603604,2
medium,pr299_gen1_m3,k6_l1,2200,3.153153153153153,2.702702702702702,3.603603603603604,2
medium,pr299_gen1_m3,k6_l1,2250,3.153153153153153,2.702702702702702,3.603603603603604,2
medium,pr299_gen1_m3,k6_l1,2300,3.153153153153153,2.702702702702702,3.603603603603604,2
medium,pr299_gen1_m3,k6_l1,2350,3.153153153153153,2.702702702702702,3.603603603603604,2
medium,pr299_gen1_m3,k6_l1,2400,3.153153153153153,2.702702702702702,3.603603603603604,2
medium,pr299_gen1_m3,k6_l1,2450,3.153153153153153,2.702702702702702,3.603603603603604,2
medium,pr299_gen1_m3,k6_l1,2500,3.153153153153153,2.702702702702702,3.603603603603604,2
medium,pr299_gen1_m3,k6_l1,2550,3.153153153153153,2.702702702702702,3.603603603603604,2
medium,pr299_gen1_m3,k6_l1,2600,3.153153153153153,2.702702702702702,3.603603603603604,2
medium,pr299_gen1_m3,k6_l1,2650,3.153153153153153,2.702702702702702,3.603603603603604,2
medium,pr299_gen1_m3,k6_l1,2700,3.153153153153153,2.702702702702702,3.603603603603604,2
medium,pr299_gen1_m3,k6_l1,2750,3.153153153153153,2.702702702702702,3.603603603603604,2
medium,pr299_gen1_m3,k6_l1,2800,3.153153153153153,2.702702702702702,3.603603603603604,2
medium,pr299_gen1_m3,k6_l1,2850,3.153153153153153,2.702702702702702,3.603603603603604,2
medium,pr299_gen1_m3,k6_l1,2900,3.153153153153153,2.702702702702702,3.603603603603604,2
medium,pr299_gen1_m3,k6_l1,2950,3.153153153153153,2.702702702702702,3.603603603603604,2
medium,pr299_gen1_m3,k6_l1,3000,3.153153153153153,2.702702702702702,3.603603603603604,2
medium,pr299_gen1_m3,k6_l1,3050,3.153153153153153,2.702702702702702,3.603603603603604,2
medium,pr299_gen1_m3,k6_l1,3100,3.153153153153153,2.702702702702702,3.603603603603604,2
medium,pr299_gen1_m3,k6_l1,3150,3.153153153153153,2.702702702702702,3.603603603603604,2
medium,pr299_gen1_m3,k6_l1,3200,3.153153153153153,2.702702702702702,3.603603603603604,2
medium,pr299_gen1_m3,k6_l1,3250,3.153153153153153,2.702702702702702,3.603603603603604,2
medium,pr299_gen1_m3,k6_l1,3300,3.153153153153153,2.702702702702702,3.603603603603604,2
medium,pr299_gen1_m3,k6_l1,3350,3.153153153153153,2.702702702702702,3.603603603603604,2
medium,pr299_gen1_m3,k6_l1,3400,3.153153153153153,2.702702702702702,3.603603603603604,2
medium,pr299_gen1_m3,k6_l1,3450,3.153153153153153,2.702702702702702,3.603603603603604,2
medium,pr299_gen1_m3,k6_l1,3500,3.153153153153153,2.702702702702702,3.603603603603604,2
medium,pr299_gen1_m3,k6_l1,3550,3.153153153153153,2.702702702702702,3.603603603603604,2
medium,pr299_gen1_m3,k6_l1,3600,3.153153153153153,2.702702702702702,3.603603603603604,2
medium,pr299_gen1_m3,k6_l1,3650,3.153153153153153,2.702702702702702,3.603603603603604,2
medium,pr299_gen1_m3,k6_l1,3700,3.153153153153153,2.702702702702702,3.603603603603604,2
medium,pr299_gen1_m3,k6_l1,3750,3.153153153153153,2.702702702702702,3.603603603603604,2
medium,pr299_gen1_m3,k6_l1,3800,2.702702702702702,2.702702702702702,2.702702702702702,2
medium,pr299_gen1_m3,k6_l1,3850,2.702702702702702,2.702702702702702,2.702702702702702,2
medium,pr299_gen1_m3,k6_l1,3900,2.702702702702702,2.702702702702702,2.702702702702702,2
medium,pr299_gen1_m3,k6_l1,3950,2.702702702702702,2.702702702702702,2.702702702702702,2
medium,pr299_gen1_m3,k6_l1,4000,2.702702702702702,2.702702702702702,2.702702702702702,2
medium,pr299_gen1_m3,k6_l1,4050,2.702702702702702,2.702702702702702,2.702702702702702,2
medium,pr299_gen1_m3,k6_l1,4100,2.702702702702702,2.702702702702702,2.702702702702702,2
medium,pr299_gen1_m3,k6_l1,4150,2.702702702702702,2.702702702702702,2.702702702702702,2
medium,pr299_gen1_m3,k6_l1,4200,2.702702702702702,2.702702702702702,2.702702702702702,2
medium,pr299_gen1_m3,k6_l1,4250,2.702702702702702,2.702702702702702,2.702702702702702,2
medium,pr299_gen1_m3,k6_l1,4300,2.702702702702702,2.702702702702702,2.702702702702702,2
medium,pr299_gen1_m3,k6_l1,4350,2.702702702702702,2.702702702702702,2.702702702702702,2
medium,pr299_gen1_m3,k6_l1,4400,2.252252252252252,1.8018018018018016,2.702702702702702,2
medium,pr299_gen1_m3,k6_l1,4450,1.8018018018018016,1.8018018018018016,1.8018018018018016,2
medium,pr299_gen1_m3,k6_l1,4500,1.8018018018018016,1.8018018018018016,1.8018018018018016,2
medium,pr299_gen1_m3,k6_l1,4550,1.8018018018018016,1.8018018018018016,1.8018018018018016,2
medium,pr299_gen1_m3,k6_l1,4600,1.8018018018018016,1.8018018018018016,1.8018018018018016,2
medium,pr299_gen1_m3,k6_l1,4650,1.8018018018018016,1.8018018018018016,1.8018018018018016,2
medium,pr299_gen1_m3,k6_l1,4700,1.8018018018018016,1.8018018018018016,1.8018018018018016,2
medium,pr299_gen1_m3,k6_l1,4750,1.8018018018018016,1.8018018018018016,1.8018018018018016,2
medium,pr299_gen1_m3,k6_l1,4800,1.8018018018018016,1.8018018018018016,1.8018018018018016,2
medium,pr299_gen1_m3,k6_l1,4850,1.8018018018018016,1.8018018018018016,1.8018018018018016,2
medium,pr299_gen1_m3,k6_l1,4900,1.8018018018018016,1.8018018018018016,1.8018018018018016,2
medium,pr299_gen1_m3,k6_l1,4950,1.8018018018018016,1.8018018018018016,1.8018018018018016,2
medium,pr299_gen1_m3,k6_l1,5000,1.8018018018018016,1.8018018018018016,1.8018018018018016,2
medium,pr299_gen1_m3,off,0,18.91891891891892,18.91891891891892,18.91891891891892,2
medium,pr299_gen1_m3,off,50,9.00900900900901,8.108108108108109,9.90990990990991,2
medium,pr299_gen1_m3,off,100,7.207207207207207,7.207207207207207,7.207207207207207,2
medium,pr299_gen1_m3,off,150,6.756756756756757,6.306306306306307,7.207207207207207,2
medium,pr299_gen1_m3,off,200,6.756756756756757,6.306306306306307,7.207207207207207,2
medium,pr299_gen1_m3,off,250,6.756756756756757,6.306306306306307,7.207207207207207,2
medium,pr299_gen1_m3,off,300,6.756756756756757,6.306306306306307,7.207207207207207,2
medium,pr299_gen1_m3,off,350,6.756756756756757,6.306306306306307,7.207207207207207,2
medium,pr299_gen1_m3,off,400,5.8558558558558556,5.405405405405405,6.306306306306307,2
medium,pr299_gen1_m3,off,450,5.405405405405405,5.405405405405405,5.405405405405405,2
medium,pr299_gen1_m3,off,500,4.954954954954955,4.504504504504505,5.405405405405405,2
medium,pr299_gen1_m3,off,550,4.054054054054054,3.603603603603604,4.504504504504505,2
medium,pr299_gen1_m3,off,600,4.054054054054054,3.603603603603604,4.504504504504505,2
medium,pr299_gen1_m3,off,650,4.054054054054054,3.603603603603604,4.504504504504505,2
medium,pr299_gen1_m3,off,700,4.054054054054054,3.603603603603604,4.504504504504505,2
medium,pr299_gen1_m3,off,750,4.054054054054054,3.603603603603604,4.504504504504505,2
medium,pr299_gen1_m3,off,800,4.054054054054054,3.603603603603604,4.504504504504505,2
medium,pr299_gen1_m3,off,850,4.054054054054054,3.603603603603604,4.504504504504505,2
medium,pr299_gen1_m3,off,900,3.603603603603603,2.702702702702702,4.504504504504505,2
medium,pr299_gen1_m3,off,950,3.603603603603603,2.702702702702702,4.504504504504505,2
medium,pr299_gen1_m3,off,1000,3.603603603603603,2.702702702702702,4.504504504504505,2
medium,pr299_gen1_m3,off,1050,3.153153153153153,2.702702702702702,3.603603603603604,2
medium,pr299_gen1_m3,off,1100,3.153153153153153,2.702702702702702,3.603603603603604,2
medium,pr299_gen1_m3,off,1150,3.153153153153153,2.702702702702702,3.603603603603604,2
medium,pr299_gen1_m3,off,1200,3.153153153153153,2.702702702702702,3.603603603603604,2
medium,pr299_gen1_m3,off,1250,3.153153153153153,2.702702702702702,3.603603603603604,2
medium,pr299_gen1_m3,off,1300,3.153153153153153,2.702702702702702,3.603603603603604,2
medium,pr299_gen1_m3,off,1350,3.153153153153153,2.702702702702702,3.603603603603604,2
medium,pr299_gen1_m3,off,1400,3.153153153153153,2.702702702702702,3.603603603603604,2
medium,pr299_gen1_m3,off,1450,3.153153153153153,2.702702702702702,3.603603603603604,2
medium,pr299_gen1_m3,off,1500,3.153153153153153,2.702702702702702,3.603603603603604,2
medium,pr299_gen1_m3,off,1550,3.153153153153153,2.702702702702702,3.603603603603604,2
medium,pr299_gen1_m3,off,1600,3.153153153153153,2.702702702702702,3.603603603603604,2
medium,pr299_gen1_m3,off,1650,3.153153153153153,2.702702702702702,3.603603603603604,2
medium,pr299_gen1_m3,off,1700,3.153153153153153,2.702702702702702,3.603603603603604,2
medium,pr299_gen1_m3,off,1750,3.153153153153153,2.702702702702702,3.603603603603604,2
medium,pr299_gen1_m3,off,1800,3.153153153153153,2.702702702702702,3.603603603603604,2
medium,pr299_gen1_m3,off,1850,2.7027027027027026,1.8018018018018016,3.603603603603604,2
medium,pr299_gen1_m3,off,1900,2.7027027027027026,1.8018018018018016,3.603603603603604,2
medium,pr299_gen1_m3,off,1950,2.7027027027027026,1.8018018018018016,3.603603603603604,2
medium,pr299_gen1_m3,off,2000,2.2522522522522523,0.9009009009009008,3.603603603603604,2
medium,pr299_gen1_m3,off,2050,2.2522522522522523,0.9009009009009008,3.603603603603604,2
medium,pr299_gen1_m3,off,2100,2.2522522522522523,0.9009009009009008,3.603603603603604,2
medium,pr299_gen1_m3,off,2150,2.2522522522522523,0.9009009009009008,3.603603603603604,2
medium,pr299_gen1_m3,off,2200,2.2522522522522523,0.9009009009009008,3.603603603603604,2
medium,pr299_gen1_m3,off,2250,2.2522522522522523,0.9009009009009008,3.603603603603604,2
medium,pr299_gen1_m3,off,2300,2.2522522522522523,0.9009009009009008,3.603603603603604,2
medium,pr299_gen1_m3,off,2350,1.8018018018018016,0.9009009009009008,2.702702702702702,2
medium,pr299_gen1_m3,off,2400,1.8018018018018016,0.9009009009009008,2.702702702702702,2
medium,pr299_gen1_m3,off,2450,1.8018018018018016,0.9009009009009008,2.702702702702702,2
medium,pr299_gen1_m3,off,2500,1.8018018018018016,0.9009009009009008,2.702702702702702,2
medium,pr299_gen1_m3,off,2550,1.8018018018018016,0.9009009009009008,2.702702702702702,2
medium,pr299_gen1_m3,off,2600,1.8018018018018016,0.9009009009009008,2.702702702702702,2
medium,pr299_gen1_m3,off,2650,1.8018018018018016,0.9009009009009008,2.702702702702702,2
medium,pr299_gen1_m3,off,2700,1.8018018018018016,0.9009009009009008,2.702702702702702,2
medium,pr299_gen1_m3,off,2750,1.8018018018018016,0.9009009009009008,2.702702702702702,2
medium,pr299_gen1_m3,off,2800,1.8018018018018016,0.9009009009009008,2.702702702702702,2
medium,pr299_gen1_m3,off,2850,1.8018018018018016,0.9009009009009008,2.702702702702702,2
medium,pr299_gen1_m3,off,2900,1.8018018018018016,0.9009009009009008,2.702702702702702,2
medium,pr299_gen1_m3,off,2950,1.8018018018018016,0.9009009009009008,2.702702702702702,2
medium,pr299_gen1_m3,off,3000,1.8018018018018016,0.9009009009009008,2.702702702702702,2
medium,pr299_gen1_m3,off,3050,1.8018018018018016,0.9009009009009008,2.702702702702702,2
medium,pr299_gen1_m3,off,3100,1.8018018018018016,0.9009009009009008,2.702702702702702,2
medium,pr299_gen1_m3,off,3150,1.8018018018018016,0.9009009009009008,2.702702702702702,2
medium,pr299_gen1_m3,off,3200,1.8018018018018016,0.9009009009009008,2.702702702702702,2
medium,pr299_gen1_m3,off,3250,1.8018018018018016,0.9009009009009008,2.702702702702702,2
medium,pr299_gen1_m3,off,3300,1.8018018018018016,0.9009009009009008,2.702702702702702,2
medium,pr299_gen1_m3,off,3350,1.8018018018018016,0.9009009009009008,2.702702702702702,2
medium,pr299_gen1_m3,off,3400,1.8018018018018016,0.9009009009009008,2.702702702702702,2
medium,pr299_gen1_m3,off,3450,1.8018018018018016,0.9009009009009008,2.702702702702702,2
medium,pr299_gen1_m3,off,3500,1.8018018018018016,0.9009009009009008,2.702702702702702,2
medium,pr299_gen1_m3,off,3550,1.8018018018018016,0.9009009009009008,2.702702702702702,2
medium,pr299_gen1_m3,off,3600,1.8018018018018016,0.9009009009009008,2.702702702702702,2
medium,pr299_gen1_m3,off,3650,1.8018018018018016,0.9009009009009008,2.702702702702702,2
medium,pr299_gen1_m3,off,3700,1.8018018018018016,0.9009009009009008,2.702702702702702,2
medium,pr299_gen1_m3,off,3750,1.8018018018018016,0.9009009009009008,2.702702702702702,2
medium,pr299_gen1_m3,off,3800,1.8018018018018016,0.9009009009009008,2.702702702702702,2
medium,pr299_gen1_m3,off,3850,1.8018018018018016,0.9009009009009008,2.702702702702702,2
medium,pr299_gen1_m3,off,3900,1.8018018018018016,0.9009009009009008,2.702702702702702,2
medium,pr299_gen1_m3,off,3950,1.8018018018018016,0.9009009009009008,2.702702702702702,2
medium,pr299_gen1_m3,off,4000,1.8018018018018016,0.9009009009009008,2.702702702702702,2
medium,pr299_gen1_m3,off,4050,1.8018018018018016,0.9009009009009008,2.702702702702702,2
medium,pr299_gen1_m3,off,4100,1.8018018018018016,0.9009009009009008,2.702702702702702,2
medium,pr299_gen1_m3,off,4150,1.8018018018018016,0.9009009009009008,2.702702702702702,2
medium,pr299_gen1_m3,off,4200,1.8018018018018016,0.9009009009009008,2.702702702702702,2
medium,pr299_gen1_m3,off,4250,1.8018018018018016,0.9009009009009008,2.702702702702702,2
medium,pr299_gen1_m3,off,4300,1.8018018018018016,0.9009009009009008,2.702702702702702,2
medium,pr299_gen1_m3,off,4350,1.8018018018018016,0.9009009009009008,2.702702702702702,2
medium,pr299_gen1_m3,off,4400,1.8018018018018016,0.9009009009009008,2.702702702702702,2
medium,pr299_gen1_m3,off,4450,1.8018018018018016,0.9009009009009008,2.702702702702702,2
medium,pr299_gen1_m3,off,4500,1.8018018018018016,0.9009009009009008,2.702702702702702,2
medium,pr299_gen1_m3,off,4550,1.8018018018018016,0.9009009009009008,2.702702702702702,2
medium,pr299_gen1_m3,off,4600,1.8018018018018016,0.9009009009009008,2.702702702702702,2
medium,pr299_gen1_m3,off,4650,1.8018018018018016,0.9009009009009008,2.702702702702702,2
medium,pr299_gen1_m3,off,4700,1.8018018018018016,0.9009009009009008,2.702702702702702,2
medium,pr299_gen1_m3,off,4750,1.8018018018018016,0.9009009009009008,2.702702702702702,2
medium,pr299_gen1_m3,off,4800,1.8018018018018016,0.9009009009009008,2.702702702702702,2
medium,pr299_gen1_m3,off,4850,1.8018018018018016,0.9009009009009008,2.702702702702702,2
medium,pr299_gen1_m3,off,4900,1.8018018018018016,0.9009009009009008,2.702702702702702,2
medium,pr299_gen1_m3,off,4950,1.8018018018018016,0.9009009009009008,2.702702702702702,2
medium,pr299_gen1_m3,off,5000,1.8018018018018016,0.9009009009009008,2.702702702702702,2
medium,pr299_gen2_m3,k100_l1,0,17.863077434363575,17.863077434363575,17.863077434363575,2
medium,pr299_gen2_m3,k100_l1,50,4.7025589896975735,4.536390827517447,4.8687271518777,2
medium,pr299_gen2_m3,k100_l1,100,4.503157195081423,4.137587238285144,4.8687271518777,2
medium,pr299_gen2_m3,k100_l1,150,4.162512462612163,3.821867730142905,4.503157195081422,2
medium,pr299_gen2_m3,k100_l1,200,3.123961448986374,2.542372881355932,3.705550016616816,2
medium,pr299_gen2_m3,k100_l1,250,3.0491857760053174,2.3928215353938187,3.705550016616816,2
medium,pr299_gen2_m3,k100_l1,300,2.608840146227983,2.110335659687604,3.1073446327683616,2
medium,pr299_gen2_m3,k100_l1,350,2.2100365569956795,1.5453639082751744,2.8747092057161847,2
medium,pr299_gen2_m3,k100_l1,400,2.168494516450648,1.4622798271851114,2.8747092057161847,2
medium,pr299_gen2_m3,k100_l1,450,2.143569292123629,1.4124293785310735,2.8747092057161847,2
medium,pr299_gen2_m3,k100_l1,500,2.143569292123629,1.4124293785310735,2.8747092057161847,2
medium,pr299_gen2_m3,k100_l1,550,1.9607843137254903,1.4124293785310735,2.509139248919907,2
medium,pr299_gen2_m3,k100_l1,600,1.927550681289465,1.4124293785310735,2.4426719840478563,2
medium,pr299_gen2_m3,k100_l1,650,1.927550681289465,1.4124293785310735,2.4426719840478563,2
medium,pr299_gen2_m3,k100_l1,700,1.927550681289465,1.4124293785310735,2.4426719840478563,2
medium,pr299_gen2_m3,k100_l1,750,1.9192422731804588,1.4124293785310735,2.426055167829844,2
medium,pr299_gen2_m3,k100_l1,800,1.9192422731804588,1.4124293785310735,2.426055167829844,2
medium,pr299_gen2_m3,k100_l1,850,1.9192422731804588,1.4124293785310735,2.426055167829844,2
medium,pr299_gen2_m3,k100_l1,900,1.9192422731804588,1.4124293785310735,2.426055167829844,2
medium,pr299_gen2_m3,k100_l1,950,1.9192422731804588,1.4124293785310735,2.426055167829844,2
medium,pr299_gen2_m3,k100_l1,1000,1.9192422731804588,1.4124293785310735,2.426055167829844,2
medium,pr299_gen2_m3,k100_l1,1050,1.9192422731804588,1.4124293785310735,2.426055167829844,2
medium,pr299_gen2_m3,k100_l1,1100,1.9192422731804588,1.4124293785310735,2.426055167829844,2
medium,pr299_gen2_m3,k100_l1,1150,1.9192422731804588,1.4124293785310735,2.426055167829844,2
medium,pr299_gen2_m3,k100_l1,1200,1.9192422731804588,1.4124293785310735,2.426055167829844,2
medium,pr299_gen2_m3,k100_l1,1250,1.9192422731804588,1.4124293785310735,2.426055167829844,2
medium,pr299_gen2_m3,k100_l1,1300,1.9192422731804588,1.4124293785310735,2.426055167829844,2
medium,pr299_gen2_m3,k100_l1,1350,1.9192422731804588,1.4124293785310735,2.426055167829844,2
medium,pr299_gen2_m3,k100_l1,1400,1.9192422731804588,1.4124293785310735,2.426055167829844,2
medium,pr299_gen2_m3,k100_l1,1450,1.9192422731804588,1.4124293785310735,2.426055167829844,2
medium,pr299_gen2_m3,k100_l1,1500,1.9192422731804588,1.4124293785310735,2.426055167829844,2
medium,pr299_gen2_m3,k100_l1,1550,1.9192422731804588,1.4124293785310735,2.426055167829844,2
medium,pr299_gen2_m3,k100_l1,1600,1.9192422731804588,1.4124293785310735,2.426055167829844,2
medium,pr299_gen2_m3,k100_l1,1650,1.9192422731804588,1.4124293785310735,2.426055167829844,2
medium,pr299_gen2_m3,k100_l1,1700,1.9192422731804588,1.4124293785310735,2.426055167829844,2
medium,pr299_gen2_m3,k100_l1,1750,1.9192422731804588,1.4124293785310735,2.426055167829844,2
medium,pr299_gen2_m3,k100_l1,1800,1.9192422731804588,1.4124293785310735,2.426055167829844,2
medium,pr299_gen2_m3,k100_l1,1850,1.9192422731804588,1.4124293785310735,2.426055167829844,2
medium,pr299_gen2_m3,k100_l1,1900,1.9192422731804588,1.4124293785310735,2.426055167829844,2
medium,pr299_gen2_m3,k100_l1,1950,1.9192422731804588,1.4124293785310735,2.426055167829844,2
medium,pr299_gen2_m3,k100_l1,2000,1.9192422731804588,1.4124293785310735,2.426055167829844,2
medium,pr299_gen2_m3,k100_l1,2050,1.9192422731804588,1.4124293785310735,2.426055167829844,2
medium,pr299_gen2_m3,k100_l1,2100,1.9192422731804588,1.4124293785310735,2.426055167829844,2
medium,pr299_gen2_m3,k100_l1,2150,1.9192422731804588,1.4124293785310735,2.426055167829844,2
medium,pr299_gen2_m3,k100_l1,2200,1.9192422731804588,1.4124293785310735,2.426055167829844,2
medium,pr299_gen2_m3,k100_l1,2250,1.9192422731804588,1.4124293785310735,2.426055167829844,2
medium,pr299_gen2_m3,k100_l1,2300,1.9192422731804588,1.4124293785310735,2.426055167829844,2
medium,pr299_gen2_m3,k100_l1,2350,1.9192422731804588,1.4124293785310735,2.426055167829844,2
medium,pr299_gen2_m3,k100_l1,2400,1.9192422731804588,1.4124293785310735,2.426055167829844,2
medium,pr299_gen2_m3,k100_l1,2450,1.9192422731804588,1.4124293785310735,2.426055167829844,2
medium,pr299_gen2_m3,k100_l1,2500,1.9192422731804588,1.4124293785310735,2.426055167829844,2
medium,pr299_gen2_m3,k100_l1,2550,1.9192422731804588,1.4124293785310735,2.426055167829844,2
medium,pr299_gen2_m3,k100_l1,2600,1.9192422731804588,1.4124293785310735,2.426055167829844,2
medium,pr299_gen2_m3,k100_l1,2650,1.9192422731804588,1.4124293785310735,2.426055167829844,2
medium,pr299_gen2_m3,k100_l1,2700,1.9192422731804588,1.4124293785310735,2.426055167829844,2
medium,pr299_gen2_m3,k100_l1,2750,1.9192422731804588,1.4124293785310735,2.426055167829844,2
medium,pr299_gen2_m3,k100_l1,2800,1.9192422731804588,1.4124293785310735,2.426055167829844,2
medium,pr299_gen2_m3,k100_l1,2850,1.9192422731804588,1.4124293785310735,2.426055167829844,2
medium,pr299_gen2_m3,k100_l1,2900,1.9192422731804588,1.4124293785310735,2.426055167829844,2
medium,pr299_gen2_m3,k100_l1,2950,1.9192422731804588,1.4124293785310735,2.426055167829844,2
medium,pr299_gen2_m3,k100_l1,3000,1.9192422731804588,1.4124293785310735,2.426055167829844,2
medium,pr299_gen2_m3,k100_l1,3050,1.9192422731804588,1.4124293785310735,2.426055167829844,2
medium,pr299_gen2_m3,k100_l1,3100,1.9192422731804588,1.4124293785310735,2.426055167829844,2
medium,pr299_gen2_m3,k100_l1,3150,1.9192422731804588,1.4124293785310735,2.426055167829844,2
medium,pr299_gen2_m3,k100_l1,3200,1.9192422731804588,1.4124293785310735,2.426055167829844,2
medium,pr299_gen2_m3,k100_l1,3250,1.9192422731804588,1.4124293785310735,2.426055167829844,2
medium,pr299_gen2_m3,k100_l1,3300,1.9192422731804588,1.4124293785310735,2.426055167829844,2
medium,pr299_gen2_m3,k100_l1,3350,1.9192422731804588,1.4124293785310735,2.426055167829844,2
medium,pr299_gen2_m3,k100_l1,3400,1.9192422731804588,1.4124293785310735,2.426055167829844,2
medium,pr299_gen2_m3,k100_l1,3450,1.9192422731804588,1.4124293785310735,2.426055167829844,2
medium,pr299_gen2_m3,k100_l1,3500,1.9192422731804588,1.4124293785310735,2.426055167829844,2
medium,pr299_gen2_m3,k100_l1,3550,1.9192422731804588,1.4124293785310735,2.426055167829844,2
medium,pr299_gen2_m3,k100_l1,3600,1.9192422731804588,1.4124293785310735,2.426055167829844,2
medium,pr299_gen2_m3,k100_l1,3650,1.9192422731804588,1.4124293785310735,2.426055167829844,2
medium,pr299_gen2_m3,k100_l1,3700,1.9192422731804588,1.4124293785310735,2.426055167829844,2
medium,pr299_gen2_m3,k100_l1,3750,1.9192422731804588,1.4124293785310735,2.426055167829844,2
medium,pr299_gen2_m3,k100_l1,3800,1.9192422731804588,1.4124293785310735,2.426055167829844,2
medium,pr299_gen2_m3,k100_l1,3850,1.9192422731804588,1.4124293785310735,2.426055167829844,2
medium,pr299_gen2_m3,k100_l1,3900,1.9192422731804588,1.4124293785310735,2.426055167829844,2
medium,pr299_gen2_m3,k100_l1,3950,1.9192422731804588,1.4124293785310735,2.426055167829844,2
medium,pr299_gen2_m3,k100_l1,4000,1.9192422731804588,1.4124293785310735,2.426055167829844,2
medium,pr299_gen2_m3,k100_l1,4050,1.9192422731804588,1.4124293785310735,2.426055167829844,2
medium,pr299_gen2_m3,k100_l1,4100,1.9192422731804588,1.4124293785310735,2.426055167829844,2
medium,pr299_gen2_m3,k100_l1,4150,1.9192422731804588,1.4124293785310735,2.426055167829844,2
medium,pr299_gen2_m3,k100_l1,4200,1.9192422731804588,1.4124293785310735,2.426055167829844,2
medium,pr299_gen2_m3,k100_l1,4250,1.9192422731804588,1.4124293785310735,2.426055167829844,2
medium,pr299_gen2_m3,k100_l1,4300,1.9192422731804588,1.4124293785310735,2.426055167829844,2
medium,pr299_gen2_m3,k100_l1,4350,1.9192422731804588,1.4124293785310735,2.426055167829844,2
medium,pr299_gen2_m3,k100_l1,4400,1.9192422731804588,1.4124293785310735,2.426055167829844,2
medium,pr299_gen2_m3,k100_l1,4450,1.9192422731804588,1.4124293785310735,2.426055167829844,2
medium,pr299_gen2_m3,k100_l1,4500,1.9192422731804588,1.4124293785310735,2.426055167829844,2
medium,pr299_gen2_m3,k100_l1,4550,1.9192422731804588,1.4124293785310735,2.426055167829844,2
medium,pr299_gen2_m3,k100_l1,4600,1.9192422731804588,1.4124293785310735,2.426055167829844,2
medium,pr299_gen2_m3,k100_l1,4650,1.9192422731804588,1.4124293785310735,2.426055167829844,2
medium,pr299_gen2_m3,k100_l1,4700,1.9192422731804588,1.4124293785310735,2.426055167829844,2
medium,pr299_gen2_m3,k100_l1,4750,1.9192422731804588,1.4124293785310735,2.426055167829844,2
medium,pr299_gen2_m3,k100_l1,4800,1.9192422731804588,1.4124293785310735,2.426055167829844,2
medium,pr299_gen2_m3,k100_l1,4850,1.9192422731804588,1.4124293785310735,2.426055167829844,2
medium,pr299_gen2_m3,k100_l1,4900,1.9192422731804588,1.4124293785310735,2.426055167829844,2
medium,pr299_gen2_m3,k100_l1,4950,1.9192422731804588,1.4124293785310735,2.426055167829844,2
medium,pr299_gen2_m3,k100_l1,5000,1.9192422731804588,1.4124293785310735,2.426055167829844,2
medium,pr299_gen2_m3,k100_l3,0,17.863077434363575,17.863077434363575,17.863077434363575,2
medium,pr299_gen2_m3,k100_l3,50,6.53871718178797,6.331006979062812,6.746427384513127,2
medium,pr299_gen2_m3,k100_l3,100,5.051512130275839,3.871718178796943,6.231306081754735,2
medium,pr299_gen2_m3,k100_l3,150,4.262213359920239,2.459288800265869,6.065137919574609,2
medium,pr299_gen2_m3,k100_l3,200,3.8800265869059487,2.4426719840478563,5.317381189764041,2
medium,pr299_gen2_m3,k100_l3,250,3.074111000332336,1.5453639082751744,4.602858092389498,2
medium,pr299_gen2_m3,k100_l3,300,2.932868062479229,1.5453639082751744,4.320372216683284,2
medium,pr299_gen2_m3,k100_l3,350,2.932868062479229,1.5453639082751744,4.320372216683284,2
medium,pr299_gen2_m3,k100_l3,400,2.932868062479229,1.5453639082751744,4.320372216683284,2
medium,pr299_gen2_m3,k100_l3,450,2.932868062479229,1.5453639082751744,4.320372216683284,2
medium,pr299_gen2_m3,k100_l3,500,2.833167165171153,1.5453639082751744,4.120970422067132,2
medium,pr299_gen2_m3,k100_l3,550,2.75008308408109,1.5453639082751744,3.9548022598870056,2
medium,pr299_gen2_m3,k100_l3,600,2.7168494516450648,1.5453639082751744,3.8883349950149553,2
medium,pr299_gen2_m3,k100_l3,650,2.7168494516450648,1.5453639082751744,3.8883349950149553,2
medium,pr299_gen2_m3,k100_l3,700,2.7168494516450648,1.5453639082751744,3.8883349950149553,2
medium,pr299_gen2_m3,k100_l3,750,2.7168494516450648,1.5453639082751744,3.8883349950149553,2
medium,pr299_gen2_m3,k100_l3,800,2.6753074111000332,1.4622798271851114,3.8883349950149553,2
medium,pr299_gen2_m3,k100_l3,850,2.6753074111000332,1.4622798271851114,3.8883349950149553,2
medium,pr299_gen2_m3,k100_l3,900,2.6753074111000332,1.4622798271851114,3.8883349950149553,2
medium,pr299_gen2_m3,k100_l3,950,2.6753074111000332,1.4622798271851114,3.8883349950149553,2
medium,pr299_gen2_m3,k100_l3,1000,2.6753074111000332,1.4622798271851114,3.8883349950149553,2
medium,pr299_gen2_m3,k100_l3,1050,2.6753074111000332,1.4622798271851114,3.8883349950149553,2
medium,pr299_gen2_m3,k100_l3,1100,2.6753074111000332,1.4622798271851114,3.8883349950149553,2
medium,pr299_gen2_m3,k100_l3,1150,2.6420737786640083,1.4124293785310735,3.871718178796943,2
medium,pr299_gen2_m3,k100_l3,1200,2.617148554336989,1.4124293785310735,3.821867730142905,2
medium,pr299_gen2_m3,k100_l3,1250,2.617148554336989,1.4124293785310735,3.821867730142905,2
medium,pr299_gen2_m3,k100_l3,1300,2.617148554336989,1.4124293785310735,3.821867730142905,2
medium,pr299_gen2_m3,k100_l3,1350,2.617148554336989,1.4124293785310735,3.821867730142905,2
medium,pr299_gen2_m3,k100_l3,1400,2.617148554336989,1.4124293785310735,3.821867730142905,2
medium,pr299_gen2_m3,k100_l3,1450,2.617148554336989,1.4124293785310735,3.821867730142905,2
medium,pr299_gen2_m3,k100_l3,1500,2.617148554336989,1.4124293785310735,3.821867730142905,2
medium,pr299_gen2_m3,k100_l3,1550,2.617148554336989,1.4124293785310735,3.821867730142905,2
medium,pr299_gen2_m3,k100_l3,1600,2.617148554336989,1.4124293785310735,3.821867730142905,2
medium,pr299_gen2_m3,k100_l3,1650,2.617148554336989,1.4124293785310735,3.821867730142905,2
medium,pr299_gen2_m3,k100_l3,1700,2.617148554336989,1.4124293785310735,3.821867730142905,2
medium,pr299_gen2_m3,k100_l3,1750,2.617148554336989,1.4124293785310735,3.821867730142905,2
medium,pr299_gen2_m3,k100_l3,1800,2.617148554336989,1.4124293785310735,3.821867730142905,2
medium,pr299_gen2_m3,k100_l3,1850,2.617148554336989,1.4124293785310735,3.821867730142905,2
medium,pr299_gen2_m3,k100_l3,1900,2.617148554336989,1.4124293785310735,3.821867730142905,2
medium,pr299_gen2_m3,k100_l3,1950,2.617148554336989,1.4124293785310735,3.821867730142905,2
medium,pr299_gen2_m3,k100_l3,2000,2.617148554336989,1.4124293785310735,3.821867730142905,2
medium,pr299_gen2_m3,k100_l3,2050,2.617148554336989,1.4124293785310735,3.821867730142905,2
medium,pr299_gen2_m3,k100_l3,2100,2.617148554336989,1.4124293785310735,3.821867730142905,2
medium,pr299_gen2_m3,k100_l3,2150,2.617148554336989,1.4124293785310735,3.821867730142905,2
medium,pr299_gen2_m3,k100_l3,2200,2.617148554336989,1.4124293785310735,3.821867730142905,2
medium,pr299_gen2_m3,k100_l3,2250,2.617148554336989,1.4124293785310735,3.821867730142905,2
medium,pr299_gen2_m3,k100_l3,2300,2.617148554336989,1.4124293785310735,3.821867730142905,2
medium,pr299_gen2_m3,k100_l3,2350,2.617148554336989,1.4124293785310735,3.821867730142905,2
medium,pr299_gen2_m3,k100_l3,2400,2.617148554336989,1.4124293785310735,3.821867730142905,2
medium,pr299_gen2_m3,k100_l3,2450,2.617148554336989,1.4124293785310735,3.821867730142905,2
medium,pr299_gen2_m3,k100_l3,2500,2.617148554336989,1.4124293785310735,3.821867730142905,2
medium,pr299_gen2_m3,k100_l3,2550,2.617148554336989,1.4124293785310735,3.821867730142905,2
medium,pr299_gen2_m3,k100_l3,2600,2.617148554336989,1.4124293785310735,3.821867730142905,2
medium,pr299_gen2_m3,k100_l3,2650,2.617148554336989,1.4124293785310735,3.821867730142905,2
medium,pr299_gen2_m3,k100_l3,2700,2.617148554336989,1.4124293785310735,3.821867730142905,2
medium,pr299_gen2_m3,k100_l3,2750,2.617148554336989,1.4124293785310735,3.821867730142905,2
medium,pr299_gen2_m3,k100_l3,2800,2.617148554336989,1.4124293785310735,3.821867730142905,2
medium,pr299_gen2_m3,k100_l3,2850,2.617148554336989,1.4124293785310735,3.821867730142905,2
medium,pr299_gen2_m3,k100_l3,2900,2.617148554336989,1.4124293785310735,3.821867730142905,2
medium,pr299_gen2_m3,k100_l3,2950,2.617148554336989,1.4124293785310735,3.821867730142905,2
medium,pr299_gen2_m3,k100_l3,3000,2.617148554336989,1.4124293785310735,3.821867730142905,2
medium,pr299_gen2_m3,k100_l3,3050,2.617148554336989,1.4124293785310735,3.821867730142905,2
medium,pr299_gen2_m3,k100_l3,3100,2.617148554336989,1.4124293785310735,3.821867730142905,2
medium,pr299_gen2_m3,k100_l3,3150,2.617148554336989,1.4124293785310735,3.821867730142905,2
medium,pr299_gen2_m3,k100_l3,3200,2.617148554336989,1.4124293785310735,3.821867730142905,2
medium,pr299_gen2_m3,k100_l3,3250,2.617148554336989,1.4124293785310735,3.821867730142905,2
medium,pr299_gen2_m3,k100_l3,3300,2.617148554336989,1.4124293785310735,3.821867730142905,2
medium,pr299_gen2_m3,k100_l3,3350,2.617148554336989,1.4124293785310735,3.821867730142905,2
medium,pr299_gen2_m3,k100_l3,3400,2.617148554336989,1.4124293785310735,3.821867730142905,2
medium,pr299_gen2_m3,k100_l3,3450,2.617148554336989,1.4124293785310735,3.821867730142905,2
medium,pr299_gen2_m3,k100_l3,3500,2.617148554336989,1.4124293785310735,3.821867730142905,2
medium,pr299_gen2_m3,k100_l3,3550,2.617148554336989,1.4124293785310735,3.821867730142905,2
medium,pr299_gen2_m3,k100_l3,3600,2.6088401462279824,1.4124293785310735,3.805250913924892,2
medium,pr299_gen2_m3,k100_l3,3650,2.6088401462279824,1.4124293785310735,3.805250913924892,2
medium,pr299_gen2_m3,k100_l3,3700,2.6088401462279824,1.4124293785310735,3.805250913924892,2
medium,pr299_gen2_m3,k100_l3,3750,2.6088401462279824,1.4124293785310735,3.805250913924892,2
medium,pr299_gen2_m3,k100_l3,3800,2.6088401462279824,1.4124293785310735,3.805250913924892,2
medium,pr299_gen2_m3,k100_l3,3850,2.6088401462279824,1.4124293785310735,3.805250913924892,2
medium,pr299_gen2_m3,k100_l3,3900,2.6088401462279824,1.4124293785310735,3.805250913924892,2
medium,pr299_gen2_m3,k100_l3,3950,2.6088401462279824,1.4124293785310735,3.805250913924892,2
medium,pr299_gen2_m3,k100_l3,4000,2.6088401462279824,1.4124293785310735,3.805250913924892,2
medium,pr299_gen2_m3,k100_l3,4050,2.6088401462279824,1.4124293785310735,3.805250913924892,2
medium,pr299_gen2_m3,k100_l3,4100,2.6088401462279824,1.4124293785310735,3.805250913924892,2
medium,pr299_gen2_m3,k100_l3,4150,2.6088401462279824,1.4124293785310735,3.805250913924892,2
medium,pr299_gen2_m3,k100_l3,4200,2.6088401462279824,1.4124293785310735,3.805250913924892,2
medium,pr299_gen2_m3,k100_l3,4250,2.6088401462279824,1.4124293785310735,3.805250913924892,2
medium,pr299_gen2_m3,k100_l3,4300,2.6088401462279824,1.4124293785310735,3.805250913924892,2
medium,pr299_gen2_m3,k100_l3,4350,2.6088401462279824,1.4124293785310735,3.805250913924892,2
medium,pr299_gen2_m3,k100_l3,4400,2.6088401462279824,1.4124293785310735,3.805250913924892,2
medium,pr299_gen2_m3,k100_l3,4450,2.6088401462279824,1.4124293785310735,3.805250913924892,2
medium,pr299_gen2_m3,k100_l3,4500,2.6088401462279824,1.4124293785310735,3.805250913924892,2
medium,pr299_gen2_m3,k100_l3,4550,2.6088401462279824,1.4124293785310735,3.805250913924892,2
medium,pr299_gen2_m3,k100_l3,4600,2.6088401462279824,1.4124293785310735,3.805250913924892,2
medium,pr299_gen2_m3,k100_l3,4650,2.6088401462279824,1.4124293785310735,3.805250913924892,2
medium,pr299_gen2_m3,k100_l3,4700,2.6088401462279824,1.4124293785310735,3.805250913924892,2
medium,pr299_gen2_m3,k100_l3,4750,2.6088401462279824,1.4124293785310735,3.805250913924892,2
medium,pr299_gen2_m3,k100_l3,4800,2.6088401462279824,1.4124293785310735,3.805250913924892,2
medium,pr299_gen2_m3,k100_l3,4850,2.6088401462279824,1.4124293785310735,3.805250913924892,2
medium,pr299_gen2_m3,k100_l3,4900,2.6088401462279824,1.4124293785310735,3.805250913924892,2
medium,pr299_gen2_m3,k100_l3,4950,2.6088401462279824,1.4124293785310735,3.805250913924892,2
medium,pr299_gen2_m3,k100_l3,5000,2.6088401462279824,1.4124293785310735,3.805250913924892,2
medium,pr299_gen2_m3,k100_l5,0,17.863077434363575,17.863077434363575,17.863077434363575,2
medium,pr299_gen2_m3,k100_l5,50,5.633100697906281,4.519774011299435,6.746427384513127,2
medium,pr299_gen2_m3,k100_l5,100,4.619474908607511,3.589232303090728,5.649717514124294,2
medium,pr299_gen2_m3,k100_l5,150,2.4759056164838817,1.5952143569292123,3.356596876038551,2
medium,pr299_gen2_m3,k100_l5,200,2.4759056164838817,1.5952143569292123,3.356596876038551,2
medium,pr299_gen2_m3,k100_l5,250,2.010634762379528,1.5952143569292123,2.426055167829844,2
medium,pr299_gen2_m3,k100_l5,300,2.010634762379528,1.5952143569292123,2.426055167829844,2
medium,pr299_gen2_m3,k100_l5,350,1.9857095380525092,1.5453639082751744,2.426055167829844,2
medium,pr299_gen2_m3,k100_l5,400,1.9857095380525092,1.5453639082751744,2.426055167829844,2
medium,pr299_gen2_m3,k100_l5,450,1.9774011299435028,1.5287470920571615,2.426055167829844,2
medium,pr299_gen2_m3,k100_l5,500,1.9192422731804588,1.4124293785310735,2.426055167829844,2
medium,pr299_gen2_m3,k100_l5,550,1.9192422731804588,1.4124293785310735,2.426055167829844,2
medium,pr299_gen2_m3,k100_l5,600,1.9192422731804588,1.4124293785310735,2.426055167829844,2
medium,pr299_gen2_m3,k100_l5,650,1.9192422731804588,1.4124293785310735,2.426055167829844,2
medium,pr299_gen2_m3,k100_l5,700,1.9192422731804588,1.4124293785310735,2.426055167829844,2
medium,pr299_gen2_m3,k100_l5,750,1.9192422731804588,1.4124293785310735,2.426055167829844,2
medium,pr299_gen2_m3,k100_l5,800,1.9192422731804588,1.4124293785310735,2.426055167829844,2
medium,pr299_gen2_m3,k100_l5,850,1.9192422731804588,1.4124293785310735,2.426055167829844,2
medium,pr299_gen2_m3,k100_l5,900,1.9192422731804588,1.4124293785310735,2.426055167829844,2
medium,pr299_gen2_m3,k100_l5,950,1.9192422731804588,1.4124293785310735,2.426055167829844,2
medium,pr299_gen2_m3,k100_l5,1000,1.9192422731804588,1.4124293785310735,2.426055167829844,2
medium,pr299_gen2_m3,k100_l5,1050,1.9192422731804588,1.4124293785310735,2.426055167829844,2
medium,pr299_gen2_m3,k100_l5,1100,1.9192422731804588,1.4124293785310735,2.426055167829844,2
medium,pr299_gen2_m3,k100_l5,1150,1.9192422731804588,1.4124293785310735,2.426055167829844,2
medium,pr299_gen2_m3,k100_l5,1200,1.9192422731804588,1.4124293785310735,2.426055167829844,2
medium,pr299_gen2_m3,k100_l5,1250,1.9192422731804588,1.4124293785310735,2.426055167829844,2
medium,pr299_gen2_m3,k100_l5,1300,1.9192422731804588,1.4124293785310735,2.426055167829844,2
medium,pr299_gen2_m3,k100_l5,1350,1.9192422731804588,1.4124293785310735,2.426055167829844,2
medium,pr299_gen2_m3,k100_l5,1400,1.9192422731804588,1.4124293785310735,2.426055167829844,2
medium,pr299_gen2_m3,k100_l5,1450,1.9192422731804588,1.4124293785310735,2.426055167829844,2
medium,pr299_gen2_m3,k100_l5,1500,1.9192422731804588,1.4124293785310735,2.426055167829844,2
medium,pr299_gen2_m3,k100_l5,1550,1.9192422731804588,1.4124293785310735,2.426055167829844,2
medium,pr299_gen2_m3,k100_l5,1600,1.9192422731804588,1.4124293785310735,2.426055167829844,2
medium,pr299_gen2_m3,k100_l5,1650,1.9192422731804588,1.4124293785310735,2.426055167829844,2
medium,pr299_gen2_m3,k100_l5,1700,1.9192422731804588,1.4124293785310735,2.426055167829844,2
medium,pr299_gen2_m3,k100_l5,1750,1.9192422731804588,1.4124293785310735,2.426055167829844,2
medium,pr299_gen2_m3,k100_l5,1800,1.9192422731804588,1.4124293785310735,2.426055167829844,2
medium,pr299_gen2_m3,k100_l5,1850,1.9192422731804588,1.4124293785310735,2.426055167829844,2
medium,pr299_gen2_m3,k100_l5,1900,1.9192422731804588,1.4124293785310735,2.426055167829844,2
medium,pr299_gen2_m3,k100_l5,1950,1.9192422731804588,1.4124293785310735,2.426055167829844,2
medium,pr299_gen2_m3,k100_l5,2000,1.9192422731804588,1.4124293785310735,2.426055167829844,2
medium,pr299_gen2_m3,k100_l5,2050,1.9192422731804588,1.4124293785310735,2.426055167829844,2
medium,pr299_gen2_m3,k100_l5,2100,1.9192422731804588,1.4124293785310735,2.426055167829844,2
medium,pr299_gen2_m3,k100_l5,2150,1.9192422731804588,1.4124293785310735,2.426055167829844,2
medium,pr299_gen2_m3,k100_l5,2200,1.9192422731804588,1.4124293785310735,2.426055167829844,2
medium,pr299_gen2_m3,k100_l5,2250,1.9192422731804588,1.4124293785310735,2.426055167829844,2
medium,pr299_gen2_m3,k100_l5,2300,1.9192422731804588,1.4124293785310735,2.426055167829844,2
medium,pr299_gen2_m3,k100_l5,2350,1.9192422731804588,1.4124293785310735,2.426055167829844,2
medium,pr299_gen2_m3,k100_l5,2400,1.9192422731804588,1.4124293785310735,2.426055167829844,2
medium,pr299_gen2_m3,k100_l5,2450,1.9192422731804588,1.4124293785310735,2.426055167829844,2
medium,pr299_gen2_m3,k100_l5,2500,1.9192422731804588,1.4124293785310735,2.426055167829844,2
medium,pr299_gen2_m3,k100_l5,2550,1.9192422731804588,1.4124293785310735,2.426055167829844,2
medium,pr299_gen2_m3,k100_l5,2600,1.9192422731804588,1.4124293785310735,2.426055167829844,2
medium,pr299_gen2_m3,k100_l5,2650,1.9192422731804588,1.4124293785310735,2.426055167829844,2
medium,pr299_gen2_m3,k100_l5,2700,1.9192422731804588,1.4124293785310735,2.426055167829844,2
medium,pr299_gen2_m3,k100_l5,2750,1.8943170488534398,1.4124293785310735,2.376204719175806,2
medium,pr299_gen2_m3,k100_l5,2800,1.8943170488534398,1.4124293785310735,2.376204719175806,2
medium,pr299_gen2_m3,k100_l5,2850,1.8943170488534398,1.4124293785310735,2.376204719175806,2
medium,pr299_gen2_m3,k100_l5,2900,1.8943170488534398,1.4124293785310735,2.376204719175806,2
medium,pr299_gen2_m3,k100_l5,2950,1.8943170488534398,1.4124293785310735,2.376204719175806,2
medium,pr299_gen2_m3,k100_l5,3000,1.8943170488534398,1.4124293785310735,2.376204719175806,2
medium,pr299_gen2_m3,k100_l5,3050,1.8943170488534398,1.4124293785310735,2.376204719175806,2
medium,pr299_gen2_m3,k100_l5,3100,1.8943170488534398,1.4124293785310735,2.376204719175806,2
medium,pr299_gen2_m3,k100_l5,3150,1.8943170488534398,1.4124293785310735,2.376204719175806,2
medium,pr299_gen2_m3,k100_l5,3200,1.8943170488534398,1.4124293785310735,2.376204719175806,2
medium,pr299_gen2_m3,k100_l5,3250,1.8943170488534398,1.4124293785310735,2.376204719175806,2
medium,pr299_gen2_m3,k100_l5,3300,1.8943170488534398,1.4124293785310735,2.376204719175806,2
medium,pr299_gen2_m3,k100_l5,3350,1.8943170488534398,1.4124293785310735,2.376204719175806,2
medium,pr299_gen2_m3,k100_l5,3400,1.8943170488534398,1.4124293785310735,2.376204719175806,2
medium,pr299_gen2_m3,k100_l5,3450,1.8943170488534398,1.4124293785310735,2.376204719175806,2
medium,pr299_gen2_m3,k100_l5,3500,1.8943170488534398,1.4124293785310735,2.376204719175806,2
medium,pr299_gen2_m3,k100_l5,3550,1.8943170488534398,1.4124293785310735,2.376204719175806,2
medium,pr299_gen2_m3,k100_l5,3600,1.8943170488534398,1.4124293785310735,2.376204719175806,2
medium,pr299_gen2_m3,k100_l5,3650,1.8943170488534398,1.4124293785310735,2.376204719175806,2
medium,pr299_gen2_m3,k100_l5,3700,1.8943170488534398,1.4124293785310735,2.376204719175806,2
medium,pr299_gen2_m3,k100_l5,3750,1.8943170488534398,1.4124293785310735,2.376204719175806,2
medium,pr299_gen2_m3,k100_l5,3800,1.8943170488534398,1.4124293785310735,2.376204719175806,2
medium,pr299_gen2_m3,k100_l5,3850,1.8943170488534398,1.4124293785310735,2.376204719175806,2
medium,pr299_gen2_m3,k100_l5,3900,1.8943170488534398,1.4124293785310735,2.376204719175806,2
medium,pr299_gen2_m3,k100_l5,3950,1.8943170488534398,1.4124293785310735,2.376204719175806,2
medium,pr299_gen2_m3,k100_l5,4000,1.8943170488534398,1.4124293785310735,2.376204719175806,2
medium,pr299_gen2_m3,k100_l5,4050,1.8943170488534398,1.4124293785310735,2.376204719175806,2
medium,pr299_gen2_m3,k100_l5,4100,1.8943170488534398,1.4124293785310735,2.376204719175806,2
medium,pr299_gen2_m3,k100_l5,4150,1.8943170488534398,1.4124293785310735,2.376204719175806,2
medium,pr299_gen2_m3,k100_l5,4200,1.8943170488534398,1.4124293785310735,2.376204719175806,2
medium,pr299_gen2_m3,k100_l5,4250,1.8943170488534398,1.4124293785310735,2.376204719175806,2
medium,pr299_gen2_m3,k100_l5,4300,1.8943170488534398,1.4124293785310735,2.376204719175806,2
medium,pr299_gen2_m3,k100_l5,4350,1.8943170488534398,1.4124293785310735,2.376204719175806,2
medium,pr299_gen2_m3,k100_l5,4400,1.8943170488534398,1.4124293785310735,2.376204719175806,2
medium,pr299_gen2_m3,k100_l5,4450,1.8943170488534398,1.4124293785310735,2.376204719175806,2
medium,pr299_gen2_m3,k100_l5,4500,1.8943170488534398,1.4124293785310735,2.376204719175806,2
medium,pr299_gen2_m3,k100_l5,4550,1.8943170488534398,1.4124293785310735,2.376204719175806,2
medium,pr299_gen2_m3,k100_l5,4600,1.8943170488534398,1.4124293785310735,2.376204719175806,2
medium,pr299_gen2_m3,k100_l5,4650,1.8943170488534398,1.4124293785310735,2.376204719175806,2
medium,pr299_gen2_m3,k100_l5,4700,1.8943170488534398,1.4124293785310735,2.376204719175806,2
medium,pr299_gen2_m3,k100_l5,4750,1.8943170488534398,1.4124293785310735,2.376204719175806,2
medium,pr299_gen2_m3,k100_l5,4800,1.8943170488534398,1.4124293785310735,2.376204719175806,2
medium,pr299_gen2_m3,k100_l5,4850,1.8943170488534398,1.4124293785310735,2.376204719175806,2
medium,pr299_gen2_m3,k100_l5,4900,1.8943170488534398,1.4124293785310735,2.376204719175806,2
medium,pr299_gen2_m3,k100_l5,4950,1.8943170488534398,1.4124293785310735,2.376204719175806,2
medium,pr299_gen2_m3,k100_l5,5000,1.8943170488534398,1.4124293785310735,2.376204719175806,2
medium,pr299_gen2_m3,k100_linf,0,17.863077434363575,17.863077434363575,17.863077434363575,2
medium,pr299_gen2_m3,k100_linf,50,5.4336989032901295,4.769026254569624,6.098371552010635,2
medium,pr299_gen2_m3,k100_linf,100,3.688933200398804,2.4925224327018944,4.885343968095713,2
medium,pr299_gen2_m3,k100_linf,150,2.924559654370223,2.4925224327018944,3.356596876038551,2
medium,pr299_gen2_m3,k100_linf,200,2.9162512462612167,2.4925224327018944,3.3399800598205385,2
medium,pr299_gen2_m3,k100_linf,250,2.9162512462612167,2.4925224327018944,3.3399800598205385,2
medium,pr299_gen2_m3,k100_linf,300,2.9162512462612167,2.4925224327018944,3.3399800598205385,2
medium,pr299_gen2_m3,k100_linf,350,2.8913260219341974,2.4426719840478563,3.3399800598205385,2
medium,pr299_gen2_m3,k100_linf,400,2.8830176138251913,2.426055167829844,3.3399800598205385,2
medium,pr299_gen2_m3,k100_linf,450,2.8830176138251913,2.426055167829844,3.3399800598205385,2
medium,pr299_gen2_m3,k100_linf,500,2.8830176138251913,2.426055167829844,3.3399800598205385,2
medium,pr299_gen2_m3,k100_linf,550,2.8830176138251913,2.426055167829844,3.3399800598205385,2
medium,pr299_gen2_m3,k100_linf,600,2.8830176138251913,2.426055167829844,3.3399800598205385,2
medium,pr299_gen2_m3,k100_linf,650,2.8830176138251913,2.426055167829844,3.3399800598205385,2
medium,pr299_gen2_m3,k100_linf,700,2.8830176138251913,2.426055167829844,3.3399800598205385,2
medium,pr299_gen2_m3,k100_linf,750,2.8830176138251913,2.426055167829844,3.3399800598205385,2
medium,pr299_gen2_m3,k100_linf,800,2.8830176138251913,2.426055167829844,3.3399800598205385,2
medium,pr299_gen2_m3,k100_linf,850,2.8830176138251913,2.426055167829844,3.3399800598205385,2
medium,pr299_gen2_m3,k100_linf,900,2.8830176138251913,2.426055167829844,3.3399800598205385,2
medium,pr299_gen2_m3,k100_linf,950,2.8830176138251913,2.426055167829844,3.3399800598205385,2
medium,pr299_gen2_m3,k100_linf,1000,2.8830176138251913,2.426055167829844,3.3399800598205385,2
medium,pr299_gen2_m3,k100_linf,1050,2.8830176138251913,2.426055167829844,3.3399800598205385,2
medium,pr299_gen2_m3,k100_linf,1100,2.8830176138251913,2.426055167829844,3.3399800598205385,2
medium,pr299_gen2_m3,k100_linf,1150,2.849783981389166,2.426055167829844,3.273512794948488,2
medium,pr299_gen2_m3,k100_linf,1200,2.849783981389166,2.426055167829844,3.273512794948488,2
medium,pr299_gen2_m3,k100_linf,1250,2.849783981389166,2.426055167829844,3.273512794948488,2
medium,pr299_gen2_m3,k100_linf,1300,2.849783981389166,2.426055167829844,3.273512794948488,2
medium,pr299_gen2_m3,k100_linf,1350,2.849783981389166,2.426055167829844,3.273512794948488,2
medium,pr299_gen2_m3,k100_linf,1400,2.849783981389166,2.426055167829844,3.273512794948488,2
medium,pr299_gen2_m3,k100_linf,1450,2.849783981389166,2.426055167829844,3.273512794948488,2
medium,pr299_gen2_m3,k100_linf,1500,2.849783981389166,2.426055167829844,3.273512794948488,2
medium,pr299_gen2_m3,k100_linf,1550,2.849783981389166,2.426055167829844,3.273512794948488,2
medium,pr299_gen2_m3,k100_linf,1600,2.849783981389166,2.426055167829844,3.273512794948488,2
medium,pr299_gen2_m3,k100_linf,1650,2.849783981389166,2.426055167829844,3.273512794948488,2
medium,pr299_gen2_m3,k100_linf,1700,2.849783981389166,2.426055167829844,3.273512794948488,2
medium,pr299_gen2_m3,k100_linf,1750,2.849783981389166,2.426055167829844,3.273512794948488,2
medium,pr299_gen2_m3,k100_linf,1800,2.849783981389166,2.426055167829844,3.273512794948488,2
medium,pr299_gen2_m3,k100_linf,1850,2.849783981389166,2.426055167829844,3.273512794948488,2
medium,pr299_gen2_m3,k100_linf,1900,2.849783981389166,2.426055167829844,3.273512794948488,2
medium,pr299_gen2_m3,k100_linf,1950,2.849783981389166,2.426055167829844,3.273512794948488,2
medium,pr299_gen2_m3,k100_linf,2000,2.849783981389166,2.426055167829844,3.273512794948488,2
medium,pr299_gen2_m3,k100_linf,2050,2.849783981389166,2.426055167829844,3.273512794948488,2
medium,pr299_gen2_m3,k100_linf,2100,2.849783981389166,2.426055167829844,3.273512794948488,2
medium,pr299_gen2_m3,k100_linf,2150,2.849783981389166,2.426055167829844,3.273512794948488,2
medium,pr299_gen2_m3,k100_linf,2200,2.849783981389166,2.426055167829844,3.273512794948488,2
medium,pr299_gen2_m3,k100_linf,2250,2.849783981389166,2.426055167829844,3.273512794948488,2
medium,pr299_gen2_m3,k100_linf,2300,2.849783981389166,2.426055167829844,3.273512794948488,2
medium,pr299_gen2_m3,k100_linf,2350,2.849783981389166,2.426055167829844,3.273512794948488,2
medium,pr299_gen2_m3,k100_linf,2400,2.849783981389166,2.426055167829844,3.273512794948488,2
medium,pr299_gen2_m3,k100_linf,2450,2.849783981389166,2.426055167829844,3.273512794948488,2
medium,pr299_gen2_m3,k100_linf,2500,2.849783981389166,2.426055167829844,3.273512794948488,2
medium,pr299_gen2_m3,k100_linf,2550,2.849783981389166,2.426055167829844,3.273512794948488,2
medium,pr299_gen2_m3,k100_linf,2600,2.824858757062147,2.376204719175806,3.273512794948488,2
medium,pr299_gen2_m3,k100_linf,2650,2.824858757062147,2.376204719175806,3.273512794948488,2
medium,pr299_gen2_m3,k100_linf,2700,2.824858757062147,2.376204719175806,3.273512794948488,2
medium,pr299_gen2_m3,k100_linf,2750,2.824858757062147,2.376204719175806,3.273512794948488,2
medium,pr299_gen2_m3,k100_linf,2800,2.824858757062147,2.376204719175806,3.273512794948488,2
medium,pr299_gen2_m3,k100_linf,2850,2.824858757062147,2.376204719175806,3.273512794948488,2
medium,pr299_gen2_m3,k100_linf,2900,2.824858757062147,2.376204719175806,3.273512794948488,2
medium,pr299_gen2_m3,k100_linf,2950,2.824858757062147,2.376204719175806,3.273512794948488,2
medium,pr299_gen2_m3,k100_linf,3000,2.824858757062147,2.376204719175806,3.273512794948488,2
medium,pr299_gen2_m3,k100_linf,3050,2.824858757062147,2.376204719175806,3.273512794948488,2
medium,pr299_gen2_m3,k100_linf,3100,2.824858757062147,2.376204719175806,3.273512794948488,2
medium,pr299_gen2_m3,k100_linf,3150,2.824858757062147,2.376204719175806,3.273512794948488,2
medium,pr299_gen2_m3,k100_linf,3200,2.824858757062147,2.376204719175806,3.273512794948488,2
medium,pr299_gen2_m3,k100_linf,3250,2.824858757062147,2.376204719175806,3.273512794948488,2
medium,pr299_gen2_m3,k100_linf,3300,2.824858757062147,2.376204719175806,3.273512794948488,2
medium,pr299_gen2_m3,k100_linf,3350,2.824858757062147,2.376204719175806,3.273512794948488,2
medium,pr299_gen2_m3,k100_linf,3400,2.824858757062147,2.376204719175806,3.273512794948488,2
medium,pr299_gen2_m3,k100_linf,3450,2.824858757062147,2.376204719175806,3.273512794948488,2
medium,pr299_gen2_m3,k100_linf,3500,2.824858757062147,2.376204719175806,3.273512794948488,2
medium,pr299_gen2_m3,k100_linf,3550,2.824858757062147,2.376204719175806,3.273512794948488,2
medium,pr299_gen2_m3,k100_linf,3600,2.824858757062147,2.376204719175806,3.273512794948488,2
medium,pr299_gen2_m3,k100_linf,3650,2.824858757062147,2.376204719175806,3.273512794948488,2
medium,pr299_gen2_m3,k100_linf,3700,2.824858757062147,2.376204719175806,3.273512794948488,2
medium,pr299_gen2_m3,k100_linf,3750,2.824858757062147,2.376204719175806,3.273512794948488,2
medium,pr299_gen2_m3,k100_linf,3800,2.824858757062147,2.376204719175806,3.273512794948488,2
medium,pr299_gen2_m3,k100_linf,3850,2.824858757062147,2.376204719175806,3.273512794948488,2
medium,pr299_gen2_m3,k100_linf,3900,2.824858757062147,2.376204719175806,3.273512794948488,2
medium,pr299_gen2_m3,k100_linf,3950,2.824858757062147,2.376204719175806,3.273512794948488,2
medium,pr299_gen2_m3,k100_linf,4000,2.824858757062147,2.376204719175806,3.273512794948488,2
medium,pr299_gen2_m3,k100_linf,4050,2.824858757062147,2.376204719175806,3.273512794948488,2
medium,pr299_gen2_m3,k100_linf,4100,2.824858757062147,2.376204719175806,3.273512794948488,2
medium,pr299_gen2_m3,k100_linf,4150,2.824858757062147,2.376204719175806,3.273512794948488,2
medium,pr299_gen2_m3,k100_linf,4200,2.824858757062147,2.376204719175806,3.273512794948488,2
medium,pr299_gen2_m3,k100_linf,4250,2.824858757062147,2.376204719175806,3.273512794948488,2
medium,pr299_gen2_m3,k100_linf,4300,2.824858757062147,2.376204719175806,3.273512794948488,2
medium,pr299_gen2_m3,k100_linf,4350,2.824858757062147,2.376204719175806,3.273512794948488,2
medium,pr299_gen2_m3,k100_linf,4400,2.824858757062147,2.376204719175806,3.273512794948488,2
medium,pr299_gen2_m3,k100_linf,4450,2.824858757062147,2.376204719175806,3.273512794948488,2
medium,pr299_gen2_m3,k100_linf,4500,2.824858757062147,2.376204719175806,3.273512794948488,2
medium,pr299_gen2_m3,k100_linf,4550,2.824858757062147,2.376204719175806,3.273512794948488,2
medium,pr299_gen2_m3,k100_linf,4600,2.824858757062147,2.376204719175806,3.273512794948488,2
medium,pr299_gen2_m3,k100_linf,4650,2.824858757062147,2.376204719175806,3.273512794948488,2
medium,pr299_gen2_m3,k100_linf,4700,2.824858757062147,2.376204719175806,3.273512794948488,2
medium,pr299_gen2_m3,k100_linf,4750,2.824858757062147,2.376204719175806,3.273512794948488,2
medium,pr299_gen2_m3,k100_linf,4800,2.824858757062147,2.376204719175806,3.273512794948488,2
medium,pr299_gen2_m3,k100_linf,4850,2.824858757062147,2.376204719175806,3.273512794948488,2
medium,pr299_gen2_m3,k100_linf,4900,2.824858757062147,2.376204719175806,3.273512794948488,2
medium,pr299_gen2_m3,k100_linf,4950,2.824858757062147,2.376204719175806,3.273512794948488,2
medium,pr299_gen2_m3,k100_linf,5000,2.824858757062147,2.376204719175806,3.273512794948488,2
medium,pr299_gen2_m3,k20_l1,0,17.863077434363575,17.863077434363575,17.863077434363575,2
medium,pr299_gen2_m3,k20_l1,50,10.90893984712529,10.900631439016284,10.917248255234297,2
medium,pr299_gen2_m3,k20_l1,100,7.128614157527417,4.48654037886341,9.770687936191424,2
medium,pr299_gen2_m3,k20_l1,150,6.081754735792622,4.48654037886341,7.676969092721834,2
medium,pr299_gen2_m3,k20_l1,200,5.616483881688269,3.5559986706547027,7.676969092721834,2
medium,pr299_gen2_m3,k20_l1,250,5.284147557328016,3.489531405782652,7.07876370887338,2
medium,pr299_gen2_m3,k20_l1,300,4.9933532735127955,2.90794283815221,7.07876370887338,2
medium,pr299_gen2_m3,k20_l1,350,4.9518112329677635,2.824858757062147,7.07876370887338,2
medium,pr299_gen2_m3,k20_l1,400,4.636091724825524,2.4426719840478563,6.829511465603191,2
medium,pr299_gen2_m3,k20_l1,450,4.636091724825524,2.4426719840478563,6.829511465603191,2
medium,pr299_gen2_m3,k20_l1,500,4.636091724825524,2.4426719840478563,6.829511465603191,2
medium,pr299_gen2_m3,k20_l1,550,4.627783316716517,2.426055167829844,6.829511465603191,2
medium,pr299_gen2_m3,k20_l1,600,4.627783316716517,2.426055167829844,6.829511465603191,2
medium,pr299_gen2_m3,k20_l1,650,4.627783316716517,2.426055167829844,6.829511465603191,2
medium,pr299_gen2_m3,k20_l1,700,4.577932868062479,2.426055167829844,6.729810568295115,2
medium,pr299_gen2_m3,k20_l1,750,4.577932868062479,2.426055167829844,6.729810568295115,2
medium,pr299_gen2_m3,k20_l1,800,4.577932868062479,2.426055167829844,6.729810568295115,2
medium,pr299_gen2_m3,k20_l1,850,4.577932868062479,2.426055167829844,6.729810568295115,2
medium,pr299_gen2_m3,k20_l1,900,4.577932868062479,2.426055167829844,6.729810568295115,2
medium,pr299_gen2_m3,k20_l1,950,4.577932868062479,2.426055167829844,6.729810568295115,2
medium,pr299_gen2_m3,k20_l1,1000,4.577932868062479,2.426055167829844,6.729810568295115,2
medium,pr299_gen2_m3,k20_l1,1050,4.577932868062479,2.426055167829844,6.729810568295115,2
medium,pr299_gen2_m3,k20_l1,1100,4.577932868062479,2.426055167829844,6.729810568295115,2
medium,pr299_gen2_m3,k20_l1,1150,4.577932868062479,2.426055167829844,6.729810568295115,2
medium,pr299_gen2_m3,k20_l1,1200,4.577932868062479,2.426055167829844,6.729810568295115,2
medium,pr299_gen2_m3,k20_l1,1250,4.577932868062479,2.426055167829844,6.729810568295115,2
medium,pr299_gen2_m3,k20_l1,1300,4.577932868062479,2.426055167829844,6.729810568295115,2
medium,pr299_gen2_m3,k20_l1,1350,4.577932868062479,2.426055167829844,6.729810568295115,2
medium,pr299_gen2_m3,k20_l1,1400,4.577932868062479,2.426055167829844,6.729810568295115,2
medium,pr299_gen2_m3,k20_l1,1450,4.577932868062479,2.426055167829844,6.729810568295115,2
medium,pr299_gen2_m3,k20_l1,1500,4.577932868062479,2.426055167829844,6.729810568295115,2
medium,pr299_gen2_m3,k20_l1,1550,4.577932868062479,2.426055167829844,6.729810568295115,2
medium,pr299_gen2_m3,k20_l1,1600,4.577932868062479,2.426055167829844,6.729810568295115,2
medium,pr299_gen2_m3,k20_l1,1650,4.577932868062479,2.426055167829844,6.729810568295115,2
medium,pr299_gen2_m3,k20_l1,1700,4.577932868062479,2.426055167829844,6.729810568295115,2
medium,pr299_gen2_m3,k20_l1,1750,4.577932868062479,2.426055167829844,6.729810568295115,2
medium,pr299_gen2_m3,k20_l1,1800,4.577932868062479,2.426055167829844,6.729810568295115,2
medium,pr299_gen2_m3,k20_l1,1850,4.577932868062479,2.426055167829844,6.729810568295115,2
medium,pr299_gen2_m3,k20_l1,1900,4.577932868062479,2.426055167829844,6.729810568295115,2
medium,pr299_gen2_m3,k20_l1,1950,4.577932868062479,2.426055167829844,6.729810568295115,2
medium,pr299_gen2_m3,k20_l1,2000,4.577932868062479,2.426055167829844,6.729810568295115,2
medium,pr299_gen2_m3,k20_l1,2050,4.170820870721171,2.426055167829844,5.915586573612496,2
medium,pr299_gen2_m3,k20_l1,2100,4.170820870721171,2.426055167829844,5.915586573612496,2
medium,pr299_gen2_m3,k20_l1,2150,4.170820870721171,2.426055167829844,5.915586573612496,2
medium,pr299_gen2_m3,k20_l1,2200,4.170820870721171,2.426055167829844,5.915586573612496,2
medium,pr299_gen2_m3,k20_l1,2250,4.170820870721171,2.426055167829844,5.915586573612496,2
medium,pr299_gen2_m3,k20_l1,2300,4.170820870721171,2.426055167829844,5.915586573612496,2
medium,pr299_gen2_m3,k20_l1,2350,4.170820870721171,2.426055167829844,5.915586573612496,2
medium,pr299_gen2_m3,k20_l1,2400,4.170820870721171,2.426055167829844,5.915586573612496,2
medium,pr299_gen2_m3,k20_l1,2450,4.170820870721171,2.426055167829844,5.915586573612496,2
medium,pr299_gen2_m3,k20_l1,2500,4.170820870721171,2.426055167829844,5.915586573612496,2
medium,pr299_gen2_m3,k20_l1,2550,4.170820870721171,2.426055167829844,5.915586573612496,2
medium,pr299_gen2_m3,k20_l1,2600,4.170820870721171,2.426055167829844,5.915586573612496,2
medium,pr299_gen2_m3,k20_l1,2650,4.170820870721171,2.426055167829844,5.915586573612496,2
medium,pr299_gen2_m3,k20_l1,2700,4.01296111665005,2.426055167829844,5.599867065470256,2
medium,pr299_gen2_m3,k20_l1,2750,4.01296111665005,2.426055167829844,5.599867065470256,2
medium,pr299_gen2_m3,k20_l1,2800,3.9381854436689934,2.426055167829844,5.450315719508143,2
medium,pr299_gen2_m3,k20_l1,2850,3.9215686274509807,2.426055167829844,5.417082087072117,2
medium,pr299_gen2_m3,k20_l1,2900,3.5809238949817215,2.426055167829844,4.735792622133599,2
medium,pr299_gen2_m3,k20_l1,2950,3.5809238949817215,2.426055167829844,4.735792622133599,2
medium,pr299_gen2_m3,k20_l1,3000,3.5809238949817215,2.426055167829844,4.735792622133599,2
medium,pr299_gen2_m3,k20_l1,3050,3.3649052841475577,2.426055167829844,4.303755400465271,2
medium,pr299_gen2_m3,k20_l1,3100,3.3649052841475577,2.426055167829844,4.303755400465271,2
medium,pr299_gen2_m3,k20_l1,3150,3.3649052841475577,2.426055167829844,4.303755400465271,2
medium,pr299_gen2_m3,k20_l1,3200,3.3649052841475577,2.426055167829844,4.303755400465271,2
medium,pr299_gen2_m3,k20_l1,3250,3.3649052841475577,2.426055167829844,4.303755400465271,2
medium,pr299_gen2_m3,k20_l1,3300,3.3649052841475577,2.426055167829844,4.303755400465271,2
medium,pr299_gen2_m3,k20_l1,3350,3.3649052841475577,2.426055167829844,4.303755400465271,2
medium,pr299_gen2_m3,k20_l1,3400,3.3649052841475577,2.426055167829844,4.303755400465271,2
medium,pr299_gen2_m3,k20_l1,3450,3.3649052841475577,2.426055167829844,4.303755400465271,2
medium,pr299_gen2_m3,k20_l1,3500,3.3649052841475577,2.426055167829844,4.303755400465271,2
medium,pr299_gen2_m3,k20_l1,3550,3.3649052841475577,2.426055167829844,4.303755400465271,2
medium,pr299_gen2_m3,k20_l1,3600,3.3649052841475577,2.426055167829844,4.303755400465271,2
medium,pr299_gen2_m3,k20_l1,3650,3.3649052841475577,2.426055167829844,4.303755400465271,2
medium,pr299_gen2_m3,k20_l1,3700,3.3649052841475577,2.426055167829844,4.303755400465271,2
medium,pr299_gen2_m3,k20_l1,3750,3.3649052841475577,2.426055167829844,4.303755400465271,2
medium,pr299_gen2_m3,k20_l1,3800,3.3649052841475577,2.426055167829844,4.303755400465271,2
medium,pr299_gen2_m3,k20_l1,3850,3.3649052841475577,2.426055167829844,4.303755400465271,2
medium,pr299_gen2_m3,k20_l1,3900,3.3649052841475577,2.426055167829844,4.303755400465271,2
medium,pr299_gen2_m3,k20_l1,3950,3.3649052841475577,2.426055167829844,4.303755400465271,2
medium,pr299_gen2_m3,k20_l1,4000,3.3649052841475577,2.426055167829844,4.303755400465271,2
medium,pr299_gen2_m3,k20_l1,4050,3.3649052841475577,2.426055167829844,4.303755400465271,2
medium,pr299_gen2_m3,k20_l1,4100,3.3649052841475577,2.426055167829844,4.303755400465271,2
medium,pr299_gen2_m3,k20_l1,4150,3.3649052841475577,2.426055167829844,4.303755400465271,2
medium,pr299_gen2_m3,k20_l1,4200,3.3649052841475577,2.426055167829844,4.303755400465271,2
medium,pr299_gen2_m3,k20_l1,4250,3.3649052841475577,2.426055167829844,4.303755400465271,2
medium,pr299_gen2_m3,k20_l1,4300,3.3649052841475577,2.426055167829844,4.303755400465271,2
medium,pr299_gen2_m3,k20_l1,4350,3.3649052841475577,2.426055167829844,4.303755400465271,2
medium,pr299_gen2_m3,k20_l1,4400,3.3649052841475577,2.426055167829844,4.303755400465271,2
medium,pr299_gen2_m3,k20_l1,4450,3.3649052841475577,2.426055167829844,4.303755400465271,2
medium,pr299_gen2_m3,k20_l1,4500,3.3649052841475577,2.426055167829844,4.303755400465271,2
medium,pr299_gen2_m3,k20_l1,4550,3.3649052841475577,2.426055167829844,4.303755400465271,2
medium,pr299_gen2_m3,k20_l1,4600,3.3649052841475577,2.426055167829844,4.303755400465271,2
medium,pr299_gen2_m3,k20_l1,4650,3.3649052841475577,2.426055167829844,4.303755400465271,2
medium,pr299_gen2_m3,k20_l1,4700,3.3649052841475577,2.426055167829844,4.303755400465271,2
medium,pr299_gen2_m3,k20_l1,4750,3.3649052841475577,2.426055167829844,4.303755400465271,2
medium,pr299_gen2_m3,k20_l1,4800,3.3649052841475577,2.426055167829844,4.303755400465271,2
medium,pr299_gen2_m3,k20_l1,4850,3.3649052841475577,2.426055167829844,4.303755400465271,2
medium,pr299_gen2_m3,k20_l1,4900,3.3649052841475577,2.426055167829844,4.303755400465271,2
medium,pr299_gen2_m3,k20_l1,4950,3.3399800598205385,2.376204719175806,4.303755400465271,2
medium,pr299_gen2_m3,k20_l1,5000,3.3399800598205385,2.376204719175806,4.303755400465271,2
medium,pr299_gen2_m3,k6_l1,0,17.863077434363575,17.863077434363575,17.863077434363575,2
medium,pr299_gen2_m3,k6_l1,50,9.014622798271851,8.275174476570289,9.754071119973412,2
medium,pr299_gen2_m3,k6_l1,100,6.231306081754735,4.187437686939182,8.275174476570289,2
medium,pr299_gen2_m3,k6_l1,150,6.006979062811565,3.85510136257893,8.1588567630442,2
medium,pr299_gen2_m3,k6_l1,200,4.64440013293453,3.7387836490528414,5.550016616816218,2
medium,pr299_gen2_m3,k6_l1,250,3.913260219341974,3.53938185443669,4.287138584247258,2
medium,pr299_gen2_m3,k6_l1,300,3.6058491193087407,3.53938185443669,3.672316384180791,2
medium,pr299_gen2_m3,k6_l1,350,3.6058491193087407,3.53938185443669,3.672316384180791,2
medium,pr299_gen2_m3,k6_l1,400,3.6058491193087407,3.53938185443669,3.672316384180791,2
medium,pr299_gen2_m3,k6_l1,450,3.6058491193087407,3.53938185443669,3.672316384180791,2
medium,pr299_gen2_m3,k6_l1,500,3.6058491193087407,3.53938185443669,3.672316384180791,2
medium,pr299_gen2_m3,k6_l1,550,3.389830508474576,3.2402791625124627,3.53938185443669,2
medium,pr299_gen2_m3,k6_l1,600,3.331671651711532,3.1239614489863743,3.53938185443669,2
medium,pr299_gen2_m3,k6_l1,650,3.331671651711532,3.1239614489863743,3.53938185443669,2
medium,pr299_gen2_m3,k6_l1,700,3.331671651711532,3.1239614489863743,3.53938185443669,2
medium,pr299_gen2_m3,k6_l1,750,3.1821203057494185,2.824858757062147,3.53938185443669,2
medium,pr299_gen2_m3,k6_l1,800,3.1821203057494185,2.824858757062147,3.53938185443669,2
medium,pr299_gen2_m3,k6_l1,850,3.1821203057494185,2.824858757062147,3.53938185443669,2
medium,pr299_gen2_m3,k6_l1,900,3.1821203057494185,2.824858757062147,3.53938185443669,2
medium,pr299_gen2_m3,k6_l1,950,3.1821203057494185,2.824858757062147,3.53938185443669,2
medium,pr299_gen2_m3,k6_l1,1000,3.1821203057494185,2.824858757062147,3.53938185443669,2
medium,pr299_gen2_m3,k6_l1,1050,3.1821203057494185,2.824858757062147,3.53938185443669,2
medium,pr299_gen2_m3,k6_l1,1100,3.1821203057494185,2.824858757062147,3.53938185443669,2
medium,pr299_gen2_m3,k6_l1,1150,3.1821203057494185,2.824858757062147,3.53938185443669,2
medium,pr299_gen2_m3,k6_l1,1200,3.1821203057494185,2.824858757062147,3.53938185443669,2
medium,pr299_gen2_m3,k6_l1,1250,3.1821203057494185,2.824858757062147,3.53938185443669,2
medium,pr299_gen2_m3,k6_l1,1300,3.1821203057494185,2.824858757062147,3.53938185443669,2
medium,pr299_gen2_m3,k6_l1,1350,3.1821203057494185,2.824858757062147,3.53938185443669,2
medium,pr299_gen2_m3,k6_l1,1400,3.1821203057494185,2.824858757062147,3.53938185443669,2
medium,pr299_gen2_m3,k6_l1,1450,3.1821203057494185,2.824858757062147,3.53938185443669,2
medium,pr299_gen2_m3,k6_l1,1500,3.1821203057494185,2.824858757062147,3.53938185443669,2
medium,pr299_gen2_m3,k6_l1,1550,3.1821203057494185,2.824858757062147,3.53938185443669,2
medium,pr299_gen2_m3,k6_l1,1600,3.074111000332336,2.608840146227983,3.53938185443669,2
medium,pr299_gen2_m3,k6_l1,1650,2.991026919242273,2.4426719840478563,3.53938185443669,2
medium,pr299_gen2_m3,k6_l1,1700,2.991026919242273,2.4426719840478563,3.53938185443669,2
medium,pr299_gen2_m3,k6_l1,1750,2.991026919242273,2.4426719840478563,3.53938185443669,2
medium,pr299_gen2_m3,k6_l1,1800,2.991026919242273,2.4426719840478563,3.53938185443669,2
medium,pr299_gen2_m3,k6_l1,1850,2.8580923894981725,2.4426719840478563,3.273512794948488,2
medium,pr299_gen2_m3,k6_l1,1900,2.8580923894981725,2.4426719840478563,3.273512794948488,2
medium,pr299_gen2_m3,k6_l1,1950,2.2100365569956795,1.9774011299435028,2.4426719840478563,2
medium,pr299_gen2_m3,k6_l1,2000,2.2100365569956795,1.9774011299435028,2.4426719840478563,2
medium,pr299_gen2_m3,k6_l1,2050,2.2100365569956795,1.9774011299435028,2.4426719840478563,2
medium,pr299_gen2_m3,k6_l1,2100,2.2100365569956795,1.9774011299435028,2.4426719840478563,2
medium,pr299_gen2_m3,k6_l1,2150,2.2100365569956795,1.9774011299435028,2.4426719840478563,2
medium,pr299_gen2_m3,k6_l1,2200,2.2100365569956795,1.9774011299435028,2.4426719840478563,2
medium,pr299_gen2_m3,k6_l1,2250,2.2100365569956795,1.9774011299435028,2.4426719840478563,2
medium,pr299_gen2_m3,k6_l1,2300,2.11864406779661,1.7946161515453638,2.4426719840478563,2
medium,pr299_gen2_m3,k6_l1,2350,2.11864406779661,1.7946161515453638,2.4426719840478563,2
medium,pr299_gen2_m3,k6_l1,2400,2.11864406779661,1.7946161515453638,2.4426719840478563,2
medium,pr299_gen2_m3,k6_l1,2450,2.11864406779661,1.7946161515453638,2.4426719840478563,2
medium,pr299_gen2_m3,k6_l1,2500,2.11864406779661,1.7946161515453638,2.4426719840478563,2
medium,pr299_gen2_m3,k6_l1,2550,2.11864406779661,1.7946161515453638,2.4426719840478563,2
medium,pr299_gen2_m3,k6_l1,2600,2.11864406779661,1.7946161515453638,2.4426719840478563,2
medium,pr299_gen2_m3,k6_l1,2650,2.11864406779661,1.7946161515453638,2.4426719840478563,2
medium,pr299_gen2_m3,k6_l1,2700,2.11864406779661,1.7946161515453638,2.4426719840478563,2
medium,pr299_gen2_m3,k6_l1,2750,2.11864406779661,1.7946161515453638,2.4426719840478563,2
medium,pr299_gen2_m3,k6_l1,2800,2.11864406779661,1.7946161515453638,2.4426719840478563,2
medium,pr299_gen2_m3,k6_l1,2850,2.11864406779661,1.7946161515453638,2.4426719840478563,2
medium,pr299_gen2_m3,k6_l1,2900,2.11864406779661,1.7946161515453638,2.4426719840478563,2
medium,pr299_gen2_m3,k6_l1,2950,2.11864406779661,1.7946161515453638,2.4426719840478563,2
medium,pr299_gen2_m3,k6_l1,3000,2.11864406779661,1.7946161515453638,2.4426719840478563,2
medium,pr299_gen2_m3,k6_l1,3050,2.11864406779661,1.7946161515453638,2.4426719840478563,2
medium,pr299_gen2_m3,k6_l1,3100,2.11864406779661,1.7946161515453638,2.4426719840478563,2
medium,pr299_gen2_m3,k6_l1,3150,2.11864406779661,1.7946161515453638,2.4426719840478563,2
medium,pr299_gen2_m3,k6_l1,3200,2.11864406779661,1.7946161515453638,2.4426719840478563,2
medium,pr299_gen2_m3,k6_l1,3250,2.11864406779661,1.7946161515453638,2.4426719840478563,2
medium,pr299_gen2_m3,k6_l1,3300,2.11864406779661,1.7946161515453638,2.4426719840478563,2
medium,pr299_gen2_m3,k6_l1,3350,2.11864406779661,1.7946161515453638,2.4426719840478563,2
medium,pr299_gen2_m3,k6_l1,3400,2.11864406779661,1.7946161515453638,2.4426719840478563,2
medium,pr299_gen2_m3,k6_l1,3450,2.11864406779661,1.7946161515453638,2.4426719840478563,2
medium,pr299_gen2_m3,k6_l1,3500,2.11864406779661,1.7946161515453638,2.4426719840478563,2
medium,pr299_gen2_m3,k6_l1,3550,2.11864406779661,1.7946161515453638,2.4426719840478563,2
medium,pr299_gen2_m3,k6_l1,3600,2.11864406779661,1.7946161515453638,2.4426719840478563,2
medium,pr299_gen2_m3,k6_l1,3650,2.11864406779661,1.7946161515453638,2.4426719840478563,2
medium,pr299_gen2_m3,k6_l1,3700,2.11864406779661,1.7946161515453638,2.4426719840478563,2
medium,pr299_gen2_m3,k6_l1,3750,2.11864406779661,1.7946161515453638,2.4426719840478563,2
medium,pr299_gen2_m3,k6_l1,3800,2.11864406779661,1.7946161515453638,2.4426719840478563,2
medium,pr299_gen2_m3,k6_l1,3850,2.11864406779661,1.7946161515453638,2.4426719840478563,2
medium,pr299_gen2_m3,k6_l1,3900,2.11864406779661,1.7946161515453638,2.4426719840478563,2
medium,pr299_gen2_m3,k6_l1,3950,2.11864406779661,1.7946161515453638,2.4426719840478563,2
medium,pr299_gen2_m3,k6_l1,4000,2.11864406779661,1.7946161515453638,2.4426719840478563,2
medium,pr299_gen2_m3,k6_l1,4050,2.11864406779661,1.7946161515453638,2.4426719840478563,2
medium,pr299_gen2_m3,k6_l1,4100,2.11864406779661,1.7946161515453638,2.4426719840478563,2
medium,pr299_gen2_m3,k6_l1,4150,2.11864406779661,1.7946161515453638,2.4426719840478563,2
medium,pr299_gen2_m3,k6_l1,4200,2.11864406779661,1.7946161515453638,2.4426719840478563,2
medium,pr299_gen2_m3,k6_l1,4250,2.11864406779661,1.7946161515453638,2.4426719840478563,2
medium,pr299_gen2_m3,k6_l1,4300,2.11864406779661,1.7946161515453638,2.4426719840478563,2
medium,pr299_gen2_m3,k6_l1,4350,2.11864406779661,1.7946161515453638,2.4426719840478563,2
medium,pr299_gen2_m3,k6_l1,4400,2.11864406779661,1.7946161515453638,2.4426719840478563,2
medium,pr299_gen2_m3,k6_l1,4450,2.010634762379528,1.5785975407111998,2.4426719840478563,2
medium,pr299_gen2_m3,k6_l1,4500,1.927550681289465,1.4124293785310735,2.4426719840478563,2
medium,pr299_gen2_m3,k6_l1,4550,1.927550681289465,1.4124293785310735,2.4426719840478563,2
medium,pr299_gen2_m3,k6_l1,4600,1.927550681289465,1.4124293785310735,2.4426719840478563,2
medium,pr299_gen2_m3,k6_l1,4650,1.927550681289465,1.4124293785310735,2.4426719840478563,2
medium,pr299_gen2_m3,k6_l1,4700,1.927550681289465,1.4124293785310735,2.4426719840478563,2
medium,pr299_gen2_m3,k6_l1,4750,1.927550681289465,1.4124293785310735,2.4426719840478563,2
medium,pr299_gen2_m3,k6_l1,4800,1.927550681289465,1.4124293785310735,2.4426719840478563,2
medium,pr299_gen2_m3,k6_l1,4850,1.927550681289465,1.4124293785310735,2.4426719840478563,2
medium,pr299_gen2_m3,k6_l1,4900,1.927550681289465,1.4124293785310735,2.4426719840478563,2
medium,pr299_gen2_m3,k6_l1,4950,1.927550681289465,1.4124293785310735,2.4426719840478563,2
medium,pr299_gen2_m3,k6_l1,5000,1.927550681289465,1.4124293785310735,2.4426719840478563,2
medium,pr299_gen2_m3,off,0,17.863077434363575,17.863077434363575,17.863077434363575,2
medium,pr299_gen2_m3,off,50,9.35526753074111,8.873379860418744,9.837155201063476,2
medium,pr299_gen2_m3,off,100,8.781987371219675,8.241940844134264,9.322033898305085,2
medium,pr299_gen2_m3,off,150,8.283482884679295,8.241940844134264,8.325024925224326,2
medium,pr299_gen2_m3,off,200,8.283482884679295,8.241940844134264,8.325024925224326,2
medium,pr299_gen2_m3,off,250,7.244931871053506,6.76304420073114,7.726819541375872,2
medium,pr299_gen2_m3,off,300,6.588567630442007,6.297773346626786,6.879361914257228,2
medium,pr299_gen2_m3,off,350,5.923894981721502,5.550016616816218,6.297773346626786,2
medium,pr299_gen2_m3,off,400,5.550016616816218,4.8687271518777,6.231306081754735,2
medium,pr299_gen2_m3,off,450,5.483549351944167,4.735792622133599,6.231306081754735,2
medium,pr299_gen2_m3,off,500,5.483549351944167,4.735792622133599,6.231306081754735,2
medium,pr299_gen2_m3,off,550,5.483549351944167,4.735792622133599,6.231306081754735,2
medium,pr299_gen2_m3,off,600,5.483549351944167,4.735792622133599,6.231306081754735,2
medium,pr299_gen2_m3,off,650,4.960119641076769,3.688933200398804,6.231306081754735,2
medium,pr299_gen2_m3,off,700,4.278830176138252,2.326354270521768,6.231306081754735,2
medium,pr299_gen2_m3,off,750,4.195746095048189,2.160186108341642,6.231306081754735,2
medium,pr299_gen2_m3,off,800,3.9548022598870056,1.6782984380192756,6.231306081754735,2
medium,pr299_gen2_m3,off,850,3.9548022598870056,1.6782984380192756,6.231306081754735,2
medium,pr299_gen2_m3,off,900,3.9548022598870056,1.6782984380192756,6.231306081754735,2
medium,pr299_gen2_m3,off,950,3.9548022598870056,1.6782984380192756,6.231306081754735,2
medium,pr299_gen2_m3,off,1000,3.9548022598870056,1.6782984380192756,6.231306081754735,2
medium,pr299_gen2_m3,off,1050,3.9548022598870056,1.6782984380192756,6.231306081754735,2
medium,pr299_gen2_m3,off,1100,3.9548022598870056,1.6782984380192756,6.231306081754735,2
medium,pr299_gen2_m3,off,1150,3.9548022598870056,1.6782984380192756,6.231306081754735,2
medium,pr299_gen2_m3,off,1200,3.9548022598870056,1.6782984380192756,6.231306081754735,2
medium,pr299_gen2_m3,off,1250,3.8052509139248922,1.6782984380192756,5.932203389830509,2
medium,pr299_gen2_m3,off,1300,3.7304752409438353,1.6782984380192756,5.782652043868395,2
medium,pr299_gen2_m3,off,1350,3.7304752409438353,1.6782984380192756,5.782652043868395,2
medium,pr299_gen2_m3,off,1400,3.7304752409438353,1.6782984380192756,5.782652043868395,2
medium,pr299_gen2_m3,off,1450,3.7221668328348287,1.6616816218012629,5.782652043868395,2
medium,pr299_gen2_m3,off,1500,3.7221668328348287,1.6616816218012629,5.782652043868395,2
medium,pr299_gen2_m3,off,1550,3.7221668328348287,1.6616816218012629,5.782652043868395,2
medium,pr299_gen2_m3,off,1600,3.7221668328348287,1.6616816218012629,5.782652043868395,2
medium,pr299_gen2_m3,off,1650,3.7221668328348287,1.6616816218012629,5.782652043868395,2
medium,pr299_gen2_m3,off,1700,3.7221668328348287,1.6616816218012629,5.782652043868395,2
medium,pr299_gen2_m3,off,1750,3.7221668328348287,1.6616816218012629,5.782652043868395,2
medium,pr299_gen2_m3,off,1800,3.7221668328348287,1.6616816218012629,5.782652043868395,2
medium,pr299_gen2_m3,off,1850,3.7221668328348287,1.6616816218012629,5.782652043868395,2
medium,pr299_gen2_m3,off,1900,3.7221668328348287,1.6616816218012629,5.782652043868395,2
medium,pr299_gen2_m3,off,1950,3.7221668328348287,1.6616816218012629,5.782652043868395,2
medium,pr299_gen2_m3,off,2000,3.7221668328348287,1.6616816218012629,5.782652043868395,2
medium,pr299_gen2_m3,off,2050,3.7221668328348287,1.6616816218012629,5.782652043868395,2
medium,pr299_gen2_m3,off,2100,3.7221668328348287,1.6616816218012629,5.782652043868395,2
medium,pr299_gen2_m3,off,2150,3.7221668328348287,1.6616816218012629,5.782652043868395,2
medium,pr299_gen2_m3,off,2200,3.7221668328348287,1.6616816218012629,5.782652043868395,2
medium,pr299_gen2_m3,off,2250,3.705550016616816,1.6284479893652375,5.782652043868395,2
medium,pr299_gen2_m3,off,2300,3.705550016616816,1.6284479893652375,5.782652043868395,2
medium,pr299_gen2_m3,off,2350,3.705550016616816,1.6284479893652375,5.782652043868395,2
medium,pr299_gen2_m3,off,2400,3.705550016616816,1.6284479893652375,5.782652043868395,2
medium,pr299_gen2_m3,off,2450,3.705550016616816,1.6284479893652375,5.782652043868395,2
medium,pr299_gen2_m3,off,2500,3.705550016616816,1.6284479893652375,5.782652043868395,2
medium,pr299_gen2_m3,off,2550,3.688933200398804,1.5952143569292123,5.782652043868395,2
medium,pr299_gen2_m3,off,2600,3.688933200398804,1.5952143569292123,5.782652043868395,2
medium,pr299_gen2_m3,off,2650,3.688933200398804,1.5952143569292123,5.782652043868395,2
medium,pr299_gen2_m3,off,2700,3.688933200398804,1.5952143569292123,5.782652043868395,2
medium,pr299_gen2_m3,off,2750,3.688933200398804,1.5952143569292123,5.782652043868395,2
medium,pr299_gen2_m3,off,2800,3.688933200398804,1.5952143569292123,5.782652043868395,2
medium,pr299_gen2_m3,off,2850,3.688933200398804,1.5952143569292123,5.782652043868395,2
medium,pr299_gen2_m3,off,2900,3.688933200398804,1.5952143569292123,5.782652043868395,2
medium,pr299_gen2_m3,off,2950,3.688933200398804,1.5952143569292123,5.782652043868395,2
medium,pr299_gen2_m3,off,3000,3.688933200398804,1.5952143569292123,5.782652043868395,2
medium,pr299_gen2_m3,off,3050,3.597540711199734,1.4124293785310735,5.782652043868395,2
medium,pr299_gen2_m3,off,3100,3.597540711199734,1.4124293785310735,5.782652043868395,2
medium,pr299_gen2_m3,off,3150,3.597540711199734,1.4124293785310735,5.782652043868395,2
medium,pr299_gen2_m3,off,3200,3.597540711199734,1.4124293785310735,5.782652043868395,2
medium,pr299_gen2_m3,off,3250,3.589232303090728,1.4124293785310735,5.766035227650383,2
medium,pr299_gen2_m3,off,3300,3.589232303090728,1.4124293785310735,5.766035227650383,2
medium,pr299_gen2_m3,off,3350,3.589232303090728,1.4124293785310735,5.766035227650383,2
medium,pr299_gen2_m3,off,3400,3.589232303090728,1.4124293785310735,5.766035227650383,2
medium,pr299_gen2_m3,off,3450,3.589232303090728,1.4124293785310735,5.766035227650383,2
medium,pr299_gen2_m3,off,3500,3.4479893652376203,1.4124293785310735,5.483549351944167,2
medium,pr299_gen2_m3,off,3550,3.4479893652376203,1.4124293785310735,5.483549351944167,2
medium,pr299_gen2_m3,off,3600,3.4479893652376203,1.4124293785310735,5.483549351944167,2
medium,pr299_gen2_m3,off,3650,3.4479893652376203,1.4124293785310735,5.483549351944167,2
medium,pr299_gen2_m3,off,3700,3.4479893652376203,1.4124293785310735,5.483549351944167,2
medium,pr299_gen2_m3,off,3750,3.4479893652376203,1.4124293785310735,5.483549351944167,2
medium,pr299_gen2_m3,off,3800,3.4479893652376203,1.4124293785310735,5.483549351944167,2
medium,pr299_gen2_m3,off,3850,3.4479893652376203,1.4124293785310735,5.483549351944167,2
medium,pr299_gen2_m3,off,3900,3.356596876038551,1.4124293785310735,5.300764373546029,2
medium,pr299_gen2_m3,off,3950,3.356596876038551,1.4124293785310735,5.300764373546029,2
medium,pr299_gen2_m3,off,4000,3.356596876038551,1.4124293785310735,5.300764373546029,2
medium,pr299_gen2_m3,off,4050,3.356596876038551,1.4124293785310735,5.300764373546029,2
medium,pr299_gen2_m3,off,4100,3.356596876038551,1.4124293785310735,5.300764373546029,2
medium,pr299_gen2_m3,off,4150,3.356596876038551,1.4124293785310735,5.300764373546029,2
medium,pr299_gen2_m3,off,4200,3.090727816550349,1.4124293785310735,4.769026254569624,2
medium,pr299_gen2_m3,off,4250,3.0824194084413428,1.4124293785310735,4.752409438351612,2
medium,pr299_gen2_m3,off,4300,3.0824194084413428,1.4124293785310735,4.752409438351612,2
medium,pr299_gen2_m3,off,4350,3.0824194084413428,1.4124293785310735,4.752409438351612,2
medium,pr299_gen2_m3,off,4400,3.0824194084413428,1.4124293785310735,4.752409438351612,2
medium,pr299_gen2_m3,off,4450,3.0824194084413428,1.4124293785310735,4.752409438351612,2
medium,pr299_gen2_m3,off,4500,3.0824194084413428,1.4124293785310735,4.752409438351612,2
medium,pr299_gen2_m3,off,4550,3.0824194084413428,1.4124293785310735,4.752409438351612,2
medium,pr299_gen2_m3,off,4600,3.0824194084413428,1.4124293785310735,4.752409438351612,2
medium,pr299_gen2_m3,off,4650,3.0824194084413428,1.4124293785310735,4.752409438351612,2
medium,pr299_gen2_m3,off,4700,3.0824194084413428,1.4124293785310735,4.752409438351612,2
medium,pr299_gen2_m3,off,4750,3.0824194084413428,1.4124293785310735,4.752409438351612,2
medium,pr299_gen2_m3,off,4800,3.0824194084413428,1.4124293785310735,4.752409438351612,2
medium,pr299_gen2_m3,off,4850,3.0824194084413428,1.4124293785310735,4.752409438351612,2
medium,pr299_gen2_m3,off,4900,3.0824194084413428,1.4124293785310735,4.752409438351612,2
medium,pr299_gen2_m3,off,4950,3.0824194084413428,1.4124293785310735,4.752409438351612,2
medium,pr299_gen2_m3,off,5000,3.0824194084413428,1.4124293785310735,4.752409438351612,2
medium,pr299_gen3_m3,k100_l1,0,28.673050615595077,28.673050615595077,28.673050615595077,2
medium,pr299_gen3_m3,k100_l1,50,11.367989056087552,10.615595075239398,12.120383036935705,2
medium,pr299_gen3_m3,k100_l1,100,11.012311901504788,10.615595075239398,11.409028727770178,2
medium,pr299_gen3_m3,k100_l1,150,10.91655266757866,10.615595075239398,11.21751025991792,2
medium,pr299_gen3_m3,k100_l1,200,7.920656634746923,7.441860465116279,8.399452804377566,2
medium,pr299_gen3_m3,k100_l1,250,6.798905608755129,6.046511627906977,7.551299589603283,2
medium,pr299_gen3_m3,k100_l1,300,6.415868673050616,5.690834473324213,7.140902872777017,2
medium,pr299_gen3_m3,k100_l1,350,6.169630642954856,5.690834473324213,6.648426812585499,2
medium,pr299_gen3_m3,k100_l1,400,6.169630642954856,5.690834473324213,6.648426812585499,2
medium,pr299_gen3_m3,k100_l1,450,6.114911080711354,5.5813953488372094,6.648426812585499,2
medium,pr299_gen3_m3,k100_l1,500,6.114911080711354,5.5813953488372094,6.648426812585499,2
medium,pr299_gen3_m3,k100_l1,550,6.114911080711354,5.5813953488372094,6.648426812585499,2
medium,pr299_gen3_m3,k100_l1,600,5.841313269493844,5.034199726402189,6.648426812585499,2
medium,pr299_gen3_m3,k100_l1,650,5.813953488372093,5.034199726402189,6.593707250341997,2
medium,pr299_gen3_m3,k100_l1,700,5.813953488372093,5.034199726402189,6.593707250341997,2
medium,pr299_gen3_m3,k100_l1,750,5.813953488372093,5.034199726402189,6.593707250341997,2
medium,pr299_gen3_m3,k100_l1,800,5.813953488372093,5.034199726402189,6.593707250341997,2
medium,pr299_gen3_m3,k100_l1,850,5.813953488372093,5.034199726402189,6.593707250341997,2
medium,pr299_gen3_m3,k100_l1,900,5.813953488372093,5.034199726402189,6.593707250341997,2
medium,pr299_gen3_m3,k100_l1,950,5.813953488372093,5.034199726402189,6.593707250341997,2
medium,pr299_gen3_m3,k100_l1,1000,5.813953488372093,5.034199726402189,6.593707250341997,2
medium,pr299_gen3_m3,k100_l1,1050,5.5266757865937075,5.034199726402189,6.019151846785226,2
medium,pr299_gen3_m3,k100_l1,1100,5.485636114911081,5.034199726402189,5.937072503419973,2
medium,pr299_gen3_m3,k100_l1,1150,4.938440492476061,4.842681258549932,5.034199726402189,2
medium,pr299_gen3_m3,k100_l1,1200,4.7879616963064295,4.54172366621067,5.034199726402189,2
medium,pr299_gen3_m3,k100_l1,1250,4.7879616963064295,4.54172366621067,5.034199726402189,2
medium,pr299_gen3_m3,k100_l1,1300,4.7879616963064295,4.54172366621067,5.034199726402189,2
medium,pr299_gen3_m3,k100_l1,1350,4.7879616963064295,4.54172366621067,5.034199726402189,2
medium,pr299_gen3_m3,k100_l1,1400,4.7879616963064295,4.54172366621067,5.034199726402189,2
medium,pr299_gen3_m3,k100_l1,1450,4.7879616963064295,4.54172366621067,5.034199726402189,2
medium,pr299_gen3_m3,k100_l1,1500,4.7879616963064295,4.54172366621067,5.034199726402189,2
medium,pr299_gen3_m3,k100_l1,1550,4.7879616963064295,4.54172366621067,5.034199726402189,2
medium,pr299_gen3_m3,k100_l1,1600,4.7879616963064295,4.54172366621067,5.034199726402189,2
medium,pr299_gen3_m3,k100_l1,1650,4.7879616963064295,4.54172366621067,5.034199726402189,2
medium,pr299_gen3_m3,k100_l1,1700,4.7879616963064295,4.54172366621067,5.034199726402189,2
medium,pr299_gen3_m3,k100_l1,1750,4.7879616963064295,4.54172366621067,5.034199726402189,2
medium,pr299_gen3_m3,k100_l1,1800,4.7879616963064295,4.54172366621067,5.034199726402189,2
medium,pr299_gen3_m3,k100_l1,1850,4.7879616963064295,4.54172366621067,5.034199726402189,2
medium,pr299_gen3_m3,k100_l1,1900,4.7879616963064295,4.54172366621067,5.034199726402189,2
medium,pr299_gen3_m3,k100_l1,1950,4.7879616963064295,4.54172366621067,5.034199726402189,2
medium,pr299_gen3_m3,k100_l1,2000,4.7879616963064295,4.54172366621067,5.034199726402189,2
medium,pr299_gen3_m3,k100_l1,2050,4.7879616963064295,4.54172366621067,5.034199726402189,2
medium,pr299_gen3_m3,k100_l1,2100,4.7879616963064295,4.54172366621067,5.034199726402189,2
medium,pr299_gen3_m3,k100_l1,2150,4.7879616963064295,4.54172366621067,5.034199726402189,2
medium,pr299_gen3_m3,k100_l1,2200,4.7879616963064295,4.54172366621067,5.034199726402189,2
medium,pr299_gen3_m3,k100_l1,2250,4.7879616963064295,4.54172366621067,5.034199726402189,2
medium,pr299_gen3_m3,k100_l1,2300,4.7879616963064295,4.54172366621067,5.034199726402189,2
medium,pr299_gen3_m3,k100_l1,2350,4.7879616963064295,4.54172366621067,5.034199726402189,2
medium,pr299_gen3_m3,k100_l1,2400,4.7879616963064295,4.54172366621067,5.034199726402189,2
medium,pr299_gen3_m3,k100_l1,2450,4.7879616963064295,4.54172366621067,5.034199726402189,2
medium,pr299_gen3_m3,k100_l1,2500,4.7879616963064295,4.54172366621067,5.034199726402189,2
medium,pr299_gen3_m3,k100_l1,2550,4.7879616963064295,4.54172366621067,5.034199726402189,2
medium,pr299_gen3_m3,k100_l1,2600,4.7879616963064295,4.54172366621067,5.034199726402189,2
medium,pr299_gen3_m3,k100_l1,2650,4.7879616963064295,4.54172366621067,5.034199726402189,2
medium,pr299_gen3_m3,k100_l1,2700,4.7879616963064295,4.54172366621067,5.034199726402189,2
medium,pr299_gen3_m3,k100_l1,2750,4.7879616963064295,4.54172366621067,5.034199726402189,2
medium,pr299_gen3_m3,k100_l1,2800,4.7879616963064295,4.54172366621067,5.034199726402189,2
medium,pr299_gen3_m3,k100_l1,2850,4.7879616963064295,4.54172366621067,5.034199726402189,2
medium,pr299_gen3_m3,k100_l1,2900,4.7879616963064295,4.54172366621067,5.034199726402189,2
medium,pr299_gen3_m3,k100_l1,2950,4.7879616963064295,4.54172366621067,5.034199726402189,2
medium,pr299_gen3_m3,k100_l1,3000,4.7879616963064295,4.54172366621067,5.034199726402189,2
medium,pr299_gen3_m3,k100_l1,3050,4.7879616963064295,4.54172366621067,5.034199726402189,2
medium,pr299_gen3_m3,k100_l1,3100,4.7879616963064295,4.54172366621067,5.034199726402189,2
medium,pr299_gen3_m3,k100_l1,3150,4.7879616963064295,4.54172366621067,5.034199726402189,2
medium,pr299_gen3_m3,k100_l1,3200,4.7879616963064295,4.54172366621067,5.034199726402189,2
medium,pr299_gen3_m3,k100_l1,3250,4.7879616963064295,4.54172366621067,5.034199726402189,2
medium,pr299_gen3_m3,k100_l1,3300,4.7879616963064295,4.54172366621067,5.034199726402189,2
medium,pr299_gen3_m3,k100_l1,3350,4.7879616963064295,4.54172366621067,5.034199726402189,2
medium,pr299_gen3_m3,k100_l1,3400,4.7879616963064295,4.54172366621067,5.034199726402189,2
medium,pr299_gen3_m3,k100_l1,3450,4.7879616963064295,4.54172366621067,5.034199726402189,2
medium,pr299_gen3_m3,k100_l1,3500,4.7879616963064295,4.54172366621067,5.034199726402189,2
medium,pr299_gen3_m3,k100_l1,3550,4.7879616963064295,4.54172366621067,5.034199726402189,2
medium,pr299_gen3_m3,k100_l1,3600,4.7879616963064295,4.54172366621067,5.034199726402189,2
medium,pr299_gen3_m3,k100_l1,3650,4.7879616963064295,4.54172366621067,5.034199726402189,2
medium,pr299_gen3_m3,k100_l1,3700,4.7879616963064295,4.54172366621067,5.034199726402189,2
medium,pr299_gen3_m3,k100_l1,3750,4.7879616963064295,4.54172366621067,5.034199726402189,2
medium,pr299_gen3_m3,k100_l1,3800,4.7879616963064295,4.54172366621067,5.034199726402189,2
medium,pr299_gen3_m3,k100_l1,3850,4.7879616963064295,4.54172366621067,5.034199726402189,2
medium,pr299_gen3_m3,k100_l1,3900,4.7879616963064295,4.54172366621067,5.034199726402189,2
medium,pr299_gen3_m3,k100_l1,3950,4.7879616963064295,4.54172366621067,5.034199726402189,2
medium,pr299_gen3_m3,k100_l1,4000,4.7879616963064295,4.54172366621067,5.034199726402189,2
medium,pr299_gen3_m3,k100_l1,4050,4.7879616963064295,4.54172366621067,5.034199726402189,2
medium,pr299_gen3_m3,k100_l1,4100,4.7879616963064295,4.54172366621067,5.034199726402189,2
medium,pr299_gen3_m3,k100_l1,4150,4.7879616963064295,4.54172366621067,5.034199726402189,2
medium,pr299_gen3_m3,k100_l1,4200,4.7879616963064295,4.54172366621067,5.034199726402189,2
medium,pr299_gen3_m3,k100_l1,4250,4.7879616963064295,4.54172366621067,5.034199726402189,2
medium,pr299_gen3_m3,k100_l1,4300,4.7879616963064295,4.54172366621067,5.034199726402189,2
medium,pr299_gen3_m3,k100_l1,4350,4.7879616963064295,4.54172366621067,5.034199726402189,2
medium,pr299_gen3_m3,k100_l1,4400,4.7879616963064295,4.54172366621067,5.034199726402189,2
medium,pr299_gen3_m3,k100_l1,4450,4.7879616963064295,4.54172366621067,5.034199726402189,2
medium,pr299_gen3_m3,k100_l1,4500,4.7879616963064295,4.54172366621067,5.034199726402189,2
medium,pr299_gen3_m3,k100_l1,4550,4.7879616963064295,4.54172366621067,5.034199726402189,2
medium,pr299_gen3_m3,k100_l1,4600,4.7879616963064295,4.54172366621067,5.034199726402189,2
medium,pr299_gen3_m3,k100_l1,4650,4.7879616963064295,4.54172366621067,5.034199726402189,2
medium,pr299_gen3_m3,k100_l1,4700,4.7879616963064295,4.54172366621067,5.034199726402189,2
medium,pr299_gen3_m3,k100_l1,4750,4.7879616963064295,4.54172366621067,5.034199726402189,2
medium,pr299_gen3_m3,k100_l1,4800,4.7879616963064295,4.54172366621067,5.034199726402189,2
medium,pr299_gen3_m3,k100_l1,4850,4.7879616963064295,4.54172366621067,5.034199726402189,2
medium,pr299_gen3_m3,k100_l1,4900,4.7879616963064295,4.54172366621067,5.034199726402189,2
medium,pr299_gen3_m3,k100_l1,4950,4.7879616963064295,4.54172366621067,5.034199726402189,2
medium,pr299_gen3_m3,k100_l1,5000,4.7879616963064295,4.54172366621067,5.034199726402189,2
medium,pr299_gen3_m3,k100_l3,0,28.673050615595077,28.673050615595077,28.673050615595077,2
medium,pr299_gen3_m3,k100_l3,50,11.231190150478795,10.861833105335156,11.600547195622434,2
medium,pr299_gen3_m3,k100_l3,100,9.917920656634747,9.493844049247606,10.341997264021888,2
medium,pr299_gen3_m3,k100_l3,150,9.192886456908344,8.891928864569083,9.493844049247606,2
medium,pr299_gen3_m3,k100_l3,200,9.001367989056089,8.50889192886457,9.493844049247606,2
medium,pr299_gen3_m3,k100_l3,250,9.001367989056089,8.50889192886457,9.493844049247606,2
medium,pr299_gen3_m3,k100_l3,300,8.946648426812587,8.399452804377566,9.493844049247606,2
medium,pr299_gen3_m3,k100_l3,350,8.946648426812587,8.399452804377566,9.493844049247606,2
medium,pr299_gen3_m3,k100_l3,400,8.919288645690834,8.344733242134064,9.493844049247606,2
medium,pr299_gen3_m3,k100_l3,450,8.919288645690834,8.344733242134064,9.493844049247606,2
medium,pr299_gen3_m3,k100_l3,500,8.919288645690834,8.344733242134064,9.493844049247606,2
medium,pr299_gen3_m3,k100_l3,550,8.837209302325581,8.180574555403556,9.493844049247606,2
medium,pr299_gen3_m3,k100_l3,600,8.837209302325581,8.180574555403556,9.493844049247606,2
medium,pr299_gen3_m3,k100_l3,650,8.80984952120383,8.125854993160054,9.493844049247606,2
medium,pr299_gen3_m3,k100_l3,700,8.80984952120383,8.125854993160054,9.493844049247606,2
medium,pr299_gen3_m3,k100_l3,750,8.80984952120383,8.125854993160054,9.493844049247606,2
medium,pr299_gen3_m3,k100_l3,800,8.80984952120383,8.125854993160054,9.493844049247606,2
medium,pr299_gen3_m3,k100_l3,850,8.80984952120383,8.125854993160054,9.493844049247606,2
medium,pr299_gen3_m3,k100_l3,900,8.80984952120383,8.125854993160054,9.493844049247606,2
medium,pr299_gen3_m3,k100_l3,950,8.80984952120383,8.125854993160054,9.493844049247606,2
medium,pr299_gen3_m3,k100_l3,1000,8.80984952120383,8.125854993160054,9.493844049247606,2
medium,pr299_gen3_m3,k100_l3,1050,8.755129958960328,8.01641586867305,9.493844049247606,2
medium,pr299_gen3_m3,k100_l3,1100,8.755129958960328,8.01641586867305,9.493844049247606,2
medium,pr299_gen3_m3,k100_l3,1150,8.755129958960328,8.01641586867305,9.493844049247606,2
medium,pr299_gen3_m3,k100_l3,1200,8.741450068399452,8.01641586867305,9.466484268125855,2
medium,pr299_gen3_m3,k100_l3,1250,8.741450068399452,8.01641586867305,9.466484268125855,2
medium,pr299_gen3_m3,k100_l3,1300,8.741450068399452,8.01641586867305,9.466484268125855,2
medium,pr299_gen3_m3,k100_l3,1350,8.7140902872777,8.01641586867305,9.411764705882351,2
medium,pr299_gen3_m3,k100_l3,1400,8.7140902872777,8.01641586867305,9.411764705882351,2
medium,pr299_gen3_m3,k100_l3,1450,8.673050615595075,8.01641586867305,9.3296853625171,2
medium,pr299_gen3_m3,k100_l3,1500,8.194254445964432,7.879616963064295,8.50889192886457,2
medium,pr299_gen3_m3,k100_l3,1550,8.194254445964432,7.879616963064295,8.50889192886457,2
medium,pr299_gen3_m3,k100_l3,1600,8.194254445964432,7.879616963064295,8.50889192886457,2
medium,pr299_gen3_m3,k100_l3,1650,7.647058823529411,7.414500683994528,7.879616963064295,2
medium,pr299_gen3_m3,k100_l3,1700,7.647058823529411,7.414500683994528,7.879616963064295,2
medium,pr299_gen3_m3,k100_l3,1750,7.61969904240766,7.359781121751026,7.879616963064295,2
medium,pr299_gen3_m3,k100_l3,1800,7.291381668946649,7.004103967168263,7.578659370725034,2
medium,pr299_gen3_m3,k100_l3,1850,7.291381668946649,7.004103967168263,7.578659370725034,2
medium,pr299_gen3_m3,k100_l3,1900,7.291381668946649,7.004103967168263,7.578659370725034,2
medium,pr299_gen3_m3,k100_l3,1950,7.291381668946649,7.004103967168263,7.578659370725034,2
medium,pr299_gen3_m3,k100_l3,2000,7.291381668946649,7.004103967168263,7.578659370725034,2
medium,pr299_gen3_m3,k100_l3,2050,7.291381668946649,7.004103967168263,7.578659370725034,2
medium,pr299_gen3_m3,k100_l3,2100,7.291381668946649,7.004103967168263,7.578659370725034,2
medium,pr299_gen3_m3,k100_l3,2150,7.291381668946649,7.004103967168263,7.578659370725034,2
medium,pr299_gen3_m3,k100_l3,2200,7.291381668946649,7.004103967168263,7.578659370725034,2
medium,pr299_gen3_m3,k100_l3,2250,7.291381668946649,7.004103967168263,7.578659370725034,2
medium,pr299_gen3_m3,k100_l3,2300,7.291381668946649,7.004103967168263,7.578659370725034,2
medium,pr299_gen3_m3,k100_l3,2350,7.291381668946649,7.004103967168263,7.578659370725034,2
medium,pr299_gen3_m3,k100_l3,2400,7.291381668946649,7.004103967168263,7.578659370725034,2
medium,pr299_gen3_m3,k100_l3,2450,7.291381668946649,7.004103967168263,7.578659370725034,2
medium,pr299_gen3_m3,k100_l3,2500,7.291381668946649,7.004103967168263,7.578659370725034,2
medium,pr299_gen3_m3,k100_l3,2550,7.291381668946649,7.004103967168263,7.578659370725034,2
medium,pr299_gen3_m3,k100_l3,2600,7.291381668946649,7.004103967168263,7.578659370725034,2
medium,pr299_gen3_m3,k100_l3,2650,7.291381668946649,7.004103967168263,7.578659370725034,2
medium,pr299_gen3_m3,k100_l3,2700,7.291381668946649,7.004103967168263,7.578659370725034,2
medium,pr299_gen3_m3,k100_l3,2750,7.291381668946649,7.004103967168263,7.578659370725034,2
medium,pr299_gen3_m3,k100_l3,2800,7.291381668946649,7.004103967168263,7.578659370725034,2
medium,pr299_gen3_m3,k100_l3,2850,7.291381668946649,7.004103967168263,7.578659370725034,2
medium,pr299_gen3_m3,k100_l3,2900,7.291381668946649,7.004103967168263,7.578659370725034,2
medium,pr299_gen3_m3,k100_l3,2950,7.291381668946649,7.004103967168263,7.578659370725034,2
medium,pr299_gen3_m3,k100_l3,3000,7.291381668946649,7.004103967168263,7.578659370725034,2
medium,pr299_gen3_m3,k100_l3,3050,7.291381668946649,7.004103967168263,7.578659370725034,2
medium,pr299_gen3_m3,k100_l3,3100,7.291381668946649,7.004103967168263,7.578659370725034,2
medium,pr299_gen3_m3,k100_l3,3150,7.291381668946649,7.004103967168263,7.578659370725034,2
medium,pr299_gen3_m3,k100_l3,3200,7.291381668946649,7.004103967168263,7.578659370725034,2
medium,pr299_gen3_m3,k100_l3,3250,7.291381668946649,7.004103967168263,7.578659370725034,2
medium,pr299_gen3_m3,k100_l3,3300,7.291381668946649,7.004103967168263,7.578659370725034,2
medium,pr299_gen3_m3,k100_l3,3350,7.291381668946649,7.004103967168263,7.578659370725034,2
medium,pr299_gen3_m3,k100_l3,3400,7.291381668946649,7.004103967168263,7.578659370725034,2
medium,pr299_gen3_m3,k100_l3,3450,7.291381668946649,7.004103967168263,7.578659370725034,2
medium,pr299_gen3_m3,k100_l3,3500,7.291381668946649,7.004103967168263,7.578659370725034,2
medium,pr299_gen3_m3,k100_l3,3550,7.291381668946649,7.004103967168263,7.578659370725034,2
medium,pr299_gen3_m3,k100_l3,3600,7.291381668946649,7.004103967168263,7.578659370725034,2
medium,pr299_gen3_m3,k100_l3,3650,7.291381668946649,7.004103967168263,7.578659370725034,2
medium,pr299_gen3_m3,k100_l3,3700,7.291381668946649,7.004103967168263,7.578659370725034,2
medium,pr299_gen3_m3,k100_l3,3750,7.291381668946649,7.004103967168263,7.578659370725034,2
medium,pr299_gen3_m3,k100_l3,3800,7.291381668946649,7.004103967168263,7.578659370725034,2
medium,pr299_gen3_m3,k100_l3,3850,7.291381668946649,7.004103967168263,7.578659370725034,2
medium,pr299_gen3_m3,k100_l3,3900,7.291381668946649,7.004103967168263,7.578659370725034,2
medium,pr299_gen3_m3,k100_l3,3950,7.291381668946649,7.004103967168263,7.578659370725034,2
medium,pr299_gen3_m3,k100_l3,4000,7.291381668946649,7.004103967168263,7.578659370725034,2
medium,pr299_gen3_m3,k100_l3,4050,7.291381668946649,7.004103967168263,7.578659370725034,2
medium,pr299_gen3_m3,k100_l3,4100,7.291381668946649,7.004103967168263,7.578659370725034,2
medium,pr299_gen3_m3,k100_l3,4150,7.291381668946649,7.004103967168263,7.578659370725034,2
medium,pr299_gen3_m3,k100_l3,4200,7.291381668946649,7.004103967168263,7.578659370725034,2
medium,pr299_gen3_m3,k100_l3,4250,7.291381668946649,7.004103967168263,7.578659370725034,2
medium,pr299_gen3_m3,k100_l3,4300,7.291381668946649,7.004103967168263,7.578659370725034,2
medium,pr299_gen3_m3,k100_l3,4350,7.291381668946649,7.004103967168263,7.578659370725034,2
medium,pr299_gen3_m3,k100_l3,4400,7.291381668946649,7.004103967168263,7.578659370725034,2
medium,pr299_gen3_m3,k100_l3,4450,7.291381668946649,7.004103967168263,7.578659370725034,2
medium,pr299_gen3_m3,k100_l3,4500,7.291381668946649,7.004103967168263,7.578659370725034,2
medium,pr299_gen3_m3,k100_l3,4550,7.291381668946649,7.004103967168263,7.578659370725034,2
medium,pr299_gen3_m3,k100_l3,4600,7.291381668946649,7.004103967168263,7.578659370725034,2
medium,pr299_gen3_m3,k100_l3,4650,7.291381668946649,7.004103967168263,7.578659370725034,2
medium,pr299_gen3_m3,k100_l3,4700,7.291381668946649,7.004103967168263,7.578659370725034,2
medium,pr299_gen3_m3,k100_l3,4750,7.291381668946649,7.004103967168263,7.578659370725034,2
medium,pr299_gen3_m3,k100_l3,4800,7.291381668946649,7.004103967168263,7.578659370725034,2
medium,pr299_gen3_m3,k100_l3,4850,7.291381668946649,7.004103967168263,7.578659370725034,2
medium,pr299_gen3_m3,k100_l3,4900,7.291381668946649,7.004103967168263,7.578659370725034,2
medium,pr299_gen3_m3,k100_l3,4950,7.291381668946649,7.004103967168263,7.578659370725034,2
medium,pr299_gen3_m3,k100_l3,5000,7.291381668946649,7.004103967168263,7.578659370725034,2
medium,pr299_gen3_m3,k100_l5,0,28.673050615595077,28.673050615595077,28.673050615595077,2
medium,pr299_gen3_m3,k100_l5,50,10.971272229822162,9.274965800273598,12.667578659370726,2
medium,pr299_gen3_m3,k100_l5,100,10.697674418604652,8.727770177838577,12.667578659370726,2
medium,pr299_gen3_m3,k100_l5,150,9.986320109439124,8.454172366621068,11.518467852257182,2
medium,pr299_gen3_m3,k100_l5,200,8.385772913816691,8.317373461012313,8.454172366621068,2
medium,pr299_gen3_m3,k100_l5,250,8.385772913816691,8.317373461012313,8.454172366621068,2
medium,pr299_gen3_m3,k100_l5,300,7.4555403556771545,6.566347469220246,8.344733242134064,2
medium,pr299_gen3_m3,k100_l5,350,6.087551299589603,5.60875512995896,6.566347469220246,2
medium,pr299_gen3_m3,k100_l5,400,6.087551299589603,5.60875512995896,6.566347469220246,2
medium,pr299_gen3_m3,k100_l5,450,6.087551299589603,5.60875512995896,6.566347469220246,2
medium,pr299_gen3_m3,k100_l5,500,6.087551299589603,5.60875512995896,6.566347469220246,2
medium,pr299_gen3_m3,k100_l5,550,6.087551299589603,5.60875512995896,6.566347469220246,2
medium,pr299_gen3_m3,k100_l5,600,6.087551299589603,5.60875512995896,6.566347469220246,2
medium,pr299_gen3_m3,k100_l5,650,6.087551299589603,5.60875512995896,6.566347469220246,2
medium,pr299_gen3_m3,k100_l5,700,6.087551299589603,5.60875512995896,6.566347469220246,2
medium,pr299_gen3_m3,k100_l5,750,6.087551299589603,5.60875512995896,6.566347469220246,2
medium,pr299_gen3_m3,k100_l5,800,5.526675786593707,4.487004103967168,6.566347469220246,2
medium,pr299_gen3_m3,k100_l5,850,5.33515731874145,4.1039671682626535,6.566347469220246,2
medium,pr299_gen3_m3,k100_l5,900,5.33515731874145,4.1039671682626535,6.566347469220246,2
medium,pr299_gen3_m3,k100_l5,950,5.33515731874145,4.1039671682626535,6.566347469220246,2
medium,pr299_gen3_m3,k100_l5,1000,5.33515731874145,4.1039671682626535,6.566347469220246,2
medium,pr299_gen3_m3,k100_l5,1050,5.33515731874145,4.1039671682626535,6.566347469220246,2
medium,pr299_gen3_m3,k100_l5,1100,5.253077975376197,3.939808481532148,6.566347469220246,2
medium,pr299_gen3_m3,k100_l5,1150,5.253077975376197,3.939808481532148,6.566347469220246,2
medium,pr299_gen3_m3,k100_l5,1200,5.253077975376197,3.939808481532148,6.566347469220246,2
medium,pr299_gen3_m3,k100_l5,1250,5.253077975376197,3.939808481532148,6.566347469220246,2
medium,pr299_gen3_m3,k100_l5,1300,5.253077975376197,3.939808481532148,6.566347469220246,2
medium,pr299_gen3_m3,k100_l5,1350,5.020519835841313,3.4746922024623803,6.566347469220246,2
medium,pr299_gen3_m3,k100_l5,1400,4.746922024623803,2.92749658002736,6.566347469220246,2
medium,pr299_gen3_m3,k100_l5,1450,4.733242134062928,2.92749658002736,6.538987688098495,2
medium,pr299_gen3_m3,k100_l5,1500,4.733242134062928,2.92749658002736,6.538987688098495,2
medium,pr299_gen3_m3,k100_l5,1550,4.733242134062928,2.92749658002736,6.538987688098495,2
medium,pr299_gen3_m3,k100_l5,1600,4.555403556771546,2.92749658002736,6.183310533515732,2
medium,pr299_gen3_m3,k100_l5,1650,4.555403556771546,2.92749658002736,6.183310533515732,2
medium,pr299_gen3_m3,k100_l5,1700,4.555403556771546,2.92749658002736,6.183310533515732,2
medium,pr299_gen3_m3,k100_l5,1750,4.555403556771546,2.92749658002736,6.183310533515732,2
medium,pr299_gen3_m3,k100_l5,1800,4.555403556771546,2.92749658002736,6.183310533515732,2
medium,pr299_gen3_m3,k100_l5,1850,4.555403556771546,2.92749658002736,6.183310533515732,2
medium,pr299_gen3_m3,k100_l5,1900,4.555403556771546,2.92749658002736,6.183310533515732,2
medium,pr299_gen3_m3,k100_l5,1950,4.555403556771546,2.92749658002736,6.183310533515732,2
medium,pr299_gen3_m3,k100_l5,2000,4.555403556771546,2.92749658002736,6.183310533515732,2
medium,pr299_gen3_m3,k100_l5,2050,4.555403556771546,2.92749658002736,6.183310533515732,2
medium,pr299_gen3_m3,k100_l5,2100,4.555403556771546,2.92749658002736,6.183310533515732,2
medium,pr299_gen3_m3,k100_l5,2150,4.555403556771546,2.92749658002736,6.183310533515732,2
medium,pr299_gen3_m3,k100_l5,2200,4.555403556771546,2.92749658002736,6.183310533515732,2
medium,pr299_gen3_m3,k100_l5,2250,4.555403556771546,2.92749658002736,6.183310533515732,2
medium,pr299_gen3_m3,k100_l5,2300,4.555403556771546,2.92749658002736,6.183310533515732,2
medium,pr299_gen3_m3,k100_l5,2350,4.555403556771546,2.92749658002736,6.183310533515732,2
medium,pr299_gen3_m3,k100_l5,2400,4.555403556771546,2.92749658002736,6.183310533515732,2
medium,pr299_gen3_m3,k100_l5,2450,4.555403556771546,2.92749658002736,6.183310533515732,2
medium,pr299_gen3_m3,k100_l5,2500,4.555403556771546,2.92749658002736,6.183310533515732,2
medium,pr299_gen3_m3,k100_l5,2550,4.555403556771546,2.92749658002736,6.183310533515732,2
medium,pr299_gen3_m3,k100_l5,2600,4.555403556771546,2.92749658002736,6.183310533515732,2
medium,pr299_gen3_m3,k100_l5,2650,4.555403556771546,2.92749658002736,6.183310533515732,2
medium,pr299_gen3_m3,k100_l5,2700,4.555403556771546,2.92749658002736,6.183310533515732,2
medium,pr299_gen3_m3,k100_l5,2750,4.555403556771546,2.92749658002736,6.183310533515732,2
medium,pr299_gen3_m3,k100_l5,2800,4.555403556771546,2.92749658002736,6.183310533515732,2
medium,pr299_gen3_m3,k100_l5,2850,4.555403556771546,2.92749658002736,6.183310533515732,2
medium,pr299_gen3_m3,k100_l5,2900,4.555403556771546,2.92749658002736,6.183310533515732,2
medium,pr299_gen3_m3,k100_l5,2950,4.555403556771546,2.92749658002736,6.183310533515732,2
medium,pr299_gen3_m3,k100_l5,3000,4.555403556771546,2.92749658002736,6.183310533515732,2
medium,pr299_gen3_m3,k100_l5,3050,4.555403556771546,2.92749658002736,6.183310533515732,2
medium,pr299_gen3_m3,k100_l5,3100,4.555403556771546,2.92749658002736,6.183310533515732,2
medium,pr299_gen3_m3,k100_l5,3150,4.555403556771546,2.92749658002736,6.183310533515732,2
medium,pr299_gen3_m3,k100_l5,3200,4.555403556771546,2.92749658002736,6.183310533515732,2
medium,pr299_gen3_m3,k100_l5,3250,4.555403556771546,2.92749658002736,6.183310533515732,2
medium,pr299_gen3_m3,k100_l5,3300,4.555403556771546,2.92749658002736,6.183310533515732,2
medium,pr299_gen3_m3,k100_l5,3350,4.555403556771546,2.92749658002736,6.183310533515732,2
medium,pr299_gen3_m3,k100_l5,3400,4.555403556771546,2.92749658002736,6.183310533515732,2
medium,pr299_gen3_m3,k100_l5,3450,4.555403556771546,2.92749658002736,6.183310533515732,2
medium,pr299_gen3_m3,k100_l5,3500,4.555403556771546,2.92749658002736,6.183310533515732,2
medium,pr299_gen3_m3,k100_l5,3550,4.555403556771546,2.92749658002736,6.183310533515732,2
medium,pr299_gen3_m3,k100_l5,3600,4.555403556771546,2.92749658002736,6.183310533515732,2
medium,pr299_gen3_m3,k100_l5,3650,4.555403556771546,2.92749658002736,6.183310533515732,2
medium,pr299_gen3_m3,k100_l5,3700,4.555403556771546,2.92749658002736,6.183310533515732,2
medium,pr299_gen3_m3,k100_l5,3750,4.555403556771546,2.92749658002736,6.183310533515732,2
medium,pr299_gen3_m3,k100_l5,3800,4.555403556771546,2.92749658002736,6.183310533515732,2
medium,pr299_gen3_m3,k100_l5,3850,4.555403556771546,2.92749658002736,6.183310533515732,2
medium,pr299_gen3_m3,k100_l5,3900,4.555403556771546,2.92749658002736,6.183310533515732,2
medium,pr299_gen3_m3,k100_l5,3950,4.555403556771546,2.92749658002736,6.183310533515732,2
medium,pr299_gen3_m3,k100_l5,4000,4.555403556771546,2.92749658002736,6.183310533515732,2
medium,pr299_gen3_m3,k100_l5,4050,4.555403556771546,2.92749658002736,6.183310533515732,2
medium,pr299_gen3_m3,k100_l5,4100,4.555403556771546,2.92749658002736,6.183310533515732,2
medium,pr299_gen3_m3,k100_l5,4150,4.555403556771546,2.92749658002736,6.183310533515732,2
medium,pr299_gen3_m3,k100_l5,4200,4.555403556771546,2.92749658002736,6.183310533515732,2
medium,pr299_gen3_m3,k100_l5,4250,4.555403556771546,2.92749658002736,6.183310533515732,2
medium,pr299_gen3_m3,k100_l5,4300,4.555403556771546,2.92749658002736,6.183310533515732,2
medium,pr299_gen3_m3,k100_l5,4350,4.555403556771546,2.92749658002736,6.183310533515732,2
medium,pr299_gen3_m3,k100_l5,4400,4.555403556771546,2.92749658002736,6.183310533515732,2
medium,pr299_gen3_m3,k100_l5,4450,4.555403556771546,2.92749658002736,6.183310533515732,2
medium,pr299_gen3_m3,k100_l5,4500,4.555403556771546,2.92749658002736,6.183310533515732,2
medium,pr299_gen3_m3,k100_l5,4550,4.555403556771546,2.92749658002736,6.183310533515732,2
medium,pr299_gen3_m3,k100_l5,4600,4.555403556771546,2.92749658002736,6.183310533515732,2
medium,pr299_gen3_m3,k100_l5,4650,4.555403556771546,2.92749658002736,6.183310533515732,2
medium,pr299_gen3_m3,k100_l5,4700,4.555403556771546,2.92749658002736,6.183310533515732,2
medium,pr299_gen3_m3,k100_l5,4750,4.555403556771546,2.92749658002736,6.183310533515732,2
medium,pr299_gen3_m3,k100_l5,4800,4.555403556771546,2.92749658002736,6.183310533515732,2
medium,pr299_gen3_m3,k100_l5,4850,4.555403556771546,2.92749658002736,6.183310533515732,2
medium,pr299_gen3_m3,k100_l5,4900,4.555403556771546,2.92749658002736,6.183310533515732,2
medium,pr299_gen3_m3,k100_l5,4950,4.555403556771546,2.92749658002736,6.183310533515732,2
medium,pr299_gen3_m3,k100_l5,5000,4.555403556771546,2.92749658002736,6.183310533515732,2
medium,pr299_gen3_m3,k100_linf,0,28.673050615595077,28.673050615595077,28.673050615595077,2
medium,pr299_gen3_m3,k100_linf,50,14.227086183310535,12.80437756497948,15.649794801641589,2
medium,pr299_gen3_m3,k100_linf,100,12.120383036935703,11.682626538987687,12.55813953488372,2
medium,pr299_gen3_m3,k100_linf,150,11.98358413132695,11.518467852257182,12.448700410396716,2
medium,pr299_gen3_m3,k100_linf,200,11.409028727770178,11.299589603283174,11.518467852257182,2
medium,pr299_gen3_m3,k100_linf,250,10.875512995896033,10.451436388508892,11.299589603283174,2
medium,pr299_gen3_m3,k100_linf,300,9.48016415868673,7.879616963064295,11.080711354309166,2
medium,pr299_gen3_m3,k100_linf,350,8.755129958960328,6.429548563611491,11.080711354309166,2
medium,pr299_gen3_m3,k100_linf,400,8.673050615595075,6.265389876880985,11.080711354309166,2
medium,pr299_gen3_m3,k100_linf,450,8.673050615595075,6.265389876880985,11.080711354309166,2
medium,pr299_gen3_m3,k100_linf,500,8.180574555403558,5.882352941176471,10.478796169630645,2
medium,pr299_gen3_m3,k100_linf,550,8.180574555403558,5.882352941176471,10.478796169630645,2
medium,pr299_gen3_m3,k100_linf,600,8.180574555403558,5.882352941176471,10.478796169630645,2
medium,pr299_gen3_m3,k100_linf,650,8.084815321477429,5.690834473324213,10.478796169630645,2
medium,pr299_gen3_m3,k100_linf,700,7.688098495212039,4.897400820793433,10.478796169630645,2
medium,pr299_gen3_m3,k100_linf,750,7.332421340629276,4.186046511627907,10.478796169630645,2
medium,pr299_gen3_m3,k100_linf,800,7.332421340629276,4.186046511627907,10.478796169630645,2
medium,pr299_gen3_m3,k100_linf,850,7.3187414500684005,4.158686730506156,10.478796169630645,2
medium,pr299_gen3_m3,k100_linf,900,7.3187414500684005,4.158686730506156,10.478796169630645,2
medium,pr299_gen3_m3,k100_linf,950,7.3187414500684005,4.158686730506156,10.478796169630645,2
medium,pr299_gen3_m3,k100_linf,1000,7.3187414500684005,4.158686730506156,10.478796169630645,2
medium,pr299_gen3_m3,k100_linf,1050,7.3187414500684005,4.158686730506156,10.478796169630645,2
medium,pr299_gen3_m3,k100_linf,1100,7.3187414500684005,4.158686730506156,10.478796169630645,2
medium,pr299_gen3_m3,k100_linf,1150,7.154582763337894,4.158686730506156,10.150478796169631,2
medium,pr299_gen3_m3,k100_linf,1200,7.0861833105335155,4.021887824897401,10.150478796169631,2
medium,pr299_gen3_m3,k100_linf,1250,6.757865937072504,3.365253077975376,10.150478796169631,2
medium,pr299_gen3_m3,k100_linf,1300,6.525307797537621,3.365253077975376,9.685362517099865,2
medium,pr299_gen3_m3,k100_linf,1350,6.525307797537621,3.365253077975376,9.685362517099865,2
medium,pr299_gen3_m3,k100_linf,1400,6.525307797537621,3.365253077975376,9.685362517099865,2
medium,pr299_gen3_m3,k100_linf,1450,6.525307797537621,3.365253077975376,9.685362517099865,2
medium,pr299_gen3_m3,k100_linf,1500,6.470588235294119,3.365253077975376,9.57592339261286,2
medium,pr299_gen3_m3,k100_linf,1550,6.470588235294119,3.365253077975376,9.57592339261286,2
medium,pr299_gen3_m3,k100_linf,1600,6.470588235294119,3.365253077975376,9.57592339261286,2
medium,pr299_gen3_m3,k100_linf,1650,6.415868673050616,3.365253077975376,9.466484268125855,2
medium,pr299_gen3_m3,k100_linf,1700,6.415868673050616,3.365253077975376,9.466484268125855,2
medium,pr299_gen3_m3,k100_linf,1750,6.415868673050616,3.365253077975376,9.466484268125855,2
medium,pr299_gen3_m3,k100_linf,1800,6.415868673050616,3.365253077975376,9.466484268125855,2
medium,pr299_gen3_m3,k100_linf,1850,6.415868673050616,3.365253077975376,9.466484268125855,2
medium,pr299_gen3_m3,k100_linf,1900,6.415868673050616,3.365253077975376,9.466484268125855,2
medium,pr299_gen3_m3,k100_linf,1950,6.415868673050616,3.365253077975376,9.466484268125855,2
medium,pr299_gen3_m3,k100_linf,2000,6.320109439124487,3.173734610123119,9.466484268125855,2
medium,pr299_gen3_m3,k100_linf,2050,6.320109439124487,3.173734610123119,9.466484268125855,2
medium,pr299_gen3_m3,k100_linf,2100,6.320109439124487,3.173734610123119,9.466484268125855,2
medium,pr299_gen3_m3,k100_linf,2150,6.320109439124487,3.173734610123119,9.466484268125855,2
medium,pr299_gen3_m3,k100_linf,2200,6.320109439124487,3.173734610123119,9.466484268125855,2
medium,pr299_gen3_m3,k100_linf,2250,6.320109439124487,3.173734610123119,9.466484268125855,2
medium,pr299_gen3_m3,k100_linf,2300,6.320109439124487,3.173734610123119,9.466484268125855,2
medium,pr299_gen3_m3,k100_linf,2350,6.320109439124487,3.173734610123119,9.466484268125855,2
medium,pr299_gen3_m3,k100_linf,2400,6.320109439124487,3.173734610123119,9.466484268125855,2
medium,pr299_gen3_m3,k100_linf,2450,6.320109439124487,3.173734610123119,9.466484268125855,2
medium,pr299_gen3_m3,k100_linf,2500,6.320109439124487,3.173734610123119,9.466484268125855,2
medium,pr299_gen3_m3,k100_linf,2550,6.320109439124487,3.173734610123119,9.466484268125855,2
medium,pr299_gen3_m3,k100_linf,2600,6.320109439124487,3.173734610123119,9.466484268125855,2
medium,pr299_gen3_m3,k100_linf,2650,6.320109439124487,3.173734610123119,9.466484268125855,2
medium,pr299_gen3_m3,k100_linf,2700,6.320109439124487,3.173734610123119,9.466484268125855,2
medium,pr299_gen3_m3,k100_linf,2750,6.320109439124487,3.173734610123119,9.466484268125855,2
medium,pr299_gen3_m3,k100_linf,2800,6.320109439124487,3.173734610123119,9.466484268125855,2
medium,pr299_gen3_m3,k100_linf,2850,6.320109439124487,3.173734610123119,9.466484268125855,2
medium,pr299_gen3_m3,k100_linf,2900,6.320109439124487,3.173734610123119,9.466484268125855,2
medium,pr299_gen3_m3,k100_linf,2950,6.320109439124487,3.173734610123119,9.466484268125855,2
medium,pr299_gen3_m3,k100_linf,3000,6.320109439124487,3.173734610123119,9.466484268125855,2
medium,pr299_gen3_m3,k100_linf,3050,6.320109439124487,3.173734610123119,9.466484268125855,2
medium,pr299_gen3_m3,k100_linf,3100,6.320109439124487,3.173734610123119,9.466484268125855,2
medium,pr299_gen3_m3,k100_linf,3150,6.320109439124487,3.173734610123119,9.466484268125855,2
medium,pr299_gen3_m3,k100_linf,3200,6.320109439124487,3.173734610123119,9.466484268125855,2
medium,pr299_gen3_m3,k100_linf,3250,6.320109439124487,3.173734610123119,9.466484268125855,2
medium,pr299_gen3_m3,k100_linf,3300,6.320109439124487,3.173734610123119,9.466484268125855,2
medium,pr299_gen3_m3,k100_linf,3350,6.320109439124487,3.173734610123119,9.466484268125855,2
medium,pr299_gen3_m3,k100_linf,3400,6.320109439124487,3.173734610123119,9.466484268125855,2
medium,pr299_gen3_m3,k100_linf,3450,6.320109439124487,3.173734610123119,9.466484268125855,2
medium,pr299_gen3_m3,k100_linf,3500,6.320109439124487,3.173734610123119,9.466484268125855,2
medium,pr299_gen3_m3,k100_linf,3550,6.320109439124487,3.173734610123119,9.466484268125855,2
medium,pr299_gen3_m3,k100_linf,3600,6.320109439124487,3.173734610123119,9.466484268125855,2
medium,pr299_gen3_m3,k100_linf,3650,6.320109439124487,3.173734610123119,9.466484268125855,2
medium,pr299_gen3_m3,k100_linf,3700,6.320109439124487,3.173734610123119,9.466484268125855,2
medium,pr299_gen3_m3,k100_linf,3750,6.25170998632011,3.036935704514364,9.466484268125855,2
medium,pr299_gen3_m3,k100_linf,3800,6.25170998632011,3.036935704514364,9.466484268125855,2
medium,pr299_gen3_m3,k100_linf,3850,6.25170998632011,3.036935704514364,9.466484268125855,2
medium,pr299_gen3_m3,k100_linf,3900,6.25170998632011,3.036935704514364,9.466484268125855,2
medium,pr299_gen3_m3,k100_linf,3950,6.25170998632011,3.036935704514364,9.466484268125855,2
medium,pr299_gen3_m3,k100_linf,4000,6.25170998632011,3.036935704514364,9.466484268125855,2
medium,pr299_gen3_m3,k100_linf,4050,6.25170998632011,3.036935704514364,9.466484268125855,2
medium,pr299_gen3_m3,k100_linf,4100,6.25170998632011,3.036935704514364,9.466484268125855,2
medium,pr299_gen3_m3,k100_linf,4150,6.25170998632011,3.036935704514364,9.466484268125855,2
medium,pr299_gen3_m3,k100_linf,4200,6.25170998632011,3.036935704514364,9.466484268125855,2
medium,pr299_gen3_m3,k100_linf,4250,6.25170998632011,3.036935704514364,9.466484268125855,2
medium,pr299_gen3_m3,k100_linf,4300,6.25170998632011,3.036935704514364,9.466484268125855,2
medium,pr299_gen3_m3,k100_linf,4350,6.25170998632011,3.036935704514364,9.466484268125855,2
medium,pr299_gen3_m3,k100_linf,4400,6.25170998632011,3.036935704514364,9.466484268125855,2
medium,pr299_gen3_m3,k100_linf,4450,6.25170998632011,3.036935704514364,9.466484268125855,2
medium,pr299_gen3_m3,k100_linf,4500,6.25170998632011,3.036935704514364,9.466484268125855,2
medium,pr299_gen3_m3,k100_linf,4550,6.25170998632011,3.036935704514364,9.466484268125855,2
medium,pr299_gen3_m3,k100_linf,4600,6.25170998632011,3.036935704514364,9.466484268125855,2
medium,pr299_gen3_m3,k100_linf,4650,6.25170998632011,3.036935704514364,9.466484268125855,2
medium,pr299_gen3_m3,k100_linf,4700,6.25170998632011,3.036935704514364,9.466484268125855,2
medium,pr299_gen3_m3,k100_linf,4750,6.25170998632011,3.036935704514364,9.466484268125855,2
medium,pr299_gen3_m3,k100_linf,4800,6.25170998632011,3.036935704514364,9.466484268125855,2
medium,pr299_gen3_m3,k100_linf,4850,6.25170998632011,3.036935704514364,9.466484268125855,2
medium,pr299_gen3_m3,k100_linf,4900,6.25170998632011,3.036935704514364,9.466484268125855,2
medium,pr299_gen3_m3,k100_linf,4950,6.25170998632011,3.036935704514364,9.466484268125855,2
medium,pr299_gen3_m3,k100_linf,5000,6.25170998632011,3.036935704514364,9.466484268125855,2
medium,pr299_gen3_m3,k20_l1,0,28.673050615595077,28.673050615595077,28.673050615595077,2
medium,pr299_gen3_m3,k20_l1,50,17.41450068399453,15.896032831737346,18.93296853625171,2
medium,pr299_gen3_m3,k20_l1,100,10.82079343365253,9.357045143638851,12.28454172366621,2
medium,pr299_gen3_m3,k20_l1,150,8.276333789329685,4.897400820793433,11.655266757865936,2
medium,pr299_gen3_m3,k20_l1,200,7.83857729138167,4.651162790697675,11.025991792065664,2
medium,pr299_gen3_m3,k20_l1,250,7.332421340629276,4.651162790697675,10.013679890560876,2
medium,pr299_gen3_m3,k20_l1,300,7.332421340629276,4.651162790697675,10.013679890560876,2
medium,pr299_gen3_m3,k20_l1,350,6.963064295485637,4.569083447332422,9.357045143638851,2
medium,pr299_gen3_m3,k20_l1,400,6.963064295485637,4.569083447332422,9.357045143638851,2
medium,pr299_gen3_m3,k20_l1,450,6.963064295485637,4.569083447332422,9.357045143638851,2
medium,pr299_gen3_m3,k20_l1,500,6.963064295485637,4.569083447332422,9.357045143638851,2
medium,pr299_gen3_m3,k20_l1,550,6.963064295485637,4.569083447332422,9.357045143638851,2
medium,pr299_gen3_m3,k20_l1,600,6.963064295485637,4.569083447332422,9.357045143638851,2
medium,pr299_gen3_m3,k20_l1,650,6.963064295485637,4.569083447332422,9.357045143638851,2
medium,pr299_gen3_m3,k20_l1,700,6.963064295485637,4.569083447332422,9.357045143638851,2
medium,pr299_gen3_m3,k20_l1,750,6.963064295485637,4.569083447332422,9.357045143638851,2
medium,pr299_gen3_m3,k20_l1,800,6.963064295485637,4.569083447332422,9.357045143638851,2
medium,pr299_gen3_m3,k20_l1,850,6.963064295485637,4.569083447332422,9.357045143638851,2
medium,pr299_gen3_m3,k20_l1,900,6.963064295485637,4.569083447332422,9.357045143638851,2
medium,pr299_gen3_m3,k20_l1,950,6.963064295485637,4.569083447332422,9.357045143638851,2
medium,pr299_gen3_m3,k20_l1,1000,6.963064295485637,4.569083447332422,9.357045143638851,2
medium,pr299_gen3_m3,k20_l1,1050,6.963064295485637,4.569083447332422,9.357045143638851,2
medium,pr299_gen3_m3,k20_l1,1100,6.963064295485637,4.569083447332422,9.357045143638851,2
medium,pr299_gen3_m3,k20_l1,1150,6.963064295485637,4.569083447332422,9.357045143638851,2
medium,pr299_gen3_m3,k20_l1,1200,6.963064295485637,4.569083447332422,9.357045143638851,2
medium,pr299_gen3_m3,k20_l1,1250,6.963064295485637,4.569083447332422,9.357045143638851,2
medium,pr299_gen3_m3,k20_l1,1300,6.963064295485637,4.569083447332422,9.357045143638851,2
medium,pr299_gen3_m3,k20_l1,1350,6.593707250341998,4.569083447332422,8.618331053351573,2
medium,pr299_gen3_m3,k20_l1,1400,6.593707250341998,4.569083447332422,8.618331053351573,2
medium,pr299_gen3_m3,k20_l1,1450,6.593707250341998,4.569083447332422,8.618331053351573,2
medium,pr299_gen3_m3,k20_l1,1500,6.593707250341998,4.569083447332422,8.618331053351573,2
medium,pr299_gen3_m3,k20_l1,1550,6.593707250341998,4.569083447332422,8.618331053351573,2
medium,pr299_gen3_m3,k20_l1,1600,6.593707250341998,4.569083447332422,8.618331053351573,2
medium,pr299_gen3_m3,k20_l1,1650,6.593707250341998,4.569083447332422,8.618331053351573,2
medium,pr299_gen3_m3,k20_l1,1700,6.593707250341998,4.569083447332422,8.618331053351573,2
medium,pr299_gen3_m3,k20_l1,1750,6.593707250341998,4.569083447332422,8.618331053351573,2
medium,pr299_gen3_m3,k20_l1,1800,6.593707250341998,4.569083447332422,8.618331053351573,2
medium,pr299_gen3_m3,k20_l1,1850,6.593707250341998,4.569083447332422,8.618331053351573,2
medium,pr299_gen3_m3,k20_l1,1900,6.593707250341998,4.569083447332422,8.618331053351573,2
medium,pr299_gen3_m3,k20_l1,1950,6.593707250341998,4.569083447332422,8.618331053351573,2
medium,pr299_gen3_m3,k20_l1,2000,6.593707250341998,4.569083447332422,8.618331053351573,2
medium,pr299_gen3_m3,k20_l1,2050,6.593707250341998,4.569083447332422,8.618331053351573,2
medium,pr299_gen3_m3,k20_l1,2100,6.3474692202462375,4.569083447332422,8.125854993160054,2
medium,pr299_gen3_m3,k20_l1,2150,6.3474692202462375,4.569083447332422,8.125854993160054,2
medium,pr299_gen3_m3,k20_l1,2200,6.3474692202462375,4.569083447332422,8.125854993160054,2
medium,pr299_gen3_m3,k20_l1,2250,6.3474692202462375,4.569083447332422,8.125854993160054,2
medium,pr299_gen3_m3,k20_l1,2300,6.3474692202462375,4.569083447332422,8.125854993160054,2
medium,pr299_gen3_m3,k20_l1,2350,6.3474692202462375,4.569083447332422,8.125854993160054,2
medium,pr299_gen3_m3,k20_l1,2400,6.3474692202462375,4.569083447332422,8.125854993160054,2
medium,pr299_gen3_m3,k20_l1,2450,6.3474692202462375,4.569083447332422,8.125854993160054,2
medium,pr299_gen3_m3,k20_l1,2500,6.142270861833105,4.158686730506156,8.125854993160054,2
medium,pr299_gen3_m3,k20_l1,2550,6.142270861833105,4.158686730506156,8.125854993160054,2
medium,pr299_gen3_m3,k20_l1,2600,6.142270861833105,4.158686730506156,8.125854993160054,2
medium,pr299_gen3_m3,k20_l1,2650,6.142270861833105,4.158686730506156,8.125854993160054,2
medium,pr299_gen3_m3,k20_l1,2700,6.142270861833105,4.158686730506156,8.125854993160054,2
medium,pr299_gen3_m3,k20_l1,2750,6.142270861833105,4.158686730506156,8.125854993160054,2
medium,pr299_gen3_m3,k20_l1,2800,6.142270861833105,4.158686730506156,8.125854993160054,2
medium,pr299_gen3_m3,k20_l1,2850,6.142270861833105,4.158686730506156,8.125854993160054,2
medium,pr299_gen3_m3,k20_l1,2900,6.142270861833105,4.158686730506156,8.125854993160054,2
medium,pr299_gen3_m3,k20_l1,2950,6.142270861833105,4.158686730506156,8.125854993160054,2
medium,pr299_gen3_m3,k20_l1,3000,6.142270861833105,4.158686730506156,8.125854993160054,2
medium,pr299_gen3_m3,k20_l1,3050,6.142270861833105,4.158686730506156,8.125854993160054,2
medium,pr299_gen3_m3,k20_l1,3100,6.142270861833105,4.158686730506156,8.125854993160054,2
medium,pr299_gen3_m3,k20_l1,3150,6.142270861833105,4.158686730506156,8.125854993160054,2
medium,pr299_gen3_m3,k20_l1,3200,6.142270861833105,4.158686730506156,8.125854993160054,2
medium,pr299_gen3_m3,k20_l1,3250,6.142270861833105,4.158686730506156,8.125854993160054,2
medium,pr299_gen3_m3,k20_l1,3300,6.142270861833105,4.158686730506156,8.125854993160054,2
medium,pr299_gen3_m3,k20_l1,3350,6.142270861833105,4.158686730506156,8.125854993160054,2
medium,pr299_gen3_m3,k20_l1,3400,6.142270861833105,4.158686730506156,8.125854993160054,2
medium,pr299_gen3_m3,k20_l1,3450,6.142270861833105,4.158686730506156,8.125854993160054,2
medium,pr299_gen3_m3,k20_l1,3500,6.142270861833105,4.158686730506156,8.125854993160054,2
medium,pr299_gen3_m3,k20_l1,3550,6.142270861833105,4.158686730506156,8.125854993160054,2
medium,pr299_gen3_m3,k20_l1,3600,6.12859097127223,4.158686730506156,8.098495212038303,2
medium,pr299_gen3_m3,k20_l1,3650,6.019151846785226,4.158686730506156,7.879616963064295,2
medium,pr299_gen3_m3,k20_l1,3700,6.019151846785226,4.158686730506156,7.879616963064295,2
medium,pr299_gen3_m3,k20_l1,3750,6.019151846785226,4.158686730506156,7.879616963064295,2
medium,pr299_gen3_m3,k20_l1,3800,6.019151846785226,4.158686730506156,7.879616963064295,2
medium,pr299_gen3_m3,k20_l1,3850,6.019151846785226,4.158686730506156,7.879616963064295,2
medium,pr299_gen3_m3,k20_l1,3900,6.019151846785226,4.158686730506156,7.879616963064295,2
medium,pr299_gen3_m3,k20_l1,3950,5.868673050615595,4.158686730506156,7.578659370725034,2
medium,pr299_gen3_m3,k20_l1,4000,5.868673050615595,4.158686730506156,7.578659370725034,2
medium,pr299_gen3_m3,k20_l1,4050,5.868673050615595,4.158686730506156,7.578659370725034,2
medium,pr299_gen3_m3,k20_l1,4100,5.868673050615595,4.158686730506156,7.578659370725034,2
medium,pr299_gen3_m3,k20_l1,4150,5.868673050615595,4.158686730506156,7.578659370725034,2
medium,pr299_gen3_m3,k20_l1,4200,5.868673050615595,4.158686730506156,7.578659370725034,2
medium,pr299_gen3_m3,k20_l1,4250,5.868673050615595,4.158686730506156,7.578659370725034,2
medium,pr299_gen3_m3,k20_l1,4300,5.868673050615595,4.158686730506156,7.578659370725034,2
medium,pr299_gen3_m3,k20_l1,4350,5.868673050615595,4.158686730506156,7.578659370725034,2
medium,pr299_gen3_m3,k20_l1,4400,5.868673050615595,4.158686730506156,7.578659370725034,2
medium,pr299_gen3_m3,k20_l1,4450,5.868673050615595,4.158686730506156,7.578659370725034,2
medium,pr299_gen3_m3,k20_l1,4500,5.868673050615595,4.158686730506156,7.578659370725034,2
medium,pr299_gen3_m3,k20_l1,4550,5.868673050615595,4.158686730506156,7.578659370725034,2
medium,pr299_gen3_m3,k20_l1,4600,5.868673050615595,4.158686730506156,7.578659370725034,2
medium,pr299_gen3_m3,k20_l1,4650,5.868673050615595,4.158686730506156,7.578659370725034,2
medium,pr299_gen3_m3,k20_l1,4700,5.868673050615595,4.158686730506156,7.578659370725034,2
medium,pr299_gen3_m3,k20_l1,4750,5.868673050615595,4.158686730506156,7.578659370725034,2
medium,pr299_gen3_m3,k20_l1,4800,5.868673050615595,4.158686730506156,7.578659370725034,2
medium,pr299_gen3_m3,k20_l1,4850,5.868673050615595,4.158686730506156,7.578659370725034,2
medium,pr299_gen3_m3,k20_l1,4900,5.868673050615595,4.158686730506156,7.578659370725034,2
medium,pr299_gen3_m3,k20_l1,4950,5.868673050615595,4.158686730506156,7.578659370725034,2
medium,pr299_gen3_m3,k20_l1,5000,5.868673050615595,4.158686730506156,7.578659370725034,2
medium,pr299_gen3_m3,k6_l1,0,28.673050615595077,28.673050615595077,28.673050615595077,2
medium,pr299_gen3_m3,k6_l1,50,17.113543091655266,16.169630642954857,18.05745554035568,2
medium,pr299_gen3_m3,k6_l1,100,15.554035567715456,14.008207934336523,17.09986320109439,2
medium,pr299_gen3_m3,k6_l1,150,14.021887824897401,12.886456908344734,15.157318741450068,2
medium,pr299_gen3_m3,k6_l1,200,11.833105335157319,11.573187414500683,12.093023255813954,2
medium,pr299_gen3_m3,k6_l1,250,11.244870041039672,10.91655266757866,11.573187414500683,2
medium,pr299_gen3_m3,k6_l1,300,10.807113543091656,10.041039671682627,11.573187414500683,2
medium,pr299_gen3_m3,k6_l1,350,10.451436388508892,9.3296853625171,11.573187414500683,2
medium,pr299_gen3_m3,k6_l1,400,10.451436388508892,9.3296853625171,11.573187414500683,2
medium,pr299_gen3_m3,k6_l1,450,10.451436388508892,9.3296853625171,11.573187414500683,2
medium,pr299_gen3_m3,k6_l1,500,10.451436388508892,9.3296853625171,11.573187414500683,2
medium,pr299_gen3_m3,k6_l1,550,10.451436388508892,9.3296853625171,11.573187414500683,2
medium,pr299_gen3_m3,k6_l1,600,10.451436388508892,9.3296853625171,11.573187414500683,2
medium,pr299_gen3_m3,k6_l1,650,10.341997264021888,9.3296853625171,11.354309165526676,2
medium,pr299_gen3_m3,k6_l1,700,10.341997264021888,9.3296853625171,11.354309165526676,2
medium,pr299_gen3_m3,k6_l1,750,9.986320109439124,9.274965800273598,10.69767441860465,2
medium,pr299_gen3_m3,k6_l1,800,9.945280437756498,9.274965800273598,10.615595075239398,2
medium,pr299_gen3_m3,k6_l1,850,9.890560875512996,9.274965800273598,10.506155950752394,2
medium,pr299_gen3_m3,k6_l1,900,9.863201094391245,9.220246238030096,10.506155950752394,2
medium,pr299_gen3_m3,k6_l1,950,9.849521203830369,9.192886456908344,10.506155950752394,2
medium,pr299_gen3_m3,k6_l1,1000,9.849521203830369,9.192886456908344,10.506155950752394,2
medium,pr299_gen3_m3,k6_l1,1050,9.521203830369355,9.192886456908344,9.849521203830369,2
medium,pr299_gen3_m3,k6_l1,1100,9.288645690834473,9.08344733242134,9.493844049247606,2
medium,pr299_gen3_m3,k6_l1,1150,9.288645690834473,9.08344733242134,9.493844049247606,2
medium,pr299_gen3_m3,k6_l1,1200,9.288645690834473,9.08344733242134,9.493844049247606,2
medium,pr299_gen3_m3,k6_l1,1250,9.288645690834473,9.08344733242134,9.493844049247606,2
medium,pr299_gen3_m3,k6_l1,1300,9.247606019151846,9.001367989056087,9.493844049247606,2
medium,pr299_gen3_m3,k6_l1,1350,9.247606019151846,9.001367989056087,9.493844049247606,2
medium,pr299_gen3_m3,k6_l1,1400,9.247606019151846,9.001367989056087,9.493844049247606,2
medium,pr299_gen3_m3,k6_l1,1450,9.247606019151846,9.001367989056087,9.493844049247606,2
medium,pr299_gen3_m3,k6_l1,1500,9.247606019151846,9.001367989056087,9.493844049247606,2
medium,pr299_gen3_m3,k6_l1,1550,9.247606019151846,9.001367989056087,9.493844049247606,2
medium,pr299_gen3_m3,k6_l1,1600,9.247606019151846,9.001367989056087,9.493844049247606,2
medium,pr299_gen3_m3,k6_l1,1650,9.247606019151846,9.001367989056087,9.493844049247606,2
medium,pr299_gen3_m3,k6_l1,1700,9.247606019151846,9.001367989056087,9.493844049247606,2
medium,pr299_gen3_m3,k6_l1,1750,9.247606019151846,9.001367989056087,9.493844049247606,2
medium,pr299_gen3_m3,k6_l1,1800,9.247606019151846,9.001367989056087,9.493844049247606,2
medium,pr299_gen3_m3,k6_l1,1850,9.247606019151846,9.001367989056087,9.493844049247606,2
medium,pr299_gen3_m3,k6_l1,1900,9.247606019151846,9.001367989056087,9.493844049247606,2
medium,pr299_gen3_m3,k6_l1,1950,9.247606019151846,9.001367989056087,9.493844049247606,2
medium,pr299_gen3_m3,k6_l1,2000,9.247606019151846,9.001367989056087,9.493844049247606,2
medium,pr299_gen3_m3,k6_l1,2050,9.247606019151846,9.001367989056087,9.493844049247606,2
medium,pr299_gen3_m3,k6_l1,2100,9.247606019151846,9.001367989056087,9.493844049247606,2
medium,pr299_gen3_m3,k6_l1,2150,9.247606019151846,9.001367989056087,9.493844049247606,2
medium,pr299_gen3_m3,k6_l1,2200,9.247606019151846,9.001367989056087,9.493844049247606,2
medium,pr299_gen3_m3,k6_l1,2250,9.247606019151846,9.001367989056087,9.493844049247606,2
medium,pr299_gen3_m3,k6_l1,2300,9.247606019151846,9.001367989056087,9.493844049247606,2
medium,pr299_gen3_m3,k6_l1,2350,9.247606019151846,9.001367989056087,9.493844049247606,2
medium,pr299_gen3_m3,k6_l1,2400,9.247606019151846,9.001367989056087,9.493844049247606,2
medium,pr299_gen3_m3,k6_l1,2450,9.247606019151846,9.001367989056087,9.493844049247606,2
medium,pr299_gen3_m3,k6_l1,2500,9.247606019151846,9.001367989056087,9.493844049247606,2
medium,pr299_gen3_m3,k6_l1,2550,9.247606019151846,9.001367989056087,9.493844049247606,2
medium,pr299_gen3_m3,k6_l1,2600,9.247606019151846,9.001367989056087,9.493844049247606,2
medium,pr299_gen3_m3,k6_l1,2650,9.247606019151846,9.001367989056087,9.493844049247606,2
medium,pr299_gen3_m3,k6_l1,2700,9.247606019151846,9.001367989056087,9.493844049247606,2
medium,pr299_gen3_m3,k6_l1,2750,9.247606019151846,9.001367989056087,9.493844049247606,2
medium,pr299_gen3_m3,k6_l1,2800,9.247606019151846,9.001367989056087,9.493844049247606,2
medium,pr299_gen3_m3,k6_l1,2850,8.768809849521205,8.53625170998632,9.001367989056087,2
medium,pr299_gen3_m3,k6_l1,2900,8.714090287277703,8.426812585499317,9.001367989056087,2
medium,pr299_gen3_m3,k6_l1,2950,8.700410396716826,8.426812585499317,8.974008207934336,2
medium,pr299_gen3_m3,k6_l1,3000,8.632010943912448,8.290013679890562,8.974008207934336,2
medium,pr299_gen3_m3,k6_l1,3050,8.632010943912448,8.290013679890562,8.974008207934336,2
medium,pr299_gen3_m3,k6_l1,3100,8.632010943912448,8.290013679890562,8.974008207934336,2
medium,pr299_gen3_m3,k6_l1,3150,8.632010943912448,8.290013679890562,8.974008207934336,2
medium,pr299_gen3_m3,k6_l1,3200,8.604651162790697,8.235294117647058,8.974008207934336,2
medium,pr299_gen3_m3,k6_l1,3250,8.604651162790697,8.235294117647058,8.974008207934336,2
medium,pr299_gen3_m3,k6_l1,3300,8.604651162790697,8.235294117647058,8.974008207934336,2
medium,pr299_gen3_m3,k6_l1,3350,8.508891928864568,8.235294117647058,8.78248974008208,2
medium,pr299_gen3_m3,k6_l1,3400,8.508891928864568,8.235294117647058,8.78248974008208,2
medium,pr299_gen3_m3,k6_l1,3450,8.508891928864568,8.235294117647058,8.78248974008208,2
medium,pr299_gen3_m3,k6_l1,3500,8.508891928864568,8.235294117647058,8.78248974008208,2
medium,pr299_gen3_m3,k6_l1,3550,8.508891928864568,8.235294117647058,8.78248974008208,2
medium,pr299_gen3_m3,k6_l1,3600,8.508891928864568,8.235294117647058,8.78248974008208,2
medium,pr299_gen3_m3,k6_l1,3650,8.508891928864568,8.235294117647058,8.78248974008208,2
medium,pr299_gen3_m3,k6_l1,3700,8.508891928864568,8.235294117647058,8.78248974008208,2
medium,pr299_gen3_m3,k6_l1,3750,8.508891928864568,8.235294117647058,8.78248974008208,2
medium,pr299_gen3_m3,k6_l1,3800,8.440492476060191,8.235294117647058,8.645690834473324,2
medium,pr299_gen3_m3,k6_l1,3850,8.440492476060191,8.235294117647058,8.645690834473324,2
medium,pr299_gen3_m3,k6_l1,3900,8.440492476060191,8.235294117647058,8.645690834473324,2
medium,pr299_gen3_m3,k6_l1,3950,8.440492476060191,8.235294117647058,8.645690834473324,2
medium,pr299_gen3_m3,k6_l1,4000,8.440492476060191,8.235294117647058,8.645690834473324,2
medium,pr299_gen3_m3,k6_l1,4050,8.440492476060191,8.235294117647058,8.645690834473324,2
medium,pr299_gen3_m3,k6_l1,4100,8.440492476060191,8.235294117647058,8.645690834473324,2
medium,pr299_gen3_m3,k6_l1,4150,8.440492476060191,8.235294117647058,8.645690834473324,2
medium,pr299_gen3_m3,k6_l1,4200,8.426812585499317,8.207934336525307,8.645690834473324,2
medium,pr299_gen3_m3,k6_l1,4250,8.38577291381669,8.207934336525307,8.563611491108071,2
medium,pr299_gen3_m3,k6_l1,4300,8.207934336525307,8.207934336525307,8.207934336525307,2
medium,pr299_gen3_m3,k6_l1,4350,8.207934336525307,8.207934336525307,8.207934336525307,2
medium,pr299_gen3_m3,k6_l1,4400,8.207934336525307,8.207934336525307,8.207934336525307,2
medium,pr299_gen3_m3,k6_l1,4450,8.207934336525307,8.207934336525307,8.207934336525307,2
medium,pr299_gen3_m3,k6_l1,4500,8.207934336525307,8.207934336525307,8.207934336525307,2
medium,pr299_gen3_m3,k6_l1,4550,8.207934336525307,8.207934336525307,8.207934336525307,2
medium,pr299_gen3_m3,k6_l1,4600,8.207934336525307,8.207934336525307,8.207934336525307,2
medium,pr299_gen3_m3,k6_l1,4650,8.207934336525307,8.207934336525307,8.207934336525307,2
medium,pr299_gen3_m3,k6_l1,4700,8.207934336525307,8.207934336525307,8.207934336525307,2
medium,pr299_gen3_m3,k6_l1,4750,8.207934336525307,8.207934336525307,8.207934336525307,2
medium,pr299_gen3_m3,k6_l1,4800,8.207934336525307,8.207934336525307,8.207934336525307,2
medium,pr299_gen3_m3,k6_l1,4850,8.207934336525307,8.207934336525307,8.207934336525307,2
medium,pr299_gen3_m3,k6_l1,4900,8.16689466484268,8.125854993160054,8.207934336525307,2
medium,pr299_gen3_m3,k6_l1,4950,8.16689466484268,8.125854993160054,8.207934336525307,2
medium,pr299_gen3_m3,k6_l1,5000,8.030095759233927,7.934336525307797,8.125854993160054,2
medium,pr299_gen3_m3,off,0,28.673050615595077,28.673050615595077,28.673050615595077,2
medium,pr299_gen3_m3,off,50,16.333789329685363,15.376196990424075,17.29138166894665,2
medium,pr299_gen3_m3,off,100,10.916552667578658,10.725034199726402,11.108071135430915,2
medium,pr299_gen3_m3,off,150,9.630642954856361,9.439124487004104,9.822161422708618,2
medium,pr299_gen3_m3,off,200,9.616963064295486,9.439124487004104,9.794801641586869,2
medium,pr299_gen3_m3,off,250,9.616963064295486,9.439124487004104,9.794801641586869,2
medium,pr299_gen3_m3,off,300,9.616963064295486,9.439124487004104,9.794801641586869,2
medium,pr299_gen3_m3,off,350,9.589603283173735,9.384404924760602,9.794801641586869,2
medium,pr299_gen3_m3,off,400,9.548563611491108,9.384404924760602,9.712722298221614,2
medium,pr299_gen3_m3,off,450,9.548563611491108,9.384404924760602,9.712722298221614,2
medium,pr299_gen3_m3,off,500,9.20656634746922,8.700410396716826,9.712722298221614,2
medium,pr299_gen3_m3,off,550,9.20656634746922,8.700410396716826,9.712722298221614,2
medium,pr299_gen3_m3,off,600,9.20656634746922,8.700410396716826,9.712722298221614,2
medium,pr299_gen3_m3,off,650,9.20656634746922,8.700410396716826,9.712722298221614,2
medium,pr299_gen3_m3,off,700,9.20656634746922,8.700410396716826,9.712722298221614,2
medium,pr299_gen3_m3,off,750,9.042407660738714,8.700410396716826,9.384404924760602,2
medium,pr299_gen3_m3,off,800,9.042407660738714,8.700410396716826,9.384404924760602,2
medium,pr299_gen3_m3,off,850,9.042407660738714,8.700410396716826,9.384404924760602,2
medium,pr299_gen3_m3,off,900,9.042407660738714,8.700410396716826,9.384404924760602,2
medium,pr299_gen3_m3,off,950,9.042407660738714,8.700410396716826,9.384404924760602,2
medium,pr299_gen3_m3,off,1000,9.042407660738714,8.700410396716826,9.384404924760602,2
medium,pr299_gen3_m3,off,1050,9.042407660738714,8.700410396716826,9.384404924760602,2
medium,pr299_gen3_m3,off,1100,9.042407660738714,8.700410396716826,9.384404924760602,2
medium,pr299_gen3_m3,off,1150,9.042407660738714,8.700410396716826,9.384404924760602,2
medium,pr299_gen3_m3,off,1200,9.042407660738714,8.700410396716826,9.384404924760602,2
medium,pr299_gen3_m3,off,1250,9.042407660738714,8.700410396716826,9.384404924760602,2
medium,pr299_gen3_m3,off,1300,9.042407660738714,8.700410396716826,9.384404924760602,2
medium,pr299_gen3_m3,off,1350,9.042407660738714,8.700410396716826,9.384404924760602,2
medium,pr299_gen3_m3,off,1400,9.042407660738714,8.700410396716826,9.384404924760602,2
medium,pr299_gen3_m3,off,1450,9.042407660738714,8.700410396716826,9.384404924760602,2
medium,pr299_gen3_m3,off,1500,9.042407660738714,8.700410396716826,9.384404924760602,2
medium,pr299_gen3_m3,off,1550,9.042407660738714,8.700410396716826,9.384404924760602,2
medium,pr299_gen3_m3,off,1600,9.042407660738714,8.700410396716826,9.384404924760602,2
medium,pr299_gen3_m3,off,1650,9.042407660738714,8.700410396716826,9.384404924760602,2
medium,pr299_gen3_m3,off,1700,9.042407660738714,8.700410396716826,9.384404924760602,2
medium,pr299_gen3_m3,off,1750,9.042407660738714,8.700410396716826,9.384404924760602,2
medium,pr299_gen3_m3,off,1800,9.042407660738714,8.700410396716826,9.384404924760602,2
medium,pr299_gen3_m3,off,1850,9.042407660738714,8.700410396716826,9.384404924760602,2
medium,pr299_gen3_m3,off,1900,9.042407660738714,8.700410396716826,9.384404924760602,2
medium,pr299_gen3_m3,off,1950,9.042407660738714,8.700410396716826,9.384404924760602,2
medium,pr299_gen3_m3,off,2000,9.042407660738714,8.700410396716826,9.384404924760602,2
medium,pr299_gen3_m3,off,2050,9.042407660738714,8.700410396716826,9.384404924760602,2
medium,pr299_gen3_m3,off,2100,9.042407660738714,8.700410396716826,9.384404924760602,2
medium,pr299_gen3_m3,off,2150,9.042407660738714,8.700410396716826,9.384404924760602,2
medium,pr299_gen3_m3,off,2200,9.042407660738714,8.700410396716826,9.384404924760602,2
medium,pr299_gen3_m3,off,2250,9.042407660738714,8.700410396716826,9.384404924760602,2
medium,pr299_gen3_m3,off,2300,9.042407660738714,8.700410396716826,9.384404924760602,2
medium,pr299_gen3_m3,off,2350,9.042407660738714,8.700410396716826,9.384404924760602,2
medium,pr299_gen3_m3,off,2400,9.042407660738714,8.700410396716826,9.384404924760602,2
medium,pr299_gen3_m3,off,2450,9.042407660738714,8.700410396716826,9.384404924760602,2
medium,pr299_gen3_m3,off,2500,9.042407660738714,8.700410396716826,9.384404924760602,2
medium,pr299_gen3_m3,off,2550,9.042407660738714,8.700410396716826,9.384404924760602,2
medium,pr299_gen3_m3,off,2600,9.042407660738714,8.700410396716826,9.384404924760602,2
medium,pr299_gen3_m3,off,2650,9.042407660738714,8.700410396716826,9.384404924760602,2
medium,pr299_gen3_m3,off,2700,9.042407660738714,8.700410396716826,9.384404924760602,2
medium,pr299_gen3_m3,off,2750,9.042407660738714,8.700410396716826,9.384404924760602,2
medium,pr299_gen3_m3,off,2800,9.042407660738714,8.700410396716826,9.384404924760602,2
medium,pr299_gen3_m3,off,2850,9.042407660738714,8.700410396716826,9.384404924760602,2
medium,pr299_gen3_m3,off,2900,9.042407660738714,8.700410396716826,9.384404924760602,2
medium,pr299_gen3_m3,off,2950,9.042407660738714,8.700410396716826,9.384404924760602,2
medium,pr299_gen3_m3,off,3000,9.042407660738714,8.700410396716826,9.384404924760602,2
medium,pr299_gen3_m3,off,3050,9.042407660738714,8.700410396716826,9.384404924760602,2
medium,pr299_gen3_m3,off,3100,9.042407660738714,8.700410396716826,9.384404924760602,2
medium,pr299_gen3_m3,off,3150,9.042407660738714,8.700410396716826,9.384404924760602,2
medium,pr299_gen3_m3,off,3200,8.796169630642954,8.207934336525307,9.384404924760602,2
medium,pr299_gen3_m3,off,3250,8.6593707250342,7.934336525307797,9.384404924760602,2
medium,pr299_gen3_m3,off,3300,8.6593707250342,7.934336525307797,9.384404924760602,2
medium,pr299_gen3_m3,off,3350,8.6593707250342,7.934336525307797,9.384404924760602,2
medium,pr299_gen3_m3,off,3400,8.6593707250342,7.934336525307797,9.384404924760602,2
medium,pr299_gen3_m3,off,3450,8.6593707250342,7.934336525307797,9.384404924760602,2
medium,pr299_gen3_m3,off,3500,8.6593707250342,7.934336525307797,9.384404924760602,2
medium,pr299_gen3_m3,off,3550,8.6593707250342,7.934336525307797,9.384404924760602,2
medium,pr299_gen3_m3,off,3600,8.6593707250342,7.934336525307797,9.384404924760602,2
medium,pr299_gen3_m3,off,3650,8.6593707250342,7.934336525307797,9.384404924760602,2
medium,pr299_gen3_m3,off,3700,8.6593707250342,7.934336525307797,9.384404924760602,2
medium,pr299_gen3_m3,off,3750,8.6593707250342,7.934336525307797,9.384404924760602,2
medium,pr299_gen3_m3,off,3800,8.6593707250342,7.934336525307797,9.384404924760602,2
medium,pr299_gen3_m3,off,3850,8.6593707250342,7.934336525307797,9.384404924760602,2
medium,pr299_gen3_m3,off,3900,8.6593707250342,7.934336525307797,9.384404924760602,2
medium,pr299_gen3_m3,off,3950,8.6593707250342,7.934336525307797,9.384404924760602,2
medium,pr299_gen3_m3,off,4000,8.6593707250342,7.934336525307797,9.384404924760602,2
medium,pr299_gen3_m3,off,4050,8.6593707250342,7.934336525307797,9.384404924760602,2
medium,pr299_gen3_m3,off,4100,8.6593707250342,7.934336525307797,9.384404924760602,2
medium,pr299_gen3_m3,off,4150,8.6593707250342,7.934336525307797,9.384404924760602,2
medium,pr299_gen3_m3,off,4200,8.6593707250342,7.934336525307797,9.384404924760602,2
medium,pr299_gen3_m3,off,4250,8.6593707250342,7.934336525307797,9.384404924760602,2
medium,pr299_gen3_m3,off,4300,8.6593707250342,7.934336525307797,9.384404924760602,2
medium,pr299_gen3_m3,off,4350,8.6593707250342,7.934336525307797,9.384404924760602,2
medium,pr299_gen3_m3,off,4400,8.6593707250342,7.934336525307797,9.384404924760602,2
medium,pr299_gen3_m3,off,4450,8.6593707250342,7.934336525307797,9.384404924760602,2
medium,pr299_gen3_m3,off,4500,8.6593707250342,7.934336525307797,9.384404924760602,2
medium,pr299_gen3_m3,off,4550,8.6593707250342,7.934336525307797,9.384404924760602,2
medium,pr299_gen3_m3,off,4600,8.6593707250342,7.934336525307797,9.384404924760602,2
medium,pr299_gen3_m3,off,4650,8.6593707250342,7.934336525307797,9.384404924760602,2
medium,pr299_gen3_m3,off,4700,8.6593707250342,7.934336525307797,9.384404924760602,2
medium,pr299_gen3_m3,off,4750,8.6593707250342,7.934336525307797,9.384404924760602,2
medium,pr299_gen3_m3,off,4800,8.6593707250342,7.934336525307797,9.384404924760602,2
medium,pr299_gen3_m3,off,4850,8.6593707250342,7.934336525307797,9.384404924760602,2
medium,pr299_gen3_m3,off,4900,8.6593707250342,7.934336525307797,9.384404924760602,2
medium,pr299_gen3_m3,off,4950,8.6593707250342,7.934336525307797,9.384404924760602,2
medium,pr299_gen3_m3,off,5000,8.6593707250342,7.934336525307797,9.384404924760602,2
large,rd400_gen1_m3,k100_l1,0,20.535714285714285,20.535714285714285,20.535714285714285,2
large,rd400_gen1_m3,k100_l1,50,12.723214285714286,11.160714285714286,14.285714285714286,2
large,rd400_gen1_m3,k100_l1,100,12.723214285714286,11.160714285714286,14.285714285714286,2
large,rd400_gen1_m3,k100_l1,150,12.723214285714286,11.160714285714286,14.285714285714286,2
large,rd400_gen1_m3,k100_l1,200,12.723214285714286,11.160714285714286,14.285714285714286,2
large,rd400_gen1_m3,k100_l1,250,10.267857142857142,9.375,11.160714285714286,2
large,rd400_gen1_m3,k100_l1,300,9.821428571428573,8.482142857142858,11.160714285714286,2
large,rd400_gen1_m3,k100_l1,350,9.821428571428573,8.482142857142858,11.160714285714286,2
large,rd400_gen1_m3,k100_l1,400,9.821428571428573,8.482142857142858,11.160714285714286,2
large,rd400_gen1_m3,k100_l1,450,9.821428571428573,8.482142857142858,11.160714285714286,2
large,rd400_gen1_m3,k100_l1,500,9.821428571428573,8.482142857142858,11.160714285714286,2
large,rd400_gen1_m3,k100_l1,550,9.821428571428573,8.482142857142858,11.160714285714286,2
large,rd400_gen1_m3,k100_l1,600,9.821428571428573,8.482142857142858,11.160714285714286,2
large,rd400_gen1_m3,k100_l1,650,9.821428571428573,8.482142857142858,11.160714285714286,2
large,rd400_gen1_m3,k100_l1,700,9.821428571428573,8.482142857142858,11.160714285714286,2
large,rd400_gen1_m3,k100_l1,750,9.821428571428573,8.482142857142858,11.160714285714286,2
large,rd400_gen1_m3,k100_l1,800,9.821428571428573,8.482142857142858,11.160714285714286,2
large,rd400_gen1_m3,k100_l1,850,9.151785714285715,8.482142857142858,9.821428571428571,2
large,rd400_gen1_m3,k100_l1,900,8.482142857142858,7.142857142857143,9.821428571428571,2
large,rd400_gen1_m3,k100_l1,950,7.8125,5.803571428571429,9.821428571428571,2
large,rd400_gen1_m3,k100_l1,1000,7.8125,5.803571428571429,9.821428571428571,2
large,rd400_gen1_m3,k100_l1,1050,7.8125,5.803571428571429,9.821428571428571,2
large,rd400_gen1_m3,k100_l1,1100,7.8125,5.803571428571429,9.821428571428571,2
large,rd400_gen1_m3,k100_l1,1150,7.8125,5.803571428571429,9.821428571428571,2
large,rd400_gen1_m3,k100_l1,1200,7.8125,5.803571428571429,9.821428571428571,2
large,rd400_gen1_m3,k100_l1,1250,7.8125,5.803571428571429,9.821428571428571,2
large,rd400_gen1_m3,k100_l1,1300,7.8125,5.803571428571429,9.821428571428571,2
large,rd400_gen1_m3,k100_l1,1350,7.8125,5.803571428571429,9.821428571428571,2
large,rd400_gen1_m3,k100_l1,1400,7.8125,5.803571428571429,9.821428571428571,2
large,rd400_gen1_m3,k100_l1,1450,7.8125,5.803571428571429,9.821428571428571,2
large,rd400_gen1_m3,k100_l1,1500,7.8125,5.803571428571429,9.821428571428571,2
large,rd400_gen1_m3,k100_l1,1550,7.8125,5.803571428571429,9.821428571428571,2
large,rd400_gen1_m3,k100_l1,1600,7.8125,5.803571428571429,9.821428571428571,2
large,rd400_gen1_m3,k100_l1,1650,7.8125,5.803571428571429,9.821428571428571,2
large,rd400_gen1_m3,k100_l1,1700,7.8125,5.803571428571429,9.821428571428571,2
large,rd400_gen1_m3,k100_l1,1750,7.8125,5.803571428571429,9.821428571428571,2
large,rd400_gen1_m3,k100_l1,1800,7.8125,5.803571428571429,9.821428571428571,2
large,rd400_gen1_m3,k100_l1,1850,7.8125,5.803571428571429,9.821428571428571,2
large,rd400_gen1_m3,k100_l1,1900,7.8125,5.803571428571429,9.821428571428571,2
large,rd400_gen1_m3,k100_l1,1950,7.8125,5.803571428571429,9.821428571428571,2
large,rd400_gen1_m3,k100_l1,2000,7.366071428571429,5.803571428571429,8.928571428571429,2
large,rd400_gen1_m3,k100_l1,2050,7.366071428571429,5.803571428571429,8.928571428571429,2
large,rd400_gen1_m3,k100_l1,2100,7.366071428571429,5.803571428571429,8.928571428571429,2
large,rd400_gen1_m3,k100_l1,2150,7.142857142857143,5.803571428571429,8.482142857142858,2
large,rd400_gen1_m3,k100_l1,2200,7.142857142857143,5.803571428571429,8.482142857142858,2
large,rd400_gen1_m3,k100_l1,2250,7.142857142857143,5.803571428571429,8.482142857142858,2
large,rd400_gen1_m3,k100_l1,2300,7.142857142857143,5.803571428571429,8.482142857142858,2
large,rd400_gen1_m3,k100_l1,2350,7.142857142857143,5.803571428571429,8.482142857142858,2
large,rd400_gen1_m3,k100_l1,2400,7.142857142857143,5.803571428571429,8.482142857142858,2
large,rd400_gen1_m3,k100_l1,2450,7.142857142857143,5.803571428571429,8.482142857142858,2
large,rd400_gen1_m3,k100_l1,2500,7.142857142857143,5.803571428571429,8.482142857142858,2
large,rd400_gen1_m3,k100_l1,2550,7.142857142857143,5.803571428571429,8.482142857142858,2
large,rd400_gen1_m3,k100_l1,2600,7.142857142857143,5.803571428571429,8.482142857142858,2
large,rd400_gen1_m3,k100_l1,2650,7.142857142857143,5.803571428571429,8.482142857142858,2
large,rd400_gen1_m3,k100_l1,2700,7.142857142857143,5.803571428571429,8.482142857142858,2
large,rd400_gen1_m3,k100_l1,2750,7.142857142857143,5.803571428571429,8.482142857142858,2
large,rd400_gen1_m3,k100_l1,2800,7.142857142857143,5.803571428571429,8.482142857142858,2
large,rd400_gen1_m3,k100_l1,2850,7.142857142857143,5.803571428571429,8.482142857142858,2
large,rd400_gen1_m3,k100_l1,2900,7.142857142857143,5.803571428571429,8.482142857142858,2
large,rd400_gen1_m3,k100_l1,2950,7.142857142857143,5.803571428571429,8.482142857142858,2
large,rd400_gen1_m3,k100_l1,3000,7.142857142857143,5.803571428571429,8.482142857142858,2
large,rd400_gen1_m3,k100_l1,3050,6.919642857142858,5.357142857142857,8.482142857142858,2
large,rd400_gen1_m3,k100_l1,3100,6.919642857142858,5.357142857142857,8.482142857142858,2
large,rd400_gen1_m3,k100_l1,3150,6.919642857142858,5.357142857142857,8.482142857142858,2
large,rd400_gen1_m3,k100_l1,3200,6.919642857142858,5.357142857142857,8.482142857142858,2
large,rd400_gen1_m3,k100_l1,3250,6.696428571428571,4.910714285714286,8.482142857142858,2
large,rd400_gen1_m3,k100_l1,3300,6.4732142857142865,4.910714285714286,8.035714285714286,2
large,rd400_gen1_m3,k100_l1,3350,6.25,4.464285714285714,8.035714285714286,2
large,rd400_gen1_m3,k100_l1,3400,6.25,4.464285714285714,8.035714285714286,2
large,rd400_gen1_m3,k100_l1,3450,6.25,4.464285714285714,8.035714285714286,2
large,rd400_gen1_m3,k100_l1,3500,6.25,4.464285714285714,8.035714285714286,2
large,rd400_gen1_m3,k100_l1,3550,6.25,4.464285714285714,8.035714285714286,2
large,rd400_gen1_m3,k100_l1,3600,6.25,4.464285714285714,8.035714285714286,2
large,rd400_gen1_m3,k100_l1,3650,6.026785714285715,4.017857142857143,8.035714285714286,2
large,rd400_gen1_m3,k100_l1,3700,6.026785714285715,4.017857142857143,8.035714285714286,2
large,rd400_gen1_m3,k100_l1,3750,6.026785714285715,4.017857142857143,8.035714285714286,2
large,rd400_gen1_m3,k100_l1,3800,6.026785714285715,4.017857142857143,8.035714285714286,2
large,rd400_gen1_m3,k100_l1,3850,6.026785714285715,4.017857142857143,8.035714285714286,2
large,rd400_gen1_m3,k100_l1,3900,6.026785714285715,4.017857142857143,8.035714285714286,2
large,rd400_gen1_m3,k100_l1,3950,6.026785714285715,4.017857142857143,8.035714285714286,2
large,rd400_gen1_m3,k100_l1,4000,6.026785714285715,4.017857142857143,8.035714285714286,2
large,rd400_gen1_m3,k100_l1,4050,6.026785714285715,4.017857142857143,8.035714285714286,2
large,rd400_gen1_m3,k100_l1,4100,6.026785714285715,4.017857142857143,8.035714285714286,2
large,rd400_gen1_m3,k100_l1,4150,6.026785714285715,4.017857142857143,8.035714285714286,2
large,rd400_gen1_m3,k100_l1,4200,6.026785714285715,4.017857142857143,8.035714285714286,2
large,rd400_gen1_m3,k100_l1,4250,6.026785714285715,4.017857142857143,8.035714285714286,2
large,rd400_gen1_m3,k100_l1,4300,6.026785714285715,4.017857142857143,8.035714285714286,2
large,rd400_gen1_m3,k100_l1,4350,6.026785714285715,4.017857142857143,8.035714285714286,2
large,rd400_gen1_m3,k100_l1,4400,6.026785714285715,4.017857142857143,8.035714285714286,2
large,rd400_gen1_m3,k100_l1,4450,6.026785714285715,4.017857142857143,8.035714285714286,2
large,rd400_gen1_m3,k100_l1,4500,6.026785714285715,4.017857142857143,8.035714285714286,2
large,rd400_gen1_m3,k100_l1,4550,5.803571428571429,4.017857142857143,7.589285714285714,2
large,rd400_gen1_m3,k100_l1,4600,5.803571428571429,4.017857142857143,7.589285714285714,2
large,rd400_gen1_m3,k100_l1,4650,5.803571428571429,4.017857142857143,7.589285714285714,2
large,rd400_gen1_m3,k100_l1,4700,5.803571428571429,4.017857142857143,7.589285714285714,2
large,rd400_gen1_m3,k100_l1,4750,5.803571428571429,4.017857142857143,7.589285714285714,2
large,rd400_gen1_m3,k100_l1,4800,5.803571428571429,4.017857142857143,7.589285714285714,2
large,rd400_gen1_m3,k100_l1,4850,5.803571428571429,4.017857142857143,7.589285714285714,2
large,rd400_gen1_m3,k100_l1,4900,5.803571428571429,4.017857142857143,7.589285714285714,2
large,rd400_gen1_m3,k100_l1,4950,5.803571428571429,4.017857142857143,7.589285714285714,2
large,rd400_gen1_m3,k100_l1,5000,5.803571428571429,4.017857142857143,7.589285714285714,2
large,rd400_gen1_m3,k100_l3,0,20.535714285714285,20.535714285714285,20.535714285714285,2
large,rd400_gen1_m3,k100_l3,50,11.383928571428571,10.267857142857142,12.5,2
large,rd400_gen1_m3,k100_l3,100,11.383928571428571,10.267857142857142,12.5,2
large,rd400_gen1_m3,k100_l3,150,10.9375,9.375,12.5,2
large,rd400_gen1_m3,k100_l3,200,10.044642857142858,7.589285714285714,12.5,2
large,rd400_gen1_m3,k100_l3,250,10.044642857142858,7.589285714285714,12.5,2
large,rd400_gen1_m3,k100_l3,300,10.044642857142858,7.589285714285714,12.5,2
large,rd400_gen1_m3,k100_l3,350,10.044642857142858,7.589285714285714,12.5,2
large,rd400_gen1_m3,k100_l3,400,10.044642857142858,7.589285714285714,12.5,2
large,rd400_gen1_m3,k100_l3,450,9.821428571428571,7.142857142857143,12.5,2
large,rd400_gen1_m3,k100_l3,500,9.598214285714285,6.696428571428571,12.5,2
large,rd400_gen1_m3,k100_l3,550,8.705357142857142,6.696428571428571,10.714285714285714,2
large,rd400_gen1_m3,k100_l3,600,8.258928571428571,6.25,10.267857142857142,2
large,rd400_gen1_m3,k100_l3,650,8.258928571428571,6.25,10.267857142857142,2
large,rd400_gen1_m3,k100_l3,700,8.035714285714285,6.25,9.821428571428571,2
large,rd400_gen1_m3,k100_l3,750,8.035714285714285,6.25,9.821428571428571,2
large,rd400_gen1_m3,k100_l3,800,7.8125,5.803571428571429,9.821428571428571,2
large,rd400_gen1_m3,k100_l3,850,7.5892857142857135,5.357142857142857,9.821428571428571,2
large,rd400_gen1_m3,k100_l3,900,7.5892857142857135,5.357142857142857,9.821428571428571,2
large,rd400_gen1_m3,k100_l3,950,7.366071428571429,4.910714285714286,9.821428571428571,2
large,rd400_gen1_m3,k100_l3,1000,7.366071428571429,4.910714285714286,9.821428571428571,2
large,rd400_gen1_m3,k100_l3,1050,7.366071428571429,4.910714285714286,9.821428571428571,2
large,rd400_gen1_m3,k100_l3,1100,7.366071428571429,4.910714285714286,9.821428571428571,2
large,rd400_gen1_m3,k100_l3,1150,7.366071428571429,4.910714285714286,9.821428571428571,2
large,rd400_gen1_m3,k100_l3,1200,7.366071428571429,4.910714285714286,9.821428571428571,2
large,rd400_gen1_m3,k100_l3,1250,7.366071428571429,4.910714285714286,9.821428571428571,2
large,rd400_gen1_m3,k100_l3,1300,7.142857142857142,4.910714285714286,9.375,2
large,rd400_gen1_m3,k100_l3,1350,7.142857142857142,4.910714285714286,9.375,2
large,rd400_gen1_m3,k100_l3,1400,6.919642857142858,4.910714285714286,8.928571428571429,2
large,rd400_gen1_m3,k100_l3,1450,6.919642857142858,4.910714285714286,8.928571428571429,2
large,rd400_gen1_m3,k100_l3,1500,6.919642857142858,4.910714285714286,8.928571428571429,2
large,rd400_gen1_m3,k100_l3,1550,6.919642857142858,4.910714285714286,8.928571428571429,2
large,rd400_gen1_m3,k100_l3,1600,6.919642857142858,4.910714285714286,8.928571428571429,2
large,rd400_gen1_m3,k100_l3,1650,6.919642857142858,4.910714285714286,8.928571428571429,2
large,rd400_gen1_m3,k100_l3,1700,6.919642857142858,4.910714285714286,8.928571428571429,2
large,rd400_gen1_m3,k100_l3,1750,6.919642857142858,4.910714285714286,8.928571428571429,2
large,rd400_gen1_m3,k100_l3,1800,6.919642857142858,4.910714285714286,8.928571428571429,2
large,rd400_gen1_m3,k100_l3,1850,6.919642857142858,4.910714285714286,8.928571428571429,2
large,rd400_gen1_m3,k100_l3,1900,6.919642857142858,4.910714285714286,8.928571428571429,2
large,rd400_gen1_m3,k100_l3,1950,6.919642857142858,4.910714285714286,8.928571428571429,2
large,rd400_gen1_m3,k100_l3,2000,6.696428571428571,4.910714285714286,8.482142857142858,2
large,rd400_gen1_m3,k100_l3,2050,6.696428571428571,4.910714285714286,8.482142857142858,2
large,rd400_gen1_m3,k100_l3,2100,6.696428571428571,4.910714285714286,8.482142857142858,2
large,rd400_gen1_m3,k100_l3,2150,6.696428571428571,4.910714285714286,8.482142857142858,2
large,rd400_gen1_m3,k100_l3,2200,6.696428571428571,4.910714285714286,8.482142857142858,2
large,rd400_gen1_m3,k100_l3,2250,6.696428571428571,4.910714285714286,8.482142857142858,2
large,rd400_gen1_m3,k100_l3,2300,6.696428571428571,4.910714285714286,8.482142857142858,2
large,rd400_gen1_m3,k100_l3,2350,6.696428571428571,4.910714285714286,8.482142857142858,2
large,rd400_gen1_m3,k100_l3,2400,6.696428571428571,4.910714285714286,8.482142857142858,2
large,rd400_gen1_m3,k100_l3,2450,6.696428571428571,4.910714285714286,8.482142857142858,2
large,rd400_gen1_m3,k100_l3,2500,6.696428571428571,4.910714285714286,8.482142857142858,2
large,rd400_gen1_m3,k100_l3,2550,6.696428571428571,4.910714285714286,8.482142857142858,2
large,rd400_gen1_m3,k100_l3,2600,6.696428571428571,4.910714285714286,8.482142857142858,2
large,rd400_gen1_m3,k100_l3,2650,6.696428571428571,4.910714285714286,8.482142857142858,2
large,rd400_gen1_m3,k100_l3,2700,6.696428571428571,4.910714285714286,8.482142857142858,2
large,rd400_gen1_m3,k100_l3,2750,6.696428571428571,4.910714285714286,8.482142857142858,2
large,rd400_gen1_m3,k100_l3,2800,6.696428571428571,4.910714285714286,8.482142857142858,2
large,rd400_gen1_m3,k100_l3,2850,6.4732142857142865,4.910714285714286,8.035714285714286,2
large,rd400_gen1_m3,k100_l3,2900,6.4732142857142865,4.910714285714286,8.035714285714286,2
large,rd400_gen1_m3,k100_l3,2950,6.25,4.910714285714286,7.589285714285714,2
large,rd400_gen1_m3,k100_l3,3000,6.25,4.910714285714286,7.589285714285714,2
large,rd400_gen1_m3,k100_l3,3050,6.25,4.910714285714286,7.589285714285714,2
large,rd400_gen1_m3,k100_l3,3100,6.25,4.910714285714286,7.589285714285714,2
large,rd400_gen1_m3,k100_l3,3150,6.25,4.910714285714286,7.589285714285714,2
large,rd400_gen1_m3,k100_l3,3200,6.25,4.910714285714286,7.589285714285714,2
large,rd400_gen1_m3,k100_l3,3250,6.25,4.910714285714286,7.589285714285714,2
large,rd400_gen1_m3,k100_l3,3300,6.25,4.910714285714286,7.589285714285714,2
large,rd400_gen1_m3,k100_l3,3350,6.25,4.910714285714286,7.589285714285714,2
large,rd400_gen1_m3,k100_l3,3400,6.25,4.910714285714286,7.589285714285714,2
large,rd400_gen1_m3,k100_l3,3450,6.25,4.910714285714286,7.589285714285714,2
large,rd400_gen1_m3,k100_l3,3500,5.803571428571429,4.910714285714286,6.696428571428571,2
large,rd400_gen1_m3,k100_l3,3550,5.357142857142858,4.910714285714286,5.803571428571429,2
large,rd400_gen1_m3,k100_l3,3600,5.357142857142858,4.910714285714286,5.803571428571429,2
large,rd400_gen1_m3,k100_l3,3650,5.357142857142858,4.910714285714286,5.803571428571429,2
large,rd400_gen1_m3,k100_l3,3700,5.357142857142858,4.910714285714286,5.803571428571429,2
large,rd400_gen1_m3,k100_l3,3750,5.357142857142858,4.910714285714286,5.803571428571429,2
large,rd400_gen1_m3,k100_l3,3800,5.357142857142858,4.910714285714286,5.803571428571429,2
large,rd400_gen1_m3,k100_l3,3850,5.357142857142858,4.910714285714286,5.803571428571429,2
large,rd400_gen1_m3,k100_l3,3900,5.357142857142858,4.910714285714286,5.803571428571429,2
large,rd400_gen1_m3,k100_l3,3950,5.357142857142858,4.910714285714286,5.803571428571429,2
large,rd400_gen1_m3,k100_l3,4000,5.357142857142858,4.910714285714286,5.803571428571429,2
large,rd400_gen1_m3,k100_l3,4050,5.357142857142858,4.910714285714286,5.803571428571429,2
large,rd400_gen1_m3,k100_l3,4100,5.357142857142858,4.910714285714286,5.803571428571429,2
large,rd400_gen1_m3,k100_l3,4150,5.357142857142858,4.910714285714286,5.803571428571429,2
large,rd400_gen1_m3,k100_l3,4200,5.357142857142858,4.910714285714286,5.803571428571429,2
large,rd400_gen1_m3,k100_l3,4250,5.357142857142858,4.910714285714286,5.803571428571429,2
large,rd400_gen1_m3,k100_l3,4300,5.357142857142858,4.910714285714286,5.803571428571429,2
large,rd400_gen1_m3,k100_l3,4350,5.357142857142858,4.910714285714286,5.803571428571429,2
large,rd400_gen1_m3,k100_l3,4400,5.357142857142858,4.910714285714286,5.803571428571429,2
large,rd400_gen1_m3,k100_l3,4450,5.357142857142858,4.910714285714286,5.803571428571429,2
large,rd400_gen1_m3,k100_l3,4500,5.357142857142858,4.910714285714286,5.803571428571429,2
large,rd400_gen1_m3,k100_l3,4550,5.357142857142858,4.910714285714286,5.803571428571429,2
large,rd400_gen1_m3,k100_l3,4600,5.357142857142858,4.910714285714286,5.803571428571429,2
large,rd400_gen1_m3,k100_l3,4650,5.357142857142858,4.910714285714286,5.803571428571429,2
large,rd400_gen1_m3,k100_l3,4700,5.357142857142858,4.910714285714286,5.803571428571429,2
large,rd400_gen1_m3,k100_l3,4750,5.133928571428571,4.910714285714286,5.357142857142857,2
large,rd400_gen1_m3,k100_l3,4800,4.910714285714286,4.910714285714286,4.910714285714286,2
large,rd400_gen1_m3,k100_l3,4850,4.910714285714286,4.910714285714286,4.910714285714286,2
large,rd400_gen1_m3,k100_l3,4900,4.910714285714286,4.910714285714286,4.910714285714286,2
large,rd400_gen1_m3,k100_l3,4950,4.910714285714286,4.910714285714286,4.910714285714286,2
large,rd400_gen1_m3,k100_l3,5000,4.910714285714286,4.910714285714286,4.910714285714286,2
large,rd400_gen1_m3,k100_l5,0,20.535714285714285,20.535714285714285,20.535714285714285,2
large,rd400_gen1_m3,k100_l5,50,12.946428571428573,11.607142857142858,14.285714285714286,2
large,rd400_gen1_m3,k100_l5,100,11.607142857142858,11.607142857142858,11.607142857142858,2
large,rd400_gen1_m3,k100_l5,150,11.160714285714285,10.714285714285714,11.607142857142858,2
large,rd400_gen1_m3,k100_l5,200,11.160714285714285,10.714285714285714,11.607142857142858,2
large,rd400_gen1_m3,k100_l5,250,11.160714285714285,10.714285714285714,11.607142857142858,2
large,rd400_gen1_m3,k100_l5,300,11.160714285714285,10.714285714285714,11.607142857142858,2
large,rd400_gen1_m3,k100_l5,350,11.160714285714285,10.714285714285714,11.607142857142858,2
large,rd400_gen1_m3,k100_l5,400,11.160714285714285,10.714285714285714,11.607142857142858,2
large,rd400_gen1_m3,k100_l5,450,10.267857142857142,9.821428571428571,10.714285714285714,2
large,rd400_gen1_m3,k100_l5,500,10.044642857142858,9.375,10.714285714285714,2
large,rd400_gen1_m3,k100_l5,550,10.044642857142858,9.375,10.714285714285714,2
large,rd400_gen1_m3,k100_l5,600,9.821428571428571,8.928571428571429,10.714285714285714,2
large,rd400_gen1_m3,k100_l5,650,9.598214285714285,8.482142857142858,10.714285714285714,2
large,rd400_gen1_m3,k100_l5,700,8.258928571428571,5.803571428571429,10.714285714285714,2
large,rd400_gen1_m3,k100_l5,750,8.258928571428571,5.803571428571429,10.714285714285714,2
large,rd400_gen1_m3,k100_l5,800,8.258928571428571,5.803571428571429,10.714285714285714,2
large,rd400_gen1_m3,k100_l5,850,7.8125,4.910714285714286,10.714285714285714,2
large,rd400_gen1_m3,k100_l5,900,7.8125,4.910714285714286,10.714285714285714,2
large,rd400_gen1_m3,k100_l5,950,7.8125,4.910714285714286,10.714285714285714,2
large,rd400_gen1_m3,k100_l5,1000,7.5892857142857135,4.464285714285714,10.714285714285714,2
large,rd400_gen1_m3,k100_l5,1050,7.5892857142857135,4.464285714285714,10.714285714285714,2
large,rd400_gen1_m3,k100_l5,1100,7.5892857142857135,4.464285714285714,10.714285714285714,2
large,rd400_gen1_m3,k100_l5,1150,7.5892857142857135,4.464285714285714,10.714285714285714,2
large,rd400_gen1_m3,k100_l5,1200,7.5892857142857135,4.464285714285714,10.714285714285714,2
large,rd400_gen1_m3,k100_l5,1250,7.5892857142857135,4.464285714285714,10.714285714285714,2
large,rd400_gen1_m3,k100_l5,1300,7.5892857142857135,4.464285714285714,10.714285714285714,2
large,rd400_gen1_m3,k100_l5,1350,7.5892857142857135,4.464285714285714,10.714285714285714,2
large,rd400_gen1_m3,k100_l5,1400,7.5892857142857135,4.464285714285714,10.714285714285714,2
large,rd400_gen1_m3,k100_l5,1450,7.5892857142857135,4.464285714285714,10.714285714285714,2
large,rd400_gen1_m3,k100_l5,1500,7.142857142857142,3.571428571428572,10.714285714285714,2
large,rd400_gen1_m3,k100_l5,1550,6.919642857142857,3.125,10.714285714285714,2
large,rd400_gen1_m3,k100_l5,1600,6.696428571428571,3.125,10.267857142857142,2
large,rd400_gen1_m3,k100_l5,1650,6.696428571428571,3.125,10.267857142857142,2
large,rd400_gen1_m3,k100_l5,1700,6.696428571428571,3.125,10.267857142857142,2
large,rd400_gen1_m3,k100_l5,1750,6.473214285714286,3.125,9.821428571428571,2
large,rd400_gen1_m3,k100_l5,1800,6.25,3.125,9.375,2
large,rd400_gen1_m3,k100_l5,1850,5.803571428571429,3.125,8.482142857142858,2
large,rd400_gen1_m3,k100_l5,1900,5.803571428571429,3.125,8.482142857142858,2
large,rd400_gen1_m3,k100_l5,1950,5.357142857142858,3.125,7.589285714285714,2
large,rd400_gen1_m3,k100_l5,2000,5.357142857142858,3.125,7.589285714285714,2
large,rd400_gen1_m3,k100_l5,2050,5.357142857142858,3.125,7.589285714285714,2
large,rd400_gen1_m3,k100_l5,2100,5.357142857142858,3.125,7.589285714285714,2
large,rd400_gen1_m3,k100_l5,2150,5.357142857142858,3.125,7.589285714285714,2
large,rd400_gen1_m3,k100_l5,2200,5.357142857142858,3.125,7.589285714285714,2
large,rd400_gen1_m3,k100_l5,2250,5.357142857142858,3.125,7.589285714285714,2
large,rd400_gen1_m3,k100_l5,2300,5.357142857142858,3.125,7.589285714285714,2
large,rd400_gen1_m3,k100_l5,2350,5.357142857142858,3.125,7.589285714285714,2
large,rd400_gen1_m3,k100_l5,2400,5.357142857142858,3.125,7.589285714285714,2
large,rd400_gen1_m3,k100_l5,2450,5.357142857142858,3.125,7.589285714285714,2
large,rd400_gen1_m3,k100_l5,2500,5.357142857142858,3.125,7.589285714285714,2
large,rd400_gen1_m3,k100_l5,2550,5.357142857142858,3.125,7.589285714285714,2
large,rd400_gen1_m3,k100_l5,2600,5.357142857142858,3.125,7.589285714285714,2
large,rd400_gen1_m3,k100_l5,2650,5.357142857142858,3.125,7.589285714285714,2
large,rd400_gen1_m3,k100_l5,2700,5.357142857142858,3.125,7.589285714285714,2
large,rd400_gen1_m3,k100_l5,2750,5.357142857142858,3.125,7.589285714285714,2
large,rd400_gen1_m3,k100_l5,2800,5.357142857142858,3.125,7.589285714285714,2
large,rd400_gen1_m3,k100_l5,2850,5.357142857142858,3.125,7.589285714285714,2
large,rd400_gen1_m3,k100_l5,2900,5.357142857142858,3.125,7.589285714285714,2
large,rd400_gen1_m3,k100_l5,2950,5.357142857142858,3.125,7.589285714285714,2
large,rd400_gen1_m3,k100_l5,3000,5.357142857142858,3.125,7.589285714285714,2
large,rd400_gen1_m3,k100_l5,3050,5.357142857142858,3.125,7.589285714285714,2
large,rd400_gen1_m3,k100_l5,3100,5.357142857142858,3.125,7.589285714285714,2
large,rd400_gen1_m3,k100_l5,3150,5.357142857142858,3.125,7.589285714285714,2
large,rd400_gen1_m3,k100_l5,3200,5.357142857142858,3.125,7.589285714285714,2
large,rd400_gen1_m3,k100_l5,3250,5.357142857142858,3.125,7.589285714285714,2
large,rd400_gen1_m3,k100_l5,3300,5.357142857142858,3.125,7.589285714285714,2
large,rd400_gen1_m3,k100_l5,3350,5.357142857142858,3.125,7.589285714285714,2
large,rd400_gen1_m3,k100_l5,3400,5.357142857142858,3.125,7.589285714285714,2
large,rd400_gen1_m3,k100_l5,3450,5.357142857142858,3.125,7.589285714285714,2
large,rd400_gen1_m3,k100_l5,3500,5.357142857142858,3.125,7.589285714285714,2
large,rd400_gen1_m3,k100_l5,3550,5.357142857142858,3.125,7.589285714285714,2
large,rd400_gen1_m3,k100_l5,3600,5.357142857142858,3.125,7.589285714285714,2
large,rd400_gen1_m3,k100_l5,3650,5.357142857142858,3.125,7.589285714285714,2
large,rd400_gen1_m3,k100_l5,3700,5.357142857142858,3.125,7.589285714285714,2
large,rd400_gen1_m3,k100_l5,3750,5.357142857142858,3.125,7.589285714285714,2
large,rd400_gen1_m3,k100_l5,3800,5.357142857142858,3.125,7.589285714285714,2
large,rd400_gen1_m3,k100_l5,3850,5.357142857142858,3.125,7.589285714285714,2
large,rd400_gen1_m3,k100_l5,3900,5.357142857142858,3.125,7.589285714285714,2
large,rd400_gen1_m3,k100_l5,3950,5.357142857142858,3.125,7.589285714285714,2
large,rd400_gen1_m3,k100_l5,4000,5.133928571428571,3.125,7.142857142857143,2
large,rd400_gen1_m3,k100_l5,4050,5.133928571428571,3.125,7.142857142857143,2
large,rd400_gen1_m3,k100_l5,4100,5.133928571428571,3.125,7.142857142857143,2
large,rd400_gen1_m3,k100_l5,4150,5.133928571428571,3.125,7.142857142857143,2
large,rd400_gen1_m3,k100_l5,4200,5.133928571428571,3.125,7.142857142857143,2
large,rd400_gen1_m3,k100_l5,4250,5.133928571428571,3.125,7.142857142857143,2
large,rd400_gen1_m3,k100_l5,4300,5.133928571428571,3.125,7.142857142857143,2
large,rd400_gen1_m3,k100_l5,4350,5.133928571428571,3.125,7.142857142857143,2
large,rd400_gen1_m3,k100_l5,4400,5.133928571428571,3.125,7.142857142857143,2
large,rd400_gen1_m3,k100_l5,4450,5.133928571428571,3.125,7.142857142857143,2
large,rd400_gen1_m3,k100_l5,4500,5.133928571428571,3.125,7.142857142857143,2
large,rd400_gen1_m3,k100_l5,4550,5.133928571428571,3.125,7.142857142857143,2
large,rd400_gen1_m3,k100_l5,4600,4.910714285714286,3.125,6.696428571428571,2
large,rd400_gen1_m3,k100_l5,4650,4.6875,3.125,6.25,2
large,rd400_gen1_m3,k100_l5,4700,4.464285714285714,3.125,5.803571428571429,2
large,rd400_gen1_m3,k100_l5,4750,4.464285714285714,3.125,5.803571428571429,2
large,rd400_gen1_m3,k100_l5,4800,4.464285714285714,3.125,5.803571428571429,2
large,rd400_gen1_m3,k100_l5,4850,4.464285714285714,3.125,5.803571428571429,2
large,rd400_gen1_m3,k100_l5,4900,4.464285714285714,3.125,5.803571428571429,2
large,rd400_gen1_m3,k100_l5,4950,4.464285714285714,3.125,5.803571428571429,2
large,rd400_gen1_m3,k100_l5,5000,4.464285714285714,3.125,5.803571428571429,2
large,rd400_gen1_m3,k100_linf,0,20.535714285714285,20.535714285714285,20.535714285714285,2
large,rd400_gen1_m3,k100_linf,50,10.9375,9.821428571428571,12.053571428571429,2
large,rd400_gen1_m3,k100_linf,100,10.9375,9.821428571428571,12.053571428571429,2
large,rd400_gen1_m3,k100_linf,150,10.9375,9.821428571428571,12.053571428571429,2
large,rd400_gen1_m3,k100_linf,200,10.9375,9.821428571428571,12.053571428571429,2
large,rd400_gen1_m3,k100_linf,250,9.821428571428571,9.821428571428571,9.821428571428571,2
large,rd400_gen1_m3,k100_linf,300,9.821428571428571,9.821428571428571,9.821428571428571,2
large,rd400_gen1_m3,k100_linf,350,9.821428571428571,9.821428571428571,9.821428571428571,2
large,rd400_gen1_m3,k100_linf,400,9.821428571428571,9.821428571428571,9.821428571428571,2
large,rd400_gen1_m3,k100_linf,450,9.821428571428571,9.821428571428571,9.821428571428571,2
large,rd400_gen1_m3,k100_linf,500,9.821428571428571,9.821428571428571,9.821428571428571,2
large,rd400_gen1_m3,k100_linf,550,9.821428571428571,9.821428571428571,9.821428571428571,2
large,rd400_gen1_m3,k100_linf,600,9.821428571428571,9.821428571428571,9.821428571428571,2
large,rd400_gen1_m3,k100_linf,650,9.821428571428571,9.821428571428571,9.821428571428571,2
large,rd400_gen1_m3,k100_linf,700,9.151785714285715,8.482142857142858,9.821428571428571,2
large,rd400_gen1_m3,k100_linf,750,8.482142857142858,7.589285714285714,9.375,2
large,rd400_gen1_m3,k100_linf,800,8.258928571428571,7.142857142857143,9.375,2
large,rd400_gen1_m3,k100_linf,850,8.035714285714285,6.696428571428571,9.375,2
large,rd400_gen1_m3,k100_linf,900,8.035714285714285,6.696428571428571,9.375,2
large,rd400_gen1_m3,k100_linf,950,8.035714285714285,6.696428571428571,9.375,2
large,rd400_gen1_m3,k100_linf,1000,7.8125,6.696428571428571,8.928571428571429,2
large,rd400_gen1_m3,k100_linf,1050,7.8125,6.696428571428571,8.928571428571429,2
large,rd400_gen1_m3,k100_linf,1100,6.919642857142858,6.696428571428571,7.142857142857143,2
large,rd400_gen1_m3,k100_linf,1150,6.696428571428571,6.696428571428571,6.696428571428571,2
large,rd400_gen1_m3,k100_linf,1200,6.473214285714286,6.25,6.696428571428571,2
large,rd400_gen1_m3,k100_linf,1250,6.473214285714286,6.25,6.696428571428571,2
large,rd400_gen1_m3,k100_linf,1300,6.25,5.803571428571429,6.696428571428571,2
large,rd400_gen1_m3,k100_linf,1350,6.0267857142857135,5.357142857142857,6.696428571428571,2
large,rd400_gen1_m3,k100_linf,1400,6.0267857142857135,5.357142857142857,6.696428571428571,2
large,rd400_gen1_m3,k100_linf,1450,6.0267857142857135,5.357142857142857,6.696428571428571,2
large,rd400_gen1_m3,k100_linf,1500,6.0267857142857135,5.357142857142857,6.696428571428571,2
large,rd400_gen1_m3,k100_linf,1550,6.0267857142857135,5.357142857142857,6.696428571428571,2
large,rd400_gen1_m3,k100_linf,1600,6.0267857142857135,5.357142857142857,6.696428571428571,2
large,rd400_gen1_m3,k100_linf,1650,5.803571428571429,4.910714285714286,6.696428571428571,2
large,rd400_gen1_m3,k100_linf,1700,5.803571428571429,4.910714285714286,6.696428571428571,2
large,rd400_gen1_m3,k100_linf,1750,5.803571428571429,4.910714285714286,6.696428571428571,2
large,rd400_gen1_m3,k100_linf,1800,5.803571428571429,4.910714285714286,6.696428571428571,2
large,rd400_gen1_m3,k100_linf,1850,5.803571428571429,4.910714285714286,6.696428571428571,2
large,rd400_gen1_m3,k100_linf,1900,5.803571428571429,4.910714285714286,6.696428571428571,2
large,rd400_gen1_m3,k100_linf,1950,5.803571428571429,4.910714285714286,6.696428571428571,2
large,rd400_gen1_m3,k100_linf,2000,5.803571428571429,4.910714285714286,6.696428571428571,2
large,rd400_gen1_m3,k100_linf,2050,5.803571428571429,4.910714285714286,6.696428571428571,2
large,rd400_gen1_m3,k100_linf,2100,5.803571428571429,4.910714285714286,6.696428571428571,2
large,rd400_gen1_m3,k100_linf,2150,5.803571428571429,4.910714285714286,6.696428571428571,2
large,rd400_gen1_m3,k100_linf,2200,5.803571428571429,4.910714285714286,6.696428571428571,2
large,rd400_gen1_m3,k100_linf,2250,5.803571428571429,4.910714285714286,6.696428571428571,2
large,rd400_gen1_m3,k100_linf,2300,5.803571428571429,4.910714285714286,6.696428571428571,2
large,rd400_gen1_m3,k100_linf,2350,5.803571428571429,4.910714285714286,6.696428571428571,2
large,rd400_gen1_m3,k100_linf,2400,5.803571428571429,4.910714285714286,6.696428571428571,2
large,rd400_gen1_m3,k100_linf,2450,5.803571428571429,4.910714285714286,6.696428571428571,2
large,rd400_gen1_m3,k100_linf,2500,5.803571428571429,4.910714285714286,6.696428571428571,2
large,rd400_gen1_m3,k100_linf,2550,5.803571428571429,4.910714285714286,6.696428571428571,2
large,rd400_gen1_m3,k100_linf,2600,5.803571428571429,4.910714285714286,6.696428571428571,2
large,rd400_gen1_m3,k100_linf,2650,5.803571428571429,4.910714285714286,6.696428571428571,2
large,rd400_gen1_m3,k100_linf,2700,5.803571428571429,4.910714285714286,6.696428571428571,2
large,rd400_gen1_m3,k100_linf,2750,5.803571428571429,4.910714285714286,6.696428571428571,2
large,rd400_gen1_m3,k100_linf,2800,5.803571428571429,4.910714285714286,6.696428571428571,2
large,rd400_gen1_m3,k100_linf,2850,5.803571428571429,4.910714285714286,6.696428571428571,2
large,rd400_gen1_m3,k100_linf,2900,5.803571428571429,4.910714285714286,6.696428571428571,2
large,rd400_gen1_m3,k100_linf,2950,5.803571428571429,4.910714285714286,6.696428571428571,2
large,rd400_gen1_m3,k100_linf,3000,5.803571428571429,4.910714285714286,6.696428571428571,2
large,rd400_gen1_m3,k100_linf,3050,5.803571428571429,4.910714285714286,6.696428571428571,2
large,rd400_gen1_m3,k100_linf,3100,5.803571428571429,4.910714285714286,6.696428571428571,2
large,rd400_gen1_m3,k100_linf,3150,5.803571428571429,4.910714285714286,6.696428571428571,2
large,rd400_gen1_m3,k100_linf,3200,5.803571428571429,4.910714285714286,6.696428571428571,2
large,rd400_gen1_m3,k100_linf,3250,5.803571428571429,4.910714285714286,6.696428571428571,2
large,rd400_gen1_m3,k100_linf,3300,5.803571428571429,4.910714285714286,6.696428571428571,2
large,rd400_gen1_m3,k100_linf,3350,5.803571428571429,4.910714285714286,6.696428571428571,2
large,rd400_gen1_m3,k100_linf,3400,5.803571428571429,4.910714285714286,6.696428571428571,2
large,rd400_gen1_m3,k100_linf,3450,5.803571428571429,4.910714285714286,6.696428571428571,2
large,rd400_gen1_m3,k100_linf,3500,5.803571428571429,4.910714285714286,6.696428571428571,2
large,rd400_gen1_m3,k100_linf,3550,5.803571428571429,4.910714285714286,6.696428571428571,2
large,rd400_gen1_m3,k100_linf,3600,5.803571428571429,4.910714285714286,6.696428571428571,2
large,rd400_gen1_m3,k100_linf,3650,5.803571428571429,4.910714285714286,6.696428571428571,2
large,rd400_gen1_m3,k100_linf,3700,5.803571428571429,4.910714285714286,6.696428571428571,2
large,rd400_gen1_m3,k100_linf,3750,5.803571428571429,4.910714285714286,6.696428571428571,2
large,rd400_gen1_m3,k100_linf,3800,5.803571428571429,4.910714285714286,6.696428571428571,2
large,rd400_gen1_m3,k100_linf,3850,5.803571428571429,4.910714285714286,6.696428571428571,2
large,rd400_gen1_m3,k100_linf,3900,5.803571428571429,4.910714285714286,6.696428571428571,2
large,rd400_gen1_m3,k100_linf,3950,5.803571428571429,4.910714285714286,6.696428571428571,2
large,rd400_gen1_m3,k100_linf,4000,5.803571428571429,4.910714285714286,6.696428571428571,2
large,rd400_gen1_m3,k100_linf,4050,5.580357142857142,4.464285714285714,6.696428571428571,2
large,rd400_gen1_m3,k100_linf,4100,5.580357142857142,4.464285714285714,6.696428571428571,2
large,rd400_gen1_m3,k100_linf,4150,5.580357142857142,4.464285714285714,6.696428571428571,2
large,rd400_gen1_m3,k100_linf,4200,5.580357142857142,4.464285714285714,6.696428571428571,2
large,rd400_gen1_m3,k100_linf,4250,5.580357142857142,4.464285714285714,6.696428571428571,2
large,rd400_gen1_m3,k100_linf,4300,5.580357142857142,4.464285714285714,6.696428571428571,2
large,rd400_gen1_m3,k100_linf,4350,5.580357142857142,4.464285714285714,6.696428571428571,2
large,rd400_gen1_m3,k100_linf,4400,5.580357142857142,4.464285714285714,6.696428571428571,2
large,rd400_gen1_m3,k100_linf,4450,5.580357142857142,4.464285714285714,6.696428571428571,2
large,rd400_gen1_m3,k100_linf,4500,5.580357142857142,4.464285714285714,6.696428571428571,2
large,rd400_gen1_m3,k100_linf,4550,5.580357142857142,4.464285714285714,6.696428571428571,2
large,rd400_gen1_m3,k100_linf,4600,5.580357142857142,4.464285714285714,6.696428571428571,2
large,rd400_gen1_m3,k100_linf,4650,5.580357142857142,4.464285714285714,6.696428571428571,2
large,rd400_gen1_m3,k100_linf,4700,5.580357142857142,4.464285714285714,6.696428571428571,2
large,rd400_gen1_m3,k100_linf,4750,5.580357142857142,4.464285714285714,6.696428571428571,2
large,rd400_gen1_m3,k100_linf,4800,5.580357142857142,4.464285714285714,6.696428571428571,2
large,rd400_gen1_m3,k100_linf,4850,5.357142857142858,4.464285714285714,6.25,2
large,rd400_gen1_m3,k100_linf,4900,5.357142857142858,4.464285714285714,6.25,2
large,rd400_gen1_m3,k100_linf,4950,5.357142857142858,4.464285714285714,6.25,2
large,rd400_gen1_m3,k100_linf,5000,5.133928571428571,4.017857142857143,6.25,2
large,rd400_gen1_m3,k20_l1,0,20.535714285714285,20.535714285714285,20.535714285714285,2
large,rd400_gen1_m3,k20_l1,50,11.383928571428571,9.375,13.392857142857142,2
large,rd400_gen1_m3,k20_l1,100,11.383928571428571,9.375,13.392857142857142,2
large,rd400_gen1_m3,k20_l1,150,11.160714285714285,9.375,12.946428571428571,2
large,rd400_gen1_m3,k20_l1,200,11.160714285714285,9.375,12.946428571428571,2
large,rd400_gen1_m3,k20_l1,250,11.160714285714285,9.375,12.946428571428571,2
large,rd400_gen1_m3,k20_l1,300,11.160714285714285,9.375,12.946428571428571,2
large,rd400_gen1_m3,k20_l1,350,11.160714285714285,9.375,12.946428571428571,2
large,rd400_gen1_m3,k20_l1,400,11.160714285714285,9.375,12.946428571428571,2
large,rd400_gen1_m3,k20_l1,450,10.491071428571429,8.035714285714286,12.946428571428571,2
large,rd400_gen1_m3,k20_l1,500,10.044642857142858,7.142857142857143,12.946428571428571,2
large,rd400_gen1_m3,k20_l1,550,9.375,7.142857142857143,11.607142857142858,2
large,rd400_gen1_m3,k20_l1,600,9.375,7.142857142857143,11.607142857142858,2
large,rd400_gen1_m3,k20_l1,650,7.5892857142857135,4.910714285714286,10.267857142857142,2
large,rd400_gen1_m3,k20_l1,700,7.5892857142857135,4.910714285714286,10.267857142857142,2
large,rd400_gen1_m3,k20_l1,750,7.366071428571429,4.910714285714286,9.821428571428571,2
large,rd400_gen1_m3,k20_l1,800,6.026785714285714,4.910714285714286,7.142857142857143,2
large,rd400_gen1_m3,k20_l1,850,5.357142857142858,4.910714285714286,5.803571428571429,2
large,rd400_gen1_m3,k20_l1,900,5.357142857142858,4.910714285714286,5.803571428571429,2
large,rd400_gen1_m3,k20_l1,950,5.357142857142858,4.910714285714286,5.803571428571429,2
large,rd400_gen1_m3,k20_l1,1000,5.357142857142858,4.910714285714286,5.803571428571429,2
large,rd400_gen1_m3,k20_l1,1050,5.357142857142858,4.910714285714286,5.803571428571429,2
large,rd400_gen1_m3,k20_l1,1100,5.357142857142858,4.910714285714286,5.803571428571429,2
large,rd400_gen1_m3,k20_l1,1150,5.357142857142858,4.910714285714286,5.803571428571429,2
large,rd400_gen1_m3,k20_l1,1200,5.357142857142858,4.910714285714286,5.803571428571429,2
large,rd400_gen1_m3,k20_l1,1250,5.357142857142858,4.910714285714286,5.803571428571429,2
large,rd400_gen1_m3,k20_l1,1300,5.357142857142858,4.910714285714286,5.803571428571429,2
large,rd400_gen1_m3,k20_l1,1350,5.357142857142858,4.910714285714286,5.803571428571429,2
large,rd400_gen1_m3,k20_l1,1400,5.357142857142858,4.910714285714286,5.803571428571429,2
large,rd400_gen1_m3,k20_l1,1450,5.357142857142858,4.910714285714286,5.803571428571429,2
large,rd400_gen1_m3,k20_l1,1500,5.357142857142858,4.910714285714286,5.803571428571429,2
large,rd400_gen1_m3,k20_l1,1550,5.357142857142858,4.910714285714286,5.803571428571429,2
large,rd400_gen1_m3,k20_l1,1600,5.357142857142858,4.910714285714286,5.803571428571429,2
large,rd400_gen1_m3,k20_l1,1650,5.357142857142858,4.910714285714286,5.803571428571429,2
large,rd400_gen1_m3,k20_l1,1700,5.357142857142858,4.910714285714286,5.803571428571429,2
large,rd400_gen1_m3,k20_l1,1750,5.357142857142858,4.910714285714286,5.803571428571429,2
large,rd400_gen1_m3,k20_l1,1800,5.357142857142858,4.910714285714286,5.803571428571429,2
large,rd400_gen1_m3,k20_l1,1850,5.357142857142858,4.910714285714286,5.803571428571429,2
large,rd400_gen1_m3,k20_l1,1900,5.357142857142858,4.910714285714286,5.803571428571429,2
large,rd400_gen1_m3,k20_l1,1950,5.357142857142858,4.910714285714286,5.803571428571429,2
large,rd400_gen1_m3,k20_l1,2000,5.357142857142858,4.910714285714286,5.803571428571429,2
large,rd400_gen1_m3,k20_l1,2050,5.357142857142858,4.910714285714286,5.803571428571429,2
large,rd400_gen1_m3,k20_l1,2100,5.357142857142858,4.910714285714286,5.803571428571429,2
large,rd400_gen1_m3,k20_l1,2150,5.357142857142858,4.910714285714286,5.803571428571429,2
large,rd400_gen1_m3,k20_l1,2200,5.357142857142858,4.910714285714286,5.803571428571429,2
large,rd400_gen1_m3,k20_l1,2250,5.357142857142858,4.910714285714286,5.803571428571429,2
large,rd400_gen1_m3,k20_l1,2300,5.357142857142858,4.910714285714286,5.803571428571429,2
large,rd400_gen1_m3,k20_l1,2350,5.357142857142858,4.910714285714286,5.803571428571429,2
large,rd400_gen1_m3,k20_l1,2400,5.357142857142858,4.910714285714286,5.803571428571429,2
large,rd400_gen1_m3,k20_l1,2450,5.357142857142858,4.910714285714286,5.803571428571429,2
large,rd400_gen1_m3,k20_l1,2500,5.357142857142858,4.910714285714286,5.803571428571429,2
large,rd400_gen1_m3,k20_l1,2550,5.357142857142858,4.910714285714286,5.803571428571429,2
large,rd400_gen1_m3,k20_l1,2600,5.357142857142858,4.910714285714286,5.803571428571429,2
large,rd400_gen1_m3,k20_l1,2650,5.357142857142858,4.910714285714286,5.803571428571429,2
large,rd400_gen1_m3,k20_l1,2700,5.357142857142858,4.910714285714286,5.803571428571429,2
large,rd400_gen1_m3,k20_l1,2750,5.357142857142858,4.910714285714286,5.803571428571429,2
large,rd400_gen1_m3,k20_l1,2800,5.357142857142858,4.910714285714286,5.803571428571429,2
large,rd400_gen1_m3,k20_l1,2850,5.357142857142858,4.910714285714286,5.803571428571429,2
large,rd400_gen1_m3,k20_l1,2900,5.357142857142858,4.910714285714286,5.803571428571429,2
large,rd400_gen1_m3,k20_l1,2950,5.357142857142858,4.910714285714286,5.803571428571429,2
large,rd400_gen1_m3,k20_l1,3000,5.357142857142858,4.910714285714286,5.803571428571429,2
large,rd400_gen1_m3,k20_l1,3050,5.357142857142858,4.910714285714286,5.803571428571429,2
large,rd400_gen1_m3,k20_l1,3100,5.357142857142858,4.910714285714286,5.803571428571429,2
large,rd400_gen1_m3,k20_l1,3150,5.357142857142858,4.910714285714286,5.803571428571429,2
large,rd400_gen1_m3,k20_l1,3200,5.357142857142858,4.910714285714286,5.803571428571429,2
large,rd400_gen1_m3,k20_l1,3250,5.357142857142858,4.910714285714286,5.803571428571429,2
large,rd400_gen1_m3,k20_l1,3300,5.357142857142858,4.910714285714286,5.803571428571429,2
large,rd400_gen1_m3,k20_l1,3350,5.357142857142858,4.910714285714286,5.803571428571429,2
large,rd400_gen1_m3,k20_l1,3400,5.357142857142858,4.910714285714286,5.803571428571429,2
large,rd400_gen1_m3,k20_l1,3450,5.357142857142858,4.910714285714286,5.803571428571429,2
large,rd400_gen1_m3,k20_l1,3500,5.357142857142858,4.910714285714286,5.803571428571429,2
large,rd400_gen1_m3,k20_l1,3550,5.357142857142858,4.910714285714286,5.803571428571429,2
large,rd400_gen1_m3,k20_l1,3600,5.357142857142858,4.910714285714286,5.803571428571429,2
large,rd400_gen1_m3,k20_l1,3650,5.357142857142858,4.910714285714286,5.803571428571429,2
large,rd400_gen1_m3,k20_l1,3700,5.357142857142858,4.910714285714286,5.803571428571429,2
large,rd400_gen1_m3,k20_l1,3750,5.357142857142858,4.910714285714286,5.803571428571429,2
large,rd400_gen1_m3,k20_l1,3800,5.133928571428571,4.910714285714286,5.357142857142857,2
large,rd400_gen1_m3,k20_l1,3850,5.133928571428571,4.910714285714286,5.357142857142857,2
large,rd400_gen1_m3,k20_l1,3900,5.133928571428571,4.910714285714286,5.357142857142857,2
large,rd400_gen1_m3,k20_l1,3950,5.133928571428571,4.910714285714286,5.357142857142857,2
large,rd400_gen1_m3,k20_l1,4000,5.133928571428571,4.910714285714286,5.357142857142857,2
large,rd400_gen1_m3,k20_l1,4050,4.910714285714286,4.910714285714286,4.910714285714286,2
large,rd400_gen1_m3,k20_l1,4100,4.910714285714286,4.910714285714286,4.910714285714286,2
large,rd400_gen1_m3,k20_l1,4150,4.910714285714286,4.910714285714286,4.910714285714286,2
large,rd400_gen1_m3,k20_l1,4200,4.910714285714286,4.910714285714286,4.910714285714286,2
large,rd400_gen1_m3,k20_l1,4250,4.910714285714286,4.910714285714286,4.910714285714286,2
large,rd400_gen1_m3,k20_l1,4300,4.910714285714286,4.910714285714286,4.910714285714286,2
large,rd400_gen1_m3,k20_l1,4350,4.6875,4.464285714285714,4.910714285714286,2
large,rd400_gen1_m3,k20_l1,4400,4.6875,4.464285714285714,4.910714285714286,2
large,rd400_gen1_m3,k20_l1,4450,4.464285714285714,4.017857142857143,4.910714285714286,2
large,rd400_gen1_m3,k20_l1,4500,4.464285714285714,4.017857142857143,4.910714285714286,2
large,rd400_gen1_m3,k20_l1,4550,4.464285714285714,4.017857142857143,4.910714285714286,2
large,rd400_gen1_m3,k20_l1,4600,4.464285714285714,4.017857142857143,4.910714285714286,2
large,rd400_gen1_m3,k20_l1,4650,4.464285714285714,4.017857142857143,4.910714285714286,2
large,rd400_gen1_m3,k20_l1,4700,4.464285714285714,4.017857142857143,4.910714285714286,2
large,rd400_gen1_m3,k20_l1,4750,4.464285714285714,4.017857142857143,4.910714285714286,2
large,rd400_gen1_m3,k20_l1,4800,4.464285714285714,4.017857142857143,4.910714285714286,2
large,rd400_gen1_m3,k20_l1,4850,4.464285714285714,4.017857142857143,4.910714285714286,2
large,rd400_gen1_m3,k20_l1,4900,4.464285714285714,4.017857142857143,4.910714285714286,2
large,rd400_gen1_m3,k20_l1,4950,4.464285714285714,4.017857142857143,4.910714285714286,2
large,rd400_gen1_m3,k20_l1,5000,4.464285714285714,4.017857142857143,4.910714285714286,2
large,rd400_gen1_m3,k6_l1,0,20.535714285714285,20.535714285714285,20.535714285714285,2
large,rd400_gen1_m3,k6_l1,50,12.946428571428571,8.482142857142858,17.410714285714285,2
large,rd400_gen1_m3,k6_l1,100,11.160714285714286,7.142857142857143,15.178571428571429,2
large,rd400_gen1_m3,k6_l1,150,10.044642857142858,7.142857142857143,12.946428571428571,2
large,rd400_gen1_m3,k6_l1,200,10.044642857142858,7.142857142857143,12.946428571428571,2
large,rd400_gen1_m3,k6_l1,250,10.044642857142858,7.142857142857143,12.946428571428571,2
large,rd400_gen1_m3,k6_l1,300,10.044642857142858,7.142857142857143,12.946428571428571,2
large,rd400_gen1_m3,k6_l1,350,10.044642857142858,7.142857142857143,12.946428571428571,2
large,rd400_gen1_m3,k6_l1,400,10.044642857142858,7.142857142857143,12.946428571428571,2
large,rd400_gen1_m3,k6_l1,450,10.044642857142858,7.142857142857143,12.946428571428571,2
large,rd400_gen1_m3,k6_l1,500,10.044642857142858,7.142857142857143,12.946428571428571,2
large,rd400_gen1_m3,k6_l1,550,10.044642857142858,7.142857142857143,12.946428571428571,2
large,rd400_gen1_m3,k6_l1,600,9.821428571428571,6.696428571428571,12.946428571428571,2
large,rd400_gen1_m3,k6_l1,650,9.598214285714285,6.25,12.946428571428571,2
large,rd400_gen1_m3,k6_l1,700,9.598214285714285,6.25,12.946428571428571,2
large,rd400_gen1_m3,k6_l1,750,9.598214285714285,6.25,12.946428571428571,2
large,rd400_gen1_m3,k6_l1,800,9.598214285714285,6.25,12.946428571428571,2
large,rd400_gen1_m3,k6_l1,850,9.375,6.25,12.5,2
large,rd400_gen1_m3,k6_l1,900,8.928571428571429,6.25,11.607142857142858,2
large,rd400_gen1_m3,k6_l1,950,8.928571428571429,6.25,11.607142857142858,2
large,rd400_gen1_m3,k6_l1,1000,8.482142857142858,6.25,10.714285714285714,2
large,rd400_gen1_m3,k6_l1,1050,8.482142857142858,6.25,10.714285714285714,2
large,rd400_gen1_m3,k6_l1,1100,8.482142857142858,6.25,10.714285714285714,2
large,rd400_gen1_m3,k6_l1,1150,8.482142857142858,6.25,10.714285714285714,2
large,rd400_gen1_m3,k6_l1,1200,8.482142857142858,6.25,10.714285714285714,2
large,rd400_gen1_m3,k6_l1,1250,8.482142857142858,6.25,10.714285714285714,2
large,rd400_gen1_m3,k6_l1,1300,8.258928571428571,6.25,10.267857142857142,2
large,rd400_gen1_m3,k6_l1,1350,8.035714285714285,6.25,9.821428571428571,2
large,rd400_gen1_m3,k6_l1,1400,8.035714285714285,6.25,9.821428571428571,2
large,rd400_gen1_m3,k6_l1,1450,8.035714285714285,6.25,9.821428571428571,2
large,rd400_gen1_m3,k6_l1,1500,7.5892857142857135,5.357142857142857,9.821428571428571,2
large,rd400_gen1_m3,k6_l1,1550,7.5892857142857135,5.357142857142857,9.821428571428571,2
large,rd400_gen1_m3,k6_l1,1600,7.5892857142857135,5.357142857142857,9.821428571428571,2
large,rd400_gen1_m3,k6_l1,1650,7.142857142857142,5.357142857142857,8.928571428571429,2
large,rd400_gen1_m3,k6_l1,1700,7.142857142857142,5.357142857142857,8.928571428571429,2
large,rd400_gen1_m3,k6_l1,1750,7.142857142857142,5.357142857142857,8.928571428571429,2
large,rd400_gen1_m3,k6_l1,1800,7.142857142857142,5.357142857142857,8.928571428571429,2
large,rd400_gen1_m3,k6_l1,1850,7.142857142857142,5.357142857142857,8.928571428571429,2
large,rd400_gen1_m3,k6_l1,1900,7.142857142857142,5.357142857142857,8.928571428571429,2
large,rd400_gen1_m3,k6_l1,1950,7.142857142857142,5.357142857142857,8.928571428571429,2
large,rd400_gen1_m3,k6_l1,2000,7.142857142857142,5.357142857142857,8.928571428571429,2
large,rd400_gen1_m3,k6_l1,2050,6.696428571428571,5.357142857142857,8.035714285714286,2
large,rd400_gen1_m3,k6_l1,2100,6.4732142857142865,4.910714285714286,8.035714285714286,2
large,rd400_gen1_m3,k6_l1,2150,6.4732142857142865,4.910714285714286,8.035714285714286,2
large,rd400_gen1_m3,k6_l1,2200,6.4732142857142865,4.910714285714286,8.035714285714286,2
large,rd400_gen1_m3,k6_l1,2250,6.4732142857142865,4.910714285714286,8.035714285714286,2
large,rd400_gen1_m3,k6_l1,2300,6.4732142857142865,4.910714285714286,8.035714285714286,2
large,rd400_gen1_m3,k6_l1,2350,6.4732142857142865,4.910714285714286,8.035714285714286,2
large,rd400_gen1_m3,k6_l1,2400,6.25,4.910714285714286,7.589285714285714,2
large,rd400_gen1_m3,k6_l1,2450,6.25,4.910714285714286,7.589285714285714,2
large,rd400_gen1_m3,k6_l1,2500,6.25,4.910714285714286,7.589285714285714,2
large,rd400_gen1_m3,k6_l1,2550,6.25,4.910714285714286,7.589285714285714,2
large,rd400_gen1_m3,k6_l1,2600,6.25,4.910714285714286,7.589285714285714,2
large,rd400_gen1_m3,k6_l1,2650,6.25,4.910714285714286,7.589285714285714,2
large,rd400_gen1_m3,k6_l1,2700,6.25,4.910714285714286,7.589285714285714,2
large,rd400_gen1_m3,k6_l1,2750,6.25,4.910714285714286,7.589285714285714,2
large,rd400_gen1_m3,k6_l1,2800,6.25,4.910714285714286,7.589285714285714,2
large,rd400_gen1_m3,k6_l1,2850,6.25,4.910714285714286,7.589285714285714,2
large,rd400_gen1_m3,k6_l1,2900,6.25,4.910714285714286,7.589285714285714,2
large,rd400_gen1_m3,k6_l1,2950,6.25,4.910714285714286,7.589285714285714,2
large,rd400_gen1_m3,k6_l1,3000,6.25,4.910714285714286,7.589285714285714,2
large,rd400_gen1_m3,k6_l1,3050,6.026785714285714,4.464285714285714,7.589285714285714,2
large,rd400_gen1_m3,k6_l1,3100,6.026785714285714,4.464285714285714,7.589285714285714,2
large,rd400_gen1_m3,k6_l1,3150,6.026785714285714,4.464285714285714,7.589285714285714,2
large,rd400_gen1_m3,k6_l1,3200,6.026785714285714,4.464285714285714,7.589285714285714,2
large,rd400_gen1_m3,k6_l1,3250,6.026785714285714,4.464285714285714,7.589285714285714,2
large,rd400_gen1_m3,k6_l1,3300,6.026785714285714,4.464285714285714,7.589285714285714,2
large,rd400_gen1_m3,k6_l1,3350,6.026785714285714,4.464285714285714,7.589285714285714,2
large,rd400_gen1_m3,k6_l1,3400,5.803571428571429,4.017857142857143,7.589285714285714,2
large,rd400_gen1_m3,k6_l1,3450,5.803571428571429,4.017857142857143,7.589285714285714,2
large,rd400_gen1_m3,k6_l1,3500,5.803571428571429,4.017857142857143,7.589285714285714,2
large,rd400_gen1_m3,k6_l1,3550,5.803571428571429,4.017857142857143,7.589285714285714,2
large,rd400_gen1_m3,k6_l1,3600,5.803571428571429,4.017857142857143,7.589285714285714,2
large,rd400_gen1_m3,k6_l1,3650,5.803571428571429,4.017857142857143,7.589285714285714,2
large,rd400_gen1_m3,k6_l1,3700,5.803571428571429,4.017857142857143,7.589285714285714,2
large,rd400_gen1_m3,k6_l1,3750,5.803571428571429,4.017857142857143,7.589285714285714,2
large,rd400_gen1_m3,k6_l1,3800,5.803571428571429,4.017857142857143,7.589285714285714,2
large,rd400_gen1_m3,k6_l1,3850,5.803571428571429,4.017857142857143,7.589285714285714,2
large,rd400_gen1_m3,k6_l1,3900,5.357142857142858,4.017857142857143,6.696428571428571,2
large,rd400_gen1_m3,k6_l1,3950,5.357142857142858,4.017857142857143,6.696428571428571,2
large,rd400_gen1_m3,k6_l1,4000,5.357142857142858,4.017857142857143,6.696428571428571,2
large,rd400_gen1_m3,k6_l1,4050,5.357142857142858,4.017857142857143,6.696428571428571,2
large,rd400_gen1_m3,k6_l1,4100,5.357142857142858,4.017857142857143,6.696428571428571,2
large,rd400_gen1_m3,k6_l1,4150,5.357142857142858,4.017857142857143,6.696428571428571,2
large,rd400_gen1_m3,k6_l1,4200,5.357142857142858,4.017857142857143,6.696428571428571,2
large,rd400_gen1_m3,k6_l1,4250,5.357142857142858,4.017857142857143,6.696428571428571,2
large,rd400_gen1_m3,k6_l1,4300,5.357142857142858,4.017857142857143,6.696428571428571,2
large,rd400_gen1_m3,k6_l1,4350,5.357142857142858,4.017857142857143,6.696428571428571,2
large,rd400_gen1_m3,k6_l1,4400,5.357142857142858,4.017857142857143,6.696428571428571,2
large,rd400_gen1_m3,k6_l1,4450,5.357142857142858,4.017857142857143,6.696428571428571,2
large,rd400_gen1_m3,k6_l1,4500,5.357142857142858,4.017857142857143,6.696428571428571,2
large,rd400_gen1_m3,k6_l1,4550,5.357142857142858,4.017857142857143,6.696428571428571,2
large,rd400_gen1_m3,k6_l1,4600,5.357142857142858,4.017857142857143,6.696428571428571,2
large,rd400_gen1_m3,k6_l1,4650,5.357142857142858,4.017857142857143,6.696428571428571,2
large,rd400_gen1_m3,k6_l1,4700,5.357142857142858,4.017857142857143,6.696428571428571,2
large,rd400_gen1_m3,k6_l1,4750,5.357142857142858,4.017857142857143,6.696428571428571,2
large,rd400_gen1_m3,k6_l1,4800,5.357142857142858,4.017857142857143,6.696428571428571,2
large,rd400_gen1_m3,k6_l1,4850,5.357142857142858,4.017857142857143,6.696428571428571,2
large,rd400_gen1_m3,k6_l1,4900,5.357142857142858,4.017857142857143,6.696428571428571,2
large,rd400_gen1_m3,k6_l1,4950,5.357142857142858,4.017857142857143,6.696428571428571,2
large,rd400_gen1_m3,k6_l1,5000,5.357142857142858,4.017857142857143,6.696428571428571,2
large,rd400_gen1_m3,off,0,20.535714285714285,20.535714285714285,20.535714285714285,2
large,rd400_gen1_m3,off,50,14.955357142857142,12.5,17.410714285714285,2
large,rd400_gen1_m3,off,100,13.169642857142858,12.053571428571429,14.285714285714286,2
large,rd400_gen1_m3,off,150,12.723214285714285,12.053571428571429,13.392857142857142,2
large,rd400_gen1_m3,off,200,11.830357142857142,11.607142857142858,12.053571428571429,2
large,rd400_gen1_m3,off,250,11.607142857142858,11.607142857142858,11.607142857142858,2
large,rd400_gen1_m3,off,300,11.607142857142858,11.607142857142858,11.607142857142858,2
large,rd400_gen1_m3,off,350,11.607142857142858,11.607142857142858,11.607142857142858,2
large,rd400_gen1_m3,off,400,11.607142857142858,11.607142857142858,11.607142857142858,2
large,rd400_gen1_m3,off,450,11.160714285714285,10.714285714285714,11.607142857142858,2
large,rd400_gen1_m3,off,500,9.821428571428571,9.375,10.267857142857142,2
large,rd400_gen1_m3,off,550,9.821428571428571,9.375,10.267857142857142,2
large,rd400_gen1_m3,off,600,9.821428571428571,9.375,10.267857142857142,2
large,rd400_gen1_m3,off,650,9.821428571428571,9.375,10.267857142857142,2
large,rd400_gen1_m3,off,700,9.821428571428571,9.375,10.267857142857142,2
large,rd400_gen1_m3,off,750,9.375,9.375,9.375,2
large,rd400_gen1_m3,off,800,9.375,9.375,9.375,2
large,rd400_gen1_m3,off,850,9.375,9.375,9.375,2
large,rd400_gen1_m3,off,900,8.705357142857142,8.035714285714286,9.375,2
large,rd400_gen1_m3,off,950,8.482142857142858,7.589285714285714,9.375,2
large,rd400_gen1_m3,off,1000,8.482142857142858,7.589285714285714,9.375,2
large,rd400_gen1_m3,off,1050,8.482142857142858,7.589285714285714,9.375,2
large,rd400_gen1_m3,off,1100,8.482142857142858,7.589285714285714,9.375,2
large,rd400_gen1_m3,off,1150,8.258928571428571,7.142857142857143,9.375,2
large,rd400_gen1_m3,off,1200,8.258928571428571,7.142857142857143,9.375,2
large,rd400_gen1_m3,off,1250,8.035714285714285,6.696428571428571,9.375,2
large,rd400_gen1_m3,off,1300,7.8125,6.696428571428571,8.928571428571429,2
large,rd400_gen1_m3,off,1350,7.8125,6.696428571428571,8.928571428571429,2
large,rd400_gen1_m3,off,1400,7.8125,6.696428571428571,8.928571428571429,2
large,rd400_gen1_m3,off,1450,7.366071428571429,6.696428571428571,8.035714285714286,2
large,rd400_gen1_m3,off,1500,7.366071428571429,6.696428571428571,8.035714285714286,2
large,rd400_gen1_m3,off,1550,7.366071428571429,6.696428571428571,8.035714285714286,2
large,rd400_gen1_m3,off,1600,7.366071428571429,6.696428571428571,8.035714285714286,2
large,rd400_gen1_m3,off,1650,7.366071428571429,6.696428571428571,8.035714285714286,2
large,rd400_gen1_m3,off,1700,7.366071428571429,6.696428571428571,8.035714285714286,2
large,rd400_gen1_m3,off,1750,7.366071428571429,6.696428571428571,8.035714285714286,2
large,rd400_gen1_m3,off,1800,7.366071428571429,6.696428571428571,8.035714285714286,2
large,rd400_gen1_m3,off,1850,7.366071428571429,6.696428571428571,8.035714285714286,2
large,rd400_gen1_m3,off,1900,7.366071428571429,6.696428571428571,8.035714285714286,2
large,rd400_gen1_m3,off,1950,7.366071428571429,6.696428571428571,8.035714285714286,2
large,rd400_gen1_m3,off,2000,7.142857142857143,6.25,8.035714285714286,2
large,rd400_gen1_m3,off,2050,6.919642857142858,5.803571428571429,8.035714285714286,2
large,rd400_gen1_m3,off,2100,6.919642857142858,5.803571428571429,8.035714285714286,2
large,rd400_gen1_m3,off,2150,6.919642857142858,5.803571428571429,8.035714285714286,2
large,rd400_gen1_m3,off,2200,6.919642857142858,5.803571428571429,8.035714285714286,2
large,rd400_gen1_m3,off,2250,6.919642857142858,5.803571428571429,8.035714285714286,2
large,rd400_gen1_m3,off,2300,6.696428571428571,5.357142857142857,8.035714285714286,2
large,rd400_gen1_m3,off,2350,6.25,4.464285714285714,8.035714285714286,2
large,rd400_gen1_m3,off,2400,6.25,4.464285714285714,8.035714285714286,2
large,rd400_gen1_m3,off,2450,6.026785714285714,4.464285714285714,7.589285714285714,2
large,rd400_gen1_m3,off,2500,5.803571428571429,4.464285714285714,7.142857142857143,2
large,rd400_gen1_m3,off,2550,5.803571428571429,4.464285714285714,7.142857142857143,2
large,rd400_gen1_m3,off,2600,5.803571428571429,4.464285714285714,7.142857142857143,2
large,rd400_gen1_m3,off,2650,5.803571428571429,4.464285714285714,7.142857142857143,2
large,rd400_gen1_m3,off,2700,5.803571428571429,4.464285714285714,7.142857142857143,2
large,rd400_gen1_m3,off,2750,5.580357142857143,4.017857142857143,7.142857142857143,2
large,rd400_gen1_m3,off,2800,5.580357142857143,4.017857142857143,7.142857142857143,2
large,rd400_gen1_m3,off,2850,5.580357142857143,4.017857142857143,7.142857142857143,2
large,rd400_gen1_m3,off,2900,5.580357142857143,4.017857142857143,7.142857142857143,2
large,rd400_gen1_m3,off,2950,5.580357142857143,4.017857142857143,7.142857142857143,2
large,rd400_gen1_m3,off,3000,5.580357142857143,4.017857142857143,7.142857142857143,2
large,rd400_gen1_m3,off,3050,5.580357142857143,4.017857142857143,7.142857142857143,2
large,rd400_gen1_m3,off,3100,5.357142857142858,4.017857142857143,6.696428571428571,2
large,rd400_gen1_m3,off,3150,5.357142857142858,4.017857142857143,6.696428571428571,2
large,rd400_gen1_m3,off,3200,5.357142857142858,4.017857142857143,6.696428571428571,2
large,rd400_gen1_m3,off,3250,5.357142857142858,4.017857142857143,6.696428571428571,2
large,rd400_gen1_m3,off,3300,5.357142857142858,4.017857142857143,6.696428571428571,2
large,rd400_gen1_m3,off,3350,5.357142857142858,4.017857142857143,6.696428571428571,2
large,rd400_gen1_m3,off,3400,5.357142857142858,4.017857142857143,6.696428571428571,2
large,rd400_gen1_m3,off,3450,5.357142857142858,4.017857142857143,6.696428571428571,2
large,rd400_gen1_m3,off,3500,5.357142857142858,4.017857142857143,6.696428571428571,2
large,rd400_gen1_m3,off,3550,5.357142857142858,4.017857142857143,6.696428571428571,2
large,rd400_gen1_m3,off,3600,5.357142857142858,4.017857142857143,6.696428571428571,2
large,rd400_gen1_m3,off,3650,5.357142857142858,4.017857142857143,6.696428571428571,2
large,rd400_gen1_m3,off,3700,4.9107142857142865,4.017857142857143,5.803571428571429,2
large,rd400_gen1_m3,off,3750,4.9107142857142865,4.017857142857143,5.803571428571429,2
large,rd400_gen1_m3,off,3800,4.6875,4.017857142857143,5.357142857142857,2
large,rd400_gen1_m3,off,3850,4.241071428571429,4.017857142857143,4.464285714285714,2
large,rd400_gen1_m3,off,3900,4.241071428571429,4.017857142857143,4.464285714285714,2
large,rd400_gen1_m3,off,3950,4.017857142857143,3.571428571428572,4.464285714285714,2
large,rd400_gen1_m3,off,4000,4.017857142857143,3.571428571428572,4.464285714285714,2
large,rd400_gen1_m3,off,4050,4.017857142857143,3.571428571428572,4.464285714285714,2
large,rd400_gen1_m3,off,4100,4.017857142857143,3.571428571428572,4.464285714285714,2
large,rd400_gen1_m3,off,4150,4.017857142857143,3.571428571428572,4.464285714285714,2
large,rd400_gen1_m3,off,4200,4.017857142857143,3.571428571428572,4.464285714285714,2
large,rd400_gen1_m3,off,4250,4.017857142857143,3.571428571428572,4.464285714285714,2
large,rd400_gen1_m3,off,4300,4.017857142857143,3.571428571428572,4.464285714285714,2
large,rd400_gen1_m3,off,4350,4.017857142857143,3.571428571428572,4.464285714285714,2
large,rd400_gen1_m3,off,4400,4.017857142857143,3.571428571428572,4.464285714285714,2
large,rd400_gen1_m3,off,4450,4.017857142857143,3.571428571428572,4.464285714285714,2
large,rd400_gen1_m3,off,4500,4.017857142857143,3.571428571428572,4.464285714285714,2
large,rd400_gen1_m3,off,4550,4.017857142857143,3.571428571428572,4.464285714285714,2
large,rd400_gen1_m3,off,4600,4.017857142857143,3.571428571428572,4.464285714285714,2
large,rd400_gen1_m3,off,4650,4.017857142857143,3.571428571428572,4.464285714285714,2
large,rd400_gen1_m3,off,4700,4.017857142857143,3.571428571428572,4.464285714285714,2
large,rd400_gen1_m3,off,4750,4.017857142857143,3.571428571428572,4.464285714285714,2
large,rd400_gen1_m3,off,4800,3.7946428571428577,3.571428571428572,4.017857142857143,2
large,rd400_gen1_m3,off,4850,3.7946428571428577,3.571428571428572,4.017857142857143,2
large,rd400_gen1_m3,off,4900,3.7946428571428577,3.571428571428572,4.017857142857143,2
large,rd400_gen1_m3,off,4950,3.7946428571428577,3.571428571428572,4.017857142857143,2
large,rd400_gen1_m3,off,5000,3.7946428571428577,3.571428571428572,4.017857142857143,2
large,rd400_gen2_m3,k100_l1,0,28.68891349043176,28.68891349043176,28.68891349043176,2
large,rd400_gen2_m3,k100_l1,50,12.585007116874902,12.549422742369128,12.620591491380674,2
large,rd400_gen2_m3,k100_l1,100,11.549106436817965,11.05487901312668,12.043333860509252,2
large,rd400_gen2_m3,k100_l1,150,11.102324845801043,10.975802625336074,11.228847066266011,2
large,rd400_gen2_m3,k100_l1,200,10.65554325478412,10.64368179661553,10.667404712952711,2
large,rd400_gen2_m3,k100_l1,250,9.987347777953502,9.81337972481417,10.161315831092836,2
large,rd400_gen2_m3,k100_l1,300,9.457535979756445,8.793294322315356,10.121777637197534,2
large,rd400_gen2_m3,k100_l1,350,8.990985291791871,8.231851969002056,9.750118614581686,2
large,rd400_gen2_m3,k100_l1,400,8.963308556065158,8.231851969002056,9.694765143128262,2
large,rd400_gen2_m3,k100_l1,450,8.939585639727978,8.231851969002056,9.6473193104539,2
large,rd400_gen2_m3,k100_l1,500,8.931678000948917,8.231851969002056,9.631504032895778,2
large,rd400_gen2_m3,k100_l1,550,8.931678000948917,8.231851969002056,9.631504032895778,2
large,rd400_gen2_m3,k100_l1,600,8.931678000948917,8.231851969002056,9.631504032895778,2
large,rd400_gen2_m3,k100_l1,650,8.931678000948917,8.231851969002056,9.631504032895778,2
large,rd400_gen2_m3,k100_l1,700,8.528388423216828,7.425272813537878,9.631504032895778,2
large,rd400_gen2_m3,k100_l1,750,8.524434603827299,7.417365174758817,9.631504032895778,2
large,rd400_gen2_m3,k100_l1,800,8.401866202751858,7.235489482840424,9.568242922663291,2
large,rd400_gen2_m3,k100_l1,850,8.397912383362327,7.227581844061363,9.568242922663291,2
large,rd400_gen2_m3,k100_l1,900,8.188359955717223,7.227581844061363,9.149138067373082,2
large,rd400_gen2_m3,k100_l1,950,8.188359955717223,7.227581844061363,9.149138067373082,2
large,rd400_gen2_m3,k100_l1,1000,8.156729400600982,7.227581844061363,9.0858769571406,2
large,rd400_gen2_m3,k100_l1,1050,8.0025304444093,6.919183931678001,9.0858769571406,2
large,rd400_gen2_m3,k100_l1,1100,8.0025304444093,6.919183931678001,9.0858769571406,2
large,rd400_gen2_m3,k100_l1,1150,8.0025304444093,6.919183931678001,9.0858769571406,2
large,rd400_gen2_m3,k100_l1,1200,8.0025304444093,6.919183931678001,9.0858769571406,2
large,rd400_gen2_m3,k100_l1,1250,8.0025304444093,6.919183931678001,9.0858769571406,2
large,rd400_gen2_m3,k100_l1,1300,8.0025304444093,6.919183931678001,9.0858769571406,2
large,rd400_gen2_m3,k100_l1,1350,8.0025304444093,6.919183931678001,9.0858769571406,2
large,rd400_gen2_m3,k100_l1,1400,8.0025304444093,6.919183931678001,9.0858769571406,2
large,rd400_gen2_m3,k100_l1,1450,8.0025304444093,6.919183931678001,9.0858769571406,2
large,rd400_gen2_m3,k100_l1,1500,8.0025304444093,6.919183931678001,9.0858769571406,2
large,rd400_gen2_m3,k100_l1,1550,8.0025304444093,6.919183931678001,9.0858769571406,2
large,rd400_gen2_m3,k100_l1,1600,8.0025304444093,6.919183931678001,9.0858769571406,2
large,rd400_gen2_m3,k100_l1,1650,8.0025304444093,6.919183931678001,9.0858769571406,2
large,rd400_gen2_m3,k100_l1,1700,8.0025304444093,6.919183931678001,9.0858769571406,2
large,rd400_gen2_m3,k100_l1,1750,8.0025304444093,6.919183931678001,9.0858769571406,2
large,rd400_gen2_m3,k100_l1,1800,8.0025304444093,6.919183931678001,9.0858769571406,2
large,rd400_gen2_m3,k100_l1,1850,8.0025304444093,6.919183931678001,9.0858769571406,2
large,rd400_gen2_m3,k100_l1,1900,7.093151984817335,5.10042701249407,9.0858769571406,2
large,rd400_gen2_m3,k100_l1,1950,7.093151984817335,5.10042701249407,9.0858769571406,2
large,rd400_gen2_m3,k100_l1,2000,7.093151984817335,5.10042701249407,9.0858769571406,2
large,rd400_gen2_m3,k100_l1,2050,7.093151984817335,5.10042701249407,9.0858769571406,2
large,rd400_gen2_m3,k100_l1,2100,7.081290526648743,5.076704096156887,9.0858769571406,2
large,rd400_gen2_m3,k100_l1,2150,7.0417523327534415,4.997627708366282,9.0858769571406,2
large,rd400_gen2_m3,k100_l1,2200,7.0417523327534415,4.997627708366282,9.0858769571406,2
large,rd400_gen2_m3,k100_l1,2250,7.0417523327534415,4.997627708366282,9.0858769571406,2
large,rd400_gen2_m3,k100_l1,2300,7.0417523327534415,4.997627708366282,9.0858769571406,2
large,rd400_gen2_m3,k100_l1,2350,7.0417523327534415,4.997627708366282,9.0858769571406,2
large,rd400_gen2_m3,k100_l1,2400,7.0417523327534415,4.997627708366282,9.0858769571406,2
large,rd400_gen2_m3,k100_l1,2450,7.0417523327534415,4.997627708366282,9.0858769571406,2
large,rd400_gen2_m3,k100_l1,2500,7.0417523327534415,4.997627708366282,9.0858769571406,2
large,rd400_gen2_m3,k100_l1,2550,7.0417523327534415,4.997627708366282,9.0858769571406,2
large,rd400_gen2_m3,k100_l1,2600,7.0417523327534415,4.997627708366282,9.0858769571406,2
large,rd400_gen2_m3,k100_l1,2650,7.0417523327534415,4.997627708366282,9.0858769571406,2
large,rd400_gen2_m3,k100_l1,2700,7.0417523327534415,4.997627708366282,9.0858769571406,2
large,rd400_gen2_m3,k100_l1,2750,7.0417523327534415,4.997627708366282,9.0858769571406,2
large,rd400_gen2_m3,k100_l1,2800,7.0417523327534415,4.997627708366282,9.0858769571406,2
large,rd400_gen2_m3,k100_l1,2850,7.0417523327534415,4.997627708366282,9.0858769571406,2
large,rd400_gen2_m3,k100_l1,2900,7.0417523327534415,4.997627708366282,9.0858769571406,2
large,rd400_gen2_m3,k100_l1,2950,7.0417523327534415,4.997627708366282,9.0858769571406,2
large,rd400_gen2_m3,k100_l1,3000,7.0417523327534415,4.997627708366282,9.0858769571406,2
large,rd400_gen2_m3,k100_l1,3050,7.0417523327534415,4.997627708366282,9.0858769571406,2
large,rd400_gen2_m3,k100_l1,3100,7.0417523327534415,4.997627708366282,9.0858769571406,2
large,rd400_gen2_m3,k100_l1,3150,7.0417523327534415,4.997627708366282,9.0858769571406,2
large,rd400_gen2_m3,k100_l1,3200,7.0417523327534415,4.997627708366282,9.0858769571406,2
large,rd400_gen2_m3,k100_l1,3250,7.0417523327534415,4.997627708366282,9.0858769571406,2
large,rd400_gen2_m3,k100_l1,3300,7.0417523327534415,4.997627708366282,9.0858769571406,2
large,rd400_gen2_m3,k100_l1,3350,7.0417523327534415,4.997627708366282,9.0858769571406,2
large,rd400_gen2_m3,k100_l1,3400,7.0417523327534415,4.997627708366282,9.0858769571406,2
large,rd400_gen2_m3,k100_l1,3450,7.0417523327534415,4.997627708366282,9.0858769571406,2
large,rd400_gen2_m3,k100_l1,3500,7.0417523327534415,4.997627708366282,9.0858769571406,2
large,rd400_gen2_m3,k100_l1,3550,7.0417523327534415,4.997627708366282,9.0858769571406,2
large,rd400_gen2_m3,k100_l1,3600,7.0417523327534415,4.997627708366282,9.0858769571406,2
large,rd400_gen2_m3,k100_l1,3650,7.03384469397438,4.98181243080816,9.0858769571406,2
large,rd400_gen2_m3,k100_l1,3700,7.03384469397438,4.98181243080816,9.0858769571406,2
large,rd400_gen2_m3,k100_l1,3750,7.03384469397438,4.98181243080816,9.0858769571406,2
large,rd400_gen2_m3,k100_l1,3800,7.03384469397438,4.98181243080816,9.0858769571406,2
large,rd400_gen2_m3,k100_l1,3850,7.03384469397438,4.98181243080816,9.0858769571406,2
large,rd400_gen2_m3,k100_l1,3900,7.03384469397438,4.98181243080816,9.0858769571406,2
large,rd400_gen2_m3,k100_l1,3950,7.03384469397438,4.98181243080816,9.0858769571406,2
large,rd400_gen2_m3,k100_l1,4000,7.03384469397438,4.98181243080816,9.0858769571406,2
large,rd400_gen2_m3,k100_l1,4050,7.03384469397438,4.98181243080816,9.0858769571406,2
large,rd400_gen2_m3,k100_l1,4100,7.03384469397438,4.98181243080816,9.0858769571406,2
large,rd400_gen2_m3,k100_l1,4150,7.03384469397438,4.98181243080816,9.0858769571406,2
large,rd400_gen2_m3,k100_l1,4200,7.03384469397438,4.98181243080816,9.0858769571406,2
large,rd400_gen2_m3,k100_l1,4250,7.03384469397438,4.98181243080816,9.0858769571406,2
large,rd400_gen2_m3,k100_l1,4300,7.03384469397438,4.98181243080816,9.0858769571406,2
large,rd400_gen2_m3,k100_l1,4350,7.03384469397438,4.98181243080816,9.0858769571406,2
large,rd400_gen2_m3,k100_l1,4400,7.03384469397438,4.98181243080816,9.0858769571406,2
large,rd400_gen2_m3,k100_l1,4450,7.03384469397438,4.98181243080816,9.0858769571406,2
large,rd400_gen2_m3,k100_l1,4500,7.03384469397438,4.98181243080816,9.0858769571406,2
large,rd400_gen2_m3,k100_l1,4550,7.03384469397438,4.98181243080816,9.0858769571406,2
large,rd400_gen2_m3,k100_l1,4600,7.03384469397438,4.98181243080816,9.0858769571406,2
large,rd400_gen2_m3,k100_l1,4650,7.03384469397438,4.98181243080816,9.0858769571406,2
large,rd400_gen2_m3,k100_l1,4700,7.03384469397438,4.98181243080816,9.0858769571406,2
large,rd400_gen2_m3,k100_l1,4750,7.03384469397438,4.98181243080816,9.0858769571406,2
large,rd400_gen2_m3,k100_l1,4800,7.03384469397438,4.98181243080816,9.0858769571406,2
large,rd400_gen2_m3,k100_l1,4850,7.03384469397438,4.98181243080816,9.0858769571406,2
large,rd400_gen2_m3,k100_l1,4900,7.03384469397438,4.98181243080816,9.0858769571406,2
large,rd400_gen2_m3,k100_l1,4950,7.03384469397438,4.98181243080816,9.0858769571406,2
large,rd400_gen2_m3,k100_l1,5000,7.03384469397438,4.98181243080816,9.0858769571406,2
large,rd400_gen2_m3,k100_l3,0,28.68891349043176,28.68891349043176,28.68891349043176,2
large,rd400_gen2_m3,k100_l3,50,12.668037324055035,12.557330381148187,12.778744266961883,2
large,rd400_gen2_m3,k100_l3,100,12.126364067689387,11.964257472718646,12.28847066266013,2
large,rd400_gen2_m3,k100_l3,150,11.592598450102798,11.19721651114977,11.987980389055828,2
large,rd400_gen2_m3,k100_l3,200,11.303969634667087,10.77811165585956,11.829827613474617,2
large,rd400_gen2_m3,k100_l3,250,11.240708524434606,10.651589435394593,11.829827613474617,2
large,rd400_gen2_m3,k100_l3,300,10.418314091412304,10.406452633243712,10.430175549580897,2
large,rd400_gen2_m3,k100_l3,350,9.987347777953504,9.544520006326112,10.430175549580897,2
large,rd400_gen2_m3,k100_l3,400,9.95176340344773,9.473351257314564,10.430175549580897,2
large,rd400_gen2_m3,k100_l3,450,9.856871738099004,9.283567926617112,10.430175549580897,2
large,rd400_gen2_m3,k100_l3,500,9.845010279930413,9.25984501027993,10.430175549580897,2
large,rd400_gen2_m3,k100_l3,550,9.603827297169065,8.777479044757236,10.430175549580897,2
large,rd400_gen2_m3,k100_l3,600,9.584058200221413,8.737940850861932,10.430175549580897,2
large,rd400_gen2_m3,k100_l3,650,9.461489799145976,8.492804048711054,10.430175549580897,2
large,rd400_gen2_m3,k100_l3,700,9.461489799145976,8.492804048711054,10.430175549580897,2
large,rd400_gen2_m3,k100_l3,750,9.461489799145976,8.492804048711054,10.430175549580897,2
large,rd400_gen2_m3,k100_l3,800,9.461489799145976,8.492804048711054,10.430175549580897,2
large,rd400_gen2_m3,k100_l3,850,9.232168274553217,8.492804048711054,9.971532500395382,2
large,rd400_gen2_m3,k100_l3,900,9.232168274553217,8.492804048711054,9.971532500395382,2
large,rd400_gen2_m3,k100_l3,950,8.710264115135221,8.492804048711054,8.927724181559386,2
large,rd400_gen2_m3,k100_l3,1000,8.706310295745691,8.492804048711054,8.919816542780326,2
large,rd400_gen2_m3,k100_l3,1050,8.469081132373873,8.445358216036691,8.492804048711054,2
large,rd400_gen2_m3,k100_l3,1100,8.469081132373873,8.445358216036691,8.492804048711054,2
large,rd400_gen2_m3,k100_l3,1150,8.469081132373873,8.445358216036691,8.492804048711054,2
large,rd400_gen2_m3,k100_l3,1200,8.469081132373873,8.445358216036691,8.492804048711054,2
large,rd400_gen2_m3,k100_l3,1250,8.441404396647162,8.43745057725763,8.445358216036691,2
large,rd400_gen2_m3,k100_l3,1300,8.441404396647162,8.43745057725763,8.445358216036691,2
large,rd400_gen2_m3,k100_l3,1350,8.441404396647162,8.43745057725763,8.445358216036691,2
large,rd400_gen2_m3,k100_l3,1400,8.405820022141388,8.374189467025147,8.43745057725763,2
large,rd400_gen2_m3,k100_l3,1450,8.374189467025147,8.374189467025147,8.374189467025147,2
large,rd400_gen2_m3,k100_l3,1500,8.374189467025147,8.374189467025147,8.374189467025147,2
large,rd400_gen2_m3,k100_l3,1550,8.374189467025147,8.374189467025147,8.374189467025147,2
large,rd400_gen2_m3,k100_l3,1600,8.374189467025147,8.374189467025147,8.374189467025147,2
large,rd400_gen2_m3,k100_l3,1650,8.374189467025147,8.374189467025147,8.374189467025147,2
large,rd400_gen2_m3,k100_l3,1700,8.374189467025147,8.374189467025147,8.374189467025147,2
large,rd400_gen2_m3,k100_l3,1750,8.374189467025147,8.374189467025147,8.374189467025147,2
large,rd400_gen2_m3,k100_l3,1800,8.374189467025147,8.374189467025147,8.374189467025147,2
large,rd400_gen2_m3,k100_l3,1850,8.374189467025147,8.374189467025147,8.374189467025147,2
large,rd400_gen2_m3,k100_l3,1900,8.330697453740314,8.28720544045548,8.374189467025147,2
large,rd400_gen2_m3,k100_l3,1950,7.334334967578681,6.381464494701882,8.28720544045548,2
large,rd400_gen2_m3,k100_l3,2000,7.334334967578681,6.381464494701882,8.28720544045548,2
large,rd400_gen2_m3,k100_l3,2050,7.330381148189151,6.373556855922821,8.28720544045548,2
large,rd400_gen2_m3,k100_l3,2100,7.330381148189151,6.373556855922821,8.28720544045548,2
large,rd400_gen2_m3,k100_l3,2150,7.330381148189151,6.373556855922821,8.28720544045548,2
large,rd400_gen2_m3,k100_l3,2200,7.330381148189151,6.373556855922821,8.28720544045548,2
large,rd400_gen2_m3,k100_l3,2250,7.330381148189151,6.373556855922821,8.28720544045548,2
large,rd400_gen2_m3,k100_l3,2300,7.330381148189151,6.373556855922821,8.28720544045548,2
large,rd400_gen2_m3,k100_l3,2350,7.330381148189151,6.373556855922821,8.28720544045548,2
large,rd400_gen2_m3,k100_l3,2400,7.330381148189151,6.373556855922821,8.28720544045548,2
large,rd400_gen2_m3,k100_l3,2450,7.215720385892773,6.144235331330065,8.28720544045548,2
large,rd400_gen2_m3,k100_l3,2500,7.199905108334651,6.112604776213822,8.28720544045548,2
large,rd400_gen2_m3,k100_l3,2550,7.199905108334651,6.112604776213822,8.28720544045548,2
large,rd400_gen2_m3,k100_l3,2600,7.199905108334651,6.112604776213822,8.28720544045548,2
large,rd400_gen2_m3,k100_l3,2650,7.199905108334651,6.112604776213822,8.28720544045548,2
large,rd400_gen2_m3,k100_l3,2700,7.199905108334651,6.112604776213822,8.28720544045548,2
large,rd400_gen2_m3,k100_l3,2750,7.199905108334651,6.112604776213822,8.28720544045548,2
large,rd400_gen2_m3,k100_l3,2800,7.191997469555591,6.096789498655701,8.28720544045548,2
large,rd400_gen2_m3,k100_l3,2850,7.191997469555591,6.096789498655701,8.28720544045548,2
large,rd400_gen2_m3,k100_l3,2900,7.191997469555591,6.096789498655701,8.28720544045548,2
large,rd400_gen2_m3,k100_l3,2950,7.191997469555591,6.096789498655701,8.28720544045548,2
large,rd400_gen2_m3,k100_l3,3000,7.093151984817334,5.899098529179187,8.28720544045548,2
large,rd400_gen2_m3,k100_l3,3050,7.093151984817334,5.899098529179187,8.28720544045548,2
large,rd400_gen2_m3,k100_l3,3100,7.093151984817334,5.899098529179187,8.28720544045548,2
large,rd400_gen2_m3,k100_l3,3150,7.085244346038273,5.883283251621066,8.28720544045548,2
large,rd400_gen2_m3,k100_l3,3200,7.085244346038273,5.883283251621066,8.28720544045548,2
large,rd400_gen2_m3,k100_l3,3250,7.085244346038273,5.883283251621066,8.28720544045548,2
large,rd400_gen2_m3,k100_l3,3300,7.085244346038273,5.883283251621066,8.28720544045548,2
large,rd400_gen2_m3,k100_l3,3350,7.085244346038273,5.883283251621066,8.28720544045548,2
large,rd400_gen2_m3,k100_l3,3400,7.085244346038273,5.883283251621066,8.28720544045548,2
large,rd400_gen2_m3,k100_l3,3450,7.085244346038273,5.883283251621066,8.28720544045548,2
large,rd400_gen2_m3,k100_l3,3500,7.085244346038273,5.883283251621066,8.28720544045548,2
large,rd400_gen2_m3,k100_l3,3550,7.085244346038273,5.883283251621066,8.28720544045548,2
large,rd400_gen2_m3,k100_l3,3600,7.085244346038273,5.883283251621066,8.28720544045548,2
large,rd400_gen2_m3,k100_l3,3650,7.085244346038273,5.883283251621066,8.28720544045548,2
large,rd400_gen2_m3,k100_l3,3700,7.085244346038273,5.883283251621066,8.28720544045548,2
large,rd400_gen2_m3,k100_l3,3750,7.085244346038273,5.883283251621066,8.28720544045548,2
large,rd400_gen2_m3,k100_l3,3800,7.085244346038273,5.883283251621066,8.28720544045548,2
large,rd400_gen2_m3,k100_l3,3850,7.085244346038273,5.883283251621066,8.28720544045548,2
large,rd400_gen2_m3,k100_l3,3900,7.085244346038273,5.883283251621066,8.28720544045548,2
large,rd400_gen2_m3,k100_l3,3950,7.085244346038273,5.883283251621066,8.28720544045548,2
large,rd400_gen2_m3,k100_l3,4000,7.085244346038273,5.883283251621066,8.28720544045548,2
large,rd400_gen2_m3,k100_l3,4050,6.9033686541198795,5.883283251621066,7.923454056618693,2
large,rd400_gen2_m3,k100_l3,4100,6.844061363276925,5.883283251621066,7.804839474932785,2
large,rd400_gen2_m3,k100_l3,4150,6.844061363276925,5.883283251621066,7.804839474932785,2
large,rd400_gen2_m3,k100_l3,4200,6.844061363276925,5.883283251621066,7.804839474932785,2
large,rd400_gen2_m3,k100_l3,4250,6.840107543887395,5.883283251621066,7.796931836153725,2
large,rd400_gen2_m3,k100_l3,4300,6.840107543887395,5.883283251621066,7.796931836153725,2
large,rd400_gen2_m3,k100_l3,4350,6.840107543887395,5.883283251621066,7.796931836153725,2
large,rd400_gen2_m3,k100_l3,4400,6.840107543887395,5.883283251621066,7.796931836153725,2
large,rd400_gen2_m3,k100_l3,4450,6.840107543887395,5.883283251621066,7.796931836153725,2
large,rd400_gen2_m3,k100_l3,4500,6.840107543887395,5.883283251621066,7.796931836153725,2
large,rd400_gen2_m3,k100_l3,4550,6.840107543887395,5.883283251621066,7.796931836153725,2
large,rd400_gen2_m3,k100_l3,4600,6.8282460857188045,5.883283251621066,7.773208919816542,2
large,rd400_gen2_m3,k100_l3,4650,6.8282460857188045,5.883283251621066,7.773208919816542,2
large,rd400_gen2_m3,k100_l3,4700,6.796615530602562,5.883283251621066,7.709947809584058,2
large,rd400_gen2_m3,k100_l3,4750,6.7728926142653805,5.883283251621066,7.662501976909695,2
large,rd400_gen2_m3,k100_l3,4800,6.7728926142653805,5.883283251621066,7.662501976909695,2
large,rd400_gen2_m3,k100_l3,4850,6.713585323422426,5.883283251621066,7.543887395223786,2
large,rd400_gen2_m3,k100_l3,4900,6.713585323422426,5.883283251621066,7.543887395223786,2
large,rd400_gen2_m3,k100_l3,4950,6.713585323422426,5.883283251621066,7.543887395223786,2
large,rd400_gen2_m3,k100_l3,5000,6.713585323422426,5.883283251621066,7.543887395223786,2
large,rd400_gen2_m3,k100_l5,0,28.68891349043176,28.68891349043176,28.68891349043176,2
large,rd400_gen2_m3,k100_l5,50,12.494069270915706,11.568875533765617,13.419263008065792,2
large,rd400_gen2_m3,k100_l5,100,10.959987347777954,9.908271390162897,12.01170330539301,2
large,rd400_gen2_m3,k100_l5,150,10.236438399493911,8.619326269176025,11.853550529811798,2
large,rd400_gen2_m3,k100_l5,200,9.698718962517793,7.559702672781907,11.837735252253678,2
large,rd400_gen2_m3,k100_l5,250,9.560335283884232,7.488533923770362,11.632136643998102,2
large,rd400_gen2_m3,k100_l5,300,9.184722441878856,7.156413095049818,11.213031788707893,2
large,rd400_gen2_m3,k100_l5,350,8.904001265222204,6.808476988771153,10.999525541673256,2
large,rd400_gen2_m3,k100_l5,400,8.83678633560019,6.784754072433971,10.888818598766408,2
large,rd400_gen2_m3,k100_l5,450,8.757709947809584,6.737308239759607,10.77811165585956,2
large,rd400_gen2_m3,k100_l5,500,8.639095366123675,6.500079076387791,10.77811165585956,2
large,rd400_gen2_m3,k100_l5,550,8.57188043650166,6.365649217143761,10.77811165585956,2
large,rd400_gen2_m3,k100_l5,600,8.366281828246086,5.978174916969793,10.754388739522378,2
large,rd400_gen2_m3,k100_l5,650,8.25557488533924,5.970267278190732,10.540882492487745,2
large,rd400_gen2_m3,k100_l5,700,8.25557488533924,5.970267278190732,10.540882492487745,2
large,rd400_gen2_m3,k100_l5,750,8.216036691443934,5.922821445516369,10.5092519373715,2
large,rd400_gen2_m3,k100_l5,800,8.216036691443934,5.922821445516369,10.5092519373715,2
large,rd400_gen2_m3,k100_l5,850,8.216036691443934,5.922821445516369,10.5092519373715,2
large,rd400_gen2_m3,k100_l5,900,7.848331488217617,5.187411039063735,10.5092519373715,2
large,rd400_gen2_m3,k100_l5,950,7.59924086667721,4.68922979598292,10.5092519373715,2
large,rd400_gen2_m3,k100_l5,1000,7.59924086667721,4.68922979598292,10.5092519373715,2
large,rd400_gen2_m3,k100_l5,1050,7.59924086667721,4.68922979598292,10.5092519373715,2
large,rd400_gen2_m3,k100_l5,1100,7.59924086667721,4.68922979598292,10.5092519373715,2
large,rd400_gen2_m3,k100_l5,1150,7.59924086667721,4.68922979598292,10.5092519373715,2
large,rd400_gen2_m3,k100_l5,1200,7.59924086667721,4.68922979598292,10.5092519373715,2
large,rd400_gen2_m3,k100_l5,1250,7.59924086667721,4.68922979598292,10.5092519373715,2
large,rd400_gen2_m3,k100_l5,1300,7.59924086667721,4.68922979598292,10.5092519373715,2
large,rd400_gen2_m3,k100_l5,1350,7.59924086667721,4.68922979598292,10.5092519373715,2
large,rd400_gen2_m3,k100_l5,1400,7.421318994148347,4.68922979598292,10.153408192313774,2
large,rd400_gen2_m3,k100_l5,1450,7.421318994148347,4.68922979598292,10.153408192313774,2
large,rd400_gen2_m3,k100_l5,1500,7.421318994148347,4.68922979598292,10.153408192313774,2
large,rd400_gen2_m3,k100_l5,1550,7.421318994148347,4.68922979598292,10.153408192313774,2
large,rd400_gen2_m3,k100_l5,1600,7.421318994148347,4.68922979598292,10.153408192313774,2
large,rd400_gen2_m3,k100_l5,1650,7.421318994148347,4.68922979598292,10.153408192313774,2
large,rd400_gen2_m3,k100_l5,1700,7.421318994148347,4.68922979598292,10.153408192313774,2
large,rd400_gen2_m3,k100_l5,1750,7.421318994148347,4.68922979598292,10.153408192313774,2
large,rd400_gen2_m3,k100_l5,1800,7.421318994148347,4.68922979598292,10.153408192313774,2
large,rd400_gen2_m3,k100_l5,1850,7.421318994148347,4.68922979598292,10.153408192313774,2
large,rd400_gen2_m3,k100_l5,1900,7.358057883915863,4.68922979598292,10.026885971848806,2
large,rd400_gen2_m3,k100_l5,1950,7.358057883915863,4.68922979598292,10.026885971848806,2
large,rd400_gen2_m3,k100_l5,2000,7.358057883915863,4.68922979598292,10.026885971848806,2
large,rd400_gen2_m3,k100_l5,2050,7.358057883915863,4.68922979598292,10.026885971848806,2
large,rd400_gen2_m3,k100_l5,2100,7.358057883915863,4.68922979598292,10.026885971848806,2
large,rd400_gen2_m3,k100_l5,2150,7.358057883915863,4.68922979598292,10.026885971848806,2
large,rd400_gen2_m3,k100_l5,2200,7.358057883915863,4.68922979598292,10.026885971848806,2
large,rd400_gen2_m3,k100_l5,2250,7.358057883915863,4.68922979598292,10.026885971848806,2
large,rd400_gen2_m3,k100_l5,2300,6.776846433654911,4.68922979598292,8.864463071326902,2
large,rd400_gen2_m3,k100_l5,2350,6.745215878538668,4.68922979598292,8.801201961094417,2
large,rd400_gen2_m3,k100_l5,2400,6.745215878538668,4.68922979598292,8.801201961094417,2
large,rd400_gen2_m3,k100_l5,2450,6.745215878538668,4.68922979598292,8.801201961094417,2
large,rd400_gen2_m3,k100_l5,2500,6.713585323422426,4.68922979598292,8.737940850861932,2
large,rd400_gen2_m3,k100_l5,2550,6.701723865253835,4.68922979598292,8.71421793452475,2
large,rd400_gen2_m3,k100_l5,2600,6.693816226474775,4.68922979598292,8.69840265696663,2
large,rd400_gen2_m3,k100_l5,2650,6.5672940060098055,4.68922979598292,8.445358216036691,2
large,rd400_gen2_m3,k100_l5,2700,6.504032895777321,4.68922979598292,8.318835995571723,2
large,rd400_gen2_m3,k100_l5,2750,6.476356160050609,4.68922979598292,8.263482524118299,2
large,rd400_gen2_m3,k100_l5,2800,6.476356160050609,4.68922979598292,8.263482524118299,2
large,rd400_gen2_m3,k100_l5,2850,6.476356160050609,4.68922979598292,8.263482524118299,2
large,rd400_gen2_m3,k100_l5,2900,6.428910327376245,4.68922979598292,8.168590858769571,2
large,rd400_gen2_m3,k100_l5,2950,6.413095049818124,4.68922979598292,8.136960303653328,2
large,rd400_gen2_m3,k100_l5,3000,6.413095049818124,4.68922979598292,8.136960303653328,2
large,rd400_gen2_m3,k100_l5,3050,6.413095049818124,4.68922979598292,8.136960303653328,2
large,rd400_gen2_m3,k100_l5,3100,6.413095049818124,4.68922979598292,8.136960303653328,2
large,rd400_gen2_m3,k100_l5,3150,6.413095049818124,4.68922979598292,8.136960303653328,2
large,rd400_gen2_m3,k100_l5,3200,6.413095049818124,4.68922979598292,8.136960303653328,2
large,rd400_gen2_m3,k100_l5,3250,6.326111023248458,4.68922979598292,7.962992250513997,2
large,rd400_gen2_m3,k100_l5,3300,6.314249565079868,4.68922979598292,7.939269334176815,2
large,rd400_gen2_m3,k100_l5,3350,6.298434287521746,4.68922979598292,7.907638779060573,2
large,rd400_gen2_m3,k100_l5,3400,6.298434287521746,4.68922979598292,7.907638779060573,2
large,rd400_gen2_m3,k100_l5,3450,6.235173177289262,4.56270757551795,7.907638779060573,2
large,rd400_gen2_m3,k100_l5,3500,6.235173177289262,4.56270757551795,7.907638779060573,2
large,rd400_gen2_m3,k100_l5,3550,6.235173177289262,4.56270757551795,7.907638779060573,2
large,rd400_gen2_m3,k100_l5,3600,6.235173177289262,4.56270757551795,7.907638779060573,2
large,rd400_gen2_m3,k100_l5,3650,6.235173177289262,4.56270757551795,7.907638779060573,2
large,rd400_gen2_m3,k100_l5,3700,6.136327692551005,4.56270757551795,7.709947809584058,2
large,rd400_gen2_m3,k100_l5,3750,6.136327692551005,4.56270757551795,7.709947809584058,2
large,rd400_gen2_m3,k100_l5,3800,6.136327692551005,4.56270757551795,7.709947809584058,2
large,rd400_gen2_m3,k100_l5,3850,6.136327692551005,4.56270757551795,7.709947809584058,2
large,rd400_gen2_m3,k100_l5,3900,6.1007433180452315,4.56270757551795,7.638779060572513,2
large,rd400_gen2_m3,k100_l5,3950,6.088881859876641,4.56270757551795,7.615056144235331,2
large,rd400_gen2_m3,k100_l5,4000,6.088881859876641,4.56270757551795,7.615056144235331,2
large,rd400_gen2_m3,k100_l5,4050,6.088881859876641,4.56270757551795,7.615056144235331,2
large,rd400_gen2_m3,k100_l5,4100,6.088881859876641,4.56270757551795,7.615056144235331,2
large,rd400_gen2_m3,k100_l5,4150,6.088881859876641,4.56270757551795,7.615056144235331,2
large,rd400_gen2_m3,k100_l5,4200,6.088881859876641,4.56270757551795,7.615056144235331,2
large,rd400_gen2_m3,k100_l5,4250,6.088881859876641,4.56270757551795,7.615056144235331,2
large,rd400_gen2_m3,k100_l5,4300,6.088881859876641,4.56270757551795,7.615056144235331,2
large,rd400_gen2_m3,k100_l5,4350,6.088881859876641,4.56270757551795,7.615056144235331,2
large,rd400_gen2_m3,k100_l5,4400,6.088881859876641,4.56270757551795,7.615056144235331,2
large,rd400_gen2_m3,k100_l5,4450,6.088881859876641,4.56270757551795,7.615056144235331,2
large,rd400_gen2_m3,k100_l5,4500,6.088881859876641,4.56270757551795,7.615056144235331,2
large,rd400_gen2_m3,k100_l5,4550,6.088881859876641,4.56270757551795,7.615056144235331,2
large,rd400_gen2_m3,k100_l5,4600,5.887237071010596,4.56270757551795,7.211766566503242,2
large,rd400_gen2_m3,k100_l5,4650,5.887237071010596,4.56270757551795,7.211766566503242,2
large,rd400_gen2_m3,k100_l5,4700,5.887237071010596,4.56270757551795,7.211766566503242,2
large,rd400_gen2_m3,k100_l5,4750,5.887237071010596,4.56270757551795,7.211766566503242,2
large,rd400_gen2_m3,k100_l5,4800,5.887237071010596,4.56270757551795,7.211766566503242,2
large,rd400_gen2_m3,k100_l5,4850,5.887237071010596,4.56270757551795,7.211766566503242,2
large,rd400_gen2_m3,k100_l5,4900,5.887237071010596,4.56270757551795,7.211766566503242,2
large,rd400_gen2_m3,k100_l5,4950,5.887237071010596,4.56270757551795,7.211766566503242,2
large,rd400_gen2_m3,k100_l5,5000,5.887237071010596,4.56270757551795,7.211766566503242,2
large,rd400_gen2_m3,k100_linf,0,28.68891349043176,28.68891349043176,28.68891349043176,2
large,rd400_gen2_m3,k100_linf,50,13.573461964257472,12.1540408034161,14.992883125098846,2
large,rd400_gen2_m3,k100_linf,100,12.905266487426854,11.149770678475408,14.660762296378302,2
large,rd400_gen2_m3,k100_linf,150,10.695081448679424,10.62786651905741,10.76229637830144,2
large,rd400_gen2_m3,k100_linf,200,10.517159576150561,10.406452633243712,10.62786651905741,2
large,rd400_gen2_m3,k100_linf,250,10.422267910801835,10.335283884232169,10.5092519373715,2
large,rd400_gen2_m3,k100_linf,300,10.422267910801835,10.335283884232169,10.5092519373715,2
large,rd400_gen2_m3,k100_linf,350,10.21666930254626,10.145500553534715,10.287838051557804,2
large,rd400_gen2_m3,k100_linf,400,10.185038747430017,10.08223944330223,10.287838051557804,2
large,rd400_gen2_m3,k100_linf,450,9.698718962517793,9.52870472876799,9.868733196267597,2
large,rd400_gen2_m3,k100_linf,500,9.52870472876799,9.25984501027993,9.797564447256049,2
large,rd400_gen2_m3,k100_linf,550,9.481258896093626,9.164953344931204,9.797564447256049,2
large,rd400_gen2_m3,k100_linf,600,9.358690495018188,8.96726237545469,9.750118614581686,2
large,rd400_gen2_m3,k100_linf,650,9.220306816384626,8.761663767199114,9.67894986557014,2
large,rd400_gen2_m3,k100_linf,700,9.220306816384626,8.761663767199114,9.67894986557014,2
large,rd400_gen2_m3,k100_linf,750,9.220306816384626,8.761663767199114,9.67894986557014,2
large,rd400_gen2_m3,k100_linf,800,9.11355369286731,8.548157520164478,9.67894986557014,2
large,rd400_gen2_m3,k100_linf,850,9.022615846908113,8.366281828246086,9.67894986557014,2
large,rd400_gen2_m3,k100_linf,900,8.987031472402341,8.310928356792662,9.66313458801202,2
large,rd400_gen2_m3,k100_linf,950,8.955400917286099,8.310928356792662,9.599873477779536,2
large,rd400_gen2_m3,k100_linf,1000,8.94749327850704,8.295113079234541,9.599873477779536,2
large,rd400_gen2_m3,k100_linf,1050,8.94749327850704,8.295113079234541,9.599873477779536,2
large,rd400_gen2_m3,k100_linf,1100,8.94749327850704,8.295113079234541,9.599873477779536,2
large,rd400_gen2_m3,k100_linf,1150,8.923770362169856,8.247667246560177,9.599873477779536,2
large,rd400_gen2_m3,k100_linf,1200,8.923770362169856,8.247667246560177,9.599873477779536,2
large,rd400_gen2_m3,k100_linf,1250,8.923770362169856,8.247667246560177,9.599873477779536,2
large,rd400_gen2_m3,k100_linf,1300,8.923770362169856,8.247667246560177,9.599873477779536,2
large,rd400_gen2_m3,k100_linf,1350,8.923770362169856,8.247667246560177,9.599873477779536,2
large,rd400_gen2_m3,k100_linf,1400,8.923770362169856,8.247667246560177,9.599873477779536,2
large,rd400_gen2_m3,k100_linf,1450,8.923770362169856,8.247667246560177,9.599873477779536,2
large,rd400_gen2_m3,k100_linf,1500,8.923770362169856,8.247667246560177,9.599873477779536,2
large,rd400_gen2_m3,k100_linf,1550,8.923770362169856,8.247667246560177,9.599873477779536,2
large,rd400_gen2_m3,k100_linf,1600,8.923770362169856,8.247667246560177,9.599873477779536,2
large,rd400_gen2_m3,k100_linf,1650,8.923770362169856,8.247667246560177,9.599873477779536,2
large,rd400_gen2_m3,k100_linf,1700,8.923770362169856,8.247667246560177,9.599873477779536,2
large,rd400_gen2_m3,k100_linf,1750,8.923770362169856,8.247667246560177,9.599873477779536,2
large,rd400_gen2_m3,k100_linf,1800,8.923770362169856,8.247667246560177,9.599873477779536,2
large,rd400_gen2_m3,k100_linf,1850,8.923770362169856,8.247667246560177,9.599873477779536,2
large,rd400_gen2_m3,k100_linf,1900,8.70235647635616,7.804839474932785,9.599873477779536,2
large,rd400_gen2_m3,k100_linf,1950,8.658864463071328,7.717855448363119,9.599873477779536,2
large,rd400_gen2_m3,k100_linf,2000,8.643049185513206,7.686224893246877,9.599873477779536,2
large,rd400_gen2_m3,k100_linf,2050,8.619326269176025,7.638779060572513,9.599873477779536,2
large,rd400_gen2_m3,k100_linf,2100,8.619326269176025,7.638779060572513,9.599873477779536,2
large,rd400_gen2_m3,k100_linf,2150,8.619326269176025,7.638779060572513,9.599873477779536,2
large,rd400_gen2_m3,k100_linf,2200,8.619326269176025,7.638779060572513,9.599873477779536,2
large,rd400_gen2_m3,k100_linf,2250,8.619326269176025,7.638779060572513,9.599873477779536,2
large,rd400_gen2_m3,k100_linf,2300,8.619326269176025,7.638779060572513,9.599873477779536,2
large,rd400_gen2_m3,k100_linf,2350,8.619326269176025,7.638779060572513,9.599873477779536,2
large,rd400_gen2_m3,k100_linf,2400,8.109283567926617,6.618693658073699,9.599873477779536,2
large,rd400_gen2_m3,k100_linf,2450,7.650640518741104,5.701407559702673,9.599873477779536,2
large,rd400_gen2_m3,k100_linf,2500,7.282935315514788,4.965997153250039,9.599873477779536,2
large,rd400_gen2_m3,k100_linf,2550,7.223628024671833,4.847382571564131,9.599873477779536,2
large,rd400_gen2_m3,k100_linf,2600,7.207812747113712,4.815752016447889,9.599873477779536,2
large,rd400_gen2_m3,k100_linf,2650,7.207812747113712,4.815752016447889,9.599873477779536,2
large,rd400_gen2_m3,k100_linf,2700,7.207812747113712,4.815752016447889,9.599873477779536,2
large,rd400_gen2_m3,k100_linf,2750,7.195951288945121,4.792029100110707,9.599873477779536,2
large,rd400_gen2_m3,k100_linf,2800,7.1919974695555915,4.784121461331647,9.599873477779536,2
large,rd400_gen2_m3,k100_linf,2850,7.168274553218409,4.736675628657283,9.599873477779536,2
large,rd400_gen2_m3,k100_linf,2900,7.168274553218409,4.736675628657283,9.599873477779536,2
large,rd400_gen2_m3,k100_linf,2950,7.168274553218409,4.736675628657283,9.599873477779536,2
large,rd400_gen2_m3,k100_linf,3000,7.124782539933577,4.649691602087617,9.599873477779536,2
large,rd400_gen2_m3,k100_linf,3050,7.0536137909220304,4.507354104064526,9.599873477779536,2
large,rd400_gen2_m3,k100_linf,3100,7.0536137909220304,4.507354104064526,9.599873477779536,2
large,rd400_gen2_m3,k100_linf,3150,7.0536137909220304,4.507354104064526,9.599873477779536,2
large,rd400_gen2_m3,k100_linf,3200,7.0536137909220304,4.507354104064526,9.599873477779536,2
large,rd400_gen2_m3,k100_linf,3250,7.0536137909220304,4.507354104064526,9.599873477779536,2
large,rd400_gen2_m3,k100_linf,3300,7.0536137909220304,4.507354104064526,9.599873477779536,2
large,rd400_gen2_m3,k100_linf,3350,7.0536137909220304,4.507354104064526,9.599873477779536,2
large,rd400_gen2_m3,k100_linf,3400,7.0536137909220304,4.507354104064526,9.599873477779536,2
large,rd400_gen2_m3,k100_linf,3450,7.0536137909220304,4.507354104064526,9.599873477779536,2
large,rd400_gen2_m3,k100_linf,3500,7.0536137909220304,4.507354104064526,9.599873477779536,2
large,rd400_gen2_m3,k100_linf,3550,7.0536137909220304,4.507354104064526,9.599873477779536,2
large,rd400_gen2_m3,k100_linf,3600,7.0536137909220304,4.507354104064526,9.599873477779536,2
large,rd400_gen2_m3,k100_linf,3650,7.0536137909220304,4.507354104064526,9.599873477779536,2
large,rd400_gen2_m3,k100_linf,3700,7.0536137909220304,4.507354104064526,9.599873477779536,2
large,rd400_gen2_m3,k100_linf,3750,7.0536137909220304,4.507354104064526,9.599873477779536,2
large,rd400_gen2_m3,k100_linf,3800,7.0536137909220304,4.507354104064526,9.599873477779536,2
large,rd400_gen2_m3,k100_linf,3850,7.0536137909220304,4.507354104064526,9.599873477779536,2
large,rd400_gen2_m3,k100_linf,3900,7.0536137909220304,4.507354104064526,9.599873477779536,2
large,rd400_gen2_m3,k100_linf,3950,6.7728926142653805,4.507354104064526,9.038431124466234,2
large,rd400_gen2_m3,k100_linf,4000,6.227265538510201,4.507354104064526,7.947176972955876,2
large,rd400_gen2_m3,k100_linf,4050,6.227265538510201,4.507354104064526,7.947176972955876,2
large,rd400_gen2_m3,k100_linf,4100,6.227265538510201,4.507354104064526,7.947176972955876,2
large,rd400_gen2_m3,k100_linf,4150,6.227265538510201,4.507354104064526,7.947176972955876,2
large,rd400_gen2_m3,k100_linf,4200,5.903052348568718,4.412462438715799,7.393642258421635,2
large,rd400_gen2_m3,k100_linf,4250,5.709315198481733,4.254309663134588,7.164320733828879,2
large,rd400_gen2_m3,k100_linf,4300,5.709315198481733,4.254309663134588,7.164320733828879,2
large,rd400_gen2_m3,k100_linf,4350,5.709315198481733,4.254309663134588,7.164320733828879,2
large,rd400_gen2_m3,k100_linf,4400,5.709315198481733,4.254309663134588,7.164320733828879,2
large,rd400_gen2_m3,k100_linf,4450,5.705361379092203,4.254309663134588,7.156413095049818,2
large,rd400_gen2_m3,k100_linf,4500,5.705361379092203,4.254309663134588,7.156413095049818,2
large,rd400_gen2_m3,k100_linf,4550,5.67373082397596,4.254309663134588,7.093151984817333,2
large,rd400_gen2_m3,k100_linf,4600,5.602562074964416,4.2147714692392855,6.990352680689546,2
large,rd400_gen2_m3,k100_linf,4650,5.602562074964416,4.2147714692392855,6.990352680689546,2
large,rd400_gen2_m3,k100_linf,4700,5.602562074964416,4.2147714692392855,6.990352680689546,2
large,rd400_gen2_m3,k100_linf,4750,5.602562074964416,4.2147714692392855,6.990352680689546,2
large,rd400_gen2_m3,k100_linf,4800,5.602562074964416,4.2147714692392855,6.990352680689546,2
large,rd400_gen2_m3,k100_linf,4850,5.598608255574885,4.2147714692392855,6.982445041910485,2
large,rd400_gen2_m3,k100_linf,4900,5.598608255574885,4.2147714692392855,6.982445041910485,2
large,rd400_gen2_m3,k100_linf,4950,5.598608255574885,4.2147714692392855,6.982445041910485,2
large,rd400_gen2_m3,k100_linf,5000,5.598608255574885,4.2147714692392855,6.982445041910485,2
large,rd400_gen2_m3,k20_l1,0,28.68891349043176,28.68891349043176,28.68891349043176,2
large,rd400_gen2_m3,k20_l1,50,19.57931361695398,17.910801834572197,21.24782539933576,2
large,rd400_gen2_m3,k20_l1,100,17.875217460066423,17.768464336549105,17.981970583583742,2
large,rd400_gen2_m3,k20_l1,150,17.519373715008697,17.491696979281986,17.547050450735412,2
large,rd400_gen2_m3,k20_l1,200,17.309821287363594,17.072592123991775,17.547050450735412,2
large,rd400_gen2_m3,k20_l1,250,16.84327059939902,16.73256365649217,16.953977542305868,2
large,rd400_gen2_m3,k20_l1,300,16.491380673730824,16.321366439981023,16.661394907480627,2
large,rd400_gen2_m3,k20_l1,350,15.949707417365175,15.578048394749327,16.321366439981023,2
large,rd400_gen2_m3,k20_l1,400,15.562233117191207,15.174758817017238,15.949707417365175,2
large,rd400_gen2_m3,k20_l1,450,15.49501818756919,15.166851178238176,15.823185196900203,2
large,rd400_gen2_m3,k20_l1,500,15.419895619168116,15.166851178238176,15.672940060098057,2
large,rd400_gen2_m3,k20_l1,550,15.419895619168116,15.166851178238176,15.672940060098057,2
large,rd400_gen2_m3,k20_l1,600,15.107543887395224,15.079867151668513,15.135220623121937,2
large,rd400_gen2_m3,k20_l1,650,15.103590068005694,15.079867151668513,15.127312984342876,2
large,rd400_gen2_m3,k20_l1,700,14.949391111814013,14.77937687806421,15.119405345563814,2
large,rd400_gen2_m3,k20_l1,750,14.949391111814013,14.77937687806421,15.119405345563814,2
large,rd400_gen2_m3,k20_l1,800,14.613316463703939,14.447256049343666,14.77937687806421,2
large,rd400_gen2_m3,k20_l1,850,13.794875850071168,13.142495650798672,14.447256049343666,2
large,rd400_gen2_m3,k20_l1,900,12.984342875217461,11.521429701091254,14.447256049343666,2
large,rd400_gen2_m3,k20_l1,950,12.225209552427646,10.003163055511624,14.447256049343666,2
large,rd400_gen2_m3,k20_l1,1000,12.193578997311402,9.93990194527914,14.447256049343666,2
large,rd400_gen2_m3,k20_l1,1050,11.991934208445358,9.53661236754705,14.447256049343666,2
large,rd400_gen2_m3,k20_l1,1100,11.976118930887237,9.504981812430808,14.447256049343666,2
large,rd400_gen2_m3,k20_l1,1150,11.952396014550054,9.457535979756443,14.447256049343666,2
large,rd400_gen2_m3,k20_l1,1200,11.916811640044283,9.3863672307449,14.447256049343666,2
large,rd400_gen2_m3,k20_l1,1250,11.916811640044283,9.3863672307449,14.447256049343666,2
large,rd400_gen2_m3,k20_l1,1300,11.90495018187569,9.362644314407715,14.447256049343666,2
large,rd400_gen2_m3,k20_l1,1350,11.70725921239918,9.291475565396173,14.123042859402185,2
large,rd400_gen2_m3,k20_l1,1400,10.857188043650165,9.291475565396173,12.42290052190416,2
large,rd400_gen2_m3,k20_l1,1450,10.849280404871106,9.275660287838052,12.42290052190416,2
large,rd400_gen2_m3,k20_l1,1500,10.833465127312984,9.24402973272181,12.42290052190416,2
large,rd400_gen2_m3,k20_l1,1550,10.513205756761032,9.24402973272181,11.782381780800254,2
large,rd400_gen2_m3,k20_l1,1600,10.48552902103432,9.188676261268386,11.782381780800254,2
large,rd400_gen2_m3,k20_l1,1650,10.48552902103432,9.188676261268386,11.782381780800254,2
large,rd400_gen2_m3,k20_l1,1700,10.48552902103432,9.188676261268386,11.782381780800254,2
large,rd400_gen2_m3,k20_l1,1750,10.48552902103432,9.188676261268386,11.782381780800254,2
large,rd400_gen2_m3,k20_l1,1800,10.48552902103432,9.188676261268386,11.782381780800254,2
large,rd400_gen2_m3,k20_l1,1850,10.48552902103432,9.188676261268386,11.782381780800254,2
large,rd400_gen2_m3,k20_l1,1900,10.48552902103432,9.188676261268386,11.782381780800254,2
large,rd400_gen2_m3,k20_l1,1950,10.48552902103432,9.188676261268386,11.782381780800254,2
large,rd400_gen2_m3,k20_l1,2000,10.48552902103432,9.188676261268386,11.782381780800254,2
large,rd400_gen2_m3,k20_l1,2050,10.473667562865728,9.164953344931204,11.782381780800254,2
large,rd400_gen2_m3,k20_l1,2100,10.473667562865728,9.164953344931204,11.782381780800254,2
large,rd400_gen2_m3,k20_l1,2150,10.473667562865728,9.164953344931204,11.782381780800254,2
large,rd400_gen2_m3,k20_l1,2200,10.473667562865728,9.164953344931204,11.782381780800254,2
large,rd400_gen2_m3,k20_l1,2250,10.473667562865728,9.164953344931204,11.782381780800254,2
large,rd400_gen2_m3,k20_l1,2300,10.473667562865728,9.164953344931204,11.782381780800254,2
large,rd400_gen2_m3,k20_l1,2350,10.473667562865728,9.164953344931204,11.782381780800254,2
large,rd400_gen2_m3,k20_l1,2400,10.473667562865728,9.164953344931204,11.782381780800254,2
large,rd400_gen2_m3,k20_l1,2450,10.438083188359956,9.093784595919658,11.782381780800254,2
large,rd400_gen2_m3,k20_l1,2500,10.351099161790291,8.919816542780326,11.782381780800254,2
large,rd400_gen2_m3,k20_l1,2550,9.437766882808793,7.093151984817333,11.782381780800254,2
large,rd400_gen2_m3,k20_l1,2600,9.437766882808793,7.093151984817333,11.782381780800254,2
large,rd400_gen2_m3,k20_l1,2650,9.354736675628658,6.927091570457062,11.782381780800254,2
large,rd400_gen2_m3,k20_l1,2700,9.354736675628658,6.927091570457062,11.782381780800254,2
large,rd400_gen2_m3,k20_l1,2750,9.354736675628658,6.927091570457062,11.782381780800254,2
large,rd400_gen2_m3,k20_l1,2800,9.354736675628658,6.927091570457062,11.782381780800254,2
large,rd400_gen2_m3,k20_l1,2850,9.354736675628658,6.927091570457062,11.782381780800254,2
large,rd400_gen2_m3,k20_l1,2900,9.354736675628658,6.927091570457062,11.782381780800254,2
large,rd400_gen2_m3,k20_l1,2950,9.354736675628658,6.927091570457062,11.782381780800254,2
large,rd400_gen2_m3,k20_l1,3000,9.354736675628658,6.927091570457062,11.782381780800254,2
large,rd400_gen2_m3,k20_l1,3050,9.354736675628658,6.927091570457062,11.782381780800254,2
large,rd400_gen2_m3,k20_l1,3100,9.354736675628658,6.927091570457062,11.782381780800254,2
large,rd400_gen2_m3,k20_l1,3150,9.354736675628658,6.927091570457062,11.782381780800254,2
large,rd400_gen2_m3,k20_l1,3200,9.354736675628658,6.927091570457062,11.782381780800254,2
large,rd400_gen2_m3,k20_l1,3250,9.354736675628658,6.927091570457062,11.782381780800254,2
large,rd400_gen2_m3,k20_l1,3300,9.354736675628658,6.927091570457062,11.782381780800254,2
large,rd400_gen2_m3,k20_l1,3350,9.354736675628658,6.927091570457062,11.782381780800254,2
large,rd400_gen2_m3,k20_l1,3400,9.354736675628658,6.927091570457062,11.782381780800254,2
large,rd400_gen2_m3,k20_l1,3450,9.354736675628658,6.927091570457062,11.782381780800254,2
large,rd400_gen2_m3,k20_l1,3500,9.354736675628658,6.927091570457062,11.782381780800254,2
large,rd400_gen2_m3,k20_l1,3550,9.354736675628658,6.927091570457062,11.782381780800254,2
large,rd400_gen2_m3,k20_l1,3600,9.350782856239128,6.927091570457062,11.774474142021193,2
large,rd400_gen2_m3,k20_l1,3650,9.350782856239128,6.927091570457062,11.774474142021193,2
large,rd400_gen2_m3,k20_l1,3700,9.311244662343825,6.927091570457062,11.695397754230587,2
large,rd400_gen2_m3,k20_l1,3750,9.311244662343825,6.927091570457062,11.695397754230587,2
large,rd400_gen2_m3,k20_l1,3800,9.27566028783805,6.927091570457062,11.62422900521904,2
large,rd400_gen2_m3,k20_l1,3850,9.157045706152141,6.689862407085244,11.62422900521904,2
large,rd400_gen2_m3,k20_l1,3900,9.157045706152141,6.689862407085244,11.62422900521904,2
large,rd400_gen2_m3,k20_l1,3950,9.157045706152141,6.689862407085244,11.62422900521904,2
large,rd400_gen2_m3,k20_l1,4000,9.129368970425432,6.666139490748063,11.5925984501028,2
large,rd400_gen2_m3,k20_l1,4050,9.129368970425432,6.666139490748063,11.5925984501028,2
large,rd400_gen2_m3,k20_l1,4100,9.129368970425432,6.666139490748063,11.5925984501028,2
large,rd400_gen2_m3,k20_l1,4150,9.129368970425432,6.666139490748063,11.5925984501028,2
large,rd400_gen2_m3,k20_l1,4200,9.129368970425432,6.666139490748063,11.5925984501028,2
large,rd400_gen2_m3,k20_l1,4250,9.129368970425432,6.666139490748063,11.5925984501028,2
large,rd400_gen2_m3,k20_l1,4300,9.129368970425432,6.666139490748063,11.5925984501028,2
large,rd400_gen2_m3,k20_l1,4350,9.129368970425432,6.666139490748063,11.5925984501028,2
large,rd400_gen2_m3,k20_l1,4400,9.129368970425432,6.666139490748063,11.5925984501028,2
large,rd400_gen2_m3,k20_l1,4450,9.129368970425432,6.666139490748063,11.5925984501028,2
large,rd400_gen2_m3,k20_l1,4500,9.129368970425432,6.666139490748063,11.5925984501028,2
large,rd400_gen2_m3,k20_l1,4550,9.129368970425432,6.666139490748063,11.5925984501028,2
large,rd400_gen2_m3,k20_l1,4600,9.129368970425432,6.666139490748063,11.5925984501028,2
large,rd400_gen2_m3,k20_l1,4650,9.129368970425432,6.666139490748063,11.5925984501028,2
large,rd400_gen2_m3,k20_l1,4700,9.129368970425432,6.666139490748063,11.5925984501028,2
large,rd400_gen2_m3,k20_l1,4750,9.129368970425432,6.666139490748063,11.5925984501028,2
large,rd400_gen2_m3,k20_l1,4800,9.129368970425432,6.666139490748063,11.5925984501028,2
large,rd400_gen2_m3,k20_l1,4850,9.129368970425432,6.666139490748063,11.5925984501028,2
large,rd400_gen2_m3,k20_l1,4900,9.129368970425432,6.666139490748063,11.5925984501028,2
large,rd400_gen2_m3,k20_l1,4950,9.129368970425432,6.666139490748063,11.5925984501028,2
large,rd400_gen2_m3,k20_l1,5000,9.129368970425432,6.666139490748063,11.5925984501028,2
large,rd400_gen2_m3,k6_l1,0,28.68891349043176,28.68891349043176,28.68891349043176,2
large,rd400_gen2_m3,k6_l1,50,17.974062944804682,16.036691443934842,19.911434445674523,2
large,rd400_gen2_m3,k6_l1,100,16.515103590068005,14.542147714692392,18.48805946544362,2
large,rd400_gen2_m3,k6_l1,150,15.89040012652222,14.455163688122726,17.325636564921716,2
large,rd400_gen2_m3,k6_l1,200,15.396172702830935,13.79092203068164,17.00142337498023,2
large,rd400_gen2_m3,k6_l1,250,12.770836628182824,12.770836628182824,12.770836628182824,2
large,rd400_gen2_m3,k6_l1,300,12.56128420053772,12.40708524434604,12.7154831567294,2
large,rd400_gen2_m3,k6_l1,350,12.549422742369131,12.40708524434604,12.69176024039222,2
large,rd400_gen2_m3,k6_l1,400,12.509884548473826,12.40708524434604,12.612683852601611,2
large,rd400_gen2_m3,k6_l1,450,12.059149138067374,11.711213031788708,12.40708524434604,2
large,rd400_gen2_m3,k6_l1,500,12.059149138067374,11.711213031788708,12.40708524434604,2
large,rd400_gen2_m3,k6_l1,550,12.059149138067374,11.711213031788708,12.40708524434604,2
large,rd400_gen2_m3,k6_l1,600,11.782381780800254,11.711213031788708,11.853550529811798,2
large,rd400_gen2_m3,k6_l1,650,11.60050608888186,11.489799145975011,11.711213031788708,2
large,rd400_gen2_m3,k6_l1,700,11.545152617428435,11.379092203068163,11.711213031788708,2
large,rd400_gen2_m3,k6_l1,750,11.545152617428435,11.379092203068163,11.711213031788708,2
large,rd400_gen2_m3,k6_l1,800,11.44630713269018,11.18140123359165,11.711213031788708,2
large,rd400_gen2_m3,k6_l1,850,11.351415467341452,10.991617902894196,11.711213031788708,2
large,rd400_gen2_m3,k6_l1,900,11.351415467341452,10.991617902894196,11.711213031788708,2
large,rd400_gen2_m3,k6_l1,950,11.343507828562391,10.975802625336074,11.711213031788708,2
large,rd400_gen2_m3,k6_l1,1000,11.343507828562391,10.975802625336074,11.711213031788708,2
large,rd400_gen2_m3,k6_l1,1050,11.343507828562391,10.975802625336074,11.711213031788708,2
large,rd400_gen2_m3,k6_l1,1100,11.343507828562391,10.975802625336074,11.711213031788708,2
large,rd400_gen2_m3,k6_l1,1150,11.33955400917286,10.967894986557011,11.711213031788708,2
large,rd400_gen2_m3,k6_l1,1200,11.33955400917286,10.967894986557011,11.711213031788708,2
large,rd400_gen2_m3,k6_l1,1250,11.33955400917286,10.967894986557011,11.711213031788708,2
large,rd400_gen2_m3,k6_l1,1300,11.33955400917286,10.967894986557011,11.711213031788708,2
large,rd400_gen2_m3,k6_l1,1350,11.33955400917286,10.967894986557011,11.711213031788708,2
large,rd400_gen2_m3,k6_l1,1400,11.280246718329906,10.967894986557011,11.5925984501028,2
large,rd400_gen2_m3,k6_l1,1450,11.244662343824132,10.967894986557011,11.521429701091254,2
large,rd400_gen2_m3,k6_l1,1500,11.244662343824132,10.967894986557011,11.521429701091254,2
large,rd400_gen2_m3,k6_l1,1550,11.244662343824132,10.967894986557011,11.521429701091254,2
large,rd400_gen2_m3,k6_l1,1600,11.244662343824132,10.967894986557011,11.521429701091254,2
large,rd400_gen2_m3,k6_l1,1650,11.244662343824132,10.967894986557011,11.521429701091254,2
large,rd400_gen2_m3,k6_l1,1700,11.240708524434602,10.967894986557011,11.513522062312193,2
large,rd400_gen2_m3,k6_l1,1750,10.900680056934998,10.287838051557804,11.513522062312193,2
large,rd400_gen2_m3,k6_l1,1800,10.900680056934998,10.287838051557804,11.513522062312193,2
large,rd400_gen2_m3,k6_l1,1850,10.900680056934998,10.287838051557804,11.513522062312193,2
large,rd400_gen2_m3,k6_l1,1900,10.900680056934998,10.287838051557804,11.513522062312193,2
large,rd400_gen2_m3,k6_l1,1950,10.900680056934998,10.287838051557804,11.513522062312193,2
large,rd400_gen2_m3,k6_l1,2000,10.900680056934998,10.287838051557804,11.513522062312193,2
large,rd400_gen2_m3,k6_l1,2050,10.900680056934998,10.287838051557804,11.513522062312193,2
large,rd400_gen2_m3,k6_l1,2100,10.900680056934998,10.287838051557804,11.513522062312193,2
large,rd400_gen2_m3,k6_l1,2150,10.900680056934998,10.287838051557804,11.513522062312193,2
large,rd400_gen2_m3,k6_l1,2200,10.544836311877274,10.287838051557804,10.801834572196745,2
large,rd400_gen2_m3,k6_l1,2250,10.544836311877274,10.287838051557804,10.801834572196745,2
large,rd400_gen2_m3,k6_l1,2300,10.544836311877274,10.287838051557804,10.801834572196745,2
large,rd400_gen2_m3,k6_l1,2350,10.544836311877274,10.287838051557804,10.801834572196745,2
large,rd400_gen2_m3,k6_l1,2400,10.544836311877274,10.287838051557804,10.801834572196745,2
large,rd400_gen2_m3,k6_l1,2450,10.544836311877274,10.287838051557804,10.801834572196745,2
large,rd400_gen2_m3,k6_l1,2500,10.544836311877274,10.287838051557804,10.801834572196745,2
large,rd400_gen2_m3,k6_l1,2550,10.544836311877274,10.287838051557804,10.801834572196745,2
large,rd400_gen2_m3,k6_l1,2600,10.544836311877274,10.287838051557804,10.801834572196745,2
large,rd400_gen2_m3,k6_l1,2650,10.544836311877274,10.287838051557804,10.801834572196745,2
large,rd400_gen2_m3,k6_l1,2700,10.544836311877274,10.287838051557804,10.801834572196745,2
large,rd400_gen2_m3,k6_l1,2750,10.544836311877274,10.287838051557804,10.801834572196745,2
large,rd400_gen2_m3,k6_l1,2800,10.544836311877274,10.287838051557804,10.801834572196745,2
large,rd400_gen2_m3,k6_l1,2850,10.544836311877274,10.287838051557804,10.801834572196745,2
large,rd400_gen2_m3,k6_l1,2900,10.544836311877274,10.287838051557804,10.801834572196745,2
large,rd400_gen2_m3,k6_l1,2950,10.544836311877274,10.287838051557804,10.801834572196745,2
large,rd400_gen2_m3,k6_l1,3000,10.544836311877274,10.287838051557804,10.801834572196745,2
large,rd400_gen2_m3,k6_l1,3050,10.544836311877274,10.287838051557804,10.801834572196745,2
large,rd400_gen2_m3,k6_l1,3100,10.544836311877274,10.287838051557804,10.801834572196745,2
large,rd400_gen2_m3,k6_l1,3150,10.544836311877274,10.287838051557804,10.801834572196745,2
large,rd400_gen2_m3,k6_l1,3200,10.544836311877274,10.287838051557804,10.801834572196745,2
large,rd400_gen2_m3,k6_l1,3250,10.544836311877274,10.287838051557804,10.801834572196745,2
large,rd400_gen2_m3,k6_l1,3300,10.544836311877274,10.287838051557804,10.801834572196745,2
large,rd400_gen2_m3,k6_l1,3350,10.544836311877274,10.287838051557804,10.801834572196745,2
large,rd400_gen2_m3,k6_l1,3400,10.544836311877274,10.287838051557804,10.801834572196745,2
large,rd400_gen2_m3,k6_l1,3450,10.544836311877274,10.287838051557804,10.801834572196745,2
large,rd400_gen2_m3,k6_l1,3500,10.544836311877274,10.287838051557804,10.801834572196745,2
large,rd400_gen2_m3,k6_l1,3550,10.544836311877274,10.287838051557804,10.801834572196745,2
large,rd400_gen2_m3,k6_l1,3600,10.544836311877274,10.287838051557804,10.801834572196745,2
large,rd400_gen2_m3,k6_l1,3650,10.544836311877274,10.287838051557804,10.801834572196745,2
large,rd400_gen2_m3,k6_l1,3700,10.544836311877274,10.287838051557804,10.801834572196745,2
large,rd400_gen2_m3,k6_l1,3750,10.544836311877274,10.287838051557804,10.801834572196745,2
large,rd400_gen2_m3,k6_l1,3800,10.544836311877274,10.287838051557804,10.801834572196745,2
large,rd400_gen2_m3,k6_l1,3850,10.544836311877274,10.287838051557804,10.801834572196745,2
large,rd400_gen2_m3,k6_l1,3900,10.544836311877274,10.287838051557804,10.801834572196745,2
large,rd400_gen2_m3,k6_l1,3950,10.544836311877274,10.287838051557804,10.801834572196745,2
large,rd400_gen2_m3,k6_l1,4000,10.544836311877274,10.287838051557804,10.801834572196745,2
large,rd400_gen2_m3,k6_l1,4050,10.544836311877274,10.287838051557804,10.801834572196745,2
large,rd400_gen2_m3,k6_l1,4100,10.544836311877274,10.287838051557804,10.801834572196745,2
large,rd400_gen2_m3,k6_l1,4150,10.544836311877274,10.287838051557804,10.801834572196745,2
large,rd400_gen2_m3,k6_l1,4200,10.544836311877274,10.287838051557804,10.801834572196745,2
large,rd400_gen2_m3,k6_l1,4250,10.544836311877274,10.287838051557804,10.801834572196745,2
large,rd400_gen2_m3,k6_l1,4300,10.544836311877274,10.287838051557804,10.801834572196745,2
large,rd400_gen2_m3,k6_l1,4350,10.544836311877274,10.287838051557804,10.801834572196745,2
large,rd400_gen2_m3,k6_l1,4400,10.544836311877274,10.287838051557804,10.801834572196745,2
large,rd400_gen2_m3,k6_l1,4450,10.544836311877274,10.287838051557804,10.801834572196745,2
large,rd400_gen2_m3,k6_l1,4500,10.544836311877274,10.287838051557804,10.801834572196745,2
large,rd400_gen2_m3,k6_l1,4550,10.544836311877274,10.287838051557804,10.801834572196745,2
large,rd400_gen2_m3,k6_l1,4600,10.544836311877274,10.287838051557804,10.801834572196745,2
large,rd400_gen2_m3,k6_l1,4650,10.544836311877274,10.287838051557804,10.801834572196745,2
large,rd400_gen2_m3,k6_l1,4700,10.544836311877274,10.287838051557804,10.801834572196745,2
large,rd400_gen2_m3,k6_l1,4750,10.544836311877274,10.287838051557804,10.801834572196745,2
large,rd400_gen2_m3,k6_l1,4800,10.544836311877274,10.287838051557804,10.801834572196745,2
large,rd400_gen2_m3,k6_l1,4850,10.544836311877274,10.287838051557804,10.801834572196745,2
large,rd400_gen2_m3,k6_l1,4900,10.544836311877274,10.287838051557804,10.801834572196745,2
large,rd400_gen2_m3,k6_l1,4950,10.544836311877274,10.287838051557804,10.801834572196745,2
large,rd400_gen2_m3,k6_l1,5000,10.544836311877274,10.287838051557804,10.801834572196745,2
large,rd400_gen2_m3,off,0,28.68891349043176,28.68891349043176,28.68891349043176,2
large,rd400_gen2_m3,off,50,17.001423374980234,16.321366439981023,17.68148030997944,2
large,rd400_gen2_m3,off,100,16.878854973904794,16.076229637830146,17.68148030997944,2
large,rd400_gen2_m3,off,150,15.313142495650798,14.455163688122726,16.17112130317887,2
large,rd400_gen2_m3,off,200,15.226158469081131,14.455163688122726,15.997153250039538,2
large,rd400_gen2_m3,off,250,15.226158469081131,14.455163688122726,15.997153250039538,2
large,rd400_gen2_m3,off,300,15.226158469081131,14.455163688122726,15.997153250039538,2
large,rd400_gen2_m3,off,350,15.19848173335442,14.399810216669303,15.997153250039538,2
large,rd400_gen2_m3,off,400,15.131266803732405,14.265380357425272,15.997153250039538,2
large,rd400_gen2_m3,off,450,14.992883125098842,14.162581053297483,15.823185196900203,2
large,rd400_gen2_m3,off,500,14.581685908587694,13.340186620275183,15.823185196900203,2
large,rd400_gen2_m3,off,550,14.162581053297485,13.12668037324055,15.19848173335442,2
large,rd400_gen2_m3,off,600,13.82255258579788,12.85782065475249,14.78728451684327,2
large,rd400_gen2_m3,off,650,13.660445990827139,12.541515103590068,14.77937687806421,2
large,rd400_gen2_m3,off,700,13.660445990827139,12.541515103590068,14.77937687806421,2
large,rd400_gen2_m3,off,750,13.478570298908746,12.177763719753282,14.77937687806421,2
large,rd400_gen2_m3,off,800,13.442985924402972,12.106594970741735,14.77937687806421,2
large,rd400_gen2_m3,off,850,13.442985924402972,12.106594970741735,14.77937687806421,2
large,rd400_gen2_m3,off,900,13.435078285623913,12.106594970741735,14.763561600506089,2
large,rd400_gen2_m3,off,950,13.213664399810217,12.106594970741735,14.320733828878696,2
large,rd400_gen2_m3,off,1000,13.213664399810217,12.106594970741735,14.320733828878696,2
large,rd400_gen2_m3,off,1050,13.197849122252094,12.106594970741735,14.289103273762455,2
large,rd400_gen2_m3,off,1100,13.197849122252094,12.106594970741735,14.289103273762455,2
large,rd400_gen2_m3,off,1150,13.197849122252094,12.106594970741735,14.289103273762455,2
large,rd400_gen2_m3,off,1200,13.197849122252094,12.106594970741735,14.289103273762455,2
large,rd400_gen2_m3,off,1250,13.197849122252094,12.106594970741735,14.289103273762455,2
large,rd400_gen2_m3,off,1300,13.189941483473035,12.090779693183617,14.289103273762455,2
large,rd400_gen2_m3,off,1350,13.12272655385102,11.964257472718646,14.281195634983394,2
large,rd400_gen2_m3,off,1400,13.118772734461489,11.956349833939584,14.281195634983394,2
large,rd400_gen2_m3,off,1450,13.118772734461489,11.956349833939584,14.281195634983394,2
large,rd400_gen2_m3,off,1500,13.118772734461489,11.956349833939584,14.281195634983394,2
large,rd400_gen2_m3,off,1550,13.095049818124307,11.956349833939584,14.233749802309031,2
large,rd400_gen2_m3,off,1600,13.051557804839474,11.90099636248616,14.202119247192789,2
large,rd400_gen2_m3,off,1650,12.818282460857187,11.434445674521587,14.202119247192789,2
large,rd400_gen2_m3,off,1700,12.69966787917128,11.19721651114977,14.202119247192789,2
large,rd400_gen2_m3,off,1750,12.640360588328324,11.07860192946386,14.202119247192789,2
large,rd400_gen2_m3,off,1800,12.620591491380672,11.07860192946386,14.162581053297483,2
large,rd400_gen2_m3,off,1850,12.620591491380672,11.07860192946386,14.162581053297483,2
large,rd400_gen2_m3,off,1900,12.620591491380672,11.07860192946386,14.162581053297483,2
large,rd400_gen2_m3,off,1950,12.616637671991143,11.070694290684802,14.162581053297483,2
large,rd400_gen2_m3,off,2000,12.56919183931678,10.975802625336074,14.162581053297483,2
large,rd400_gen2_m3,off,2050,12.537561284200539,10.912541515103593,14.162581053297483,2
large,rd400_gen2_m3,off,2100,12.411039063735569,10.659497074173652,14.162581053297483,2
large,rd400_gen2_m3,off,2150,12.411039063735569,10.659497074173652,14.162581053297483,2
large,rd400_gen2_m3,off,2200,12.411039063735569,10.659497074173652,14.162581053297483,2
large,rd400_gen2_m3,off,2250,12.383362328008856,10.604143602720228,14.162581053297483,2
large,rd400_gen2_m3,off,2300,12.367547050450733,10.572513047603984,14.162581053297483,2
large,rd400_gen2_m3,off,2350,12.256840107543887,10.35109916179029,14.162581053297483,2
large,rd400_gen2_m3,off,2400,12.256840107543887,10.35109916179029,14.162581053297483,2
large,rd400_gen2_m3,off,2450,12.241024829985765,10.319468606674048,14.162581053297483,2
large,rd400_gen2_m3,off,2500,12.233117191206706,10.303653329115926,14.162581053297483,2
large,rd400_gen2_m3,off,2550,12.233117191206706,10.303653329115926,14.162581053297483,2
large,rd400_gen2_m3,off,2600,12.233117191206706,10.303653329115926,14.162581053297483,2
large,rd400_gen2_m3,off,2650,12.233117191206706,10.303653329115926,14.162581053297483,2
large,rd400_gen2_m3,off,2700,12.233117191206706,10.303653329115926,14.162581053297483,2
large,rd400_gen2_m3,off,2750,12.233117191206706,10.303653329115926,14.162581053297483,2
large,rd400_gen2_m3,off,2800,12.233117191206706,10.303653329115926,14.162581053297483,2
large,rd400_gen2_m3,off,2850,12.233117191206706,10.303653329115926,14.162581053297483,2
large,rd400_gen2_m3,off,2900,12.233117191206706,10.303653329115926,14.162581053297483,2
large,rd400_gen2_m3,off,2950,12.233117191206706,10.303653329115926,14.162581053297483,2
large,rd400_gen2_m3,off,3000,12.233117191206706,10.303653329115926,14.162581053297483,2
large,rd400_gen2_m3,off,3050,12.233117191206706,10.303653329115926,14.162581053297483,2
large,rd400_gen2_m3,off,3100,12.225209552427643,10.287838051557804,14.162581053297483,2
large,rd400_gen2_m3,off,3150,12.225209552427643,10.287838051557804,14.162581053297483,2
large,rd400_gen2_m3,off,3200,12.225209552427643,10.287838051557804,14.162581053297483,2
large,rd400_gen2_m3,off,3250,12.225209552427643,10.287838051557804,14.162581053297483,2
large,rd400_gen2_m3,off,3300,12.225209552427643,10.287838051557804,14.162581053297483,2
large,rd400_gen2_m3,off,3350,12.225209552427643,10.287838051557804,14.162581053297483,2
large,rd400_gen2_m3,off,3400,12.225209552427643,10.287838051557804,14.162581053297483,2
large,rd400_gen2_m3,off,3450,12.225209552427643,10.287838051557804,14.162581053297483,2
large,rd400_gen2_m3,off,3500,12.225209552427643,10.287838051557804,14.162581053297483,2
large,rd400_gen2_m3,off,3550,12.225209552427643,10.287838051557804,14.162581053297483,2
large,rd400_gen2_m3,off,3600,12.225209552427643,10.287838051557804,14.162581053297483,2
large,rd400_gen2_m3,off,3650,12.225209552427643,10.287838051557804,14.162581053297483,2
large,rd400_gen2_m3,off,3700,12.225209552427643,10.287838051557804,14.162581053297483,2
large,rd400_gen2_m3,off,3750,12.225209552427643,10.287838051557804,14.162581053297483,2
large,rd400_gen2_m3,off,3800,12.225209552427643,10.287838051557804,14.162581053297483,2
large,rd400_gen2_m3,off,3850,12.225209552427643,10.287838051557804,14.162581053297483,2
large,rd400_gen2_m3,off,3900,12.225209552427643,10.287838051557804,14.162581053297483,2
large,rd400_gen2_m3,off,3950,12.225209552427643,10.287838051557804,14.162581053297483,2
large,rd400_gen2_m3,off,4000,12.225209552427643,10.287838051557804,14.162581053297483,2
large,rd400_gen2_m3,off,4050,12.225209552427643,10.287838051557804,14.162581053297483,2
large,rd400_gen2_m3,off,4100,12.225209552427643,10.287838051557804,14.162581053297483,2
large,rd400_gen2_m3,off,4150,12.225209552427643,10.287838051557804,14.162581053297483,2
large,rd400_gen2_m3,off,4200,12.225209552427643,10.287838051557804,14.162581053297483,2
large,rd400_gen2_m3,off,4250,12.225209552427643,10.287838051557804,14.162581053297483,2
large,rd400_gen2_m3,off,4300,12.225209552427643,10.287838051557804,14.162581053297483,2
large,rd400_gen2_m3,off,4350,12.225209552427643,10.287838051557804,14.162581053297483,2
large,rd400_gen2_m3,off,4400,12.225209552427643,10.287838051557804,14.162581053297483,2
large,rd400_gen2_m3,off,4450,12.225209552427643,10.287838051557804,14.162581053297483,2
large,rd400_gen2_m3,off,4500,12.225209552427643,10.287838051557804,14.162581053297483,2
large,rd400_gen2_m3,off,4550,12.225209552427643,10.287838051557804,14.162581053297483,2
large,rd400_gen2_m3,off,4600,12.225209552427643,10.287838051557804,14.162581053297483,2
large,rd400_gen2_m3,off,4650,12.225209552427643,10.287838051557804,14.162581053297483,2
large,rd400_gen2_m3,off,4700,12.225209552427643,10.287838051557804,14.162581053297483,2
large,rd400_gen2_m3,off,4750,12.225209552427643,10.287838051557804,14.162581053297483,2
large,rd400_gen2_m3,off,4800,12.225209552427643,10.287838051557804,14.162581053297483,2
large,rd400_gen2_m3,off,4850,12.225209552427643,10.287838051557804,14.162581053297483,2
large,rd400_gen2_m3,off,4900,12.225209552427643,10.287838051557804,14.162581053297483,2
large,rd400_gen2_m3,off,4950,12.225209552427643,10.287838051557804,14.162581053297483,2
large,rd400_gen2_m3,off,5000,12.225209552427643,10.287838051557804,14.162581053297483,2
large,rd400_gen3_m3,k100_l1,0,28.834092275968725,28.834092275968725,28.834092275968725,2
large,rd400_gen3_m3,k100_l1,50,11.792250193315578,11.418506744565684,12.16599364206547,2
large,rd400_gen3_m3,k100_l1,100,10.56362230432168,10.224246069249936,10.90299853939342,2
large,rd400_gen3_m3,k100_l1,150,9.996563278632184,9.313514906778932,10.679611650485436,2
large,rd400_gen3_m3,k100_l1,200,9.927828851275883,9.313514906778932,10.542142795772833,2
large,rd400_gen3_m3,k100_l1,250,9.412320646103616,9.313514906778932,9.511126385428302,2
large,rd400_gen3_m3,k100_l1,300,8.828078013575048,8.342641120371166,9.313514906778932,2
large,rd400_gen3_m3,k100_l1,350,8.793710799896898,8.273906693014863,9.313514906778932,2
large,rd400_gen3_m3,k100_l1,400,8.785118996477362,8.273906693014863,9.296331299939858,2
large,rd400_gen3_m3,k100_l1,450,8.74645588108944,8.230947675917175,9.261964086261706,2
large,rd400_gen3_m3,k100_l1,500,8.74645588108944,8.230947675917175,9.261964086261706,2
large,rd400_gen3_m3,k100_l1,550,8.737864077669903,8.213764069078099,9.261964086261706,2
large,rd400_gen3_m3,k100_l1,600,8.656241945184295,8.084887017785032,9.227596872583556,2
large,rd400_gen3_m3,k100_l1,650,8.656241945184295,8.084887017785032,9.227596872583556,2
large,rd400_gen3_m3,k100_l1,700,8.48440587679354,7.741214881003523,9.227596872583556,2
large,rd400_gen3_m3,k100_l1,750,8.48440587679354,7.741214881003523,9.227596872583556,2
large,rd400_gen3_m3,k100_l1,800,8.48440587679354,7.741214881003523,9.227596872583556,2
large,rd400_gen3_m3,k100_l1,850,8.48440587679354,7.741214881003523,9.227596872583556,2
large,rd400_gen3_m3,k100_l1,900,8.007560787009194,7.646705043388607,8.36841653062978,2
large,rd400_gen3_m3,k100_l1,950,8.007560787009194,7.646705043388607,8.36841653062978,2
large,rd400_gen3_m3,k100_l1,1000,7.9903771801701176,7.646705043388607,8.334049316951628,2
large,rd400_gen3_m3,k100_l1,1050,7.917346851104047,7.646705043388607,8.187988658819487,2
large,rd400_gen3_m3,k100_l1,1100,7.852908325457514,7.646705043388607,8.05911160752642,2
large,rd400_gen3_m3,k100_l1,1150,7.822837013489131,7.586562419451843,8.05911160752642,2
large,rd400_gen3_m3,k100_l1,1200,7.822837013489131,7.586562419451843,8.05911160752642,2
large,rd400_gen3_m3,k100_l1,1250,7.822837013489131,7.586562419451843,8.05911160752642,2
large,rd400_gen3_m3,k100_l1,1300,7.822837013489131,7.586562419451843,8.05911160752642,2
large,rd400_gen3_m3,k100_l1,1350,7.822837013489131,7.586562419451843,8.05911160752642,2
large,rd400_gen3_m3,k100_l1,1400,7.822837013489131,7.586562419451843,8.05911160752642,2
large,rd400_gen3_m3,k100_l1,1450,7.822837013489131,7.586562419451843,8.05911160752642,2
large,rd400_gen3_m3,k100_l1,1500,7.822837013489131,7.586562419451843,8.05911160752642,2
large,rd400_gen3_m3,k100_l1,1550,7.741214881003522,7.586562419451843,7.895867342555202,2
large,rd400_gen3_m3,k100_l1,1600,7.741214881003522,7.586562419451843,7.895867342555202,2
large,rd400_gen3_m3,k100_l1,1650,7.741214881003522,7.586562419451843,7.895867342555202,2
large,rd400_gen3_m3,k100_l1,1700,7.741214881003522,7.586562419451843,7.895867342555202,2
large,rd400_gen3_m3,k100_l1,1750,7.728327175874216,7.586562419451843,7.870091932296589,2
large,rd400_gen3_m3,k100_l1,1800,7.728327175874216,7.586562419451843,7.870091932296589,2
large,rd400_gen3_m3,k100_l1,1850,7.728327175874216,7.586562419451843,7.870091932296589,2
large,rd400_gen3_m3,k100_l1,1900,7.728327175874216,7.586562419451843,7.870091932296589,2
large,rd400_gen3_m3,k100_l1,1950,7.6810722570667584,7.586562419451843,7.775582094681674,2
large,rd400_gen3_m3,k100_l1,2000,7.6810722570667584,7.586562419451843,7.775582094681674,2
large,rd400_gen3_m3,k100_l1,2050,7.6810722570667584,7.586562419451843,7.775582094681674,2
large,rd400_gen3_m3,k100_l1,2100,7.6810722570667584,7.586562419451843,7.775582094681674,2
large,rd400_gen3_m3,k100_l1,2150,7.6810722570667584,7.586562419451843,7.775582094681674,2
large,rd400_gen3_m3,k100_l1,2200,7.6810722570667584,7.586562419451843,7.775582094681674,2
large,rd400_gen3_m3,k100_l1,2250,7.6810722570667584,7.586562419451843,7.775582094681674,2
large,rd400_gen3_m3,k100_l1,2300,7.6810722570667584,7.586562419451843,7.775582094681674,2
large,rd400_gen3_m3,k100_l1,2350,7.6810722570667584,7.586562419451843,7.775582094681674,2
large,rd400_gen3_m3,k100_l1,2400,7.6810722570667584,7.586562419451843,7.775582094681674,2
large,rd400_gen3_m3,k100_l1,2450,7.6810722570667584,7.586562419451843,7.775582094681674,2
large,rd400_gen3_m3,k100_l1,2500,7.6810722570667584,7.586562419451843,7.775582094681674,2
large,rd400_gen3_m3,k100_l1,2550,7.6810722570667584,7.586562419451843,7.775582094681674,2
large,rd400_gen3_m3,k100_l1,2600,7.6810722570667584,7.586562419451843,7.775582094681674,2
large,rd400_gen3_m3,k100_l1,2650,7.6810722570667584,7.586562419451843,7.775582094681674,2
large,rd400_gen3_m3,k100_l1,2700,7.6810722570667584,7.586562419451843,7.775582094681674,2
large,rd400_gen3_m3,k100_l1,2750,7.6810722570667584,7.586562419451843,7.775582094681674,2
large,rd400_gen3_m3,k100_l1,2800,7.6810722570667584,7.586562419451843,7.775582094681674,2
large,rd400_gen3_m3,k100_l1,2850,7.672480453647221,7.569378812612768,7.775582094681674,2
large,rd400_gen3_m3,k100_l1,2900,7.672480453647221,7.569378812612768,7.775582094681674,2
large,rd400_gen3_m3,k100_l1,2950,7.6338173382593,7.492052581836927,7.775582094681674,2
large,rd400_gen3_m3,k100_l1,3000,7.6338173382593,7.492052581836927,7.775582094681674,2
large,rd400_gen3_m3,k100_l1,3050,7.6338173382593,7.492052581836927,7.775582094681674,2
large,rd400_gen3_m3,k100_l1,3100,7.6338173382593,7.492052581836927,7.775582094681674,2
large,rd400_gen3_m3,k100_l1,3150,7.6338173382593,7.492052581836927,7.775582094681674,2
large,rd400_gen3_m3,k100_l1,3200,7.6338173382593,7.492052581836927,7.775582094681674,2
large,rd400_gen3_m3,k100_l1,3250,7.6338173382593,7.492052581836927,7.775582094681674,2
large,rd400_gen3_m3,k100_l1,3300,7.6338173382593,7.492052581836927,7.775582094681674,2
large,rd400_gen3_m3,k100_l1,3350,7.6338173382593,7.492052581836927,7.775582094681674,2
large,rd400_gen3_m3,k100_l1,3400,7.6338173382593,7.492052581836927,7.775582094681674,2
large,rd400_gen3_m3,k100_l1,3450,7.6338173382593,7.492052581836927,7.775582094681674,2
large,rd400_gen3_m3,k100_l1,3500,7.6338173382593,7.492052581836927,7.775582094681674,2
large,rd400_gen3_m3,k100_l1,3550,7.6338173382593,7.492052581836927,7.775582094681674,2
large,rd400_gen3_m3,k100_l1,3600,7.6338173382593,7.492052581836927,7.775582094681674,2
large,rd400_gen3_m3,k100_l1,3650,7.6338173382593,7.492052581836927,7.775582094681674,2
large,rd400_gen3_m3,k100_l1,3700,7.6338173382593,7.492052581836927,7.775582094681674,2
large,rd400_gen3_m3,k100_l1,3750,7.6338173382593,7.492052581836927,7.775582094681674,2
large,rd400_gen3_m3,k100_l1,3800,7.6338173382593,7.492052581836927,7.775582094681674,2
large,rd400_gen3_m3,k100_l1,3850,7.6338173382593,7.492052581836927,7.775582094681674,2
large,rd400_gen3_m3,k100_l1,3900,7.6338173382593,7.492052581836927,7.775582094681674,2
large,rd400_gen3_m3,k100_l1,3950,7.6338173382593,7.492052581836927,7.775582094681674,2
large,rd400_gen3_m3,k100_l1,4000,7.6338173382593,7.492052581836927,7.775582094681674,2
large,rd400_gen3_m3,k100_l1,4050,7.6338173382593,7.492052581836927,7.775582094681674,2
large,rd400_gen3_m3,k100_l1,4100,7.6338173382593,7.492052581836927,7.775582094681674,2
large,rd400_gen3_m3,k100_l1,4150,7.608041928000687,7.492052581836927,7.724031274164447,2
large,rd400_gen3_m3,k100_l1,4200,7.608041928000687,7.492052581836927,7.724031274164447,2
large,rd400_gen3_m3,k100_l1,4250,7.608041928000687,7.492052581836927,7.724031274164447,2
large,rd400_gen3_m3,k100_l1,4300,7.608041928000687,7.492052581836927,7.724031274164447,2
large,rd400_gen3_m3,k100_l1,4350,7.608041928000687,7.492052581836927,7.724031274164447,2
large,rd400_gen3_m3,k100_l1,4400,7.608041928000687,7.492052581836927,7.724031274164447,2
large,rd400_gen3_m3,k100_l1,4450,7.608041928000687,7.492052581836927,7.724031274164447,2
large,rd400_gen3_m3,k100_l1,4500,7.608041928000687,7.492052581836927,7.724031274164447,2
large,rd400_gen3_m3,k100_l1,4550,7.608041928000687,7.492052581836927,7.724031274164447,2
large,rd400_gen3_m3,k100_l1,4600,7.608041928000687,7.492052581836927,7.724031274164447,2
large,rd400_gen3_m3,k100_l1,4650,7.608041928000687,7.492052581836927,7.724031274164447,2
large,rd400_gen3_m3,k100_l1,4700,7.608041928000687,7.492052581836927,7.724031274164447,2
large,rd400_gen3_m3,k100_l1,4750,7.608041928000687,7.492052581836927,7.724031274164447,2
large,rd400_gen3_m3,k100_l1,4800,7.608041928000687,7.492052581836927,7.724031274164447,2
large,rd400_gen3_m3,k100_l1,4850,7.603746026290919,7.48346077841739,7.724031274164447,2
large,rd400_gen3_m3,k100_l1,4900,7.603746026290919,7.48346077841739,7.724031274164447,2
large,rd400_gen3_m3,k100_l1,4950,7.603746026290919,7.48346077841739,7.724031274164447,2
large,rd400_gen3_m3,k100_l1,5000,7.603746026290919,7.48346077841739,7.724031274164447,2
large,rd400_gen3_m3,k100_l3,0,28.834092275968725,28.834092275968725,28.834092275968725,2
large,rd400_gen3_m3,k100_l3,50,12.092963312999398,11.306813300111694,12.879113325887104,2
large,rd400_gen3_m3,k100_l3,100,11.13068133001117,10.963141163330183,11.298221496692156,2
large,rd400_gen3_m3,k100_l3,150,10.6710198470659,10.576510009450985,10.765529684680814,2
large,rd400_gen3_m3,k100_l3,200,10.271500988057394,9.777472291433972,10.765529684680814,2
large,rd400_gen3_m3,k100_l3,250,9.927828851275883,9.090128017870953,10.765529684680814,2
large,rd400_gen3_m3,k100_l3,300,9.927828851275883,9.090128017870953,10.765529684680814,2
large,rd400_gen3_m3,k100_l3,350,9.90205344101727,9.090128017870953,10.713978864163588,2
large,rd400_gen3_m3,k100_l3,400,9.652891141850674,8.858149325543431,10.447632958157918,2
large,rd400_gen3_m3,k100_l3,450,9.652891141850674,8.858149325543431,10.447632958157918,2
large,rd400_gen3_m3,k100_l3,500,9.622819829882292,8.858149325543431,10.387490334221154,2
large,rd400_gen3_m3,k100_l3,550,9.622819829882292,8.858149325543431,10.387490334221154,2
large,rd400_gen3_m3,k100_l3,600,9.592748517913911,8.849557522123893,10.335939513703927,2
large,rd400_gen3_m3,k100_l3,650,9.592748517913911,8.849557522123893,10.335939513703927,2
large,rd400_gen3_m3,k100_l3,700,9.592748517913911,8.849557522123893,10.335939513703927,2
large,rd400_gen3_m3,k100_l3,750,9.592748517913911,8.849557522123893,10.335939513703927,2
large,rd400_gen3_m3,k100_l3,800,9.592748517913911,8.849557522123893,10.335939513703927,2
large,rd400_gen3_m3,k100_l3,850,9.592748517913911,8.849557522123893,10.335939513703927,2
large,rd400_gen3_m3,k100_l3,900,9.592748517913911,8.849557522123893,10.335939513703927,2
large,rd400_gen3_m3,k100_l3,950,9.592748517913911,8.849557522123893,10.335939513703927,2
large,rd400_gen3_m3,k100_l3,1000,9.592748517913911,8.849557522123893,10.335939513703927,2
large,rd400_gen3_m3,k100_l3,1050,9.592748517913911,8.849557522123893,10.335939513703927,2
large,rd400_gen3_m3,k100_l3,1100,9.592748517913911,8.849557522123893,10.335939513703927,2
large,rd400_gen3_m3,k100_l3,1150,9.579860812784604,8.823782111865281,10.335939513703927,2
large,rd400_gen3_m3,k100_l3,1200,9.579860812784604,8.823782111865281,10.335939513703927,2
large,rd400_gen3_m3,k100_l3,1250,9.579860812784604,8.823782111865281,10.335939513703927,2
large,rd400_gen3_m3,k100_l3,1300,9.579860812784604,8.823782111865281,10.335939513703927,2
large,rd400_gen3_m3,k100_l3,1350,9.571269009365066,8.806598505026205,10.335939513703927,2
large,rd400_gen3_m3,k100_l3,1400,9.571269009365066,8.806598505026205,10.335939513703927,2
large,rd400_gen3_m3,k100_l3,1450,9.571269009365066,8.806598505026205,10.335939513703927,2
large,rd400_gen3_m3,k100_l3,1500,9.571269009365066,8.806598505026205,10.335939513703927,2
large,rd400_gen3_m3,k100_l3,1550,9.571269009365066,8.806598505026205,10.335939513703927,2
large,rd400_gen3_m3,k100_l3,1600,9.571269009365066,8.806598505026205,10.335939513703927,2
large,rd400_gen3_m3,k100_l3,1650,9.545493599106454,8.755047684508979,10.335939513703927,2
large,rd400_gen3_m3,k100_l3,1700,9.511126385428302,8.686313257152676,10.335939513703927,2
large,rd400_gen3_m3,k100_l3,1750,9.296331299939858,8.686313257152676,9.906349342727038,2
large,rd400_gen3_m3,k100_l3,1800,9.296331299939858,8.686313257152676,9.906349342727038,2
large,rd400_gen3_m3,k100_l3,1850,9.296331299939858,8.686313257152676,9.906349342727038,2
large,rd400_gen3_m3,k100_l3,1900,9.296331299939858,8.686313257152676,9.906349342727038,2
large,rd400_gen3_m3,k100_l3,1950,9.296331299939858,8.686313257152676,9.906349342727038,2
large,rd400_gen3_m3,k100_l3,2000,9.296331299939858,8.686313257152676,9.906349342727038,2
large,rd400_gen3_m3,k100_l3,2050,9.296331299939858,8.686313257152676,9.906349342727038,2
large,rd400_gen3_m3,k100_l3,2100,9.28773949652032,8.6691296503136,9.906349342727038,2
large,rd400_gen3_m3,k100_l3,2150,9.28773949652032,8.6691296503136,9.906349342727038,2
large,rd400_gen3_m3,k100_l3,2200,9.28773949652032,8.6691296503136,9.906349342727038,2
large,rd400_gen3_m3,k100_l3,2250,9.28773949652032,8.6691296503136,9.906349342727038,2
large,rd400_gen3_m3,k100_l3,2300,9.28773949652032,8.6691296503136,9.906349342727038,2
large,rd400_gen3_m3,k100_l3,2350,9.28773949652032,8.6691296503136,9.906349342727038,2
large,rd400_gen3_m3,k100_l3,2400,9.28773949652032,8.6691296503136,9.906349342727038,2
large,rd400_gen3_m3,k100_l3,2450,9.28773949652032,8.6691296503136,9.906349342727038,2
large,rd400_gen3_m3,k100_l3,2500,9.28773949652032,8.6691296503136,9.906349342727038,2
large,rd400_gen3_m3,k100_l3,2550,9.28773949652032,8.6691296503136,9.906349342727038,2
large,rd400_gen3_m3,k100_l3,2600,9.28344359481055,8.6691296503136,9.8977575393075,2
large,rd400_gen3_m3,k100_l3,2650,9.28344359481055,8.6691296503136,9.8977575393075,2
large,rd400_gen3_m3,k100_l3,2700,9.24478047942263,8.6691296503136,9.82043130853166,2
large,rd400_gen3_m3,k100_l3,2750,9.24478047942263,8.6691296503136,9.82043130853166,2
large,rd400_gen3_m3,k100_l3,2800,9.24478047942263,8.6691296503136,9.82043130853166,2
large,rd400_gen3_m3,k100_l3,2850,9.24478047942263,8.6691296503136,9.82043130853166,2
large,rd400_gen3_m3,k100_l3,2900,9.240484577712863,8.660537846894064,9.82043130853166,2
large,rd400_gen3_m3,k100_l3,2950,9.240484577712863,8.660537846894064,9.82043130853166,2
large,rd400_gen3_m3,k100_l3,3000,9.240484577712863,8.660537846894064,9.82043130853166,2
large,rd400_gen3_m3,k100_l3,3050,9.240484577712863,8.660537846894064,9.82043130853166,2
large,rd400_gen3_m3,k100_l3,3100,9.240484577712863,8.660537846894064,9.82043130853166,2
large,rd400_gen3_m3,k100_l3,3150,9.240484577712863,8.660537846894064,9.82043130853166,2
large,rd400_gen3_m3,k100_l3,3200,9.240484577712863,8.660537846894064,9.82043130853166,2
large,rd400_gen3_m3,k100_l3,3250,9.240484577712863,8.660537846894064,9.82043130853166,2
large,rd400_gen3_m3,k100_l3,3300,9.240484577712863,8.660537846894064,9.82043130853166,2
large,rd400_gen3_m3,k100_l3,3350,9.240484577712863,8.660537846894064,9.82043130853166,2
large,rd400_gen3_m3,k100_l3,3400,9.240484577712863,8.660537846894064,9.82043130853166,2
large,rd400_gen3_m3,k100_l3,3450,9.240484577712863,8.660537846894064,9.82043130853166,2
large,rd400_gen3_m3,k100_l3,3500,9.240484577712863,8.660537846894064,9.82043130853166,2
large,rd400_gen3_m3,k100_l3,3550,8.832373915284819,8.660537846894064,9.004209983675574,2
large,rd400_gen3_m3,k100_l3,3600,8.832373915284819,8.660537846894064,9.004209983675574,2
large,rd400_gen3_m3,k100_l3,3650,8.832373915284819,8.660537846894064,9.004209983675574,2
large,rd400_gen3_m3,k100_l3,3700,8.832373915284819,8.660537846894064,9.004209983675574,2
large,rd400_gen3_m3,k100_l3,3750,8.832373915284819,8.660537846894064,9.004209983675574,2
large,rd400_gen3_m3,k100_l3,3800,8.832373915284819,8.660537846894064,9.004209983675574,2
large,rd400_gen3_m3,k100_l3,3850,8.832373915284819,8.660537846894064,9.004209983675574,2
large,rd400_gen3_m3,k100_l3,3900,8.832373915284819,8.660537846894064,9.004209983675574,2
large,rd400_gen3_m3,k100_l3,3950,8.82807801357505,8.660537846894064,8.995618180256036,2
large,rd400_gen3_m3,k100_l3,4000,8.82807801357505,8.660537846894064,8.995618180256036,2
large,rd400_gen3_m3,k100_l3,4050,8.82807801357505,8.660537846894064,8.995618180256036,2
large,rd400_gen3_m3,k100_l3,4100,8.82807801357505,8.660537846894064,8.995618180256036,2
large,rd400_gen3_m3,k100_l3,4150,8.82807801357505,8.660537846894064,8.995618180256036,2
large,rd400_gen3_m3,k100_l3,4200,8.82807801357505,8.660537846894064,8.995618180256036,2
large,rd400_gen3_m3,k100_l3,4250,8.82807801357505,8.660537846894064,8.995618180256036,2
large,rd400_gen3_m3,k100_l3,4300,8.810894406735974,8.660537846894064,8.961250966577884,2
large,rd400_gen3_m3,k100_l3,4350,8.810894406735974,8.660537846894064,8.961250966577884,2
large,rd400_gen3_m3,k100_l3,4400,8.810894406735974,8.660537846894064,8.961250966577884,2
large,rd400_gen3_m3,k100_l3,4450,8.810894406735974,8.660537846894064,8.961250966577884,2
large,rd400_gen3_m3,k100_l3,4500,8.810894406735974,8.660537846894064,8.961250966577884,2
large,rd400_gen3_m3,k100_l3,4550,8.810894406735974,8.660537846894064,8.961250966577884,2
large,rd400_gen3_m3,k100_l3,4600,8.763639487928517,8.660537846894064,8.86674112896297,2
large,rd400_gen3_m3,k100_l3,4650,8.763639487928517,8.660537846894064,8.86674112896297,2
large,rd400_gen3_m3,k100_l3,4700,8.763639487928517,8.660537846894064,8.86674112896297,2
large,rd400_gen3_m3,k100_l3,4750,8.763639487928517,8.660537846894064,8.86674112896297,2
large,rd400_gen3_m3,k100_l3,4800,8.763639487928517,8.660537846894064,8.86674112896297,2
large,rd400_gen3_m3,k100_l3,4850,8.763639487928517,8.660537846894064,8.86674112896297,2
large,rd400_gen3_m3,k100_l3,4900,8.763639487928517,8.660537846894064,8.86674112896297,2
large,rd400_gen3_m3,k100_l3,4950,8.763639487928517,8.660537846894064,8.86674112896297,2
large,rd400_gen3_m3,k100_l3,5000,8.763639487928517,8.660537846894064,8.86674112896297,2
large,rd400_gen3_m3,k100_l5,0,28.834092275968725,28.834092275968725,28.834092275968725,2
large,rd400_gen3_m3,k100_l5,50,11.220895265916315,10.250021479508549,12.191769052324084,2
large,rd400_gen3_m3,k100_l5,100,10.748346077841738,9.97508377008334,11.521608385600135,2
large,rd400_gen3_m3,k100_l5,150,9.996563278632184,9.597044419623678,10.396082137640692,2
large,rd400_gen3_m3,k100_l5,200,9.82043130853166,9.597044419623678,10.043818197439643,2
large,rd400_gen3_m3,k100_l5,250,9.773176389724203,9.597044419623678,9.949308359824728,2
large,rd400_gen3_m3,k100_l5,300,9.773176389724203,9.597044419623678,9.949308359824728,2
large,rd400_gen3_m3,k100_l5,350,9.773176389724203,9.597044419623678,9.949308359824728,2
large,rd400_gen3_m3,k100_l5,400,9.48105507345992,9.01280178709511,9.949308359824728,2
large,rd400_gen3_m3,k100_l5,450,9.48105507345992,9.01280178709511,9.949308359824728,2
large,rd400_gen3_m3,k100_l5,500,9.48105507345992,9.01280178709511,9.949308359824728,2
large,rd400_gen3_m3,k100_l5,550,9.373657530715697,8.97843457341696,9.768880488014434,2
large,rd400_gen3_m3,k100_l5,600,9.334994415327778,8.90110834264112,9.768880488014434,2
large,rd400_gen3_m3,k100_l5,650,9.334994415327778,8.90110834264112,9.768880488014434,2
large,rd400_gen3_m3,k100_l5,700,9.334994415327778,8.90110834264112,9.768880488014434,2
large,rd400_gen3_m3,k100_l5,750,9.167454248646791,8.566028009279147,9.768880488014434,2
large,rd400_gen3_m3,k100_l5,800,9.029985393934187,8.29109029985394,9.768880488014434,2
large,rd400_gen3_m3,k100_l5,850,8.98273047512673,8.196580462239025,9.768880488014434,2
large,rd400_gen3_m3,k100_l5,900,8.98273047512673,8.196580462239025,9.768880488014434,2
large,rd400_gen3_m3,k100_l5,950,8.98273047512673,8.196580462239025,9.768880488014434,2
large,rd400_gen3_m3,k100_l5,1000,8.948363261448577,8.196580462239025,9.700146060658131,2
large,rd400_gen3_m3,k100_l5,1050,8.948363261448577,8.196580462239025,9.700146060658131,2
large,rd400_gen3_m3,k100_l5,1100,8.94406735973881,8.196580462239025,9.691554257238597,2
large,rd400_gen3_m3,k100_l5,1150,8.926883752899734,8.162213248560873,9.691554257238597,2
large,rd400_gen3_m3,k100_l5,1200,8.926883752899734,8.162213248560873,9.691554257238597,2
large,rd400_gen3_m3,k100_l5,1250,8.926883752899734,8.162213248560873,9.691554257238597,2
large,rd400_gen3_m3,k100_l5,1300,8.853853423833662,8.162213248560873,9.545493599106452,2
large,rd400_gen3_m3,k100_l5,1350,8.853853423833662,8.162213248560873,9.545493599106452,2
large,rd400_gen3_m3,k100_l5,1400,8.853853423833662,8.162213248560873,9.545493599106452,2
large,rd400_gen3_m3,k100_l5,1450,8.853853423833662,8.162213248560873,9.545493599106452,2
large,rd400_gen3_m3,k100_l5,1500,8.845261620414124,8.162213248560873,9.528309992267378,2
large,rd400_gen3_m3,k100_l5,1550,8.845261620414124,8.162213248560873,9.528309992267378,2
large,rd400_gen3_m3,k100_l5,1600,8.845261620414124,8.162213248560873,9.528309992267378,2
large,rd400_gen3_m3,k100_l5,1650,8.836669816994586,8.162213248560873,9.511126385428302,2
large,rd400_gen3_m3,k100_l5,1700,8.759343586218748,8.007560787009194,9.511126385428302,2
large,rd400_gen3_m3,k100_l5,1750,8.759343586218748,8.007560787009194,9.511126385428302,2
large,rd400_gen3_m3,k100_l5,1800,8.759343586218748,8.007560787009194,9.511126385428302,2
large,rd400_gen3_m3,k100_l5,1850,8.759343586218748,8.007560787009194,9.511126385428302,2
large,rd400_gen3_m3,k100_l5,1900,8.759343586218748,8.007560787009194,9.511126385428302,2
large,rd400_gen3_m3,k100_l5,1950,8.694905060572214,8.007560787009194,9.382249334135237,2
large,rd400_gen3_m3,k100_l5,2000,8.694905060572214,8.007560787009194,9.382249334135237,2
large,rd400_gen3_m3,k100_l5,2050,8.694905060572214,8.007560787009194,9.382249334135237,2
large,rd400_gen3_m3,k100_l5,2100,8.694905060572214,8.007560787009194,9.382249334135237,2
large,rd400_gen3_m3,k100_l5,2150,8.647650141764757,8.007560787009194,9.28773949652032,2
large,rd400_gen3_m3,k100_l5,2200,8.621874731506143,8.007560787009194,9.236188676003094,2
large,rd400_gen3_m3,k100_l5,2250,8.621874731506143,8.007560787009194,9.236188676003094,2
large,rd400_gen3_m3,k100_l5,2300,8.621874731506143,8.007560787009194,9.236188676003094,2
large,rd400_gen3_m3,k100_l5,2350,8.621874731506143,8.007560787009194,9.236188676003094,2
large,rd400_gen3_m3,k100_l5,2400,8.621874731506143,8.007560787009194,9.236188676003094,2
large,rd400_gen3_m3,k100_l5,2450,8.621874731506143,8.007560787009194,9.236188676003094,2
large,rd400_gen3_m3,k100_l5,2500,8.621874731506143,8.007560787009194,9.236188676003094,2
large,rd400_gen3_m3,k100_l5,2550,8.621874731506143,8.007560787009194,9.236188676003094,2
large,rd400_gen3_m3,k100_l5,2600,8.621874731506143,8.007560787009194,9.236188676003094,2
large,rd400_gen3_m3,k100_l5,2650,8.621874731506143,8.007560787009194,9.236188676003094,2
large,rd400_gen3_m3,k100_l5,2700,8.621874731506143,8.007560787009194,9.236188676003094,2
large,rd400_gen3_m3,k100_l5,2750,8.621874731506143,8.007560787009194,9.236188676003094,2
large,rd400_gen3_m3,k100_l5,2800,8.621874731506143,8.007560787009194,9.236188676003094,2
large,rd400_gen3_m3,k100_l5,2850,8.621874731506143,8.007560787009194,9.236188676003094,2
large,rd400_gen3_m3,k100_l5,2900,8.621874731506143,8.007560787009194,9.236188676003094,2
large,rd400_gen3_m3,k100_l5,2950,8.621874731506143,8.007560787009194,9.236188676003094,2
large,rd400_gen3_m3,k100_l5,3000,8.621874731506143,8.007560787009194,9.236188676003094,2
large,rd400_gen3_m3,k100_l5,3050,8.621874731506143,8.007560787009194,9.236188676003094,2
large,rd400_gen3_m3,k100_l5,3100,8.621874731506143,8.007560787009194,9.236188676003094,2
large,rd400_gen3_m3,k100_l5,3150,8.621874731506143,8.007560787009194,9.236188676003094,2
large,rd400_gen3_m3,k100_l5,3200,8.621874731506143,8.007560787009194,9.236188676003094,2
large,rd400_gen3_m3,k100_l5,3250,8.166509150270642,8.007560787009194,8.32545751353209,2
large,rd400_gen3_m3,k100_l5,3300,8.166509150270642,8.007560787009194,8.32545751353209,2
large,rd400_gen3_m3,k100_l5,3350,8.157917346851104,8.007560787009194,8.308273906693016,2
large,rd400_gen3_m3,k100_l5,3400,8.157917346851104,8.007560787009194,8.308273906693016,2
large,rd400_gen3_m3,k100_l5,3450,8.157917346851104,8.007560787009194,8.308273906693016,2
large,rd400_gen3_m3,k100_l5,3500,8.119254231463184,8.007560787009194,8.230947675917175,2
large,rd400_gen3_m3,k100_l5,3550,8.119254231463184,8.007560787009194,8.230947675917175,2
large,rd400_gen3_m3,k100_l5,3600,8.119254231463184,8.007560787009194,8.230947675917175,2
large,rd400_gen3_m3,k100_l5,3650,8.119254231463184,8.007560787009194,8.230947675917175,2
large,rd400_gen3_m3,k100_l5,3700,8.119254231463184,8.007560787009194,8.230947675917175,2
large,rd400_gen3_m3,k100_l5,3750,8.119254231463184,8.007560787009194,8.230947675917175,2
large,rd400_gen3_m3,k100_l5,3800,8.119254231463184,8.007560787009194,8.230947675917175,2
large,rd400_gen3_m3,k100_l5,3850,8.119254231463184,8.007560787009194,8.230947675917175,2
large,rd400_gen3_m3,k100_l5,3900,8.119254231463184,8.007560787009194,8.230947675917175,2
large,rd400_gen3_m3,k100_l5,3950,8.119254231463184,8.007560787009194,8.230947675917175,2
large,rd400_gen3_m3,k100_l5,4000,8.119254231463184,8.007560787009194,8.230947675917175,2
large,rd400_gen3_m3,k100_l5,4050,8.119254231463184,8.007560787009194,8.230947675917175,2
large,rd400_gen3_m3,k100_l5,4100,8.119254231463184,8.007560787009194,8.230947675917175,2
large,rd400_gen3_m3,k100_l5,4150,8.119254231463184,8.007560787009194,8.230947675917175,2
large,rd400_gen3_m3,k100_l5,4200,8.119254231463184,8.007560787009194,8.230947675917175,2
large,rd400_gen3_m3,k100_l5,4250,8.119254231463184,8.007560787009194,8.230947675917175,2
large,rd400_gen3_m3,k100_l5,4300,8.119254231463184,8.007560787009194,8.230947675917175,2
large,rd400_gen3_m3,k100_l5,4350,7.818541111779362,7.629521436549532,8.007560787009194,2
large,rd400_gen3_m3,k100_l5,4400,7.818541111779362,7.629521436549532,8.007560787009194,2
large,rd400_gen3_m3,k100_l5,4450,7.814245210069593,7.629521436549532,7.998968983589656,2
large,rd400_gen3_m3,k100_l5,4500,7.801357504940287,7.603746026290919,7.998968983589656,2
large,rd400_gen3_m3,k100_l5,4550,7.801357504940287,7.603746026290919,7.998968983589656,2
large,rd400_gen3_m3,k100_l5,4600,7.801357504940287,7.603746026290919,7.998968983589656,2
large,rd400_gen3_m3,k100_l5,4650,7.801357504940287,7.603746026290919,7.998968983589656,2
large,rd400_gen3_m3,k100_l5,4700,7.801357504940287,7.603746026290919,7.998968983589656,2
large,rd400_gen3_m3,k100_l5,4750,7.801357504940287,7.603746026290919,7.998968983589656,2
large,rd400_gen3_m3,k100_l5,4800,7.663888650227683,7.32880831686571,7.998968983589656,2
large,rd400_gen3_m3,k100_l5,4850,7.663888650227683,7.32880831686571,7.998968983589656,2
large,rd400_gen3_m3,k100_l5,4900,7.642409141678838,7.285849299768021,7.998968983589656,2
large,rd400_gen3_m3,k100_l5,4950,7.642409141678838,7.285849299768021,7.998968983589656,2
large,rd400_gen3_m3,k100_l5,5000,7.642409141678838,7.285849299768021,7.998968983589656,2
large,rd400_gen3_m3,k100_linf,0,28.834092275968725,28.834092275968725,28.834092275968725,2
large,rd400_gen3_m3,k100_linf,50,11.366955924048458,10.799896898358966,11.93401494973795,2
large,rd400_gen3_m3,k100_linf,100,10.262909184637856,10.121144428215482,10.404673941060228,2
large,rd400_gen3_m3,k100_linf,150,9.485350975169688,9.304923103359394,9.66577884697998,2
large,rd400_gen3_m3,k100_linf,200,9.485350975169688,9.304923103359394,9.66577884697998,2
large,rd400_gen3_m3,k100_linf,250,9.485350975169688,9.304923103359394,9.66577884697998,2
large,rd400_gen3_m3,k100_linf,300,9.425208351232923,9.304923103359394,9.545493599106452,2
large,rd400_gen3_m3,k100_linf,350,9.39513703926454,9.304923103359394,9.485350975169688,2
large,rd400_gen3_m3,k100_linf,400,9.32640261190824,9.304923103359394,9.347882120457085,2
large,rd400_gen3_m3,k100_linf,450,9.111607526419796,8.875332932382507,9.347882120457085,2
large,rd400_gen3_m3,k100_linf,500,9.081536214451415,8.815190308445743,9.347882120457085,2
large,rd400_gen3_m3,k100_linf,550,8.871037030672738,8.394191940888392,9.347882120457085,2
large,rd400_gen3_m3,k100_linf,600,8.871037030672738,8.394191940888392,9.347882120457085,2
large,rd400_gen3_m3,k100_linf,650,8.871037030672738,8.394191940888392,9.347882120457085,2
large,rd400_gen3_m3,k100_linf,700,8.871037030672738,8.394191940888392,9.347882120457085,2
large,rd400_gen3_m3,k100_linf,750,8.871037030672738,8.394191940888392,9.347882120457085,2
large,rd400_gen3_m3,k100_linf,800,8.871037030672738,8.394191940888392,9.347882120457085,2
large,rd400_gen3_m3,k100_linf,850,8.871037030672738,8.394191940888392,9.347882120457085,2
large,rd400_gen3_m3,k100_linf,900,8.871037030672738,8.394191940888392,9.347882120457085,2
large,rd400_gen3_m3,k100_linf,950,8.871037030672738,8.394191940888392,9.347882120457085,2
large,rd400_gen3_m3,k100_linf,1000,8.871037030672738,8.394191940888392,9.347882120457085,2
large,rd400_gen3_m3,k100_linf,1050,8.871037030672738,8.394191940888392,9.347882120457085,2
large,rd400_gen3_m3,k100_linf,1100,8.845261620414124,8.342641120371166,9.347882120457085,2
large,rd400_gen3_m3,k100_linf,1150,8.845261620414124,8.342641120371166,9.347882120457085,2
large,rd400_gen3_m3,k100_linf,1200,8.845261620414124,8.342641120371166,9.347882120457085,2
large,rd400_gen3_m3,k100_linf,1250,8.845261620414124,8.342641120371166,9.347882120457085,2
large,rd400_gen3_m3,k100_linf,1300,8.699200962281983,8.342641120371166,9.0557608041928,2
large,rd400_gen3_m3,k100_linf,1350,8.677721453733138,8.342641120371166,9.01280178709511,2
large,rd400_gen3_m3,k100_linf,1400,8.673425552023371,8.342641120371166,9.004209983675574,2
large,rd400_gen3_m3,k100_linf,1450,8.660537846894062,8.342641120371166,8.97843457341696,2
large,rd400_gen3_m3,k100_linf,1500,8.651946043474524,8.342641120371166,8.961250966577884,2
large,rd400_gen3_m3,k100_linf,1550,8.621874731506143,8.342641120371166,8.90110834264112,2
large,rd400_gen3_m3,k100_linf,1600,8.621874731506143,8.342641120371166,8.90110834264112,2
large,rd400_gen3_m3,k100_linf,1650,8.621874731506143,8.342641120371166,8.90110834264112,2
large,rd400_gen3_m3,k100_linf,1700,8.621874731506143,8.342641120371166,8.90110834264112,2
large,rd400_gen3_m3,k100_linf,1750,8.621874731506143,8.342641120371166,8.90110834264112,2
large,rd400_gen3_m3,k100_linf,1800,8.621874731506143,8.342641120371166,8.90110834264112,2
large,rd400_gen3_m3,k100_linf,1850,8.617578829796376,8.342641120371166,8.892516539221583,2
large,rd400_gen3_m3,k100_linf,1900,8.566028009279147,8.342641120371166,8.789414898187129,2
large,rd400_gen3_m3,k100_linf,1950,8.566028009279147,8.342641120371166,8.789414898187129,2
large,rd400_gen3_m3,k100_linf,2000,8.514477188761921,8.342641120371166,8.686313257152676,2
large,rd400_gen3_m3,k100_linf,2050,8.514477188761921,8.342641120371166,8.686313257152676,2
large,rd400_gen3_m3,k100_linf,2100,8.514477188761921,8.342641120371166,8.686313257152676,2
large,rd400_gen3_m3,k100_linf,2150,8.514477188761921,8.342641120371166,8.686313257152676,2
large,rd400_gen3_m3,k100_linf,2200,8.514477188761921,8.342641120371166,8.686313257152676,2
large,rd400_gen3_m3,k100_linf,2250,8.514477188761921,8.342641120371166,8.686313257152676,2
large,rd400_gen3_m3,k100_linf,2300,8.514477188761921,8.342641120371166,8.686313257152676,2
large,rd400_gen3_m3,k100_linf,2350,8.514477188761921,8.342641120371166,8.686313257152676,2
large,rd400_gen3_m3,k100_linf,2400,8.514477188761921,8.342641120371166,8.686313257152676,2
large,rd400_gen3_m3,k100_linf,2450,8.514477188761921,8.342641120371166,8.686313257152676,2
large,rd400_gen3_m3,k100_linf,2500,8.514477188761921,8.342641120371166,8.686313257152676,2
large,rd400_gen3_m3,k100_linf,2550,8.514477188761921,8.342641120371166,8.686313257152676,2
large,rd400_gen3_m3,k100_linf,2600,8.514477188761921,8.342641120371166,8.686313257152676,2
large,rd400_gen3_m3,k100_linf,2650,8.514477188761921,8.342641120371166,8.686313257152676,2
large,rd400_gen3_m3,k100_linf,2700,8.514477188761921,8.342641120371166,8.686313257152676,2
large,rd400_gen3_m3,k100_linf,2750,8.514477188761921,8.342641120371166,8.686313257152676,2
large,rd400_gen3_m3,k100_linf,2800,8.514477188761921,8.342641120371166,8.686313257152676,2
large,rd400_gen3_m3,k100_linf,2850,8.514477188761921,8.342641120371166,8.686313257152676,2
large,rd400_gen3_m3,k100_linf,2900,8.514477188761921,8.342641120371166,8.686313257152676,2
large,rd400_gen3_m3,k100_linf,2950,8.514477188761921,8.342641120371166,8.686313257152676,2
large,rd400_gen3_m3,k100_linf,3000,8.514477188761921,8.342641120371166,8.686313257152676,2
large,rd400_gen3_m3,k100_linf,3050,8.514477188761921,8.342641120371166,8.686313257152676,2
large,rd400_gen3_m3,k100_linf,3100,8.514477188761921,8.342641120371166,8.686313257152676,2
large,rd400_gen3_m3,k100_linf,3150,8.514477188761921,8.342641120371166,8.686313257152676,2
large,rd400_gen3_m3,k100_linf,3200,8.514477188761921,8.342641120371166,8.686313257152676,2
large,rd400_gen3_m3,k100_linf,3250,8.514477188761921,8.342641120371166,8.686313257152676,2
large,rd400_gen3_m3,k100_linf,3300,8.514477188761921,8.342641120371166,8.686313257152676,2
large,rd400_gen3_m3,k100_linf,3350,8.514477188761921,8.342641120371166,8.686313257152676,2
large,rd400_gen3_m3,k100_linf,3400,8.505885385342383,8.342641120371166,8.6691296503136,2
large,rd400_gen3_m3,k100_linf,3450,8.505885385342383,8.342641120371166,8.6691296503136,2
large,rd400_gen3_m3,k100_linf,3500,8.501589483632614,8.342641120371166,8.660537846894064,2
large,rd400_gen3_m3,k100_linf,3550,8.501589483632614,8.342641120371166,8.660537846894064,2
large,rd400_gen3_m3,k100_linf,3600,8.501589483632614,8.342641120371166,8.660537846894064,2
large,rd400_gen3_m3,k100_linf,3650,8.501589483632614,8.342641120371166,8.660537846894064,2
large,rd400_gen3_m3,k100_linf,3700,8.501589483632614,8.342641120371166,8.660537846894064,2
large,rd400_gen3_m3,k100_linf,3750,8.501589483632614,8.342641120371166,8.660537846894064,2
large,rd400_gen3_m3,k100_linf,3800,8.501589483632614,8.342641120371166,8.660537846894064,2
large,rd400_gen3_m3,k100_linf,3850,8.501589483632614,8.342641120371166,8.660537846894064,2
large,rd400_gen3_m3,k100_linf,3900,8.501589483632614,8.342641120371166,8.660537846894064,2
large,rd400_gen3_m3,k100_linf,3950,8.501589483632614,8.342641120371166,8.660537846894064,2
large,rd400_gen3_m3,k100_linf,4000,8.501589483632614,8.342641120371166,8.660537846894064,2
large,rd400_gen3_m3,k100_linf,4050,8.501589483632614,8.342641120371166,8.660537846894064,2
large,rd400_gen3_m3,k100_linf,4100,8.501589483632614,8.342641120371166,8.660537846894064,2
large,rd400_gen3_m3,k100_linf,4150,8.381304235759085,8.196580462239025,8.566028009279147,2
large,rd400_gen3_m3,k100_linf,4200,8.334049316951628,8.102070624624108,8.566028009279147,2
large,rd400_gen3_m3,k100_linf,4250,8.291090299853938,8.024744393848268,8.55743620585961,2
large,rd400_gen3_m3,k100_linf,4300,8.291090299853938,8.024744393848268,8.55743620585961,2
large,rd400_gen3_m3,k100_linf,4350,8.28679439814417,8.024744393848268,8.548844402440071,2
large,rd400_gen3_m3,k100_linf,4400,8.28679439814417,8.024744393848268,8.548844402440071,2
large,rd400_gen3_m3,k100_linf,4450,8.28679439814417,8.024744393848268,8.548844402440071,2
large,rd400_gen3_m3,k100_linf,4500,8.28679439814417,8.024744393848268,8.548844402440071,2
large,rd400_gen3_m3,k100_linf,4550,8.261018987885556,7.973193573331042,8.548844402440071,2
large,rd400_gen3_m3,k100_linf,4600,8.261018987885556,7.973193573331042,8.548844402440071,2
large,rd400_gen3_m3,k100_linf,4650,8.261018987885556,7.973193573331042,8.548844402440071,2
large,rd400_gen3_m3,k100_linf,4700,8.239539479336713,7.973193573331042,8.505885385342383,2
large,rd400_gen3_m3,k100_linf,4750,8.239539479336713,7.973193573331042,8.505885385342383,2
large,rd400_gen3_m3,k100_linf,4800,8.239539479336713,7.973193573331042,8.505885385342383,2
large,rd400_gen3_m3,k100_linf,4850,8.239539479336713,7.973193573331042,8.505885385342383,2
large,rd400_gen3_m3,k100_linf,4900,8.239539479336713,7.973193573331042,8.505885385342383,2
large,rd400_gen3_m3,k100_linf,4950,8.239539479336713,7.973193573331042,8.505885385342383,2
large,rd400_gen3_m3,k100_linf,5000,8.239539479336713,7.973193573331042,8.505885385342383,2
large,rd400_gen3_m3,k20_l1,0,28.834092275968725,28.834092275968725,28.834092275968725,2
large,rd400_gen3_m3,k20_l1,50,13.871466620843714,13.566457599450125,14.176475642237303,2
large,rd400_gen3_m3,k20_l1,100,13.35166251396168,12.999398573760631,13.703926454162728,2
large,rd400_gen3_m3,k20_l1,150,12.35930921900507,11.01469198384741,13.703926454162728,2
large,rd400_gen3_m3,k20_l1,200,12.178881347194777,10.6710198470659,13.686742847323654,2
large,rd400_gen3_m3,k20_l1,250,11.946902654867255,10.413265744479766,13.480539565254746,2
large,rd400_gen3_m3,k20_l1,300,11.444282154824299,9.97508377008334,12.913480539565256,2
large,rd400_gen3_m3,k20_l1,350,11.220895265916315,9.597044419623678,12.844746112208952,2
large,rd400_gen3_m3,k20_l1,400,11.079130509493943,9.55408540252599,12.604175616461896,2
large,rd400_gen3_m3,k20_l1,450,11.079130509493943,9.55408540252599,12.604175616461896,2
large,rd400_gen3_m3,k20_l1,500,11.079130509493943,9.55408540252599,12.604175616461896,2
large,rd400_gen3_m3,k20_l1,550,11.079130509493943,9.55408540252599,12.604175616461896,2
large,rd400_gen3_m3,k20_l1,600,11.036171492396253,9.468167368330612,12.604175616461896,2
large,rd400_gen3_m3,k20_l1,650,10.993212475298565,9.468167368330612,12.518257582266518,2
large,rd400_gen3_m3,k20_l1,700,10.993212475298565,9.468167368330612,12.518257582266518,2
large,rd400_gen3_m3,k20_l1,750,10.993212475298565,9.468167368330612,12.518257582266518,2
large,rd400_gen3_m3,k20_l1,800,10.993212475298565,9.468167368330612,12.518257582266518,2
large,rd400_gen3_m3,k20_l1,850,10.963141163330182,9.408024744393847,12.518257582266518,2
large,rd400_gen3_m3,k20_l1,900,10.963141163330182,9.408024744393847,12.518257582266518,2
large,rd400_gen3_m3,k20_l1,950,10.928773949652033,9.339290317037548,12.518257582266518,2
large,rd400_gen3_m3,k20_l1,1000,9.927828851275883,9.339290317037548,10.51636738551422,2
large,rd400_gen3_m3,k20_l1,1050,9.837614915370738,9.339290317037548,10.335939513703927,2
large,rd400_gen3_m3,k20_l1,1100,9.734513274336283,9.339290317037548,10.12973623163502,2
large,rd400_gen3_m3,k20_l1,1150,9.67007474868975,9.339290317037548,10.000859180341951,2
large,rd400_gen3_m3,k20_l1,1200,9.661482945270215,9.339290317037548,9.98367557350288,2
large,rd400_gen3_m3,k20_l1,1250,9.622819829882292,9.296331299939858,9.949308359824728,2
large,rd400_gen3_m3,k20_l1,1300,9.386545235845004,9.296331299939858,9.47675917175015,2
large,rd400_gen3_m3,k20_l1,1350,9.377953432425468,9.296331299939858,9.459575564911075,2
large,rd400_gen3_m3,k20_l1,1400,9.377953432425468,9.296331299939858,9.459575564911075,2
large,rd400_gen3_m3,k20_l1,1450,9.352178022166854,9.24478047942263,9.459575564911075,2
large,rd400_gen3_m3,k20_l1,1500,9.352178022166854,9.24478047942263,9.459575564911075,2
large,rd400_gen3_m3,k20_l1,1550,9.352178022166854,9.24478047942263,9.459575564911075,2
large,rd400_gen3_m3,k20_l1,1600,9.352178022166854,9.24478047942263,9.459575564911075,2
large,rd400_gen3_m3,k20_l1,1650,9.167454248646791,8.875332932382507,9.459575564911075,2
large,rd400_gen3_m3,k20_l1,1700,9.167454248646791,8.875332932382507,9.459575564911075,2
large,rd400_gen3_m3,k20_l1,1750,8.995618180256034,8.875332932382507,9.115903428129563,2
large,rd400_gen3_m3,k20_l1,1800,8.682017355442907,8.488701778503307,8.875332932382507,2
large,rd400_gen3_m3,k20_l1,1850,8.682017355442907,8.488701778503307,8.875332932382507,2
large,rd400_gen3_m3,k20_l1,1900,8.613282928086605,8.351232923790704,8.875332932382507,2
large,rd400_gen3_m3,k20_l1,1950,8.604691124667067,8.334049316951628,8.875332932382507,2
large,rd400_gen3_m3,k20_l1,2000,8.583211616118223,8.334049316951628,8.832373915284819,2
large,rd400_gen3_m3,k20_l1,2050,8.583211616118223,8.334049316951628,8.832373915284819,2
large,rd400_gen3_m3,k20_l1,2100,8.583211616118223,8.334049316951628,8.832373915284819,2
large,rd400_gen3_m3,k20_l1,2150,8.574619812698685,8.334049316951628,8.815190308445743,2
large,rd400_gen3_m3,k20_l1,2200,8.574619812698685,8.334049316951628,8.815190308445743,2
large,rd400_gen3_m3,k20_l1,2250,8.574619812698685,8.334049316951628,8.815190308445743,2
large,rd400_gen3_m3,k20_l1,2300,8.574619812698685,8.334049316951628,8.815190308445743,2
large,rd400_gen3_m3,k20_l1,2350,8.574619812698685,8.334049316951628,8.815190308445743,2
large,rd400_gen3_m3,k20_l1,2400,8.574619812698685,8.334049316951628,8.815190308445743,2
large,rd400_gen3_m3,k20_l1,2450,8.574619812698685,8.334049316951628,8.815190308445743,2
large,rd400_gen3_m3,k20_l1,2500,8.574619812698685,8.334049316951628,8.815190308445743,2
large,rd400_gen3_m3,k20_l1,2550,8.574619812698685,8.334049316951628,8.815190308445743,2
large,rd400_gen3_m3,k20_l1,2600,8.574619812698685,8.334049316951628,8.815190308445743,2
large,rd400_gen3_m3,k20_l1,2650,8.574619812698685,8.334049316951628,8.815190308445743,2
large,rd400_gen3_m3,k20_l1,2700,8.574619812698685,8.334049316951628,8.815190308445743,2
large,rd400_gen3_m3,k20_l1,2750,8.574619812698685,8.334049316951628,8.815190308445743,2
large,rd400_gen3_m3,k20_l1,2800,8.574619812698685,8.334049316951628,8.815190308445743,2
large,rd400_gen3_m3,k20_l1,2850,8.574619812698685,8.334049316951628,8.815190308445743,2
large,rd400_gen3_m3,k20_l1,2900,8.574619812698685,8.334049316951628,8.815190308445743,2
large,rd400_gen3_m3,k20_l1,2950,8.574619812698685,8.334049316951628,8.815190308445743,2
large,rd400_gen3_m3,k20_l1,3000,8.574619812698685,8.334049316951628,8.815190308445743,2
large,rd400_gen3_m3,k20_l1,3050,8.574619812698685,8.334049316951628,8.815190308445743,2
large,rd400_gen3_m3,k20_l1,3100,8.574619812698685,8.334049316951628,8.815190308445743,2
large,rd400_gen3_m3,k20_l1,3150,8.574619812698685,8.334049316951628,8.815190308445743,2
large,rd400_gen3_m3,k20_l1,3200,8.574619812698685,8.334049316951628,8.815190308445743,2
large,rd400_gen3_m3,k20_l1,3250,8.574619812698685,8.334049316951628,8.815190308445743,2
large,rd400_gen3_m3,k20_l1,3300,8.574619812698685,8.334049316951628,8.815190308445743,2
large,rd400_gen3_m3,k20_l1,3350,8.574619812698685,8.334049316951628,8.815190308445743,2
large,rd400_gen3_m3,k20_l1,3400,8.574619812698685,8.334049316951628,8.815190308445743,2
large,rd400_gen3_m3,k20_l1,3450,8.574619812698685,8.334049316951628,8.815190308445743,2
large,rd400_gen3_m3,k20_l1,3500,8.574619812698685,8.334049316951628,8.815190308445743,2
large,rd400_gen3_m3,k20_l1,3550,8.574619812698685,8.334049316951628,8.815190308445743,2
large,rd400_gen3_m3,k20_l1,3600,8.574619812698685,8.334049316951628,8.815190308445743,2
large,rd400_gen3_m3,k20_l1,3650,8.574619812698685,8.334049316951628,8.815190308445743,2
large,rd400_gen3_m3,k20_l1,3700,8.574619812698685,8.334049316951628,8.815190308445743,2
large,rd400_gen3_m3,k20_l1,3750,8.574619812698685,8.334049316951628,8.815190308445743,2
large,rd400_gen3_m3,k20_l1,3800,8.574619812698685,8.334049316951628,8.815190308445743,2
large,rd400_gen3_m3,k20_l1,3850,8.574619812698685,8.334049316951628,8.815190308445743,2
large,rd400_gen3_m3,k20_l1,3900,8.505885385342383,8.334049316951628,8.677721453733138,2
large,rd400_gen3_m3,k20_l1,3950,8.505885385342383,8.334049316951628,8.677721453733138,2
large,rd400_gen3_m3,k20_l1,4000,8.501589483632614,8.334049316951628,8.6691296503136,2
large,rd400_gen3_m3,k20_l1,4050,8.501589483632614,8.334049316951628,8.6691296503136,2
large,rd400_gen3_m3,k20_l1,4100,8.501589483632614,8.334049316951628,8.6691296503136,2
large,rd400_gen3_m3,k20_l1,4150,8.501589483632614,8.334049316951628,8.6691296503136,2
large,rd400_gen3_m3,k20_l1,4200,8.501589483632614,8.334049316951628,8.6691296503136,2
large,rd400_gen3_m3,k20_l1,4250,8.501589483632614,8.334049316951628,8.6691296503136,2
large,rd400_gen3_m3,k20_l1,4300,8.501589483632614,8.334049316951628,8.6691296503136,2
large,rd400_gen3_m3,k20_l1,4350,8.501589483632614,8.334049316951628,8.6691296503136,2
large,rd400_gen3_m3,k20_l1,4400,8.501589483632614,8.334049316951628,8.6691296503136,2
large,rd400_gen3_m3,k20_l1,4450,8.501589483632614,8.334049316951628,8.6691296503136,2
large,rd400_gen3_m3,k20_l1,4500,8.501589483632614,8.334049316951628,8.6691296503136,2
large,rd400_gen3_m3,k20_l1,4550,8.501589483632614,8.334049316951628,8.6691296503136,2
large,rd400_gen3_m3,k20_l1,4600,8.501589483632614,8.334049316951628,8.6691296503136,2
large,rd400_gen3_m3,k20_l1,4650,8.501589483632614,8.334049316951628,8.6691296503136,2
large,rd400_gen3_m3,k20_l1,4700,8.501589483632614,8.334049316951628,8.6691296503136,2
large,rd400_gen3_m3,k20_l1,4750,8.501589483632614,8.334049316951628,8.6691296503136,2
large,rd400_gen3_m3,k20_l1,4800,8.501589483632614,8.334049316951628,8.6691296503136,2
large,rd400_gen3_m3,k20_l1,4850,8.501589483632614,8.334049316951628,8.6691296503136,2
large,rd400_gen3_m3,k20_l1,4900,8.501589483632614,8.334049316951628,8.6691296503136,2
large,rd400_gen3_m3,k20_l1,4950,8.501589483632614,8.334049316951628,8.6691296503136,2
large,rd400_gen3_m3,k20_l1,5000,8.501589483632614,8.334049316951628,8.6691296503136,2
large,rd400_gen3_m3,k6_l1,0,28.834092275968725,28.834092275968725,28.834092275968725,2
large,rd400_gen3_m3,k6_l1,50,13.205601855829538,13.188418248990462,13.222785462668616,2
large,rd400_gen3_m3,k6_l1,100,12.771715783142882,12.320646103617149,13.222785462668616,2
large,rd400_gen3_m3,k6_l1,150,12.260503479680386,11.573159206117364,12.947847753243408,2
large,rd400_gen3_m3,k6_l1,200,12.054300197611479,11.573159206117364,12.535441189105594,2
large,rd400_gen3_m3,k6_l1,250,11.81802560357419,11.573159206117364,12.062892001031017,2
large,rd400_gen3_m3,k6_l1,300,11.775066586476502,11.487241171921989,12.062892001031017,2
large,rd400_gen3_m3,k6_l1,350,11.689148552281125,11.315405103531232,12.062892001031017,2
large,rd400_gen3_m3,k6_l1,400,11.336884612080077,10.610877223129137,12.062892001031017,2
large,rd400_gen3_m3,k6_l1,450,11.212303462496777,10.370306727382076,12.05430019761148,2
large,rd400_gen3_m3,k6_l1,500,10.168399347022941,9.588452616204142,10.748346077841738,2
large,rd400_gen3_m3,k6_l1,550,10.146919838474096,9.588452616204142,10.70538706074405,2
large,rd400_gen3_m3,k6_l1,600,10.048114099149412,9.588452616204142,10.507775582094682,2
large,rd400_gen3_m3,k6_l1,650,9.940716556405189,9.588452616204142,10.292980496606235,2
large,rd400_gen3_m3,k6_l1,700,9.816135406821893,9.425208351232923,10.20706246241086,2
large,rd400_gen3_m3,k6_l1,750,9.700146060658131,9.330698513618009,10.069593607698256,2
large,rd400_gen3_m3,k6_l1,800,9.700146060658131,9.330698513618009,10.069593607698256,2
large,rd400_gen3_m3,k6_l1,850,9.700146060658131,9.330698513618009,10.069593607698256,2
large,rd400_gen3_m3,k6_l1,900,9.700146060658131,9.330698513618009,10.069593607698256,2
large,rd400_gen3_m3,k6_l1,950,9.695850158948364,9.32210671019847,10.069593607698256,2
large,rd400_gen3_m3,k6_l1,1000,9.695850158948364,9.32210671019847,10.069593607698256,2
large,rd400_gen3_m3,k6_l1,1050,9.695850158948364,9.32210671019847,10.069593607698256,2
large,rd400_gen3_m3,k6_l1,1100,9.695850158948364,9.32210671019847,10.069593607698256,2
large,rd400_gen3_m3,k6_l1,1150,9.695850158948364,9.32210671019847,10.069593607698256,2
large,rd400_gen3_m3,k6_l1,1200,9.695850158948364,9.32210671019847,10.069593607698256,2
large,rd400_gen3_m3,k6_l1,1250,9.695850158948364,9.32210671019847,10.069593607698256,2
large,rd400_gen3_m3,k6_l1,1300,9.695850158948364,9.32210671019847,10.069593607698256,2
large,rd400_gen3_m3,k6_l1,1350,9.695850158948364,9.32210671019847,10.069593607698256,2
large,rd400_gen3_m3,k6_l1,1400,9.695850158948364,9.32210671019847,10.069593607698256,2
large,rd400_gen3_m3,k6_l1,1450,9.695850158948364,9.32210671019847,10.069593607698256,2
large,rd400_gen3_m3,k6_l1,1500,9.695850158948364,9.32210671019847,10.069593607698256,2
large,rd400_gen3_m3,k6_l1,1550,9.695850158948364,9.32210671019847,10.069593607698256,2
large,rd400_gen3_m3,k6_l1,1600,9.695850158948364,9.32210671019847,10.069593607698256,2
large,rd400_gen3_m3,k6_l1,1650,9.695850158948364,9.32210671019847,10.069593607698256,2
large,rd400_gen3_m3,k6_l1,1700,9.678666552109288,9.32210671019847,10.035226394020103,2
large,rd400_gen3_m3,k6_l1,1750,9.442391958072,9.32210671019847,9.562677205945528,2
large,rd400_gen3_m3,k6_l1,1800,9.420912449523154,9.32210671019847,9.51971818884784,2
large,rd400_gen3_m3,k6_l1,1850,9.420912449523154,9.32210671019847,9.51971818884784,2
large,rd400_gen3_m3,k6_l1,1900,9.420912449523154,9.32210671019847,9.51971818884784,2
large,rd400_gen3_m3,k6_l1,1950,9.420912449523154,9.32210671019847,9.51971818884784,2
large,rd400_gen3_m3,k6_l1,2000,9.420912449523154,9.32210671019847,9.51971818884784,2
large,rd400_gen3_m3,k6_l1,2050,9.420912449523154,9.32210671019847,9.51971818884784,2
large,rd400_gen3_m3,k6_l1,2100,9.420912449523154,9.32210671019847,9.51971818884784,2
large,rd400_gen3_m3,k6_l1,2150,9.420912449523154,9.32210671019847,9.51971818884784,2
large,rd400_gen3_m3,k6_l1,2200,9.420912449523154,9.32210671019847,9.51971818884784,2
large,rd400_gen3_m3,k6_l1,2250,9.420912449523154,9.32210671019847,9.51971818884784,2
large,rd400_gen3_m3,k6_l1,2300,9.420912449523154,9.32210671019847,9.51971818884784,2
large,rd400_gen3_m3,k6_l1,2350,9.420912449523154,9.32210671019847,9.51971818884784,2
large,rd400_gen3_m3,k6_l1,2400,9.420912449523154,9.32210671019847,9.51971818884784,2
large,rd400_gen3_m3,k6_l1,2450,9.39513703926454,9.32210671019847,9.468167368330612,2
large,rd400_gen3_m3,k6_l1,2500,9.39513703926454,9.32210671019847,9.468167368330612,2
large,rd400_gen3_m3,k6_l1,2550,9.39513703926454,9.32210671019847,9.468167368330612,2
large,rd400_gen3_m3,k6_l1,2600,9.39513703926454,9.32210671019847,9.468167368330612,2
large,rd400_gen3_m3,k6_l1,2650,9.39513703926454,9.32210671019847,9.468167368330612,2
large,rd400_gen3_m3,k6_l1,2700,9.39513703926454,9.32210671019847,9.468167368330612,2
large,rd400_gen3_m3,k6_l1,2750,9.39513703926454,9.32210671019847,9.468167368330612,2
large,rd400_gen3_m3,k6_l1,2800,9.39513703926454,9.32210671019847,9.468167368330612,2
large,rd400_gen3_m3,k6_l1,2850,9.39513703926454,9.32210671019847,9.468167368330612,2
large,rd400_gen3_m3,k6_l1,2900,9.39513703926454,9.32210671019847,9.468167368330612,2
large,rd400_gen3_m3,k6_l1,2950,9.39513703926454,9.32210671019847,9.468167368330612,2
large,rd400_gen3_m3,k6_l1,3000,9.39513703926454,9.32210671019847,9.468167368330612,2
large,rd400_gen3_m3,k6_l1,3050,9.39513703926454,9.32210671019847,9.468167368330612,2
large,rd400_gen3_m3,k6_l1,3100,9.39513703926454,9.32210671019847,9.468167368330612,2
large,rd400_gen3_m3,k6_l1,3150,9.39513703926454,9.32210671019847,9.468167368330612,2
large,rd400_gen3_m3,k6_l1,3200,9.39513703926454,9.32210671019847,9.468167368330612,2
large,rd400_gen3_m3,k6_l1,3250,9.39513703926454,9.32210671019847,9.468167368330612,2
large,rd400_gen3_m3,k6_l1,3300,9.39513703926454,9.32210671019847,9.468167368330612,2
large,rd400_gen3_m3,k6_l1,3350,9.39513703926454,9.32210671019847,9.468167368330612,2
large,rd400_gen3_m3,k6_l1,3400,9.39513703926454,9.32210671019847,9.468167368330612,2
large,rd400_gen3_m3,k6_l1,3450,9.39513703926454,9.32210671019847,9.468167368330612,2
large,rd400_gen3_m3,k6_l1,3500,9.39513703926454,9.32210671019847,9.468167368330612,2
large,rd400_gen3_m3,k6_l1,3550,9.39513703926454,9.32210671019847,9.468167368330612,2
large,rd400_gen3_m3,k6_l1,3600,9.39513703926454,9.32210671019847,9.468167368330612,2
large,rd400_gen3_m3,k6_l1,3650,9.39513703926454,9.32210671019847,9.468167368330612,2
large,rd400_gen3_m3,k6_l1,3700,9.39513703926454,9.32210671019847,9.468167368330612,2
large,rd400_gen3_m3,k6_l1,3750,9.39513703926454,9.32210671019847,9.468167368330612,2
large,rd400_gen3_m3,k6_l1,3800,9.39513703926454,9.32210671019847,9.468167368330612,2
large,rd400_gen3_m3,k6_l1,3850,9.39513703926454,9.32210671019847,9.468167368330612,2
large,rd400_gen3_m3,k6_l1,3900,9.39513703926454,9.32210671019847,9.468167368330612,2
large,rd400_gen3_m3,k6_l1,3950,9.39513703926454,9.32210671019847,9.468167368330612,2
large,rd400_gen3_m3,k6_l1,4000,9.39513703926454,9.32210671019847,9.468167368330612,2
large,rd400_gen3_m3,k6_l1,4050,9.39513703926454,9.32210671019847,9.468167368330612,2
large,rd400_gen3_m3,k6_l1,4100,9.39513703926454,9.32210671019847,9.468167368330612,2
large,rd400_gen3_m3,k6_l1,4150,9.39513703926454,9.32210671019847,9.468167368330612,2
large,rd400_gen3_m3,k6_l1,4200,9.39513703926454,9.32210671019847,9.468167368330612,2
large,rd400_gen3_m3,k6_l1,4250,9.39513703926454,9.32210671019847,9.468167368330612,2
large,rd400_gen3_m3,k6_l1,4300,9.39513703926454,9.32210671019847,9.468167368330612,2
large,rd400_gen3_m3,k6_l1,4350,9.39513703926454,9.32210671019847,9.468167368330612,2
large,rd400_gen3_m3,k6_l1,4400,9.39513703926454,9.32210671019847,9.468167368330612,2
large,rd400_gen3_m3,k6_l1,4450,9.39513703926454,9.32210671019847,9.468167368330612,2
large,rd400_gen3_m3,k6_l1,4500,9.39513703926454,9.32210671019847,9.468167368330612,2
large,rd400_gen3_m3,k6_l1,4550,9.39513703926454,9.32210671019847,9.468167368330612,2
large,rd400_gen3_m3,k6_l1,4600,9.39513703926454,9.32210671019847,9.468167368330612,2
large,rd400_gen3_m3,k6_l1,4650,9.39513703926454,9.32210671019847,9.468167368330612,2
large,rd400_gen3_m3,k6_l1,4700,9.39513703926454,9.32210671019847,9.468167368330612,2
large,rd400_gen3_m3,k6_l1,4750,9.39513703926454,9.32210671019847,9.468167368330612,2
large,rd400_gen3_m3,k6_l1,4800,9.39513703926454,9.32210671019847,9.468167368330612,2
large,rd400_gen3_m3,k6_l1,4850,9.39513703926454,9.32210671019847,9.468167368330612,2
large,rd400_gen3_m3,k6_l1,4900,9.39513703926454,9.32210671019847,9.468167368330612,2
large,rd400_gen3_m3,k6_l1,4950,9.39513703926454,9.32210671019847,9.468167368330612,2
large,rd400_gen3_m3,k6_l1,5000,9.39513703926454,9.32210671019847,9.468167368330612,2
large,rd400_gen3_m3,off,0,28.834092275968725,28.834092275968725,28.834092275968725,2
large,rd400_gen3_m3,off,50,14.107741214881004,13.81561989861672,14.399862531145288,2
large,rd400_gen3_m3,off,100,12.952143654953174,12.672910043818195,13.231377266088153,2
large,rd400_gen3_m3,off,150,12.702981355786577,12.672910043818195,12.73305266775496,2
large,rd400_gen3_m3,off,200,12.595583813042358,12.526849385686056,12.66431824039866,2
large,rd400_gen3_m3,off,250,12.428043646361372,12.329237907036688,12.526849385686056,2
large,rd400_gen3_m3,off,300,12.402268236102758,12.303462496778074,12.501073975427442,2
large,rd400_gen3_m3,off,350,12.260503479680386,12.114442821548243,12.406564137812529,2
large,rd400_gen3_m3,off,400,12.260503479680386,12.114442821548243,12.406564137812529,2
large,rd400_gen3_m3,off,450,12.187473150614315,12.019932983933328,12.3550133172953,2
large,rd400_gen3_m3,off,500,11.86528052238165,11.43569035140476,12.294870693358536,2
large,rd400_gen3_m3,off,550,11.830913308703497,11.43569035140476,12.226136266002234,2
large,rd400_gen3_m3,off,600,11.82661740699373,11.427098547985224,12.226136266002234,2
large,rd400_gen3_m3,off,650,11.82661740699373,11.427098547985224,12.226136266002234,2
large,rd400_gen3_m3,off,700,11.216599364206548,11.074834607784174,11.35836412062892,2
large,rd400_gen3_m3,off,750,11.199415757367472,11.040467394106022,11.35836412062892,2
large,rd400_gen3_m3,off,800,11.199415757367472,11.040467394106022,11.35836412062892,2
large,rd400_gen3_m3,off,850,11.190823953947934,11.031875590686486,11.349772317209382,2
large,rd400_gen3_m3,off,900,11.143569035140477,10.988916573588796,11.298221496692156,2
large,rd400_gen3_m3,off,950,10.808488701778504,10.456224761577456,11.16075264197955,2
large,rd400_gen3_m3,off,1000,10.619469026548671,10.078185411117794,11.16075264197955,2
large,rd400_gen3_m3,off,1050,10.443337056448147,9.725921470916743,11.16075264197955,2
large,rd400_gen3_m3,off,1100,10.43474525302861,9.725921470916743,11.143569035140477,2
large,rd400_gen3_m3,off,1150,10.43474525302861,9.725921470916743,11.143569035140477,2
large,rd400_gen3_m3,off,1200,10.43474525302861,9.725921470916743,11.143569035140477,2
large,rd400_gen3_m3,off,1250,10.301572300025775,9.459575564911075,11.143569035140477,2
large,rd400_gen3_m3,off,1300,10.301572300025775,9.459575564911075,11.143569035140477,2
large,rd400_gen3_m3,off,1350,10.301572300025775,9.459575564911075,11.143569035140477,2
large,rd400_gen3_m3,off,1400,10.271500988057394,9.459575564911075,11.083426411203712,2
large,rd400_gen3_m3,off,1450,10.271500988057394,9.459575564911075,11.083426411203712,2
large,rd400_gen3_m3,off,1500,10.271500988057394,9.459575564911075,11.083426411203712,2
large,rd400_gen3_m3,off,1550,10.271500988057394,9.459575564911075,11.083426411203712,2
large,rd400_gen3_m3,off,1600,10.271500988057394,9.459575564911075,11.083426411203712,2
large,rd400_gen3_m3,off,1650,10.271500988057394,9.459575564911075,11.083426411203712,2
large,rd400_gen3_m3,off,1700,10.271500988057394,9.459575564911075,11.083426411203712,2
large,rd400_gen3_m3,off,1750,10.271500988057394,9.459575564911075,11.083426411203712,2
large,rd400_gen3_m3,off,1800,10.262909184637856,9.459575564911075,11.066242804364636,2
large,rd400_gen3_m3,off,1850,10.262909184637856,9.459575564911075,11.066242804364636,2
large,rd400_gen3_m3,off,1900,10.250021479508547,9.43380015465246,11.066242804364636,2
large,rd400_gen3_m3,off,1950,10.250021479508547,9.43380015465246,11.066242804364636,2
large,rd400_gen3_m3,off,2000,10.250021479508547,9.43380015465246,11.066242804364636,2
large,rd400_gen3_m3,off,2050,10.159807543603403,9.253372282842168,11.066242804364636,2
large,rd400_gen3_m3,off,2100,10.043818197439641,9.021393590514649,11.066242804364636,2
large,rd400_gen3_m3,off,2150,10.043818197439641,9.021393590514649,11.066242804364636,2
large,rd400_gen3_m3,off,2200,10.043818197439641,9.021393590514649,11.066242804364636,2
large,rd400_gen3_m3,off,2250,10.043818197439641,9.021393590514649,11.066242804364636,2
large,rd400_gen3_m3,off,2300,10.026634590600567,8.987026376836498,11.066242804364636,2
large,rd400_gen3_m3,off,2350,10.026634590600567,8.987026376836498,11.066242804364636,2
large,rd400_gen3_m3,off,2400,10.026634590600567,8.987026376836498,11.066242804364636,2
large,rd400_gen3_m3,off,2450,10.026634590600567,8.987026376836498,11.066242804364636,2
large,rd400_gen3_m3,off,2500,10.026634590600567,8.987026376836498,11.066242804364636,2
large,rd400_gen3_m3,off,2550,10.026634590600567,8.987026376836498,11.066242804364636,2
large,rd400_gen3_m3,off,2600,10.026634590600567,8.987026376836498,11.066242804364636,2
large,rd400_gen3_m3,off,2650,10.026634590600567,8.987026376836498,11.066242804364636,2
large,rd400_gen3_m3,off,2700,10.026634590600567,8.987026376836498,11.066242804364636,2
large,rd400_gen3_m3,off,2750,10.026634590600567,8.987026376836498,11.066242804364636,2
large,rd400_gen3_m3,off,2800,10.026634590600567,8.987026376836498,11.066242804364636,2
large,rd400_gen3_m3,off,2850,10.026634590600567,8.987026376836498,11.066242804364636,2
large,rd400_gen3_m3,off,2900,10.026634590600567,8.987026376836498,11.066242804364636,2
large,rd400_gen3_m3,off,2950,10.026634590600567,8.987026376836498,11.066242804364636,2
large,rd400_gen3_m3,off,3000,10.026634590600567,8.987026376836498,11.066242804364636,2
large,rd400_gen3_m3,off,3050,10.026634590600567,8.987026376836498,11.066242804364636,2
large,rd400_gen3_m3,off,3100,10.026634590600567,8.987026376836498,11.066242804364636,2
large,rd400_gen3_m3,off,3150,10.026634590600567,8.987026376836498,11.066242804364636,2
large,rd400_gen3_m3,off,3200,10.026634590600567,8.987026376836498,11.066242804364636,2
large,rd400_gen3_m3,off,3250,10.026634590600567,8.987026376836498,11.066242804364636,2
large,rd400_gen3_m3,off,3300,10.026634590600567,8.987026376836498,11.066242804364636,2
large,rd400_gen3_m3,off,3350,10.01804278718103,8.969842769997422,11.066242804364636,2
large,rd400_gen3_m3,off,3400,10.01804278718103,8.969842769997422,11.066242804364636,2
large,rd400_gen3_m3,off,3450,9.880573932468426,8.935475556319272,10.82567230861758,2
large,rd400_gen3_m3,off,3500,9.859094423919581,8.935475556319272,10.78271329151989,2
large,rd400_gen3_m3,off,3550,9.859094423919581,8.935475556319272,10.78271329151989,2
large,rd400_gen3_m3,off,3600,9.859094423919581,8.935475556319272,10.78271329151989,2
large,rd400_gen3_m3,off,3650,9.82472721024143,8.935475556319272,10.713978864163588,2
large,rd400_gen3_m3,off,3700,9.82472721024143,8.935475556319272,10.713978864163588,2
large,rd400_gen3_m3,off,3750,9.82472721024143,8.935475556319272,10.713978864163588,2
large,rd400_gen3_m3,off,3800,9.82472721024143,8.935475556319272,10.713978864163588,2
large,rd400_gen3_m3,off,3850,9.82472721024143,8.935475556319272,10.713978864163588,2
large,rd400_gen3_m3,off,3900,9.82472721024143,8.935475556319272,10.713978864163588,2
large,rd400_gen3_m3,off,3950,9.82472721024143,8.935475556319272,10.713978864163588,2
large,rd400_gen3_m3,off,4000,9.82472721024143,8.935475556319272,10.713978864163588,2
large,rd400_gen3_m3,off,4050,9.82472721024143,8.935475556319272,10.713978864163588,2
large,rd400_gen3_m3,off,4100,9.82472721024143,8.935475556319272,10.713978864163588,2
large,rd400_gen3_m3,off,4150,9.82472721024143,8.935475556319272,10.713978864163588,2
large,rd400_gen3_m3,off,4200,9.82472721024143,8.935475556319272,10.713978864163588,2
large,rd400_gen3_m3,off,4250,9.82472721024143,8.935475556319272,10.713978864163588,2
large,rd400_gen3_m3,off,4300,9.82472721024143,8.935475556319272,10.713978864163588,2
large,rd400_gen3_m3,off,4350,9.82472721024143,8.935475556319272,10.713978864163588,2
large,rd400_gen3_m3,off,4400,9.82472721024143,8.935475556319272,10.713978864163588,2
large,rd400_gen3_m3,off,4450,9.82472721024143,8.935475556319272,10.713978864163588,2
large,rd400_gen3_m3,off,4500,9.82472721024143,8.935475556319272,10.713978864163588,2
large,rd400_gen3_m3,off,4550,9.82472721024143,8.935475556319272,10.713978864163588,2
large,rd400_gen3_m3,off,4600,9.82472721024143,8.935475556319272,10.713978864163588,2
large,rd400_gen3_m3,off,4650,9.82472721024143,8.935475556319272,10.713978864163588,2
large,rd400_gen3_m3,off,4700,9.82472721024143,8.935475556319272,10.713978864163588,2
large,rd400_gen3_m3,off,4750,9.82472721024143,8.935475556319272,10.713978864163588,2
large,rd400_gen3_m3,off,4800,9.82472721024143,8.935475556319272,10.713978864163588,2
large,rd400_gen3_m3,off,4850,9.82472721024143,8.935475556319272,10.713978864163588,2
large,rd400_gen3_m3,off,4900,9.74740097946559,8.935475556319272,10.559326402611909,2
large,rd400_gen3_m3,off,4950,9.74740097946559,8.935475556319272,10.559326402611909,2
large,rd400_gen3_m3,off,5000,9.74740097946559,8.935475556319272,10.559326402611909,2
